PERSON_ID,PERSON_TYPE,CRASH_RECORD_ID,CRASH_DATE_x,SEX,AGE,SAFETY_EQUIPMENT,PEDPEDAL_ACTION,PEDPEDAL_LOCATION,BAC_RESULT,CRASH_DATE_EST_I,POSTED_SPEED_LIMIT,WEATHER_CONDITION,LIGHTING_CONDITION,FIRST_CRASH_TYPE,TRAFFICWAY_TYPE,ALIGNMENT,ROADWAY_SURFACE_COND,CRASH_TYPE,STREET_NAME,LATITUDE,LONGITUDE,LOCATION
O1963964,BICYCLE,ea9b9f6d3328683105a9c4f69c722f271a05f5e0e948c34b3cd10c1eb5925856b308c1302c9d811f9a2764c1d241e00eeac6ebf0ff56887a0cdcfe6e2519e04e,12/07/2024 12:03:00 PM,M,56.0,HELMET NOT USED,UNKNOWN/NA,IN ROADWAY,TEST NOT OFFERED,,30,CLEAR,DAYLIGHT,PEDALCYCLIST,FOUR WAY,STRAIGHT AND LEVEL,DRY,INJURY AND / OR TOW DUE TO CRASH,TOUHY AVE,42.0118222868,-87.8067008579,POINT (-87.806700857859 42.01182228677)
O1963453,BICYCLE,657df6fb1d4ae92c494daa74b55ffee5626e5a1a74191db1484f9747d5568ef896c7bfdfbbc977a6848c4695287121317361d847f26d7e089c891f866a31e505,12/06/2024 05:00:00 PM,F,24.0,HELMET NOT USED,NO ACTION,BIKEWAY,TEST NOT OFFERED,,30,CLEAR,"DARKNESS, LIGHTED ROAD",PEDALCYCLIST,NOT DIVIDED,STRAIGHT AND LEVEL,DRY,INJURY AND / OR TOW DUE TO CRASH,ROOSEVELT RD,41.8672751219,-87.6295868269,POINT (-87.629586826906 41.867275121902)
O1963428,BICYCLE,b5e827cb63928f2205bc64b17485f366871912d9febbf4e0d752103d40b612fbc8df69b6a6cd245f3df2cdc3d06e5f4dc11800021ebe6dbeff1c0aa561364a71,12/06/2024 04:20:00 PM,M,17.0,HELMET NOT USED,NO ACTION,BIKE LANE,TEST NOT OFFERED,,30,CLEAR,DUSK,PEDALCYCLIST,NOT DIVIDED,STRAIGHT AND LEVEL,DRY,NO INJURY / DRIVE AWAY,BELMONT AVE,41.939993219,-87.6558904086,POINT (-87.655890408593 41.939993219022)
O1963050,BICYCLE,b348c15cfaa15479e788e416812e9a295069c591ad0449811b139f14513ada5f18ed1bbf2d1ae83b310528240748c2be3419f38af3620a3d6f1fca93d0a01db2,12/06/2024 08:55:00 AM,M,,BICYCLE HELMET (PEDACYCLIST INVOLVED ONLY),CROSSING - CONTROLS PRESENT (NOT AT INTERSECTION),IN ROADWAY,TEST NOT OFFERED,,30,CLEAR,DAYLIGHT,PEDALCYCLIST,DIVIDED - W/MEDIAN (NOT RAISED),STRAIGHT AND LEVEL,DRY,INJURY AND / OR TOW DUE TO CRASH,MILWAUKEE AVE,41.9316369691,-87.7118493206,POINT (-87.711849320636 41.93163696909)
O1963027,BICYCLE,cf238340d8b9481ae282e51bc416a65989f42b922dc2a5fe60bec8f3c17c9be55fa6ade091abdc32b15803fd733c2b5db4a2838ebadd6997c6932d8f6c4dcd53,12/06/2024 08:35:00 AM,M,65.0,HELMET NOT USED,NO ACTION,NOT IN ROADWAY,TEST NOT OFFERED,,35,CLEAR,DAYLIGHT,PEDALCYCLIST,NOT DIVIDED,STRAIGHT AND LEVEL,DRY,INJURY AND / OR TOW DUE TO CRASH,HARLEM AVE,41.7894779844,-87.8012782876,POINT (-87.801278287634 41.78947798436)
O1962788,BICYCLE,36a6aa5ff3a307a8039b72cea1315f87dc7a96f043fd18439a9023e3c87d01adf6a266bbca58583ad57c63a4b01447c6017ad90cdad8d9917ed07d3cade357cb,12/05/2024 06:15:00 PM,M,24.0,HELMET NOT USED,CROSSING - AGAINST SIGNAL,IN ROADWAY,TEST NOT OFFERED,,30,CLEAR,"DARKNESS, LIGHTED ROAD",PEDALCYCLIST,T-INTERSECTION,STRAIGHT AND LEVEL,DRY,INJURY AND / OR TOW DUE TO CRASH,CLARK ST,41.869057497,-87.6306228843,POINT (-87.630622884334 41.869057497035)
O1962781,BICYCLE,ae85b5fd0b2ae69c3f80f672bffb5fbf159f8aacf43b6ff6b22664e03889ce69b87f7d5ea788293634823fe2a7c1a07cfe9242c285e6e957cc6819c06a6850fa,12/05/2024 04:20:00 PM,M,35.0,HELMET NOT USED,WITH TRAFFIC,BIKE LANE,TEST NOT OFFERED,,30,CLEAR,DAYLIGHT,PEDALCYCLIST,DIVIDED - W/MEDIAN (NOT RAISED),STRAIGHT AND LEVEL,DRY,NO INJURY / DRIVE AWAY,HALSTED ST,41.863938049,-87.6466785274,POINT (-87.646678527432 41.863938049043)
O1967927,BICYCLE,7aa1348c308b3f5cd44375e5744e240c0f21fbdfdd357ef9d78e9c6bf0b9f22b8951f4dc5573670f296aa6c005a58ef5f244598f60f5d7f5f1c2dd57798acfe0,12/05/2024 03:45:00 PM,M,33.0,BICYCLE HELMET (PEDACYCLIST INVOLVED ONLY),WITH TRAFFIC,IN ROADWAY,TEST NOT OFFERED,,30,CLEAR,DAYLIGHT,PEDALCYCLIST,NOT DIVIDED,STRAIGHT AND LEVEL,DRY,NO INJURY / DRIVE AWAY,CORTLAND ST,41.916996073,-87.6645967198,POINT (-87.664596719822 41.916996072967)
O1962453,BICYCLE,49b52c32238491b60eab55244efc0b0718e9d1c563a147fa34325b8e1a77168f1c5c8fd5d3d4d5052ae82a1c28ce279cc3f872ea952f0269c09f928bea7fd22a,12/05/2024 10:04:00 AM,M,33.0,HELMET NOT USED,CROSSING - WITH SIGNAL,IN ROADWAY,TEST NOT OFFERED,,30,CLEAR,DAYLIGHT,PEDALCYCLIST,FOUR WAY,STRAIGHT AND LEVEL,DRY,NO INJURY / DRIVE AWAY,DAMEN AVE,41.9688451817,-87.6793347247,POINT (-87.679334724736 41.968845181711)
O1962314,BICYCLE,c77e1611f052c27f38860ee4fef8c458ffbfa2acec5a7eb4809f63126ea3013f5a44909cd9f30bc13c2bdfe6e61263ded7f778f1351ec911bec4a07f8cf4fbe1,12/05/2024 04:00:00 AM,M,38.0,HELMET NOT USED,WITH TRAFFIC,IN ROADWAY,,,30,CLEAR,"DARKNESS, LIGHTED ROAD",PEDALCYCLIST,FOUR WAY,STRAIGHT AND LEVEL,DRY,NO INJURY / DRIVE AWAY,KEDZIE AVE,41.9594527181,-87.7083393206,POINT (-87.708339320628 41.959452718133)
O1962198,NON-MOTOR VEHICLE,1bdb7c84bc80f003651526edcb464562c2ead719b2707a878e46ddf71cb4e42dadbcfb9cbbb8a9971347911ddf52738d00e77230c58be8fe3d3fadb74d49e93f,12/04/2024 07:00:00 PM,,,,,,,,30,CLEAR,"DARKNESS, LIGHTED ROAD",FIXED OBJECT,DIVIDED - W/MEDIAN BARRIER,"CURVE, LEVEL",DRY,NO INJURY / DRIVE AWAY,DR MARTIN LUTHER KING JR DR,41.8490812523,-87.6177719561,POINT (-87.617771956092 41.849081252299)
O1961983,BICYCLE,5339fb774c095fdd827a0fd7c365b6ed1eb0839d6b1673ead2e2d15bf0087cc6e2eba08c3838c87df9139320acd7f04f99235aa5d6364e436d188c63ab1bb63a,12/04/2024 02:35:00 PM,M,77.0,BICYCLE HELMET (PEDACYCLIST INVOLVED ONLY),CROSSING - NO CONTROLS (NOT AT INTERSECTION),IN ROADWAY,TEST NOT OFFERED,,10,CLOUDY/OVERCAST,DAYLIGHT,PEDALCYCLIST,ALLEY,STRAIGHT AND LEVEL,DRY,INJURY AND / OR TOW DUE TO CRASH,39TH PL,41.8218503693,-87.6906111517,POINT (-87.690611151663 41.82185036933)
O1961922,NON-MOTOR VEHICLE,a9b8ea6c347f43b35142174526c096e45a1056785c60ca7f91a7d934c4a88fa5c78c0cd23f6c70d6ff8df69b5792bfd339e9062e4760f1e0050bdb642f381142,12/04/2024 01:00:00 PM,X,,NONE PRESENT,,,TEST NOT OFFERED,Y,30,CLOUDY/OVERCAST,DAYLIGHT,ANIMAL,NOT DIVIDED,STRAIGHT AND LEVEL,DRY,INJURY AND / OR TOW DUE TO CRASH,NORTH AVE,41.9091550764,-87.7746829701,POINT (-87.774682970066 41.909155076448)
O1961721,BICYCLE,ee6dcfcb3b1d077c9589fb95e63f694fc854c205b2f44f8213e01fc04545587d7cd8d536d955c049f7c4d357bd8fcf8685628447c2cd7941e417b7cd6d82b40a,12/04/2024 08:25:00 AM,M,20.0,HELMET NOT USED,WITH TRAFFIC,IN ROADWAY,TEST NOT OFFERED,,20,CLEAR,DAYLIGHT,PEDALCYCLIST,NOT DIVIDED,STRAIGHT AND LEVEL,DRY,INJURY AND / OR TOW DUE TO CRASH,HIRSCH ST,41.9068419164,-87.683134088,POINT (-87.683134088005 41.906841916448)
O1961709,BICYCLE,a6ee38d71f4871cdd8cb7f800fc206c3f29e29e38795d12a18f56ff6258f1a50f281b0f3cf85d58da4c287413220a52e8bdb5243979550cf1aacc5fac114219a,12/04/2024 08:20:00 AM,M,63.0,HELMET NOT USED,AGAINST TRAFFIC,IN ROADWAY,TEST NOT OFFERED,,30,CLEAR,DAYLIGHT,PEDALCYCLIST,NOT DIVIDED,STRAIGHT AND LEVEL,DRY,INJURY AND / OR TOW DUE TO CRASH,HALSTED ST,41.8507832866,-87.6465847471,POINT (-87.646584747116 41.85078328657)
O1961623,NON-MOTOR VEHICLE,0142dd62c43c9bda0bac87811ef91318645b20206caa30ed6d9ac24ce1f23d8113b406963148ab016ea0153ebd31342c71c17ffdaae36690362a347fc16249fb,12/04/2024 12:05:00 AM,,,,,,,,35,CLEAR,"DARKNESS, LIGHTED ROAD",FIXED OBJECT,OTHER,STRAIGHT AND LEVEL,DRY,NO INJURY / DRIVE AWAY,CENTRAL AVE,41.8841395322,-87.7648506391,POINT (-87.764850639074 41.884139532224)
O1961618,BICYCLE,e05ec6d8862bc5e7d3e7e455a47465308af5eb191ee18003bd3b41a7611ee2476b1d0c85901b8ed22b7890de42b6641503a3ee4c40b5fe339e92becca643f7f9,12/03/2024 09:40:00 PM,M,,HELMET NOT USED,UNKNOWN/NA,UNKNOWN/NA,TEST NOT OFFERED,,30,CLEAR,"DARKNESS, LIGHTED ROAD",PEDALCYCLIST,NOT DIVIDED,STRAIGHT AND LEVEL,DRY,NO INJURY / DRIVE AWAY,WILSON AVE,41.9650211007,-87.6860140292,POINT (-87.686014029226 41.965021100745)
O1961433,BICYCLE,99a21d9b0f92edddc5661e116a13203906b310bab40e49c31cebe4198633d04101bc7c825da1399bed5f70d34ab988c7131b85d8925764bae5beee069b0170fa,12/03/2024 05:05:00 PM,M,51.0,BICYCLE HELMET (PEDACYCLIST INVOLVED ONLY),WITH TRAFFIC,BIKEWAY,TEST NOT OFFERED,,35,CLEAR,"DARKNESS, LIGHTED ROAD",PEDALCYCLIST,DIVIDED - W/MEDIAN (NOT RAISED),STRAIGHT AND LEVEL,DRY,INJURY AND / OR TOW DUE TO CRASH,DIVERSEY AVE,41.9319209821,-87.7076576609,POINT (-87.707657660886 41.931920982119)
O1961445,BICYCLE,81e5f7d329c82c2d1b19e7279bcb609334df3c98afa0e6524996f4eee255aa5b09d413a3403f8bf00c717e2fc18918e30cfd9bc015b75abc24a276fa0700e403,12/03/2024 04:10:00 PM,M,64.0,HELMET NOT USED,CROSSING - WITH SIGNAL,IN ROADWAY,TEST NOT OFFERED,,30,CLEAR,DAYLIGHT,PEDALCYCLIST,"FIVE POINT, OR MORE",STRAIGHT AND LEVEL,DRY,INJURY AND / OR TOW DUE TO CRASH,SOUTH CHICAGO AVE,41.759318146,-87.5962417158,POINT (-87.596241715766 41.759318146019)
O1961146,BICYCLE,e79127f759cffac273a7e97662ac173e4bca2501225d6a341f211ba739e5bb2ffe30c78883ffe9767fbf8b604332c7e780ff0a0861d34ac463c46286b5f8f687,12/03/2024 11:00:00 AM,M,27.0,BICYCLE HELMET (PEDACYCLIST INVOLVED ONLY),WITH TRAFFIC,IN ROADWAY,TEST NOT OFFERED,,30,CLEAR,DAYLIGHT,PEDALCYCLIST,DIVIDED - W/MEDIAN (NOT RAISED),STRAIGHT AND LEVEL,DRY,INJURY AND / OR TOW DUE TO CRASH,DAMEN AVE,41.9238472567,-87.6776964599,POINT (-87.677696459893 41.92384725667)
O1960805,BICYCLE,9f845fb9de467ac5a99720d7f90dd074d22c7a7d8a379c76fd9d8aefa6bc15e9dfdc7cf9843c4239b9aa5749b444ae58009dae59266aa5d9068cc2b218fb1584,12/02/2024 06:40:00 PM,M,55.0,HELMET NOT USED,CROSSING - CONTROLS PRESENT (NOT AT INTERSECTION),IN CROSSWALK,TEST NOT OFFERED,,30,CLEAR,"DARKNESS, LIGHTED ROAD",PEDALCYCLIST,PARKING LOT,STRAIGHT AND LEVEL,DRY,INJURY AND / OR TOW DUE TO CRASH,ARCHER AVE,41.8395544999,-87.6620207658,POINT (-87.66202076577 41.839554499859)
O1960858,BICYCLE,263ce77a8d18e29f2347eb16f29c94effd84aeb7c993c6f708c4c4b7ef222dd81b78969e46e2ba0b3db2a91d54acf27c044aeafc20ef52389f2c0704951ac4ab,12/02/2024 06:32:00 PM,F,22.0,HELMET NOT USED,WITH TRAFFIC,IN ROADWAY,TEST NOT OFFERED,,30,CLEAR,"DARKNESS, LIGHTED ROAD",PEDALCYCLIST,NOT DIVIDED,STRAIGHT AND LEVEL,DRY,INJURY AND / OR TOW DUE TO CRASH,SHEFFIELD AVE,41.9240397604,-87.6537095239,POINT (-87.653709523858 41.924039760442)
O1960696,BICYCLE,304b0e74a6ba0f1fb99007199c6a602844e392afe511f108648117e621392e47db3022b233af70c60de5209807036ae93249a073d38f88bb80f65015a2af7a76,12/02/2024 03:45:00 PM,M,24.0,BICYCLE HELMET (PEDACYCLIST INVOLVED ONLY),CROSSING - NO CONTROLS (AT INTERSECTION),BIKE LANE,TEST NOT OFFERED,,35,CLEAR,DAYLIGHT,PEDALCYCLIST,NOT DIVIDED,STRAIGHT AND LEVEL,DRY,INJURY AND / OR TOW DUE TO CRASH,DESPLAINES ST,41.8865619418,-87.6444173129,POINT (-87.644417312884 41.886561941792)
O1960532,BICYCLE,3da525a00858048d92ab8845f1dfbc88b59f5c79ad5274b497d7ae180b8faa402e7c0c10b63f2e118515b11c5e3e158b561b068976f764880892da30896421e5,12/02/2024 10:07:00 AM,M,73.0,HELMET NOT USED,NO ACTION,UNKNOWN/NA,TEST NOT OFFERED,,30,CLOUDY/OVERCAST,DAYLIGHT,OTHER OBJECT,OTHER,STRAIGHT AND LEVEL,OTHER,INJURY AND / OR TOW DUE TO CRASH,ARCHER AVE,41.8238293681,-87.6886002206,POINT (-87.68860022061 41.82382936811)
O1960151,BICYCLE,a97363ea295b50827e4cab28a7295d0f1d8690fe0b527ff798ab0ec46e27e9ced0e4c759681e26dca897896bb1d0bf0b57808ce3c6432a786bcb574d3c54cbf5,12/01/2024 02:34:00 PM,M,15.0,HELMET NOT USED,CROSSING - NO CONTROLS (AT INTERSECTION),IN ROADWAY,TEST NOT OFFERED,,35,CLEAR,DAYLIGHT,PEDALCYCLIST,T-INTERSECTION,STRAIGHT AND LEVEL,DRY,INJURY AND / OR TOW DUE TO CRASH,EAST RIVER RD,41.9706661679,-87.846689669,POINT (-87.846689668953 41.970666167861)
O1959133,BICYCLE,17aca4e66df0b7775a778b27b71202cfe50e6c3fce664f1526d8934493bc06dc2c1507474b77b45746c568f615644c453a9a1901221f9f9b2654d1f8ccf50c92,11/29/2024 02:30:00 PM,M,,HELMET NOT USED,CROSSING - WITH SIGNAL,IN CROSSWALK,TEST NOT OFFERED,,35,CLEAR,DAYLIGHT,PEDALCYCLIST,DIVIDED - W/MEDIAN (NOT RAISED),STRAIGHT AND LEVEL,DRY,INJURY AND / OR TOW DUE TO CRASH,HALSTED ST,41.7523634055,-87.6442348064,POINT (-87.644234806419 41.752363405524)
O1959220,BICYCLE,db3ddf5193ebff3afa38272897a4a0cfd4189b6b9a6d6a0e06f49ab28ee451b6b9f7e809b4564f833a70e7c9f22369531a8b0e95014f93576c4496b4ed03e57b,11/29/2024 01:45:00 PM,X,33.0,HELMET NOT USED,WITH TRAFFIC,BIKE LANE,TEST NOT OFFERED,,30,CLEAR,UNKNOWN,PEDALCYCLIST,UNKNOWN INTERSECTION TYPE,STRAIGHT AND LEVEL,DRY,INJURY AND / OR TOW DUE TO CRASH,AUGUSTA BLVD,41.8996687205,-87.6766740488,POINT (-87.676674048765 41.899668720504)
O1958807,BICYCLE,a564de3b24781b94ec5c896b6e6b7a0c7c213bc5506341e8c345fdfd67ab1b4e92bedfd36dfca9d8b09c306a75c43e898383136ebc8d3f586c008ecc29dc770e,11/28/2024 07:04:00 PM,M,,HELMET NOT USED,AGAINST TRAFFIC,IN ROADWAY,TEST NOT OFFERED,,30,CLEAR,"DARKNESS, LIGHTED ROAD",PEDALCYCLIST,ONE-WAY,STRAIGHT AND LEVEL,DRY,INJURY AND / OR TOW DUE TO CRASH,MONROE ST,41.8798702767,-87.7257615985,POINT (-87.725761598533 41.87987027666)
O1958667,BICYCLE,185edd99c54ecd6e64ee81e250d79d41d7e4a5d861fa018d75ad5ed3b8c4e5e483fff57a8afa5c3aa7ffa19c67672760c9d25c81bd1030454c9b0739c81b8c1d,11/28/2024 12:20:00 PM,F,32.0,HELMET NOT USED,TURNING LEFT,BIKEWAY,TEST NOT OFFERED,,25,CLEAR,DAYLIGHT,PEDALCYCLIST,NOT DIVIDED,STRAIGHT AND LEVEL,DRY,NO INJURY / DRIVE AWAY,TOUHY AVE,42.012906109,-87.665433043,POINT (-87.665433042958 42.012906109022)
O1958561,BICYCLE,1d1d08603200a321c19c7ce03757fbab4703dcffad4a7a3b54ac551a41aa355db42dfc13bf1bf8f434abd670918de9c4b4465c260f1c0103a18fdd4bf4785257,11/28/2024 03:00:00 AM,M,38.0,HELMET NOT USED,UNKNOWN/NA,BIKE LANE,TEST NOT OFFERED,,30,CLEAR,"DARKNESS, LIGHTED ROAD",PEDALCYCLIST,NOT DIVIDED,STRAIGHT AND LEVEL,DRY,INJURY AND / OR TOW DUE TO CRASH,ARMITAGE AVE,41.9174041108,-87.7156725024,POINT (-87.715672502397 41.917404110754)
O1958516,BICYCLE,ad21352bec889a7797ff5fce1ffd1472ed2ffc92bbcfca0ecb037fe3106fc959ca86929c180483c857238357eed767e454e5d22c4189581f56aac4f4b2f357b0,11/27/2024 11:47:00 PM,M,20.0,BICYCLE HELMET (PEDACYCLIST INVOLVED ONLY),WITH TRAFFIC,IN ROADWAY,TEST NOT OFFERED,,35,CLEAR,"DARKNESS, LIGHTED ROAD",PEDALCYCLIST,DIVIDED - W/MEDIAN BARRIER,STRAIGHT AND LEVEL,DRY,INJURY AND / OR TOW DUE TO CRASH,MADISON ST,41.8819998934,-87.6244116348,POINT (-87.624411634823 41.881999893424)
O1958464,BICYCLE,57a082cb66536bd74ab7a3c8e3dc96e47b98162001b89327d7b0af7d2006b5870ca2f7391ae77b81f39f694301713e2a6688886fb20f8769ad18bc6bba372124,11/27/2024 06:35:00 PM,M,62.0,HELMET NOT USED,UNKNOWN/NA,IN ROADWAY,TEST NOT OFFERED,Y,30,CLOUDY/OVERCAST,"DARKNESS, LIGHTED ROAD",PEDALCYCLIST,ONE-WAY,STRAIGHT AND LEVEL,DRY,INJURY AND / OR TOW DUE TO CRASH,HENDERSON ST,41.9411858961,-87.7857504493,POINT (-87.785750449282 41.941185896143)
O1958279,BICYCLE,b5053d1536a9b7f13d956b5a37cc2a1678d0e23ef30383c4759f9000041b9b1873ef93018c5715e0c6a58098d27ec7922e6205e4c6085dfb551ea5e42d4f1558,11/27/2024 04:11:00 PM,F,29.0,BICYCLE HELMET (PEDACYCLIST INVOLVED ONLY),WITH TRAFFIC,NOT IN ROADWAY,,,25,CLEAR,DAWN,PEDALCYCLIST,ONE-WAY,STRAIGHT AND LEVEL,DRY,NO INJURY / DRIVE AWAY,CATALPA AVE,41.9816256432,-87.6640319618,POINT (-87.66403196179 41.98162564316)
O1958271,BICYCLE,d697eae13643c18ffd2d166392509baf8688e3042fd303e62a483643ed719ace1806ce64136831b449e98f39204da18b22411aef59100588f073a07daf781d04,11/27/2024 03:22:00 PM,M,43.0,HELMET NOT USED,WITH TRAFFIC,BIKE LANE,TEST NOT OFFERED,,30,CLOUDY/OVERCAST,DAYLIGHT,PEDALCYCLIST,NOT DIVIDED,STRAIGHT AND LEVEL,DRY,NO INJURY / DRIVE AWAY,ELSTON AVE,41.9476584348,-87.7101368391,POINT (-87.710136839095 41.947658434802)
O1958115,BICYCLE,107b8e1666bd7889265692717fe1213550c148b50595c5202ae95149a148d0a9a2d9555d3060f9d0e1556418aad020601979cea806ebcf3e6c449213d83ac914,11/27/2024 11:26:00 AM,M,39.0,HELMET NOT USED,OTHER ACTION,BIKE LANE,TEST NOT OFFERED,,30,CLEAR,DAYLIGHT,PEDALCYCLIST,FOUR WAY,STRAIGHT AND LEVEL,DRY,INJURY AND / OR TOW DUE TO CRASH,STATE ST,41.8845243618,-87.627764549,POINT (-87.627764548957 41.884524361763)
O1958063,BICYCLE,e9b9d2474edd1a816fbbfc58d936c168c5cf9284e6c14cc5daccdc90d83499fd831b3e9903bb451d711764fd7b5678a699f9199e448909334075ebf7b44532c3,11/27/2024 10:25:00 AM,F,19.0,HELMET NOT USED,CROSSING - WITH SIGNAL,IN ROADWAY,TEST NOT OFFERED,,30,CLEAR,DAYLIGHT,PEDALCYCLIST,NOT DIVIDED,STRAIGHT AND LEVEL,DRY,INJURY AND / OR TOW DUE TO CRASH,ARCHER AVE,41.811598734,-87.7080697216,POINT (-87.708069721576 41.811598733971)
O1958051,BICYCLE,7fdc26ce3617eda145b3f9eee6b401a0a61dcb24520e0ef3eec3304ba6a0dbe52a03933409912980042834ff1631e4dcd64dd96fed6845d316e090b291dbc116,11/27/2024 09:00:00 AM,M,27.0,HELMET NOT USED,WITH TRAFFIC,BIKEWAY,TEST NOT OFFERED,,30,CLEAR,DAYLIGHT,PEDALCYCLIST,NOT DIVIDED,STRAIGHT AND LEVEL,DRY,INJURY AND / OR TOW DUE TO CRASH,ARMITAGE AVE,41.9175604532,-87.701242034,POINT (-87.701242034011 41.91756045324)
O1958007,NON-MOTOR VEHICLE,de3dcc9258ad15ed5404598dc4f300b877b95574840721778516e76291b9e6a48055241825a4c8cd62c67f62a7d3008b3f8f97d1b21b20c4ba80db4ab4f99952,11/27/2024 08:11:00 AM,F,35.0,BICYCLE HELMET (PEDACYCLIST INVOLVED ONLY),AGAINST TRAFFIC,IN CROSSWALK,TEST NOT OFFERED,,30,CLEAR,DAYLIGHT,OTHER OBJECT,ONE-WAY,STRAIGHT AND LEVEL,DRY,NO INJURY / DRIVE AWAY,JEFFERSON ST,41.8762431167,-87.6423359591,POINT (-87.642335959134 41.876243116742)
O1957878,BICYCLE,b3c0b605915d072f473b5d93d01775d3b92acfebea9d5a53af2eb56d4c3d5b72da9544add79b7efd18477028cce8280ec4b8e32db8230ac382d7e4ef267533ed,11/26/2024 08:13:00 PM,M,26.0,HELMET NOT USED,NO ACTION,BIKEWAY,TEST NOT OFFERED,,30,CLEAR,"DARKNESS, LIGHTED ROAD",PEDALCYCLIST,NOT DIVIDED,STRAIGHT AND LEVEL,DRY,INJURY AND / OR TOW DUE TO CRASH,WINNEBAGO AVE,41.9145540998,-87.6852554517,POINT (-87.685255451745 41.914554099844)
O1957539,NON-MOTOR VEHICLE,a700337a1a81948ecedc8265cf5f31c301e3e1a2b54055e09b5b406aac9304b32a37145c8606e466ab3e5f6b0f0fa8389303a4131aa680bd06f982ff9735db6c,11/26/2024 11:35:00 AM,F,25.0,HELMET NOT USED,CROSSING - WITH SIGNAL,IN ROADWAY,TEST NOT OFFERED,,25,CLEAR,DAYLIGHT,OTHER OBJECT,NOT DIVIDED,"CURVE, LEVEL",DRY,INJURY AND / OR TOW DUE TO CRASH,CLARK ST,41.9296005837,-87.6430512122,POINT (-87.643051212209 41.92960058367)
O1957488,BICYCLE,4279fa638c6b60d9e45b6b12ab3e68240117273d0b84eb4f65f0fa73425443ca61b48ac8618195014f2d66569794e3155b37b329cefec3fe07ed63e107801a3d,11/26/2024 10:22:00 AM,M,18.0,BICYCLE HELMET (PEDACYCLIST INVOLVED ONLY),CROSSING - WITH SIGNAL,IN CROSSWALK,TEST NOT OFFERED,,30,CLEAR,DAYLIGHT,PEDALCYCLIST,NOT DIVIDED,STRAIGHT AND LEVEL,DRY,INJURY AND / OR TOW DUE TO CRASH,DAMEN AVE,41.8084167447,-87.6748310718,POINT (-87.67483107178 41.808416744713)
O1957208,BICYCLE,4ed17d1d39b11cf4655cbd61b497fec7bd75a7dcaa4b7a4d1220176e4c408b6acec418553fdb007eaeadadd388bb989354f596e25d30506e2e07b535558c7246,11/25/2024 06:25:00 PM,M,17.0,BICYCLE HELMET (PEDACYCLIST INVOLVED ONLY),WITH TRAFFIC,BIKEWAY,TEST NOT OFFERED,,30,CLEAR,"DARKNESS, LIGHTED ROAD",PEDALCYCLIST,NOT DIVIDED,STRAIGHT AND LEVEL,UNKNOWN,INJURY AND / OR TOW DUE TO CRASH,DIVERSEY AVE,41.9309946347,-87.7784517165,POINT (-87.77845171654 41.930994634691)
O1957169,BICYCLE,7b679441a99b0656948c8437f2448c59a1a039c22ed965519059e49f74e3e6e38e4a8f4b60f3f46d293bfaeb390d26ec8a2359836587a2b2997abec7b31040ec,11/25/2024 05:35:00 PM,M,0.0,HELMET NOT USED,AGAINST TRAFFIC,IN CROSSWALK,TEST NOT OFFERED,,35,CLEAR,"DARKNESS, LIGHTED ROAD",PEDALCYCLIST,FOUR WAY,STRAIGHT AND LEVEL,DRY,INJURY AND / OR TOW DUE TO CRASH,SUPERIOR ST,41.8950478902,-87.6671812731,POINT (-87.667181273096 41.895047890235)
O1957206,BICYCLE,539aa619ab0068492334e18eed14a780133b762103f236eac2c5d506711a4054519eabf55faf206235301c3d3b0d249687c74fd7053ab4a794abc6d1dfa2cc28,11/25/2024 05:00:00 PM,M,64.0,HELMET NOT USED,CROSSING - NO CONTROLS (AT INTERSECTION),IN ROADWAY,TEST NOT OFFERED,,30,CLEAR,"DARKNESS, LIGHTED ROAD",PEDALCYCLIST,TRAFFIC ROUTE,STRAIGHT AND LEVEL,DRY,INJURY AND / OR TOW DUE TO CRASH,NORTH AVE,41.9098323703,-87.738435922,POINT (-87.738435922004 41.909832370266)
O1978199,BICYCLE,c48e07fb541387e1123f06dabbdb9fdcbdae3c55d0fa998b2438f98e30dd6097c24b8192c3fae93c9a82a91a43ac441ba86030b22997407b1645cd655519467c,11/25/2024 04:22:00 PM,M,14.0,HELMET NOT USED,PARKED VEHICLE,IN ROADWAY,TEST NOT OFFERED,,30,CLEAR,"DARKNESS, LIGHTED ROAD",PEDALCYCLIST,PARKING LOT,STRAIGHT AND LEVEL,DRY,NO INJURY / DRIVE AWAY,JEFFERY BLVD,41.7733602196,-87.5763454887,POINT (-87.576345488656 41.77336021958)
O1956602,BICYCLE,c367ea196277e13e5e22d8a7bd534104d64adec634eea32c5de6db40c0963386ddba133339fc545cfd504f2945f290eee2364e46cd8f5221bfb655dd99d8520b,11/24/2024 05:10:00 PM,M,25.0,HELMET NOT USED,OTHER ACTION,IN CROSSWALK,TEST NOT OFFERED,,30,CLEAR,DARKNESS,PEDALCYCLIST,FOUR WAY,STRAIGHT AND LEVEL,DRY,INJURY AND / OR TOW DUE TO CRASH,BALMORAL AVE,41.9800800634,-87.6600345477,POINT (-87.660034547715 41.980080063423)