PERSON_ID,PERSON_TYPE,CRASH_RECORD_ID,CRASH_DATE_x,SEX,AGE,SAFETY_EQUIPMENT,PEDPEDAL_ACTION,PEDPEDAL_LOCATION,BAC_RESULT,CRASH_DATE_EST_I,POSTED_SPEED_LIMIT,WEATHER_CONDITION,LIGHTING_CONDITION,FIRST_CRASH_TYPE,TRAFFICWAY_TYPE,ALIGNMENT,ROADWAY_SURFACE_COND,CRASH_TYPE,STREET_NAME,LATITUDE,LONGITUDE,LOCATION
O1956366,BICYCLE,4001185a9e1897df0bfcb4d701015c503e9b3c9c59d831de5f0ab2ba33f0dff31e580bdb9e20517b724ef1bd453c9cc8ff3ad26b401468334910deaff8123be8,11/24/2024 10:17:00 AM,M,24.0,HELMET NOT USED,CROSSING - NO CONTROLS (AT INTERSECTION),IN ROADWAY,TEST NOT OFFERED,,30,CLEAR,DAYLIGHT,PEDALCYCLIST,FOUR WAY,STRAIGHT AND LEVEL,DRY,INJURY AND / OR TOW DUE TO CRASH,ALBION AVE,42.0007268268,-87.8072339753,POINT (-87.807233975276 42.00072682683)
O1956044,BICYCLE,68463d8d44fdff5629b1e4ca17801e7e94746124a5325d58f521bb71e3c244a1d49abb2e8dd252b4150f4de6afa0a869e86b5c4f1c91ba74dd35720570baa2f8,11/23/2024 04:47:00 PM,F,29.0,HELMET NOT USED,CROSSING - WITH SIGNAL,IN ROADWAY,TEST NOT OFFERED,,25,CLEAR,DUSK,PEDALCYCLIST,OTHER,STRAIGHT AND LEVEL,DRY,INJURY AND / OR TOW DUE TO CRASH,SAWYER AVE,41.9392314667,-87.7086911136,POINT (-87.708691113619 41.939231466659)
O1955553,BICYCLE,e6920224a5eb97523d066329f5f61c02b679202daba4ac7ea77e3c4101832b71e3e7476b30b703a4a0225c99b486ec15c033e8e92db745d821ba363a465bb9f7,11/23/2024 12:25:00 AM,M,36.0,BICYCLE HELMET (PEDACYCLIST INVOLVED ONLY),CROSSING - WITH SIGNAL,BIKE LANE,TEST NOT OFFERED,,30,CLOUDY/OVERCAST,"DARKNESS, LIGHTED ROAD",PEDALCYCLIST,FOUR WAY,STRAIGHT AND LEVEL,UNKNOWN,INJURY AND / OR TOW DUE TO CRASH,MILWAUKEE AVE,41.9248167406,-87.7002344981,POINT (-87.700234498111 41.924816740608)
O1955554,BICYCLE,5c076008f79500a4a95ae7270c3cd797ff8165c64e8dd385f372450868ce0cf37b43a8ce2539b604d8db5ba3fba2e87c1f357f8c2d11372ed325b130ad7ccd1d,11/22/2024 11:34:00 PM,M,48.0,HELMET NOT USED,OTHER ACTION,IN ROADWAY,TEST NOT OFFERED,,30,CLEAR,"DARKNESS, LIGHTED ROAD",PEDALCYCLIST,NOT DIVIDED,STRAIGHT AND LEVEL,DRY,INJURY AND / OR TOW DUE TO CRASH,PAULINA ST,41.7884938243,-87.6670165016,POINT (-87.667016501623 41.788493824299)
O1955518,BICYCLE,c7e79a30699af74a55b35534316b9d5cc1ede74d3a3d3fb3811c67c996c80943eef23220ebe1cdbdae3730cf777074ebbce315671f0c11b60bb170addbe6bc96,11/22/2024 08:50:00 PM,M,37.0,HELMET NOT USED,CROSSING - WITH SIGNAL,BIKE LANE,TEST NOT OFFERED,,30,CLEAR,"DARKNESS, LIGHTED ROAD",PEDALCYCLIST,NOT DIVIDED,STRAIGHT AND LEVEL,DRY,INJURY AND / OR TOW DUE TO CRASH,CLARK ST,41.8550754997,-87.6300108465,POINT (-87.630010846525 41.855075499719)
O1955394,BICYCLE,e2a8c23b1391dff1b44f197438a31f2a18939940c251128455d4c1872e55b502a16be597d086e3ec5c4db739edbe4e99d228813d958d8431292d3c525a614799,11/22/2024 06:41:00 PM,M,30.0,HELMET NOT USED,WITH TRAFFIC,BIKEWAY,TEST NOT OFFERED,,30,CLEAR,"DARKNESS, LIGHTED ROAD",PEDALCYCLIST,NOT DIVIDED,STRAIGHT AND LEVEL,DRY,INJURY AND / OR TOW DUE TO CRASH,DAMEN AVE,41.941673148,-87.6785575224,POINT (-87.678557522404 41.941673148006)
O1955237,NON-MOTOR VEHICLE,3e0898831041413e0532740272df78b815b7cf5ec8355b0d3a027bf1c64558a369f51af54060948a54d76dca24b4bad505549fa1355e0c5ccd9ee8bcb55f9679,11/22/2024 03:53:00 PM,,,,,,,,30,CLEAR,DAYLIGHT,FIXED OBJECT,DIVIDED - W/MEDIAN BARRIER,STRAIGHT AND LEVEL,WET,INJURY AND / OR TOW DUE TO CRASH,BRYN MAWR AVE,41.9834340298,-87.6748085513,POINT (-87.674808551311 41.983434029767)
O1954754,BICYCLE,f676f3859e18020bd9fa0835b42d175bb07b35ba13e35f2d988055b939c788a5bcf84d1e3bfacb047df828bf46eb84022a6cd1941b69fc9dc64e31d65c1cdaa2,11/21/2024 08:17:00 PM,M,47.0,HELMET NOT USED,WITH TRAFFIC,BIKEWAY,TEST NOT OFFERED,,30,RAIN,"DARKNESS, LIGHTED ROAD",PEDALCYCLIST,NOT DIVIDED,STRAIGHT AND LEVEL,WET,INJURY AND / OR TOW DUE TO CRASH,MILWAUKEE AVE,41.90282089,-87.665870353,POINT (-87.665870353027 41.902820889995)
O1954614,BICYCLE,fbf1e88fc47022d3746200fa7b52868f4004733753f17a4332e4ef7293a546bbc19001a8d93a03d05d275ef75c0d8807e5f697b9a92900dfa664b09c5ecd44a0,11/21/2024 05:13:00 PM,M,59.0,HELMET NOT USED,CROSSING - AGAINST SIGNAL,IN ROADWAY,TEST NOT OFFERED,,25,RAIN,DUSK,PEDALCYCLIST,FOUR WAY,STRAIGHT AND LEVEL,SNOW OR SLUSH,INJURY AND / OR TOW DUE TO CRASH,VAN BUREN ST,41.8768609104,-87.6411031421,POINT (-87.641103142092 41.876860910384)
O1954502,BICYCLE,991c91b13d3d2029fbb2b7865806842af53848dbc0d90f2d2f4189449351600cc927d2dc77004cf90ae57407a49549ae3d8d71cce7f729fd1f22e29de1522db0,11/21/2024 04:22:00 PM,M,57.0,HELMET NOT USED,UNKNOWN/NA,IN ROADWAY,TEST NOT OFFERED,,30,SNOW,"DARKNESS, LIGHTED ROAD",PEDALCYCLIST,DIVIDED - W/MEDIAN (NOT RAISED),STRAIGHT AND LEVEL,WET,INJURY AND / OR TOW DUE TO CRASH,FOSTER AVE,41.9760406628,-87.671108262,POINT (-87.671108262043 41.97604066284)
O1953541,BICYCLE,311cac20e7380ea6219dc1412b114f1267c93e7f8c7bb185c2313ab060fe147fff59c796ebe8c764022f0d45f64e1410315736eafbc6be273aba7378b8cc272e,11/20/2024 05:00:00 PM,M,55.0,BICYCLE HELMET (PEDACYCLIST INVOLVED ONLY),WITH TRAFFIC,IN ROADWAY,TEST NOT OFFERED,,30,RAIN,"DARKNESS, LIGHTED ROAD",PEDALCYCLIST,NOT DIVIDED,STRAIGHT AND LEVEL,WET,INJURY AND / OR TOW DUE TO CRASH,ADDISON ST,41.9471561878,-87.6653769234,POINT (-87.665376923357 41.947156187784)
O1953466,BICYCLE,cd70a5854dceb2c37bc90593fba7c3acc57777295962b2fc8cc0ae3b4492c5c7529be54bff9a363e6e4de051ef98bd6c1b3df26f8d52bdd66cb1e4ec116d52f6,11/20/2024 01:55:00 PM,F,35.0,BICYCLE HELMET (PEDACYCLIST INVOLVED ONLY),WITH TRAFFIC,BIKEWAY,TEST NOT OFFERED,,30,CLEAR,DAYLIGHT,PEDALCYCLIST,NOT DIVIDED,STRAIGHT AND LEVEL,DRY,INJURY AND / OR TOW DUE TO CRASH,KOSTNER AVE,41.9609168841,-87.7385752933,POINT (-87.738575293291 41.960916884054)
O1953411,BICYCLE,1107c86ddb0817ed4b4c19f00e811e9c5cf7cae6f9dee11c5f775c37988b60932c6aa6a76b58f7e0470dec94e325b8cf18f4579004b67ee4e66f78f67798904a,11/20/2024 01:39:00 PM,M,44.0,HELMET NOT USED,UNKNOWN/NA,BIKE LANE,TEST NOT OFFERED,,30,RAIN,DAWN,PEDALCYCLIST,DIVIDED - W/MEDIAN BARRIER,STRAIGHT AND LEVEL,WET,INJURY AND / OR TOW DUE TO CRASH,63RD ST,41.7789866291,-87.6947531059,POINT (-87.69475310591 41.778986629102)
O1953175,BICYCLE,b3051607f8e4971e57929024a601b8f9dafbbfe7838082bca5b11e663e11c14f4fca6de474347f14e1fc4e4467bcc2ad66f83d4571565c46cf4780c831fac540,11/20/2024 09:02:00 AM,M,56.0,HELMET NOT USED,CROSSING - AGAINST SIGNAL,IN ROADWAY,TEST NOT OFFERED,,30,CLEAR,DAYLIGHT,PEDALCYCLIST,FOUR WAY,STRAIGHT AND LEVEL,DRY,NO INJURY / DRIVE AWAY,ARMITAGE AVE,41.9171793684,-87.7339493012,POINT (-87.733949301158 41.917179368388)
O1953264,BICYCLE,ee6a500cd70ae04271467a07b98496ba278f62066a65ae02c751021d663b25c4ce84944475b9821b99d46d0a9a5c8502af7f3e0284a0f7b2b66ce044b782c662,11/20/2024 08:30:00 AM,F,48.0,HELMET NOT USED,TURNING LEFT,IN ROADWAY,TEST NOT OFFERED,,30,CLEAR,DAYLIGHT,PEDALCYCLIST,DIVIDED - W/MEDIAN (NOT RAISED),STRAIGHT AND LEVEL,DRY,NO INJURY / DRIVE AWAY,WACKER DR,41.8867096667,-87.629303031,POINT (-87.629303030993 41.886709666707)
O1953084,BICYCLE,649347061a8cd8add8e21a9bed6cf17981fcb3488c7faee38bc8a42eaee379f03d6398246648a1c64fb5fa864afb3c9c625e33da3dca7d7b3f4969f7b0efa22f,11/20/2024 07:00:00 AM,M,,BICYCLE HELMET (PEDACYCLIST INVOLVED ONLY),UNKNOWN/NA,IN ROADWAY,TEST NOT OFFERED,,30,RAIN,DAYLIGHT,PEDALCYCLIST,NOT DIVIDED,STRAIGHT AND LEVEL,WET,NO INJURY / DRIVE AWAY,DEVON AVE,41.9973656533,-87.7676204298,POINT (-87.767620429769 41.997365653328)
O1962378,BICYCLE,3f03d9ddd048de10c18ae9ecaacb0a52ab13b1e666b521794efb31db17c6fd7ad34251421d5adcb3d5f84714f8d85a5992d58bd217424d9f7d7debfbc2c3d4df,11/19/2024 10:40:00 PM,M,26.0,BICYCLE HELMET (PEDACYCLIST INVOLVED ONLY),NO ACTION,IN ROADWAY,TEST NOT OFFERED,,30,CLEAR,"DARKNESS, LIGHTED ROAD",PEDALCYCLIST,DIVIDED - W/MEDIAN (NOT RAISED),STRAIGHT AND LEVEL,DRY,INJURY AND / OR TOW DUE TO CRASH,ARMITAGE AVE,41.9168669028,-87.7422214645,POINT (-87.742221464532 41.916866902844)
O1952445,BICYCLE,c93a1801adfedb99b7799a24221ad298c5b2c407f12abc161aa1c4d7a5d75d810b68deae3e93354482b9dcd490775da10dce8bf596a4bfe614f77631b725ad5b,11/19/2024 07:25:00 AM,M,15.0,BICYCLE HELMET (PEDACYCLIST INVOLVED ONLY),NO ACTION,IN ROADWAY,TEST NOT OFFERED,,25,CLOUDY/OVERCAST,DAYLIGHT,PEDALCYCLIST,T-INTERSECTION,STRAIGHT AND LEVEL,DRY,NO INJURY / DRIVE AWAY,CARMEN AVE,41.9731220788,-87.7171039142,POINT (-87.717103914231 41.973122078781)
O1952387,BICYCLE,a05ca570a85f50333081e08c9f98ad68dcdf9ef591ff1a86816765119b73c5899f4f1ebb53301ae5d314022ef64c867a8dc70bfafd602e524ec951751ba62fe8,11/19/2024 06:45:00 AM,F,31.0,HELMET NOT USED,WITH TRAFFIC,IN ROADWAY,TEST NOT OFFERED,,30,CLEAR,DAWN,PEDALCYCLIST,DIVIDED - W/MEDIAN (NOT RAISED),STRAIGHT AND LEVEL,DRY,INJURY AND / OR TOW DUE TO CRASH,ASHLAND AVE,41.8853896601,-87.666825816,POINT (-87.666825816005 41.88538966011)
O1952361,BICYCLE,4abcfa34e343d13745bd5308d5bc617f171b78c5cb6510ffa9b65cc962965e873b396a311eb7f3e31b9ffcdbd09c09406198e225f33ebbbae492f5dc8b83906c,11/19/2024 05:55:00 AM,M,23.0,BICYCLE HELMET (PEDACYCLIST INVOLVED ONLY),CROSSING - WITH SIGNAL,IN CROSSWALK,TEST NOT OFFERED,,30,RAIN,"DARKNESS, LIGHTED ROAD",PEDALCYCLIST,FOUR WAY,STRAIGHT AND LEVEL,WET,INJURY AND / OR TOW DUE TO CRASH,CICERO AVE,41.7490650565,-87.741203904,POINT (-87.741203904025 41.749065056465)
O1952296,NON-MOTOR VEHICLE,68c20c764bcdc28d5aeb2c85bc47d59d0f70933da2e24da83ef39ea2f6397121c6ad38b55b70737bc32b2aeb1c7a8112425cca4c5f48f690ec663174e868aa20,11/18/2024 09:55:00 PM,M,54.0,NONE PRESENT,,,TEST NOT OFFERED,,30,RAIN,"DARKNESS, LIGHTED ROAD",FIXED OBJECT,NOT DIVIDED,STRAIGHT AND LEVEL,WET,INJURY AND / OR TOW DUE TO CRASH,HURON ST,41.8935109221,-87.7167767571,POINT (-87.71677675715 41.893510922064)
O1967721,BICYCLE,650296cded716165a0c7f8a259eb9f661fc00e37d241dacba84555ab613cd4c71c74363f62d687fa401f53bbc2a9a470c75c131a7c6ee1bf73eb038fcfd049ab,11/18/2024 04:30:00 PM,F,23.0,BICYCLE HELMET (PEDACYCLIST INVOLVED ONLY),CROSSING - CONTROLS PRESENT (NOT AT INTERSECTION),BIKE LANE,TEST NOT OFFERED,,30,RAIN,"DARKNESS, LIGHTED ROAD",PEDALCYCLIST,T-INTERSECTION,STRAIGHT AND LEVEL,WET,INJURY AND / OR TOW DUE TO CRASH,MILWAUKEE AVE,41.9152540794,-87.6847664863,POINT (-87.684766486344 41.915254079423)
O1951742,BICYCLE,b74b405c20bec8cfc70dddf97a3a2b4e045dbc07c9a3e3d47a3ce65b06b02dd479bb277d0aa24b6a247ad2e80038caffa8e119c29785f59a1151bd0bd02da649,11/18/2024 11:24:00 AM,F,54.0,BICYCLE HELMET (PEDACYCLIST INVOLVED ONLY),WITH TRAFFIC,IN ROADWAY,TEST NOT OFFERED,,30,RAIN,DAYLIGHT,PEDALCYCLIST,NOT DIVIDED,STRAIGHT AND LEVEL,WET,INJURY AND / OR TOW DUE TO CRASH,CHICAGO AVE,41.8964631165,-87.6498475853,POINT (-87.649847585291 41.896463116481)
O1951352,BICYCLE,958d8bd01461a21235610a7b8b1f0c0650f063ef1c89d514f0e827472bdc6c79ca9ed25294ccf90137736eea8e8efcbf2f3759ffceec5e59535dd5dd589f0a11,11/17/2024 06:50:00 PM,M,18.0,HELMET NOT USED,NO ACTION,BIKE LANE,TEST NOT OFFERED,,30,CLEAR,"DARKNESS, LIGHTED ROAD",PEDALCYCLIST,NOT DIVIDED,STRAIGHT AND LEVEL,DRY,NO INJURY / DRIVE AWAY,HALSTED ST,41.8371097248,-87.6464003305,POINT (-87.646400330543 41.837109724753)
O1951467,NON-MOTOR VEHICLE,24f54b7e1178f7a7d79d15d7c50fb8f5e5bf26fab6db5c9a75eda1c7dc1f1e937a13bcb3cdc48327d81e47c0fba34897e6ff66f491c4dc6e826f85049b6a4310,11/17/2024 04:54:00 PM,F,74.0,NONE PRESENT,,,"TEST PERFORMED, RESULTS UNKNOWN",,10,CLEAR,DARKNESS,FIXED OBJECT,ALLEY,STRAIGHT AND LEVEL,DRY,NO INJURY / DRIVE AWAY,MULLIGAN AVE,41.9231273185,-87.7843518322,POINT (-87.784351832199 41.923127318473)
O1951143,NON-MOTOR VEHICLE,b8bced7d7775762745bc5d0e68a37c9b473f00d22b1bfcd250d396e23d0c18f95d6bc69f9e54e4a31ce616c96beef2b88a756f0f692a6612f429fd1a036a2e63,11/17/2024 12:00:00 PM,M,17.0,HELMET NOT USED,NO ACTION,IN ROADWAY,TEST NOT OFFERED,,25,CLEAR,DAYLIGHT,OTHER OBJECT,ONE-WAY,STRAIGHT AND LEVEL,DRY,INJURY AND / OR TOW DUE TO CRASH,RAVENSWOOD AVE,41.9625243635,-87.6738562705,POINT (-87.673856270546 41.962524363544)
O1951302,BICYCLE,8ccebb84ce975dca99238df084d7fd4187ae5d31afabefb79d1fa2d643d82a69bf417d5b5b5b73df994f7366e34bdace960dc63793fbed96cb719c09e5821594,11/17/2024 08:54:00 AM,X,,HELMET NOT USED,CROSSING - WITH SIGNAL,IN CROSSWALK,TEST NOT OFFERED,,30,CLOUDY/OVERCAST,DAYLIGHT,PEDALCYCLIST,FOUR WAY,STRAIGHT AND LEVEL,DRY,NO INJURY / DRIVE AWAY,DEVON AVE,41.9980665531,-87.6770053377,POINT (-87.6770053377 41.998066553138)
O1950817,BICYCLE,8cb811c13668d2a4b6ed9f595dbcd2d82f256a03de4ae84271288948cf5f1b543f5f85bba71887ea3e7ddebf5a0d6d5fda5bc81ab33c67b2e378b97e8e6af3c0,11/16/2024 08:00:00 PM,F,32.0,HELMET NOT USED,WITH TRAFFIC,BIKE LANE,TEST NOT OFFERED,,23,CLEAR,"DARKNESS, LIGHTED ROAD",PEDALCYCLIST,DIVIDED - W/MEDIAN (NOT RAISED),STRAIGHT AND LEVEL,DRY,INJURY AND / OR TOW DUE TO CRASH,SACRAMENTO AVE,41.924878729,-87.7021745552,POINT (-87.702174555214 41.924878729015)
O1952569,NON-MOTOR VEHICLE,011c9a6669919dd30c35a747de7a5718024ae6d1fd9491cbbf32a1816a8f1d7604a410e33b9e4dc1fca3f206b896e578587df6c17ab6981b1473b597ba57a3d0,11/16/2024 02:53:00 PM,M,63.0,NONE PRESENT,,,TEST NOT OFFERED,,30,CLEAR,DAYLIGHT,FIXED OBJECT,DIVIDED - W/MEDIAN (NOT RAISED),STRAIGHT AND LEVEL,DRY,NO INJURY / DRIVE AWAY,FOSTER AVE,41.975384736,-87.7527662393,POINT (-87.752766239251 41.975384736023)
O1950646,BICYCLE,7eb545d8b4fe426def50ffc29a1a80faec4f340549134dcc7753d0697daf67d27dd663b4605b1f9792e1f876068fc9481ba0eae96a64849899191ca56e4264bc,11/16/2024 02:20:00 PM,F,25.0,HELMET NOT USED,OTHER ACTION,NOT IN ROADWAY,TEST NOT OFFERED,,35,CLEAR,DAYLIGHT,PEDALCYCLIST,OTHER,STRAIGHT AND LEVEL,DRY,NO INJURY / DRIVE AWAY,103RD ST,41.707192227,-87.6145004651,POINT (-87.614500465065 41.707192227038)
O1950191,BICYCLE,4828771198e37a8762773a631d4ddea77b3f171f6a54798e97c3a3cc68aa4c1e8875e7d84c89988553ba7346c921d11fa28288477ba262224e6fb29c7b6ed88e,11/15/2024 05:23:00 PM,M,,HELMET NOT USED,WITH TRAFFIC,IN ROADWAY,TEST NOT OFFERED,,30,CLEAR,"DARKNESS, LIGHTED ROAD",PEDALCYCLIST,NOT DIVIDED,STRAIGHT AND LEVEL,DRY,INJURY AND / OR TOW DUE TO CRASH,NORTH AVE,41.9100899822,-87.717777647,POINT (-87.717777647047 41.910089982232)
O1950116,BICYCLE,60760527269c3262049b2359685a9b533f258505946c0540faa91369cc65c0a36c1c9c24a0a29c813debd6c3601e74491961e1c5077395f95bfb67115920a921,11/15/2024 04:27:00 PM,F,14.0,HELMET NOT USED,ENTER FROM DRIVE/ALLEY,UNKNOWN/NA,,,25,RAIN,UNKNOWN,PEDALCYCLIST,ONE-WAY,STRAIGHT AND LEVEL,DRY,INJURY AND / OR TOW DUE TO CRASH,MARMORA AVE,41.9233821263,-87.7731202253,POINT (-87.77312022532 41.923382126328)
O1949871,BICYCLE,fd3c87bdbdc55d943fc06977bf278fa05749150ece9ade75d190591af87e9ad6edcf66563fa2e6f41796c4fa121d72da52079c06710e24fdd0b5a9654013fbf5,11/15/2024 12:16:00 PM,M,,HELMET NOT USED,UNKNOWN/NA,NOT IN ROADWAY,TEST NOT OFFERED,,20,CLEAR,DAYLIGHT,PEDALCYCLIST,FOUR WAY,STRAIGHT AND LEVEL,UNKNOWN,NO INJURY / DRIVE AWAY,DAKIN ST,41.953739751,-87.6512696722,POINT (-87.651269672157 41.953739751016)
O1950455,BICYCLE,600c6e85d353e0da84d136f517c587d1225bf44758d1730ada96e935478926a5b981085dab6031d3e533b45e925b047ba7881de9d5be719dedc78443be6ffd2e,11/15/2024 10:47:00 AM,M,31.0,BICYCLE HELMET (PEDACYCLIST INVOLVED ONLY),WITH TRAFFIC,IN ROADWAY,TEST NOT OFFERED,,30,CLEAR,DAYLIGHT,SIDESWIPE SAME DIRECTION,NOT DIVIDED,STRAIGHT AND LEVEL,DRY,INJURY AND / OR TOW DUE TO CRASH,ARCHER AVE,41.8414840391,-87.6580219776,POINT (-87.658021977562 41.841484039148)
O1949780,BICYCLE,94c3a88cfa270c3650366bb040b35495081193c4a92011487306e3dc07368adf990f6233feb34bdf75b2bf890a351e012cabd8bdce2ac59aa012bc7d9046e220,11/15/2024 08:10:00 AM,F,26.0,HELMET NOT USED,NOT AT INTERSECTION,DRIVEWAY ACCESS,TEST NOT OFFERED,,35,CLEAR,DAYLIGHT,PEDALCYCLIST,NOT DIVIDED,STRAIGHT AND LEVEL,DRY,INJURY AND / OR TOW DUE TO CRASH,KEDZIE AVE,41.7920117219,-87.7036611053,POINT (-87.703661105276 41.792011721852)
O1949578,BICYCLE,8383f28dfd6ceace5b468074d9fcf8826184b6258c152bbe42343ac73763d4a1eacab8ae62668b79831565d60e3df5bdf6b37c3d567ad02bcc553c6a523a174b,11/14/2024 08:16:00 PM,F,71.0,HELMET NOT USED,UNKNOWN/NA,IN CROSSWALK,TEST NOT OFFERED,,25,RAIN,"DARKNESS, LIGHTED ROAD",PEDALCYCLIST,NOT DIVIDED,STRAIGHT AND LEVEL,WET,INJURY AND / OR TOW DUE TO CRASH,PULASKI RD,41.9859279924,-87.7286634185,POINT (-87.728663418531 41.9859279924)
O1951892,BICYCLE,043b4553b1541b2dfc9812a01c8adffb5d23648ea7ff060b8c239b0b7d23263cc65a5335177232f29ed23fafc76ae71431fc70eb69a3b591c17bd85e79c71412,11/14/2024 05:25:00 PM,X,,BICYCLE HELMET (PEDACYCLIST INVOLVED ONLY),WITH TRAFFIC,BIKEWAY,TEST NOT OFFERED,,30,UNKNOWN,DUSK,PEDALCYCLIST,DIVIDED - W/MEDIAN (NOT RAISED),STRAIGHT AND LEVEL,UNKNOWN,NO INJURY / DRIVE AWAY,LINCOLN AVE,41.9226891099,-87.6446933356,POINT (-87.644693335631 41.922689109882)
O1949447,BICYCLE,f84326c1fd878537233aead3c0a152f107f2d5af2faa0d1b15553208f565bf2fda5376dc4e0f6953ae39a4709233e10bff04e536914b1171ed75827da61bb790,11/14/2024 04:54:00 PM,F,14.0,HELMET NOT USED,CROSSING - WITH SIGNAL,IN CROSSWALK,TEST NOT OFFERED,,30,CLEAR,DUSK,PEDALCYCLIST,FOUR WAY,STRAIGHT AND LEVEL,DRY,INJURY AND / OR TOW DUE TO CRASH,CALIFORNIA AVE,41.7899550138,-87.6938409939,POINT (-87.693840993851 41.789955013776)
O1949329,BICYCLE,d1513fa61ccabf1003dfb9138f1f02b3f0e1a3a8a6e80c32999edebc0697554465ff90d079cc32a45807e394a85ebf23714f0e4d00f5f3a2b8ec49371925f700,11/14/2024 02:40:00 PM,M,35.0,HELMET NOT USED,UNKNOWN/NA,NOT IN ROADWAY,TEST NOT OFFERED,,30,RAIN,DAYLIGHT,PEDALCYCLIST,PARKING LOT,STRAIGHT AND LEVEL,WET,INJURY AND / OR TOW DUE TO CRASH,NORTH AVE,41.9110131487,-87.6380177117,POINT (-87.638017711666 41.911013148744)
O1952595,BICYCLE,e18556ab7fd49ea97b71d2f14c2c4b1cc72e87f6b680367618e9ea09bf744056b53fa0c20bf0c99fcabb73fd6722af4878830d0c7d85caa5fb5cbe0e801f61bb,11/14/2024 02:00:00 PM,F,50.0,HELMET NOT USED,CROSSING - WITH SIGNAL,IN ROADWAY,TEST NOT OFFERED,,30,CLEAR,DAYLIGHT,PEDALCYCLIST,DIVIDED - W/MEDIAN (NOT RAISED),STRAIGHT AND LEVEL,DRY,NO INJURY / DRIVE AWAY,FULLERTON AVE,41.9238706888,-87.7660492214,POINT (-87.766049221352 41.923870688815)
O1953634,BICYCLE,361e88e1c1f308d359c0e252ea221e8e0734a88f1b94a99224cb159e173042d8c00b69d1a4cb375eb9d1ec4f435c17253f9386262cbeb9a7d017617f58aa541d,11/14/2024 01:30:00 PM,M,,HELMET NOT USED,OTHER ACTION,NOT IN ROADWAY,TEST NOT OFFERED,,30,CLEAR,DAYLIGHT,PEDALCYCLIST,ALLEY,STRAIGHT AND LEVEL,DRY,NO INJURY / DRIVE AWAY,KEELER AVE,41.8445459874,-87.7295736841,POINT (-87.729573684113 41.844545987395)
O1951045,BICYCLE,4675e4402980f4618168257f2a08c736ac043cebe3aff467eed84735f36c364e0bccf18d0963392b761c849e64b59620e8b3e8bce49d0d095dfdd2194b276505,11/14/2024 12:00:00 PM,M,26.0,HELMET NOT USED,WITH TRAFFIC,IN ROADWAY,TEST NOT OFFERED,,30,CLEAR,DAYLIGHT,PEDALCYCLIST,DIVIDED - W/MEDIAN (NOT RAISED),STRAIGHT AND LEVEL,DRY,INJURY AND / OR TOW DUE TO CRASH,IRVING PARK RD,41.9532638312,-87.7510919962,POINT (-87.751091996152 41.953263831202)
O1949053,BICYCLE,da40d9fb86eb3fa6bd66fa992de287310a9b5340bf7a2c6ffb9d091b96fdee148130470ff0631aa131d630a73c7d78158be4d60caaeef4049cc961fb15782386,11/14/2024 08:03:00 AM,M,21.0,HELMET NOT USED,UNKNOWN/NA,IN ROADWAY,TEST NOT OFFERED,,30,CLEAR,DAYLIGHT,PEDALCYCLIST,NOT DIVIDED,STRAIGHT AND LEVEL,DRY,INJURY AND / OR TOW DUE TO CRASH,HAMLIN AVE,41.9069188121,-87.721418058,POINT (-87.72141805801 41.906918812077)
O1948999,BICYCLE,595699eacfb012c5813fb0b0cd13fd4fd2b359597f49dbe88978542b391088d2671639359961e44a259da01dc091ad67709ab1a056bdeb3ac886957461482c89,11/14/2024 07:45:00 AM,F,21.0,HELMET NOT USED,CROSSING - NO CONTROLS (NOT AT INTERSECTION),IN CROSSWALK,TEST NOT OFFERED,,35,RAIN,DAYLIGHT,PEDALCYCLIST,ONE-WAY,STRAIGHT AND LEVEL,WET,INJURY AND / OR TOW DUE TO CRASH,62ND ST,41.7809417378,-87.6860741948,POINT (-87.686074194822 41.780941737763)
O1948903,NON-MOTOR VEHICLE,dcfb77f1252e92640424c89f5c8864b3bb18cb36d43f1bee1701395a2e8dcc43e8bb6ee5bb5964e10266d08225d8cbe36e26d4a094418b71491b8f65413b1bc8,11/13/2024 09:45:00 PM,M,35.0,USAGE UNKNOWN,WITH TRAFFIC,IN ROADWAY,TEST NOT OFFERED,,30,UNKNOWN,UNKNOWN,OTHER OBJECT,T-INTERSECTION,STRAIGHT AND LEVEL,UNKNOWN,INJURY AND / OR TOW DUE TO CRASH,WENTWORTH AVE,41.7288756592,-87.6290047275,POINT (-87.629004727539 41.728875659193)
O1952937,BICYCLE,3dd19a183666f7f41814c57c12a5b85e37cf4f580cb94ec7076c7886cf8a5f7f138bab3b243620867204a42c4ff49a3e3937d66dc796e791556709fa18e2a23b,11/13/2024 09:11:00 PM,F,35.0,HELMET NOT USED,WITH TRAFFIC,IN ROADWAY,TEST NOT OFFERED,,30,RAIN,"DARKNESS, LIGHTED ROAD",PEDALCYCLIST,NOT DIVIDED,STRAIGHT ON HILLCREST,WET,INJURY AND / OR TOW DUE TO CRASH,DIVERSEY PKWY,41.9323402147,-87.6827360096,POINT (-87.68273600963 41.932340214739)
O1948751,BICYCLE,5ff30898b0087d8ba9d9dfb35414521d705bfbc6556d54f72cfc1d667294b84346582c9709091bd45bf3473c8c63215a9a1cbb23c0517c8be5a8dc5f4dd2c5e0,11/13/2024 07:06:00 PM,M,,BICYCLE HELMET (PEDACYCLIST INVOLVED ONLY),WITH TRAFFIC,BIKE LANE,TEST NOT OFFERED,,30,RAIN,"DARKNESS, LIGHTED ROAD",PEDALCYCLIST,NOT DIVIDED,STRAIGHT AND LEVEL,WET,INJURY AND / OR TOW DUE TO CRASH,LINCOLN AVE,41.9245480334,-87.6472938512,POINT (-87.647293851204 41.924548033417)