PERSON_ID,PERSON_TYPE,CRASH_RECORD_ID,CRASH_DATE_x,SEX,AGE,SAFETY_EQUIPMENT,PEDPEDAL_ACTION,PEDPEDAL_LOCATION,BAC_RESULT,CRASH_DATE_EST_I,POSTED_SPEED_LIMIT,WEATHER_CONDITION,LIGHTING_CONDITION,FIRST_CRASH_TYPE,TRAFFICWAY_TYPE,ALIGNMENT,ROADWAY_SURFACE_COND,CRASH_TYPE,STREET_NAME,LATITUDE,LONGITUDE,LOCATION
O1948627,BICYCLE,6512ab4d9bf77a7890a2abf918133ab1dc01003d1556fbb1cba3c31c54d8f5e2a0a60e62dabdbb09c55b54467ccca3f26b6224a9f335b8b7d7232027620a55fa,11/13/2024 04:59:00 PM,M,34.0,BICYCLE HELMET (PEDACYCLIST INVOLVED ONLY),OTHER ACTION,BIKE LANE,TEST NOT OFFERED,,30,RAIN,"DARKNESS, LIGHTED ROAD",PEDALCYCLIST,DIVIDED - W/MEDIAN (NOT RAISED),STRAIGHT AND LEVEL,WET,INJURY AND / OR TOW DUE TO CRASH,KEDZIE AVE,41.9463047506,-87.7076654691,POINT (-87.70766546907 41.946304750636)
O1948540,BICYCLE,e6d618be8f5984372b7e7daeae324c0d8bf5bf605edd188ce3b9dde19949948a6a6d96b30a2751367e3ccd2e5855f8580cd4dba79839b5adba117a9ffaea6c8d,11/13/2024 04:03:00 PM,M,30.0,HELMET NOT USED,WITH TRAFFIC,BIKE LANE,TEST NOT OFFERED,,20,CLEAR,DAYLIGHT,PEDALCYCLIST,ONE-WAY,STRAIGHT AND LEVEL,DRY,NO INJURY / DRIVE AWAY,RANDOLPH ST,41.8846028549,-87.6271869402,POINT (-87.627186940196 41.884602854888)
O1948357,NON-MOTOR VEHICLE,a1a0a30b32ca8a5c5e86aa229f9dded349f793f8cc7e639b44968a0f74babccb82d5fe5d9ba02d6a27c0ebdec4539d8021ff3da28b7677c68b8c831bb3ccfa27,11/13/2024 10:23:00 AM,M,28.0,NONE PRESENT,WITH TRAFFIC,SHOULDER,TEST NOT OFFERED,,30,CLEAR,DAYLIGHT,OTHER OBJECT,NOT DIVIDED,STRAIGHT AND LEVEL,DRY,INJURY AND / OR TOW DUE TO CRASH,MAXWELL ST,41.8646760168,-87.6467513338,POINT (-87.64675133379 41.864676016813)
O1948075,BICYCLE,f03b0436a933038d12dd5089e375ba25943d94ccfa390b60e8532f69c17c3768eb8f7f07eb66bf001c75ff07b10bb4d01aceebe75b743f91fedc711baaacbc5c,11/12/2024 06:04:00 PM,M,50.0,BICYCLE HELMET (PEDACYCLIST INVOLVED ONLY),CROSSING - NO CONTROLS (AT INTERSECTION),IN ROADWAY,TEST NOT OFFERED,,30,CLEAR,"DARKNESS, LIGHTED ROAD",PEDALCYCLIST,PARKING LOT,STRAIGHT AND LEVEL,DRY,INJURY AND / OR TOW DUE TO CRASH,PULASKI RD,41.8929311028,-87.7261568279,POINT (-87.726156827911 41.892931102846)
O1947951,NON-MOTOR VEHICLE,48e3328bbb1f4e149816ddfb7d4b8ac0dbf84ff36299df032cbb19629a4188e9a09862394dc8608fd1cda036c950fe6965040655f50642330b2fd7ac18dc1d0d,11/12/2024 04:13:00 PM,M,27.0,NONE PRESENT,WITH TRAFFIC,IN ROADWAY,TEST NOT OFFERED,,30,CLEAR,DAYLIGHT,OTHER OBJECT,FOUR WAY,STRAIGHT AND LEVEL,DRY,INJURY AND / OR TOW DUE TO CRASH,AUGUSTA BLVD,41.8998165938,-87.6674565728,POINT (-87.667456572786 41.899816593782)
O1949370,BICYCLE,e4cca32cf2d852fa3dd27a6e62eb3c230d3c2d5b00031a298b39926fc459712d73366152bbcfde1244d7fdc7afceee8da932ea753860007606d3aaed5974dc4d,11/12/2024 03:30:00 PM,M,35.0,BICYCLE HELMET (PEDACYCLIST INVOLVED ONLY),CROSSING - WITH SIGNAL,IN CROSSWALK,TEST NOT OFFERED,,30,CLEAR,DAYLIGHT,PEDALCYCLIST,DIVIDED - W/MEDIAN BARRIER,STRAIGHT AND LEVEL,DRY,INJURY AND / OR TOW DUE TO CRASH,DAMEN AVE,41.8640760775,-87.6763219403,POINT (-87.676321940298 41.864076077501)
O1947646,NON-MOTOR VEHICLE,1cf890ec49c1a320c1ae018961d524702e4b89553f8becd6c7c52ad827f9e8362b6cff348bcef8624eac64828ba58c60d6efb3022498651ccad4bce16c04d637,11/12/2024 10:29:00 AM,M,,NONE PRESENT,,,TEST NOT OFFERED,,30,CLEAR,DAYLIGHT,OTHER OBJECT,T-INTERSECTION,STRAIGHT AND LEVEL,DRY,INJURY AND / OR TOW DUE TO CRASH,WASHTENAW AVE,41.8983517511,-87.694451253,POINT (-87.694451253026 41.898351751114)
O1947995,BICYCLE,ad1cd5d91eb8ca27859077fc771f1e73f17f461afe3a563a6000c973b9cdb666191faa2a527e4daca4b78538eb2bc458505b302317d5d4e68d8e93e2aee67fd3,11/11/2024 06:00:00 PM,M,19.0,HELMET NOT USED,UNKNOWN/NA,UNKNOWN/NA,TEST NOT OFFERED,,25,UNKNOWN,UNKNOWN,PEDALCYCLIST,UNKNOWN,STRAIGHT AND LEVEL,UNKNOWN,INJURY AND / OR TOW DUE TO CRASH,ADAMS ST,41.8795036502,-87.6329697416,POINT (-87.632969741567 41.879503650162)
O1947246,BICYCLE,b54fd2c3cb7117bf9bcd0d67a712eafc5638dd71dfdd396064f3d37bde8bc78cdc72fd125879e878aa68c3b893349a2c6c3a6d212e9da1a7f80fdae550aa2ae5,11/11/2024 04:00:00 PM,M,29.0,HELMET NOT USED,WITH TRAFFIC,BIKE LANE,,,30,CLEAR,DAYLIGHT,PEDALCYCLIST,DIVIDED - W/MEDIAN (NOT RAISED),STRAIGHT AND LEVEL,DRY,INJURY AND / OR TOW DUE TO CRASH,DAMEN AVE,41.9082871628,-87.6775511216,POINT (-87.677551121599 41.908287162829)
O1947394,BICYCLE,4f16aa981ad8b00395dde84d92a4c593bf5586613c05af67ff9b663ae0e14d9d70a5bc1d65314b440c886b51554ef8b9fa8d62537d2c25c38c0fd1945f69a720,11/11/2024 03:45:00 PM,F,16.0,HELMET NOT USED,WITH TRAFFIC,BIKE LANE,TEST NOT OFFERED,,30,CLEAR,DAYLIGHT,PEDALCYCLIST,DIVIDED - W/MEDIAN (NOT RAISED),STRAIGHT AND LEVEL,DRY,INJURY AND / OR TOW DUE TO CRASH,AUSTIN AVE,41.9332848948,-87.7758904455,POINT (-87.775890445508 41.933284894835)
O1947215,BICYCLE,f765d52f4ab22e22ad8d3c6d3fca3b0f5024753d9ebc20f7626867ed356f620f08d0a191f45123d7f0dcf56ae2b70be117ca2064edbf410539d53530bc7bbd85,11/11/2024 03:43:00 PM,F,17.0,HELMET NOT USED,CROSSING - AGAINST SIGNAL,BIKE LANE,TEST NOT OFFERED,,30,CLEAR,DAYLIGHT,PEDALCYCLIST,FOUR WAY,STRAIGHT AND LEVEL,DRY,NO INJURY / DRIVE AWAY,WASHINGTON BLVD,41.8828498883,-87.7111073238,POINT (-87.711107323816 41.882849888274)
O1947213,NON-MOTOR VEHICLE,f539948f0217a7131c537a2291d6a0180642cbeafd7b7df44ace3c58ed92eee5a40dc5730a9173b5cc0014608cdb0bb6561fae0d5ee8e8a0cdbce9b6b699375f,11/11/2024 03:08:00 PM,,,NONE PRESENT,UNKNOWN/NA,UNKNOWN/NA,TEST NOT OFFERED,,30,CLEAR,DAYLIGHT,OTHER OBJECT,NOT DIVIDED,STRAIGHT AND LEVEL,DRY,INJURY AND / OR TOW DUE TO CRASH,RACINE AVE,41.7559267937,-87.6540252148,POINT (-87.65402521485 41.755926793676)
O1947148,BICYCLE,ac556e264fbf102044aed005826ad1858251b8f875cc9736a6131f7b01b40244763070cc0cb338055f108d562d8308aa4401bee5a083ec88cec37ce1c6aa952e,11/11/2024 11:30:00 AM,M,58.0,BICYCLE HELMET (PEDACYCLIST INVOLVED ONLY),NO ACTION,IN ROADWAY,TEST NOT OFFERED,,30,CLEAR,DAYLIGHT,PEDALCYCLIST,FOUR WAY,STRAIGHT AND LEVEL,DRY,NO INJURY / DRIVE AWAY,HALSTED ST,41.6995474147,-87.6427519151,POINT (-87.64275191512 41.699547414667)
O1946762,BICYCLE,a06461d20a2a8ea9a56c3a65efeffea8a090587ff76caa201c653d48b40d2acbfd49365c5248ff64a3e8a35ebff96fcfe100023557dda0e9d660e159b5d4ac00,11/10/2024 05:18:00 PM,M,39.0,HELMET NOT USED,CROSSING - NO CONTROLS (AT INTERSECTION),IN ROADWAY,,,30,CLEAR,"DARKNESS, LIGHTED ROAD",PEDALCYCLIST,NOT DIVIDED,STRAIGHT AND LEVEL,DRY,NO INJURY / DRIVE AWAY,ELSTON AVE,41.9465491648,-87.708952626,POINT (-87.708952626035 41.946549164806)
O1946827,BICYCLE,87c0a0f3e7e54d142e3582c301d4f646409e0e7ffaf9317c0bfb60e9e745f9eb6727591ef5ed5a7ff6c0e92507893d5a4131ca45bdb3ae3261f75ac5b06e7f83,11/10/2024 05:00:00 PM,M,25.0,BICYCLE HELMET (PEDACYCLIST INVOLVED ONLY),NO ACTION,BIKE LANE,TEST NOT OFFERED,,30,RAIN,DUSK,PEDALCYCLIST,NOT DIVIDED,STRAIGHT AND LEVEL,UNKNOWN,NO INJURY / DRIVE AWAY,GRANVILLE AVE,41.9946686269,-87.6597791526,POINT (-87.659779152649 41.994668626922)
O1946296,BICYCLE,c2dfeac98de6a65fbf5dc7f8d925dffe8fd7558a4205fc5cd414841d2e6e4ab5428e544e0a7c3e4794080f68ffcd47a02744bed3963a35ab6e8f27230fb714d1,11/09/2024 10:05:00 PM,F,49.0,HELMET NOT USED,UNKNOWN/NA,UNKNOWN/NA,TEST NOT OFFERED,,30,RAIN,"DARKNESS, LIGHTED ROAD",PEDALCYCLIST,NOT DIVIDED,STRAIGHT AND LEVEL,WET,INJURY AND / OR TOW DUE TO CRASH,119TH ST,41.6777057046,-87.6418457727,POINT (-87.641845772683 41.677705704617)
O1946288,BICYCLE,fa1d2f8ed43a176e34ae15854d3086c88927d17a2e4e62072a90b3b628b1db0b3f4efb34fc3e7d4426dd21e7ad0d621f94666cf90ebcec7e6dbf5f110c2b95cd,11/09/2024 08:40:00 PM,M,27.0,HELMET NOT USED,CROSSING - WITH SIGNAL,IN ROADWAY,TEST NOT OFFERED,,30,RAIN,"DARKNESS, LIGHTED ROAD",PEDALCYCLIST,FOUR WAY,STRAIGHT AND LEVEL,WET,INJURY AND / OR TOW DUE TO CRASH,HALSTED ST,41.8016914783,-87.6454931575,POINT (-87.645493157497 41.801691478258)
O1946174,BICYCLE,5b2fce0eee4ff07f9fcda30826bb34b1b6a85eba3f2384bd97b644879844c7813ccc8bd6f4addba2036d6f6e5d4103c4431e9f4965b4fecc3c0b2a7c042297fc,11/09/2024 06:30:00 PM,M,32.0,BICYCLE HELMET (PEDACYCLIST INVOLVED ONLY),WITH TRAFFIC,BIKEWAY,TEST NOT OFFERED,,30,RAIN,DUSK,PEDALCYCLIST,NOT DIVIDED,STRAIGHT AND LEVEL,WET,INJURY AND / OR TOW DUE TO CRASH,CHICAGO AVE,41.8967618804,-87.6300273079,POINT (-87.630027307877 41.896761880408)
O1965903,BICYCLE,fdbdf5b6a8ffd1cb074b56e6c8a6b5adf4130a50ab4422ae48ab3be60eb0529305c9e6709d77d702f6a139d481c56a75db22ee5d7a3ddc7079bb1025cfc255db,11/09/2024 04:44:00 PM,M,63.0,HELMET NOT USED,AGAINST TRAFFIC,IN ROADWAY,TEST NOT OFFERED,,30,RAIN,UNKNOWN,PEDALCYCLIST,NOT DIVIDED,STRAIGHT AND LEVEL,WET,INJURY AND / OR TOW DUE TO CRASH,CICERO AVE,41.9065327738,-87.7459019983,POINT (-87.745901998252 41.906532773821)
O1946020,BICYCLE,1f32999a6e8d1bbc008d7d0a24f733f25af5731dac620597577ac8905e7c7eea2eab8717540f4194788cb4f209ad0cff764d1c6efe94ec2d0a10f6661f668c49,11/09/2024 03:52:00 PM,M,14.0,HELMET NOT USED,CROSSING - AGAINST SIGNAL,IN CROSSWALK,TEST NOT OFFERED,,30,RAIN,DAYLIGHT,PEDALCYCLIST,FOUR WAY,STRAIGHT AND LEVEL,WET,INJURY AND / OR TOW DUE TO CRASH,CLARK ST,42.0053665728,-87.6732620057,POINT (-87.67326200571 42.005366572754)
O1946021,BICYCLE,1f32999a6e8d1bbc008d7d0a24f733f25af5731dac620597577ac8905e7c7eea2eab8717540f4194788cb4f209ad0cff764d1c6efe94ec2d0a10f6661f668c49,11/09/2024 03:52:00 PM,M,13.0,HELMET NOT USED,CROSSING - AGAINST SIGNAL,IN CROSSWALK,,,30,RAIN,DAYLIGHT,PEDALCYCLIST,FOUR WAY,STRAIGHT AND LEVEL,WET,INJURY AND / OR TOW DUE TO CRASH,CLARK ST,42.0053665728,-87.6732620057,POINT (-87.67326200571 42.005366572754)
O1954900,BICYCLE,f18db0ff1761fb5ae10e0a963ade69f6efe3681131a9ffa5eef4ef95d26b87d4c75b708bf436dcf989044e3b12e137985d3e6ded9a60d61e22c94ff4d270488f,11/09/2024 01:26:00 PM,M,28.0,HELMET NOT USED,WITH TRAFFIC,IN ROADWAY,TEST NOT OFFERED,,30,CLEAR,DAYLIGHT,PEDALCYCLIST,NOT DIVIDED,STRAIGHT AND LEVEL,DRY,INJURY AND / OR TOW DUE TO CRASH,PULASKI RD,41.9678098307,-87.7278676229,POINT (-87.727867622948 41.967809830722)
O1945857,BICYCLE,6215f9d71f94c0750197ae37329eb1d3d5fae23b454f3674e546e148c093e858368e486f68252e69bdf9637600a14623988d82c6cee9934600ccb1ce2ed6bdb4,11/09/2024 10:40:00 AM,M,19.0,HELMET NOT USED,OTHER ACTION,IN ROADWAY,TEST NOT OFFERED,,30,CLEAR,DAYLIGHT,PEDALCYCLIST,FOUR WAY,STRAIGHT AND LEVEL,DRY,INJURY AND / OR TOW DUE TO CRASH,56TH ST,41.7931564961,-87.5965784197,POINT (-87.59657841966 41.793156496135)
O1945565,BICYCLE,cc478081f65a707465729151b0f716437796c947f95108e5d3af4209ff4bf39e089cc3766a7c166bc9394776872652a9e10f57ffe81304c984bc04c407feab4a,11/08/2024 08:10:00 PM,M,16.0,HELMET NOT USED,WITH TRAFFIC,BIKE LANE,TEST NOT OFFERED,,30,CLEAR,"DARKNESS, LIGHTED ROAD",PEDALCYCLIST,NOT DIVIDED,STRAIGHT AND LEVEL,DRY,INJURY AND / OR TOW DUE TO CRASH,ARMITAGE AVE,41.9173770683,-87.6975036688,POINT (-87.697503668798 41.917377068263)
O1949706,BICYCLE,6259f41ed178c8b604a6be36fc19302e0e21c09c170ca85de3f4bb2445f7da8f08370781c8bdcda41112a9451d0ed74b5a55407633801ea7736f6ecef32e6522,11/08/2024 07:08:00 PM,M,40.0,HELMET NOT USED,UNKNOWN/NA,UNKNOWN/NA,TEST NOT OFFERED,Y,30,CLEAR,"DARKNESS, LIGHTED ROAD",PEDALCYCLIST,DIVIDED - W/MEDIAN (NOT RAISED),STRAIGHT AND LEVEL,UNKNOWN,INJURY AND / OR TOW DUE TO CRASH,PULASKI RD,41.9692990831,-87.7282063977,POINT (-87.728206397736 41.969299083104)
O1945519,BICYCLE,35e98a78cf3925ea06a2b28f07b583c1681eb46672202b7a3750752415ccbd8c3cc6a006f6543a95c2a57ee6f65af744ccdc080b2180b6abf021b1e7d55fb146,11/08/2024 07:06:00 PM,F,38.0,BICYCLE HELMET (PEDACYCLIST INVOLVED ONLY),OTHER ACTION,BIKE LANE,TEST NOT OFFERED,,30,CLEAR,"DARKNESS, LIGHTED ROAD",PEDALCYCLIST,OTHER,STRAIGHT AND LEVEL,DRY,NO INJURY / DRIVE AWAY,HOYNE AVE,41.9177481101,-87.6799505108,POINT (-87.679950510778 41.917748110073)
O1945579,BICYCLE,5bdd1eb9450d983545b20b3db0e9352b69114d711ad18460d7a8662e9091aef31d402b2e412a7e028e38b0a487fd06b7c0bcafad5a0d42449814bbd4acb8c8c5,11/08/2024 07:00:00 PM,M,52.0,BICYCLE HELMET (PEDACYCLIST INVOLVED ONLY),WITH TRAFFIC,IN ROADWAY,TEST NOT OFFERED,,30,CLEAR,UNKNOWN,PEDALCYCLIST,DIVIDED - W/MEDIAN (NOT RAISED),STRAIGHT AND LEVEL,UNKNOWN,INJURY AND / OR TOW DUE TO CRASH,PULASKI RD,41.9417858304,-87.7274136366,POINT (-87.727413636578 41.941785830355)
O1945830,BICYCLE,7d0870f04c95b3f2be2717d1e9939c81e27f295a5a2c2f8923ac7a4c274b5f99fea53df572bf340b36378e150349dd34c92638d1db95b864e356ea391c93a345,11/08/2024 06:30:00 PM,M,42.0,BICYCLE HELMET (PEDACYCLIST INVOLVED ONLY),WITH TRAFFIC,IN ROADWAY,TEST NOT OFFERED,,30,CLEAR,"DARKNESS, LIGHTED ROAD",PEDALCYCLIST,NOT DIVIDED,STRAIGHT AND LEVEL,DRY,NO INJURY / DRIVE AWAY,BROADWAY,41.9545457769,-87.6506927692,POINT (-87.65069276917 41.954545776938)
O1948441,BICYCLE,9ad68c17cd76be30ef6a8e994f56bb30b4dfb962c737f69773f16ba7077bc0a099ee14e8b1bab2aa22619c3aadea9086240d7b6c32a6c6b2612221c1f93b2ea8,11/08/2024 04:10:00 PM,F,,HELMET NOT USED,UNKNOWN/NA,UNKNOWN/NA,TEST NOT OFFERED,,30,UNKNOWN,UNKNOWN,PEDALCYCLIST,NOT DIVIDED,STRAIGHT AND LEVEL,UNKNOWN,NO INJURY / DRIVE AWAY,DEARBORN ST,41.8163184445,-87.6275220826,POINT (-87.627522082572 41.81631844455)
O2033442,BICYCLE,c600dc343474c55705df381f52315399f98c0340a43ce232bf5946f1aaddbc1dd64fa0e15fe19449a695e4400f91cc6fa6070251a0496b8ea83ec0bc47d9f349,11/08/2024 03:30:00 PM,M,29.0,HELMET NOT USED,WITH TRAFFIC,IN ROADWAY,TEST NOT OFFERED,,25,CLEAR,DAYLIGHT,PEDALCYCLIST,NOT DIVIDED,STRAIGHT AND LEVEL,DRY,INJURY AND / OR TOW DUE TO CRASH,GRAND AVE,41.8910111865,-87.6721474585,POINT (-87.672147458475 41.891011186472)
O1945202,BICYCLE,ba4f7320906291b217089d50bd26fac091a0fe16786aef231145260cfdc155fd04c004c3b8c74664b1da0ab3036aeef57bafeb1a4bdb099e4809bc19925f6377,11/08/2024 12:00:00 PM,M,28.0,HELMET NOT USED,WITH TRAFFIC,BIKEWAY,TEST NOT OFFERED,,30,CLEAR,DAYLIGHT,PEDALCYCLIST,NOT DIVIDED,STRAIGHT AND LEVEL,DRY,INJURY AND / OR TOW DUE TO CRASH,DIVERSEY AVE,41.9317635118,-87.7373444352,POINT (-87.737344435212 41.931763511837)
O1945119,BICYCLE,61e63a92b09ce4569786b7a1311d5007aef37fb9bd1c850f10dd5e316f1b1b80bc44305ff6327ed182bd01fa01cd9ef13d59c77f33c9b3fe0bd7b81fc5a06f55,11/08/2024 10:30:00 AM,F,39.0,HELMET NOT USED,OTHER ACTION,UNKNOWN/NA,TEST NOT OFFERED,,30,CLEAR,DAYLIGHT,PEDALCYCLIST,ALLEY,STRAIGHT AND LEVEL,DRY,NO INJURY / DRIVE AWAY,MEADE AVE,41.9534870914,-87.7790905407,POINT (-87.779090540741 41.953487091429)
O1945084,NON-MOTOR VEHICLE,cd454ccd4b76d6b8cd50a80999a9d02ab341cab4dc89c2a5e3ace97000ca11483816aca9344cdd16e169f0e7a44fa3f0192e602d921852fb96d61b8af63a9b8d,11/08/2024 09:05:00 AM,M,20.0,NONE PRESENT,NO ACTION,IN ROADWAY,TEST NOT OFFERED,,25,CLEAR,DAYLIGHT,OTHER OBJECT,FOUR WAY,STRAIGHT AND LEVEL,DRY,NO INJURY / DRIVE AWAY,BYRON ST,41.9524408425,-87.6787658236,POINT (-87.67876582362 41.952440842522)
O1944714,BICYCLE,b71198ca83c265a5d22ee7bc2513e9b6b7cee96649ab7fb1341b9f855efba2e54632e60dcf53917365722e58d2c9b62aefeca36d6e60fc17bf0416a5bcd66032,11/07/2024 03:13:00 PM,M,45.0,HELMET NOT USED,CROSSING - WITH SIGNAL,IN CROSSWALK,TEST NOT OFFERED,,30,CLEAR,DAYLIGHT,PEDALCYCLIST,FOUR WAY,STRAIGHT AND LEVEL,DRY,NO INJURY / DRIVE AWAY,PULASKI RD,41.8991094792,-87.7263425919,POINT (-87.726342591907 41.899109479205)
O1945188,BICYCLE,953f6c6427218775c79534a26230a18cac75b8ee909c8f763e37f5ead2a8af25384cdb4b04ce230c4eb8af633ca1dd81aee1951fe0d2efa563796213343efda7,11/07/2024 03:00:00 PM,M,,HELMET NOT USED,CROSSING - WITH SIGNAL,IN CROSSWALK,TEST NOT OFFERED,,30,CLEAR,DAYLIGHT,PEDALCYCLIST,PARKING LOT,STRAIGHT AND LEVEL,DRY,NO INJURY / DRIVE AWAY,HOYNE AVE,41.8084072791,-87.6772629762,POINT (-87.677262976184 41.808407279119)
O1948303,BICYCLE,b7556bfbd47a5fb7af4e49462ca5778fb75811eff9b88a528a6806ce3d2e8831785175c072ad065ebc5b6847e0e88c4da4fa6b8ddb8c6815fc2a3640aa80bebd,11/07/2024 02:00:00 PM,F,34.0,HELMET NOT USED,TURNING LEFT,IN ROADWAY,TEST NOT OFFERED,,30,CLEAR,DAYLIGHT,PEDALCYCLIST,NOT DIVIDED,STRAIGHT AND LEVEL,DRY,NO INJURY / DRIVE AWAY,DAMEN AVE,41.9032352042,-87.6774060883,POINT (-87.677406088298 41.903235204186)
O1944405,BICYCLE,30ee2bf7b360ab96323c0670b725f449900c6736476fd0db69fe2dc6bf975dee37529f0d2bb7edacc55d2c2e2c6a2fda7bdc993ad0c3867bfb03e3317a275ad9,11/07/2024 08:40:00 AM,F,53.0,BICYCLE HELMET (PEDACYCLIST INVOLVED ONLY),OTHER ACTION,IN ROADWAY,TEST NOT OFFERED,,35,CLEAR,DAYLIGHT,PEDALCYCLIST,ONE-WAY,STRAIGHT AND LEVEL,DRY,INJURY AND / OR TOW DUE TO CRASH,CLARK ST,41.8888900583,-87.630905303,POINT (-87.630905303045 41.888890058263)
O1945844,BICYCLE,4bdbb5a9179a58174a55e0e89bdd00ae0ba49a335ba27f53ddd6f7ca65a47b671d3de4df2da183417c7e317bc3ec73d1974be0a235a718b5b896e9726523a87b,11/07/2024 07:50:00 AM,M,,HELMET NOT USED,CROSSING - NO CONTROLS (AT INTERSECTION),IN CROSSWALK,TEST NOT OFFERED,,25,RAIN,DAYLIGHT,PEDALCYCLIST,ALLEY,STRAIGHT AND LEVEL,WET,NO INJURY / DRIVE AWAY,CALIFORNIA AVE,41.7064257873,-87.6916412022,POINT (-87.691641202194 41.706425787345)
O1944687,BICYCLE,873df4c0e0d994fcc0913007482527aa50f26e6229bbf82eab55b3035f2d425fd764ca0b9c099d177549981fff9cc05dcd4d2d3bbdfb05095af2e1a0dc90d28b,11/07/2024 07:50:00 AM,M,23.0,BICYCLE HELMET (PEDACYCLIST INVOLVED ONLY),TURNING RIGHT,BIKEWAY,TEST NOT OFFERED,Y,30,CLEAR,DAYLIGHT,PEDALCYCLIST,NOT DIVIDED,STRAIGHT AND LEVEL,DRY,INJURY AND / OR TOW DUE TO CRASH,AUGUSTA BLVD,41.8998150482,-87.6675403214,POINT (-87.667540321387 41.899815048195)
O1944314,NON-MOTOR VEHICLE,1bf72d9b8769316a2a6e79a2d7adae432269c11f3ffc9166441d101a2565d0a6273035dacebc9dd03f7a3564a4f2190b3aead4875cb02f1e8b467e8c39f7a15b,11/07/2024 05:13:00 AM,,,,,,,,30,CLEAR,"DARKNESS, LIGHTED ROAD",FIXED OBJECT,NOT DIVIDED,STRAIGHT AND LEVEL,DRY,NO INJURY / DRIVE AWAY,NORTH AVE,41.9105693237,-87.6641648301,POINT (-87.664164830096 41.910569323676)
O1944202,BICYCLE,0d452248d24d76f6b984ee27104efd40112e020d63d92d4bea804164099f36f7506f96e5a63a2e328ebdf2db4264f50a8f70b52de27ce90d8e974d60389ecb67,11/06/2024 07:30:00 PM,M,37.0,HELMET NOT USED,CROSSING - WITH SIGNAL,IN ROADWAY,TEST NOT OFFERED,,30,CLEAR,DUSK,PEDALCYCLIST,FOUR WAY,STRAIGHT AND LEVEL,DRY,INJURY AND / OR TOW DUE TO CRASH,WESTERN AVE,41.8122095224,-87.6846818865,POINT (-87.684681886459 41.812209522377)
O1944207,BICYCLE,12bd44928c5e394cfd0bb4fa53a89aa75e7793203f7da4207d57399e3bd580b06dfe224d2fc83e4a68414b682457591b45c2cd64103c5483d26256af4d387628,11/06/2024 06:48:00 PM,M,16.0,BICYCLE HELMET (PEDACYCLIST INVOLVED ONLY),UNKNOWN/NA,UNKNOWN/NA,TEST NOT OFFERED,,30,UNKNOWN,DARKNESS,PEDALCYCLIST,UNKNOWN,STRAIGHT AND LEVEL,UNKNOWN,INJURY AND / OR TOW DUE TO CRASH,GRAND AVE,41.9210679158,-87.7777513866,POINT (-87.777751386579 41.921067915811)
O1944904,BICYCLE,0fdfb284c3a1243326df3e9d956a336132e3664bdab10668e9cf1bb35415e7bca85f483fcf4969157182a0856a914327ea724851d6ed52c669ea71e107f1e7fb,11/06/2024 05:10:00 PM,M,21.0,HELMET NOT USED,CROSSING - WITH SIGNAL,IN CROSSWALK,TEST NOT OFFERED,,25,CLEAR,DUSK,PEDALCYCLIST,NOT DIVIDED,STRAIGHT AND LEVEL,DRY,INJURY AND / OR TOW DUE TO CRASH,WESTERN AVE,41.8449294555,-87.685304331,POINT (-87.685304330982 41.844929455482)
O1944112,NON-MOTOR VEHICLE,7799369bbccadede9af4b9819d7962072599b3002984bb62083cd1a696ee95af752d58de8d65f530cbdb1d53134fac97f50c25a4a3ca84bc41ef7f5e0bfbd6fe,11/06/2024 04:50:00 PM,M,21.0,USAGE UNKNOWN,OTHER ACTION,IN CROSSWALK,TEST NOT OFFERED,,30,CLEAR,DUSK,OTHER OBJECT,PARKING LOT,STRAIGHT AND LEVEL,DRY,INJURY AND / OR TOW DUE TO CRASH,71ST ST,41.7656138745,-87.6145300292,POINT (-87.614530029205 41.765613874455)
O1944043,NON-MOTOR VEHICLE,789235aacef810f1e26d4f653ebc50d3633111a76e3da8ba51aa2ac0887e63a4f07c30ed69ffe00d69132cbc904b2197ed62aa96dadf0e8ab7b30c9179b15eee,11/06/2024 03:56:00 PM,M,16.0,USAGE UNKNOWN,OTHER ACTION,IN CROSSWALK,TEST NOT OFFERED,,30,CLEAR,DAYLIGHT,OTHER OBJECT,NOT REPORTED,STRAIGHT AND LEVEL,DRY,INJURY AND / OR TOW DUE TO CRASH,BLUE ISLAND AVE,41.8560522128,-87.6628788996,POINT (-87.66287889962 41.85605221276)
O1947628,NON-MOTOR VEHICLE,f66f737c5da949d16326971b93b379b70e34b7950dddb36e21aa02d7e2775c9da016177f7056d27bfc7916fb5f9dd983998ae747dadeb9f71246201d006514cc,11/06/2024 03:30:00 PM,M,,NONE PRESENT,NO ACTION,IN ROADWAY,TEST NOT OFFERED,,30,CLEAR,DAYLIGHT,OTHER OBJECT,ONE-WAY,STRAIGHT AND LEVEL,UNKNOWN,INJURY AND / OR TOW DUE TO CRASH,WABASH AVE,41.8815343926,-87.6260488723,POINT (-87.62604887228 41.881534392644)
O1943813,BICYCLE,00ccddc07ee4edc8313124f3994843bd95c47f40c8a642955e42236871bfac884ec9d2f0af9cc8a163badc078f268cb59bbf57e2a97b213513f991ec45a7a9db,11/06/2024 10:37:00 AM,M,30.0,HELMET NOT USED,WITH TRAFFIC,IN ROADWAY,TEST NOT OFFERED,,30,CLEAR,DAYLIGHT,PEDALCYCLIST,NOT DIVIDED,STRAIGHT AND LEVEL,DRY,INJURY AND / OR TOW DUE TO CRASH,MADISON ST,41.8807824215,-87.7300851202,POINT (-87.730085120201 41.880782421548)