PERSON_ID,PERSON_TYPE,CRASH_RECORD_ID,CRASH_DATE_x,SEX,AGE,SAFETY_EQUIPMENT,PEDPEDAL_ACTION,PEDPEDAL_LOCATION,BAC_RESULT,CRASH_DATE_EST_I,POSTED_SPEED_LIMIT,WEATHER_CONDITION,LIGHTING_CONDITION,FIRST_CRASH_TYPE,TRAFFICWAY_TYPE,ALIGNMENT,ROADWAY_SURFACE_COND,CRASH_TYPE,STREET_NAME,LATITUDE,LONGITUDE,LOCATION
O1943610,BICYCLE,e14318b69da7876948d11e0dbac261f9795d7a9f44c2430fd995b41f96b708e0c9d8f83e1a700234bb1aec5f39c5a46d910f4a753b045b7b48cbb8bdf51f4b4f,11/05/2024 09:50:00 PM,M,35.0,BICYCLE HELMET (PEDACYCLIST INVOLVED ONLY),OTHER ACTION,IN ROADWAY,TEST NOT OFFERED,,30,RAIN,"DARKNESS, LIGHTED ROAD",PEDALCYCLIST,FOUR WAY,STRAIGHT AND LEVEL,WET,INJURY AND / OR TOW DUE TO CRASH,SACRAMENTO AVE,41.9394510412,-87.7025805849,POINT (-87.702580584934 41.939451041184)
O1943373,BICYCLE,e3129ccbe2b29cd929371049aa2e91a1dca313e1f7f5fd4de700fd30c9713dd8c46249e8cc219a7da076e860ad2497ffe88d737c5dc843488c16012ca6e8fe82,11/05/2024 04:53:00 PM,M,65.0,HELMET NOT USED,CROSSING - WITH SIGNAL,IN CROSSWALK,TEST NOT OFFERED,,30,RAIN,"DARKNESS, LIGHTED ROAD",PEDALCYCLIST,FOUR WAY,STRAIGHT AND LEVEL,WET,INJURY AND / OR TOW DUE TO CRASH,RACINE AVE,41.799525728,-87.6551539747,POINT (-87.655153974723 41.799525728049)
O1943769,BICYCLE,f7eb12dda9ed9acdbe4cc201252f29f82b47819c242feb09b6b477ba22bcfd4bb6f48bfd1e16e5a9002d33c45b53f8802ef81f9c9d17b08c6b1aef6e7c8926ce,11/05/2024 03:28:00 PM,M,,BICYCLE HELMET (PEDACYCLIST INVOLVED ONLY),UNKNOWN/NA,IN CROSSWALK,TEST NOT OFFERED,,30,CLEAR,DAYLIGHT,PEDALCYCLIST,ONE-WAY,STRAIGHT AND LEVEL,DRY,NO INJURY / DRIVE AWAY,EVANS AVE,41.7584669121,-87.6067741941,POINT (-87.606774194064 41.75846691212)
O1948503,BICYCLE,b81e0e2d55482f21e5134fdf046996b1034dba5d27be4c001cb0ebdf85a48a52c4048c497f53dbcc885f62df8837106b561b2d39ef22886d91cd4da7f629f1b7,11/05/2024 02:00:00 PM,M,,HELMET NOT USED,NO ACTION,IN ROADWAY,TEST NOT OFFERED,,30,CLEAR,DAYLIGHT,PEDALCYCLIST,ONE-WAY,STRAIGHT AND LEVEL,DRY,NO INJURY / DRIVE AWAY,MUSKEGON AVE,41.7479271258,-87.555102502,POINT (-87.555102501972 41.747927125757)
O1943899,BICYCLE,5768e802d33548a5afe6441cbaa955995619f07a2b5ab5683f1433e594425d28596a45d8866b51503f087583d865f447fbd6f6d6c73a3d350eb7824bf9713ab2,11/05/2024 11:45:00 AM,M,25.0,BICYCLE HELMET (PEDACYCLIST INVOLVED ONLY),CROSSING - WITH SIGNAL,BIKE LANE,TEST NOT OFFERED,,30,UNKNOWN,UNKNOWN,PEDALCYCLIST,FOUR WAY,STRAIGHT AND LEVEL,UNKNOWN,NO INJURY / DRIVE AWAY,31ST ST,41.8383651923,-87.6304283611,POINT (-87.630428361106 41.838365192275)
O1945481,BICYCLE,d3aab3bc9fac2ac20e6307db3210f2bec3549e715c4d10e3bf27a77cbb707728285eec4d346a1536332035ca29b959280ff5cba51281e8104c8056d9f97b8a19,11/05/2024 11:30:00 AM,F,23.0,BICYCLE HELMET (PEDACYCLIST INVOLVED ONLY),WITH TRAFFIC,BIKE LANE,TEST NOT OFFERED,,30,CLEAR,DAYLIGHT,PEDALCYCLIST,NOT DIVIDED,STRAIGHT AND LEVEL,DRY,NO INJURY / DRIVE AWAY,CENTRAL PARK AVE,41.9241438365,-87.7171278771,POINT (-87.71712787707 41.924143836465)
O1943087,BICYCLE,a95e3a949bc0726b0f69f75cab218d9f71d7a42747316294544bf2af4e3b22c887aa3ab3cc4823170c71798be55daec3506171c2b1e7e70cd00ace377db7b76c,11/05/2024 07:40:00 AM,M,0.0,HELMET NOT USED,WITH TRAFFIC,IN ROADWAY,TEST NOT OFFERED,,30,RAIN,DAYLIGHT,PEDALCYCLIST,DIVIDED - W/MEDIAN (NOT RAISED),STRAIGHT AND LEVEL,WET,INJURY AND / OR TOW DUE TO CRASH,WACKER DR,41.8877053794,-87.6205881439,POINT (-87.620588143928 41.887705379378)
O1943083,NON-MOTOR VEHICLE,83db4ae86c11a14287182aaaee3d0d8c99da4ad0e438188fadacca5aab9ac2c0be0d830127036badae41cb8be79b3589735f8afdf5e102eb099bec43510157c0,11/05/2024 06:55:00 AM,M,55.0,USAGE UNKNOWN,,,TEST NOT OFFERED,,30,RAIN,DAYLIGHT,FIXED OBJECT,DIVIDED - W/MEDIAN (NOT RAISED),STRAIGHT AND LEVEL,WET,INJURY AND / OR TOW DUE TO CRASH,ARMITAGE AVE,41.917014145,-87.748270028,POINT (-87.748270028031 41.917014144979)
O1943049,BICYCLE,718b0304568320b2d3b91db0409581f68c31b0e0042edd88c5849f1f8860aa2861d139d2b596fc9fafc027e85cf9a85361e9d3e1be50ed73b12e5d595bcf4f87,11/05/2024 05:46:00 AM,M,55.0,HELMET NOT USED,CROSSING - AGAINST SIGNAL,IN CROSSWALK,,,30,RAIN,"DARKNESS, LIGHTED ROAD",PEDALCYCLIST,DIVIDED - W/MEDIAN (NOT RAISED),STRAIGHT AND LEVEL,WET,INJURY AND / OR TOW DUE TO CRASH,WACKER DR,41.8870408811,-87.6340425111,POINT (-87.634042511085 41.887040881068)
O1943022,BICYCLE,843aaf71d05cccbcd06faece26d3bfce6b1df897afe0260e846afa1bc1801233efac1a441217911c05db1263d52590401dd64d50d6e0f167d726d95a270dd19d,11/05/2024 05:41:00 AM,F,24.0,HELMET NOT USED,WITH TRAFFIC,IN ROADWAY,TEST NOT OFFERED,,25,RAIN,"DARKNESS, LIGHTED ROAD",PEDALCYCLIST,FOUR WAY,STRAIGHT AND LEVEL,WET,INJURY AND / OR TOW DUE TO CRASH,GRANVILLE AVE,41.9944617554,-87.6750162333,POINT (-87.675016233327 41.99446175537)
O1955639,BICYCLE,714d314b548c9242d5f50ff73cd9e097cdcc357f4b38d20bf7284e8c4c59cb5e7ab06200d6bb7bc9d571f9feee2403f80ef3d78ccdd744dfdebff7fa604e5e8e,11/04/2024 10:55:00 PM,M,60.0,HELMET NOT USED,CROSSING - AGAINST SIGNAL,IN ROADWAY,TEST NOT OFFERED,,30,RAIN,"DARKNESS, LIGHTED ROAD",PEDALCYCLIST,FOUR WAY,STRAIGHT AND LEVEL,WET,INJURY AND / OR TOW DUE TO CRASH,IDA B WELLS DR,41.8754805864,-87.633629911,POINT (-87.633629911006 41.875480586383)
O1960247,BICYCLE,7ddd4e91d1b8c88c5cf7f1444f66845a9e3b02c18ca8c8411196f4cbdc0ac47bfd5124672363906a16bdd07e8a441e1aa0181f9ccd5ea5760158efacfcdc22e1,11/04/2024 09:55:00 PM,M,77.0,BICYCLE HELMET (PEDACYCLIST INVOLVED ONLY),WITH TRAFFIC,BIKEWAY,TEST NOT OFFERED,,30,UNKNOWN,"DARKNESS, LIGHTED ROAD",PEDALCYCLIST,NOT DIVIDED,STRAIGHT AND LEVEL,UNKNOWN,INJURY AND / OR TOW DUE TO CRASH,CLARK ST,41.9265299746,-87.6408936267,POINT (-87.640893626705 41.926529974613)
O1942930,BICYCLE,dfce106ffc5ce05d0f7d9e808cd480de3280727ae3883e7ae5e36d94524aef1ef1a3e5a2a142ab89e4706f190213b2d3a282f3507553dcbb445c691be69966e4,11/04/2024 09:10:00 PM,F,31.0,HELMET NOT USED,WITH TRAFFIC,IN ROADWAY,TEST NOT OFFERED,,30,RAIN,"DARKNESS, LIGHTED ROAD",PEDALCYCLIST,FOUR WAY,STRAIGHT AND LEVEL,WET,NO INJURY / DRIVE AWAY,WESTERN AVE,41.9248653896,-87.6874935694,POINT (-87.687493569402 41.924865389602)
O1942793,BICYCLE,b1fd0a536f85268c9d800725a20bbe1f2d1a1f878015fc62001862031bd25d466deb6d763445ae225ef030b4ee70479ccc1b176adce72da42d9078bde7d4c96d,11/04/2024 05:23:00 PM,M,30.0,HELMET NOT USED,CROSSING - WITH SIGNAL,IN CROSSWALK,TEST NOT OFFERED,,30,CLEAR,"DARKNESS, LIGHTED ROAD",PEDALCYCLIST,NOT DIVIDED,STRAIGHT AND LEVEL,DRY,INJURY AND / OR TOW DUE TO CRASH,HAMLIN AVE,41.9171333251,-87.7215179392,POINT (-87.721517939184 41.917133325136)
O1944508,BICYCLE,ddb294da21ffbfe44fddbeccf7f2edb950a62a6d8dfcfafb7e9dd194de81d2c692c27338aa0d0d461a0a8156bf8bc7aed952f2264401ebf06338a117aa0f882c,11/04/2024 04:50:00 PM,M,23.0,HELMET NOT USED,CROSSING - NO CONTROLS (AT INTERSECTION),IN CROSSWALK,TEST NOT OFFERED,,30,CLOUDY/OVERCAST,DUSK,PEDALCYCLIST,FOUR WAY,STRAIGHT AND LEVEL,DRY,INJURY AND / OR TOW DUE TO CRASH,WESTERN AVE,41.8611260715,-87.6860298654,POINT (-87.68602986539 41.861126071502)
O1942672,BICYCLE,57feb475a9f4253d7cb02b1168dbdb9aed4895e29faf0cd7eaa0b9d1130fca1eddbe7ab2f7cdcd11b089181ba2b143442b9b52b09630976b9c7acdd3abbf4e7e,11/04/2024 02:46:00 PM,M,29.0,BICYCLE HELMET (PEDACYCLIST INVOLVED ONLY),WITH TRAFFIC,BIKE LANE,TEST REFUSED,,30,CLEAR,DAYLIGHT,PEDALCYCLIST,ONE-WAY,STRAIGHT AND LEVEL,WET,INJURY AND / OR TOW DUE TO CRASH,GRAND AVE,41.891621161,-87.624253929,POINT (-87.624253929022 41.891621161011)
O1942488,NON-MOTOR VEHICLE,78b8c861e2c6b9c67f91e2753f3ed8219e2e55d90b05991b44322fca1a0c4a4ef379ff4782615153c4599cb01f1e16c8b568514b25db58b2ad48a1d53dd98e8f,11/04/2024 12:02:00 PM,M,44.0,NONE PRESENT,OTHER ACTION,NOT IN ROADWAY,TEST NOT OFFERED,,30,CLEAR,DAYLIGHT,OTHER OBJECT,OTHER,STRAIGHT AND LEVEL,DRY,NO INJURY / DRIVE AWAY,WESTERN AVE,41.9917049141,-87.6898457701,POINT (-87.689845770145 41.991704914134)
O1942060,BICYCLE,0aacc720c33d14e155bd4c93b5651dabb58d479dfaa1b1e8f718661119455b02615758629d1f1f28e8f2125e8534b790bf01324c16a9bce06ea27dfcecbab661,11/03/2024 05:07:00 PM,M,47.0,HELMET NOT USED,WITH TRAFFIC,IN ROADWAY,TEST NOT OFFERED,,30,CLEAR,"DARKNESS, LIGHTED ROAD",PEDALCYCLIST,NOT DIVIDED,STRAIGHT AND LEVEL,DRY,INJURY AND / OR TOW DUE TO CRASH,MARQUETTE RD,41.7718214837,-87.7004529563,POINT (-87.700452956321 41.771821483722)
O1942871,BICYCLE,1fb39f11cf2a20df9d373fb64375325f9191d16736fd1e975ff2d37c4f03cdb312b678d6100c45ba0ccc46b82245d97e8ca0f8a064f47cc081fa3b3e214a2294,11/03/2024 11:09:00 AM,M,17.0,HELMET NOT USED,AGAINST TRAFFIC,IN CROSSWALK,TEST NOT OFFERED,,30,CLEAR,DAYLIGHT,PEDALCYCLIST,NOT DIVIDED,STRAIGHT AND LEVEL,DRY,INJURY AND / OR TOW DUE TO CRASH,LA SALLE ST,41.8841586356,-87.6325771983,POINT (-87.632577198337 41.884158635624)
O1944075,BICYCLE,42e18b3aeff77756fbd5cb4e3a593939f2040240e7867d1b4ce670401fa95a29fc1f154a5e683d3b2c04661259cc966fe7a7b391b833b83c3d81e5c027f41343,11/03/2024 08:45:00 AM,M,24.0,HELMET NOT USED,WITH TRAFFIC,BIKE LANE,TEST NOT OFFERED,,30,CLEAR,DAYLIGHT,PEDALCYCLIST,DIVIDED - W/MEDIAN (NOT RAISED),STRAIGHT AND LEVEL,DRY,INJURY AND / OR TOW DUE TO CRASH,HALSTED ST,41.8449836582,-87.6462954572,POINT (-87.646295457244 41.844983658247)
O1941563,BICYCLE,354c500840725208e634f27f5baf7cf311e104d2c191ce3a8b0b3322df664f5d40ee91f9b317b0c711bc03c15984cb0630afa0f3cf73b246b6064b93ca640079,11/02/2024 07:54:00 PM,M,,HELMET NOT USED,UNKNOWN/NA,IN ROADWAY,,,25,CLEAR,"DARKNESS, LIGHTED ROAD",PEDALCYCLIST,NOT DIVIDED,STRAIGHT AND LEVEL,DRY,NO INJURY / DRIVE AWAY,HALSTED ST,41.8844660622,-87.6472912739,POINT (-87.647291273892 41.884466062198)
O1941427,BICYCLE,13cebf3aba34af119293e05fb3a3bc00bdcbd750a10abcf41e22834c142855cd22ffd5f6b4941b676aae9c35a1e25fb0b18c288c40841fe559906a8aa21a52f6,11/02/2024 03:18:00 PM,M,43.0,HELMET NOT USED,UNKNOWN/NA,IN ROADWAY,TEST NOT OFFERED,,30,CLEAR,DAYLIGHT,PEDALCYCLIST,NOT DIVIDED,STRAIGHT AND LEVEL,DRY,INJURY AND / OR TOW DUE TO CRASH,UNION AVE,41.6868384133,-87.639930551,POINT (-87.639930551033 41.686838413252)
O1945555,BICYCLE,0a26057e2e4fa1609d7f7512c1e5c174451f7f92983885d4e8996c6a415b4892d693f28e3d7fc32431bda7c9dc41494c394b711b1e79bc3752d9e3c0e469ad2d,11/02/2024 02:45:00 PM,M,45.0,HELMET NOT USED,WITH TRAFFIC,BIKE LANE,TEST NOT OFFERED,,30,UNKNOWN,DAYLIGHT,PEDALCYCLIST,NOT DIVIDED,STRAIGHT AND LEVEL,UNKNOWN,INJURY AND / OR TOW DUE TO CRASH,MILWAUKEE AVE,41.9092359592,-87.6754555411,POINT (-87.675455541103 41.909235959216)
O1941435,BICYCLE,83e3c9004a2f570a01fafc4f0bc2b3592282c8ed5b7caafbcc6cde35d09690aabdc55b491b712a668499eaac2663679c07ba77c09de7e3b8032436b1f33e8121,11/02/2024 01:45:00 PM,M,17.0,HELMET NOT USED,CROSSING - WITH SIGNAL,IN ROADWAY,TEST NOT OFFERED,,30,CLEAR,DAYLIGHT,PEDALCYCLIST,DIVIDED - W/MEDIAN (NOT RAISED),STRAIGHT AND LEVEL,DRY,INJURY AND / OR TOW DUE TO CRASH,MOBILE AVE,41.9309478926,-87.7831083871,POINT (-87.783108387068 41.930947892592)
O1941189,NON-MOTOR VEHICLE,0fdc046623920b94d2ef595aedb59f77c4b93eaf2cc4b707d36d6e9e6208762a51c0d3b3cbcbfd8f8094d907c3970c4a1186c47685d138bc312fba6f8da52240,11/02/2024 10:05:00 AM,M,34.0,NONE PRESENT,NO ACTION,NOT IN ROADWAY,TEST NOT OFFERED,,30,CLEAR,DAYLIGHT,OTHER OBJECT,PARKING LOT,STRAIGHT AND LEVEL,DRY,INJURY AND / OR TOW DUE TO CRASH,ASHLAND AVE,41.7812043653,-87.6641132795,POINT (-87.664113279518 41.781204365265)
O1943300,BICYCLE,cffabfec43529bc76089eefd4c3d9e11db5ff286f88cd76b5faaf9e86f9143b24c6ed92da24a804b1a9b39f76ab6781fb3bade5e8d0be237cc11db4143b4de51,11/01/2024 05:15:00 PM,M,65.0,BICYCLE HELMET (PEDACYCLIST INVOLVED ONLY),CROSSING - NO CONTROLS (AT INTERSECTION),IN ROADWAY,TEST NOT OFFERED,,30,CLEAR,DAYLIGHT,PEDALCYCLIST,NOT DIVIDED,STRAIGHT AND LEVEL,DRY,INJURY AND / OR TOW DUE TO CRASH,95TH ST,41.7226845294,-87.5667891452,POINT (-87.566789145184 41.722684529407)
O1940638,BICYCLE,dcd634c2a0781362e073d8f0911c7e6f61e5560e4761564a4c32bc5357b21071d27ebd6f396ae77fc4ed3cdc5740ec675049514ece29f75ab9f44b4ff2e99bd4,11/01/2024 02:50:00 PM,F,20.0,BICYCLE HELMET (PEDACYCLIST INVOLVED ONLY),WITH TRAFFIC,NOT IN ROADWAY,TEST NOT OFFERED,,25,CLEAR,DAYLIGHT,PEDALCYCLIST,T-INTERSECTION,STRAIGHT AND LEVEL,DRY,INJURY AND / OR TOW DUE TO CRASH,JEFFERSON ST,41.8679512294,-87.6423616323,POINT (-87.642361632288 41.867951229415)
O1941327,BICYCLE,88dadb41044474438e05442d96e60a2132f0c58cf031631cecd0a28e2e338b8af3ab0aba579da38a975932b1c66b705ceacb441c8cecec5ed7d878506dc29dec,11/01/2024 02:30:00 PM,F,34.0,BICYCLE HELMET (PEDACYCLIST INVOLVED ONLY),NO ACTION,IN CROSSWALK,TEST NOT OFFERED,,30,CLEAR,DAYLIGHT,PEDALCYCLIST,DIVIDED - W/MEDIAN (NOT RAISED),STRAIGHT AND LEVEL,DRY,INJURY AND / OR TOW DUE TO CRASH,OAKLEY AVE,41.9168886135,-87.6847904164,POINT (-87.684790416435 41.91688861351)
O1940315,BICYCLE,f81830bd7f73f348325384a7e6e121425861a8a32b65facfff027121b1a7263e22cb252bff83b090e8fc3f7afffd146644e9873180c720c36e248c1ffc204df3,11/01/2024 08:54:00 AM,M,41.0,HELMET NOT USED,WITH TRAFFIC,BIKE LANE,TEST NOT OFFERED,,25,CLEAR,DAYLIGHT,PEDALCYCLIST,NOT DIVIDED,STRAIGHT AND LEVEL,DRY,NO INJURY / DRIVE AWAY,CLARK ST,41.9546916078,-87.6626084264,POINT (-87.662608426441 41.954691607845)
O1940459,NON-MOTOR VEHICLE,e9d11646f2d57cfbff5d1e51f23e8176b83f29913aff3ab8d5bfcf34c08b7d91e59f79367784d0dac0fe025e6228a9b3e7f8045c2f7f05390c30a86e62ba46da,11/01/2024 08:45:00 AM,,,,,,TEST REFUSED,,25,CLEAR,DAYLIGHT,PARKED MOTOR VEHICLE,ONE-WAY,STRAIGHT AND LEVEL,DRY,INJURY AND / OR TOW DUE TO CRASH,LAVERGNE AVE,41.8821436002,-87.7503834919,POINT (-87.750383491918 41.882143600239)
O1940363,BICYCLE,bdefd794b9d6978c46c9e79abc4962ee113de74d11220ee90fe8b6e3163c4c370853d86ee69e0a2de184e6931a68cf808544620af261d2529fba03c0e4b3485f,11/01/2024 08:30:00 AM,M,33.0,HELMET NOT USED,CROSSING - WITH SIGNAL,IN CROSSWALK,TEST NOT OFFERED,,30,CLEAR,DAYLIGHT,PEDALCYCLIST,FOUR WAY,STRAIGHT AND LEVEL,DRY,INJURY AND / OR TOW DUE TO CRASH,GREENVIEW AVE,41.9105634608,-87.6657384116,POINT (-87.665738411608 41.910563460796)
O1940283,BICYCLE,fa2ad6567cb41e5c4210f68ab422e67f0277c5c177d282542fdd42f476dd88648a1602bcade677353085f8de902ec57a9c593693d3872db39bab5166fd74e83e,11/01/2024 07:10:00 AM,M,20.0,HELMET NOT USED,WITH TRAFFIC,BIKEWAY,TEST NOT OFFERED,,30,CLEAR,DAYLIGHT,PEDALCYCLIST,T-INTERSECTION,STRAIGHT AND LEVEL,DRY,INJURY AND / OR TOW DUE TO CRASH,BELMONT AVE,41.9392100697,-87.7088187145,POINT (-87.708818714455 41.939210069696)
O1940215,NON-MOTOR VEHICLE,05c0ffcb11b6928e209655feac57584b88a42c55f2cfc8ba186a1c9fed6dc0974deb833c6e9a0244f68c24881f908a94d25f964481caacbe871452689c0424fa,10/31/2024 10:33:00 PM,,,USAGE UNKNOWN,,,TEST NOT OFFERED,,30,CLEAR,"DARKNESS, LIGHTED ROAD",FIXED OBJECT,NOT DIVIDED,STRAIGHT AND LEVEL,DRY,INJURY AND / OR TOW DUE TO CRASH,MALDEN ST,41.9688426779,-87.6627600208,POINT (-87.662760020847 41.968842677927)
O1940131,BICYCLE,3b6e7b613a56642170efbb4ac96c1ce62e90dc29aee9407c677d19278542911edb34403b0e91fcf272d1d5a6190afb0c6710495a61923004b1c5c3dc2464785c,10/31/2024 08:34:00 PM,M,16.0,HELMET NOT USED,CROSSING - WITH SIGNAL,IN CROSSWALK,TEST NOT OFFERED,,30,CLEAR,DARKNESS,PEDALCYCLIST,NOT DIVIDED,STRAIGHT AND LEVEL,DRY,INJURY AND / OR TOW DUE TO CRASH,DEVON AVE,41.9982982277,-87.6606116606,POINT (-87.660611660635 41.998298227719)
O1940051,NON-MOTOR VEHICLE,4a491892953efb5114fe8adb17117760f51216bbd43462f255e5f5a7ce6a7ac1123a5fecce1b2ef0f4c22a779de67b80f525ca596d2de7f167773eb6dd075c99,10/31/2024 06:34:00 PM,M,34.0,BICYCLE HELMET (PEDACYCLIST INVOLVED ONLY),CROSSING - NO CONTROLS (NOT AT INTERSECTION),DRIVEWAY ACCESS,TEST NOT OFFERED,,10,CLEAR,"DARKNESS, LIGHTED ROAD",OTHER OBJECT,OTHER,STRAIGHT AND LEVEL,DRY,NO INJURY / DRIVE AWAY,PETERSON AVE,41.9903124945,-87.7031834011,POINT (-87.703183401087 41.990312494485)
O1940058,BICYCLE,2410dab544dc922c6d8b52bb039bf163fa457128feb1f8c0766b96fe4e577e0c63c94ce511c30a8022f696bc8ddb787da52fbbf055008a318f6cb0579ff4111a,10/31/2024 06:21:00 PM,M,17.0,BICYCLE HELMET (PEDACYCLIST INVOLVED ONLY),UNKNOWN/NA,IN ROADWAY,TEST NOT OFFERED,,20,CLEAR,"DARKNESS, LIGHTED ROAD",PEDALCYCLIST,DIVIDED - W/MEDIAN (NOT RAISED),STRAIGHT AND LEVEL,DRY,INJURY AND / OR TOW DUE TO CRASH,PULASKI RD,41.80140618,-87.723251253,POINT (-87.723251253009 41.801406179982)
O1939727,BICYCLE,a517d10bb936ecbb6b9aaa12abe96d512f4b735392139f809a9d551db9164e28672edc49798fe6443e500b1bdbd01cce8410387cfda58915b8b577a310180b6b,10/31/2024 12:30:00 PM,F,,HELMET NOT USED,AGAINST TRAFFIC,IN ROADWAY,TEST NOT OFFERED,,30,UNKNOWN,DAYLIGHT,PEDALCYCLIST,DIVIDED - W/MEDIAN (NOT RAISED),STRAIGHT AND LEVEL,WET,NO INJURY / DRIVE AWAY,DIVERSEY AVE,41.9316503605,-87.7460470973,POINT (-87.74604709729 41.931650360514)
O1939604,BICYCLE,6e0523ca8d54d5e2775e96db70bd385a25c8522ca2b84f9127ccbdba9acbb1506fee14d194d690b843c8a7ab23d287df44951b134ba6832c1943595ae8cb372d,10/31/2024 10:10:00 AM,M,23.0,HELMET NOT USED,OTHER ACTION,IN ROADWAY,TEST NOT OFFERED,,30,CLOUDY/OVERCAST,DAYLIGHT,PEDALCYCLIST,NOT DIVIDED,STRAIGHT AND LEVEL,DRY,NO INJURY / DRIVE AWAY,33RD ST,41.8348111046,-87.6234191872,POINT (-87.62341918718 41.834811104576)
O1939569,BICYCLE,2d76fdfcbfd8c26fb7fcd32ab03a043563429049b52c5c6a3cc7644f57312d99b67a203a848c3e068f1b256ec4dca72e4b12eed47caefab41febec28a691c2ae,10/31/2024 08:52:00 AM,M,28.0,HELMET NOT USED,STANDING IN ROADWAY,IN ROADWAY,TEST NOT OFFERED,,30,CLEAR,DAYLIGHT,PEDALCYCLIST,Y-INTERSECTION,STRAIGHT AND LEVEL,DRY,INJURY AND / OR TOW DUE TO CRASH,MORGAN DR,41.7933495066,-87.6112415711,POINT (-87.611241571059 41.793349506588)
O1939383,BICYCLE,5a0ff9f71a5e7f00122edc8b9439188bc38de82f7d6c8e53ddb5cf3a1a396f01c7434472d6ea38bc9db3e04f71b9a1b6e8b4ce52193067f94c84f6149027e913,10/30/2024 10:30:00 PM,F,33.0,BICYCLE HELMET (PEDACYCLIST INVOLVED ONLY),NO ACTION,BIKE LANE,,,30,CLEAR,"DARKNESS, LIGHTED ROAD",PEDALCYCLIST,NOT DIVIDED,STRAIGHT AND LEVEL,DRY,NO INJURY / DRIVE AWAY,ELSTON AVE,41.9298489966,-87.6846437835,POINT (-87.684643783527 41.929848996597)
O1955245,BICYCLE,edeb8fae6d158a5b9c43e9579df57867cb3a5afa4fc7c42aff4392810ba70f6afb2f294107a21ee4d1b4a6468dfff6a5dacc4571893a713072183a6946519fb9,10/30/2024 09:00:00 PM,M,39.0,HELMET NOT USED,OTHER ACTION,IN ROADWAY,TEST NOT OFFERED,,30,CLEAR,DARKNESS,PEDALCYCLIST,NOT DIVIDED,STRAIGHT AND LEVEL,DRY,INJURY AND / OR TOW DUE TO CRASH,65TH ST,41.7756725126,-87.687150242,POINT (-87.687150242037 41.775672512633)
O1939198,BICYCLE,0c2eeaa2bd0086408139b28d53fc4017dccf7e3988fd1cfb8174405037a79a50ceddfb71e4d4134b30ff78db4aa573e48eaf0d1ab41591ce2a46b9c2a1f1d162,10/30/2024 06:01:00 PM,M,19.0,HELMET NOT USED,TURNING RIGHT,IN ROADWAY,TEST NOT OFFERED,,30,CLEAR,DUSK,PEDALCYCLIST,FOUR WAY,STRAIGHT AND LEVEL,DRY,INJURY AND / OR TOW DUE TO CRASH,63RD ST,41.7793586603,-87.6641484616,POINT (-87.664148461581 41.779358660308)
O1939195,BICYCLE,fc1ce09f0c5239924ee4f0772f6062c990e000f98cac9ed112fe0e8605c93135e3a8c187b74538f679e01417b2e3bbfd3c51e3f45ed26a8525aa0ecd13d077ea,10/30/2024 05:35:00 PM,M,32.0,HELMET NOT USED,AGAINST TRAFFIC,IN ROADWAY,TEST NOT OFFERED,,30,CLEAR,DAYLIGHT,PEDALCYCLIST,DIVIDED - W/MEDIAN (NOT RAISED),STRAIGHT AND LEVEL,DRY,INJURY AND / OR TOW DUE TO CRASH,79TH ST,41.7514737203,-87.5978730676,POINT (-87.597873067568 41.751473720347)
O1939142,BICYCLE,450a64277b14483c49333267f93edb0a2c9e8f03a9aeb68c9b302106310f72bbceae9e966f2491b8e7f8d01109dfbc0b8e489c4bf9dab9a7e9dfbf97633d1565,10/30/2024 04:12:00 PM,M,16.0,HELMET NOT USED,OTHER ACTION,IN ROADWAY,TEST NOT OFFERED,,25,CLEAR,DAYLIGHT,PEDALCYCLIST,NOT DIVIDED,STRAIGHT AND LEVEL,DRY,INJURY AND / OR TOW DUE TO CRASH,DEVON AVE,41.9974998417,-87.6968038415,POINT (-87.696803841473 41.997499841687)
O1939016,BICYCLE,201fa6d342c414fa3046c7d88363183654c136a4414b2b112d84115dbe005159813a57732d1ad9893a1c795bd0eae454c57d57aba17c454ea553aac0735a2476,10/30/2024 02:24:00 PM,M,26.0,BICYCLE HELMET (PEDACYCLIST INVOLVED ONLY),WITH TRAFFIC,BIKE LANE,TEST NOT OFFERED,,30,CLEAR,DAYLIGHT,PEDALCYCLIST,NOT DIVIDED,STRAIGHT AND LEVEL,DRY,INJURY AND / OR TOW DUE TO CRASH,DAMEN AVE,41.9165933261,-87.6774443897,POINT (-87.677444389748 41.916593326116)
O1939150,BICYCLE,13ee5451b83f6e5cbbaaa099ac05be0686d24866d0d18cb6ebcc131b26841667dbd42eb8ec65a266598acd89a79cb5fdf3f614b35db299dd3afbe9b66cb9d5de,10/30/2024 12:52:00 PM,F,22.0,HELMET NOT USED,WITH TRAFFIC,IN ROADWAY,TEST NOT OFFERED,,30,CLEAR,DAYLIGHT,PEDALCYCLIST,ONE-WAY,STRAIGHT AND LEVEL,DRY,INJURY AND / OR TOW DUE TO CRASH,ADAMS ST,41.8794226209,-87.6395560267,POINT (-87.639556026728 41.879422620897)