PERSON_ID,PERSON_TYPE,CRASH_RECORD_ID,CRASH_DATE_x,SEX,AGE,SAFETY_EQUIPMENT,PEDPEDAL_ACTION,PEDPEDAL_LOCATION,BAC_RESULT,CRASH_DATE_EST_I,POSTED_SPEED_LIMIT,WEATHER_CONDITION,LIGHTING_CONDITION,FIRST_CRASH_TYPE,TRAFFICWAY_TYPE,ALIGNMENT,ROADWAY_SURFACE_COND,CRASH_TYPE,STREET_NAME,LATITUDE,LONGITUDE,LOCATION
O1939100,BICYCLE,ba36f93b7b0cf8e7c39e354be6f743d2efc10cf1451a764aaa6c42ba2bdcda876c36593274b26498dff2e329465c5d14f63ef68e73bd49406b9fe89046a802e7,10/30/2024 08:45:00 AM,M,32.0,BICYCLE HELMET (PEDACYCLIST INVOLVED ONLY),TURNING LEFT,IN ROADWAY,TEST NOT OFFERED,,30,CLEAR,DAYLIGHT,PEDALCYCLIST,DIVIDED - W/MEDIAN BARRIER,STRAIGHT AND LEVEL,DRY,INJURY AND / OR TOW DUE TO CRASH,JACKSON BLVD,41.8781755415,-87.6378904219,POINT (-87.637890421903 41.878175541476)
O1938857,BICYCLE,af64fb7348b0ac6ae49423b4037c3b543a8fce412773932b92f62b38ae70dc0054283bf5eaaa4421d840295667e4efbc80f154ced895789ac8732339945dff19,10/30/2024 08:19:00 AM,F,24.0,HELMET NOT USED,OTHER ACTION,IN CROSSWALK,TEST NOT OFFERED,,30,CLEAR,DAYLIGHT,PEDALCYCLIST,T-INTERSECTION,STRAIGHT AND LEVEL,DRY,INJURY AND / OR TOW DUE TO CRASH,HOUSTON AVE,41.7373064661,-87.5498911831,POINT (-87.549891183062 41.737306466127)
O1941441,BICYCLE,90617283c0cbe8b9b21319bced7b25c293328653a473201812bb0f0b454077fec7257338e258ac3e1ab3a2ba23c921bfb1bbacd002e074f088df95a064239fbc,10/30/2024 07:52:00 AM,M,25.0,HELMET NOT USED,AGAINST TRAFFIC,IN ROADWAY,TEST NOT OFFERED,,30,CLEAR,DAYLIGHT,PEDALCYCLIST,ONE-WAY,STRAIGHT AND LEVEL,DRY,INJURY AND / OR TOW DUE TO CRASH,ILLINOIS ST,41.8909043282,-87.6196582806,POINT (-87.619658280616 41.890904328159)
O1938760,BICYCLE,e8124eeac6004a1797cef1261514efac52461e5f1144edad438486581f74bf98ec0b580af78440873a2a15f669ee1806ddcbc44a9b73f2be4f382de6b4d243b9,10/30/2024 07:30:00 AM,M,42.0,HELMET NOT USED,WITH TRAFFIC,IN ROADWAY,TEST NOT OFFERED,,20,CLEAR,DAYLIGHT,PEDALCYCLIST,NOT DIVIDED,STRAIGHT AND LEVEL,DRY,NO INJURY / DRIVE AWAY,46TH ST,41.8101972607,-87.6943013909,POINT (-87.694301390899 41.810197260721)
O1941467,BICYCLE,0a4afd72cb49f22b7649f886cf29da48a05d0a59b02d519afc0ce6d31e97d8752ea5967d3e45d8857ca4f0d600d4fb2c14c38d8ca850c82f535cad99cdd43653,10/29/2024 05:15:00 PM,F,25.0,HELMET NOT USED,CROSSING - NO CONTROLS (AT INTERSECTION),BIKE LANE,TEST NOT OFFERED,,30,CLEAR,DAYLIGHT,PEDALCYCLIST,FOUR WAY,STRAIGHT AND LEVEL,DRY,INJURY AND / OR TOW DUE TO CRASH,FLETCHER ST,41.9385612399,-87.7026415754,POINT (-87.702641575417 41.938561239949)
O1938349,BICYCLE,662aae8bb689d110002e207b0db77c77ed2c99507e49aed09a91d3760d8ac9730713a550552c84976d89ed94c8e884d9a6742d1b67ba49fb29a650efed452804,10/29/2024 03:50:00 PM,M,30.0,HELMET NOT USED,CROSSING - AGAINST SIGNAL,IN CROSSWALK,TEST NOT OFFERED,,25,CLEAR,DAYLIGHT,PEDALCYCLIST,ONE-WAY,STRAIGHT AND LEVEL,DRY,INJURY AND / OR TOW DUE TO CRASH,SAYRE AVE,41.7919695883,-87.7966002352,POINT (-87.796600235171 41.791969588345)
O1938423,BICYCLE,565e0e9754225577d3d35b6c71928d757b5e43d1f52d491dda92cc92cf9eb7b083444d4fbc5ca9037325b03ff29aa982a78fcfb7259a7ed9e05677a8c665b8a0,10/29/2024 03:45:00 PM,F,30.0,HELMET NOT USED,CROSSING - NO CONTROLS (AT INTERSECTION),BIKEWAY,TEST NOT OFFERED,,15,CLEAR,DAYLIGHT,PEDALCYCLIST,NOT DIVIDED,STRAIGHT AND LEVEL,DRY,INJURY AND / OR TOW DUE TO CRASH,RECREATION DR,41.9488655712,-87.6430342452,POINT (-87.643034245157 41.948865571246)
O1938239,BICYCLE,2efe3a9154e7f0dfa161fa23e59c28f5bc907383b6e18175a040c9c70100932c3fb7c96e259e992fb49b4a5a2dfa3fae2af98909b08ba2bb2fa94fc17fd42a9b,10/29/2024 01:04:00 PM,M,,HELMET NOT USED,WITH TRAFFIC,BIKEWAY,TEST NOT OFFERED,,30,CLEAR,DAYLIGHT,PEDALCYCLIST,DIVIDED - W/MEDIAN (NOT RAISED),STRAIGHT AND LEVEL,DRY,INJURY AND / OR TOW DUE TO CRASH,LAWRENCE AVE,41.9682034545,-87.7214319891,POINT (-87.721431989121 41.968203454476)
O1938142,BICYCLE,831851d8d389cb90a8dbd5eca9971c8e562359aab8876f684a0e3b809535de6f6b65b0563714503eb9f639cc4ffb6c650ad145d5b065513628a583d161d1cbff,10/29/2024 09:00:00 AM,M,,HELMET NOT USED,NO ACTION,IN ROADWAY,TEST NOT OFFERED,,30,CLEAR,DAYLIGHT,PEDALCYCLIST,DIVIDED - W/MEDIAN (NOT RAISED),STRAIGHT AND LEVEL,DRY,NO INJURY / DRIVE AWAY,ARMITAGE AVE,41.9174351911,-87.6909096704,POINT (-87.690909670445 41.91743519111)
O1938081,BICYCLE,c01639ebeb8657f067ad7f986b3163a5e8e2a7f9fda152a9a71a12c6f6121cdfa58263e42ce7caceef3e555feb853e5d6e4ca6d6d4e4329850a64f01af1fbd62,10/29/2024 08:56:00 AM,M,37.0,BICYCLE HELMET (PEDACYCLIST INVOLVED ONLY),CROSSING - NO CONTROLS (AT INTERSECTION),BIKEWAY,TEST REFUSED,,30,CLEAR,DAYLIGHT,PEDALCYCLIST,DIVIDED - W/MEDIAN (NOT RAISED),STRAIGHT AND LEVEL,DRY,INJURY AND / OR TOW DUE TO CRASH,MILWAUKEE AVE,41.911369887,-87.6792222136,POINT (-87.679222213649 41.91136988698)
O1937990,BICYCLE,9c3e6b40a8f194d66bd660fd76448cdc339f3616da4edaddda729916a8a60d5effe097ed1cb3cec206aed582d508fe5176415fb32317e006d86e030411c1233f,10/29/2024 05:50:00 AM,F,33.0,HELMET NOT USED,CROSSING - WITH SIGNAL,BIKE LANE,TEST NOT OFFERED,,30,CLEAR,"DARKNESS, LIGHTED ROAD",PEDALCYCLIST,FOUR WAY,STRAIGHT AND LEVEL,DRY,INJURY AND / OR TOW DUE TO CRASH,OAKLEY BLVD,41.8846738601,-87.6839147594,POINT (-87.683914759398 41.884673860062)
O1937962,BICYCLE,514bcf40f959c83d8eae09e7458a4ebe9b012c206756907c3e57846a7fd1c157cf83cea8baa72a04064bc7f4dc618d6ecf6925dd652e610a133468e7b3c9a704,10/28/2024 10:21:00 PM,F,39.0,BICYCLE HELMET (PEDACYCLIST INVOLVED ONLY),UNKNOWN/NA,BIKEWAY,,,30,CLEAR,"DARKNESS, LIGHTED ROAD",PEDALCYCLIST,FOUR WAY,STRAIGHT AND LEVEL,DRY,NO INJURY / DRIVE AWAY,WENTWORTH AVE,41.8577470654,-87.6317454414,POINT (-87.631745441432 41.857747065412)
O1937870,BICYCLE,a40785ea2363fba34c16796a6689520c82a43d6549286333c9d6ec2ebadfb9d1f10d69107a5aea883e8e804031f2824ce9eb27c4205886b0e4c3119d0d39d53b,10/28/2024 06:31:00 PM,F,34.0,HELMET NOT USED,CROSSING - NO CONTROLS (AT INTERSECTION),IN CROSSWALK,TEST NOT OFFERED,,30,CLEAR,DAYLIGHT,PEDALCYCLIST,DIVIDED - W/MEDIAN BARRIER,STRAIGHT AND LEVEL,DRY,INJURY AND / OR TOW DUE TO CRASH,IRVING PARK RD,41.9533201525,-87.7646661975,POINT (-87.764666197546 41.953320152506)
O1937739,BICYCLE,df67c15151dffdd7c5f73224c9b777f99f095f8ebd716bdf62230968b7742684d44a690b46080d0329b1ef928bf1c2dfb4e31e3b63d56b3e16cec150b661e25f,10/28/2024 03:36:00 PM,F,,HELMET NOT USED,OTHER ACTION,NOT IN ROADWAY,TEST NOT OFFERED,,30,CLEAR,DAYLIGHT,PEDALCYCLIST,ALLEY,STRAIGHT AND LEVEL,DRY,INJURY AND / OR TOW DUE TO CRASH,60TH ST,41.7845268815,-87.7039956599,POINT (-87.703995659918 41.784526881516)
O1938699,BICYCLE,bb8a44fddaafa9947ed03ebb26d72c54db1526c4bfff4c0826c6e1560b71c3ac2c2b4f764ab2d0d15fdb35936f55151b2abf9999a03f20db5e1251a7bec9a1fc,10/28/2024 03:30:00 PM,M,16.0,HELMET NOT USED,UNKNOWN/NA,UNKNOWN/NA,TEST NOT OFFERED,,30,CLEAR,DAYLIGHT,PEDALCYCLIST,OTHER,STRAIGHT AND LEVEL,DRY,INJURY AND / OR TOW DUE TO CRASH,COTTAGE GROVE AVE,41.7876664163,-87.6062261594,POINT (-87.606226159394 41.787666416266)
O1937712,BICYCLE,41243f96226f334dc58779e905f4b51ba8af57c3cf6eb4116c33c0a0460ba61457dc122c39cef4f3204f31f4cb76a51c18764a1608a25986b531c088e82d8c65,10/28/2024 02:46:00 PM,M,25.0,HELMET NOT USED,CROSSING - AGAINST SIGNAL,IN ROADWAY,TEST NOT OFFERED,,30,CLEAR,DAYLIGHT,PEDALCYCLIST,FOUR WAY,STRAIGHT AND LEVEL,DRY,NO INJURY / DRIVE AWAY,DIVISION ST,41.9036178177,-87.6574736354,POINT (-87.657473635421 41.903617817686)
O1937678,BICYCLE,0d6e34784bfeaf1d08b4f23cc2b7268f8b25a8526d9dcb98152b9844bd05c6ec0988faf5c832736816efd0d143ba2244a17d0e039bb36f2d8393a50bfb6631dd,10/28/2024 01:52:00 PM,,,HELMET NOT USED,NOT AT INTERSECTION,DRIVEWAY ACCESS,,,30,CLOUDY/OVERCAST,DAYLIGHT,PEDALCYCLIST,NOT DIVIDED,STRAIGHT AND LEVEL,DRY,INJURY AND / OR TOW DUE TO CRASH,HUBBARD ST,41.8898232904,-87.6377835969,POINT (-87.637783596897 41.889823290392)
O1944583,BICYCLE,4d75c9b90804369ea71a4b0511ac47b76806c40bdd7bdeb629c1a7f4cc5a6f40eb14514c2241f3ae3dfa20f98ddd6ef52fffc68aa58454b41d23358b5adab2aa,10/28/2024 01:45:00 PM,F,28.0,HELMET NOT USED,WITH TRAFFIC,IN ROADWAY,TEST NOT OFFERED,,20,CLEAR,DAYLIGHT,PEDALCYCLIST,NOT DIVIDED,STRAIGHT AND LEVEL,DRY,INJURY AND / OR TOW DUE TO CRASH,SHERIDAN RD,41.9527763523,-87.6546408532,POINT (-87.654640853181 41.952776352268)
O1937590,BICYCLE,dd1ffcfec61737d29b022e546d63feea4c4f051ee879a705f7a69b7f8c79d0b9a8f3053c0da067c94ec6827641422f66d7e3b50739e85f08691666fb460c046f,10/28/2024 12:25:00 PM,M,33.0,BICYCLE HELMET (PEDACYCLIST INVOLVED ONLY),NO ACTION,IN ROADWAY,TEST NOT OFFERED,,30,CLEAR,DAYLIGHT,PEDALCYCLIST,NOT DIVIDED,STRAIGHT AND LEVEL,DRY,INJURY AND / OR TOW DUE TO CRASH,DIVERSEY PKWY,41.9326847006,-87.6576464654,POINT (-87.657646465362 41.932684700647)
O1937335,BICYCLE,dfda481e070fb5d2819a1f3ae7efe63d3d85d1c8bfe63eb0a694d1c3c698203660a0bc67fbb5af5bd31c7d69f1a782a6ecbf5d019f0d7f87604ca1c0671acd09,10/27/2024 11:15:00 PM,M,31.0,HELMET NOT USED,UNKNOWN/NA,UNKNOWN/NA,TEST NOT OFFERED,,30,CLEAR,"DARKNESS, LIGHTED ROAD",PEDALCYCLIST,FOUR WAY,STRAIGHT AND LEVEL,DRY,INJURY AND / OR TOW DUE TO CRASH,35TH ST,41.8311694823,-87.6217052088,POINT (-87.621705208836 41.831169482324)
O1938129,BICYCLE,18bfc3e502b340f15b8cf5feb63e769445039b0d73204e812158049c07dfa4cd6919c80225aa209532b10434d415dd06c8d337688be4315b16e999f208020a8f,10/27/2024 10:45:00 PM,F,31.0,BICYCLE HELMET (PEDACYCLIST INVOLVED ONLY),AGAINST TRAFFIC,BIKE LANE,TEST NOT OFFERED,,30,CLEAR,DARKNESS,PEDALCYCLIST,T-INTERSECTION,STRAIGHT AND LEVEL,DRY,INJURY AND / OR TOW DUE TO CRASH,BROADWAY,41.9701779969,-87.6598490073,POINT (-87.659849007291 41.970177996889)
O1936989,BICYCLE,2f6ac3c8e82e9b003575c09f074963be203dcc75934dd6b8af53d5936d1aaa52cbb604bd4c9f3ab7138721e26fe2ef45f7082ac68ae192f1e4001a3ab01eda83,10/27/2024 01:15:00 PM,M,21.0,BICYCLE HELMET (PEDACYCLIST INVOLVED ONLY),CROSSING - WITH SIGNAL,IN CROSSWALK,,,35,CLEAR,DAYLIGHT,PEDALCYCLIST,DIVIDED - W/MEDIAN (NOT RAISED),STRAIGHT AND LEVEL,DRY,NO INJURY / DRIVE AWAY,HALSTED ST,41.9071889672,-87.6480380359,POINT (-87.648038035863 41.9071889672)
O1937072,BICYCLE,95ae8e5c745100a03a283e7625a0f539e531d84d212f1fa563bb6bc0cf2ad66372a165527f2ae566dd940a216471af22e467e45864d9853db2b16fe4ccb9505c,10/27/2024 12:48:00 PM,F,29.0,BICYCLE HELMET (PEDACYCLIST INVOLVED ONLY),NO ACTION,BIKE LANE,TEST NOT OFFERED,,30,CLEAR,DAYLIGHT,PEDALCYCLIST,NOT DIVIDED,STRAIGHT AND LEVEL,DRY,INJURY AND / OR TOW DUE TO CRASH,ELLIS AVE,41.7993278402,-87.6014502401,POINT (-87.601450240145 41.799327840215)
O1936916,BICYCLE,24cab05a5fccff5332c6dd8dc523ce8ee0adc28859be6f345885553cc308bc5e78d7e590be07462c04d8da6f7fa1ffdfacd0e245c905fea81d72945808af836a,10/27/2024 12:03:00 PM,F,91.0,HELMET NOT USED,OTHER ACTION,NOT IN ROADWAY,TEST NOT OFFERED,,5,CLEAR,DAYLIGHT,PEDALCYCLIST,DRIVEWAY,STRAIGHT AND LEVEL,DRY,INJURY AND / OR TOW DUE TO CRASH,PULASKI RD,41.9859279924,-87.7286634185,POINT (-87.728663418531 41.9859279924)
O1945709,BICYCLE,2ebcfc17b254a75b0ff0ab2d1b242fd8118de5a4eed7b775e3a8664a32047b57c193e61b075a5cb1e638537efb029b7b164b5abc81943f97281a44787bcef070,10/27/2024 04:04:00 AM,M,64.0,HELMET NOT USED,UNKNOWN/NA,IN ROADWAY,TEST NOT OFFERED,Y,30,CLEAR,"DARKNESS, LIGHTED ROAD",PEDALCYCLIST,ONE-WAY,STRAIGHT AND LEVEL,DRY,INJURY AND / OR TOW DUE TO CRASH,UNION AVE,41.8566564752,-87.6449066581,POINT (-87.644906658094 41.856656475165)
O1936623,BICYCLE,d8bef44135f9ef57dabaee9d64712ade0e8c9eeb59cb843b69da0d7760af088546d757ac36c1ac268b0c66dbedf3e1719f2183f12222b6f1e6a6f9dff0aa3e7d,10/26/2024 09:58:00 PM,M,24.0,HELMET NOT USED,WITH TRAFFIC,UNKNOWN/NA,TEST NOT OFFERED,,30,CLEAR,"DARKNESS, LIGHTED ROAD",PEDALCYCLIST,DIVIDED - W/MEDIAN (NOT RAISED),STRAIGHT AND LEVEL,DRY,INJURY AND / OR TOW DUE TO CRASH,HALSTED ST,41.8665660833,-87.6470507369,POINT (-87.647050736897 41.866566083279)
O1936575,BICYCLE,0b73948b7d7030dc5821d9ac79caadf84967bc5d9dc425082e490041513d0b91aaf846e10212ea9a12136656da7524e816aefb353dfa0335a025f8b2e248ff3b,10/26/2024 09:28:00 PM,M,38.0,BICYCLE HELMET (PEDACYCLIST INVOLVED ONLY),CROSSING - WITH SIGNAL,IN ROADWAY,TEST NOT OFFERED,,30,CLEAR,DARKNESS,PEDALCYCLIST,DIVIDED - W/MEDIAN (NOT RAISED),STRAIGHT AND LEVEL,DRY,INJURY AND / OR TOW DUE TO CRASH,IRVING PARK RD,41.9542455897,-87.6641794847,POINT (-87.664179484716 41.95424558974)
O1936536,BICYCLE,50afcab73cd4502fe0c97cb37a5335ba35bb461df7bc53e7d84f0250832f84414736f51df1b1db91262ea00566fa11ce142294c6e4f64c234571d0b04859c3fd,10/26/2024 07:45:00 PM,M,38.0,BICYCLE HELMET (PEDACYCLIST INVOLVED ONLY),CROSSING - NO CONTROLS (AT INTERSECTION),IN CROSSWALK,TEST NOT OFFERED,,30,CLEAR,"DARKNESS, LIGHTED ROAD",PEDALCYCLIST,FOUR WAY,STRAIGHT AND LEVEL,DRY,INJURY AND / OR TOW DUE TO CRASH,LOCKWOOD AVE,41.9387081384,-87.7592866286,POINT (-87.759286628642 41.938708138436)
O1936504,BICYCLE,89b0cf161d414bec7c489d08bc9964d2c3f19c0e53047064c35bc7be828c738fd7b48fd29f08a98e305a1eb983868a16a8b92303281fdb4450f26d10160e2351,10/26/2024 07:00:00 PM,M,24.0,HELMET NOT USED,WITH TRAFFIC,IN ROADWAY,TEST NOT OFFERED,,30,CLEAR,"DARKNESS, LIGHTED ROAD",PEDALCYCLIST,DIVIDED - W/MEDIAN BARRIER,STRAIGHT AND LEVEL,UNKNOWN,INJURY AND / OR TOW DUE TO CRASH,MICHIGAN AVE,41.891120593,-87.6239887043,POINT (-87.623988704323 41.891120593049)
O1936526,BICYCLE,e3170d2a88c626e107f9debab6288ad77c78e99622ebcfbfb517e517b921723f1cf65d5ef09ec17d59f21e4c9d4d0ee815656aa37ad76ab0cd102612a13a4aa3,10/26/2024 07:00:00 PM,M,,HELMET NOT USED,NO ACTION,BIKEWAY,,,30,CLEAR,"DARKNESS, LIGHTED ROAD",PEDALCYCLIST,NOT DIVIDED,STRAIGHT AND LEVEL,DRY,INJURY AND / OR TOW DUE TO CRASH,26TH ST,41.844266447,-87.7315409673,POINT (-87.7315409673 41.844266446999)
O1936470,BICYCLE,a1021ef10834de4a22559e0d1f42581cc40b8b3b39ca0026cdc6c6a1c36c120c3a0ad84dbb8b038f751563b7cce780db08d675b482af3fbec325e75cacf8b235,10/26/2024 05:10:00 PM,M,15.0,HELMET NOT USED,OTHER ACTION,IN ROADWAY,TEST NOT OFFERED,,30,CLEAR,DAYLIGHT,PEDALCYCLIST,NOT DIVIDED,STRAIGHT AND LEVEL,DRY,INJURY AND / OR TOW DUE TO CRASH,MONTROSE AVE,41.9609754265,-87.716661139,POINT (-87.716661139003 41.960975426464)
O1936373,BICYCLE,6dc695167454769c230628610e9db56d687f1298ac6a8324d4e9785247ffa70a38e13591c172255d94f2d9c8d9c47d0f5dc4413225bd84aa98c0f811b568ac00,10/26/2024 03:37:00 PM,M,27.0,HELMET NOT USED,CROSSING - NO CONTROLS (AT INTERSECTION),IN CROSSWALK,TEST NOT OFFERED,,30,CLEAR,DAYLIGHT,PEDALCYCLIST,ONE-WAY,STRAIGHT AND LEVEL,UNKNOWN,INJURY AND / OR TOW DUE TO CRASH,ERIE ST,41.8923738725,-87.7462889808,POINT (-87.746288980796 41.892373872539)
O1936368,NON-MOTOR VEHICLE,62c00346d0484878f81e0815dbbc735855720f0c349aa01695ec9f038f403de3e0a98342372972795e2d9d8da6d4fced3bf8db037236d68a6345e090883704ff,10/26/2024 03:20:00 PM,M,,USAGE UNKNOWN,,,TEST NOT OFFERED,,10,CLEAR,DAYLIGHT,OTHER OBJECT,PARKING LOT,STRAIGHT AND LEVEL,UNKNOWN,INJURY AND / OR TOW DUE TO CRASH,NORTH AVE,41.909764527,-87.7433762957,POINT (-87.743376295706 41.909764527033)
O1936775,BICYCLE,c7959bada9188339d4653ebb33aef9be1e5de68a6592d2200de5bf2f9359307588a870c7fc92d3bc9f8f1f0829fb02df239e7ac0c79fc70567989dfecc3b5cbc,10/26/2024 02:30:00 PM,M,26.0,HELMET NOT USED,WITH TRAFFIC,BIKE LANE,TEST NOT OFFERED,Y,30,CLEAR,DAYLIGHT,PEDALCYCLIST,NOT DIVIDED,STRAIGHT AND LEVEL,DRY,NO INJURY / DRIVE AWAY,HALSTED ST,41.8466115003,-87.646322101,POINT (-87.646322101047 41.846611500337)
O1936303,BICYCLE,e4713a4c6b268eb34a65fe6311d95bae6fca19d0556294ad9903000c94a9a030a181ca08f15f4f36f43937e2edbe996de4cda24fdffb8f07689dacecf54ef65f,10/26/2024 02:25:00 PM,M,19.0,BICYCLE HELMET (PEDACYCLIST INVOLVED ONLY),WITH TRAFFIC,IN ROADWAY,TEST NOT OFFERED,,25,CLEAR,DAYLIGHT,PEDALCYCLIST,ONE-WAY,STRAIGHT AND LEVEL,DRY,INJURY AND / OR TOW DUE TO CRASH,BALMORAL AVE,41.9797965877,-87.6642508186,POINT (-87.664250818586 41.979796587674)
O1936256,BICYCLE,aae2eb7d23c6da064f7dcae453078c8929033d5446364da5cf2bfa867623c3f308c0c7e2482d9f8237556cde38279a17d845e36ed0382ae65283fffdc394d7d2,10/26/2024 01:15:00 PM,M,34.0,HELMET NOT USED,WITH TRAFFIC,IN ROADWAY,TEST NOT OFFERED,,35,CLEAR,DAYLIGHT,PEDALCYCLIST,NOT DIVIDED,STRAIGHT AND LEVEL,DRY,INJURY AND / OR TOW DUE TO CRASH,CHICAGO AVE,41.8967464354,-87.6311745036,POINT (-87.631174503605 41.896746435406)
O1936059,BICYCLE,e0d112d41c85bb835894e8acd475709dc3a3f3609ed47c8d15c51179fded94b4fc765e7844df9d452792de138afb6b431ce638e1f7194268d492ff019dc55889,10/26/2024 06:51:00 AM,F,67.0,BICYCLE HELMET (PEDACYCLIST INVOLVED ONLY),NO ACTION,IN ROADWAY,"TEST PERFORMED, RESULTS UNKNOWN",,30,UNKNOWN,DAWN,PEDALCYCLIST,DIVIDED - W/MEDIAN (NOT RAISED),STRAIGHT AND LEVEL,UNKNOWN,INJURY AND / OR TOW DUE TO CRASH,DEVON AVE,41.9974588582,-87.7657541858,POINT (-87.765754185813 41.99745885824)
O1935872,BICYCLE,4032f28388a45870e89b4a1dfd5a736a41d163352332bf861c0c45f575f5c9da93520c4bde0953e290d21d8b51c51c40cd9ced48262d47d4e18d4efff53eb715,10/25/2024 07:45:00 PM,M,37.0,HELMET NOT USED,CROSSING - NO CONTROLS (AT INTERSECTION),BIKE LANE,TEST NOT OFFERED,,30,CLEAR,"DARKNESS, LIGHTED ROAD",PEDALCYCLIST,DIVIDED - W/MEDIAN BARRIER,STRAIGHT AND LEVEL,DRY,INJURY AND / OR TOW DUE TO CRASH,MILWAUKEE AVE,41.8934906417,-87.6509256458,POINT (-87.650925645752 41.89349064168)
O1935899,BICYCLE,5d66ee526b3c11c3f5a5c7238e4dc03284392e748822af72ffda1a33c331ab372b5f957bb84fb679550a0bad238db0eaac1ffbe4aca3dc981f480da6d1cd8445,10/25/2024 07:30:00 PM,M,23.0,BICYCLE HELMET (PEDACYCLIST INVOLVED ONLY),NO ACTION,BIKEWAY,TEST NOT OFFERED,N,30,UNKNOWN,DARKNESS,PEDALCYCLIST,DIVIDED - W/MEDIAN BARRIER,STRAIGHT AND LEVEL,OTHER,NO INJURY / DRIVE AWAY,STATE ST,41.8867789914,-87.6281185517,POINT (-87.628118551654 41.886778991364)
O1935798,BICYCLE,a54aa99eebc28188c706a74b4dff7c0429e6e397c45add71ce5597d2fdfd9759d279a0b64c70141885587e8919f3cc858f5ddd9289ca8253cdaf19d536bd477f,10/25/2024 06:56:00 PM,F,36.0,BICYCLE HELMET (PEDACYCLIST INVOLVED ONLY),CROSSING - WITH SIGNAL,IN CROSSWALK,TEST NOT OFFERED,,30,CLEAR,"DARKNESS, LIGHTED ROAD",PEDALCYCLIST,NOT DIVIDED,STRAIGHT AND LEVEL,DRY,INJURY AND / OR TOW DUE TO CRASH,LAWRENCE AVE,41.9687879038,-87.667587824,POINT (-87.667587824021 41.968787903796)
O1935707,NON-MOTOR VEHICLE,37a3b489fab03dd3b7afce8389bf7b74fe202981db171fd4533543905ebba14e49f484fa225bfef029b2b7d7dc052eee4ddb026bff9568429ec9d696858862de,10/25/2024 04:21:00 PM,M,16.0,USAGE UNKNOWN,NOT AT INTERSECTION,IN ROADWAY,TEST NOT OFFERED,,30,CLEAR,DAYLIGHT,OTHER OBJECT,DIVIDED - W/MEDIAN (NOT RAISED),STRAIGHT AND LEVEL,DRY,INJURY AND / OR TOW DUE TO CRASH,JEFFERY BLVD,41.7371486099,-87.5755733236,POINT (-87.575573323575 41.737148609904)
O1935693,BICYCLE,b89422035dec5f4482f740d843967b231a40bb138a8fcbfe96c2985bac56c2139d4665abc6d7c8635c6da447335c07f4722abeb08025e562f4fea075b8fd24fb,10/25/2024 03:54:00 PM,F,30.0,HELMET NOT USED,CROSSING - CONTROLS PRESENT (NOT AT INTERSECTION),BIKE LANE,TEST NOT OFFERED,,25,RAIN,DAYLIGHT,PEDALCYCLIST,DIVIDED - W/MEDIAN (NOT RAISED),STRAIGHT AND LEVEL,DRY,INJURY AND / OR TOW DUE TO CRASH,HALSTED ST,41.8567745183,-87.646466244,POINT (-87.646466243966 41.856774518335)
O1935833,BICYCLE,8e6826a696879f6efb5f568807c6a67385b44710f101ab41918ba45645b307d8f75ed6d0bd9e905147c6ef80d7152ba8c19a65365264564f04f7f563dd7d715e,10/25/2024 03:00:00 PM,M,16.0,HELMET NOT USED,NO ACTION,IN ROADWAY,TEST NOT OFFERED,,30,CLEAR,DAYLIGHT,PEDALCYCLIST,ALLEY,STRAIGHT AND LEVEL,DRY,INJURY AND / OR TOW DUE TO CRASH,79TH ST,41.7496902358,-87.7212362664,POINT (-87.721236266415 41.749690235777)
O1935581,BICYCLE,5e2336a686309905313552dd6a4cafd3466e1d44bba7508576fd89ee1942036436d7a413d37cdce463ee58dc034718b569e5c8ea84a5465b6bdec7e08de1d8d6,10/25/2024 01:30:00 PM,M,80.0,HELMET NOT USED,CROSSING - WITH SIGNAL,BIKE LANE,TEST NOT OFFERED,,25,CLEAR,DAYLIGHT,PEDALCYCLIST,FOUR WAY,STRAIGHT AND LEVEL,DRY,INJURY AND / OR TOW DUE TO CRASH,BLUE ISLAND AVE,41.8596824524,-87.6597734343,POINT (-87.65977343428 41.859682452426)
O1935487,BICYCLE,89871b2b54f6755238a21d4dbd72ee1c764ed2444b0d69a5e45675854f925f75eea40bf054882be8bf065548c488c0e01df64172ae08a9650417069fc03df469,10/25/2024 12:15:00 PM,M,79.0,BICYCLE HELMET (PEDACYCLIST INVOLVED ONLY),OTHER ACTION,IN ROADWAY,TEST NOT OFFERED,,25,CLEAR,DAYLIGHT,PEDALCYCLIST,FOUR WAY,STRAIGHT AND LEVEL,DRY,INJURY AND / OR TOW DUE TO CRASH,WILSON DR,41.9664935034,-87.6429174778,POINT (-87.642917477811 41.966493503443)
O1937584,BICYCLE,f8c9c493a434bae7d46e418fc8b7a4b75316bc6fbdb604155ba8fa807e6039125cc2dfc7359b6e41d6551c5de51638cc41b576c54838e18668a7d93ad513d348,10/25/2024 08:55:00 AM,M,24.0,BICYCLE HELMET (PEDACYCLIST INVOLVED ONLY),CROSSING - NO CONTROLS (NOT AT INTERSECTION),IN CROSSWALK,TEST NOT OFFERED,,30,CLEAR,DAYLIGHT,PEDALCYCLIST,DIVIDED - W/MEDIAN BARRIER,STRAIGHT AND LEVEL,UNKNOWN,NO INJURY / DRIVE AWAY,LINCOLN AVE,41.9935137418,-87.7126882417,POINT (-87.712688241694 41.993513741793)