PERSON_ID,PERSON_TYPE,CRASH_RECORD_ID,CRASH_DATE_x,SEX,AGE,SAFETY_EQUIPMENT,PEDPEDAL_ACTION,PEDPEDAL_LOCATION,BAC_RESULT,CRASH_DATE_EST_I,POSTED_SPEED_LIMIT,WEATHER_CONDITION,LIGHTING_CONDITION,FIRST_CRASH_TYPE,TRAFFICWAY_TYPE,ALIGNMENT,ROADWAY_SURFACE_COND,CRASH_TYPE,STREET_NAME,LATITUDE,LONGITUDE,LOCATION
O1935172,BICYCLE,f876a45f5547833ccb611468af6d777f2ebc364405e429b4ff1042d7edea396a6eb147ca1012764b63b1055912adaba9d41fa55c98b4c35f727cea43315a1bd5,10/25/2024 12:12:00 AM,M,44.0,BICYCLE HELMET (PEDACYCLIST INVOLVED ONLY),NO ACTION,IN ROADWAY,TEST NOT OFFERED,,30,RAIN,"DARKNESS, LIGHTED ROAD",PEDALCYCLIST,NOT DIVIDED,STRAIGHT AND LEVEL,WET,NO INJURY / DRIVE AWAY,MORGAN ST,41.8856393294,-87.6522890873,POINT (-87.652289087307 41.885639329449)
O1935151,BICYCLE,ab1d0d6e6b143d654e66f7b24d17218b03ca4bc1e214756fc4863c63ca6309ad7306b662ead9f116980db5cb143b17bb99c738255130a39b93e7f6e7f69d7eb3,10/24/2024 11:01:00 PM,M,22.0,HELMET NOT USED,WITH TRAFFIC,IN ROADWAY,TEST NOT OFFERED,,30,CLEAR,"DARKNESS, LIGHTED ROAD",PEDALCYCLIST,NOT DIVIDED,STRAIGHT AND LEVEL,DRY,INJURY AND / OR TOW DUE TO CRASH,WOLCOTT AVE,41.8151557491,-87.6722806168,POINT (-87.67228061683 41.815155749114)
O1935127,BICYCLE,52cb0a25e4614bfcaaaf1a15f9fbed4db36fc516e744522a877ee6aeea411e26582ddaedbf65fdc375048a1f250deae6f30e225d91ea3f4e04b77c3d8df0b1c5,10/24/2024 09:26:00 PM,F,24.0,HELMET NOT USED,WITH TRAFFIC,BIKEWAY,TEST NOT OFFERED,,30,CLEAR,"DARKNESS, LIGHTED ROAD",PEDALCYCLIST,DIVIDED - W/MEDIAN (NOT RAISED),STRAIGHT AND LEVEL,UNKNOWN,INJURY AND / OR TOW DUE TO CRASH,MILWAUKEE AVE,41.9091996355,-87.6753987614,POINT (-87.675398761391 41.909199635536)
O1938391,BICYCLE,fc0a57db7793867331ffd30d2d30ee586b0c834841db5872d856c421e287d21a37d34eee22fe40092584ceeecc2d805226f77200900d10554ee5f69248f70e21,10/24/2024 07:30:00 PM,M,16.0,HELMET NOT USED,WITH TRAFFIC,IN ROADWAY,TEST NOT OFFERED,,30,CLEAR,"DARKNESS, LIGHTED ROAD",PEDALCYCLIST,DIVIDED - W/MEDIAN (NOT RAISED),STRAIGHT AND LEVEL,DRY,INJURY AND / OR TOW DUE TO CRASH,CALIFORNIA AVE,41.931607951,-87.697755776,POINT (-87.697755776035 41.931607951049)
O1935035,BICYCLE,aadc3c9738f640daf2ab8d053616dce1b4afe6da615f5e6231575e708758aa34a51384000364cb3760cf93f273811cc2ca6b0709bf39af1695f9568f45df2b9f,10/24/2024 06:28:00 PM,M,33.0,HELMET NOT USED,WITH TRAFFIC,IN ROADWAY,TEST NOT OFFERED,,30,CLEAR,"DARKNESS, LIGHTED ROAD",PEDALCYCLIST,DIVIDED - W/MEDIAN (NOT RAISED),STRAIGHT AND LEVEL,DRY,INJURY AND / OR TOW DUE TO CRASH,MICHIGAN AVE,41.8722997062,-87.6240313672,POINT (-87.624031367191 41.87229970622)
O1934965,BICYCLE,20cc3845e453169e16cbb15ffeb0ce4dd4f55415e0cc3910672c47e50a438bb369fc706002c7f98719afa93ec53f6d0648b982767c016f9b24ff9a7a9f37aca0,10/24/2024 04:54:00 PM,F,26.0,BICYCLE HELMET (PEDACYCLIST INVOLVED ONLY),CROSSING - WITH SIGNAL,BIKE LANE,TEST NOT OFFERED,,30,CLEAR,DAYLIGHT,PEDALCYCLIST,FOUR WAY,STRAIGHT AND LEVEL,DRY,NO INJURY / DRIVE AWAY,TAYLOR ST,41.8697054313,-87.6470769198,POINT (-87.647076919821 41.869705431293)
O1947582,BICYCLE,16dc388610e2ee71a12277b0a62c6c3302b392e4508d8b06b618e9b50929c1bf2e7f963733b15607e77d980963c6130c71e9bf309b3d1d23a84e9e5dcc4671ba,10/24/2024 04:43:00 PM,M,34.0,BICYCLE HELMET (PEDACYCLIST INVOLVED ONLY),CROSSING - WITH SIGNAL,BIKEWAY,,,30,CLEAR,DAYLIGHT,PEDALCYCLIST,FOUR WAY,STRAIGHT AND LEVEL,DRY,INJURY AND / OR TOW DUE TO CRASH,LOGAN BLVD,41.9295660044,-87.6863225241,POINT (-87.686322524057 41.929566004396)
O1934973,BICYCLE,e339407d6fa2c253cdf3b7f338ceb1bf8f8d9f046308325d420ee5c7ebf06a5e5a1f12ed5e04419a92ca701ebe9b52cb245d5319e7ba910253cd73e076c5b793,10/24/2024 04:30:00 PM,M,,BICYCLE HELMET (PEDACYCLIST INVOLVED ONLY),CROSSING - CONTROLS PRESENT (NOT AT INTERSECTION),IN ROADWAY,TEST NOT OFFERED,,30,CLEAR,DAYLIGHT,PEDALCYCLIST,NOT DIVIDED,STRAIGHT AND LEVEL,DRY,INJURY AND / OR TOW DUE TO CRASH,KIMBALL AVE,41.9708190933,-87.7135780972,POINT (-87.713578097176 41.970819093267)
O1935018,BICYCLE,aefbcc593401be1c38b49010aaf52dcc382817885345b6de9e41696c3eda63c2b11827180b8f5ee9d1492dc39af0023999de35e97cf69a4b6bd05496793af733,10/24/2024 04:00:00 PM,F,51.0,HELMET NOT USED,WITH TRAFFIC,UNKNOWN/NA,TEST NOT OFFERED,,30,CLEAR,DAYLIGHT,PEDALCYCLIST,FOUR WAY,STRAIGHT AND LEVEL,UNKNOWN,NO INJURY / DRIVE AWAY,OAK PARK AVE,41.9273276751,-87.7955038959,POINT (-87.795503895884 41.927327675069)
O1934933,BICYCLE,7f4fbebf395e2f8ceb9bc4ec77d96e50c3e0ec3dbcda6028ef67e0884f438ebad79886e6a11738566b89fcc2b183fe0833b101ecf1b75e02cd7a97122955764b,10/24/2024 03:55:00 PM,M,68.0,HELMET NOT USED,WITH TRAFFIC,IN ROADWAY,TEST NOT OFFERED,,35,CLEAR,DAYLIGHT,PEDALCYCLIST,DIVIDED - W/MEDIAN (NOT RAISED),STRAIGHT AND LEVEL,DRY,INJURY AND / OR TOW DUE TO CRASH,CALIFORNIA AVE,41.7960055135,-87.6937142212,POINT (-87.693714221229 41.796005513527)
O1934904,BICYCLE,a7c879a48955ac446719048abc4f3574b4a960197ceafa5613890787ad8f623d6d12ea807bc7cf754dfe7cbe1f9251ff5515e0dcfbbd37bcae771be1121cff66,10/24/2024 02:45:00 PM,M,73.0,HELMET NOT USED,TURNING RIGHT,IN ROADWAY,,,30,CLEAR,DAYLIGHT,PEDALCYCLIST,DIVIDED - W/MEDIAN (NOT RAISED),STRAIGHT AND LEVEL,DRY,INJURY AND / OR TOW DUE TO CRASH,CANAL ST,41.8575640708,-87.6390789106,POINT (-87.639078910579 41.857564070819)
O1935743,BICYCLE,8d8607044a53e85d8ff1f2643b708406bab7f5fcb2f452c34e0e5fa0ad5539eb964be7b9163d07a3113c437cff27af42dcd683015d089fba3bd448c74139fd3b,10/24/2024 01:51:00 PM,F,43.0,HELMET NOT USED,CROSSING - CONTROLS PRESENT (NOT AT INTERSECTION),IN CROSSWALK,TEST NOT OFFERED,,30,CLEAR,DAYLIGHT,PEDALCYCLIST,ONE-WAY,STRAIGHT AND LEVEL,DRY,INJURY AND / OR TOW DUE TO CRASH,CHICAGO AVE,41.8947251763,-87.766573047,POINT (-87.766573047047 41.894725176291)
O1934700,BICYCLE,9e15b5fecab5f80361e4a0353504d93e5e9484941845c3c4deee4e54fb8864ddcbdeb1278f9bbb50e3a2b1078e6305053c73ea0e944148b6fb118d32f82272bc,10/24/2024 10:30:00 AM,F,27.0,HELMET NOT USED,WITH TRAFFIC,BIKE LANE,TEST NOT OFFERED,,30,CLEAR,DAYLIGHT,PEDALCYCLIST,DIVIDED - W/MEDIAN (NOT RAISED),STRAIGHT AND LEVEL,DRY,INJURY AND / OR TOW DUE TO CRASH,CLARK ST,41.9309866563,-87.6439049073,POINT (-87.643904907281 41.930986656284)
O1935825,BICYCLE,b3f766594321c41570e9e2abda14b7d51a69fc5ba01a052fee196183254cd878e8c3e42f7b2277f9a9263017f0cd43b6797fc1083f8ffead5bb38642dafd07e4,10/24/2024 09:55:00 AM,M,27.0,HELMET NOT USED,CROSSING - WITH SIGNAL,IN ROADWAY,TEST NOT OFFERED,,25,CLEAR,DAYLIGHT,PEDALCYCLIST,DIVIDED - W/MEDIAN (NOT RAISED),STRAIGHT AND LEVEL,DRY,INJURY AND / OR TOW DUE TO CRASH,CLARK ST,41.9472022255,-87.6566877556,POINT (-87.656687755593 41.947202225469)
O1949276,BICYCLE,1a9c5644bf677f995d1b10d057fa373dbc8ca1e75ee91464bdbe88891af7a881df80a495ffa0ecf5c941cab803a2a925be65602f82ae2bf531669984b5c34ffb,10/24/2024 09:30:00 AM,F,22.0,BICYCLE HELMET (PEDACYCLIST INVOLVED ONLY),CROSSING - WITH SIGNAL,IN CROSSWALK,,,30,CLEAR,DAYLIGHT,PEDALCYCLIST,NOT DIVIDED,STRAIGHT AND LEVEL,DRY,INJURY AND / OR TOW DUE TO CRASH,MONROE DR,41.8810523792,-87.6172002214,POINT (-87.617200221395 41.881052379222)
O1934605,BICYCLE,c753ce82bc62e3a0325ac5e55ebafad3d50114fe7a4b22643d69d8a6e28378adb62a994563180636330835d6097074a4a2b25b2964cff7021916cbaaf6c406b8,10/24/2024 08:50:00 AM,F,36.0,HELMET NOT USED,CROSSING - NO CONTROLS (NOT AT INTERSECTION),UNKNOWN/NA,TEST NOT OFFERED,,30,CLEAR,DAYLIGHT,PEDALCYCLIST,NOT DIVIDED,STRAIGHT AND LEVEL,DRY,INJURY AND / OR TOW DUE TO CRASH,26TH ST,41.8443562652,-87.7087469931,POINT (-87.708746993088 41.844356265154)
O1934525,BICYCLE,56a8c0932db9dca08b2d92979d60fc79d26eeb97e7c6726acab6021c8509e0174683d48f0c8b9a7c88c75ad2fd0966ca21b6739f70bd6b3354c16e2d5ccf047b,10/24/2024 08:25:00 AM,M,20.0,HELMET NOT USED,WITH TRAFFIC,IN ROADWAY,TEST NOT OFFERED,,25,CLEAR,DAYLIGHT,PEDALCYCLIST,ONE-WAY,STRAIGHT AND LEVEL,DRY,INJURY AND / OR TOW DUE TO CRASH,MORSE AVE,42.0072780081,-87.6896497037,POINT (-87.689649703674 42.007278008136)
O1934449,BICYCLE,660a7741c91d3fb0042887f147c2d93ef1e16bac60b2103782e0aafb62852369aea9937272ea5f5ef563708f9329688ee0d3896917b29e1041efe7d7ef3f93e9,10/24/2024 12:12:00 AM,F,42.0,HELMET NOT USED,UNKNOWN/NA,BIKE LANE,TEST NOT OFFERED,,30,CLEAR,"DARKNESS, LIGHTED ROAD",PEDALCYCLIST,NOT DIVIDED,STRAIGHT AND LEVEL,DRY,INJURY AND / OR TOW DUE TO CRASH,WRIGHTWOOD AVE,41.9284474586,-87.7102458922,POINT (-87.710245892203 41.928447458648)
O1934437,BICYCLE,c5bf82ac599a0b3212d2e44888354e995d01273d650cc4b1d99764a072db975cf24d51c9b2f4897aa9ed4f5acb9232c1571cb005d19c5ff691d7c8c3112e07ff,10/23/2024 09:50:00 PM,M,19.0,HELMET NOT USED,OTHER ACTION,IN ROADWAY,TEST NOT OFFERED,,25,CLEAR,DARKNESS,PEDALCYCLIST,DIVIDED - W/MEDIAN (NOT RAISED),STRAIGHT AND LEVEL,DRY,INJURY AND / OR TOW DUE TO CRASH,GRAND AVE,41.903983207,-87.721244898,POINT (-87.721244897993 41.903983206955)
O1934376,BICYCLE,32ac5ff8ccadfdf16f4786f463170e8097c8281beba26c6c1b80759923736e0fbaacac8039166d142d511b7009a28722319d2ee8be818550341b4eafcac39d90,10/23/2024 07:55:00 PM,F,22.0,HELMET NOT USED,TURNING LEFT,IN ROADWAY,TEST NOT OFFERED,,30,CLEAR,DARKNESS,PEDALCYCLIST,FOUR WAY,STRAIGHT AND LEVEL,DRY,INJURY AND / OR TOW DUE TO CRASH,LAKE ST,41.8857732835,-87.6475356917,POINT (-87.647535691736 41.885773283507)
O1935602,BICYCLE,88ea5222cc33140e61dbd0a716baaf71f2859103d9642dd1fa086b0242618013773510df15496a026c6c10b9a3f85515099442f6ac6273a355ee83d0bf5866fd,10/23/2024 07:04:00 PM,M,35.0,HELMET NOT USED,WITH TRAFFIC,IN ROADWAY,TEST NOT OFFERED,,30,UNKNOWN,"DARKNESS, LIGHTED ROAD",PEDALCYCLIST,NOT DIVIDED,STRAIGHT AND LEVEL,UNKNOWN,INJURY AND / OR TOW DUE TO CRASH,FULLERTON AVE,41.9251349437,-87.6779635455,POINT (-87.677963545538 41.925134943749)
O1934323,BICYCLE,bc02570b7f00da27d90ff7dac62a4e765064ecdcec5fa5537ae0089d5c840e3418806d119137518079adf754a12499913534ef290716c42f2b828dc5cf682424,10/23/2024 07:00:00 PM,M,,HELMET NOT USED,UNKNOWN/NA,IN ROADWAY,,,35,CLEAR,"DARKNESS, LIGHTED ROAD",PEDALCYCLIST,DIVIDED - W/MEDIAN (NOT RAISED),STRAIGHT AND LEVEL,DRY,INJURY AND / OR TOW DUE TO CRASH,SHERIDAN RD,42.014923178,-87.6647917921,POINT (-87.664791792091 42.014923177979)
O1934373,BICYCLE,2c3eca5eac4bbbec3e6b900191658465ce559c796245c0a4f1ea7aadd4dc6627309662237db112d9a697135b06cc4ce799791abbf04dc1046cd2457b8d431a31,10/23/2024 06:20:00 PM,M,,HELMET NOT USED,CROSSING - NO CONTROLS (NOT AT INTERSECTION),IN ROADWAY,TEST NOT OFFERED,,30,CLEAR,"DARKNESS, LIGHTED ROAD",PEDALCYCLIST,DIVIDED - W/MEDIAN (NOT RAISED),STRAIGHT AND LEVEL,DRY,NO INJURY / DRIVE AWAY,GRAND AVE,41.9235118102,-87.7923605086,POINT (-87.792360508567 41.923511810185)
O1934222,BICYCLE,8ab880717f1d068ae63057a008776521fe0a94c5c1af7cef3113738c560dd7279efd7b031f00a809e2c3e36f412650a3b32534bb5e6c48c025f478b4eea19235,10/23/2024 05:30:00 PM,F,22.0,HELMET NOT USED,WITH TRAFFIC,BIKE LANE,TEST NOT OFFERED,,30,CLEAR,DAYLIGHT,PEDALCYCLIST,NOT DIVIDED,STRAIGHT AND LEVEL,DRY,INJURY AND / OR TOW DUE TO CRASH,MONTICELLO AVE,41.9684234078,-87.7196256805,POINT (-87.719625680549 41.968423407755)
O1934350,NON-MOTOR VEHICLE,d8f425e66c8243963cb6d2dc47b2083baa10d42ea8ac4c00964a5eb82a765cb41fdaa939e438d8f5c4f71e65eb329cb917b3140e98492d4034ba063b5dee2e65,10/23/2024 04:56:00 PM,M,32.0,NONE PRESENT,WITH TRAFFIC,IN ROADWAY,TEST NOT OFFERED,,15,CLEAR,DAYLIGHT,FIXED OBJECT,NOT DIVIDED,STRAIGHT AND LEVEL,DRY,INJURY AND / OR TOW DUE TO CRASH,GRAND AVE,41.9020216269,-87.7163044179,POINT (-87.716304417916 41.902021626909)
O1934151,BICYCLE,d136c3ddfbff3f425254b9ac932b2edad2efd28ad1126f97fce6e11106b607511c2f37c967a38ef5edb7f75586b2ef0adc010c29bc802b7577a1d4cd89f629be,10/23/2024 04:50:00 PM,M,20.0,BICYCLE HELMET (PEDACYCLIST INVOLVED ONLY),NO ACTION,BIKE LANE,TEST NOT OFFERED,,30,CLEAR,DAYLIGHT,PEDALCYCLIST,NOT DIVIDED,STRAIGHT AND LEVEL,DRY,INJURY AND / OR TOW DUE TO CRASH,MILWAUKEE AVE,41.896458978,-87.6555258183,POINT (-87.655525818299 41.896458978043)
O1947786,BICYCLE,eeda68ecf00e0ac966e412a10032f2b1b67643f4dea640f94ebc4d558130f2da19b5e2543ded00760fd88d556e64fa0a7232e87201fec65e2ed29b2db0a4a69d,10/23/2024 02:00:00 PM,M,59.0,HELMET NOT USED,UNKNOWN/NA,IN ROADWAY,TEST NOT OFFERED,,30,UNKNOWN,DAYLIGHT,PEDALCYCLIST,NOT DIVIDED,STRAIGHT AND LEVEL,UNKNOWN,NO INJURY / DRIVE AWAY,KINGSBURY ST,41.8934605036,-87.6412755231,POINT (-87.641275523067 41.893460503567)
O1934393,BICYCLE,dd3e76942201a14c618f8b2edc1db803ee8af74a36fdcd2165cf57c7c4f7bd35ef699984f7641950fc12d28b9a9943a42472f7347919d14b6b4d49b61c374f87,10/23/2024 01:50:00 PM,M,,HELMET NOT USED,OTHER ACTION,BIKE LANE,TEST NOT OFFERED,,30,CLEAR,DAYLIGHT,PEDALCYCLIST,DRIVEWAY,STRAIGHT AND LEVEL,DRY,NO INJURY / DRIVE AWAY,CLARK ST,41.9370913795,-87.6481880018,POINT (-87.648188001767 41.937091379525)
O1933990,BICYCLE,43934f0b741e907b3b450cc0412dcbb36379dbabea15bbd8547179457b888b46b391034955e6582e3fcae0296b980ea29fb4f5eb72873951cc2ff55742e9d42e,10/23/2024 01:45:00 PM,M,,HELMET NOT USED,CROSSING - AGAINST SIGNAL,IN CROSSWALK,TEST NOT OFFERED,,30,CLEAR,DAYLIGHT,PEDALCYCLIST,FOUR WAY,STRAIGHT AND LEVEL,DRY,NO INJURY / DRIVE AWAY,PULASKI RD,41.8237830123,-87.723921643,POINT (-87.723921643005 41.823783012326)
O1934434,BICYCLE,87892a008224ae93909515d661d74c2fd557ef69be21c0ed4b29041f624412a52b4f241d35d0a499587af834ddc23e0e572ee789cffbe577d2cd6a2b3f1d8472,10/23/2024 01:18:00 PM,M,29.0,BICYCLE HELMET (PEDACYCLIST INVOLVED ONLY),NO ACTION,BIKE LANE,TEST NOT OFFERED,,30,UNKNOWN,UNKNOWN,PEDALCYCLIST,NOT DIVIDED,STRAIGHT AND LEVEL,UNKNOWN,INJURY AND / OR TOW DUE TO CRASH,WELLS ST,41.9101844284,-87.6348269826,POINT (-87.634826982621 41.910184428367)
O1933933,BICYCLE,856ccfba2f94376fc6fc034187f17d60054bef4172ca35b1ee1830b5f50b1b10f0bcd2aef2805cf5e58fe6a32ab66a37c8ee731998ca2c626aeb02066c9cc971,10/23/2024 10:40:00 AM,M,55.0,HELMET NOT USED,NO ACTION,NOT IN ROADWAY,TEST NOT OFFERED,,20,CLEAR,DAYLIGHT,PEDALCYCLIST,PARKING LOT,STRAIGHT AND LEVEL,DRY,INJURY AND / OR TOW DUE TO CRASH,CICERO AVE,41.8083387628,-87.7430194569,POINT (-87.743019456906 41.808338762769)
O1934161,BICYCLE,2a02d3962376bae1100d188dbb206d78e2f56b12cfe77317166cc29e6bb96b9cf3bdde2d9d012e9f2a22c0445fe624d4f72d2cf3280337a51305cb5ccf556f9a,10/23/2024 09:10:00 AM,M,,HELMET NOT USED,WITH TRAFFIC,IN ROADWAY,TEST NOT OFFERED,,30,CLEAR,DAYLIGHT,PEDALCYCLIST,NOT DIVIDED,STRAIGHT AND LEVEL,UNKNOWN,NO INJURY / DRIVE AWAY,ELSTON AVE,41.9054287827,-87.6594630227,POINT (-87.659463022735 41.905428782684)
O1933897,BICYCLE,4e2ab49ab3b3075a79681fc0f16e7fe43e8be51655d4bbadf3153f3bd7f0f51de4eeb0d9d799087901832084d79888770e99e6fc8c40707d3e7662432dbf35a2,10/23/2024 08:10:00 AM,F,27.0,BICYCLE HELMET (PEDACYCLIST INVOLVED ONLY),WITH TRAFFIC,UNKNOWN/NA,TEST NOT OFFERED,,30,CLEAR,DAYLIGHT,PEDALCYCLIST,DIVIDED - W/MEDIAN (NOT RAISED),STRAIGHT AND LEVEL,DRY,NO INJURY / DRIVE AWAY,NORTH BLVD,41.91108516,-87.6312595794,POINT (-87.631259579411 41.911085160039)
O1933857,BICYCLE,d699675d768ef3041f1682b9c6d3d12c2daaaebf0cd2fac5efd26a9e2f865e73cce520621d012d22c490acacecfe0d14678ee0abf6deec58561908603be15c88,10/23/2024 07:30:00 AM,M,44.0,BICYCLE HELMET (PEDACYCLIST INVOLVED ONLY),WITH TRAFFIC,BIKE LANE,TEST NOT OFFERED,,30,CLEAR,DAYLIGHT,PEDALCYCLIST,DIVIDED - W/MEDIAN (NOT RAISED),STRAIGHT AND LEVEL,DRY,NO INJURY / DRIVE AWAY,BYRON ST,41.9522356314,-87.6779713589,POINT (-87.677971358856 41.952235631356)
O1933726,BICYCLE,19d5527276454c513c70c817697bab666734a9014851488cc06a002bff05b94444921177fdce96da1a1d48da9e9378f7b3af9b8567b4bf57dc75f0d78f7f393f,10/23/2024 05:35:00 AM,M,40.0,HELMET NOT USED,CROSSING - WITH SIGNAL,IN CROSSWALK,TEST NOT OFFERED,,30,CLEAR,"DARKNESS, LIGHTED ROAD",PEDALCYCLIST,DIVIDED - W/MEDIAN BARRIER,STRAIGHT AND LEVEL,DRY,NO INJURY / DRIVE AWAY,MICHIGAN AVE,41.8757910592,-87.6241150123,POINT (-87.624115012282 41.875791059222)
O1933688,BICYCLE,6ee659b5de3b939439c9816f8fff6d43a16f36aae4321fdfb0d49abf55b262c7a3069a09444cd7e00ede1f15516e4dabe2e4082af5ba347386c55f83da538838,10/22/2024 09:30:00 PM,M,,HELMET NOT USED,CROSSING - AGAINST SIGNAL,IN ROADWAY,TEST NOT OFFERED,,30,CLEAR,"DARKNESS, LIGHTED ROAD",PEDALCYCLIST,DIVIDED - W/MEDIAN BARRIER,STRAIGHT AND LEVEL,UNKNOWN,NO INJURY / DRIVE AWAY,TAYLOR ST,41.8697054313,-87.6470769198,POINT (-87.647076919821 41.869705431293)
O1933471,BICYCLE,f5603c29ca653ca7414b502556b0bec3b181648b4606d13434dba08c65778c2788aefb29aead334fab4ce6045952fd7d90685fb5517a4a9ce36dc548a92001fa,10/22/2024 04:19:00 PM,M,,HELMET NOT USED,CROSSING - AGAINST SIGNAL,UNKNOWN/NA,TEST NOT OFFERED,,30,CLOUDY/OVERCAST,DAYLIGHT,PEDALCYCLIST,T-INTERSECTION,STRAIGHT AND LEVEL,DRY,NO INJURY / DRIVE AWAY,LINCOLN AVE,41.9647224182,-87.6858366785,POINT (-87.6858366785 41.964722418158)
O1933518,BICYCLE,4ea49882d8526d4d27c5b5d30233de55e64bbe17fcab93debb288bdba1c318598b00a79e8874e4df6ce5dd3f500d65d2fb60a7cf29c20bdc294c81b09ac853d1,10/22/2024 03:20:00 PM,M,15.0,HELMET NOT USED,OTHER ACTION,IN ROADWAY,TEST NOT OFFERED,Y,30,CLEAR,DAYLIGHT,PEDALCYCLIST,FOUR WAY,STRAIGHT AND LEVEL,DRY,INJURY AND / OR TOW DUE TO CRASH,BALMORAL AVE,41.9791677988,-87.7865312332,POINT (-87.786531233216 41.97916779883)
O1939092,BICYCLE,f678be68cd71f5678f707c393139224b8fd891c351007a37161cd8f610333912b625b0e9bdc59a410da1cb02e547b44c86b5d2e3ac797d4a9776f4fdfdbf96f3,10/22/2024 01:07:00 PM,M,31.0,HELMET NOT USED,UNKNOWN/NA,BIKEWAY,TEST NOT OFFERED,,30,UNKNOWN,UNKNOWN,PEDALCYCLIST,FOUR WAY,STRAIGHT AND LEVEL,UNKNOWN,INJURY AND / OR TOW DUE TO CRASH,HALSTED ST,41.9400327811,-87.6494152111,POINT (-87.649415211125 41.94003278106)
O1933257,NON-MOTOR VEHICLE,be53785d69d4351932b480889332fdaea46fd350bda659384c255a5ccdb0b2d26baf66a32d660b1eee40805022a47dbf395c98e87734698b0b38e0b0a55ede5d,10/22/2024 10:19:00 AM,M,38.0,NONE PRESENT,UNKNOWN/NA,UNKNOWN/NA,TEST NOT OFFERED,,30,CLEAR,DAYLIGHT,OTHER OBJECT,NOT DIVIDED,STRAIGHT AND LEVEL,DRY,INJURY AND / OR TOW DUE TO CRASH,PULASKI RD,41.9350618145,-87.7269229313,POINT (-87.726922931324 41.935061814474)
O1933208,BICYCLE,afdc1749dc5c60e685bfa6979496aea1c38d60044648634386c1d84788b7d03d942113fc20dbd6f9cc14d4306513cbd6f5bb9cd2cd62a9ba5d47dfa1df2f7b22,10/22/2024 09:10:00 AM,M,31.0,BICYCLE HELMET (PEDACYCLIST INVOLVED ONLY),WITH TRAFFIC,BIKE LANE,TEST NOT OFFERED,,30,CLEAR,DAYLIGHT,PEDALCYCLIST,ONE-WAY,STRAIGHT AND LEVEL,DRY,INJURY AND / OR TOW DUE TO CRASH,DEARBORN ST,41.8885824368,-87.6294170136,POINT (-87.629417013561 41.888582436775)
O1933139,BICYCLE,d4996a97d29e4e8c82a81215a0e62922f08183fa82b7de4457ce5e0a88f58b87ef1e222208b0039c1ca448eb0f7ebe72f02903756973773f1752132185d76940,10/22/2024 08:45:00 AM,M,,HELMET NOT USED,CROSSING - NO CONTROLS (NOT AT INTERSECTION),IN CROSSWALK,TEST NOT OFFERED,,25,CLEAR,DAYLIGHT,PEDALCYCLIST,DIVIDED - W/MEDIAN (NOT RAISED),STRAIGHT AND LEVEL,DRY,NO INJURY / DRIVE AWAY,SAWYER AVE,41.9504671383,-87.7092951172,POINT (-87.709295117233 41.95046713829)
O1932989,BICYCLE,545474e293a8a290d57f89afa76a1f41086e135937ed8ff37369cd48d14aa015995a0b8667fdd00e42d9bf443a84e73469d9a614b4275449ed27727022770869,10/21/2024 05:20:00 PM,M,32.0,BICYCLE HELMET (PEDACYCLIST INVOLVED ONLY),WITH TRAFFIC,IN ROADWAY,TEST NOT OFFERED,,30,CLEAR,DUSK,PEDALCYCLIST,FOUR WAY,STRAIGHT AND LEVEL,DRY,INJURY AND / OR TOW DUE TO CRASH,WASHINGTON BLVD,41.8832549278,-87.6768151659,POINT (-87.676815165876 41.883254927762)
O1932752,BICYCLE,f63fbf8f292b1433740cfa2aba20d20bd1700f4a65738ada89e73785ef156f7f922dbfedca8d55ba5569c44c802ae11aa79e6ab52d4bd750a286b3a63d9b754d,10/21/2024 02:54:00 PM,F,22.0,HELMET NOT USED,UNKNOWN/NA,IN ROADWAY,TEST NOT OFFERED,,35,CLEAR,DAYLIGHT,PEDALCYCLIST,DIVIDED - W/MEDIAN BARRIER,STRAIGHT AND LEVEL,DRY,INJURY AND / OR TOW DUE TO CRASH,MICHIGAN AVE,41.8898747913,-87.6242597614,POINT (-87.624259761444 41.889874791263)
O1932592,BICYCLE,332e34262b66e8b0e0a27e0973291b2320a1a4f7c79ef289f12fc1bbe8bc2ca9a1e8ed3fe8d054bd6e616590c29117eb8e081030d45437cd2c6e989210b188c7,10/21/2024 11:30:00 AM,M,33.0,HELMET NOT USED,OTHER ACTION,NOT IN ROADWAY,TEST NOT OFFERED,,30,CLEAR,DAYLIGHT,PEDALCYCLIST,ALLEY,STRAIGHT AND LEVEL,DRY,INJURY AND / OR TOW DUE TO CRASH,WESTERN AVE,41.9385614151,-87.6877533805,POINT (-87.687753380504 41.938561415108)
O1932500,BICYCLE,9f9cd759a688b955108fc5d98bcd777e477d349453d7c741fd3ba738d97d7725488d1c67ba70bba015e5850b14f2bd8d55f3db5e30fbec004e5655e202e0e205,10/21/2024 08:56:00 AM,M,53.0,HELMET NOT USED,CROSSING - CONTROLS PRESENT (NOT AT INTERSECTION),IN ROADWAY,TEST NOT OFFERED,,30,CLEAR,DAYLIGHT,PEDALCYCLIST,NOT DIVIDED,STRAIGHT AND LEVEL,DRY,INJURY AND / OR TOW DUE TO CRASH,ELSTON AVE,41.9072578294,-87.6601910264,POINT (-87.66019102637 41.907257829392)
O1932298,BICYCLE,8ac76d2b06b8292c3ea1fa84bf97929368ba94de185a98de2d8e98b3ef3e7ac555e7366ace9db6c3b00350ffc7228f506deaf4f125705840e0a77cb264cf6bc9,10/20/2024 09:50:00 PM,F,46.0,HELMET NOT USED,TURNING LEFT,IN ROADWAY,TEST NOT OFFERED,,35,CLEAR,"DARKNESS, LIGHTED ROAD",PEDALCYCLIST,NOT DIVIDED,STRAIGHT AND LEVEL,DRY,INJURY AND / OR TOW DUE TO CRASH,24TH ST,41.8493508297,-87.6269680731,POINT (-87.626968073117 41.849350829688)