PERSON_ID,PERSON_TYPE,CRASH_RECORD_ID,CRASH_DATE_x,SEX,AGE,SAFETY_EQUIPMENT,PEDPEDAL_ACTION,PEDPEDAL_LOCATION,BAC_RESULT,CRASH_DATE_EST_I,POSTED_SPEED_LIMIT,WEATHER_CONDITION,LIGHTING_CONDITION,FIRST_CRASH_TYPE,TRAFFICWAY_TYPE,ALIGNMENT,ROADWAY_SURFACE_COND,CRASH_TYPE,STREET_NAME,LATITUDE,LONGITUDE,LOCATION
O1932274,BICYCLE,a5bee580f3c8cfcd2500f486599487fb4833563ff1819efa022506a9927c33315d68c8d7dfa3c902673c1cffe09faac5bf868c22d8432d618f9baeceef569c1c,10/20/2024 09:30:00 PM,M,30.0,BICYCLE HELMET (PEDACYCLIST INVOLVED ONLY),WITH TRAFFIC,IN ROADWAY,TEST NOT OFFERED,,30,CLEAR,"DARKNESS, LIGHTED ROAD",PEDALCYCLIST,FOUR WAY,STRAIGHT AND LEVEL,DRY,INJURY AND / OR TOW DUE TO CRASH,WESTERN AVE,41.9685238442,-87.6887575155,POINT (-87.688757515471 41.968523844211)
O1932186,BICYCLE,0aba1824a05bb494e7636e15b27ef1d08b755f56546885dd287712d1dc752e8c1862b18d04506746f9028b5ae5a211d4809a4dcdb79ce605daf94cd026d2d9c1,10/20/2024 05:39:00 PM,M,65.0,BICYCLE HELMET (PEDACYCLIST INVOLVED ONLY),CROSSING - WITH SIGNAL,IN CROSSWALK,TEST NOT OFFERED,,35,CLEAR,DAYLIGHT,PEDALCYCLIST,FOUR WAY,STRAIGHT AND LEVEL,DRY,INJURY AND / OR TOW DUE TO CRASH,VINCENNES AVE,41.7214327942,-87.6504623658,POINT (-87.650462365766 41.721432794151)
O1932137,NON-MOTOR VEHICLE,3c54a345d6ba2feb19ee856d52283c630ddc27bda46f04e5329b4fce2f667933790b2f589ca675bf4fda85d5aff8b96b29d348e890df6ce2ca91540ea09684d1,10/20/2024 05:00:00 PM,F,,USAGE UNKNOWN,UNKNOWN/NA,UNKNOWN/NA,TEST NOT OFFERED,,35,CLEAR,DAYLIGHT,OTHER OBJECT,FOUR WAY,STRAIGHT AND LEVEL,UNKNOWN,NO INJURY / DRIVE AWAY,ASHLAND AVE,41.830595328,-87.665423764,POINT (-87.665423764019 41.830595327951)
O1932449,BICYCLE,3775d9a747cbdeec385fb756c15f0e4c851f7ab2f9bbe7f4337b889322f9de753e10fada9349e73661abd837cc142a5e64aea7c0af5f2f5ef693f09cae7f8cad,10/20/2024 11:55:00 AM,M,9.0,HELMET NOT USED,OTHER ACTION,UNKNOWN/NA,TEST NOT OFFERED,,15,CLEAR,DAYLIGHT,PEDALCYCLIST,OTHER,STRAIGHT AND LEVEL,DRY,INJURY AND / OR TOW DUE TO CRASH,WALDEN PKWY,41.7062305057,-87.669312273,POINT (-87.669312273032 41.706230505704)
O1932023,BICYCLE,a2a5203d2a5fe5a41651fc74e6397c23135075a1ea8bbcb8fccf75efe0a72c401b133889d165779766689b0220624b30b4c80ef8433fff71ca6062a4060a75c7,10/20/2024 11:15:00 AM,M,28.0,HELMET NOT USED,NO ACTION,IN CROSSWALK,TEST NOT OFFERED,,30,CLEAR,DAYLIGHT,PEDALCYCLIST,FOUR WAY,STRAIGHT AND LEVEL,DRY,INJURY AND / OR TOW DUE TO CRASH,DREXEL BLVD,41.8023675708,-87.6043547544,POINT (-87.60435475443 41.802367570794)
O1931823,BICYCLE,e576ad72da7f1335aaff881806cbf57ba290287d65722eefeba4d22aa4accc929ddd79600d2bd75569cee18e6375bbf185e9d0e7e3b81a1db7be17c44d146caf,10/20/2024 03:40:00 AM,M,41.0,HELMET NOT USED,WITH TRAFFIC,IN ROADWAY,TEST NOT OFFERED,,30,CLEAR,"DARKNESS, LIGHTED ROAD",PEDALCYCLIST,NOT DIVIDED,STRAIGHT AND LEVEL,DRY,INJURY AND / OR TOW DUE TO CRASH,ERIE ST,41.8938887533,-87.6335266368,POINT (-87.63352663682 41.89388875332)
O1932192,BICYCLE,9cbf45408a6511e5a223a5a55970e44f65d459ebbf8a35692061ea5fcde0878faf35f609b71725b11b3d564df49f4eb78e805b8f3eddeacada7ad2c3293c571e,10/19/2024 10:07:00 PM,M,30.0,BICYCLE HELMET (PEDACYCLIST INVOLVED ONLY),UNKNOWN/NA,IN ROADWAY,TEST NOT OFFERED,,35,CLEAR,"DARKNESS, LIGHTED ROAD",PEDALCYCLIST,UNKNOWN,STRAIGHT AND LEVEL,DRY,NO INJURY / DRIVE AWAY,JACKSON BLVD,41.8780843766,-87.6450380908,POINT (-87.645038090818 41.878084376605)
O1931742,BICYCLE,c00083c599841f5e2acf138866f93b05d029b8079ae804aecaf6b1885138485892396dd4a3468189f839a84f5c3b0617ffc91eaeceaa5276e6cae5d874f766fc,10/19/2024 08:53:00 PM,M,26.0,BICYCLE HELMET (PEDACYCLIST INVOLVED ONLY),CROSSING - WITH SIGNAL,IN ROADWAY,TEST NOT OFFERED,,30,CLEAR,"DARKNESS, LIGHTED ROAD",PEDALCYCLIST,FOUR WAY,STRAIGHT AND LEVEL,DRY,INJURY AND / OR TOW DUE TO CRASH,LAKE ST,41.8857377123,-87.649752657,POINT (-87.649752657037 41.885737712301)
O1931467,BICYCLE,fadd04ce044c10b2225825b7e0df2f6b7f6980d1ff0fd7476fded4e299b58deb4164338731d9627799218d4c4f3d551fed8aaf73c51fdae1e153e31e1b158a42,10/19/2024 03:50:00 PM,F,12.0,HELMET NOT USED,CROSSING - AGAINST SIGNAL,IN ROADWAY,TEST NOT OFFERED,,30,CLEAR,DAYLIGHT,PEDALCYCLIST,DIVIDED - W/MEDIAN (NOT RAISED),STRAIGHT AND LEVEL,DRY,INJURY AND / OR TOW DUE TO CRASH,CERMAK RD,41.8515857651,-87.7297679638,POINT (-87.72976796375 41.851585765072)
O1931493,BICYCLE,840183ebc2e5b880571e59c5f02396be56d30774a59043940ef5f91caf0bd13408ed959edffc94da0c68b8986853d34340b53b32ca590ccf924de1bac14a6004,10/19/2024 03:26:00 PM,M,29.0,BICYCLE HELMET (PEDACYCLIST INVOLVED ONLY),WITH TRAFFIC,BIKE LANE,TEST NOT OFFERED,,30,CLEAR,DAYLIGHT,PEDALCYCLIST,FOUR WAY,STRAIGHT AND LEVEL,DRY,INJURY AND / OR TOW DUE TO CRASH,WARREN BLVD,41.8820492907,-87.7013564212,POINT (-87.701356421227 41.882049290742)
O1931397,BICYCLE,6058267e9c24101c0f5de183f077ddb42db51ae738c3aee6467337225c702ca4808427abc2f68889595c3628b0f1b39577412324e84afc266198de6e07a7b5e7,10/19/2024 01:40:00 PM,M,20.0,BICYCLE HELMET (PEDACYCLIST INVOLVED ONLY),WITH TRAFFIC,IN ROADWAY,TEST NOT OFFERED,,30,CLEAR,DAYLIGHT,PEDALCYCLIST,NOT DIVIDED,STRAIGHT AND LEVEL,UNKNOWN,NO INJURY / DRIVE AWAY,NORTH AVE,41.9110025193,-87.6499648472,POINT (-87.649964847196 41.911002519307)
O1931328,BICYCLE,3fa6b9041ebd0799aee14d83ce5e6d18569b07ff4b2ee7a2ac690559e00801eb0eaaee8678ac4db31394a3b0fc0e75862229f7bfabb329c1c2d8ca23800fdd59,10/19/2024 12:45:00 PM,F,31.0,BICYCLE HELMET (PEDACYCLIST INVOLVED ONLY),CROSSING - WITH SIGNAL,IN ROADWAY,TEST NOT OFFERED,,30,CLEAR,DAYLIGHT,PEDALCYCLIST,NOT DIVIDED,STRAIGHT AND LEVEL,DRY,INJURY AND / OR TOW DUE TO CRASH,HOYNE AVE,41.9122921639,-87.6801038618,POINT (-87.680103861798 41.912292163893)
O1930998,NON-MOTOR VEHICLE,14acb7ad5c5340eaca7404c175b7a03647c68323ad5b6b29b02a80e8ce26395752951e9297aad74d3183e29d3d43c5c1377e1f90b0404688ea2f7a3f60205b0f,10/18/2024 09:05:00 PM,M,17.0,HELMET NOT USED,WITH TRAFFIC,IN ROADWAY,TEST NOT OFFERED,,30,CLEAR,"DARKNESS, LIGHTED ROAD",OTHER OBJECT,DIVIDED - W/MEDIAN (NOT RAISED),STRAIGHT AND LEVEL,UNKNOWN,INJURY AND / OR TOW DUE TO CRASH,DEVON AVE,41.9977606613,-87.6945384613,POINT (-87.694538461306 41.997760661341)
O1932581,BICYCLE,992b7fb5b05dee2ed8144b035c9f61ba74c0f2f8cb231859699ba7580069438c25738f27fcb839b0df9492b679f81b60e8c5daa5925b938dd0d9f99f8b1d1d7c,10/18/2024 07:30:00 PM,,35.0,HELMET NOT USED,WITH TRAFFIC,IN ROADWAY,TEST NOT OFFERED,,30,CLEAR,DARKNESS,PEDALCYCLIST,NOT DIVIDED,STRAIGHT AND LEVEL,DRY,INJURY AND / OR TOW DUE TO CRASH,134TH ST,41.6519313583,-87.5300744981,POINT (-87.530074498145 41.651931358349)
O1930905,BICYCLE,a91a8814b171e1b87080f32efb4be3124cddb5dcaddea9bf05a0e37980726ab5a690aeee06a860b429b14926d81ba1933157dda6c936eba3014ae7b0c6618781,10/18/2024 06:45:00 PM,M,27.0,BICYCLE HELMET (PEDACYCLIST INVOLVED ONLY),UNKNOWN/NA,IN ROADWAY,TEST NOT OFFERED,,30,UNKNOWN,UNKNOWN,PEDALCYCLIST,NOT DIVIDED,STRAIGHT AND LEVEL,UNKNOWN,NO INJURY / DRIVE AWAY,DIVERSEY PKWY,41.932636261,-87.6606042221,POINT (-87.660604222118 41.932636261013)
O1934135,BICYCLE,2604dc60e27bd7f3ccab016e66873fe26e5febf57b65fa40c66e1f4adf6eacc7be7efe2d547e6be1031492cfb86a0dff4cb790dd44c46ec07ca67f62641e3253,10/18/2024 05:00:00 PM,F,55.0,BICYCLE HELMET (PEDACYCLIST INVOLVED ONLY),UNKNOWN/NA,BIKEWAY,TEST NOT OFFERED,,30,UNKNOWN,UNKNOWN,PEDALCYCLIST,NOT DIVIDED,STRAIGHT AND LEVEL,UNKNOWN,NO INJURY / DRIVE AWAY,LINCOLN AVE,41.9237519359,-87.646605529,POINT (-87.646605529019 41.923751935858)
O1932055,BICYCLE,93e90c6eee5f9f2818f7562b387088c61c560cc311b9516d205dde85a8aa53316e3ce1145760ea5db2f8e75553736943e1c7eecdc9e9ac8b381624ca7231a650,10/18/2024 04:30:00 PM,M,33.0,HELMET NOT USED,WITH TRAFFIC,BIKE LANE,TEST NOT OFFERED,,30,CLEAR,DAYLIGHT,PEDALCYCLIST,DIVIDED - W/MEDIAN (NOT RAISED),STRAIGHT AND LEVEL,DRY,INJURY AND / OR TOW DUE TO CRASH,BERWYN AVE,41.977598688,-87.6891781011,POINT (-87.689178101087 41.977598687952)
O1931617,BICYCLE,cf2e84d12a475764ecbffe2a3095f4e38ba25515fbadde29808f19d50f4b4703ab2902dfcfaea00be391be971ff1a122278f9794465f4c69fa3dc29320c4b2f2,10/18/2024 03:46:00 PM,M,,HELMET NOT USED,CROSSING - NO CONTROLS (AT INTERSECTION),IN ROADWAY,TEST NOT OFFERED,,30,CLEAR,DAYLIGHT,PEDALCYCLIST,ONE-WAY,STRAIGHT AND LEVEL,DRY,NO INJURY / DRIVE AWAY,MICHIGAN AVE,41.8110070469,-87.6230291092,POINT (-87.623029109238 41.811007046873)
O1931972,BICYCLE,06f0e81addaf8b15e851cb4cdcf738fd6f9faa37028d05f910dd173e3f766b8c16039f59dd9d888c5cbbf2d399a6c498f922743482f1b828b93ba0175152dfd8,10/18/2024 01:20:00 PM,M,47.0,BICYCLE HELMET (PEDACYCLIST INVOLVED ONLY),AGAINST TRAFFIC,IN ROADWAY,TEST NOT OFFERED,,30,CLEAR,DAYLIGHT,PEDALCYCLIST,DIVIDED - W/MEDIAN (NOT RAISED),STRAIGHT AND LEVEL,DRY,INJURY AND / OR TOW DUE TO CRASH,103RD ST,41.7060601874,-87.7020611245,POINT (-87.702061124482 41.706060187379)
O1930398,BICYCLE,1d68c3d1bb7b7289eeb59d069593243e9a5316a201295c7bdc623920be096fdaee0041904b8ea0486ad0f9b072d66a5fd89a0265095aba080e19289f7a6ea0d6,10/18/2024 09:15:00 AM,M,59.0,HELMET NOT USED,CROSSING - CONTROLS PRESENT (NOT AT INTERSECTION),IN CROSSWALK,TEST NOT OFFERED,,30,CLEAR,DAYLIGHT,PEDALCYCLIST,ONE-WAY,STRAIGHT AND LEVEL,DRY,INJURY AND / OR TOW DUE TO CRASH,MICHIGAN AVE,41.7942954882,-87.6226029911,POINT (-87.622602991112 41.794295488241)
O1930338,BICYCLE,60d56e6c46e7a97f430b1b099e9f1412658e8b9d1f4fd0f6ea989f0fb9d0df2d4f6aaa68236094c6dd0e96cc19af0f22dc658e047f31fefb7a3e234950b75075,10/18/2024 08:51:00 AM,F,22.0,BICYCLE HELMET (PEDACYCLIST INVOLVED ONLY),CROSSING - NO CONTROLS (AT INTERSECTION),IN ROADWAY,TEST NOT OFFERED,,30,CLEAR,DAYLIGHT,PEDALCYCLIST,Y-INTERSECTION,STRAIGHT AND LEVEL,DRY,NO INJURY / DRIVE AWAY,ROGERS AVE,42.019222415,-87.6682736943,POINT (-87.668273694317 42.019222415042)
O1930322,BICYCLE,aacdd809e22038d3deae727f0702e526efb003cb20379df62bdbaa176bb0bf25214cd1266d74cc0787dd301b455616225e83a2104a67eb3964573e2cc130639b,10/18/2024 08:24:00 AM,F,43.0,BICYCLE HELMET (PEDACYCLIST INVOLVED ONLY),NO ACTION,BIKE LANE,TEST NOT OFFERED,,30,CLEAR,DAYLIGHT,PEDALCYCLIST,NOT DIVIDED,STRAIGHT AND LEVEL,DRY,INJURY AND / OR TOW DUE TO CRASH,KINZIE ST,41.8890667845,-87.6332174466,POINT (-87.633217446553 41.889066784471)
O1931326,BICYCLE,29ce6793054ddbe936d77e20649b4feb38d8e65b9aeac29e255af78c107005c565d65515d2808e986e344e3e73f7249c68b0c2ab8bef4ea0a8dcf33bdb18194b,10/18/2024 07:15:00 AM,,,HELMET NOT USED,TURNING LEFT,IN ROADWAY,TEST NOT OFFERED,,35,CLEAR,DAYLIGHT,PEDALCYCLIST,ONE-WAY,STRAIGHT AND LEVEL,DRY,NO INJURY / DRIVE AWAY,AUSTIN BLVD,41.9057186807,-87.7753384254,POINT (-87.775338425421 41.90571868071)
O1930313,BICYCLE,2b59dd83a87cff5dbc872bc77226c539406e00bf63da812c87000a77e3a5e1476daf1a0081b821fa356b91fb2e96431b947641b1f8bbeab14560425e33263a8d,10/18/2024 07:00:00 AM,M,42.0,BICYCLE HELMET (PEDACYCLIST INVOLVED ONLY),OTHER ACTION,BIKEWAY,TEST NOT OFFERED,,30,CLEAR,DAYLIGHT,PEDALCYCLIST,NOT DIVIDED,STRAIGHT AND LEVEL,DRY,INJURY AND / OR TOW DUE TO CRASH,PERSHING RD,41.8229727657,-87.6770222074,POINT (-87.677022207376 41.822972765727)
O1951428,BICYCLE,aec3b2fdd6bedbe0bc6aff9d31bf56ce511303f313f07ca4d442e303cb4288f798e41b3698e1be044cb80d8fe7acd5eb0a4dea6ed6202374e60da3f9459f6daf,10/17/2024 09:55:00 PM,M,64.0,HELMET NOT USED,CROSSING - AGAINST SIGNAL,IN ROADWAY,TEST NOT OFFERED,,30,CLEAR,DARKNESS,PEDALCYCLIST,"FIVE POINT, OR MORE",STRAIGHT AND LEVEL,DRY,INJURY AND / OR TOW DUE TO CRASH,CERMAK RD,41.8524434324,-87.665908048,POINT (-87.665908047989 41.852443432445)
O1930081,BICYCLE,3c9e8d39d151923ea468e4718a4c00ce14295807578c1bd4a79faff5a066c99266ff17057e354414ce02435b69b092b1b43eff528551fffdf9fa6c73ed1b9730,10/17/2024 05:40:00 PM,M,24.0,HELMET NOT USED,TURNING RIGHT,IN ROADWAY,TEST NOT OFFERED,,30,CLEAR,DUSK,PEDALCYCLIST,FOUR WAY,STRAIGHT AND LEVEL,DRY,INJURY AND / OR TOW DUE TO CRASH,JACKSON BLVD,41.8781950764,-87.6366005783,POINT (-87.636600578326 41.878195076425)
O1934690,BICYCLE,12b1e7ccd9b2dfd407ebb966a82c5a8b8d6b65705648abaf663c5e2bc5ecd3a2f92ed01e001df6a779fda608fa539774773710ece90ccdde456edee677194ec8,10/17/2024 03:45:00 PM,F,25.0,HELMET NOT USED,WITH TRAFFIC,IN ROADWAY,TEST NOT OFFERED,,30,UNKNOWN,UNKNOWN,PEDALCYCLIST,NOT DIVIDED,STRAIGHT AND LEVEL,UNKNOWN,NO INJURY / DRIVE AWAY,DAMEN AVE,41.8831034056,-87.6765422513,POINT (-87.676542251252 41.883103405624)
O1929982,BICYCLE,d15a4856440bab767c841b6d35caa9e6d497151eacae41e9e6393c4368cc67c4be0a05f579c170c83e869dde2aac2caf2ff62b8854d96acd766afca418b1568f,10/17/2024 03:10:00 PM,F,20.0,HELMET NOT USED,AGAINST TRAFFIC,IN ROADWAY,TEST NOT OFFERED,,30,CLEAR,DAYLIGHT,PEDALCYCLIST,NOT DIVIDED,STRAIGHT AND LEVEL,DRY,INJURY AND / OR TOW DUE TO CRASH,MOZART ST,41.8085742387,-87.6955837973,POINT (-87.695583797311 41.808574238706)
O1935300,BICYCLE,a0d53fe6629631aae0ce592c5d0efb3fe23de52fc4aac519c8a8cfc150aa58bcf0a6977c9e6e7b0e36ed205ef5c07c42c095a8317ff29f74dbde34ad04a877c8,10/17/2024 02:30:00 PM,M,58.0,HELMET NOT USED,CROSSING - NO CONTROLS (NOT AT INTERSECTION),IN CROSSWALK,TEST NOT OFFERED,N,30,UNKNOWN,UNKNOWN,PEDALCYCLIST,FOUR WAY,STRAIGHT AND LEVEL,UNKNOWN,NO INJURY / DRIVE AWAY,DIVISION ST,41.9026628129,-87.7338083697,POINT (-87.733808369749 41.902662812914)
O1947957,BICYCLE,76bb65fb5ba563dd12d03402cf955268102ac76820f1c3b26dfe90d7415937986a935704a189498378a5dfd1d556a6257d3b465922c358af0830a6df03cbe258,10/16/2024 07:15:00 PM,M,23.0,BICYCLE HELMET (PEDACYCLIST INVOLVED ONLY),WITH TRAFFIC,BIKEWAY,TEST NOT OFFERED,,30,UNKNOWN,"DARKNESS, LIGHTED ROAD",PEDALCYCLIST,DIVIDED - W/MEDIAN (NOT RAISED),STRAIGHT AND LEVEL,UNKNOWN,NO INJURY / DRIVE AWAY,CLYBOURN AVE,41.9267571509,-87.6717818882,POINT (-87.671781888177 41.926757150949)
O1929445,BICYCLE,7deb09822081ca635caef66a88664b28237650e30117a8101133a476f38d1a8ffc1fd37f346c8f7c4822ac2cddfd7e9e1ce7e5aa84357e66dd1d41c54c730280,10/16/2024 07:14:00 PM,M,24.0,HELMET NOT USED,WITH TRAFFIC,IN ROADWAY,TEST NOT OFFERED,,30,CLEAR,"DARKNESS, LIGHTED ROAD",PEDALCYCLIST,FOUR WAY,STRAIGHT AND LEVEL,DRY,INJURY AND / OR TOW DUE TO CRASH,SUPERIOR ST,41.8957033633,-87.6342531195,POINT (-87.634253119451 41.895703363332)
O1929369,BICYCLE,e95711e7c5293072757e88d50f56c7364dfda668c65369a9bde049beb12d0b3d2dd9e3750aec385e9489cb7674c91b2e9ea720a6c4cb12c9e37f5fbf1fddff75,10/16/2024 06:40:00 PM,M,,BICYCLE HELMET (PEDACYCLIST INVOLVED ONLY),WITH TRAFFIC,IN ROADWAY,TEST NOT OFFERED,,30,CLEAR,DAWN,PEDALCYCLIST,NOT DIVIDED,STRAIGHT AND LEVEL,UNKNOWN,NO INJURY / DRIVE AWAY,WESTERN AVE,41.8785390058,-87.6862167013,POINT (-87.686216701342 41.878539005792)
O1929386,BICYCLE,e0872091d231aadc333a7dade0c895c943f4cb7f518a38183e16ca15b24ce5cdef818f4904b1290a0fd09d066f9c0680cd5bdbeb79bf2399720447fafbfaf727,10/16/2024 06:20:00 PM,F,16.0,BICYCLE HELMET (PEDACYCLIST INVOLVED ONLY),CROSSING - NO CONTROLS (NOT AT INTERSECTION),IN ROADWAY,TEST NOT OFFERED,,35,CLEAR,DAYLIGHT,PEDALCYCLIST,NOT DIVIDED,STRAIGHT AND LEVEL,DRY,INJURY AND / OR TOW DUE TO CRASH,CENTRAL PARK AVE,41.9646172576,-87.7182881888,POINT (-87.718288188823 41.964617257559)
O1933352,BICYCLE,304de02ce68612f08d0ab8ae2bbd2844c6dfaaef222ad7bc7931f04b5773e62032405ec489b0c482f5c61f9d8618e20f8d95188ad293c3e265c0c10498f99cb4,10/16/2024 04:30:00 PM,F,,HELMET NOT USED,WITH TRAFFIC,IN ROADWAY,TEST NOT OFFERED,,30,CLEAR,DAYLIGHT,PEDALCYCLIST,NOT DIVIDED,STRAIGHT AND LEVEL,DRY,NO INJURY / DRIVE AWAY,CLARK ST,41.9792887682,-87.6681497333,POINT (-87.668149733321 41.979288768173)
O1929337,NON-MOTOR VEHICLE,31a167c9b95c36e17841b67dc865f810736999313a322b4a8727097c87aed546cc4782bc01f7d49f31bfcb67c0eaaf2dae696df062f62d8b83050c4e5d6cbba5,10/16/2024 03:40:00 PM,M,12.0,NONE PRESENT,CROSSING - AGAINST SIGNAL,IN CROSSWALK,TEST NOT OFFERED,,30,CLEAR,DAYLIGHT,OTHER OBJECT,DIVIDED - W/MEDIAN BARRIER,STRAIGHT AND LEVEL,DRY,INJURY AND / OR TOW DUE TO CRASH,STONY ISLAND AVE,41.7696498146,-87.5863831101,POINT (-87.586383110145 41.769649814616)
O1929207,BICYCLE,a66d61c0d01e5b48eb39f0e1dae5bb0c42a1842626dddee0fe2aa85b5ac9ddbd0146a477702732cc744a06a766766c2de9fc3222f2623e31344ae050be1c4a1d,10/16/2024 03:07:00 PM,M,23.0,HELMET NOT USED,CROSSING - WITH SIGNAL,BIKE LANE,TEST NOT OFFERED,,30,CLEAR,DAYLIGHT,PEDALCYCLIST,FOUR WAY,STRAIGHT AND LEVEL,DRY,INJURY AND / OR TOW DUE TO CRASH,CLARK ST,41.9892965304,-87.6698090487,POINT (-87.669809048683 41.989296530396)
O1930498,BICYCLE,526ff68acacde4505704360f000d64a0dec332aa6f5ec9545b765afa2efb916d43583fb46d7034d2691b3ff8570773cb5bfabe1bfa4418721b1d5b9027f8644e,10/16/2024 01:40:00 PM,F,38.0,HELMET NOT USED,WITH TRAFFIC,IN ROADWAY,TEST NOT OFFERED,,30,CLEAR,DAYLIGHT,PEDALCYCLIST,NOT DIVIDED,STRAIGHT AND LEVEL,DRY,INJURY AND / OR TOW DUE TO CRASH,GREEN ST,41.8878081583,-87.6485452214,POINT (-87.648545221384 41.88780815835)
O1928847,BICYCLE,be1374228675b92a41743344b7ff85bf17d7bcecd5fe146db2996f0a6bba38c30d9ba037392c1e40adf2f87c6ae8fc083a95ba1ecbbc01cd876b114b6641fc27,10/16/2024 06:30:00 AM,M,29.0,BICYCLE HELMET (PEDACYCLIST INVOLVED ONLY),CROSSING - AGAINST SIGNAL,IN ROADWAY,TEST NOT OFFERED,,30,CLEAR,DAWN,PEDALCYCLIST,DIVIDED - W/MEDIAN (NOT RAISED),STRAIGHT AND LEVEL,DRY,INJURY AND / OR TOW DUE TO CRASH,NAGLE AVE,41.9828829463,-87.787588155,POINT (-87.787588154962 41.982882946329)
O1928452,BICYCLE,1081210473af1cb5ca4c9848090836547bf43b9abee003bbef810a9a29a56b4af4d65935930831ae17327e7ccf26186638324aaa8da5778ed728b16e257646af,10/15/2024 04:00:00 PM,M,20.0,HELMET NOT USED,CROSSING - WITH SIGNAL,SHOULDER,TEST NOT OFFERED,,30,FREEZING RAIN/DRIZZLE,DAYLIGHT,PEDALCYCLIST,FOUR WAY,STRAIGHT AND LEVEL,WET,INJURY AND / OR TOW DUE TO CRASH,MARQUETTE RD,41.7723007591,-87.6640858699,POINT (-87.664085869935 41.772300759058)
O1928336,BICYCLE,08f0119d69401b247663cea0bffc4e9b1b0be80e7f1c5f1c724cde6d6a21dae601ff5a5f4985304c0d717decff4fb8e791da6d4a862263048e689bced938cf5c,10/15/2024 03:40:00 PM,M,,HELMET NOT USED,AGAINST TRAFFIC,NOT IN ROADWAY,TEST NOT OFFERED,,30,CLOUDY/OVERCAST,DAYLIGHT,PEDALCYCLIST,NOT DIVIDED,STRAIGHT AND LEVEL,WET,NO INJURY / DRIVE AWAY,RACINE AVE,41.8782171145,-87.6568848458,POINT (-87.65688484581 41.878217114497)
O1928768,BICYCLE,3b0c458d903a9469624246af7e0bb85c0efd38a22570a84f7a1c06625be857107517a0be12de2fc78e8527b06981e5155f021e059a1cf6898ce49a0cbb59b810,10/15/2024 02:45:00 PM,M,17.0,HELMET NOT USED,CROSSING - CONTROLS PRESENT (NOT AT INTERSECTION),UNKNOWN/NA,TEST NOT OFFERED,,30,UNKNOWN,DAYLIGHT,PEDALCYCLIST,NOT DIVIDED,STRAIGHT AND LEVEL,UNKNOWN,INJURY AND / OR TOW DUE TO CRASH,ARGYLE ST,41.9714698496,-87.7626263324,POINT (-87.762626332439 41.971469849595)
O1928106,NON-MOTOR VEHICLE,8f56b495f72eed35b08330888259ede826a2ddcb484fb472a2bad51fba3b58d7a0591538a274932d0b981a42c4683ecb7597ed1e62d71dad2fc24c5e18d5481a,10/15/2024 08:45:00 AM,F,32.0,USAGE UNKNOWN,WITH TRAFFIC,IN ROADWAY,TEST NOT OFFERED,,30,RAIN,DAYLIGHT,OTHER OBJECT,T-INTERSECTION,STRAIGHT AND LEVEL,WET,INJURY AND / OR TOW DUE TO CRASH,MILWAUKEE AVE,41.9008138768,-87.6627421707,POINT (-87.66274217075 41.900813876827)
O1929331,BICYCLE,2de607671f7f9a2be4da15edf6f5a16cb66c840da75e1551dbd896fa3b056e5ab626749f830b332935bea7743531badfae48f16530a63c7fe041c395280ecbeb,10/15/2024 07:45:00 AM,M,26.0,BICYCLE HELMET (PEDACYCLIST INVOLVED ONLY),UNKNOWN/NA,IN ROADWAY,TEST NOT OFFERED,,30,UNKNOWN,UNKNOWN,PEDALCYCLIST,T-INTERSECTION,STRAIGHT AND LEVEL,UNKNOWN,NO INJURY / DRIVE AWAY,GENEVA TER,41.9245687129,-87.6440204571,POINT (-87.644020457053 41.924568712934)
O1927818,BICYCLE,753365fee33aba662ba60d77d3d50802ef24af4761a3cede98e833a471115ab65fee129b064fc62479b8aee14c460cdbc4b078f45d31cab0e7bb057aea92f013,10/14/2024 08:49:00 PM,F,28.0,HELMET NOT USED,CROSSING - AGAINST SIGNAL,BIKE LANE,TEST NOT OFFERED,,30,CLEAR,"DARKNESS, LIGHTED ROAD",PEDALCYCLIST,FOUR WAY,STRAIGHT AND LEVEL,DRY,INJURY AND / OR TOW DUE TO CRASH,CENTRAL PARK AVE,41.9282291019,-87.7172336753,POINT (-87.717233675282 41.928229101938)
O1927713,BICYCLE,47793a25d1b99d8843802e84fb1975fe3278e0074b27e083fe7bfd2f2296359798c30e6dd2631ca3879a4ea4c194770b3afcb80371c7e8757aed2c45bb4b83fe,10/14/2024 04:50:00 PM,M,,HELMET NOT USED,CROSSING - AGAINST SIGNAL,IN ROADWAY,TEST NOT OFFERED,,30,CLEAR,DAYLIGHT,PEDALCYCLIST,UNKNOWN INTERSECTION TYPE,STRAIGHT AND LEVEL,DRY,NO INJURY / DRIVE AWAY,SUPERIOR ST,41.8957456145,-87.6311527827,POINT (-87.631152782687 41.895745614499)