PERSON_ID,PERSON_TYPE,CRASH_RECORD_ID,CRASH_DATE_x,SEX,AGE,SAFETY_EQUIPMENT,PEDPEDAL_ACTION,PEDPEDAL_LOCATION,BAC_RESULT,CRASH_DATE_EST_I,POSTED_SPEED_LIMIT,WEATHER_CONDITION,LIGHTING_CONDITION,FIRST_CRASH_TYPE,TRAFFICWAY_TYPE,ALIGNMENT,ROADWAY_SURFACE_COND,CRASH_TYPE,STREET_NAME,LATITUDE,LONGITUDE,LOCATION
O1927608,BICYCLE,78c1145e4ef6adb173427068569cfd41f191c7256357e95c218add926c55fdd34a05d51f9bfa30b94675981f7b0d3d6c042756c9da60957ca894fee155dce82e,10/14/2024 02:36:00 PM,M,46.0,HELMET NOT USED,WITH TRAFFIC,IN ROADWAY,TEST NOT OFFERED,Y,30,CLEAR,DAYLIGHT,PEDALCYCLIST,NOT DIVIDED,STRAIGHT AND LEVEL,DRY,INJURY AND / OR TOW DUE TO CRASH,LEAVITT ST,41.934916039,-87.6832313146,POINT (-87.683231314644 41.934916038981)
O1927579,BICYCLE,e994aff53cf06a79a4634f3d2184c1a2a8c14a6ae01f6de9b071d54f2f3d22ea8e44a9d85c88d866761daf08611ac94e7162b8cb15c7ecb484d8eebe1fa934c1,10/14/2024 01:40:00 PM,M,23.0,HELMET NOT USED,CROSSING - NO CONTROLS (AT INTERSECTION),IN ROADWAY,TEST NOT OFFERED,,30,CLEAR,DAYLIGHT,PEDALCYCLIST,FOUR WAY,STRAIGHT AND LEVEL,DRY,INJURY AND / OR TOW DUE TO CRASH,DEVON AVE,41.9972052292,-87.7138323975,POINT (-87.713832397513 41.997205229209)
O1930483,BICYCLE,d075b8c6005dd66900088ff96acbd5fd70d31949db276945a6e8f35f7f165ab34cb03e8167288b13c2ee9cda0f5afa7dbff8cdca7d04b4e584cf65ebdd4020f6,10/14/2024 12:15:00 PM,M,25.0,HELMET NOT USED,TURNING LEFT,IN ROADWAY,TEST NOT OFFERED,,30,CLEAR,DARKNESS,PEDALCYCLIST,FOUR WAY,STRAIGHT AND LEVEL,DRY,NO INJURY / DRIVE AWAY,OGDEN AVE,41.8726538062,-87.6763468881,POINT (-87.676346888125 41.872653806189)
O1927447,BICYCLE,312981ce0b6ad72fb7f408524ebc4316baaae1198d421dc70620e2947cce2c68b787023816b1201c2823c46abaeef6568cc7e6a0eef2fa4b91c176c0823816f8,10/14/2024 09:34:00 AM,M,15.0,BICYCLE HELMET (PEDACYCLIST INVOLVED ONLY),CROSSING - NO CONTROLS (AT INTERSECTION),IN ROADWAY,TEST NOT OFFERED,,30,CLEAR,DAYLIGHT,PEDALCYCLIST,T-INTERSECTION,STRAIGHT AND LEVEL,DRY,INJURY AND / OR TOW DUE TO CRASH,THROOP ST,41.8777207176,-87.6593032105,POINT (-87.659303210532 41.877720717584)
O1927688,BICYCLE,2fc1628bd0f297156a7d8f6a725b9d0f66ce852cfaf8d0a7fb2b2487536a9b1b52b9e1910185fb77e5881f9f8a0b25a2d22ad805758d683fa4dd79d6a65d71a5,10/14/2024 09:30:00 AM,F,23.0,BICYCLE HELMET (PEDACYCLIST INVOLVED ONLY),WITH TRAFFIC,BIKEWAY,TEST NOT OFFERED,,30,CLEAR,DAYLIGHT,PEDALCYCLIST,FOUR WAY,STRAIGHT AND LEVEL,DRY,INJURY AND / OR TOW DUE TO CRASH,MICHIGAN AVE,41.8987207697,-87.6242613303,POINT (-87.624261330283 41.898720769715)
O1927222,NON-MOTOR VEHICLE,964ec7305225526fa0396789540f44dc427edbc290a7dc3a7e8a5baf1c4df9d38ae677b8a4b5adfd9ceaae97b45463a5dc64c433e91a08f2417b8e1b53972a1f,10/13/2024 07:42:00 PM,F,21.0,USAGE UNKNOWN,CROSSING - WITH SIGNAL,UNKNOWN/NA,TEST NOT OFFERED,,30,CLEAR,"DARKNESS, LIGHTED ROAD",OTHER OBJECT,FOUR WAY,STRAIGHT AND LEVEL,DRY,INJURY AND / OR TOW DUE TO CRASH,INDIANA AVE,41.7509404144,-87.6199127203,POINT (-87.619912720347 41.750940414378)
O1927184,BICYCLE,f7cf9effd53a90b86175138ddfad1f021d41d0c999e24f8dbde7a669991692a9635262300c400f94687a1016f79f1a4392310278c818847eea191a6e8ed208c7,10/13/2024 05:45:00 PM,M,13.0,HELMET NOT USED,CROSSING - NO CONTROLS (NOT AT INTERSECTION),IN CROSSWALK,TEST NOT OFFERED,,15,CLEAR,DAWN,PEDALCYCLIST,ALLEY,STRAIGHT AND LEVEL,DRY,INJURY AND / OR TOW DUE TO CRASH,CHICAGO AVE,41.8958970763,-87.6842776449,POINT (-87.684277644867 41.895897076268)
O1933842,BICYCLE,cde0c244998d674ecb8b81954e16430d9f5615bbf6c0a38816cb5fb8fb4d56a302358db8f87ca92258c60f2dfb0538aa3123c5b50fc502e9158fad477c027d0b,10/13/2024 02:04:00 PM,M,49.0,HELMET NOT USED,UNKNOWN/NA,UNKNOWN/NA,TEST NOT OFFERED,,35,CLEAR,DAYLIGHT,PEDALCYCLIST,DIVIDED - W/MEDIAN (NOT RAISED),STRAIGHT AND LEVEL,DRY,INJURY AND / OR TOW DUE TO CRASH,35TH ST,41.8312431125,-87.6169405356,POINT (-87.616940535573 41.831243112549)
O1926995,BICYCLE,069e356e290769d64e76c0683ad2c6dd485475fc8e53d6e1cf7fb07322f289e6a0ff05fdc451ade8ff75ef834a8f3dc0f669029b147567e8b4841a004aa7bf4f,10/13/2024 12:55:00 PM,X,,HELMET NOT USED,UNKNOWN/NA,UNKNOWN/NA,TEST NOT OFFERED,,35,CLEAR,DAYLIGHT,PEDALCYCLIST,UNKNOWN,STRAIGHT AND LEVEL,DRY,NO INJURY / DRIVE AWAY,INDIANA AVE,41.8631401396,-87.6223051175,POINT (-87.622305117456 41.863140139618)
O1926917,BICYCLE,f474a0fc4a98934323d115218b69387a0e247cb3378935431df699d2bc3247b48b16c1c8534812cc4af652b96d5a5a0e4105c93e39404f7163e2fbb49df3822c,10/13/2024 11:40:00 AM,M,26.0,BICYCLE HELMET (PEDACYCLIST INVOLVED ONLY),NO ACTION,BIKE LANE,TEST NOT OFFERED,,30,CLEAR,DAYLIGHT,PEDALCYCLIST,NOT DIVIDED,STRAIGHT AND LEVEL,DRY,INJURY AND / OR TOW DUE TO CRASH,26TH ST,41.8444404228,-87.7183949235,POINT (-87.718394923541 41.844440422792)
O1926903,BICYCLE,60de5c302f9450ab37fd7bd33b9c193806d338d1b842cf6a98a62cd3bc78f7a1cfcc534c47c7cce112f13272b449ac3d51297c2742c65fa3012a2267a30f2e2f,10/13/2024 10:48:00 AM,M,29.0,BICYCLE HELMET (PEDACYCLIST INVOLVED ONLY),WITH TRAFFIC,IN ROADWAY,TEST NOT OFFERED,,30,CLEAR,DAYLIGHT,PEDALCYCLIST,FOUR WAY,STRAIGHT AND LEVEL,UNKNOWN,NO INJURY / DRIVE AWAY,JACKSON BLVD,41.8782111915,-87.6354986651,POINT (-87.635498665124 41.878211191475)
O1926888,BICYCLE,cb09141c6370998cb48616c32efb5954fbba67cb4d2e5a55cccb667d68348ab0d88861a33b8fd048caab7065b9a6b8928176c3a8005202e72b78aafa199bc886,10/13/2024 09:20:00 AM,F,24.0,HELMET NOT USED,WITH TRAFFIC,SHOULDER,TEST NOT OFFERED,,30,CLEAR,DAYLIGHT,PEDALCYCLIST,UNKNOWN,STRAIGHT AND LEVEL,UNKNOWN,INJURY AND / OR TOW DUE TO CRASH,PULASKI RD,41.9279317269,-87.726723166,POINT (-87.726723165969 41.92793172692)
O1926787,BICYCLE,bb1c828efc3853a65ce55736c06510628ee5a9a61a8ac767fea188e3217a1ca3ea76db4643219c39305e4588604571c9b90924009f529e9b0b148fd632385d60,10/13/2024 01:30:00 AM,M,42.0,HELMET NOT USED,WITH TRAFFIC,BIKE LANE,TEST NOT OFFERED,,20,CLEAR,"DARKNESS, LIGHTED ROAD",PEDALCYCLIST,NOT DIVIDED,STRAIGHT AND LEVEL,DRY,INJURY AND / OR TOW DUE TO CRASH,ASHLAND AVE,41.8549554284,-87.6662172533,POINT (-87.666217253266 41.8549554284)
O1926727,BICYCLE,cd64d19d54dc544423e5ca6e96c9629493a71bd423fa33280d82fe81a902606ad3168b946d20d86ccd56af18110c51183639792716f7df202bc45b843a003613,10/13/2024 12:50:00 AM,M,22.0,HELMET NOT USED,CROSSING - AGAINST SIGNAL,BIKE LANE,TEST NOT OFFERED,,30,CLEAR,"DARKNESS, LIGHTED ROAD",PEDALCYCLIST,FOUR WAY,STRAIGHT AND LEVEL,DRY,INJURY AND / OR TOW DUE TO CRASH,SEMINARY AVE,41.9399678062,-87.6563926066,POINT (-87.656392606599 41.93996780622)
O1926717,BICYCLE,deb78f7d91809c948c0bdd16cd7042704e4e52380b82bac0f165ca3780c84578e2c9cc259d25167160f3296f8ddc7baa2c802e74f68ede63a41126f8f7eae0f3,10/12/2024 10:10:00 PM,M,16.0,HELMET NOT USED,CROSSING - NO CONTROLS (AT INTERSECTION),IN ROADWAY,TEST NOT OFFERED,,25,CLEAR,"DARKNESS, LIGHTED ROAD",PEDALCYCLIST,T-INTERSECTION,STRAIGHT AND LEVEL,DRY,NO INJURY / DRIVE AWAY,BELMONT AVE,41.9390447905,-87.7223515775,POINT (-87.722351577503 41.939044790485)
O1926704,BICYCLE,203e244e5e2090c242aba8ee7c879c3dd4a50e7521f7c2aabeed94438ac19e0fc043575de35a309b8bee7747be752744ad09efadc26db16ba0f2ee7285642723,10/12/2024 08:51:00 PM,F,23.0,HELMET NOT USED,UNKNOWN/NA,BIKE LANE,TEST NOT OFFERED,Y,30,CLEAR,"DARKNESS, LIGHTED ROAD",PEDALCYCLIST,FOUR WAY,STRAIGHT AND LEVEL,UNKNOWN,INJURY AND / OR TOW DUE TO CRASH,CALIFORNIA AVE,41.848242799,-87.6954908639,POINT (-87.695490863877 41.848242798978)
O1926705,BICYCLE,203e244e5e2090c242aba8ee7c879c3dd4a50e7521f7c2aabeed94438ac19e0fc043575de35a309b8bee7747be752744ad09efadc26db16ba0f2ee7285642723,10/12/2024 08:51:00 PM,F,22.0,HELMET NOT USED,TURNING RIGHT,BIKE LANE,TEST REFUSED,Y,30,CLEAR,"DARKNESS, LIGHTED ROAD",PEDALCYCLIST,FOUR WAY,STRAIGHT AND LEVEL,UNKNOWN,INJURY AND / OR TOW DUE TO CRASH,CALIFORNIA AVE,41.848242799,-87.6954908639,POINT (-87.695490863877 41.848242798978)
O1926634,NON-MOTOR VEHICLE,e34f3c0992c567b04ecb69164239ddc4c1ae135fab1f9b741c9c77acd72b7be3739de0c184e92584ad5653f0461af6c4b2715a6631c6be198764fb9b4d19d203,10/12/2024 06:30:00 PM,M,49.0,USAGE UNKNOWN,UNKNOWN/NA,IN ROADWAY,TEST NOT OFFERED,,30,CLEAR,DAWN,OTHER OBJECT,NOT DIVIDED,STRAIGHT AND LEVEL,DRY,INJURY AND / OR TOW DUE TO CRASH,LAKE PARK AVE,41.8023797296,-87.5879794066,POINT (-87.587979406628 41.802379729614)
O1926599,BICYCLE,5b4e25736a467dafaf1da9910694860dbbfb34db91654596a26bdc15a89a834ff236d30a64f4f299dd3406ff66191c38cfbe2dda1fd19d6558ce84e8a5dfba15,10/12/2024 06:17:00 PM,M,27.0,HELMET NOT USED,WITH TRAFFIC,IN ROADWAY,TEST NOT OFFERED,,30,CLEAR,"DARKNESS, LIGHTED ROAD",PEDALCYCLIST,NOT DIVIDED,STRAIGHT AND LEVEL,DRY,INJURY AND / OR TOW DUE TO CRASH,LAKE ST,41.8855871247,-87.6448113092,POINT (-87.644811309222 41.88558712468)
O1926590,BICYCLE,556330942914537a7a21d8507686c519ea17073df540f537a926397bb0b5950f396a6b3b92e3fc340533844b9115f3a45f433fa09af2ce71bfdb1d6018d8edc4,10/12/2024 05:40:00 PM,F,32.0,HELMET NOT USED,NO ACTION,BIKE LANE,TEST NOT OFFERED,,30,CLEAR,DUSK,PEDALCYCLIST,OTHER,STRAIGHT AND LEVEL,DRY,INJURY AND / OR TOW DUE TO CRASH,CLARK ST,41.9886417739,-87.6700189331,POINT (-87.670018933079 41.988641773946)
O1926533,BICYCLE,a93581d4f594d11300c256e9499591c910e8c56d061b3e6c70540f173ecad33bc5caa4947b2b2bd78a40bf3eaf36d6ec10afba3e3343102b35061c6e1fc56029,10/12/2024 03:18:00 PM,M,16.0,BICYCLE HELMET (PEDACYCLIST INVOLVED ONLY),UNKNOWN/NA,IN ROADWAY,TEST NOT OFFERED,,30,CLEAR,DAYLIGHT,PEDALCYCLIST,DIVIDED - W/MEDIAN BARRIER,STRAIGHT AND LEVEL,DRY,INJURY AND / OR TOW DUE TO CRASH,NORTH AVE,41.9110475412,-87.6353819801,POINT (-87.63538198008 41.911047541226)
O1926408,BICYCLE,a24bd28d1da893d436c16fe7cc2b7d0d68e8384d8513f77b85070b43ed6c066d95dd142c6c7fd561386ed02e61ab8a497d7f387fcdf76fb03c026001dd682aac,10/12/2024 12:54:00 PM,F,48.0,HELMET NOT USED,TURNING RIGHT,IN ROADWAY,TEST NOT OFFERED,,30,CLEAR,DAYLIGHT,PEDALCYCLIST,NOT DIVIDED,STRAIGHT AND LEVEL,DRY,INJURY AND / OR TOW DUE TO CRASH,CLARENDON AVE,41.9663954601,-87.6501885212,POINT (-87.650188521222 41.96639546008)
O1927544,BICYCLE,07755c42fdd415086b7043f447cb8cbc62ea26375d5e3953e2a4485d413831a03b243420f7184c90ea0bbacd153172f710050bbfc9f30e6db99e24f4cdd4505b,10/12/2024 12:52:00 PM,F,26.0,BICYCLE HELMET (PEDACYCLIST INVOLVED ONLY),NO ACTION,BIKEWAY,TEST NOT OFFERED,,30,UNKNOWN,DAYLIGHT,PEDALCYCLIST,DIVIDED - W/MEDIAN (NOT RAISED),STRAIGHT AND LEVEL,UNKNOWN,INJURY AND / OR TOW DUE TO CRASH,LAWRENCE AVE,41.9685184976,-87.7126316575,POINT (-87.712631657483 41.968518497634)
O1926372,BICYCLE,551ab6181231435301aa40adab4adaa67f09680c0c27896291409f475cb3b78a6ad29a6b95f395200be6b73e7e67a6723dd83fb5d5fe79991d4aafb1fac0d23e,10/12/2024 11:54:00 AM,F,47.0,BICYCLE HELMET (PEDACYCLIST INVOLVED ONLY),WITH TRAFFIC,IN ROADWAY,TEST NOT OFFERED,,30,CLEAR,DAYLIGHT,PEDALCYCLIST,ONE-WAY,STRAIGHT AND LEVEL,DRY,INJURY AND / OR TOW DUE TO CRASH,CLINTON ST,41.8866238701,-87.6414788088,POINT (-87.641478808796 41.886623870068)
O1926310,BICYCLE,ef3ce2a38e7fe6f6e9e5dc39b904dbbb98f9f8277e8b900432937f88bb97b096b28651e2458fe25e8508f072e47409074a30976fbd65ab836589944989840e44,10/12/2024 11:53:00 AM,F,64.0,BICYCLE HELMET (PEDACYCLIST INVOLVED ONLY),OTHER ACTION,NOT IN ROADWAY,TEST NOT OFFERED,,30,CLEAR,DAYLIGHT,PEDALCYCLIST,DIVIDED - W/MEDIAN (NOT RAISED),STRAIGHT AND LEVEL,DRY,INJURY AND / OR TOW DUE TO CRASH,NORTH AVE,41.9093627913,-87.7756436607,POINT (-87.775643660723 41.909362791269)
O1926346,BICYCLE,716006e3c7b74c897f4ca824f0035ed44f7ee698b0115a0d983dba6df3232f998ba386956cb895f422363314f87d64dbf01da015adc9502dbcfe6696bfec473c,10/12/2024 11:50:00 AM,M,50.0,BICYCLE HELMET (PEDACYCLIST INVOLVED ONLY),WITH TRAFFIC,BIKE LANE,TEST NOT OFFERED,,30,CLEAR,DAYLIGHT,PEDALCYCLIST,NOT DIVIDED,STRAIGHT AND LEVEL,DRY,INJURY AND / OR TOW DUE TO CRASH,BROADWAY,41.9510801605,-87.6497047056,POINT (-87.64970470561 41.951080160549)
O1926342,BICYCLE,ef77eefe1ff14360b0fd058fd155eba69c5904c231bb73b38e45eb8de0dfabce1f0b403e8b6eaefbbcec30f25c0ddd9f57c80e161af13e5535d4ebe870793620,10/12/2024 11:45:00 AM,M,29.0,HELMET NOT USED,WITH TRAFFIC,IN ROADWAY,TEST NOT OFFERED,,30,CLEAR,DAYLIGHT,PEDALCYCLIST,NOT DIVIDED,STRAIGHT AND LEVEL,DRY,INJURY AND / OR TOW DUE TO CRASH,8TH ST,41.8719653531,-87.6253001222,POINT (-87.625300122234 41.871965353136)
O1926212,BICYCLE,a5cec71a1b33e9f5b0a63f80bed40635868f7c910129798c5d4795c91739d553c45f0ac69c52f009548b16d24a7408434cc9ecac9a5bf3e25d5282996f7318f4,10/12/2024 07:30:00 AM,M,54.0,HELMET NOT USED,UNKNOWN/NA,BIKE LANE,TEST NOT OFFERED,,35,CLEAR,DAYLIGHT,PEDALCYCLIST,NOT DIVIDED,STRAIGHT AND LEVEL,DRY,INJURY AND / OR TOW DUE TO CRASH,PERSHING RD,41.823740223,-87.6159125529,POINT (-87.615912552894 41.823740222965)
O1926136,BICYCLE,9c959ac75b1fed65f4c39e84f3acfe07c117bfa7eaa48d055f77ea0a4cadeba637f804eb5e27c645bd8875a9982903e6e84ceafee0ea5caf5b82e0ed7e3820cf,10/12/2024 12:10:00 AM,M,,HELMET NOT USED,TURNING LEFT,IN ROADWAY,TEST NOT OFFERED,,30,CLEAR,"DARKNESS, LIGHTED ROAD",PEDALCYCLIST,DIVIDED - W/MEDIAN BARRIER,STRAIGHT AND LEVEL,DRY,NO INJURY / DRIVE AWAY,MICHIGAN AVE,41.8932995441,-87.6240646968,POINT (-87.62406469681 41.893299544116)
O1925982,BICYCLE,93d4b1ec26c92d708599fdd43cb3543590e009c41267088f233e0f20e64448ae62c996a5da493ea6f03267462ab00b1b6bb3de032892eecd175ee49e48d6f7cd,10/11/2024 07:03:00 PM,M,33.0,HELMET NOT USED,WITH TRAFFIC,IN ROADWAY,TEST NOT OFFERED,,30,CLEAR,"DARKNESS, LIGHTED ROAD",PEDALCYCLIST,NOT DIVIDED,STRAIGHT AND LEVEL,DRY,INJURY AND / OR TOW DUE TO CRASH,BROADWAY,41.9523238799,-87.6494927241,POINT (-87.649492724073 41.952323879897)
O1926036,BICYCLE,23cd3ed3dd5ff25442e61dd96322977c54cd08df89c826a86942f5bb12fd267682e06d52c3a4f522010eba7e2140fecb560150be1194f0524a8b042b693e782f,10/11/2024 06:45:00 PM,F,26.0,HELMET NOT USED,UNKNOWN/NA,UNKNOWN/NA,TEST NOT OFFERED,,30,CLEAR,DUSK,PEDALCYCLIST,NOT DIVIDED,STRAIGHT AND LEVEL,DRY,INJURY AND / OR TOW DUE TO CRASH,SOUTH SHORE DR,41.7546049825,-87.5510457573,POINT (-87.551045757282 41.754604982523)
O1925946,BICYCLE,7151574bdc259cd1234e344ba7f682cc2daa7e6a9170f3930902b9b7e6b29cba4cad3659b7e9ed7d410d1f1f83eaa6e04a9737967e43c08f0f1d9e06e034669c,10/11/2024 06:24:00 PM,M,27.0,HELMET NOT USED,CROSSING - NO CONTROLS (NOT AT INTERSECTION),BIKE LANE,,,35,CLEAR,DAWN,PEDALCYCLIST,NOT DIVIDED,STRAIGHT AND LEVEL,DRY,NO INJURY / DRIVE AWAY,MADISON ST,41.8817906485,-87.6535141252,POINT (-87.653514125222 41.8817906485)
O1928072,BICYCLE,49b5cf11adc7b9b34730cc402e52ac7f8924f7a6570c03e0d0c7248944ed0c23a0de40d1136b3cc6a9210b6ca52480b5894a98d118f4b74b0f78deb8f4a9662d,10/11/2024 05:30:00 PM,M,,BICYCLE HELMET (PEDACYCLIST INVOLVED ONLY),UNKNOWN/NA,IN ROADWAY,TEST NOT OFFERED,,30,CLEAR,UNKNOWN,PEDALCYCLIST,NOT DIVIDED,STRAIGHT AND LEVEL,UNKNOWN,NO INJURY / DRIVE AWAY,11TH ST,41.8694038086,-87.624837105,POINT (-87.624837105023 41.869403808568)
O1925965,BICYCLE,7c1342f040b6b94471d59f9e154629cac9b87635a581eab103b7f452468f205ae8d89988318a9ba3c152b05833ea82afde548e9d765f0757200e7a1df1b7d667,10/11/2024 05:30:00 PM,M,54.0,HELMET NOT USED,CROSSING - AGAINST SIGNAL,IN CROSSWALK,TEST NOT OFFERED,,30,CLEAR,DAYLIGHT,PEDALCYCLIST,T-INTERSECTION,STRAIGHT AND LEVEL,DRY,INJURY AND / OR TOW DUE TO CRASH,NORTH AVE,41.909548356,-87.7605681406,POINT (-87.760568140621 41.909548356014)
O1926217,BICYCLE,da49e8a74b12d400f59ba6f60a0d1902b5b72a815092ff3322cbb308654133839ba6c407a9ab3447723fa26894a5402f7c30bbdc1d33962ecbdf8cab9f5bcbe9,10/11/2024 04:30:00 PM,F,,HELMET NOT USED,CROSSING - AGAINST SIGNAL,IN CROSSWALK,TEST NOT OFFERED,,30,CLEAR,DAYLIGHT,PEDALCYCLIST,NOT DIVIDED,STRAIGHT AND LEVEL,DRY,NO INJURY / DRIVE AWAY,CLARK ST,42.01146046,-87.6745934517,POINT (-87.67459345171 42.011460459993)
O1925842,BICYCLE,95cbce7c13504850e7d51bdb1dddfe17dc4799d002ce77077d454b30c0a8ac30dee021bb2e439fc9ab6bc5f8e349af6fd555626c1b16c554c263e6a34d96ae9c,10/11/2024 03:50:00 PM,M,11.0,BICYCLE HELMET (PEDACYCLIST INVOLVED ONLY),CROSSING - NO CONTROLS (AT INTERSECTION),IN CROSSWALK,TEST NOT OFFERED,,30,CLEAR,DAYLIGHT,PEDALCYCLIST,FOUR WAY,STRAIGHT AND LEVEL,DRY,INJURY AND / OR TOW DUE TO CRASH,ADDISON ST,41.9453733581,-87.8070703256,POINT (-87.807070325611 41.945373358092)
O1925838,BICYCLE,748cb5f4ab10d04867a1ba04671037e5f1fc991e014df802f073230aad20009981d84a4b68cedd3a3519beb17053ad4c9c726a77f28c5c68742473c1bc16705c,10/11/2024 03:20:00 PM,M,44.0,BICYCLE HELMET (PEDACYCLIST INVOLVED ONLY),WITH TRAFFIC,BIKE LANE,TEST NOT OFFERED,,30,CLEAR,DAYLIGHT,PEDALCYCLIST,DIVIDED - W/MEDIAN (NOT RAISED),STRAIGHT AND LEVEL,DRY,INJURY AND / OR TOW DUE TO CRASH,PULASKI RD,41.9282219068,-87.727024943,POINT (-87.727024942983 41.928221906766)
O1925774,BICYCLE,8236dbd49f3346cdc164128fe1a18a2517c78b10b5da6321bb1889621829419eee98a8db1a987d07fb5899fb01dffec6ab138f7abb8b3098f7b9efc20fe9eeee,10/11/2024 03:11:00 PM,M,28.0,HELMET NOT USED,NO ACTION,SHOULDER,TEST NOT OFFERED,,30,CLEAR,DAYLIGHT,PEDALCYCLIST,FOUR WAY,STRAIGHT AND LEVEL,DRY,INJURY AND / OR TOW DUE TO CRASH,MONTROSE AVE,41.9611784957,-87.7181026024,POINT (-87.71810260241 41.961178495651)
O1925865,BICYCLE,03c08abaff9b6d64ac1fa42d1f1cc86c91243f42baddf099acaa90c734f25b7b87ad9e6453e67c1e76e2fb315a788794e74ab8e531517e17d0310b2cd190e30b,10/11/2024 02:40:00 PM,M,24.0,BICYCLE HELMET (PEDACYCLIST INVOLVED ONLY),OTHER ACTION,IN ROADWAY,TEST NOT OFFERED,,35,CLEAR,DAYLIGHT,PEDALCYCLIST,FOUR WAY,STRAIGHT AND LEVEL,DRY,INJURY AND / OR TOW DUE TO CRASH,WELLS ST,41.9127846776,-87.6346140195,POINT (-87.634614019479 41.912784677616)
O1925746,BICYCLE,60d525d4d9dd76ea1a88dafb7ce3681f1c014858d2b38c6b888263600d3c7efb0a8fadb961343512e74a4dd714db7bcba9bb9132cfdf2edc380c5b83e5965ec6,10/11/2024 02:22:00 PM,M,37.0,BICYCLE HELMET (PEDACYCLIST INVOLVED ONLY),WITH TRAFFIC,BIKEWAY,TEST NOT OFFERED,,30,CLEAR,DAYLIGHT,PEDALCYCLIST,NOT DIVIDED,STRAIGHT AND LEVEL,DRY,INJURY AND / OR TOW DUE TO CRASH,CLARK ST,41.927317158,-87.6413556406,POINT (-87.641355640614 41.927317157978)
O1925628,BICYCLE,fb60eb7f9d661ec7ae335ab0592a8d588e9c78e2c51e68967944e01571d861d9c35e71a361a58cd1b5e7e32b911452d7412d40833ca05dc598f82c7626afd5df,10/11/2024 11:52:00 AM,M,66.0,HELMET NOT USED,AGAINST TRAFFIC,IN ROADWAY,TEST NOT OFFERED,,30,CLEAR,DAYLIGHT,PEDALCYCLIST,ONE-WAY,STRAIGHT AND LEVEL,DRY,INJURY AND / OR TOW DUE TO CRASH,CHRISTIANA AVE,41.8480050898,-87.7086481221,POINT (-87.708648122076 41.848005089775)
O1925338,NON-MOTOR VEHICLE,c66d237a40c812f08ea07b7c9918b311784860dacebd5c7bb0f48e7bb497d2a0c238d6e30982b85efcffdb8f8711eb31799ded25bc48612f2a979df47d3f9113,10/10/2024 11:00:00 PM,M,23.0,NONE PRESENT,CROSSING - AGAINST SIGNAL,IN ROADWAY,TEST NOT OFFERED,,30,CLEAR,"DARKNESS, LIGHTED ROAD",OTHER OBJECT,FOUR WAY,STRAIGHT AND LEVEL,DRY,INJURY AND / OR TOW DUE TO CRASH,LAKE ST,41.8858384574,-87.6339725515,POINT (-87.633972551477 41.885838457417)
O1926688,BICYCLE,43dc94f3264a8d97698dd644cb680d9f36ae8ea264ce5105dda4e408fc82416d15a70c19f15bc83f193b0b897fa135a16fefd67a365a1a3e9e53f41c7b0befd3,10/10/2024 08:15:00 PM,F,20.0,BICYCLE HELMET (PEDACYCLIST INVOLVED ONLY),NO ACTION,BIKE LANE,TEST NOT OFFERED,,30,CLEAR,DUSK,PEDALCYCLIST,NOT DIVIDED,STRAIGHT AND LEVEL,DRY,INJURY AND / OR TOW DUE TO CRASH,TAYLOR ST,41.8696086259,-87.6517162617,POINT (-87.651716261658 41.869608625935)
O1925266,BICYCLE,68c7096a991f88ee4c49a40ecb77d8ad5c9b4e459224abb62206a0cf62743330045d9657d6ebe52548e702275d0581593e0af6941cb64032013dbe9745c1ce7c,10/10/2024 07:56:00 PM,M,14.0,HELMET NOT USED,UNKNOWN/NA,IN ROADWAY,TEST NOT OFFERED,,30,CLEAR,DUSK,PEDALCYCLIST,FOUR WAY,STRAIGHT AND LEVEL,DRY,INJURY AND / OR TOW DUE TO CRASH,WELLINGTON AVE,41.9352888862,-87.7468664073,POINT (-87.746866407269 41.935288886225)
O1925283,BICYCLE,d9e056206d4c6c2b6da22c737babf2633b352ab21fc329c409654120193ce4c989eac1fb3e8422f1d348dfb68c74904c68d4d3abd1ff5f80432856bc3e7b317f,10/10/2024 07:45:00 PM,F,26.0,HELMET NOT USED,WITH TRAFFIC,IN ROADWAY,TEST NOT OFFERED,,30,CLEAR,"DARKNESS, LIGHTED ROAD",PEDALCYCLIST,DIVIDED - W/MEDIAN (NOT RAISED),STRAIGHT AND LEVEL,DRY,INJURY AND / OR TOW DUE TO CRASH,WELLS ST,41.8932306263,-87.6339646154,POINT (-87.633964615398 41.893230626336)
O1925241,BICYCLE,f3fd3bb23f331c2316cd7a064fc0b766283554a318c1372d0c71723049b7a9019264044092a477b85c53b4681a4875fc368aff2b0804f5d665b6f5d2d90978f0,10/10/2024 07:37:00 PM,M,28.0,HELMET NOT USED,UNKNOWN/NA,BIKEWAY,TEST NOT OFFERED,,30,CLEAR,DARKNESS,PEDALCYCLIST,ONE-WAY,STRAIGHT AND LEVEL,DRY,INJURY AND / OR TOW DUE TO CRASH,GRAND AVE,41.8915359102,-87.6297237855,POINT (-87.629723785466 41.891535910233)
O1925219,NON-MOTOR VEHICLE,e77c6df4bd9fa07a2f4d8cae6d412a724febccd1b4284de5c680f48ece5a598bb8fc29bddcdecd6b8333b4c806068036d45f5061ece02f86305a0b88572e9a96,10/10/2024 07:20:00 PM,M,37.0,BICYCLE HELMET (PEDACYCLIST INVOLVED ONLY),WITH TRAFFIC,BIKE LANE,TEST NOT OFFERED,,30,CLEAR,DARKNESS,OTHER OBJECT,NOT DIVIDED,STRAIGHT AND LEVEL,DRY,INJURY AND / OR TOW DUE TO CRASH,DAMEN AVE,41.9549072066,-87.6789222396,POINT (-87.678922239565 41.95490720664)