PERSON_ID,PERSON_TYPE,CRASH_RECORD_ID,CRASH_DATE_x,SEX,AGE,SAFETY_EQUIPMENT,PEDPEDAL_ACTION,PEDPEDAL_LOCATION,BAC_RESULT,CRASH_DATE_EST_I,POSTED_SPEED_LIMIT,WEATHER_CONDITION,LIGHTING_CONDITION,FIRST_CRASH_TYPE,TRAFFICWAY_TYPE,ALIGNMENT,ROADWAY_SURFACE_COND,CRASH_TYPE,STREET_NAME,LATITUDE,LONGITUDE,LOCATION
O1925175,BICYCLE,25d19fab1c03b0f6bcf031d26e57935b3de3fdc9cc7a3028004b5f339aab7b5856f3dd9adfb6533501beaeafd848f8b7656065a5db9adce734652b04d326cf53,10/10/2024 07:03:00 PM,F,25.0,BICYCLE HELMET (PEDACYCLIST INVOLVED ONLY),TURNING LEFT,IN ROADWAY,TEST NOT OFFERED,,25,CLEAR,DARKNESS,PEDALCYCLIST,NOT DIVIDED,STRAIGHT AND LEVEL,DRY,NO INJURY / DRIVE AWAY,BROADWAY,41.9652551158,-87.6572185264,POINT (-87.657218526436 41.965255115834)
O1925254,BICYCLE,1ce35bf542fd0770ada9312465a5f6340739148136d18c2867abed40dd8d1870f8471982853a99bf0406eb12d60af55fb76bece1ffeae9401e67a6981d5edd8a,10/10/2024 06:00:00 PM,M,36.0,BICYCLE HELMET (PEDACYCLIST INVOLVED ONLY),NO ACTION,BIKE LANE,TEST NOT OFFERED,,30,CLEAR,UNKNOWN,PEDALCYCLIST,NOT DIVIDED,STRAIGHT AND LEVEL,UNKNOWN,INJURY AND / OR TOW DUE TO CRASH,GRAND AVE,41.8937420775,-87.6948848527,POINT (-87.694884852717 41.893742077504)
O1925156,BICYCLE,8d7fae6a53cc3b678fe7caf786bfc69a35e07811cae96abdddac7f3d7624106b5eeb0de309792d69f74e9a7448b37b6faf5002a06031852a87e5c925715d7096,10/10/2024 05:59:00 PM,F,21.0,BICYCLE HELMET (PEDACYCLIST INVOLVED ONLY),WITH TRAFFIC,BIKEWAY,TEST NOT OFFERED,,30,CLEAR,DAYLIGHT,PEDALCYCLIST,NOT DIVIDED,STRAIGHT AND LEVEL,DRY,INJURY AND / OR TOW DUE TO CRASH,LINCOLN AVE,41.9242504101,-87.6468775231,POINT (-87.646877523097 41.924250410055)
O1925113,BICYCLE,99f3738e5d8823282391ef66ec152f261683c2a8606c37b79057836dea2441253d1651ebee3ed0728117b096ed5f4398478f1efd1cb4a204c1718d4deb8d8818,10/10/2024 05:36:00 PM,M,36.0,HELMET NOT USED,WITH TRAFFIC,BIKE LANE,TEST NOT OFFERED,,30,CLEAR,DAYLIGHT,PEDALCYCLIST,NOT DIVIDED,STRAIGHT AND LEVEL,DRY,INJURY AND / OR TOW DUE TO CRASH,CLYBOURN AVE,41.9288373849,-87.67397132,POINT (-87.673971319994 41.928837384913)
O1925050,BICYCLE,26ecb82bafdacca47cc6fc0d0e9b1b145063d565ac8ae13ccd36eecd1c14c4b098ef14312a44b7f4da753bd184cd1a4df2f77ca26f715e0826778e5c8e7ebbc1,10/10/2024 04:18:00 PM,M,14.0,HELMET NOT USED,OTHER ACTION,UNKNOWN/NA,TEST NOT OFFERED,,25,CLEAR,DAWN,PEDALCYCLIST,OTHER,STRAIGHT AND LEVEL,DRY,INJURY AND / OR TOW DUE TO CRASH,61ST ST,41.782468608,-87.7052125093,POINT (-87.705212509319 41.782468607965)
O1925102,BICYCLE,b4138dd1703b8150b3b6c4b49615d971f41d7f93ced9f3a095a5e126f811d60427c866a02a24c3b1a3c47fe253e6a33f7fc89fe3beda0fe3bcfd4b131473b1ab,10/10/2024 03:41:00 PM,M,33.0,HELMET NOT USED,UNKNOWN/NA,IN ROADWAY,TEST NOT OFFERED,,30,CLEAR,DAYLIGHT,PEDALCYCLIST,NOT DIVIDED,STRAIGHT AND LEVEL,DRY,NO INJURY / DRIVE AWAY,WENTWORTH AVE,41.7032741627,-87.6283207257,POINT (-87.62832072575 41.703274162692)
O1925169,NON-MOTOR VEHICLE,1bad074b0f87debc9d2fcac33869ba0226ec64bd39af8631f415fe40fd789c4a257424ecf9acf8b935cb95c87f18383a4fbe4cde442380f219e7c1a106463ed6,10/10/2024 01:52:00 PM,M,33.0,USAGE UNKNOWN,,,TEST NOT OFFERED,,30,CLEAR,DAYLIGHT,FIXED OBJECT,DIVIDED - W/MEDIAN BARRIER,STRAIGHT AND LEVEL,DRY,INJURY AND / OR TOW DUE TO CRASH,79TH ST,41.7496247983,-87.6998901354,POINT (-87.699890135423 41.749624798346)
O1924910,BICYCLE,47725970b6f857bcdb68e346fc77b3d8def0232c1a33864678067b94e9d099030dc2d9e5ba6d0289b23025be9efe9c81ca08426559e93a732e7db211edc91f33,10/10/2024 01:45:00 PM,M,30.0,BICYCLE HELMET (PEDACYCLIST INVOLVED ONLY),TURNING LEFT,SHOULDER,TEST NOT OFFERED,,35,CLEAR,DAYLIGHT,PEDALCYCLIST,ONE-WAY,STRAIGHT AND LEVEL,DRY,INJURY AND / OR TOW DUE TO CRASH,WELLS ST,41.8834004451,-87.6337157261,POINT (-87.633715726071 41.883400445117)
O1924919,BICYCLE,642db106e36ef25cd11253d11fdded77e87552e32617f5b308a338f98081108a4118c4ac875b6210752a8582886b5dcf9f6249279b5944a05689f132661b0179,10/10/2024 01:40:00 PM,M,34.0,BICYCLE HELMET (PEDACYCLIST INVOLVED ONLY),NO ACTION,IN ROADWAY,TEST NOT OFFERED,,30,CLEAR,DAYLIGHT,PEDALCYCLIST,ONE-WAY,STRAIGHT AND LEVEL,DRY,NO INJURY / DRIVE AWAY,HAMLIN AVE,41.9662358012,-87.7232303044,POINT (-87.723230304449 41.96623580118)
O1925563,BICYCLE,78108486cbf818fe620ffa9e0aa23a36cf01f1df6efaa319177874e3ff0c9eefb12ad5d48defd01af2497fd7aed1c2aa9ffbd51add412e0c705e28b2f8a21387,10/10/2024 08:12:00 AM,M,34.0,BICYCLE HELMET (PEDACYCLIST INVOLVED ONLY),WITH TRAFFIC,IN ROADWAY,TEST NOT OFFERED,,30,CLEAR,DAYLIGHT,PEDALCYCLIST,DIVIDED - W/MEDIAN (NOT RAISED),STRAIGHT AND LEVEL,DRY,NO INJURY / DRIVE AWAY,MILWAUKEE AVE,41.9089602474,-87.6754763711,POINT (-87.675476371125 41.908960247383)
O1924649,BICYCLE,b9ac777a7e34994608dcf70d93a53f0b9de65f4e428c7425056ee86b1add5659662c3eecbb03cba37ef555353f6a3eabe460a0944d0e5664fcadfa1257f4747e,10/10/2024 06:26:00 AM,M,57.0,HELMET NOT USED,NO ACTION,UNKNOWN/NA,TEST NOT OFFERED,,30,CLEAR,DAWN,PEDALCYCLIST,DIVIDED - W/MEDIAN (NOT RAISED),STRAIGHT AND LEVEL,DRY,INJURY AND / OR TOW DUE TO CRASH,SOUTH CHICAGO AVE,41.7515751796,-87.5855452131,POINT (-87.585545213095 41.751575179562)
O1930877,BICYCLE,7244db8f81e3a7b7a9022a423ef7d2023f8ac8d384c4b2689419e32794ec8b24bd3c74030ca51f176dc0342010b57b9d62781d43f5513ee33694429bc6446f84,10/09/2024 09:00:00 PM,F,34.0,HELMET NOT USED,NO ACTION,BIKE LANE,TEST NOT OFFERED,,30,UNKNOWN,"DARKNESS, LIGHTED ROAD",PEDALCYCLIST,DIVIDED - W/MEDIAN (NOT RAISED),STRAIGHT AND LEVEL,UNKNOWN,INJURY AND / OR TOW DUE TO CRASH,NORTH AVE,41.9103517539,-87.6946042609,POINT (-87.694604260946 41.910351753937)
O1924479,BICYCLE,3d88e336b4c75a09e791b7726fe8c5f72e10e5074bd966b8eb6e03f5201fa0e74d6a0d763c66cc3a6a48fdea021759cc7d6d7bf9a05c1a98e0dcabfe06f78fe3,10/09/2024 07:00:00 PM,M,21.0,HELMET NOT USED,WITH TRAFFIC,IN ROADWAY,TEST NOT OFFERED,,30,RAIN,"DARKNESS, LIGHTED ROAD",PEDALCYCLIST,DIVIDED - W/MEDIAN (NOT RAISED),STRAIGHT AND LEVEL,DRY,NO INJURY / DRIVE AWAY,HUMBOLDT BLVD,41.9102690337,-87.7020158725,POINT (-87.702015872469 41.910269033664)
O1924423,BICYCLE,18b243166900d54f43cecf3fef9208976d85b5fd26c30d79e59fb782368a7af799ab2695a3ba6e1d27084784a68748317984c3db6b59c0e930dfa90ecc75a2f4,10/09/2024 04:30:00 PM,M,,HELMET NOT USED,UNKNOWN/NA,NOT IN ROADWAY,TEST NOT OFFERED,,30,CLEAR,DAYLIGHT,PEDALCYCLIST,PARKING LOT,STRAIGHT AND LEVEL,DRY,NO INJURY / DRIVE AWAY,GARFIELD BLVD,41.7947940243,-87.6229151036,POINT (-87.62291510355 41.794794024265)
O1924343,BICYCLE,45ea6d31377c305f9ae55db1a88cf68958633b16a0751865a309440912436558de55e38d7113b94a8c34b9e6647b0189ba0a2a69d4ddd42d45316775d18a3795,10/09/2024 03:45:00 PM,M,,HELMET NOT USED,AGAINST TRAFFIC,IN ROADWAY,TEST NOT OFFERED,,30,CLEAR,DAYLIGHT,PEDALCYCLIST,DIVIDED - W/MEDIAN (NOT RAISED),STRAIGHT AND LEVEL,DRY,NO INJURY / DRIVE AWAY,CANAL ST,41.8380626961,-87.6378986413,POINT (-87.637898641263 41.838062696142)
O2034813,BICYCLE,b96e13211d4cddb4d8a26f591658bd5505052da84bb032ffd273e9da9e4e57b9ace900b07c2d887f695725cd37259ca91359ced34f1cd745204027d479d248c0,10/09/2024 03:15:00 PM,M,60.0,BICYCLE HELMET (PEDACYCLIST INVOLVED ONLY),CROSSING - WITH SIGNAL,IN CROSSWALK,TEST NOT OFFERED,,20,CLEAR,DAYLIGHT,PEDALCYCLIST,NOT DIVIDED,STRAIGHT AND LEVEL,DRY,INJURY AND / OR TOW DUE TO CRASH,PLYMOUTH CT,41.8639698623,-87.6285850138,POINT (-87.628585013759 41.863969862338)
O1924289,BICYCLE,2cf4cbbd3c004018a025f16e8b050606a129c85c02a1f1d1ce33b0ee8698059437151f69f2ccfdb6568453a71db64fb9991c9e079aadf38471482b74f843d193,10/09/2024 03:00:00 PM,M,22.0,HELMET NOT USED,WITH TRAFFIC,IN ROADWAY,TEST NOT OFFERED,,30,CLEAR,DAYLIGHT,PEDALCYCLIST,FOUR WAY,STRAIGHT AND LEVEL,DRY,NO INJURY / DRIVE AWAY,TAYLOR ST,41.8693468078,-87.6542715515,POINT (-87.654271551523 41.86934680781)
O1925855,BICYCLE,18dd4c9b2073129f5cfd0e6a1a2e2d20ecdc88c3bcd43c3151b76d5f62facb99ca66c9ad930446f2d007d184e5911d977708d55a620b09f975059c2c3af35699,10/09/2024 02:30:00 PM,M,58.0,HELMET NOT USED,CROSSING - CONTROLS PRESENT (NOT AT INTERSECTION),IN ROADWAY,TEST NOT OFFERED,,30,UNKNOWN,UNKNOWN,PEDALCYCLIST,DIVIDED - W/MEDIAN (NOT RAISED),STRAIGHT AND LEVEL,UNKNOWN,INJURY AND / OR TOW DUE TO CRASH,CLARK ST,41.9944865995,-87.6702980586,POINT (-87.670298058609 41.994486599526)
O1924322,BICYCLE,5a44868e588c0807c88cbb8a5b2c357f8adf8d3674dac786259eeddf25b644edcf2cfdfa415920a9f02c542b446b36e2a9140c2a9805202a73364f987c622931,10/09/2024 02:30:00 PM,M,56.0,HELMET NOT USED,AGAINST TRAFFIC,IN ROADWAY,TEST NOT OFFERED,,30,CLEAR,DAYLIGHT,PEDALCYCLIST,ONE-WAY,STRAIGHT AND LEVEL,DRY,NO INJURY / DRIVE AWAY,ROCKWELL ST,41.9085313859,-87.6922246303,POINT (-87.692224630273 41.908531385862)
O1930835,BICYCLE,ee9130c51fdb97d2ece2f69d901fb333abad3c1c1a7e44e236525559b28276590c07b56a220c50c350f2e9d9704694eeec4c651ca8a7c0238d4c49fcfae2ee25,10/09/2024 12:34:00 PM,F,30.0,HELMET NOT USED,NO ACTION,BIKE LANE,TEST NOT OFFERED,,30,UNKNOWN,DAYLIGHT,PEDALCYCLIST,DIVIDED - W/MEDIAN (NOT RAISED),STRAIGHT AND LEVEL,UNKNOWN,INJURY AND / OR TOW DUE TO CRASH,CALIFORNIA AVE,41.8968426832,-87.6968799926,POINT (-87.696879992647 41.896842683183)
O1924138,BICYCLE,d15a3989b674bfd58e6c7b1d11fd23d3230817ab5da611a9e806799e7003e93474f2b63177a06c836715d4538518700501727c8ea3831a8ffcecfd85a7247a5c,10/09/2024 10:40:00 AM,F,40.0,BICYCLE HELMET (PEDACYCLIST INVOLVED ONLY),WITH TRAFFIC,BIKE LANE,TEST NOT OFFERED,,30,CLEAR,DAYLIGHT,PEDALCYCLIST,T-INTERSECTION,STRAIGHT AND LEVEL,DRY,INJURY AND / OR TOW DUE TO CRASH,ELSTON AVE,41.9579306892,-87.7251213729,POINT (-87.7251213729 41.957930689164)
O1930055,NON-MOTOR VEHICLE,84c643d9a6ba280f03ccd5c43bc54ddba43ade5378e208a715ee8f9644f2a7cf137529f33c75bb6c679f300edb7d5ff1facb9bc83a9a51ea56f0401549384f4a,10/08/2024 09:30:00 PM,F,25.0,HELMET NOT USED,OTHER ACTION,BIKE LANE,TEST NOT OFFERED,,30,CLEAR,"DARKNESS, LIGHTED ROAD",OTHER OBJECT,NOT DIVIDED,STRAIGHT AND LEVEL,DRY,INJURY AND / OR TOW DUE TO CRASH,CLARK ST,41.9454465685,-87.6549305751,POINT (-87.654930575054 41.945446568546)
O1930064,NON-MOTOR VEHICLE,84c643d9a6ba280f03ccd5c43bc54ddba43ade5378e208a715ee8f9644f2a7cf137529f33c75bb6c679f300edb7d5ff1facb9bc83a9a51ea56f0401549384f4a,10/08/2024 09:30:00 PM,M,24.0,HELMET NOT USED,OTHER ACTION,BIKE LANE,TEST NOT OFFERED,,30,CLEAR,"DARKNESS, LIGHTED ROAD",OTHER OBJECT,NOT DIVIDED,STRAIGHT AND LEVEL,DRY,INJURY AND / OR TOW DUE TO CRASH,CLARK ST,41.9454465685,-87.6549305751,POINT (-87.654930575054 41.945446568546)
O1923825,BICYCLE,0c499d0caed5df5201acef6baff0bac0532240415e4017669cd30f5b7737db6f123294938c0a817795c54502a5e235dd135b7583475a338a4d68e9185ccdd1fc,10/08/2024 07:16:00 PM,M,45.0,HELMET NOT USED,WITH TRAFFIC,IN ROADWAY,TEST NOT OFFERED,,25,CLEAR,"DARKNESS, LIGHTED ROAD",PEDALCYCLIST,DIVIDED - W/MEDIAN (NOT RAISED),STRAIGHT AND LEVEL,DRY,INJURY AND / OR TOW DUE TO CRASH,HOMAN AVE,41.9027005008,-87.711526035,POINT (-87.711526035011 41.902700500827)
O1923829,BICYCLE,692b48c935fde81a81aa5b1efec3e903cbc73e35003a231ab582a79b21998fcfd9c91d313b9e7c81b282dd483593661b5fc876a32d7187256497634756576827,10/08/2024 06:20:00 PM,M,,HELMET NOT USED,CROSSING - AGAINST SIGNAL,IN CROSSWALK,TEST NOT OFFERED,,30,CLEAR,DAWN,PEDALCYCLIST,FOUR WAY,STRAIGHT AND LEVEL,DRY,INJURY AND / OR TOW DUE TO CRASH,PERSHING RD,41.8228542328,-87.6855960506,POINT (-87.685596050589 41.822854232776)
O1924162,BICYCLE,6a35a26775f13d1b3db512b3c88e494ce8ae828dc0c7b1d99cfc7b18d5bdcbfbf5de26ed19925099cf7d8d5b5b6de65962935f9368aadfbf6bb9f1434f61c9b2,10/08/2024 06:20:00 PM,M,16.0,HELMET NOT USED,NO ACTION,IN ROADWAY,TEST NOT OFFERED,,30,CLEAR,DAYLIGHT,PEDALCYCLIST,NOT DIVIDED,STRAIGHT AND LEVEL,DRY,INJURY AND / OR TOW DUE TO CRASH,FRANCISCO AVE,41.8182088683,-87.6974210502,POINT (-87.697421050176 41.818208868343)
O1924163,BICYCLE,6a35a26775f13d1b3db512b3c88e494ce8ae828dc0c7b1d99cfc7b18d5bdcbfbf5de26ed19925099cf7d8d5b5b6de65962935f9368aadfbf6bb9f1434f61c9b2,10/08/2024 06:20:00 PM,M,18.0,HELMET NOT USED,NO ACTION,IN ROADWAY,TEST NOT OFFERED,,30,CLEAR,DAYLIGHT,PEDALCYCLIST,NOT DIVIDED,STRAIGHT AND LEVEL,DRY,INJURY AND / OR TOW DUE TO CRASH,FRANCISCO AVE,41.8182088683,-87.6974210502,POINT (-87.697421050176 41.818208868343)
O1923820,BICYCLE,bd4daf0398193d613f3af7e277cdc47f532a73d05c3736df4dadb947eb2e1335e7b841ec85705bce6e81939869124f364b14e5b0e9e9eef96a6ea59bfff95ae9,10/08/2024 06:20:00 PM,M,,HELMET NOT USED,OTHER ACTION,IN ROADWAY,TEST NOT OFFERED,,30,CLEAR,DAYLIGHT,PEDALCYCLIST,NOT DIVIDED,STRAIGHT AND LEVEL,DRY,NO INJURY / DRIVE AWAY,ARCHER AVE,41.814224081,-87.7042618993,POINT (-87.704261899341 41.814224080998)
O1923833,BICYCLE,bd4daf0398193d613f3af7e277cdc47f532a73d05c3736df4dadb947eb2e1335e7b841ec85705bce6e81939869124f364b14e5b0e9e9eef96a6ea59bfff95ae9,10/08/2024 06:20:00 PM,M,,HELMET NOT USED,UNKNOWN/NA,IN ROADWAY,TEST NOT OFFERED,,30,CLEAR,DAYLIGHT,PEDALCYCLIST,NOT DIVIDED,STRAIGHT AND LEVEL,DRY,NO INJURY / DRIVE AWAY,ARCHER AVE,41.814224081,-87.7042618993,POINT (-87.704261899341 41.814224080998)
O1923750,BICYCLE,2c10d3ed3d83035afdaeee00f07eaa3bb3fe9cf41367b6427607a9350100bdbd5606cb26e193540d9feef8e226c46d7c9288bb6b3b77f3f5b0b9644019c56120,10/08/2024 05:50:00 PM,M,,HELMET NOT USED,CROSSING - NO CONTROLS (NOT AT INTERSECTION),NOT IN ROADWAY,TEST NOT OFFERED,,30,CLEAR,DAYLIGHT,PEDALCYCLIST,ONE-WAY,STRAIGHT AND LEVEL,DRY,INJURY AND / OR TOW DUE TO CRASH,WASHINGTON ST,41.8831000298,-87.6343782452,POINT (-87.634378245247 41.883100029814)
O1923744,BICYCLE,3a36240d15d1425e2935ec0ada89b79f025d2b9735d0eaa2fd0741d83f13c88ee799bdebcb7a61243e0431a4da3773b55aa3e95ed7d1044b63cade892a5eb27f,10/08/2024 04:40:00 PM,M,16.0,HELMET NOT USED,CROSSING - WITH SIGNAL,IN CROSSWALK,TEST REFUSED,,30,CLEAR,DAYLIGHT,PEDALCYCLIST,DIVIDED - W/MEDIAN (NOT RAISED),STRAIGHT AND LEVEL,DRY,INJURY AND / OR TOW DUE TO CRASH,LUNT AVE,42.0087512506,-87.6902610542,POINT (-87.690261054191 42.008751250572)
O1923631,BICYCLE,4e6b482b09653c39502ddf735fa551c235b945e638bc643def203eecc7138463ad81de6bd2cf97bb1652ef031d557bea1e76a5802426d0da2a2c41b6c26e0565,10/08/2024 03:50:00 PM,M,27.0,HELMET NOT USED,UNKNOWN/NA,IN ROADWAY,TEST NOT OFFERED,,30,CLEAR,DAYLIGHT,PEDALCYCLIST,FOUR WAY,STRAIGHT AND LEVEL,DRY,INJURY AND / OR TOW DUE TO CRASH,CORTLAND ST,41.9156359355,-87.7117806898,POINT (-87.711780689796 41.915635935474)
O1923550,BICYCLE,e0594f9cec0fa6a4af6c2305679aa924188abe1259e8ad4d4e0be4b18c4e3f71fc23a9dd97c601427ea4f98a7bef54247e197727479abb5ca39dd0969f199a73,10/08/2024 01:09:00 PM,M,30.0,HELMET NOT USED,WITH TRAFFIC,IN ROADWAY,TEST NOT OFFERED,,35,CLEAR,DAYLIGHT,PEDALCYCLIST,DIVIDED - W/MEDIAN BARRIER,STRAIGHT AND LEVEL,DRY,INJURY AND / OR TOW DUE TO CRASH,WACKER DR,41.8819518765,-87.6366203494,POINT (-87.636620349402 41.881951876486)
O1923461,BICYCLE,534a4b57af0f8d6c0e2b95d2177601de1b984a3d684244089c5e8f830bb3c631f56943b2b793ccf1b3efa31a6d105a763b43b832cf5d3b3c2e90420db2c1de78,10/08/2024 11:38:00 AM,M,32.0,HELMET NOT USED,AGAINST TRAFFIC,DRIVEWAY ACCESS,TEST NOT OFFERED,,30,CLEAR,DAYLIGHT,PEDALCYCLIST,NOT DIVIDED,STRAIGHT AND LEVEL,DRY,INJURY AND / OR TOW DUE TO CRASH,FULLERTON AVE,41.9240496994,-87.7523375401,POINT (-87.75233754015 41.924049699382)
O1923435,BICYCLE,afd4a1c27fbafebf9598cfaf2dd479ad1e5021c1f1868a245443912d5bde0b1499dbca1896d73d910ac018bef923a0d8e925d70981279a1517565a5dcc899fe9,10/08/2024 11:28:00 AM,M,64.0,HELMET NOT USED,OTHER ACTION,UNKNOWN/NA,TEST NOT OFFERED,,30,CLEAR,DAYLIGHT,PEDALCYCLIST,DIVIDED - W/MEDIAN (NOT RAISED),STRAIGHT AND LEVEL,DRY,INJURY AND / OR TOW DUE TO CRASH,MARQUETTE RD,41.7722724027,-87.6663258993,POINT (-87.666325899259 41.772272402665)
O1923607,BICYCLE,cb4f82c032350f68ff7d431df4e2fd2e48fa71ec3aa359911e7912c760acf604ccb08b60488ee35f1a9b8b35759297352c68d78a838b9f1fadc3c77c95b07d68,10/08/2024 08:40:00 AM,M,,HELMET NOT USED,CROSSING - NO CONTROLS (NOT AT INTERSECTION),IN ROADWAY,TEST NOT OFFERED,,25,CLEAR,DAYLIGHT,PEDALCYCLIST,DIVIDED - W/MEDIAN (NOT RAISED),STRAIGHT AND LEVEL,DRY,NO INJURY / DRIVE AWAY,47TH ST,41.8083405169,-87.6804195199,POINT (-87.680419519946 41.808340516891)
O1923313,BICYCLE,4a0558f0570d9825f1159213c57965762d3159d742be68bd1575f57fe580403076a99eab83701f3424209862563638c2ab8356c5759d0766896e51becb5868e6,10/08/2024 08:21:00 AM,M,31.0,HELMET NOT USED,AGAINST TRAFFIC,IN ROADWAY,TEST NOT OFFERED,,30,CLEAR,DAYLIGHT,PEDALCYCLIST,NOT DIVIDED,STRAIGHT AND LEVEL,DRY,INJURY AND / OR TOW DUE TO CRASH,PULASKI RD,41.9470620382,-87.7272740094,POINT (-87.727274009446 41.94706203816)
O1924410,BICYCLE,ec8a0a5a0fa739e02e6a37a1154042d8e8b7a8f96db1bf8d97c6901b897fb2bf3212befcfbe00e5670e4a88a1c524960c0f3412de7f6b3513356f335ba17f1bf,10/08/2024 07:58:00 AM,F,26.0,HELMET NOT USED,CROSSING - CONTROLS PRESENT (NOT AT INTERSECTION),BIKE LANE,TEST NOT OFFERED,,30,UNKNOWN,DAYLIGHT,PEDALCYCLIST,DIVIDED - W/MEDIAN (NOT RAISED),STRAIGHT AND LEVEL,UNKNOWN,INJURY AND / OR TOW DUE TO CRASH,LAKE ST,41.8865302601,-87.7456315308,POINT (-87.745631530793 41.886530260084)
O1924148,BICYCLE,9b2618bae380c32d4e59305a9b0d5c9d1735f76adba70b65a8b51119c7240f4e4f512246c214e24b8ab9874384ec674bb8669eba5405c16391e84d845a1d7840,10/08/2024 05:40:00 AM,M,,BICYCLE HELMET (PEDACYCLIST INVOLVED ONLY),WITH TRAFFIC,BIKE LANE,TEST NOT OFFERED,,30,CLEAR,"DARKNESS, LIGHTED ROAD",PEDALCYCLIST,ALLEY,STRAIGHT AND LEVEL,DRY,NO INJURY / DRIVE AWAY,DEARBORN ST,41.8905769034,-87.6297687802,POINT (-87.629768780154 41.890576903444)
O1926670,BICYCLE,d587c57524a4e22046529d75a553b3cf6a9475e674cb3db81519b5c5c5385460f5c38a2a408b6dc7fbf9633077ea4f3f2a1a16143b9485056b74e2c86c3e568e,10/07/2024 07:30:00 PM,F,29.0,BICYCLE HELMET (PEDACYCLIST INVOLVED ONLY),WITH TRAFFIC,IN ROADWAY,TEST NOT OFFERED,,30,UNKNOWN,"DARKNESS, LIGHTED ROAD",PEDALCYCLIST,ONE-WAY,STRAIGHT AND LEVEL,UNKNOWN,INJURY AND / OR TOW DUE TO CRASH,MICHIGAN AVE,41.893918609,-87.624085833,POINT (-87.624085832985 41.893918609004)
O1922976,BICYCLE,a9464ecf15a2e7aaa5890725408c3e479824da3d785711dd195628df5af153956ee6f96768cea7d1b03984ac0f1580af54ade297678a156909153f46f1fd662b,10/07/2024 03:54:00 PM,F,24.0,HELMET NOT USED,NO ACTION,IN ROADWAY,TEST NOT OFFERED,,30,CLEAR,DAYLIGHT,PEDALCYCLIST,DIVIDED - W/MEDIAN (NOT RAISED),STRAIGHT AND LEVEL,DRY,INJURY AND / OR TOW DUE TO CRASH,ASHLAND AVE,41.9580387737,-87.6693016743,POINT (-87.669301674261 41.958038773675)
O1923501,BICYCLE,d8b30baa582acc2521d3497eb74655ea312affbce4634b3e17f04182ec37ed634ccdcfd0940ffa4dafc8954f1c1364a8f1b134bf1327c62cb6b12d4f336861ca,10/07/2024 03:49:00 PM,M,29.0,HELMET NOT USED,OTHER ACTION,UNKNOWN/NA,TEST NOT OFFERED,,30,CLEAR,DAWN,PEDALCYCLIST,DIVIDED - W/MEDIAN (NOT RAISED),STRAIGHT AND LEVEL,DRY,NO INJURY / DRIVE AWAY,GRAND AVE,41.9202167801,-87.7743521082,POINT (-87.774352108226 41.92021678011)
O1922897,BICYCLE,01d1e68707077714f5cbf6c83188321d80b078bd08334f3532e6ad61792415e195afaccb42e4dce11bc598de963e6e4038ca5332c88f3f6dc02dde6140e5ec19,10/07/2024 03:30:00 PM,F,,HELMET NOT USED,OTHER ACTION,NOT IN ROADWAY,TEST NOT OFFERED,,30,CLEAR,DAYLIGHT,PEDALCYCLIST,DIVIDED - W/MEDIAN (NOT RAISED),STRAIGHT AND LEVEL,DRY,INJURY AND / OR TOW DUE TO CRASH,LAWRENCE AVE,41.9687394126,-87.6720983249,POINT (-87.672098324942 41.968739412645)
O1922911,BICYCLE,a31a05be0ccccd72b5c04928730969ee9f6a5bade97370fe961109ace05fd6bc392870a4b4a55d04543441f36dada69e8c1dee0c99adaac6b5d2eac6447642a6,10/07/2024 03:20:00 PM,M,24.0,HELMET NOT USED,CROSSING - NO CONTROLS (AT INTERSECTION),IN ROADWAY,TEST NOT OFFERED,,20,CLEAR,DAYLIGHT,PEDALCYCLIST,NOT DIVIDED,STRAIGHT AND LEVEL,DRY,INJURY AND / OR TOW DUE TO CRASH,RIDGE AVE,41.9956493291,-87.6755980161,POINT (-87.675598016125 41.995649329051)
O1922801,BICYCLE,08d45793e08fc0d51c042dd4760b14c2f9e83309fe1b758fd6c18d4aaaa76755bd1fd6d92d0547607f0015142387362b14e735129cae17e0d774f2bdd9ffc529,10/07/2024 01:20:00 PM,M,26.0,HELMET NOT USED,CROSSING - WITH SIGNAL,BIKE LANE,TEST NOT OFFERED,,35,CLEAR,DAYLIGHT,PEDALCYCLIST,NOT DIVIDED,STRAIGHT AND LEVEL,DRY,INJURY AND / OR TOW DUE TO CRASH,HALSTED ST,41.9109445155,-87.6481251893,POINT (-87.648125189303 41.910944515457)
O1923246,BICYCLE,73d85c587f200ad4e83b5e4ca92eea2af2ce70cf3f38df5a06bbca782c7895fbda819123b3b7d2ea7f700586edcf8f254908b5bd7d0a87e28dc4de34846c9810,10/07/2024 11:55:00 AM,M,43.0,HELMET NOT USED,CROSSING - NO CONTROLS (NOT AT INTERSECTION),IN ROADWAY,TEST NOT OFFERED,,30,CLEAR,DAYLIGHT,PEDALCYCLIST,DIVIDED - W/MEDIAN BARRIER,STRAIGHT AND LEVEL,DRY,INJURY AND / OR TOW DUE TO CRASH,KEDZIE AVE,41.9156224122,-87.7070639352,POINT (-87.707063935234 41.915622412231)