PERSON_ID,PERSON_TYPE,CRASH_RECORD_ID,CRASH_DATE_x,SEX,AGE,SAFETY_EQUIPMENT,PEDPEDAL_ACTION,PEDPEDAL_LOCATION,BAC_RESULT,CRASH_DATE_EST_I,POSTED_SPEED_LIMIT,WEATHER_CONDITION,LIGHTING_CONDITION,FIRST_CRASH_TYPE,TRAFFICWAY_TYPE,ALIGNMENT,ROADWAY_SURFACE_COND,CRASH_TYPE,STREET_NAME,LATITUDE,LONGITUDE,LOCATION
O1922716,BICYCLE,11d367ccda5d9765c22d4a2c58037851c0f5655fc09b6a0e096d02fcaf3223c83594f6829a310202a6ad2e88de40a58cdf5a8faba7013a727f26f2a1786f40a2,10/07/2024 10:15:00 AM,F,,HELMET NOT USED,WITH TRAFFIC,IN ROADWAY,TEST NOT OFFERED,,30,CLEAR,DAYLIGHT,PEDALCYCLIST,NOT DIVIDED,STRAIGHT AND LEVEL,DRY,NO INJURY / DRIVE AWAY,WOOD ST,41.8988311056,-87.6724082588,POINT (-87.672408258776 41.898831105637)
O1922660,BICYCLE,f782e067d2978cbd4ca7aa2c99ccde1c66a9008c53a846f196863b818657310c4adafa6ba2a458344503aa9bc261737f0277f3b941b5a4a83ea1c4b76d5ba796,10/07/2024 08:00:00 AM,M,25.0,BICYCLE HELMET (PEDACYCLIST INVOLVED ONLY),WITH TRAFFIC,BIKE LANE,TEST NOT OFFERED,,30,CLEAR,DAYLIGHT,PEDALCYCLIST,FOUR WAY,STRAIGHT AND LEVEL,DRY,NO INJURY / DRIVE AWAY,CORTLAND ST,41.9163625315,-87.666311232,POINT (-87.666311231958 41.91636253151)
O1922361,BICYCLE,fdb1c7d0d3e474d45edb119f260ea6f0604e61fb43ab1fc66e1ce725d4c152bf7d0940d039870060d12d054c694cc74825fdb86c59732730df5417d54e81564d,10/06/2024 06:30:00 PM,F,15.0,HELMET NOT USED,STANDING IN ROADWAY,IN ROADWAY,,,20,CLEAR,DUSK,PEDALCYCLIST,ONE-WAY,STRAIGHT AND LEVEL,DRY,NO INJURY / DRIVE AWAY,WELLINGTON AVE,41.934975087,-87.7542215732,POINT (-87.754221573215 41.934975087032)
O1922617,BICYCLE,8e4cb89e3e3e317af88c18b3c0319529689d2618fd320b7d726e83b44e27de86f9bdf551f8d970f2ee81807aac4af799012fbb6dcf26529af9e7e3d84b4024a6,10/06/2024 06:00:00 PM,M,,HELMET NOT USED,NO ACTION,BIKE LANE,TEST NOT OFFERED,,30,CLEAR,DAYLIGHT,PEDALCYCLIST,NOT DIVIDED,STRAIGHT AND LEVEL,DRY,NO INJURY / DRIVE AWAY,NORTH AVE,41.910875544,-87.6582782399,POINT (-87.658278239858 41.910875543991)
O1922872,BICYCLE,a5bc203ee2e1a79e85fcde46df617d757284b8d1106f0c61f2ea2f0a6bc6e3dd135412cf1607e989c4355a250831111e1ec673343219a838dc31e33421954ddf,10/06/2024 05:40:00 PM,M,34.0,BICYCLE HELMET (PEDACYCLIST INVOLVED ONLY),WITH TRAFFIC,IN ROADWAY,TEST NOT OFFERED,,30,CLEAR,DAYLIGHT,PEDALCYCLIST,T-INTERSECTION,STRAIGHT AND LEVEL,DRY,INJURY AND / OR TOW DUE TO CRASH,NORTH AVE,41.9106553277,-87.6590174223,POINT (-87.659017422338 41.91065532766)
O1922332,BICYCLE,cde942bb0fda0a6fed868c74aca05fc078dbc1a7ca769d4ed85bc5fa60661695615501faa2d3d682fc53179f45772877c60477523e5387f22e88169a98aeefc4,10/06/2024 05:09:00 PM,M,22.0,BICYCLE HELMET (PEDACYCLIST INVOLVED ONLY),ENTER FROM DRIVE/ALLEY,IN ROADWAY,TEST NOT OFFERED,,30,CLEAR,DAYLIGHT,PEDALCYCLIST,ONE-WAY,STRAIGHT AND LEVEL,DRY,INJURY AND / OR TOW DUE TO CRASH,ARTESIAN AVE,42.000011704,-87.6910161065,POINT (-87.691016106513 42.000011703975)
O1922339,BICYCLE,254f9f8cfae3b6789af3a79c271d89911264e8f34cb417323fc777d2e4e74d8c60c27a4d328f7ac147e082034cc3e622e2144e1015147355ea21135aa938ebb4,10/06/2024 03:37:00 PM,M,,HELMET NOT USED,OTHER ACTION,IN CROSSWALK,TEST NOT OFFERED,,30,CLEAR,DAYLIGHT,PEDALCYCLIST,DIVIDED - W/MEDIAN (NOT RAISED),STRAIGHT AND LEVEL,UNKNOWN,NO INJURY / DRIVE AWAY,GRAND AVE,41.9225488617,-87.7855297562,POINT (-87.785529756155 41.922548861734)
O1922520,BICYCLE,320c4e73bd7d539f6f3476c824f7298d582c564ac0b24c43d8985fc19a5638185204300fe9e4d5c79096a895127aa32ce80877a968dcd3359d6a95a638939f16,10/06/2024 12:21:00 PM,M,13.0,BICYCLE HELMET (PEDACYCLIST INVOLVED ONLY),WITH TRAFFIC,IN ROADWAY,TEST TAKEN,,30,CLEAR,DAYLIGHT,PEDALCYCLIST,DIVIDED - W/MEDIAN BARRIER,STRAIGHT AND LEVEL,DRY,INJURY AND / OR TOW DUE TO CRASH,CARPENTER ST,41.7524649998,-87.6500076316,POINT (-87.65000763164 41.752464999776)
O1922031,BICYCLE,2589e1806992e0d0362a358ee3815d33d330ff1aed571f0a2dca81073d1055b807e66f042dc86491a72ba180e7094fc27dc6716a326a2fbe06615af2e1ca6066,10/06/2024 09:35:00 AM,M,61.0,HELMET NOT USED,CROSSING - WITH SIGNAL,IN ROADWAY,TEST NOT OFFERED,,20,CLEAR,DAYLIGHT,PEDALCYCLIST,OTHER,STRAIGHT AND LEVEL,DRY,INJURY AND / OR TOW DUE TO CRASH,IRVING PARK RD,41.9544875669,-87.6622934959,POINT (-87.662293495857 41.95448756688)
O1921963,BICYCLE,27548c68b0f65c9730b4d0b7ffdf0695881adb9e7b4297ec78d7ac79f19f0909df76e9162a29a48e146619c716a49ae08426c745e5df795e28893ed772423c86,10/06/2024 12:36:00 AM,M,33.0,HELMET NOT USED,CROSSING - WITH SIGNAL,IN ROADWAY,TEST NOT OFFERED,,30,CLEAR,DARKNESS,PEDALCYCLIST,NOT DIVIDED,STRAIGHT AND LEVEL,DRY,INJURY AND / OR TOW DUE TO CRASH,DR MARTIN LUTHER KING JR DR,41.8092909105,-87.616733046,POINT (-87.616733045993 41.809290910501)
O1921902,BICYCLE,96b3df466741ee961cadb8f77484228c5b752cb010f49d8039a39af218d516e9eac8ed3ac0fc04d52c503a6cf13c468f602b3f5a9333ab57c85faad09ad5baef,10/06/2024 12:31:00 AM,F,26.0,BICYCLE HELMET (PEDACYCLIST INVOLVED ONLY),NO ACTION,IN ROADWAY,TEST NOT OFFERED,,30,CLEAR,"DARKNESS, LIGHTED ROAD",PEDALCYCLIST,DIVIDED - W/MEDIAN (NOT RAISED),STRAIGHT AND LEVEL,DRY,INJURY AND / OR TOW DUE TO CRASH,ASHLAND AVE,41.9687880799,-87.6692894051,POINT (-87.669289405115 41.968788079883)
O1921891,BICYCLE,44d17d80239aa6a332300b7e39b7bc8d15e6f4de9a320b83ad5ad60ce396338f1948e47d393a0ddb50e93527c1b16d939b35f0a499313925b34e693674a56a1c,10/06/2024 12:16:00 AM,M,39.0,HELMET NOT USED,UNKNOWN/NA,UNKNOWN/NA,TEST NOT OFFERED,,30,CLEAR,"DARKNESS, LIGHTED ROAD",PEDALCYCLIST,NOT DIVIDED,STRAIGHT AND LEVEL,DRY,INJURY AND / OR TOW DUE TO CRASH,NORTH AVE,41.9099263455,-87.7314744082,POINT (-87.731474408189 41.909926345484)
O1921888,BICYCLE,c27c2302097ef8d1c7f6c60d4530566f3b635d16998d345b429bb0bdda809d7f70780526278bb5f92e376afaeef8ade2e7a60041699a03064d4be81a59ec5324,10/05/2024 11:40:00 PM,M,15.0,HELMET NOT USED,WITH TRAFFIC,IN ROADWAY,,,20,CLEAR,"DARKNESS, LIGHTED ROAD",PEDALCYCLIST,NOT DIVIDED,STRAIGHT AND LEVEL,DRY,INJURY AND / OR TOW DUE TO CRASH,82ND ST,41.7442329686,-87.7011649917,POINT (-87.701164991667 41.744232968588)
O1922280,BICYCLE,021edf8e0d79c6467d58ec4254adb376c94a0f87c84c813d71b0a75217261c4e33d3f5f29333dbbd43a7f0e0f8e940970ca4466da977381004013752d4624447,10/05/2024 08:30:00 PM,F,18.0,BICYCLE HELMET (PEDACYCLIST INVOLVED ONLY),CROSSING - WITH SIGNAL,IN CROSSWALK,TEST NOT OFFERED,,30,CLEAR,DUSK,PEDALCYCLIST,FOUR WAY,STRAIGHT AND LEVEL,DRY,INJURY AND / OR TOW DUE TO CRASH,STATE ST,41.7564004067,-87.6248696859,POINT (-87.624869685896 41.756400406673)
O1921852,BICYCLE,545e3aaa5b36910f095b6e3553d6be9207c468fc42545536536a2b42d819c1400dceca896d3fd72d48c0e6b040cc6fd9014a42bfa139e2d9fbb5466f1afe479e,10/05/2024 08:30:00 PM,X,16.0,HELMET NOT USED,CROSSING - AGAINST SIGNAL,UNKNOWN/NA,TEST NOT OFFERED,,30,CLEAR,"DARKNESS, LIGHTED ROAD",PEDALCYCLIST,FOUR WAY,STRAIGHT AND LEVEL,DRY,INJURY AND / OR TOW DUE TO CRASH,LAKE PARK AVE,41.8025973582,-87.5877461394,POINT (-87.587746139448 41.802597358198)
O1921877,BICYCLE,f9b5c7d20b302330f82d9a2f29e32d3369003778e092a0b2dadcc45d916d070a1a5ee1aeee1031d807680b6fbfedcdb068429702647c669aa622318e58eee849,10/05/2024 08:00:00 PM,F,,HELMET NOT USED,WITH TRAFFIC,IN ROADWAY,TEST NOT OFFERED,,30,CLEAR,"DARKNESS, LIGHTED ROAD",PEDALCYCLIST,NOT DIVIDED,STRAIGHT AND LEVEL,DRY,NO INJURY / DRIVE AWAY,KINZIE ST,41.8889407707,-87.6474906636,POINT (-87.647490663595 41.888940770686)
O1921759,BICYCLE,2bfa820eb3c105c4f61c0b91963d9715b79c8b11684f7f64ae5227e1930852de4e7d2ad89ab9f6db6204ea356d2c9ba7fa54a105b4b7b4b3b36e5a952a138f6c,10/05/2024 06:39:00 PM,M,27.0,BICYCLE HELMET (PEDACYCLIST INVOLVED ONLY),OTHER ACTION,IN ROADWAY,TEST NOT OFFERED,,35,CLEAR,"DARKNESS, LIGHTED ROAD",PEDALCYCLIST,FOUR WAY,STRAIGHT AND LEVEL,DRY,INJURY AND / OR TOW DUE TO CRASH,ELM ST,41.9030456502,-87.629893203,POINT (-87.629893203038 41.903045650168)
O1932696,BICYCLE,f0d40ccd3e19b94ff062211bf86fb62e1a5e7f82dc1554950a0e9bb934b19251100c9a5332a6938ee0fc101810f09ae9c7750f0d40125a3854f5d7e6362d3cfa,10/05/2024 12:15:00 PM,F,29.0,HELMET NOT USED,TURNING LEFT,BIKEWAY,TEST NOT OFFERED,,30,CLEAR,DAYLIGHT,PEDALCYCLIST,ONE-WAY,STRAIGHT AND LEVEL,DRY,INJURY AND / OR TOW DUE TO CRASH,DAMEN AVE,41.8812476671,-87.6767878301,POINT (-87.676787830143 41.88124766708)
O1921516,BICYCLE,2f1fd7b8e36f0495181b888953d89cafcb65b2913d6fccf10b5664f60d93c2db5c3e80a30ad8a12d593149fd584fbbe8818294a2b7126d756e1a2fb619e318b9,10/05/2024 12:02:00 PM,M,34.0,BICYCLE HELMET (PEDACYCLIST INVOLVED ONLY),NO ACTION,BIKE LANE,TEST NOT OFFERED,,30,CLEAR,DAYLIGHT,PEDALCYCLIST,NOT DIVIDED,STRAIGHT AND LEVEL,DRY,NO INJURY / DRIVE AWAY,DEARBORN ST,41.9052199228,-87.6298761441,POINT (-87.629876144101 41.905219922835)
O1921300,BICYCLE,21611f9bbb4439b43dc81e893a0d0604c1bbfd8c098e2d84a3a523f6966eae49b527f2464d5b79a1eec56535e31c7b79097e884e65558ba7e9c03477df6019b9,10/05/2024 01:45:00 AM,M,28.0,BICYCLE HELMET (PEDACYCLIST INVOLVED ONLY),WITH TRAFFIC,BIKE LANE,TEST NOT OFFERED,,25,CLEAR,"DARKNESS, LIGHTED ROAD",PEDALCYCLIST,FOUR WAY,STRAIGHT AND LEVEL,DRY,INJURY AND / OR TOW DUE TO CRASH,DIVISION ST,41.9030362912,-87.6967580155,POINT (-87.696758015457 41.903036291196)
O1921220,BICYCLE,e6a8ae955fc5cdf5de9c6165ce6cc94adff883a8495531dd4e0780d665c68490bfa0955cd6c3e5dff1518a2a300985dea71b2ad44ba282a11be2a3e13f8cf819,10/04/2024 10:31:00 PM,F,44.0,BICYCLE HELMET (PEDACYCLIST INVOLVED ONLY),WITH TRAFFIC,BIKE LANE,,,30,CLEAR,"DARKNESS, LIGHTED ROAD",PEDALCYCLIST,NOT DIVIDED,STRAIGHT AND LEVEL,DRY,NO INJURY / DRIVE AWAY,18TH ST,41.8580764793,-87.6556415731,POINT (-87.655641573087 41.858076479318)
O1921167,BICYCLE,e8a7a9393c8745c2e82a62cd9ddb6a1c23322f5f8e4879f96071138d368ab11d24e7651083718a78dbc1bb5f1b722d13852bb86e797edb1bbc83ca5ddf0b19cd,10/04/2024 08:30:00 PM,M,32.0,BICYCLE HELMET (PEDACYCLIST INVOLVED ONLY),WITH TRAFFIC,IN ROADWAY,TEST NOT OFFERED,,25,CLEAR,DARKNESS,PEDALCYCLIST,NOT DIVIDED,STRAIGHT AND LEVEL,DRY,INJURY AND / OR TOW DUE TO CRASH,LAKE ST,41.8854402415,-87.6668889219,POINT (-87.666888921921 41.885440241474)
O1921178,BICYCLE,18e06f0980947f1ffc431d0c8cf16aac4bcbc0c2fa6b5d81054b4aa9fd0954aa38ea581992c22504e2453eda1c66dae32831819e424745d26be035f16ee6b8e4,10/04/2024 08:25:00 PM,M,15.0,HELMET NOT USED,CROSSING - NO CONTROLS (AT INTERSECTION),IN CROSSWALK,TEST NOT OFFERED,,30,CLEAR,"DARKNESS, LIGHTED ROAD",PEDALCYCLIST,NOT DIVIDED,STRAIGHT AND LEVEL,DRY,INJURY AND / OR TOW DUE TO CRASH,LAWRENCE AVE,41.9682795513,-87.7145239793,POINT (-87.714523979273 41.968279551278)
O1921181,BICYCLE,af6e119bf7776ea8211b4e3ff8b4fa51a20ac265aa6d470b9f870a9c5e9aec984f68b12791d800b91296e5dc88ca5a0289e364f44a7f692df2a9ba86d2b24f35,10/04/2024 07:29:00 PM,M,28.0,HELMET NOT USED,WITH TRAFFIC,UNKNOWN/NA,TEST NOT OFFERED,,30,CLEAR,DUSK,PEDALCYCLIST,FOUR WAY,STRAIGHT AND LEVEL,DRY,INJURY AND / OR TOW DUE TO CRASH,55TH ST,41.7937373403,-87.6974028513,POINT (-87.697402851343 41.793737340324)
O1922196,BICYCLE,a7f54b064dade5acbd0d81413ef74025773cfeef1b05e95de47e1e457a96e982b73b2e0e41664805cc6b161baf956c7ea5b32267cd427a1d965bce25b0052435,10/04/2024 06:00:00 PM,M,30.0,HELMET NOT USED,CROSSING - WITH SIGNAL,BIKE LANE,TEST NOT OFFERED,,30,CLEAR,DAYLIGHT,PEDALCYCLIST,FOUR WAY,STRAIGHT AND LEVEL,DRY,INJURY AND / OR TOW DUE TO CRASH,DEARBORN ST,41.8916012848,-87.6297967052,POINT (-87.629796705231 41.891601284754)
O1920958,BICYCLE,d4fa2d0c9a0a4356e4e97bd90029cbfd31329e6efba051f970d3b8e36e6d428be57d9d7ed1e38d97fcb353bf0d1ae68366cda9b8f13afed358e34dce1ba0bd59,10/04/2024 04:40:00 PM,M,49.0,HELMET NOT USED,WITH TRAFFIC,BIKEWAY,TEST NOT OFFERED,,25,CLEAR,DUSK,PEDALCYCLIST,NOT DIVIDED,STRAIGHT AND LEVEL,DRY,INJURY AND / OR TOW DUE TO CRASH,BELMONT AVE,41.9392533447,-87.702785233,POINT (-87.702785233036 41.939253344724)
O1921072,NON-MOTOR VEHICLE,c929fd42f4ad4dfd178c784dc63ceb349dd32d8b569afad9e9297c39be126bbc02bbb82b7882e1dcb36f2dc9a6f1738c05efbb00f3a252dbc2cc1bd57c02ab81,10/04/2024 04:30:00 PM,M,56.0,USAGE UNKNOWN,UNKNOWN/NA,IN ROADWAY,TEST NOT OFFERED,,30,CLEAR,DAYLIGHT,OTHER OBJECT,NOT DIVIDED,STRAIGHT AND LEVEL,DRY,INJURY AND / OR TOW DUE TO CRASH,43RD ST,41.8162136742,-87.6374600182,POINT (-87.637460018199 41.816213674158)
O1920946,BICYCLE,dae45c69352e4e2834d2d4c7489eb6c70e5457f2a8e43a320e985ecc7ee6a61879b05fabd6f62489aaa290ee36aaf9c973629345170ac22ca6158ecdbe735b38,10/04/2024 04:27:00 PM,F,25.0,HELMET NOT USED,WITH TRAFFIC,BIKEWAY,TEST NOT OFFERED,,30,CLEAR,DAYLIGHT,PEDALCYCLIST,NOT DIVIDED,STRAIGHT AND LEVEL,DRY,INJURY AND / OR TOW DUE TO CRASH,LAWRENCE AVE,41.967879431,-87.7685581949,POINT (-87.768558194904 41.967879430958)
O1920959,NON-MOTOR VEHICLE,62c59388a46176a7524562d76acad4175d06a2747898a719938f4708a4a73dc4d54d67cbedbcd4b02be9f05a4b72dce84fa7a26f8a18b63c04dae14a73fb7691,10/04/2024 03:00:00 PM,M,17.0,NONE PRESENT,TURNING RIGHT,UNKNOWN/NA,TEST NOT OFFERED,,15,CLEAR,DAYLIGHT,OTHER OBJECT,ONE-WAY,STRAIGHT AND LEVEL,DRY,NO INJURY / DRIVE AWAY,BERTEAU AVE,41.9578697145,-87.6820626353,POINT (-87.682062635316 41.957869714545)
O1920884,BICYCLE,730862c1fe7f666ccdd90c3065be462d0a4c6e0cf4e2ac1e09f1309accd5094bdc8306c353047026b4db64728382132a3fa36e13f43657da17f8a6622fb26ed0,10/04/2024 03:00:00 PM,M,,HELMET NOT USED,UNKNOWN/NA,UNKNOWN/NA,TEST NOT OFFERED,,30,CLEAR,DAYLIGHT,PEDALCYCLIST,RAMP,STRAIGHT AND LEVEL,DRY,NO INJURY / DRIVE AWAY,LAKE SHORE DR NB,41.9656340963,-87.6469011626,POINT (-87.646901162638 41.965634096299)
O1921058,BICYCLE,69e53fe8df4da117d12ae73b8dc8ae8a9ca43cd19181af8929d70fef837a101332ef11fa6a3d070cebfc0c4f361c93c529ffe977aaeef38ed5f7266133b62e40,10/04/2024 12:55:00 PM,F,28.0,HELMET NOT USED,OTHER ACTION,SHOULDER,TEST NOT OFFERED,,30,CLEAR,DAYLIGHT,PEDALCYCLIST,UNKNOWN INTERSECTION TYPE,STRAIGHT AND LEVEL,DRY,INJURY AND / OR TOW DUE TO CRASH,HALSTED ST,41.7938690123,-87.6452949015,POINT (-87.645294901547 41.793869012306)
O1920650,BICYCLE,89097f9c5fd196863abb9969736ca7d771ab3fd792ea4ab225959e607c46afca233aa583ce70ed0896c9d4e3d3fd0d5a6fbc21f5ba34a5b7222f00d8c96b8fd8,10/04/2024 09:50:00 AM,M,42.0,BICYCLE HELMET (PEDACYCLIST INVOLVED ONLY),TURNING RIGHT,IN ROADWAY,TEST NOT OFFERED,,30,CLEAR,DAYLIGHT,PEDALCYCLIST,NOT DIVIDED,STRAIGHT AND LEVEL,DRY,NO INJURY / DRIVE AWAY,STATE ST,41.8717406197,-87.6276706791,POINT (-87.627670679085 41.871740619681)
O1920655,BICYCLE,d66f29ca2b7b41cf3efbcca37533c46bed742513d0cfdf66dbddffc751bdedae60d985fcb15091df4a1d88d1e65bb41479142c4e05588299209464301f87f665,10/04/2024 08:48:00 AM,M,38.0,BICYCLE HELMET (PEDACYCLIST INVOLVED ONLY),NO ACTION,IN ROADWAY,TEST NOT OFFERED,,30,CLOUDY/OVERCAST,DAYLIGHT,PEDALCYCLIST,ONE-WAY,STRAIGHT AND LEVEL,UNKNOWN,INJURY AND / OR TOW DUE TO CRASH,WELLS ST,41.8860283981,-87.6340849831,POINT (-87.63408498312 41.886028398061)
O1920351,BICYCLE,7d17a4dbe09d50c5bb0418e9df52eff5e3b2a393bf4ecb3befa73c2487a8dce1d95b7dbb2a8571d60016f05f7a98cec3e7e8523af1fe5a017b1bf9cd2562c5be,10/03/2024 06:00:00 PM,M,,HELMET NOT USED,WITH TRAFFIC,DRIVEWAY ACCESS,TEST NOT OFFERED,,20,CLEAR,DAYLIGHT,PEDALCYCLIST,NOT DIVIDED,STRAIGHT AND LEVEL,DRY,INJURY AND / OR TOW DUE TO CRASH,KEDZIE AVE,41.8444248308,-87.7051854523,POINT (-87.705185452332 41.844424830844)
O1923122,BICYCLE,5ee612ca9c114462f0b2bd5528f667edb1e0e18a19eba2b9197812ce57f5737f30a12bd7d23a1d8a520fb0737c3654b79fedef401405ab18cd0f7007ab668410,10/03/2024 05:30:00 PM,F,28.0,HELMET NOT USED,WITH TRAFFIC,IN ROADWAY,TEST NOT OFFERED,,30,CLEAR,DAYLIGHT,PEDALCYCLIST,"FIVE POINT, OR MORE",STRAIGHT AND LEVEL,DRY,INJURY AND / OR TOW DUE TO CRASH,NORTH AVE,41.9105827644,-87.6777016771,POINT (-87.677701677062 41.910582764445)
O1920297,NON-MOTOR VEHICLE,2db2c8286dd210596f7eb76a5df04e12b04a4d9a2eab00ffb1a03152f7424b507d4d8a1f7b55db17ef8ed8a974f9e0b6aecb14b1e18305b6f1994921c45a2bef,10/03/2024 05:24:00 PM,F,30.0,,CROSSING - NO CONTROLS (AT INTERSECTION),IN CROSSWALK,TEST NOT OFFERED,,30,CLEAR,DAYLIGHT,OTHER OBJECT,FOUR WAY,STRAIGHT AND LEVEL,DRY,INJURY AND / OR TOW DUE TO CRASH,KEDZIE AVE,41.7990820564,-87.703863023,POINT (-87.703863023024 41.799082056448)
O1920330,BICYCLE,44317b9d54676c57cab143eddd602939ad1297935427751cc434b0db9159bfbb3459d2f1de1f2def1611bcdbc84f7623562162371535d5f4bede79840296683c,10/03/2024 05:10:00 PM,M,52.0,HELMET NOT USED,OTHER ACTION,IN ROADWAY,TEST NOT OFFERED,,30,CLEAR,DAYLIGHT,PEDALCYCLIST,FOUR WAY,STRAIGHT AND LEVEL,DRY,INJURY AND / OR TOW DUE TO CRASH,STATE ST,41.7800082774,-87.6255225119,POINT (-87.625522511916 41.780008277408)
O1920328,BICYCLE,0e4f29761f1702267906e9c712f1a5fe0f55ca0d524475513a1b475f35aee48763aa90ce860159e38917cbc89a89b72ff52026660cfc00665d2044bae7836a0d,10/03/2024 04:22:00 PM,M,25.0,HELMET NOT USED,CROSSING - WITH SIGNAL,IN ROADWAY,TEST NOT OFFERED,,30,CLEAR,DAYLIGHT,PEDALCYCLIST,FOUR WAY,STRAIGHT AND LEVEL,DRY,INJURY AND / OR TOW DUE TO CRASH,STONY ISLAND AVE,41.7623619184,-87.5863772347,POINT (-87.586377234748 41.762361918371)
O1920277,BICYCLE,4d28a3dee27abc2becb8ff48fbc4e479806087b452bf6629ce2c7df8e2de00b6c840050cfc5f909f6f82512941f4819576628f7e5f87018fb26c11243d9fb2fd,10/03/2024 03:25:00 PM,F,13.0,HELMET NOT USED,TURNING LEFT,IN ROADWAY,TEST NOT OFFERED,,30,CLEAR,DAYLIGHT,PEDALCYCLIST,NOT DIVIDED,STRAIGHT AND LEVEL,DRY,INJURY AND / OR TOW DUE TO CRASH,HALSTED ST,41.847242704,-87.6463443178,POINT (-87.646344317833 41.847242703995)
O1920826,BICYCLE,cfb9974469b16f390872d1742fee8f0481b034ea8f6bf79f1b6fb69d807fed750ea7f05e9240ca26ca48911192ebd921284e33b9cdbbc12587bc1d3bcfd3d5fd,10/03/2024 02:45:00 PM,M,38.0,HELMET NOT USED,UNKNOWN/NA,IN ROADWAY,TEST NOT OFFERED,Y,30,CLEAR,DAYLIGHT,PEDALCYCLIST,DIVIDED - W/MEDIAN (NOT RAISED),STRAIGHT AND LEVEL,DRY,INJURY AND / OR TOW DUE TO CRASH,ASHLAND AVE,41.7757453824,-87.6639709543,POINT (-87.663970954277 41.775745382443)
O1920555,BICYCLE,7a159f1d4efb866d42b723cd543452161474ab2aac75708a4a71bd1b259364546bc00a33d5148ece793f512ff5d788e1efaa65bb5b5d27009fbe8fd627a3fd43,10/03/2024 02:11:00 PM,M,32.0,HELMET NOT USED,UNKNOWN/NA,UNKNOWN/NA,TEST REFUSED,,30,CLEAR,DAYLIGHT,PEDALCYCLIST,ALLEY,STRAIGHT AND LEVEL,DRY,INJURY AND / OR TOW DUE TO CRASH,GLADYS AVE,41.8756770994,-87.752490737,POINT (-87.752490737042 41.875677099376)
O1920343,NON-MOTOR VEHICLE,e974f07df292981cfebe7d0acf371e47abe1dd6e81d70807f4af930c62dcf3c0a01267bb6090cb4aeb0475a24a5d97f58b4715caa5882241d94249c3c794c7e5,10/03/2024 01:17:00 PM,,,,,,,,30,CLEAR,DAYLIGHT,OTHER OBJECT,PARKING LOT,STRAIGHT AND LEVEL,UNKNOWN,NO INJURY / DRIVE AWAY,CLINTON ST,41.8655346778,-87.6408133123,POINT (-87.64081331229 41.865534677771)
O1920166,BICYCLE,9a03da7c36796b9e11e6797cb948336a2e682e71540233c0aa71a27edc1d2ea1598f95d42478397223b625f1677ecd56137c749e93d414f8e7dd32afc884c5b3,10/03/2024 12:30:00 PM,F,,BICYCLE HELMET (PEDACYCLIST INVOLVED ONLY),WITH TRAFFIC,IN ROADWAY,TEST NOT OFFERED,,30,CLEAR,DAYLIGHT,PEDALCYCLIST,DIVIDED - W/MEDIAN (NOT RAISED),STRAIGHT AND LEVEL,DRY,NO INJURY / DRIVE AWAY,RANDOLPH ST,41.8841930626,-87.6534119166,POINT (-87.653411916619 41.884193062618)
O1920217,BICYCLE,918f62998b9477ccb6593ef6a7fc3c38e61c99d36ac9e2ec51de04ead96e33149c1a74a5fa3a4a08f4f7bcbf8d94d3d0a37dec3f1d9634b3c4f87b860bfcc50a,10/03/2024 12:28:00 PM,F,0.0,HELMET NOT USED,AGAINST TRAFFIC,IN ROADWAY,TEST NOT OFFERED,,30,CLEAR,DAYLIGHT,PEDALCYCLIST,FOUR WAY,STRAIGHT AND LEVEL,DRY,INJURY AND / OR TOW DUE TO CRASH,KILPATRICK AVE,41.8769386609,-87.7425526675,POINT (-87.74255266755 41.876938660942)
O1923546,BICYCLE,4794cce194be349be20aa819c90ad00465e23c944e097a5a3dac37f76d77a6ac81f35fe9bb26dd2d6ab1743defb94254befa43bdffe9fecb3e56d330e903f495,10/03/2024 11:00:00 AM,F,,BICYCLE HELMET (PEDACYCLIST INVOLVED ONLY),OTHER ACTION,BIKE LANE,TEST NOT OFFERED,,30,UNKNOWN,UNKNOWN,PEDALCYCLIST,NOT DIVIDED,STRAIGHT AND LEVEL,UNKNOWN,INJURY AND / OR TOW DUE TO CRASH,CLARK ST,41.9973009173,-87.6705310057,POINT (-87.670531005663 41.997300917329)
O1920215,BICYCLE,308d3d300b287ba0d83da8e90cda7567c0115819afe409e2ea3813da6a62a9e20061aa59712a0634605f80ec447b3f6ede60a7243fc888fde0c0cca0cbada646,10/03/2024 07:45:00 AM,F,56.0,BICYCLE HELMET (PEDACYCLIST INVOLVED ONLY),CROSSING - NO CONTROLS (AT INTERSECTION),IN CROSSWALK,TEST NOT OFFERED,N,30,CLEAR,DAYLIGHT,PEDALCYCLIST,Y-INTERSECTION,STRAIGHT AND LEVEL,DRY,INJURY AND / OR TOW DUE TO CRASH,ADDISON ST,41.9463595605,-87.7201809304,POINT (-87.720180930371 41.946359560499)
O1920688,BICYCLE,c4fae5e1edc7290b358a646c0a46ec82244ac7acc11f539aae8c90256da1838976d59420559ff33a621f80c9fda87a4fda1a288669f6bd809655e836e0a54854,10/03/2024 07:15:00 AM,M,16.0,BICYCLE HELMET (PEDACYCLIST INVOLVED ONLY),WITH TRAFFIC,BIKE LANE,TEST NOT OFFERED,,30,CLEAR,DAYLIGHT,PEDALCYCLIST,DIVIDED - W/MEDIAN (NOT RAISED),STRAIGHT AND LEVEL,UNKNOWN,INJURY AND / OR TOW DUE TO CRASH,KEDZIE AVE,41.9739530902,-87.7087773978,POINT (-87.708777397769 41.97395309023)