PERSON_ID,PERSON_TYPE,CRASH_RECORD_ID,CRASH_DATE_x,SEX,AGE,SAFETY_EQUIPMENT,PEDPEDAL_ACTION,PEDPEDAL_LOCATION,BAC_RESULT,CRASH_DATE_EST_I,POSTED_SPEED_LIMIT,WEATHER_CONDITION,LIGHTING_CONDITION,FIRST_CRASH_TYPE,TRAFFICWAY_TYPE,ALIGNMENT,ROADWAY_SURFACE_COND,CRASH_TYPE,STREET_NAME,LATITUDE,LONGITUDE,LOCATION
O1919836,BICYCLE,91572ffe772b846b315a856dc8f78384e342d72840262703054c5909bf29727297d28e45e8ab525912a33b1dad7ebe6bf07cb1cd0ffa84ca7919501fcf3da7cb,10/03/2024 06:55:00 AM,F,32.0,HELMET NOT USED,WITH TRAFFIC,BIKEWAY,TEST NOT OFFERED,,30,CLEAR,DAYLIGHT,PEDALCYCLIST,DIVIDED - W/MEDIAN (NOT RAISED),STRAIGHT AND LEVEL,DRY,INJURY AND / OR TOW DUE TO CRASH,DAMEN AVE,41.9035889405,-87.6771224157,POINT (-87.677122415711 41.90358894051)
O1919877,BICYCLE,d4b19f98d88d8f5b91dfc4255d13c02a788d00061ff4d6bd0f69e0b8992fa9ce5a64f63378c5bdef737c396ad877e0c2207da96cdeb73f6fa8ba6b711c04d199,10/02/2024 06:30:00 PM,M,37.0,BICYCLE HELMET (PEDACYCLIST INVOLVED ONLY),WITH TRAFFIC,BIKE LANE,TEST NOT OFFERED,,35,UNKNOWN,UNKNOWN,PEDALCYCLIST,NOT DIVIDED,STRAIGHT AND LEVEL,UNKNOWN,INJURY AND / OR TOW DUE TO CRASH,DAMEN AVE,41.9207615969,-87.6775834761,POINT (-87.677583476143 41.920761596852)
O1919794,BICYCLE,e38c2afd9ccd818d0f7f9dd4c6a2f560af2974e326d3ca0aba9b5d9fb15b2bcd1bbae911c22b2d838771493814f07d37549b79c2be4ae8b858aeee14e7640cd9,10/02/2024 06:00:00 PM,M,66.0,HELMET NOT USED,UNKNOWN/NA,UNKNOWN/NA,TEST NOT OFFERED,,30,CLEAR,DARKNESS,PEDALCYCLIST,T-INTERSECTION,STRAIGHT AND LEVEL,DRY,INJURY AND / OR TOW DUE TO CRASH,COTTAGE GROVE AVE,41.7568458985,-87.605494637,POINT (-87.60549463696 41.756845898506)
O1919459,BICYCLE,7b8fb5c299e134d61e00e3dc1424a98bd1909cf5008c5200b9f3e9b4df0eb6a4e10ae33f2e84f308f09577eec859b579281427d594dacfc31ee5973f8a180e22,10/02/2024 02:50:00 PM,M,30.0,BICYCLE HELMET (PEDACYCLIST INVOLVED ONLY),OTHER ACTION,IN ROADWAY,TEST NOT OFFERED,,35,CLEAR,DAYLIGHT,PEDALCYCLIST,NOT DIVIDED,STRAIGHT AND LEVEL,DRY,NO INJURY / DRIVE AWAY,MILWAUKEE AVE,41.8890094526,-87.6445004202,POINT (-87.644500420233 41.889009452567)
O1921126,BICYCLE,689e684f7a4fb73121854b31f88af20f9edb9fc4ad4e340eee081b7ba0f2d1c4b01d65fa079082afa4954a0f13123dd8265c5d6f113d1bd7e90226636a5385cf,10/02/2024 02:35:00 PM,M,16.0,HELMET NOT USED,CROSSING - NO CONTROLS (NOT AT INTERSECTION),IN CROSSWALK,TEST NOT OFFERED,,30,UNKNOWN,UNKNOWN,PEDALCYCLIST,DIVIDED - W/MEDIAN (NOT RAISED),STRAIGHT AND LEVEL,UNKNOWN,INJURY AND / OR TOW DUE TO CRASH,FULLERTON AVE,41.9239929227,-87.7722109016,POINT (-87.772210901624 41.923992922686)
O1919351,BICYCLE,34fcd044c226332da18d5c252509c9f3d59e310242622fdcf8f02c6b74d69372edb0c9c433d062915ffba37ef51d913d359217132392d062c8756ff4b4d3c8ab,10/02/2024 12:30:00 PM,M,27.0,HELMET NOT USED,UNKNOWN/NA,IN ROADWAY,TEST NOT OFFERED,,30,CLEAR,DAYLIGHT,PEDALCYCLIST,DIVIDED - W/MEDIAN BARRIER,STRAIGHT AND LEVEL,DRY,INJURY AND / OR TOW DUE TO CRASH,ASHLAND AVE,41.9617979332,-87.6691193679,POINT (-87.669119367941 41.961797933154)
O1920060,BICYCLE,9c6db40bbb20f2a9e385c40ed0a41776dee04c789a27fbe2ee832a702f1986e455766d77cac1eec3ea0f73abe64aaade01e6082da098e1d5d2754d02a5c84b9f,10/02/2024 11:30:00 AM,M,36.0,BICYCLE HELMET (PEDACYCLIST INVOLVED ONLY),CROSSING - WITH SIGNAL,IN CROSSWALK,TEST NOT OFFERED,,30,CLEAR,DAYLIGHT,PEDALCYCLIST,FOUR WAY,STRAIGHT AND LEVEL,DRY,INJURY AND / OR TOW DUE TO CRASH,DAMEN AVE,41.8733422777,-87.6765852135,POINT (-87.676585213488 41.873342277745)
O1919348,BICYCLE,e96e9ea153d5549cfc8ee487417578996b0bc6e6eb54d679f8a616765368c989bc29de07a6ae911701487d0e71c8c4102f8690a2c903de629bf9a6af8e6e1850,10/02/2024 10:50:00 AM,M,22.0,BICYCLE HELMET (PEDACYCLIST INVOLVED ONLY),OTHER ACTION,IN ROADWAY,TEST NOT OFFERED,,25,CLEAR,DAYLIGHT,PEDALCYCLIST,NOT DIVIDED,STRAIGHT AND LEVEL,DRY,INJURY AND / OR TOW DUE TO CRASH,HALSTED ST,41.9184921378,-87.6486690942,POINT (-87.648669094163 41.918492137787)
O1919332,BICYCLE,79e96d580d6fa245106a11db9fe838cebc63e48354fdc495ef49727cd01ac80ffd65c55a5dee8345c7cf8489db31cbcc3a1762934dae16b0b683be40b2dcd45c,10/02/2024 09:35:00 AM,M,,BICYCLE HELMET (PEDACYCLIST INVOLVED ONLY),AGAINST TRAFFIC,IN ROADWAY,TEST NOT OFFERED,,30,CLEAR,DAYLIGHT,PEDALCYCLIST,DIVIDED - W/MEDIAN (NOT RAISED),STRAIGHT AND LEVEL,DRY,NO INJURY / DRIVE AWAY,LINCOLN AVE,41.9330125906,-87.6591342169,POINT (-87.659134216928 41.933012590573)
O1919815,BICYCLE,a2d6aea2ba35d2a36e8dbdbf093be7d2a74696280e68bc5a419d225f52003fd5f140ccbb2cdf3b92a561f3f9ba9ad554e8971b62b499edd755ae67c832ce9777,10/02/2024 05:49:00 AM,M,49.0,BICYCLE HELMET (PEDACYCLIST INVOLVED ONLY),WITH TRAFFIC,IN ROADWAY,TEST NOT OFFERED,,30,CLEAR,DAWN,PEDALCYCLIST,FOUR WAY,STRAIGHT AND LEVEL,DRY,INJURY AND / OR TOW DUE TO CRASH,OHIO ST,41.8924773219,-87.6356711601,POINT (-87.635671160097 41.892477321905)
O1919046,BICYCLE,3aa0bc765cb14b33e40f0c5341bccc319f831a4903667a998b6a03da0fbff6eb79cb44a2c88b3d1e7c2054a5615c1b526f3ac3835859c50b8813c30eaeefc85c,10/01/2024 10:20:00 PM,M,19.0,HELMET NOT USED,UNKNOWN/NA,BIKEWAY,,,30,CLEAR,DARKNESS,PEDALCYCLIST,NOT DIVIDED,STRAIGHT AND LEVEL,DRY,INJURY AND / OR TOW DUE TO CRASH,NORTH AVE,41.9105810762,-87.6782684067,POINT (-87.678268406676 41.910581076237)
O1919019,BICYCLE,72ecc9ee86481bb26a106d2272c2424c87bead957eeb0a4003820c7fbfbc921cf2d5aa4933d4347698febdf99b566647d799df21b7ef635a26d43e815c0a1dc4,10/01/2024 07:10:00 PM,M,,HELMET NOT USED,TURNING RIGHT,IN ROADWAY,,,25,CLEAR,DARKNESS,PEDALCYCLIST,NOT DIVIDED,STRAIGHT AND LEVEL,DRY,INJURY AND / OR TOW DUE TO CRASH,WESTERN AVE,41.8820423229,-87.6863087667,POINT (-87.686308766683 41.88204232287)
O1918898,BICYCLE,3629cfc8f767a83970945a410cce2e69c0618034af1d12fbcf1bf5d094dd7e2c7708e6ebf2fa28ce5adc562c8b4b6f9f91f125205751fc4833ec3007e0534ca4,10/01/2024 05:06:00 PM,F,48.0,HELMET NOT USED,CROSSING - CONTROLS PRESENT (NOT AT INTERSECTION),IN ROADWAY,TEST NOT OFFERED,,30,CLEAR,DAYLIGHT,PEDALCYCLIST,FOUR WAY,STRAIGHT AND LEVEL,DRY,INJURY AND / OR TOW DUE TO CRASH,DAMEN AVE,41.9615472957,-87.6791081648,POINT (-87.679108164793 41.961547295697)
O1918817,NON-MOTOR VEHICLE,732cfbb4f1bd1cabae9930a15255a5c6a16c8bf24eed63e63a97b0a17372c4c1f128fab7e5cb866399fed440fc7e438265492acfd9b6a85328240124f9cc3504,10/01/2024 05:00:00 PM,X,,USAGE UNKNOWN,CROSSING - WITH SIGNAL,IN ROADWAY,TEST NOT OFFERED,,25,CLEAR,DAYLIGHT,OTHER OBJECT,NOT DIVIDED,STRAIGHT AND LEVEL,DRY,NO INJURY / DRIVE AWAY,KOMENSKY AVE,41.8605848225,-87.7263747088,POINT (-87.726374708835 41.86058482252)
O1918766,BICYCLE,82fcb37057516ad7186fadd94eb91a116403e7c7b75b546065232c03b319d0228e04a4d1df1634b70958923d75dfcb7eec89c510d47f328fa06b92bc97168621,10/01/2024 03:57:00 PM,M,29.0,BICYCLE HELMET (PEDACYCLIST INVOLVED ONLY),WITH TRAFFIC,BIKE LANE,TEST NOT OFFERED,,30,CLEAR,DAYLIGHT,PEDALCYCLIST,DIVIDED - W/MEDIAN (NOT RAISED),STRAIGHT AND LEVEL,DRY,INJURY AND / OR TOW DUE TO CRASH,DAMEN AVE,41.9680749718,-87.6790196046,POINT (-87.679019604626 41.968074971819)
O1918850,BICYCLE,16650ccb5ac0ceddb7fdef0209716000bbdaa66647c79157bf9c4739cc676cbf88552254069442e6a9f4a29afe7411da2f828f17e47b3508bdd274481bca40a0,10/01/2024 03:29:00 PM,M,28.0,HELMET NOT USED,WITH TRAFFIC,IN ROADWAY,TEST NOT OFFERED,,30,CLEAR,DAYLIGHT,PEDALCYCLIST,NOT DIVIDED,STRAIGHT AND LEVEL,UNKNOWN,INJURY AND / OR TOW DUE TO CRASH,CHICAGO AVE,41.8951916599,-87.729716556,POINT (-87.729716555983 41.895191659915)
O1918856,BICYCLE,084f94292dbdf326df7b1db732b867708624cf885303951eda737e9bd286da37c0fb1b4a2968e5f34245d6ddb7a300b58a44b2b6d3a7629d99cd6b65b3266a30,10/01/2024 01:56:00 PM,M,29.0,HELMET NOT USED,WITH TRAFFIC,IN ROADWAY,TEST NOT OFFERED,,30,CLEAR,DAYLIGHT,PEDALCYCLIST,NOT DIVIDED,STRAIGHT AND LEVEL,UNKNOWN,INJURY AND / OR TOW DUE TO CRASH,NORTH AVE,41.9095342985,-87.7617309484,POINT (-87.761730948436 41.909534298543)
O1919237,BICYCLE,9ce3c944eba66ffec0f09e7881e2c33cf5b8030b9e43d5ecf545b015248bfe8b614427abccfe225cfb018b69e64503019772c3e6b25445283022ca9538fc023e,10/01/2024 01:00:00 PM,M,39.0,HELMET NOT USED,CROSSING - NO CONTROLS (NOT AT INTERSECTION),IN CROSSWALK,TEST NOT OFFERED,Y,10,CLEAR,DAYLIGHT,PEDALCYCLIST,DRIVEWAY,STRAIGHT AND LEVEL,DRY,INJURY AND / OR TOW DUE TO CRASH,95TH ST,41.7222537495,-87.5837662401,POINT (-87.583766240128 41.722253749468)
O1918590,BICYCLE,be45c052c39fcccd486e3b3eed7df15556b8527ba3eab9868b27ae02f7bfdfc9633970ac4e327fc5fd3a8432bb0416013b8248c8185e2d8eb0634468d3384251,10/01/2024 11:15:00 AM,M,68.0,BICYCLE HELMET (PEDACYCLIST INVOLVED ONLY),UNKNOWN/NA,IN ROADWAY,TEST NOT OFFERED,,15,CLEAR,DAYLIGHT,PEDALCYCLIST,ALLEY,STRAIGHT AND LEVEL,DRY,INJURY AND / OR TOW DUE TO CRASH,ASHLAND AVE,41.9802835821,-87.6695789437,POINT (-87.669578943703 41.980283582115)
O1918482,NON-MOTOR VEHICLE,f54b473f5078c33385d71f78899cd9d2ab16f3e0f621e2a5f83bbe5b7f1bc87dce0fae4d09adfd2d19675576960ed8dc911cff651949c70ca254a68ebdeddc60,10/01/2024 08:40:00 AM,F,22.0,USAGE UNKNOWN,WITH TRAFFIC,IN ROADWAY,TEST NOT OFFERED,,30,CLOUDY/OVERCAST,DAYLIGHT,OTHER NONCOLLISION,DIVIDED - W/MEDIAN BARRIER,STRAIGHT AND LEVEL,DRY,INJURY AND / OR TOW DUE TO CRASH,HARRISON ST,41.8741541583,-87.6578709238,POINT (-87.657870923763 41.874154158281)
O1918487,BICYCLE,05de88302b81acf0e3c4b312d62140599a0dca1dbaaa02402dae2a26bb0275063179f58e2ba02d0ef8f2dfa0c14e4d33ec578b45819f9f2ba04eec87d8c82e4b,10/01/2024 08:15:00 AM,F,,HELMET NOT USED,UNKNOWN/NA,IN ROADWAY,TEST NOT OFFERED,,30,CLEAR,DAYLIGHT,PEDALCYCLIST,NOT DIVIDED,STRAIGHT AND LEVEL,DRY,NO INJURY / DRIVE AWAY,ARMITAGE AVE,41.917276738,-87.7265004555,POINT (-87.726500455498 41.917276737995)
O1918405,BICYCLE,e47fbbdcb40d28a78c573ff55763aeb51b4f90ed6ffdf53555a9fb6f5f98024175f2cd92cb06fb16579f45160d2037494e3dc198c6c9a134dea1b78f11b81688,10/01/2024 07:25:00 AM,M,26.0,HELMET NOT USED,AGAINST TRAFFIC,IN CROSSWALK,TEST NOT OFFERED,,30,CLEAR,DAYLIGHT,PEDALCYCLIST,FOUR WAY,STRAIGHT AND LEVEL,DRY,INJURY AND / OR TOW DUE TO CRASH,CATALPA AVE,41.9811841067,-87.7878362525,POINT (-87.787836252475 41.981184106713)
O1918313,BICYCLE,b1a561d64855f08a3a9c7451060c3c4e9a4371baf24997e549f789a58162e909cd87a4d03875196cc29bbd83661501ed5f79a5f2042867993b9d1d3e6d8f0fe0,09/30/2024 08:46:00 PM,F,42.0,HELMET NOT USED,WITH TRAFFIC,IN ROADWAY,TEST NOT OFFERED,,30,CLEAR,"DARKNESS, LIGHTED ROAD",PEDALCYCLIST,NOT DIVIDED,STRAIGHT AND LEVEL,DRY,INJURY AND / OR TOW DUE TO CRASH,WESTERN AVE,41.9250048673,-87.6877928032,POINT (-87.687792803237 41.925004867257)
O1918311,BICYCLE,7f680df617485e830fe0fb7b3c1b42a8c69f1fc623d1b423d1a0507e4a6ca6ab00f605e0e5bbc77862b693229288b2d2ace43785c5a92b7c09fd9ce279c0a72a,09/30/2024 08:04:00 PM,M,20.0,BICYCLE HELMET (PEDACYCLIST INVOLVED ONLY),CROSSING - CONTROLS PRESENT (NOT AT INTERSECTION),IN CROSSWALK,,,30,CLEAR,DARKNESS,PEDALCYCLIST,FOUR WAY,STRAIGHT AND LEVEL,DRY,NO INJURY / DRIVE AWAY,PERSHING RD,41.8228977313,-87.6834169214,POINT (-87.683416921406 41.822897731348)
O1918243,BICYCLE,1943f5870a7a76acdb0d922586922777027e2ea5642dc9f62ab3953bd220f04ee4fce7023b2396e13af7c6ca8e0567e32e313b619791adb04ec0eb990b009a6b,09/30/2024 06:56:00 PM,M,32.0,HELMET NOT USED,AGAINST TRAFFIC,BIKE LANE,TEST NOT OFFERED,,30,CLEAR,"DARKNESS, LIGHTED ROAD",PEDALCYCLIST,OTHER,STRAIGHT AND LEVEL,DRY,NO INJURY / DRIVE AWAY,WRIGHTWOOD AVE,41.927521601,-87.7657387016,POINT (-87.765738701593 41.92752160105)
O1918218,BICYCLE,fa0d089e9e4bdbaae79f5d9fc0e80ab6902e960659f1c7bedef3f624c1ce85c2ed424c99fbd923e0f4b9739c7431a57e59fb622ebef37322f94f96aaf1cce321,09/30/2024 06:00:00 PM,M,32.0,HELMET NOT USED,CROSSING - WITH SIGNAL,IN CROSSWALK,TEST NOT OFFERED,,30,CLEAR,DAYLIGHT,PEDALCYCLIST,DIVIDED - W/MEDIAN (NOT RAISED),STRAIGHT AND LEVEL,DRY,INJURY AND / OR TOW DUE TO CRASH,HOMAN AVE,41.9100047229,-87.7117354041,POINT (-87.711735404094 41.910004722901)
O1918413,BICYCLE,a53f0b17a420eaf5e1b802f196485254bb1fb887dc9897ef6f3f3ce1cb2231d6a43a340f46056486cd3ae225bdb1b415f3ef58c62880ec0a1deade37467b2103,09/30/2024 04:55:00 PM,M,45.0,BICYCLE HELMET (PEDACYCLIST INVOLVED ONLY),WITH TRAFFIC,BIKEWAY,TEST NOT OFFERED,,30,CLEAR,DAYLIGHT,PEDALCYCLIST,DIVIDED - W/MEDIAN (NOT RAISED),STRAIGHT AND LEVEL,DRY,INJURY AND / OR TOW DUE TO CRASH,LOGAN BLVD,41.9283797799,-87.6948798425,POINT (-87.694879842531 41.928379779884)
O1918202,BICYCLE,ec29adcd03bb02fda820bbf013673e615616f41ea97f48470c6e1c989d3f65589ae5db4d7caa30df2d9543f0f1f03c4721901c26d35fc76dd622c9b5866305db,09/30/2024 04:50:00 PM,M,54.0,BICYCLE HELMET (PEDACYCLIST INVOLVED ONLY),WITH TRAFFIC,IN ROADWAY,TEST NOT OFFERED,,30,CLEAR,DAYLIGHT,PEDALCYCLIST,NOT DIVIDED,STRAIGHT AND LEVEL,DRY,INJURY AND / OR TOW DUE TO CRASH,ROOSEVELT RD,41.867143137,-87.6397161745,POINT (-87.63971617454 41.867143136957)
O1917916,BICYCLE,65daf6e65ca8ef1a618feb364cf5f04ef4efde9cdba11667c855c2f7da678a8225500a3c5c05def95d20ae2f41a5630570e4b413ea1c6e2bc30cade636bb12c2,09/30/2024 12:50:00 PM,M,26.0,HELMET NOT USED,OTHER ACTION,IN ROADWAY,TEST NOT OFFERED,,30,CLEAR,DAYLIGHT,PEDALCYCLIST,NOT DIVIDED,STRAIGHT AND LEVEL,DRY,INJURY AND / OR TOW DUE TO CRASH,47TH ST,41.8085265716,-87.6837782353,POINT (-87.683778235311 41.808526571636)
O1922994,BICYCLE,34d30656a6ade5168fbe36b356e294eaa667563c1b81faeb736a4e720f9a5570977ac6b07c86e10a8270f8713ca1f8944f1530e79dc438ab17b68959c5d0189d,09/30/2024 11:45:00 AM,M,57.0,BICYCLE HELMET (PEDACYCLIST INVOLVED ONLY),WITH TRAFFIC,IN ROADWAY,TEST NOT OFFERED,,30,UNKNOWN,DAYLIGHT,PEDALCYCLIST,NOT DIVIDED,STRAIGHT AND LEVEL,UNKNOWN,INJURY AND / OR TOW DUE TO CRASH,CLARK ST,41.927317158,-87.6413556406,POINT (-87.641355640614 41.927317157978)
O1917883,BICYCLE,70a98565a357f27c7fe141a404685b920e7115feb656f4018f0ca1586c8fd78f5acbe111e8ba0857f2f9ed2a3e2352c4e5242604f1112b48bb1201e9586d98fe,09/30/2024 11:45:00 AM,M,36.0,HELMET NOT USED,CROSSING - NO CONTROLS (AT INTERSECTION),IN CROSSWALK,TEST NOT OFFERED,,20,CLEAR,DAYLIGHT,PEDALCYCLIST,T-INTERSECTION,STRAIGHT AND LEVEL,DRY,INJURY AND / OR TOW DUE TO CRASH,ROSCOE ST,41.9434489431,-87.6549484902,POINT (-87.654948490189 41.943448943115)
O1917754,BICYCLE,feb6b5f7f6fae184fc737482a6d3182ce26f0c8500f71e31c9238b492d7fd9176cf6eb2c27945d415fd06a2910807ee59f49182db70b2a7597dd9443c03a5f67,09/30/2024 08:45:00 AM,F,30.0,HELMET NOT USED,CROSSING - WITH SIGNAL,IN CROSSWALK,,,30,CLEAR,DAYLIGHT,PEDALCYCLIST,FOUR WAY,STRAIGHT AND LEVEL,DRY,NO INJURY / DRIVE AWAY,PRATT BLVD,42.0053134964,-87.6802524202,POINT (-87.680252420158 42.00531349642)
O1922307,NON-MOTOR VEHICLE,7a505f9aac4e4043a44cb940c3c81496bea23033e8ece1190b8854a42565fce74d6a34dc831c8f903fb9a17b689d564dc47a1ec03406e2f49d6fbb12d76ad10b,09/29/2024 05:10:00 PM,M,11.0,USAGE UNKNOWN,WITH TRAFFIC,IN ROADWAY,TEST NOT OFFERED,,30,CLEAR,DAYLIGHT,OTHER OBJECT,NOT DIVIDED,STRAIGHT AND LEVEL,DRY,INJURY AND / OR TOW DUE TO CRASH,YATES BLVD,41.7497299518,-87.566344722,POINT (-87.566344722018 41.749729951759)
O1917486,BICYCLE,f11fefa83d74c5a007efc0a074406d4ec633347ee5d43eaccf5fbc44e9bdd35ef42607ed8df34e411bc75cbf13de14e3d3926a9fb6715a2911e44a440532c5d7,09/29/2024 03:50:00 PM,M,,HELMET NOT USED,UNKNOWN/NA,IN ROADWAY,TEST NOT OFFERED,,30,CLEAR,DAYLIGHT,PEDALCYCLIST,DIVIDED - W/MEDIAN BARRIER,STRAIGHT AND LEVEL,DRY,NO INJURY / DRIVE AWAY,MICHIGAN AVE,41.883171112,-87.6245440168,POINT (-87.624544016816 41.883171112015)
O1917394,BICYCLE,088286fd75b3334054cf2b5720783dd4d4ad28c3c320c679789cd398a60e1e148126fd7d9d80063896deb740d98ce9f3f4ec55a9e13bad8f9b33c96f224041ad,09/29/2024 03:00:00 PM,M,,HELMET NOT USED,NO ACTION,SHOULDER,TEST NOT OFFERED,,30,CLOUDY/OVERCAST,DAYLIGHT,PEDALCYCLIST,DIVIDED - W/MEDIAN (NOT RAISED),STRAIGHT AND LEVEL,DRY,NO INJURY / DRIVE AWAY,CENTRAL AVE,41.8823392818,-87.7650780103,POINT (-87.765078010279 41.882339281817)
O1917404,BICYCLE,798731aa0486d764238e701b954364698d0f7fecff371535fc74d983d8d01ee766270972710cdaf795e2179b3c619fb470bb923afe4207a449d674e44f7a73cb,09/29/2024 06:38:00 AM,F,,HELMET NOT USED,UNKNOWN/NA,IN ROADWAY,TEST NOT OFFERED,,30,UNKNOWN,UNKNOWN,PEDALCYCLIST,NOT DIVIDED,STRAIGHT AND LEVEL,UNKNOWN,NO INJURY / DRIVE AWAY,PRAIRIE AVE,41.8664395745,-87.6214988799,POINT (-87.621498879852 41.866439574451)
O1917181,BICYCLE,3384696401655ecea4425dfabe6af6074c31d54c821c4059e942ff59da712a94233623f89fd1cfb824eb92da7943277dbe8e8e89e0eac3f382e645684b9139f8,09/29/2024 03:47:00 AM,F,29.0,BICYCLE HELMET (PEDACYCLIST INVOLVED ONLY),UNKNOWN/NA,IN ROADWAY,TEST NOT OFFERED,,35,CLEAR,"DARKNESS, LIGHTED ROAD",PEDALCYCLIST,ONE-WAY,STRAIGHT AND LEVEL,DRY,INJURY AND / OR TOW DUE TO CRASH,GRAND AVE,41.8915155159,-87.6311970679,POINT (-87.631197067945 41.891515515875)
O1917280,BICYCLE,4593e8ce62b59c46211f55e4fe25afcdfc2840784ed0ba0ef8b27be959b1e874d4a1cb36e887668429b2cca550eb3e45b1fcb5f36a93ad93f26a02ed4ff20c8b,09/28/2024 10:00:00 PM,M,58.0,HELMET NOT USED,UNKNOWN/NA,IN CROSSWALK,TEST NOT OFFERED,Y,30,CLEAR,"DARKNESS, LIGHTED ROAD",PEDALCYCLIST,DIVIDED - W/MEDIAN (NOT RAISED),STRAIGHT AND LEVEL,DRY,INJURY AND / OR TOW DUE TO CRASH,CENTRAL AVE,41.8669927444,-87.7640623678,POINT (-87.764062367765 41.866992744397)
O1917266,NON-MOTOR VEHICLE,7168cd351531d5f3f99bf9e4092fb0f471f365615cd648c762ac46b71729af694eeaea20b6f1b9b8573a5d932185341ad235ad661155b7859676ecb1cf987705,09/28/2024 09:00:00 PM,X,,USAGE UNKNOWN,NO ACTION,IN ROADWAY,TEST NOT OFFERED,Y,30,UNKNOWN,UNKNOWN,FIXED OBJECT,DIVIDED - W/MEDIAN (NOT RAISED),STRAIGHT AND LEVEL,UNKNOWN,NO INJURY / DRIVE AWAY,STONY ISLAND AVE,41.7580802672,-87.5855773629,POINT (-87.585577362932 41.758080267235)
O1916924,BICYCLE,931b7bbcabad34e9e6809414de14e52d557d2271a41274d38b61792e5b857e5df2718ab5f6012483500057d148ba2ba0e57599bb6bf6ad3a2bc36e5c0b657962,09/28/2024 03:09:00 PM,M,21.0,HELMET NOT USED,CROSSING - NO CONTROLS (AT INTERSECTION),IN CROSSWALK,TEST NOT OFFERED,,30,CLOUDY/OVERCAST,DAYLIGHT,PEDALCYCLIST,DIVIDED - W/MEDIAN (NOT RAISED),STRAIGHT AND LEVEL,DRY,INJURY AND / OR TOW DUE TO CRASH,ADDISON ST,41.9471591136,-87.6651720201,POINT (-87.665172020097 41.947159113581)
O1916815,BICYCLE,856125b00ea47c81e500776307ee548728bd04d1d1e018adb933bf872a152be33f1f0b63df14cf46f266ac7b3c39a6dd6834ccd2267a31c55df2715bd90b32dd,09/28/2024 01:05:00 PM,M,43.0,HELMET NOT USED,WITH TRAFFIC,IN ROADWAY,TEST NOT OFFERED,,30,CLEAR,DAYLIGHT,PEDALCYCLIST,NOT DIVIDED,STRAIGHT AND LEVEL,DRY,INJURY AND / OR TOW DUE TO CRASH,SHEFFIELD AVE,41.9458927487,-87.6541392425,POINT (-87.65413924245 41.945892748672)
O1916784,BICYCLE,931967614d53ae74464e7ed5a86a1ae363457130ea05d235890bc029d4723f7f9c0e84a7d6754052056bcaf0f1d9a9c4e0ebc5641b5416a830c12e1ec0c929d8,09/28/2024 12:30:00 PM,M,32.0,HELMET NOT USED,AGAINST TRAFFIC,DRIVEWAY ACCESS,TEST NOT OFFERED,,30,CLOUDY/OVERCAST,DAYLIGHT,PEDALCYCLIST,PARKING LOT,STRAIGHT AND LEVEL,DRY,INJURY AND / OR TOW DUE TO CRASH,KEDZIE AVE,41.81845057,-87.7042322507,POINT (-87.704232250651 41.818450569986)
O1920306,BICYCLE,a3ccfe16d9f6108a9c6ecca56b920297b1855335ef4f76bc6130191db8e516bcf1c93ca1248ac247d92d7f5f429ae0c6f028dedd993191db4171a4dccc692410,09/28/2024 12:45:00 AM,M,,HELMET NOT USED,CROSSING - AGAINST SIGNAL,IN ROADWAY,TEST NOT OFFERED,,30,CLEAR,"DARKNESS, LIGHTED ROAD",PEDALCYCLIST,FOUR WAY,STRAIGHT AND LEVEL,UNKNOWN,NO INJURY / DRIVE AWAY,CERMAK RD,41.8524380492,-87.6661522304,POINT (-87.666152230449 41.852438049213)
O1916778,BICYCLE,b831a0abefb4cf67104506b05a84c152abf595967c2aa3706d104fbc85a466ce4ecded2fa76a3c978dc530cce91835af0faf49549ecdcf3ca06fa8e098dd3a88,09/27/2024 07:00:00 PM,M,,BICYCLE HELMET (PEDACYCLIST INVOLVED ONLY),AGAINST TRAFFIC,IN ROADWAY,TEST NOT OFFERED,,35,CLEAR,"DARKNESS, LIGHTED ROAD",PEDALCYCLIST,NOT DIVIDED,STRAIGHT AND LEVEL,DRY,NO INJURY / DRIVE AWAY,OGDEN AVE,41.8732169991,-87.6756751765,POINT (-87.67567517654 41.873216999115)
O1916305,BICYCLE,dd5b8fd2f133bcde61da13d8f6a1dc01ac87ce31d3562552e20e44ed9b5cfa0f64ae999bdac3f7aa44992d29f2e280b78d5aa46ea2e21c84ee027929e5cffaec,09/27/2024 05:50:00 PM,M,,BICYCLE HELMET (PEDACYCLIST INVOLVED ONLY),WITH TRAFFIC,BIKEWAY,TEST NOT OFFERED,,30,CLEAR,DAWN,PEDALCYCLIST,NOT DIVIDED,STRAIGHT AND LEVEL,DRY,INJURY AND / OR TOW DUE TO CRASH,LAWRENCE AVE,41.9678410537,-87.7714116011,POINT (-87.771411601059 41.967841053697)
O1916342,BICYCLE,35a2d22af00b801cdbecf871d687be8d2e74c7da304c165861ccfc86bee8e0cbd6f83248ac103a752fcbead408d6871b93d13ad0c2b6d6a29d6f57685c8eaa29,09/27/2024 05:45:00 PM,M,0.0,HELMET NOT USED,CROSSING - NO CONTROLS (NOT AT INTERSECTION),BIKE LANE,TEST NOT OFFERED,,30,CLEAR,DUSK,PEDALCYCLIST,NOT DIVIDED,STRAIGHT AND LEVEL,DRY,NO INJURY / DRIVE AWAY,LINCOLN AVE,41.9499611711,-87.6756711293,POINT (-87.675671129255 41.949961171142)