PERSON_ID,PERSON_TYPE,CRASH_RECORD_ID,CRASH_DATE_x,SEX,AGE,SAFETY_EQUIPMENT,PEDPEDAL_ACTION,PEDPEDAL_LOCATION,BAC_RESULT,CRASH_DATE_EST_I,POSTED_SPEED_LIMIT,WEATHER_CONDITION,LIGHTING_CONDITION,FIRST_CRASH_TYPE,TRAFFICWAY_TYPE,ALIGNMENT,ROADWAY_SURFACE_COND,CRASH_TYPE,STREET_NAME,LATITUDE,LONGITUDE,LOCATION
O1916317,BICYCLE,553b3199f03b125a3d4914a042c6bd0c4a72fe3293e9ab4f1bc9d42eb46a74f984ceccf71aadaeaff44727f36793445712997fb49fa8caff7b598043ed6ae532,09/27/2024 05:30:00 PM,M,37.0,HELMET NOT USED,NO ACTION,IN ROADWAY,TEST NOT OFFERED,,30,CLEAR,DAYLIGHT,PEDALCYCLIST,NOT DIVIDED,STRAIGHT AND LEVEL,DRY,INJURY AND / OR TOW DUE TO CRASH,SIMONDS DR,41.9662347048,-87.6422288326,POINT (-87.642228832641 41.966234704802)
O1916256,NON-MOTOR VEHICLE,c7ebf488e3e24a4fb50dda45d7b540791f058fe4a6825a948bc92aa2732851973cd0e7b97b424f800b77a91bb970faf7261ef4ffe514afa6a9156d185d9bbc8a,09/27/2024 04:06:00 PM,,,NONE PRESENT,,,TEST NOT OFFERED,,15,OTHER,DAYLIGHT,OTHER OBJECT,PARKING LOT,STRAIGHT AND LEVEL,DRY,NO INJURY / DRIVE AWAY,CERMAK RD,41.8520817279,-87.6904130529,POINT (-87.690413052881 41.852081727919)
O1916159,BICYCLE,6cbd6873fe2ae5a07dcc08cd28a2220db512009eeb18bb50850c20d40827feb1b70e53996909b3dd7e7f5f6de8a02bd6a35ad24f03416311e967d6099a5a78c7,09/27/2024 02:45:00 PM,M,14.0,HELMET NOT USED,WITH TRAFFIC,IN ROADWAY,TEST NOT OFFERED,Y,30,CLOUDY/OVERCAST,DAYLIGHT,PEDALCYCLIST,FOUR WAY,STRAIGHT AND LEVEL,DRY,INJURY AND / OR TOW DUE TO CRASH,OGDEN AVE,41.8727994672,-87.6765666455,POINT (-87.676566645545 41.872799467191)
O1916162,BICYCLE,b9c96c9b77400678f4914ae842f4d4b66284896434377eee537a6cbb90bdb6c356de38ac88aa9b8aa3f3929dbda7305b9a3dbee8b0c5cef5ed319745e3768a35,09/27/2024 02:20:00 PM,M,45.0,HELMET NOT USED,CROSSING - NO CONTROLS (AT INTERSECTION),IN ROADWAY,TEST NOT OFFERED,N,30,CLEAR,DAYLIGHT,PEDALCYCLIST,FOUR WAY,STRAIGHT AND LEVEL,DRY,INJURY AND / OR TOW DUE TO CRASH,HARRISON ST,41.8736241188,-87.7204065573,POINT (-87.720406557306 41.873624118782)
O1916247,BICYCLE,37e35162cb77be816be759eb7adc6ae7437bb344e4784a4b655b23b9ace825b7cf13ee39a81a55643967ef03a698bc2bee43efcfd1f9974816d6b842f08877ed,09/27/2024 01:30:00 PM,F,,BICYCLE HELMET (PEDACYCLIST INVOLVED ONLY),OTHER ACTION,IN ROADWAY,TEST NOT OFFERED,,30,CLEAR,DAYLIGHT,PEDALCYCLIST,DIVIDED - W/MEDIAN (NOT RAISED),STRAIGHT AND LEVEL,DRY,INJURY AND / OR TOW DUE TO CRASH,MILWAUKEE AVE,41.9262421042,-87.7030233976,POINT (-87.703023397646 41.926242104165)
O1916625,BICYCLE,030ec2b8d820dcfe5c3ae76716d9ceacd76dac4540908b492e9360f6930bf904a2424125a5a36675d9e5624cc17cb3df8fc3546a22f91851f2109aeb83fded50,09/27/2024 12:20:00 PM,M,24.0,BICYCLE HELMET (PEDACYCLIST INVOLVED ONLY),WITH TRAFFIC,BIKEWAY,TEST NOT OFFERED,,30,CLEAR,DAYLIGHT,PEDALCYCLIST,ONE-WAY,STRAIGHT AND LEVEL,DRY,INJURY AND / OR TOW DUE TO CRASH,WELLS ST,41.8894266537,-87.6341681144,POINT (-87.63416811438 41.889426653688)
O1916667,BICYCLE,9621c108047641cc217d98a573e5353bb8c4fc82d4170605c4e82988477ca93c73bc2b9e212c7b58696b03facab6b375fa3095cec324ef803b65af0723f6223a,09/27/2024 12:18:00 PM,M,,BICYCLE HELMET (PEDACYCLIST INVOLVED ONLY),UNKNOWN/NA,IN ROADWAY,TEST NOT OFFERED,,30,CLEAR,DAYLIGHT,PEDALCYCLIST,DIVIDED - W/MEDIAN (NOT RAISED),STRAIGHT AND LEVEL,DRY,NO INJURY / DRIVE AWAY,CALIFORNIA AVE,41.9167242566,-87.6970297658,POINT (-87.697029765812 41.916724256575)
O1916045,BICYCLE,4a3b55c63ffb853cf0d485c216dc8815b3862c9804785a338e8021c4f30da82a534a29f574f6fb9963cfd9b2acee9738a3d358f2767922fc6052ae8c61274de0,09/27/2024 12:12:00 PM,M,42.0,BICYCLE HELMET (PEDACYCLIST INVOLVED ONLY),WITH TRAFFIC,BIKEWAY,TEST NOT OFFERED,,30,CLEAR,DAYLIGHT,PEDALCYCLIST,NOT DIVIDED,STRAIGHT AND LEVEL,DRY,INJURY AND / OR TOW DUE TO CRASH,CALIFORNIA AVE,41.9092806552,-87.6968877022,POINT (-87.69688770225 41.909280655247)
O1915895,BICYCLE,ac85e661826ecc166c7a60d5b023564a6c270b42a94c19ce79b41b5535af9349190a52ec945f920944577aa733d2b9e9f92d3266340fee6c45d122b75c183868,09/27/2024 06:23:00 AM,M,41.0,BICYCLE HELMET (PEDACYCLIST INVOLVED ONLY),WITH TRAFFIC,BIKEWAY,TEST NOT OFFERED,,30,CLEAR,DAWN,PEDALCYCLIST,NOT DIVIDED,STRAIGHT AND LEVEL,DRY,INJURY AND / OR TOW DUE TO CRASH,DEARBORN ST,41.9023537692,-87.6300857696,POINT (-87.63008576959 41.902353769242)
O1915838,BICYCLE,e20c1697d50274e2320db326f61b135fdec4e65c816c7c7353bebecdcb92fa73b2e45161cab9bba09d7eefd5e8a116529ec79dae8c2e4eb5c30d87afc46eb765,09/26/2024 10:45:00 PM,M,62.0,BICYCLE HELMET (PEDACYCLIST INVOLVED ONLY),CROSSING - CONTROLS PRESENT (NOT AT INTERSECTION),IN ROADWAY,TEST NOT OFFERED,,35,CLEAR,"DARKNESS, LIGHTED ROAD",PEDALCYCLIST,NOT DIVIDED,STRAIGHT AND LEVEL,DRY,INJURY AND / OR TOW DUE TO CRASH,ARCHER AVE,41.8066508999,-87.7166010836,POINT (-87.716601083648 41.806650899938)
O1918096,BICYCLE,d5a449a2a33aec398d7fad6657902d57d2213cfca71845a77778387cfca6eef8bc81e906cee9df3003e2c08f6bd3bb85088b58276d6a5afc32fe766275cdeb10,09/26/2024 05:25:00 PM,M,39.0,HELMET NOT USED,WITH TRAFFIC,IN ROADWAY,TEST NOT OFFERED,,30,CLEAR,DAYLIGHT,PEDALCYCLIST,FOUR WAY,STRAIGHT AND LEVEL,DRY,INJURY AND / OR TOW DUE TO CRASH,RACINE AVE,41.8977224657,-87.6574116399,POINT (-87.657411639907 41.897722465742)
O1916111,BICYCLE,1d01e64dc2aa1d9251d37b6eca3d84b9cdcbc15c096aa4a7b98c959def0b6b35875293435e288b662dffe7dd4d6331b7fb6fb27dffecf12d5db9b3b6ab0234a9,09/26/2024 05:15:00 PM,M,28.0,BICYCLE HELMET (PEDACYCLIST INVOLVED ONLY),WITH TRAFFIC,BIKE LANE,TEST NOT OFFERED,,25,CLEAR,DAYLIGHT,PEDALCYCLIST,DIVIDED - W/MEDIAN (NOT RAISED),STRAIGHT AND LEVEL,UNKNOWN,INJURY AND / OR TOW DUE TO CRASH,WRIGHTWOOD AVE,41.9283421121,-87.7188906341,POINT (-87.718890634073 41.928342112052)
O1915723,BICYCLE,88efaf53c87d5f31c755e8001fd25a28e1253d33245561173e08b63b5899b6bc9b3c373dde218797ac4ae240202d866af8c8a58d3d7987722808578761d9d906,09/26/2024 05:10:00 PM,M,32.0,HELMET NOT USED,WITH TRAFFIC,BIKE LANE,TEST NOT OFFERED,,30,UNKNOWN,UNKNOWN,PEDALCYCLIST,DIVIDED - W/MEDIAN (NOT RAISED),STRAIGHT AND LEVEL,UNKNOWN,INJURY AND / OR TOW DUE TO CRASH,MORSE AVE,42.0079949199,-87.6671741467,POINT (-87.667174146719 42.007994919933)
O1915930,BICYCLE,f5fe4cce37a120ed264a7fecdbcc71aff92566b8314c52f4c60e3f35e52716a49cbc0c7074325c3dffada28c823f73ca9f86428b352eaff69f6140569abf1713,09/26/2024 05:00:00 PM,,,HELMET NOT USED,OTHER ACTION,IN ROADWAY,TEST NOT OFFERED,,35,CLEAR,DAYLIGHT,PEDALCYCLIST,UNKNOWN INTERSECTION TYPE,STRAIGHT AND LEVEL,DRY,NO INJURY / DRIVE AWAY,DREXEL AVE,41.7603411459,-87.6031267629,POINT (-87.603126762884 41.760341145886)
O1915638,BICYCLE,af18ab2251db74d4238293d739a913d49ae23d8fa6561c9a06c7b35811278f9c8b20741b7c039d6f63976bd8e8bb2ce55999ce17326dc6ebc959f337a7795ed7,09/26/2024 04:55:00 PM,M,16.0,HELMET NOT USED,CROSSING - NO CONTROLS (NOT AT INTERSECTION),NOT IN ROADWAY,TEST NOT OFFERED,,20,CLEAR,DAYLIGHT,PEDALCYCLIST,ONE-WAY,STRAIGHT AND LEVEL,DRY,INJURY AND / OR TOW DUE TO CRASH,BISHOP ST,41.8960803305,-87.6638823464,POINT (-87.66388234644 41.896080330478)
O1915566,NON-MOTOR VEHICLE,73d8ef44893ae85e75fa4b0da57fc701f26f61f3c052868b3e6cdca7bd1af6e32769c7507ed1a76df6222384c7be6f55d4d5bc394ae7f4ee3bdbca7b901c0cb1,09/26/2024 04:00:00 PM,F,14.0,BICYCLE HELMET (PEDACYCLIST INVOLVED ONLY),CROSSING - WITH SIGNAL,IN CROSSWALK,TEST NOT OFFERED,,30,CLEAR,DAYLIGHT,OTHER OBJECT,NOT DIVIDED,STRAIGHT AND LEVEL,DRY,NO INJURY / DRIVE AWAY,ARCHER AVE,41.8068269335,-87.7163306038,POINT (-87.716330603759 41.806826933506)
O1915663,BICYCLE,bc6eed7b88fd96fc7372ab8d7253adf3b7782175b337016f1b899390e9cca03dd7a3e5268fde6ed3f0c13f3bd2f07ed18947dc78f0c1f2bd59b88c1633022859,09/26/2024 03:40:00 PM,M,17.0,HELMET NOT USED,NO ACTION,NOT IN ROADWAY,TEST NOT OFFERED,,30,CLEAR,DAYLIGHT,REAR TO SIDE,NOT DIVIDED,STRAIGHT AND LEVEL,DRY,INJURY AND / OR TOW DUE TO CRASH,PULASKI RD,41.7539011719,-87.7222291468,POINT (-87.722229146835 41.753901171885)
O1915572,BICYCLE,57f35f389089384632d6481d9c0e5c4a68f347fdc4e34669be4764336e2b7f4ba3914960aa975e583dfad3669fdba01e15edbc15699594d1cf8852708b441ae6,09/26/2024 03:35:00 PM,M,35.0,HELMET NOT USED,ENTER FROM DRIVE/ALLEY,DRIVEWAY ACCESS,,,30,CLEAR,DAYLIGHT,PEDALCYCLIST,ALLEY,STRAIGHT AND LEVEL,DRY,NO INJURY / DRIVE AWAY,CORNELIA AVE,41.945142728,-87.6634676734,POINT (-87.66346767341 41.945142727982)
O1932741,BICYCLE,f22c5e300a06f2fc104bce1e17344520c71525879cabd58478af30870a34af1f00ab5f52f82d02cd31069aa813ffe3e498a9e6b8bf62ed3e9bf9d7830eb916ca,09/26/2024 03:04:00 PM,M,32.0,HELMET NOT USED,WITH TRAFFIC,BIKE LANE,TEST NOT OFFERED,,30,CLEAR,DAYLIGHT,PEDALCYCLIST,DIVIDED - W/MEDIAN (NOT RAISED),STRAIGHT AND LEVEL,DRY,INJURY AND / OR TOW DUE TO CRASH,WELLS ST,41.9106813916,-87.6345489248,POINT (-87.634548924822 41.910681391602)
O1915579,BICYCLE,6911935bd0ddc2e0032683307cd864a0f0dd6b1986edc39da7701d653e42ff44df8e2f825e74751dbdd7efa93d4811910f04d3bdb6e8247a1ae894311f805e32,09/26/2024 02:30:00 PM,M,35.0,HELMET NOT USED,TURNING RIGHT,IN ROADWAY,TEST NOT OFFERED,,30,CLEAR,DAYLIGHT,PEDALCYCLIST,FOUR WAY,STRAIGHT AND LEVEL,DRY,INJURY AND / OR TOW DUE TO CRASH,MICHIGAN AVE,41.882670497,-87.6242415386,POINT (-87.624241538569 41.882670496958)
O1915504,BICYCLE,0563450b8ec10146ea9af8d9bbb42010c79447fb3aa2f29f0a98f01e939c1563750d15b74c40dcc7cd374ed2dc2b0fa449b25d78e0cec6b003b0f39b08d05ebb,09/26/2024 02:00:00 PM,M,27.0,HELMET NOT USED,WITH TRAFFIC,BIKE LANE,TEST NOT OFFERED,,30,CLEAR,DAYLIGHT,PEDALCYCLIST,NOT DIVIDED,STRAIGHT AND LEVEL,DRY,INJURY AND / OR TOW DUE TO CRASH,CLARK ST,41.9303592349,-87.6438553278,POINT (-87.643855327788 41.930359234927)
O1915429,BICYCLE,0fdf5494da0282d23a2aed9d2e5ed6e31b972948d0051fcd279264ccc310f4aa9d250550d670f954b17dda0c28eb85691b384f1deb724351fcdb26005148d54a,09/26/2024 01:07:00 PM,M,34.0,HELMET NOT USED,WITH TRAFFIC,IN ROADWAY,TEST NOT OFFERED,,30,CLEAR,DAYLIGHT,PEDALCYCLIST,T-INTERSECTION,STRAIGHT AND LEVEL,DRY,NO INJURY / DRIVE AWAY,DRAKE AVE,41.9466078412,-87.7165375953,POINT (-87.71653759535 41.946607841165)
O1916004,NON-MOTOR VEHICLE,c131bc9e51d3b3ba5e9ff5a188bfdaf6f64f67b91a10fa5ce710c7455a7a76b0af9742367401fafb3d3171092e033e02982bd559d556d1182b9ec4079a1c74ef,09/26/2024 01:00:00 PM,M,50.0,USAGE UNKNOWN,WITH TRAFFIC,SHOULDER,TEST NOT OFFERED,,30,CLEAR,DAYLIGHT,OTHER OBJECT,NOT DIVIDED,STRAIGHT AND LEVEL,DRY,NO INJURY / DRIVE AWAY,79TH ST,41.7511741253,-87.6180764009,POINT (-87.618076400934 41.751174125348)
O1915221,BICYCLE,77ae87c0d5474d1f07c0f043f2392c16376beaa5dbc751c1271410e2df326d569b23fb52eee80604eef729917f3358191b830661f32f5bcd52042ad1198a647f,09/26/2024 07:45:00 AM,M,12.0,HELMET NOT USED,CROSSING - NO CONTROLS (NOT AT INTERSECTION),IN CROSSWALK,TEST NOT OFFERED,,15,CLEAR,DAYLIGHT,PEDALCYCLIST,OTHER,STRAIGHT AND LEVEL,DRY,INJURY AND / OR TOW DUE TO CRASH,SPRINGFIELD AVE,41.7398634082,-87.7190199872,POINT (-87.719019987153 41.739863408162)
O1915953,BICYCLE,dbba66312dd8d6177ce3fb4ddd21d15215d78329f4d83595b96f280a910bb6ebb9caf05a62dfee677a2d45a4ee78745a1dff285a55101ba757040a4d42283518,09/26/2024 07:22:00 AM,M,,HELMET NOT USED,CROSSING - AGAINST SIGNAL,IN CROSSWALK,TEST NOT OFFERED,,35,CLEAR,DAYLIGHT,PEDALCYCLIST,DIVIDED - W/MEDIAN BARRIER,STRAIGHT AND LEVEL,DRY,INJURY AND / OR TOW DUE TO CRASH,WACKER DR,41.8781457012,-87.6365217697,POINT (-87.636521769727 41.878145701205)
O1915116,NON-MOTOR VEHICLE,a52af3a0e32a1dccd0857ebf425be904444a37616bdcab349733eb67ef1247c8b18ac159a721ff0c23d4d6701459595409793563b4272e3cf2940423db5b3ba0,09/25/2024 10:36:00 PM,M,27.0,DOT COMPLIANT MOTORCYCLE HELMET,OTHER ACTION,IN ROADWAY,TEST NOT OFFERED,,30,CLEAR,DARKNESS,OTHER OBJECT,NOT DIVIDED,STRAIGHT AND LEVEL,DRY,INJURY AND / OR TOW DUE TO CRASH,LELAND AVE,41.9670679458,-87.6610550729,POINT (-87.661055072859 41.96706794576)
O1915399,BICYCLE,49097a0a1ad7df96da3b3dc992c372f1e270f09558217f33f554ee27436ef424ea038c418eca1949339667734c22ea1b66b3aa1ab34fcdd93d488b8be57ffe3b,09/25/2024 07:00:00 PM,F,42.0,BICYCLE HELMET (PEDACYCLIST INVOLVED ONLY),NO ACTION,BIKEWAY,TEST NOT OFFERED,,30,UNKNOWN,DARKNESS,PEDALCYCLIST,DIVIDED - W/MEDIAN BARRIER,STRAIGHT AND LEVEL,UNKNOWN,INJURY AND / OR TOW DUE TO CRASH,ROOSEVELT RD,41.8669792052,-87.6509440406,POINT (-87.650944040598 41.866979205235)
O1916228,BICYCLE,8a03df1cc9cf47220f35a2b4bba97708cc601666539dd822668bf8fd35138bc6d82a8c85264f608bcbabff5030f23b81737d59e38a55769eb3686908666a4784,09/25/2024 06:30:00 PM,M,61.0,BICYCLE HELMET (PEDACYCLIST INVOLVED ONLY),WITH TRAFFIC,BIKEWAY,TEST NOT OFFERED,,30,CLEAR,DAYLIGHT,PEDALCYCLIST,NOT DIVIDED,STRAIGHT AND LEVEL,DRY,INJURY AND / OR TOW DUE TO CRASH,NORTH AVE,41.9103879316,-87.6909642817,POINT (-87.690964281708 41.910387931584)
O1914972,BICYCLE,200fa32d677d27840c6dba7d13f03b6df8db689512f46df4455aa41640ff3eebb33d800577136aa40639284b4712bcab9947a02b79a4c6bc90ebc4ac658fdd27,09/25/2024 06:08:00 PM,M,38.0,HELMET NOT USED,CROSSING - NO CONTROLS (AT INTERSECTION),BIKEWAY,TEST NOT OFFERED,,30,CLEAR,DAYLIGHT,PEDALCYCLIST,FOUR WAY,STRAIGHT AND LEVEL,DRY,INJURY AND / OR TOW DUE TO CRASH,CLYBOURN AVE,41.9166342224,-87.6572837756,POINT (-87.657283775599 41.916634222444)
O1915529,BICYCLE,251b324b50513e64b7d261a8fd398218c71cc517a099dddd605288d580e1c01cbff8518f9db4c8be55994b01dd139e2d667bad3cf3367170b64e6ce74330d60c,09/25/2024 05:00:00 PM,M,30.0,BICYCLE HELMET (PEDACYCLIST INVOLVED ONLY),WITH TRAFFIC,IN ROADWAY,TEST NOT OFFERED,,20,CLEAR,DAYLIGHT,SIDESWIPE SAME DIRECTION,NOT DIVIDED,STRAIGHT AND LEVEL,DRY,INJURY AND / OR TOW DUE TO CRASH,RACINE AVE,41.9468442875,-87.659312626,POINT (-87.659312626017 41.946844287539)
O1914880,BICYCLE,bb1aa5ed0ba37ebb7c40093bf1ffbc61e7dfd91d26c4b8a5305e6dc789739ff9083b20826adbf6501a616dd62afdddb80030a1fe46d45243f3d99fa746d5b21a,09/25/2024 03:12:00 PM,M,41.0,BICYCLE HELMET (PEDACYCLIST INVOLVED ONLY),CROSSING - WITH SIGNAL,BIKEWAY,TEST NOT OFFERED,,30,CLEAR,DAYLIGHT,PEDALCYCLIST,NOT DIVIDED,STRAIGHT AND LEVEL,DRY,INJURY AND / OR TOW DUE TO CRASH,LAKE PARK AVE,41.7951059372,-87.5877094121,POINT (-87.587709412142 41.795105937194)
O1914714,BICYCLE,7355045bec939e5bb1b806f19d9e07e20a9c7e3f1323155945f225a635ba4d3b14b9ac3d4c348d5e57fdcad6cfccab490e702d9639bff96d9989231b9536dd69,09/25/2024 03:06:00 PM,M,60.0,HELMET NOT USED,NO ACTION,IN CROSSWALK,TEST NOT OFFERED,,39,CLEAR,DAYLIGHT,PEDALCYCLIST,NOT DIVIDED,STRAIGHT AND LEVEL,DRY,INJURY AND / OR TOW DUE TO CRASH,VERNON AVE,41.7692695183,-87.6142881948,POINT (-87.614288194805 41.769269518257)
O1914790,BICYCLE,d8e6fa67227e14628b401bd20b38c693645f38cb8eaa4d1b44335de7dd216e292b1bc2c7aaeebefb205573755e3e87c6b8ecedf428cdb8e6136fd5e1b6ba939f,09/25/2024 02:53:00 PM,M,,HELMET NOT USED,UNKNOWN/NA,UNKNOWN/NA,TEST NOT OFFERED,,30,CLEAR,DAYLIGHT,PEDALCYCLIST,NOT DIVIDED,STRAIGHT AND LEVEL,UNKNOWN,NO INJURY / DRIVE AWAY,60TH ST,41.7856720981,-87.6233668027,POINT (-87.623366802736 41.785672098056)
O1914650,BICYCLE,90ea669e1301367535f4760f8bf42d18c28206c06b1ca68b7a299597262a1264036012363f357a3a0ac24bdd470423f42ddb8a6435cabee21738f18105c3b0ec,09/25/2024 01:24:00 PM,M,26.0,HELMET NOT USED,CROSSING - WITH SIGNAL,IN CROSSWALK,TEST NOT OFFERED,,30,CLEAR,DAYLIGHT,PEDALCYCLIST,NOT DIVIDED,STRAIGHT AND LEVEL,DRY,INJURY AND / OR TOW DUE TO CRASH,WESTERN BLVD,41.8156101042,-87.6839225329,POINT (-87.683922532933 41.815610104181)
O1914484,BICYCLE,96a4e0abc2c9628fba27f6a8cfb654eecd02c13154b6df588d221109d4b6beca453c7dbfd9bbeb633012634f5111253e5eef3ee6104cbe14cfb1159893c183aa,09/25/2024 08:50:00 AM,F,19.0,HELMET NOT USED,WITH TRAFFIC,BIKEWAY,TEST NOT OFFERED,,30,CLEAR,DAYLIGHT,PEDALCYCLIST,NOT DIVIDED,STRAIGHT AND LEVEL,DRY,NO INJURY / DRIVE AWAY,DR MARTIN LUTHER KING JR DR,41.7145806371,-87.6141233952,POINT (-87.614123395176 41.714580637087)
O1915049,BICYCLE,6a8442d7272c52ed99573e4793b7a5097f43588b176f09ec8fccf09e4ccf5635dcdbc067a9012e9c761db779e2d1e7cd99a351c0a6769e4a5c4cd6e065eb2bc5,09/25/2024 08:00:00 AM,F,29.0,HELMET NOT USED,WITH TRAFFIC,BIKEWAY,TEST NOT OFFERED,,30,CLEAR,DAYLIGHT,PEDALCYCLIST,FOUR WAY,STRAIGHT AND LEVEL,DRY,INJURY AND / OR TOW DUE TO CRASH,HALSTED ST,41.859393931,-87.6465422291,POINT (-87.646542229133 41.859393931033)
O1914451,BICYCLE,33efed92340209967a75348b3fa00993e036124947c4836a0c0d8c05717bfc07a86eb8dc3720ec59ff7fba9799fe24c40cbc7ff5540adf044cee0cc446a85833,09/25/2024 07:50:00 AM,F,34.0,BICYCLE HELMET (PEDACYCLIST INVOLVED ONLY),CROSSING - NO CONTROLS (AT INTERSECTION),IN CROSSWALK,,,30,CLEAR,DAYLIGHT,PEDALCYCLIST,T-INTERSECTION,STRAIGHT AND LEVEL,DRY,INJURY AND / OR TOW DUE TO CRASH,BELMONT AVE,41.9389573771,-87.7292133235,POINT (-87.729213323548 41.938957377119)
O1913988,BICYCLE,0fa53f8c005fc10d900e2e93f98e49a7aa94f4015ecbc04d1b4b755bd216e8a9cbd9740d016e09eacc63fa2061eaf87091c2ff6fa9f0693e1b55646c455d8342,09/24/2024 03:40:00 PM,M,29.0,HELMET NOT USED,WITH TRAFFIC,BIKE LANE,TEST NOT OFFERED,,20,RAIN,DAYLIGHT,PEDALCYCLIST,DIVIDED - W/MEDIAN (NOT RAISED),STRAIGHT AND LEVEL,WET,NO INJURY / DRIVE AWAY,EXCHANGE AVE,41.7499305859,-87.5527151955,POINT (-87.55271519546 41.749930585925)
O1913676,BICYCLE,53bf2acbf841be61d15e2b7e9bf8019add07698243d293804c089f9cfe36abd049573c4c0bd51d73f618f41aa5ce30673db11a053d1832cf084aab84b69dd045,09/24/2024 08:42:00 AM,M,35.0,BICYCLE HELMET (PEDACYCLIST INVOLVED ONLY),CROSSING - NO CONTROLS (NOT AT INTERSECTION),BIKEWAY,TEST NOT OFFERED,,30,OTHER,DAYLIGHT,PEDALCYCLIST,NOT DIVIDED,STRAIGHT AND LEVEL,WET,NO INJURY / DRIVE AWAY,WABANSIA AVE,41.9125622088,-87.6813594428,POINT (-87.681359442784 41.912562208849)
O1913476,BICYCLE,e4127b445f5708885b1845af3abd55db7c8d61010b7ee43dc9d8d9bf6c08938f2c509bb0ec6051aabe8cb264a208b8b8af0146a9e8d25684670013af2865cea2,09/23/2024 09:15:00 PM,M,35.0,HELMET NOT USED,UNKNOWN/NA,BIKEWAY,TEST NOT OFFERED,,30,UNKNOWN,UNKNOWN,PEDALCYCLIST,UNKNOWN,STRAIGHT AND LEVEL,UNKNOWN,INJURY AND / OR TOW DUE TO CRASH,MILWAUKEE AVE,41.9259193391,-87.7020358433,POINT (-87.702035843286 41.925919339095)
O1913469,BICYCLE,a4bc321abee3ec87b851f7edc54821abc51ae99b92c447ccfab5fcdec2ea65ef568a11769945f8257e403dfc196316ec116d5a253d842342d4a13e704246ed74,09/23/2024 08:00:00 PM,M,25.0,BICYCLE HELMET (PEDACYCLIST INVOLVED ONLY),NO ACTION,IN ROADWAY,TEST NOT OFFERED,,30,UNKNOWN,UNKNOWN,PEDALCYCLIST,NOT DIVIDED,STRAIGHT AND LEVEL,UNKNOWN,INJURY AND / OR TOW DUE TO CRASH,BROADWAY,41.9538733964,-87.6499230599,POINT (-87.649923059855 41.953873396421)
O1914397,BICYCLE,7933561021e89988caad00165e2690395a77da871ac0410611df2f198893e3b91e9c7d6e0b53328232b82369924023d7eb056e1a85985bba833899cd0204b9a1,09/23/2024 07:30:00 PM,X,,HELMET NOT USED,UNKNOWN/NA,IN ROADWAY,TEST NOT OFFERED,,30,UNKNOWN,UNKNOWN,PEDALCYCLIST,ONE-WAY,STRAIGHT AND LEVEL,UNKNOWN,NO INJURY / DRIVE AWAY,MAYFIELD AVE,41.8830027514,-87.7717377612,POINT (-87.771737761169 41.88300275141)
O1912979,NON-MOTOR VEHICLE,ec5b1504448853232f738f3c1df93b5316ff0213c96ab214bb158f95b3e488e515ee45e02fd8377498d36db289031b8f140e7f27dc745b5246a01a79bf5de9ad,09/23/2024 10:45:00 AM,,,NONE PRESENT,,,TEST NOT OFFERED,,15,CLEAR,DAYLIGHT,FIXED OBJECT,OTHER,STRAIGHT AND LEVEL,DRY,NO INJURY / DRIVE AWAY,CHICAGO AVE,41.8950936148,-87.748381715,POINT (-87.748381714962 41.895093614751)
O1913057,BICYCLE,136611ae3d4f29ed0ae99c76bd138204e627bc571c7b58b0380b0b093a24da589ce5c80a2804c9f915e963c39643012a809fe69fc27fd3ee2b4a5e3254d7c22d,09/23/2024 10:29:00 AM,M,16.0,HELMET NOT USED,UNKNOWN/NA,UNKNOWN/NA,TEST NOT OFFERED,,30,CLEAR,DAYLIGHT,PEDALCYCLIST,FOUR WAY,STRAIGHT AND LEVEL,DRY,INJURY AND / OR TOW DUE TO CRASH,DR MARTIN LUTHER KING JR DR,41.8383269412,-87.6176126615,POINT (-87.617612661462 41.838326941218)
O1912863,BICYCLE,0fecaa46f0092aadef273bda93c8933886052fd0a752cb893a3989341f58c653cce37344d3423d35ac4bbd36406412706bb7464915f9edeb1b91e4829b47f9b8,09/23/2024 08:06:00 AM,M,24.0,HELMET NOT USED,OTHER ACTION,NOT IN ROADWAY,TEST NOT OFFERED,,35,CLEAR,DAYLIGHT,PEDALCYCLIST,FOUR WAY,STRAIGHT AND LEVEL,DRY,INJURY AND / OR TOW DUE TO CRASH,CULLERTON ST,41.8552608487,-87.6613611783,POINT (-87.661361178259 41.855260848656)
O1912752,BICYCLE,08d8c7ce3828119581bf2b4c939bd8ce38f88f640a11ff4f05666963bb2883030f2948d8ee3bdc82dd6572f99edf944ddcd5e64165b253250320487f7cddf203,09/22/2024 10:39:00 PM,M,40.0,HELMET NOT USED,WITH TRAFFIC,BIKE LANE,TEST NOT OFFERED,,30,RAIN,"DARKNESS, LIGHTED ROAD",PEDALCYCLIST,NOT DIVIDED,STRAIGHT AND LEVEL,UNKNOWN,INJURY AND / OR TOW DUE TO CRASH,DAMEN AVE,41.8850236823,-87.6768874573,POINT (-87.676887457255 41.885023682326)
O1912652,BICYCLE,39a2ca296b7b3d43e19634fef07e6f64c60fd07953ea0533945f96fc3ac116a96a73b72ab12af47641715278d9ded43e30d86c888ab0143790c42a49716e2ac7,09/22/2024 05:00:00 PM,M,,HELMET NOT USED,CROSSING - NO CONTROLS (NOT AT INTERSECTION),NOT IN ROADWAY,,,10,CLEAR,DAYLIGHT,PEDALCYCLIST,OTHER,STRAIGHT AND LEVEL,UNKNOWN,NO INJURY / DRIVE AWAY,MILWAUKEE AVE,41.9701800166,-87.7625958933,POINT (-87.762595893299 41.970180016633)