PERSON_ID,PERSON_TYPE,CRASH_RECORD_ID,CRASH_DATE_x,SEX,AGE,SAFETY_EQUIPMENT,PEDPEDAL_ACTION,PEDPEDAL_LOCATION,BAC_RESULT,CRASH_DATE_EST_I,POSTED_SPEED_LIMIT,WEATHER_CONDITION,LIGHTING_CONDITION,FIRST_CRASH_TYPE,TRAFFICWAY_TYPE,ALIGNMENT,ROADWAY_SURFACE_COND,CRASH_TYPE,STREET_NAME,LATITUDE,LONGITUDE,LOCATION
O1915459,BICYCLE,2b972bf8f05bf7454d2d9bf939afb52d2e2e1beb89e7f08ece486e4473817d4cae2d5074a03c9b3af03770f081b5511f252e68a73b59cd38febb0ec4fca96318,09/22/2024 01:00:00 PM,M,29.0,BICYCLE HELMET (PEDACYCLIST INVOLVED ONLY),CROSSING - WITH SIGNAL,IN ROADWAY,TEST NOT OFFERED,,30,UNKNOWN,UNKNOWN,PEDALCYCLIST,FOUR WAY,STRAIGHT AND LEVEL,UNKNOWN,INJURY AND / OR TOW DUE TO CRASH,PULASKI RD,41.8743420452,-87.725589998,POINT (-87.725589998037 41.874342045195)
O1912295,BICYCLE,3ee2138ec37598dbab869c4ec250ea3729b2b0104be3890dc8fc86d346e32c08444881a0880a0034cd1fc41b5633d1b4896b5c880365cdee7ff5817e2301ee6c,09/22/2024 10:15:00 AM,,21.0,HELMET NOT USED,CROSSING - NO CONTROLS (NOT AT INTERSECTION),IN ROADWAY,TEST NOT OFFERED,,30,RAIN,DAYLIGHT,PEDALCYCLIST,FOUR WAY,STRAIGHT AND LEVEL,WET,INJURY AND / OR TOW DUE TO CRASH,LAFAYETTE AVE,41.7398700469,-87.625386951,POINT (-87.625386951041 41.739870046937)
O1912287,BICYCLE,caaca1b8bebfa71536d7d15ef083dfad0dfaa354f18507c80421f4823dbde1add573dca66c6cc7718a1902800ff4c55027dcd2f1103f0bfd588c6d2e099006b4,09/22/2024 09:32:00 AM,M,22.0,HELMET NOT USED,CROSSING - AGAINST SIGNAL,IN CROSSWALK,TEST NOT OFFERED,,30,RAIN,DAYLIGHT,PEDALCYCLIST,UNKNOWN INTERSECTION TYPE,STRAIGHT AND LEVEL,WET,INJURY AND / OR TOW DUE TO CRASH,MICHIGAN AVE,41.8933784949,-87.624067721,POINT (-87.62406772102 41.893378494908)
O1912001,BICYCLE,1ca3a6c33fb56ef9c58a1ae4183941b6c494b6178088a470ee4d521da7582a33cabcd5149f6d4f21645bfa5dfea670a699c97e79643b4ea3009d31855e783962,09/21/2024 06:38:00 PM,F,8.0,HELMET NOT USED,PLAYING IN ROADWAY,IN ROADWAY,TEST NOT OFFERED,,30,CLEAR,DAYLIGHT,PEDALCYCLIST,DIVIDED - W/MEDIAN (NOT RAISED),STRAIGHT AND LEVEL,DRY,INJURY AND / OR TOW DUE TO CRASH,BRYN MAWR AVE,41.9829000301,-87.7136006489,POINT (-87.713600648876 41.982900030116)
O1914486,BICYCLE,8e14a7dc19e7768b18a44c0d678c199f66c581c13d6f6be9dbed2b80f09a3cd3d3d17fac276f3b1a9008ed12602c4b9f0b055dd6030e6849b371756a220931fc,09/21/2024 05:21:00 PM,M,29.0,BICYCLE HELMET (PEDACYCLIST INVOLVED ONLY),WITH TRAFFIC,SHOULDER,TEST NOT OFFERED,,30,CLEAR,DUSK,PEDALCYCLIST,NOT DIVIDED,STRAIGHT AND LEVEL,DRY,INJURY AND / OR TOW DUE TO CRASH,KIMBALL AVE,41.9466552269,-87.712863252,POINT (-87.712863252017 41.946655226909)
O1911887,BICYCLE,774ba2a27b9bdae2589ebf287bcf997802b169b194d6cb1a6206cc2c9319dcdb9ad92613465d938009bfda9e5bcd3a7048312da5897be3548284dedd31e5de01,09/21/2024 05:10:00 PM,M,18.0,BICYCLE HELMET (PEDACYCLIST INVOLVED ONLY),WITH TRAFFIC,IN ROADWAY,TEST NOT OFFERED,,30,CLEAR,DAYLIGHT,PEDALCYCLIST,FOUR WAY,STRAIGHT AND LEVEL,DRY,INJURY AND / OR TOW DUE TO CRASH,MONTROSE AVE,41.9614025776,-87.6749149828,POINT (-87.674914982802 41.961402577601)
O1912431,BICYCLE,7900be8746ee9d365c4250a38a419b4f03a80754a06f7a8cac3381ebc04e9c254b7a27ecbfaee458f2e4e027ca80ab3822ab34f554511bb134bdd607189c6b66,09/21/2024 04:45:00 PM,M,,BICYCLE HELMET (PEDACYCLIST INVOLVED ONLY),WITH TRAFFIC,BIKEWAY,TEST NOT OFFERED,,30,CLEAR,DAYLIGHT,PEDALCYCLIST,NOT DIVIDED,STRAIGHT AND LEVEL,DRY,NO INJURY / DRIVE AWAY,LOGAN BLVD,41.9285984788,-87.69496242,POINT (-87.694962419954 41.928598478803)
O1929842,BICYCLE,be0970cb25c56f5cc8a98db737d88bd113ae9085a293fdbffbc382e149c08f76d3c6a71334a44a04cffc644247fefe5184336804252723604b4cd22b9951690d,09/21/2024 04:36:00 PM,M,27.0,HELMET NOT USED,CROSSING - NO CONTROLS (AT INTERSECTION),IN ROADWAY,TEST NOT OFFERED,,30,CLEAR,DAYLIGHT,PEDALCYCLIST,NOT DIVIDED,STRAIGHT AND LEVEL,DRY,INJURY AND / OR TOW DUE TO CRASH,ASHLAND AVE,41.948724543,-87.6687580396,POINT (-87.668758039572 41.948724542964)
O1911986,BICYCLE,5126885c4e70ffd5f2392ddbb0143194b951bdd72ec92f48635b27c82e14a33c9cc9fa93c0a0634692ea0006d67a3cdc4403085733017048520e843974269d04,09/21/2024 04:00:00 PM,M,65.0,BICYCLE HELMET (PEDACYCLIST INVOLVED ONLY),ENTER FROM DRIVE/ALLEY,IN ROADWAY,TEST NOT OFFERED,,30,CLEAR,DAYLIGHT,PEDALCYCLIST,ALLEY,STRAIGHT AND LEVEL,DRY,INJURY AND / OR TOW DUE TO CRASH,SOUTH CHICAGO AVE,41.7568558348,-87.5928141734,POINT (-87.592814173444 41.756855834805)
O1911840,BICYCLE,1909d0e1418fa40dc47e64c5299a6f3b3b8e9b2be21d66d153bd43f5f2157ea8b5f5f0e6c4b23d0089003c7eac4a08be885355c64d89832b4d1f3e87d536c95c,09/21/2024 03:50:00 PM,M,33.0,HELMET NOT USED,WITH TRAFFIC,BIKE LANE,TEST NOT OFFERED,,30,CLEAR,DAYLIGHT,PEDALCYCLIST,NOT DIVIDED,STRAIGHT AND LEVEL,DRY,INJURY AND / OR TOW DUE TO CRASH,ARGYLE ST,41.9734680443,-87.6516663515,POINT (-87.651666351485 41.973468044324)
O1911792,BICYCLE,aa840c9e145829e3ab33dd44413975d8eca2eb162800c7401de29167f213daa7d4575b64c897195fdcd56cd10b27e02acbcfff007085e6b985b07681fe7adb1b,09/21/2024 02:27:00 PM,M,44.0,HELMET NOT USED,CROSSING - WITH SIGNAL,IN CROSSWALK,TEST NOT OFFERED,,30,CLEAR,DAYLIGHT,PEDALCYCLIST,DIVIDED - W/MEDIAN (NOT RAISED),STRAIGHT AND LEVEL,DRY,INJURY AND / OR TOW DUE TO CRASH,JERSEY AVE,41.9904287615,-87.711183885,POINT (-87.711183885023 41.990428761476)
O1911776,BICYCLE,8a9763346dc73fae3d155ac2c3d65da009b6703f8fdfb578db379c4107916b4a86ddf92a59551faba7844486cd8d1bb6529ee3217bc00e42171bc83182e7bbac,09/21/2024 02:24:00 PM,M,75.0,HELMET NOT USED,CROSSING - NO CONTROLS (NOT AT INTERSECTION),IN CROSSWALK,TEST NOT OFFERED,,30,CLEAR,DAYLIGHT,PEDALCYCLIST,T-INTERSECTION,CURVE ON GRADE,DRY,INJURY AND / OR TOW DUE TO CRASH,LAWRENCE DR,41.9692500061,-87.648118559,POINT (-87.648118559046 41.969250006126)
O1911685,BICYCLE,99b4d58e7bc4b96032dbaa4ab76c46c239e0690de83cad1853de086df6b9ff7ed0c32f41179e04ef37dbcac21795f12d9b4b7d7b72b9cdf628efde4b7d1ef0cc,09/21/2024 01:37:00 PM,M,,HELMET NOT USED,NO ACTION,IN ROADWAY,TEST NOT OFFERED,,30,CLEAR,DAYLIGHT,PEDALCYCLIST,DIVIDED - W/MEDIAN (NOT RAISED),STRAIGHT AND LEVEL,DRY,NO INJURY / DRIVE AWAY,MILWAUKEE AVE,41.9083783509,-87.6745692078,POINT (-87.674569207785 41.908378350898)
O1911699,BICYCLE,b0134d4b59ef9d75f3a3060ef4ac60a24e2b7ea8efc38178293db138ad8096dafd676c7dbcae3e377ca3f939b1f1e2b0561db6eab0e274d705c9e6095c38bf6b,09/21/2024 01:00:00 PM,M,49.0,BICYCLE HELMET (PEDACYCLIST INVOLVED ONLY),WITH TRAFFIC,BIKEWAY,TEST NOT OFFERED,,30,CLEAR,DAYLIGHT,PEDALCYCLIST,NOT DIVIDED,STRAIGHT AND LEVEL,DRY,NO INJURY / DRIVE AWAY,DAMEN AVE,41.9091920591,-87.6772829073,POINT (-87.677282907276 41.909192059084)
O1911695,BICYCLE,733313ef756ccaf7a49641c5f6424425173c647a0d7050ef06d41cf79910665ce46a10e1b0b3921ce7ddda8ae8408055b13989fc43f0ed1bab5783e60ef6e31d,09/21/2024 11:51:00 AM,F,26.0,HELMET NOT USED,CROSSING - WITH SIGNAL,UNKNOWN/NA,TEST NOT OFFERED,,30,CLEAR,DAYLIGHT,PEDALCYCLIST,DIVIDED - W/MEDIAN (NOT RAISED),STRAIGHT AND LEVEL,DRY,INJURY AND / OR TOW DUE TO CRASH,KOSTNER AVE,41.7857434633,-87.7328917418,POINT (-87.732891741757 41.785743463309)
O1911567,BICYCLE,158360d889549f2963b58dc658d48cc0947a123703f0bb59c77f99a1b2f1a4cbb9922785a2712cbb542bec844a8bed9a3a2d3b8d84700508974af76ebb9432ad,09/21/2024 09:10:00 AM,M,62.0,HELMET NOT USED,WITH TRAFFIC,BIKEWAY,TEST NOT OFFERED,,30,CLEAR,DAYLIGHT,PEDALCYCLIST,NOT DIVIDED,STRAIGHT AND LEVEL,DRY,INJURY AND / OR TOW DUE TO CRASH,ELSTON AVE,41.9873888268,-87.77265476,POINT (-87.772654759955 41.987388826758)
O1911532,BICYCLE,c8b11972e4b29b464cb3cf15f836914bddf2406fefd54e4afe1360576ace545d12fe3f45fddff5ac7657c4df284435ab3491b168e5e17f92931bfe7af5d153aa,09/21/2024 07:55:00 AM,M,26.0,HELMET NOT USED,OTHER ACTION,NOT IN ROADWAY,TEST NOT OFFERED,,10,CLEAR,DAYLIGHT,PEDALCYCLIST,DRIVEWAY,STRAIGHT AND LEVEL,DRY,INJURY AND / OR TOW DUE TO CRASH,PULASKI RD,41.9578817144,-87.7278865975,POINT (-87.727886597459 41.95788171439)
O1965716,BICYCLE,f91ed79bd830cf2cf167c807952d6c9853d61931ab1f98e1c674a78e8f40ed87c1725b1ad3069acfdc46901b41a4566a957bd5a1db6e2a306adbfad4af97bc94,09/21/2024 03:18:00 AM,M,17.0,HELMET NOT USED,UNKNOWN/NA,IN ROADWAY,TEST NOT OFFERED,,30,CLEAR,"DARKNESS, LIGHTED ROAD",PEDALCYCLIST,NOT DIVIDED,STRAIGHT AND LEVEL,DRY,INJURY AND / OR TOW DUE TO CRASH,CICERO AVE,41.8219448331,-87.7436765962,POINT (-87.743676596199 41.821944833083)
O1911416,BICYCLE,4964e112a605c3c190578a840f48eebbfc1abcefd79a9053954a99513f32c33576c648b6b4db66ceec14e2beddb00aee860398d72915b0d0384787a8d8b7cca1,09/21/2024 12:10:00 AM,M,24.0,HELMET NOT USED,INTOXICATED PED/PEDAL,IN ROADWAY,TEST NOT OFFERED,,30,CLEAR,"DARKNESS, LIGHTED ROAD",PEDALCYCLIST,UNKNOWN,STRAIGHT AND LEVEL,DRY,INJURY AND / OR TOW DUE TO CRASH,OAKDALE AVE,41.9355174927,-87.6516556098,POINT (-87.651655609848 41.93551749267)
O1911404,BICYCLE,e964d646881ab59d65b6f2a3181d462eff92448eda630d4b4402e8b6211d67f9face51556c65fa14fe7a3c8328e54231eeb488ec93f1ed07dd56c300813200d0,09/20/2024 10:00:00 PM,F,29.0,BICYCLE HELMET (PEDACYCLIST INVOLVED ONLY),CROSSING - NO CONTROLS (NOT AT INTERSECTION),IN ROADWAY,TEST NOT OFFERED,,20,CLEAR,"DARKNESS, LIGHTED ROAD",PEDALCYCLIST,ONE-WAY,STRAIGHT AND LEVEL,DRY,NO INJURY / DRIVE AWAY,PAULINA ST,41.8305637935,-87.6681019889,POINT (-87.668101988881 41.830563793475)
O1911366,BICYCLE,530709201eebfe613976b4d5e2920a58071a991493805bd5fa1ffba9727bd97f7f93696c58e4cc9c041a5d16347f8cacc13fdb3e90f898f6627778d197a6c83b,09/20/2024 08:54:00 PM,M,25.0,HELMET NOT USED,CROSSING - AGAINST SIGNAL,IN ROADWAY,TEST NOT OFFERED,,30,CLEAR,"DARKNESS, LIGHTED ROAD",PEDALCYCLIST,FOUR WAY,STRAIGHT AND LEVEL,DRY,INJURY AND / OR TOW DUE TO CRASH,HALSTED ST,41.8856389185,-87.6473262383,POINT (-87.647326238258 41.885638918531)
O1911326,BICYCLE,5544a51bde5dfd7ad398fa58f3b9eb681fc80df30c40ebc14790c581e63bb4fd3a1d558cc63d5db43a179959b6fc62c6e7449e67122c7040f8cb00d897c4a9a5,09/20/2024 08:05:00 PM,M,37.0,HELMET NOT USED,NO ACTION,BIKE LANE,TEST NOT OFFERED,,30,CLEAR,"DARKNESS, LIGHTED ROAD",PEDALCYCLIST,NOT DIVIDED,STRAIGHT AND LEVEL,DRY,NO INJURY / DRIVE AWAY,HALSTED ST,41.9485245742,-87.6493761226,POINT (-87.64937612259 41.948524574224)
O1911319,BICYCLE,712cbaf66ca21241ea70a5ea9ab4f010282903c361f70ead717dae09e34ada0dc6dc630390bf47fa4b0e0c11f310815c912807589f551b7e71689a513a7b813f,09/20/2024 07:35:00 PM,M,24.0,BICYCLE HELMET (PEDACYCLIST INVOLVED ONLY),OTHER ACTION,BIKEWAY,TEST NOT OFFERED,,30,CLEAR,"DARKNESS, LIGHTED ROAD",PEDALCYCLIST,NOT DIVIDED,STRAIGHT AND LEVEL,DRY,INJURY AND / OR TOW DUE TO CRASH,LINCOLN AVE,41.9180647456,-87.6386617669,POINT (-87.638661766881 41.918064745628)
O1911321,BICYCLE,de524007400d89cef1397ff3e396f6a2d86f105ce77076867e3c10c93d5214b792c9e0de291f004eac15818fbd47b120c602508fdbd6ec5f4902be12d90e94fe,09/20/2024 07:08:00 PM,M,10.0,HELMET NOT USED,CROSSING - WITH SIGNAL,IN CROSSWALK,TEST NOT OFFERED,,30,CLEAR,DARKNESS,PEDALCYCLIST,DIVIDED - W/MEDIAN (NOT RAISED),STRAIGHT AND LEVEL,DRY,INJURY AND / OR TOW DUE TO CRASH,HAMLIN AVE,41.9609198435,-87.7227797408,POINT (-87.722779740782 41.960919843526)
O1911213,NON-MOTOR VEHICLE,613700a3d0d6050aa35d67f16270c70613c5b6a5eae16681557e93cedd2c91cbf4683e5a6545b0ba8215e0da756029029511486e58eace38011e9ffe7a5cb3d9,09/20/2024 05:25:00 PM,F,28.0,NONE PRESENT,WITH TRAFFIC,BIKE LANE,TEST NOT OFFERED,,30,CLEAR,DAYLIGHT,OTHER OBJECT,NOT DIVIDED,STRAIGHT AND LEVEL,DRY,NO INJURY / DRIVE AWAY,HALSTED ST,41.9282861699,-87.6490086759,POINT (-87.649008675885 41.928286169894)
O1911143,BICYCLE,9b38daec56469b5307dc0d9de884c1ecf1b38858907aff1c21650d4f6c0450be27031a2e1af600ec9e909da5431831757f9ff2419078c829e0a0f4378387d530,09/20/2024 05:20:00 PM,F,19.0,BICYCLE HELMET (PEDACYCLIST INVOLVED ONLY),UNKNOWN/NA,BIKEWAY,TEST NOT OFFERED,,35,CLEAR,DAYLIGHT,PEDALCYCLIST,NOT DIVIDED,STRAIGHT AND LEVEL,DRY,NO INJURY / DRIVE AWAY,ADDISON ST,41.9467400322,-87.7078754891,POINT (-87.707875489132 41.946740032195)
O1911179,BICYCLE,23d6e746bc7da5e0a7ee6f922c730354b603b033de9b6d25b3daff2fce53ad9f48c8d772e1a69dc21ab009ed4b4d933a7cb53f02a728de4558f176c7e5e38768,09/20/2024 05:03:00 PM,M,13.0,HELMET NOT USED,CROSSING - CONTROLS PRESENT (NOT AT INTERSECTION),IN CROSSWALK,TEST NOT OFFERED,,30,CLEAR,DAYLIGHT,PEDALCYCLIST,NOT DIVIDED,STRAIGHT AND LEVEL,DRY,INJURY AND / OR TOW DUE TO CRASH,HAMILTON AVE,41.9450817513,-87.6822910613,POINT (-87.68229106127 41.945081751345)
O1911054,BICYCLE,10891eb8970c2e1ec9fef3171014f6fbde696802b06081bb2e0fad17c0ee4949b9215684d713b50283a353040cc0f0d42be72a8b664f0937f8d83d90fa977063,09/20/2024 04:16:00 PM,M,34.0,BICYCLE HELMET (PEDACYCLIST INVOLVED ONLY),WITH TRAFFIC,BIKEWAY,TEST NOT OFFERED,,30,CLEAR,DAYLIGHT,PEDALCYCLIST,FOUR WAY,STRAIGHT AND LEVEL,DRY,INJURY AND / OR TOW DUE TO CRASH,ARMITAGE AVE,41.9175031598,-87.6850534827,POINT (-87.685053482725 41.917503159796)
O1911045,BICYCLE,75b987cd02df6c9e659d64736b42152925deb92a973b3c98c49bfc91a7a476a4f227a7c5b65ee818e12a0edccf9f3202d836908e1884179862c333286fb8ce97,09/20/2024 04:10:00 PM,M,65.0,BICYCLE HELMET (PEDACYCLIST INVOLVED ONLY),CROSSING - NO CONTROLS (AT INTERSECTION),IN CROSSWALK,TEST NOT OFFERED,,30,CLEAR,DAYLIGHT,PEDALCYCLIST,T-INTERSECTION,STRAIGHT AND LEVEL,DRY,INJURY AND / OR TOW DUE TO CRASH,CLARK ST,41.9580352196,-87.6646651756,POINT (-87.664665175592 41.958035219573)
O1911074,NON-MOTOR VEHICLE,1f933d35f1897c3cc050164f8e36b4bf0c60a56992af824b32ab1498186eefb9967240d57a51da121a14c51c86295df59c5a967cf7618cffe86376248448f0dc,09/20/2024 03:17:00 PM,M,21.0,NONE PRESENT,CROSSING - CONTROLS PRESENT (NOT AT INTERSECTION),IN ROADWAY,TEST NOT OFFERED,,30,CLEAR,DAYLIGHT,OTHER OBJECT,FOUR WAY,STRAIGHT AND LEVEL,DRY,INJURY AND / OR TOW DUE TO CRASH,LARAMIE AVE,41.8986731656,-87.7558381494,POINT (-87.755838149412 41.89867316563)
O1910801,BICYCLE,1c144d27e8493a5f826d57dfcae737868848fb8c1ad864aa965a200e2b0080abe0c3c1516ed9ac7fe6389fe02c7a954603b69799136120dc9e6a9066504fc0a3,09/20/2024 10:46:00 AM,F,65.0,HELMET NOT USED,NO ACTION,IN CROSSWALK,TEST NOT OFFERED,,20,CLEAR,DAYLIGHT,PEDALCYCLIST,ALLEY,STRAIGHT AND LEVEL,DRY,INJURY AND / OR TOW DUE TO CRASH,UNION AVE,41.8160569299,-87.6434515612,POINT (-87.643451561197 41.816056929947)
O1910853,BICYCLE,70c27b8cf718af92cc9704963c1288282178aee6bc022376d941f200fcc1d909e5bb4c1f13dd437c5d3c6ff46e0e5784c815c1584787d3ee596fa782aaa0dc94,09/20/2024 10:40:00 AM,F,35.0,HELMET NOT USED,OTHER ACTION,IN ROADWAY,TEST NOT OFFERED,,30,CLEAR,DAYLIGHT,PEDALCYCLIST,NOT DIVIDED,STRAIGHT AND LEVEL,DRY,NO INJURY / DRIVE AWAY,MICHIGAN AVE,41.8909757456,-87.623983201,POINT (-87.623983200997 41.890975745586)
O1910843,BICYCLE,183f24e875d9eff26d4d18980445f78094fbb9de10aeeb43d1bfa6bdc315b7e7a0ee396feb9472f7f3b70c6be5596a28219749b4990dcc5573985f4b2518ca56,09/20/2024 09:34:00 AM,F,20.0,HELMET NOT USED,AGAINST TRAFFIC,DRIVEWAY ACCESS,TEST NOT OFFERED,N,30,CLEAR,DAYLIGHT,PEDALCYCLIST,PARKING LOT,STRAIGHT AND LEVEL,DRY,INJURY AND / OR TOW DUE TO CRASH,47TH ST,41.8084989618,-87.6875378972,POINT (-87.687537897161 41.808498961813)
O1910761,BICYCLE,94eb2105fbc706da1f4418955284a0bbff0f785f641fd89d8b1ca0a7abf195c6f04b71e460033c06ddb4808faa3ffb1d008f17576708c414ca93b063c0290348,09/20/2024 08:31:00 AM,M,67.0,HELMET NOT USED,WITH TRAFFIC,IN ROADWAY,TEST NOT OFFERED,,30,CLEAR,DAYLIGHT,PEDALCYCLIST,NOT DIVIDED,STRAIGHT AND LEVEL,DRY,INJURY AND / OR TOW DUE TO CRASH,LINCOLN AVE,41.9389697692,-87.6674738655,POINT (-87.667473865489 41.938969769223)
O1910841,BICYCLE,05e22dca9b2b0dc8a89e638fe37bc42e162f94f3c8ef4107322ab33b78c37ff9442816e3329766c5dbf200a83773ca15bb39aac035280912278d45fc06050d57,09/20/2024 08:00:00 AM,M,,HELMET NOT USED,AGAINST TRAFFIC,IN ROADWAY,TEST NOT OFFERED,,30,CLEAR,DAYLIGHT,PEDALCYCLIST,NOT DIVIDED,STRAIGHT AND LEVEL,DRY,NO INJURY / DRIVE AWAY,WESTERN AVE,41.9427471952,-87.6883543215,POINT (-87.688354321496 41.942747195164)
O1910842,BICYCLE,05e22dca9b2b0dc8a89e638fe37bc42e162f94f3c8ef4107322ab33b78c37ff9442816e3329766c5dbf200a83773ca15bb39aac035280912278d45fc06050d57,09/20/2024 08:00:00 AM,M,,HELMET NOT USED,AGAINST TRAFFIC,IN ROADWAY,TEST NOT OFFERED,,30,CLEAR,DAYLIGHT,PEDALCYCLIST,NOT DIVIDED,STRAIGHT AND LEVEL,DRY,NO INJURY / DRIVE AWAY,WESTERN AVE,41.9427471952,-87.6883543215,POINT (-87.688354321496 41.942747195164)
O1910765,BICYCLE,9649937a5aaee39bfa8e9fbbf3fa292ebe03649afae70e52f512bc47e375bbf7041ebc1c2f21444be57f899db61bd3ddf15fd274e3398b000b218dc48355bf8f,09/20/2024 08:00:00 AM,F,36.0,BICYCLE HELMET (PEDACYCLIST INVOLVED ONLY),TURNING LEFT,UNKNOWN/NA,TEST NOT OFFERED,,30,CLEAR,DAYLIGHT,PEDALCYCLIST,NOT DIVIDED,STRAIGHT AND LEVEL,DRY,INJURY AND / OR TOW DUE TO CRASH,RIDGE AVE,41.9842587536,-87.6608697191,POINT (-87.660869719061 41.98425875359)
O1910736,BICYCLE,76dce295dc399ff6973e2bf78a813ff1d503df14756a58f8c5d5771e2880ca477002bdaa014bbb0e4909a7e26815e22eaaaa89db88461900d65e6720a3e8ebde,09/20/2024 07:53:00 AM,M,14.0,BICYCLE HELMET (PEDACYCLIST INVOLVED ONLY),TURNING RIGHT,IN ROADWAY,TEST NOT OFFERED,,30,CLEAR,DAYLIGHT,PEDALCYCLIST,FOUR WAY,STRAIGHT AND LEVEL,DRY,INJURY AND / OR TOW DUE TO CRASH,GEORGE ST,41.9325930343,-87.7955835147,POINT (-87.795583514661 41.932593034294)
O1910582,BICYCLE,d77b7e865a03910736434253aefb7028fbdcd4c9d760d4afea5b83bd061d0106505cdb892bf9a83c5716ed6a3e10dc970e970b776683d2a08ce2ab5fe0f3e00f,09/20/2024 12:21:00 AM,M,35.0,HELMET NOT USED,NOT AT INTERSECTION,IN CROSSWALK,TEST NOT OFFERED,,30,CLEAR,"DARKNESS, LIGHTED ROAD",PEDALCYCLIST,NOT DIVIDED,STRAIGHT AND LEVEL,DRY,INJURY AND / OR TOW DUE TO CRASH,PULASKI RD,41.8730676166,-87.7255528944,POINT (-87.725552894361 41.873067616552)
O1910560,BICYCLE,8c27b9793e4fe3493d189f120638be07b34857b499f2cf8dadc165735214be945ead2716fabbcac257d0ec06cd3c021ac3d4e11adba571ee644784970234ba11,09/19/2024 10:50:00 PM,F,49.0,HELMET NOT USED,OTHER ACTION,IN CROSSWALK,TEST NOT OFFERED,,30,CLEAR,"DARKNESS, LIGHTED ROAD",PEDALCYCLIST,FOUR WAY,STRAIGHT AND LEVEL,DRY,INJURY AND / OR TOW DUE TO CRASH,LINCOLN AVE,41.975912899,-87.6924941747,POINT (-87.692494174663 41.975912898994)
O1910499,BICYCLE,2c83468d9f5bb0516d26a98970e1f579c1704e0bbf4c5f7a510b98a4a0aedf8cac9e99e1d37f787e8e1542ac9bf47455d172bf09f672785ed464de731e2349f5,09/19/2024 08:13:00 PM,M,30.0,HELMET NOT USED,CROSSING - WITH SIGNAL,IN ROADWAY,TEST NOT OFFERED,,3,CLEAR,"DARKNESS, LIGHTED ROAD",PEDALCYCLIST,FOUR WAY,STRAIGHT AND LEVEL,DRY,INJURY AND / OR TOW DUE TO CRASH,RANDOLPH ST,41.8844349649,-87.6521655467,POINT (-87.652165546708 41.884434964928)
O1910916,NON-MOTOR VEHICLE,0806b06de2d899ba6f9bb2c78c5714f7a56f31f701c22ec31a71d9dc8c957aea32ad1c972cedbc12ce2b638bca3df61ae63944df085d4dc84436d266fb87abf7,09/19/2024 08:00:00 PM,X,,USAGE UNKNOWN,NO ACTION,UNKNOWN/NA,TEST NOT OFFERED,,30,CLEAR,DAYLIGHT,FIXED OBJECT,NOT DIVIDED,STRAIGHT AND LEVEL,DRY,NO INJURY / DRIVE AWAY,LAKE SHORE DR SB,41.9620271555,-87.6466396613,POINT (-87.64663966128 41.962027155537)
O1911488,BICYCLE,fd26242e9ad02eab581daaec84f4e4a14765158f352c7af903388155166268cc9f7ba617a53de50fd1c02dbb649d444f7602482f380cbfab71f3dbf463e46df5,09/19/2024 07:26:00 PM,F,24.0,HELMET NOT USED,OTHER ACTION,IN ROADWAY,TEST NOT OFFERED,,30,CLEAR,"DARKNESS, LIGHTED ROAD",PEDALCYCLIST,DIVIDED - W/MEDIAN (NOT RAISED),STRAIGHT AND LEVEL,DRY,INJURY AND / OR TOW DUE TO CRASH,MC CLURG CT,41.8940665114,-87.6176075137,POINT (-87.617607513688 41.894066511365)
O1910820,BICYCLE,185eee5f1a9accf2902f240f70e3d23fcf536476e315a9cfea4a87f7378f1b6fa19247b7da3b394311185983a06ba192e23ad54ec4186926962a1f0c6aa9b37b,09/19/2024 06:00:00 PM,M,36.0,HELMET NOT USED,WITH TRAFFIC,UNKNOWN/NA,TEST NOT OFFERED,,25,CLEAR,DAWN,PEDALCYCLIST,NOT DIVIDED,STRAIGHT AND LEVEL,DRY,INJURY AND / OR TOW DUE TO CRASH,18TH ST,41.857965774,-87.6475689641,POINT (-87.647568964086 41.857965773952)
O1910429,BICYCLE,b4978497b0d1cfe016a1e5af251e4dff739145dce921fa1c79617d568b92fea999dc340389a467e14019832b9f3bcccf1fa895ff53f60fbe4c1a58d4aad88565,09/19/2024 05:45:00 PM,M,56.0,HELMET NOT USED,WITH TRAFFIC,IN ROADWAY,TEST NOT OFFERED,,30,CLEAR,DAYLIGHT,PEDALCYCLIST,FOUR WAY,STRAIGHT AND LEVEL,DRY,INJURY AND / OR TOW DUE TO CRASH,47TH ST,41.8088458924,-87.6551224796,POINT (-87.655122479632 41.808845892428)
O1911821,BICYCLE,ed31c97af552e0b7ead5370561782bc61f0d738afa63c2be820969d61bdbb40f1f0716f01e52f51362069d87c5956e6c964ad320bf97952d96ed94169f1ffc62,09/19/2024 05:30:00 PM,M,41.0,HELMET NOT USED,WITH TRAFFIC,BIKE LANE,TEST NOT OFFERED,,30,CLEAR,DAYLIGHT,PEDALCYCLIST,UNKNOWN,STRAIGHT AND LEVEL,DRY,INJURY AND / OR TOW DUE TO CRASH,FULLERTON DR,41.9262186856,-87.6313719557,POINT (-87.631371955684 41.926218685605)