PERSON_ID,PERSON_TYPE,CRASH_RECORD_ID,CRASH_DATE_x,SEX,AGE,SAFETY_EQUIPMENT,PEDPEDAL_ACTION,PEDPEDAL_LOCATION,BAC_RESULT,CRASH_DATE_EST_I,POSTED_SPEED_LIMIT,WEATHER_CONDITION,LIGHTING_CONDITION,FIRST_CRASH_TYPE,TRAFFICWAY_TYPE,ALIGNMENT,ROADWAY_SURFACE_COND,CRASH_TYPE,STREET_NAME,LATITUDE,LONGITUDE,LOCATION
O1910413,BICYCLE,d4ebaa5915cc7712d349451645aeba7547a2c04c755048bae979774e2c5152e7983773a38cef830897d1c6734fe20b081a5f1caef485c2283cfd31c573fa786b,09/19/2024 05:25:00 PM,M,14.0,HELMET NOT USED,CROSSING - WITH SIGNAL,IN CROSSWALK,TEST NOT OFFERED,,30,CLEAR,DAYLIGHT,PEDALCYCLIST,FOUR WAY,STRAIGHT AND LEVEL,DRY,INJURY AND / OR TOW DUE TO CRASH,STATE ST,41.7653936078,-87.625050475,POINT (-87.625050475006 41.765393607783)
O1911677,BICYCLE,4b3a2863d821fa4ae13a1551fbf622f333ed6aeee46ca69ac4f2d921a8afaf35b632b6566fe155be556a355e53f5447107c7c8fc8dcbca74e2dff947f2265f80,09/19/2024 05:00:00 PM,F,17.0,HELMET NOT USED,CROSSING - WITH SIGNAL,IN ROADWAY,TEST NOT OFFERED,,30,CLEAR,DAYLIGHT,PEDALCYCLIST,FOUR WAY,STRAIGHT AND LEVEL,DRY,INJURY AND / OR TOW DUE TO CRASH,GRAND AVE,41.9141700895,-87.7463203311,POINT (-87.746320331106 41.914170089478)
O1910361,BICYCLE,68efb451fd654d450d7a7109e16f6e11fec9061233f9dad8f92e73ad40ce4a0f2639eca61dece52d9d8791392d363b934135396f0dc30b20bd3e882dfb8a3245,09/19/2024 05:00:00 PM,,17.0,BICYCLE HELMET (PEDACYCLIST INVOLVED ONLY),CROSSING - WITH SIGNAL,IN ROADWAY,TEST NOT OFFERED,,25,CLEAR,DAYLIGHT,PEDALCYCLIST,FOUR WAY,STRAIGHT AND LEVEL,DRY,INJURY AND / OR TOW DUE TO CRASH,CENTRAL AVE,41.9846184304,-87.768159268,POINT (-87.768159268026 41.984618430365)
O1910383,BICYCLE,0d0c30556228dd445a7394304c008c37b20dd3755fef7a4e4c48e3850b567781e58c3f34f19f9ad5abc6cfa86a88f936a1d50b4427bb28b4e799b168c11bf59a,09/19/2024 04:43:00 PM,F,32.0,HELMET NOT USED,TURNING LEFT,UNKNOWN/NA,TEST NOT OFFERED,,30,CLEAR,DAYLIGHT,PEDALCYCLIST,NOT DIVIDED,STRAIGHT AND LEVEL,DRY,INJURY AND / OR TOW DUE TO CRASH,DAMEN AVE,41.9076341646,-87.6775345727,POINT (-87.677534572747 41.907634164625)
O1910182,BICYCLE,3cb53a93049b8c3f9d00f26ba9f219968a802f319b1a45e4278c5be223318d4201f8a56abdd43be3a11ad0b3540934787b7143e32dd23b988a7e4104a93ff9b4,09/19/2024 02:50:00 PM,M,27.0,HELMET NOT USED,CROSSING - CONTROLS PRESENT (NOT AT INTERSECTION),BIKE LANE,TEST NOT OFFERED,,30,CLEAR,DAYLIGHT,PEDALCYCLIST,NOT DIVIDED,STRAIGHT AND LEVEL,DRY,INJURY AND / OR TOW DUE TO CRASH,LOGAN BLVD,41.9300634795,-87.6857042874,POINT (-87.685704287423 41.930063479516)
O1910198,BICYCLE,95f52d1ebbf2133565b852c97e26fb2b2d47edcb28521df9f4a6bde88614285a7007c230f848bbaddfe9a90250d0f70dda00b152a78933e4bd0f8217fbdd977e,09/19/2024 12:15:00 PM,M,42.0,HELMET NOT USED,UNKNOWN/NA,UNKNOWN/NA,TEST NOT OFFERED,Y,30,CLEAR,DAYLIGHT,PEDALCYCLIST,OTHER,STRAIGHT AND LEVEL,DRY,INJURY AND / OR TOW DUE TO CRASH,FIFTH AVE,41.8686607692,-87.7444289583,POINT (-87.744428958338 41.868660769171)
O1910059,BICYCLE,c7aff2cc9f5a3e9979c780f62929135bbc796a017b15684319ef9ec48cae526748f2e3887addac2eaa19193d0df7d0a88f3b114fe56b01a51f149c3453d808be,09/19/2024 11:51:00 AM,M,58.0,HELMET NOT USED,CROSSING - WITH SIGNAL,IN ROADWAY,,,30,CLEAR,DAYLIGHT,PEDALCYCLIST,NOT DIVIDED,STRAIGHT AND LEVEL,DRY,INJURY AND / OR TOW DUE TO CRASH,AUGUSTA BLVD,41.898429331,-87.7609111955,POINT (-87.760911195489 41.898429330989)
O1914732,BICYCLE,21b2249272c4060ddc56a06454a9708fdf336249c3c283f7fa5f1dbc0ab50d4f9dfe4b84dab232632ab4d081f8f4e76c45257ca56b6e14e1f181f683d207d5f2,09/19/2024 09:40:00 AM,M,65.0,HELMET NOT USED,UNKNOWN/NA,IN ROADWAY,TEST NOT OFFERED,,30,CLEAR,DAYLIGHT,PEDALCYCLIST,DIVIDED - W/MEDIAN (NOT RAISED),STRAIGHT AND LEVEL,DRY,INJURY AND / OR TOW DUE TO CRASH,ROOSEVELT RD,41.8659911411,-87.7301223283,POINT (-87.730122328328 41.865991141105)
O1910382,BICYCLE,6a9a91bc75aab82a893eacef05db0a836a881eeceab9c89eda9f946f97ff65f313d11768e6d2b7b199eaeb325474db3e7fe19f9d147644b170257c6fde2758ab,09/19/2024 08:00:00 AM,M,41.0,HELMET NOT USED,CROSSING - NO CONTROLS (NOT AT INTERSECTION),IN ROADWAY,TEST NOT OFFERED,,30,CLEAR,DAYLIGHT,PEDALCYCLIST,DIVIDED - W/MEDIAN (NOT RAISED),STRAIGHT AND LEVEL,DRY,INJURY AND / OR TOW DUE TO CRASH,26TH ST,41.8443919675,-87.7061925894,POINT (-87.706192589353 41.844391967456)
O1909839,BICYCLE,f3b41a6a862e3afd21b6c1e815043a5d345e37c1eb78a6205c68afe4d9164cfc2b602aa919a8495a81db2d9c233c1b7f79b4c1c236324cfe5ee5f4294c32bbcd,09/19/2024 07:59:00 AM,M,61.0,HELMET NOT USED,AGAINST TRAFFIC,IN CROSSWALK,TEST NOT OFFERED,,30,CLEAR,DAYLIGHT,PEDALCYCLIST,FOUR WAY,STRAIGHT AND LEVEL,DRY,INJURY AND / OR TOW DUE TO CRASH,WELLS ST,41.8090958212,-87.632731197,POINT (-87.632731197024 41.809095821244)
O1909820,BICYCLE,d50387a3c6734dd0fe35ca3afdc1b8d5c5a553a8d4c56d020a018a4f99da608a80c2428e3122c6893eea41e1b98b05733327ef9b8bb458e380bff921602a85c0,09/19/2024 07:43:00 AM,M,14.0,HELMET NOT USED,WITH TRAFFIC,UNKNOWN/NA,TEST NOT OFFERED,,30,CLEAR,DAYLIGHT,PEDALCYCLIST,ALLEY,STRAIGHT AND LEVEL,DRY,INJURY AND / OR TOW DUE TO CRASH,COTTAGE GROVE AVE,41.6856247608,-87.6112758848,POINT (-87.611275884818 41.685624760831)
O1909658,BICYCLE,ee50359fa2235ee1a788cceb58cfe85134a5b0bc969e987b7cf230c5e8f61da663171128829b2b535de140eaffc755fe7379fd09e8c48280a82d678824ca11f3,09/18/2024 07:55:00 PM,M,29.0,HELMET NOT USED,NOT AT INTERSECTION,IN CROSSWALK,TEST NOT OFFERED,,30,CLEAR,"DARKNESS, LIGHTED ROAD",PEDALCYCLIST,NOT DIVIDED,STRAIGHT AND LEVEL,DRY,INJURY AND / OR TOW DUE TO CRASH,63RD ST,41.7799048562,-87.6418581458,POINT (-87.641858145754 41.779904856232)
O1909621,BICYCLE,8cb2fad535527467e87efb48e95bfa9bd72970ca9d9ba8c22c850fdab07ee29361a7df05096fb54f3d93f3c0a9c58c962ab60d42a095bf0dca8cdb34dca7b83a,09/18/2024 07:11:00 PM,M,15.0,HELMET NOT USED,NO ACTION,IN ROADWAY,,,30,CLEAR,"DARKNESS, LIGHTED ROAD",PEDALCYCLIST,DIVIDED - W/MEDIAN (NOT RAISED),STRAIGHT AND LEVEL,DRY,INJURY AND / OR TOW DUE TO CRASH,DAMEN AVE,41.9327733331,-87.6779932044,POINT (-87.677993204436 41.932773333116)
O1909771,BICYCLE,748a5a918b10027083b51e2d622589163ef5b662d4f0046d9692b06e2f9407781b844b5b9164ccdb10b2b2d37af74cbe7b35e282899e8fde0b567fba6ae20516,09/18/2024 06:53:00 PM,F,15.0,HELMET NOT USED,UNKNOWN/NA,BIKE LANE,TEST NOT OFFERED,,30,CLEAR,"DARKNESS, LIGHTED ROAD",PEDALCYCLIST,NOT DIVIDED,STRAIGHT AND LEVEL,DRY,INJURY AND / OR TOW DUE TO CRASH,NORTH AVE,41.9097776626,-87.7262764569,POINT (-87.726276456932 41.909777662641)
O1909833,BICYCLE,d1fe582d324b6dc1e9d0fe06222c22ad56a7dd63e540fc25e6f29bf6b50f236bef8bd9ad79e28185a52f5b0e11c124f05455cf6637d6bd5673df176eed7fec76,09/18/2024 05:20:00 PM,M,46.0,BICYCLE HELMET (PEDACYCLIST INVOLVED ONLY),NO ACTION,NOT IN ROADWAY,TEST NOT OFFERED,,30,CLEAR,DAYLIGHT,PEDALCYCLIST,ALLEY,STRAIGHT AND LEVEL,DRY,NO INJURY / DRIVE AWAY,AUSTIN AVE,41.9902769826,-87.7777435815,POINT (-87.777743581518 41.990276982634)
O1909497,BICYCLE,7d5a87a51072d40a2d22dd0a09e54a9bc2e82d3ce649c8bbd40116914e173707bc94e35b070a0dbf8fc91238fa063bea20d8bdcdd7d47ab02fd229c7b0c7492a,09/18/2024 04:10:00 PM,M,27.0,BICYCLE HELMET (PEDACYCLIST INVOLVED ONLY),WITH TRAFFIC,BIKE LANE,TEST NOT OFFERED,,30,CLEAR,DAYLIGHT,PEDALCYCLIST,NOT DIVIDED,STRAIGHT AND LEVEL,DRY,INJURY AND / OR TOW DUE TO CRASH,HALSTED ST,41.8621324052,-87.6469197493,POINT (-87.6469197493 41.862132405241)
O1909495,BICYCLE,921340ce85b62928377f393221c3e765f817762445d0258e0ad9dacfca5ced56a21285d593fb5b5eec2dd30bf23a971c09e302725957e0fddb8f8817b4d8d7a5,09/18/2024 03:55:00 PM,M,28.0,BICYCLE HELMET (PEDACYCLIST INVOLVED ONLY),WITH TRAFFIC,IN ROADWAY,TEST NOT OFFERED,,35,CLEAR,DAYLIGHT,PEDALCYCLIST,DIVIDED - W/MEDIAN (NOT RAISED),STRAIGHT AND LEVEL,DRY,INJURY AND / OR TOW DUE TO CRASH,MILWAUKEE AVE,41.9297986118,-87.7083701379,POINT (-87.708370137887 41.929798611849)
O1909488,NON-MOTOR VEHICLE,8de121e3d109663f5d715c69ec214491a86971b3db9df025902d4b384052e4fed7b70d7e5fce5fe152db9db7ece2ba5382eb9c5e9d127638e7aaf08fcad5f9d2,09/18/2024 02:55:00 PM,M,20.0,USAGE UNKNOWN,CROSSING - NO CONTROLS (NOT AT INTERSECTION),UNKNOWN/NA,TEST NOT OFFERED,,30,CLEAR,DAYLIGHT,OTHER OBJECT,NOT DIVIDED,STRAIGHT AND LEVEL,DRY,INJURY AND / OR TOW DUE TO CRASH,AUSTIN AVE,41.9439857298,-87.7765774602,POINT (-87.776577460197 41.943985729777)
O1910955,NON-MOTOR VEHICLE,2f5a656ad6a122f8e09016b43e97378d21dd29ae94c88404a7a837c7284aeb89aa233451bc65b454b9b30012ef0e852dc102bd3156c6bf807f40adf4b7cd55eb,09/18/2024 02:50:00 PM,,,NONE PRESENT,,,,,30,CLEAR,DAYLIGHT,FIXED OBJECT,DIVIDED - W/MEDIAN BARRIER,STRAIGHT AND LEVEL,DRY,NO INJURY / DRIVE AWAY,LAKE SHORE DR SB,41.9620271555,-87.6466396613,POINT (-87.64663966128 41.962027155537)
O1909338,BICYCLE,d3d79b8b377e80c03b1c8f335de09fab99f8430bcac285878e2724e47c277726eb6440b0c907d01e8b31b01eff0bc5262a04d09909bb41fb30db8638f8029a24,09/18/2024 01:40:00 PM,M,69.0,HELMET NOT USED,AGAINST TRAFFIC,IN ROADWAY,TEST NOT OFFERED,,30,CLEAR,DAYLIGHT,PEDALCYCLIST,DIVIDED - W/MEDIAN (NOT RAISED),STRAIGHT AND LEVEL,DRY,NO INJURY / DRIVE AWAY,IRVING PARK RD,41.9535544384,-87.7450553112,POINT (-87.745055311195 41.953554438404)
O1909255,BICYCLE,1b543e6c23cc278ee06284a22b6bde007f826411e11b018396c5737b2acf8dc22bde87a7ab3ee09fdf83cefa4e746206ab8fc40a4a235316afc9f92e84fa830f,09/18/2024 12:00:00 PM,F,64.0,HELMET NOT USED,OTHER ACTION,NOT IN ROADWAY,TEST NOT OFFERED,,15,CLEAR,DAYLIGHT,PEDALCYCLIST,ALLEY,STRAIGHT AND LEVEL,DRY,INJURY AND / OR TOW DUE TO CRASH,CATALPA AVE,41.9811893136,-87.698523015,POINT (-87.698523014964 41.981189313649)
O1909185,BICYCLE,fe97f1f7597914989665785a4f32817b4c7a96cf394f3da54d0dcf8b469e5c89b282894aa9b491b6cde8761dd67215a60351a6afa93aa5468d16e53dcff9c7d8,09/18/2024 09:50:00 AM,M,45.0,HELMET NOT USED,CROSSING - NO CONTROLS (NOT AT INTERSECTION),DRIVEWAY ACCESS,TEST NOT OFFERED,,30,CLEAR,DAYLIGHT,PEDALCYCLIST,PARKING LOT,STRAIGHT AND LEVEL,DRY,INJURY AND / OR TOW DUE TO CRASH,ADDISON ST,41.9467004409,-87.7108635816,POINT (-87.710863581633 41.946700440917)
O1909140,BICYCLE,24a1189ba335f811737386db3de41e595e6a0cef537796daebe66939d39bd02eae75f40f7572c79cfe34c83cb3b32bc842aaa9db0cc36ae5509853e159223371,09/18/2024 09:00:00 AM,M,33.0,BICYCLE HELMET (PEDACYCLIST INVOLVED ONLY),NO ACTION,BIKE LANE,TEST NOT OFFERED,,25,CLEAR,DAYLIGHT,OTHER NONCOLLISION,DIVIDED - W/MEDIAN (NOT RAISED),STRAIGHT AND LEVEL,DRY,INJURY AND / OR TOW DUE TO CRASH,AUGUSTA BLVD,41.8994311256,-87.6778053308,POINT (-87.67780533081 41.899431125614)
O1909160,BICYCLE,f9d89a3b0fbc2f5803963ce34eaa9ee8d639ef5b6896fa8115290b4eeb3902ca6bed0b243baceab85f5f15e0e77962d85e40c32c70f8a833554928063090e8e1,09/18/2024 08:11:00 AM,F,16.0,HELMET NOT USED,CROSSING - NO CONTROLS (NOT AT INTERSECTION),IN ROADWAY,TEST NOT OFFERED,,30,CLEAR,DAYLIGHT,PEDALCYCLIST,ALLEY,STRAIGHT AND LEVEL,DRY,INJURY AND / OR TOW DUE TO CRASH,LONG AVE,41.9182306763,-87.7607313523,POINT (-87.760731352281 41.918230676323)
O1909054,BICYCLE,7279399a5050f0c5699d8f0fac115bdf302cccb4b3e240df7d3ba4535f9b405b3a848691d094eb60dbaed230b6a621946f128cbaa8e6225d3a83781294c69d76,09/18/2024 07:30:00 AM,M,48.0,HELMET NOT USED,OTHER ACTION,IN ROADWAY,TEST NOT OFFERED,,30,CLEAR,DAYLIGHT,PEDALCYCLIST,NOT DIVIDED,STRAIGHT AND LEVEL,DRY,INJURY AND / OR TOW DUE TO CRASH,115TH ST,41.6845901524,-87.6853222248,POINT (-87.685322224768 41.684590152352)
O1909042,BICYCLE,f3760f50e75aeeb99d0250eec438b6d6d5f779921deeae754e221161492686018cf01f37c1c8b02de49fda76a3d1a42ef6aa55dd7e3ace623a65ab497a328c43,09/18/2024 06:50:00 AM,M,50.0,BICYCLE HELMET (PEDACYCLIST INVOLVED ONLY),WITH TRAFFIC,IN ROADWAY,TEST NOT OFFERED,,30,CLEAR,DAYLIGHT,PEDALCYCLIST,FOUR WAY,STRAIGHT AND LEVEL,DRY,INJURY AND / OR TOW DUE TO CRASH,CERMAK RD,41.8521728746,-87.6831298392,POINT (-87.683129839165 41.852172874602)
O1909027,NON-MOTOR VEHICLE,2355aad8cb8a38edffac49bbca8a46aaf99385ba0280d284927029975b0cb796acb525eaa87eca99847d9ac351a87859d6954671815b6f3e1680f202690805f9,09/18/2024 03:20:00 AM,M,43.0,NONE PRESENT,,,TEST NOT OFFERED,Y,30,CLEAR,"DARKNESS, LIGHTED ROAD",FIXED OBJECT,NOT DIVIDED,STRAIGHT AND LEVEL,DRY,INJURY AND / OR TOW DUE TO CRASH,LARAMIE AVE,41.8843827575,-87.7553594629,POINT (-87.755359462944 41.884382757514)
O1908974,NON-MOTOR VEHICLE,a4b8351e98f549c2564914ba51cdaedad58f37e33711dda257c2e97372ed2442ccf442a0427a5843787bf108ca8485cb003305204f11eac0d9bb21ee3cc6813c,09/17/2024 06:45:00 PM,,,,,,TEST NOT OFFERED,,30,CLEAR,DAYLIGHT,OTHER OBJECT,PARKING LOT,STRAIGHT AND LEVEL,DRY,NO INJURY / DRIVE AWAY,KIMBALL AVE,41.9393196632,-87.7126412851,POINT (-87.712641285082 41.939319663188)
O1908983,BICYCLE,31535763ea303b81c1dc68413f7dd550750d6f70a8a5ba0fc5612f2132a449585272f81db12c635a189a45babf6406e25ac8d0c6270a3615aca46cf85284f488,09/17/2024 06:06:00 PM,F,10.0,HELMET NOT USED,CROSSING - NO CONTROLS (AT INTERSECTION),IN CROSSWALK,TEST NOT OFFERED,,30,CLEAR,"DARKNESS, LIGHTED ROAD",PEDALCYCLIST,FOUR WAY,STRAIGHT AND LEVEL,DRY,INJURY AND / OR TOW DUE TO CRASH,MORSE AVE,42.007816519,-87.6649677627,POINT (-87.664967762745 42.007816518979)
O1908829,BICYCLE,c961065cb80b9d3913cd91ca1e4f3993ccf2f99d40ecce31d16c12958e6ba0b92436953d92c3a1ba84113a35870a799c4e5c4f774722cace0f699d041b4810de,09/17/2024 05:44:00 PM,M,24.0,HELMET NOT USED,CROSSING - CONTROLS PRESENT (NOT AT INTERSECTION),BIKEWAY,TEST NOT OFFERED,,30,CLEAR,DAYLIGHT,PEDALCYCLIST,NOT DIVIDED,STRAIGHT AND LEVEL,DRY,NO INJURY / DRIVE AWAY,WELLS ST,41.8963357343,-87.6343406345,POINT (-87.634340634473 41.896335734312)
O1908954,BICYCLE,b38f37b7f526bd441b9655687b1f0507cd7dac78e24d542754f529b0b05d8558cfc61cd5e9bbbc904e082986e9c39d3f27edf03035f25f6caf7b790661b7e45b,09/17/2024 05:27:00 PM,M,45.0,HELMET NOT USED,NO ACTION,IN ROADWAY,TEST NOT OFFERED,,20,CLEAR,"DARKNESS, LIGHTED ROAD",PEDALCYCLIST,DIVIDED - W/MEDIAN (NOT RAISED),STRAIGHT AND LEVEL,DRY,INJURY AND / OR TOW DUE TO CRASH,WILSON AVE,41.9654639527,-87.6604055937,POINT (-87.660405593694 41.965463952714)
O1908799,BICYCLE,c720ff85cb210cdbae69ac6f9ddde8d81acde00a4ea831dfce024b71b0ee706f2efc119f7539dc31822e1188130a001d04c9e4f4097ac6833c71e1fde73d1ccd,09/17/2024 05:13:00 PM,M,46.0,HELMET NOT USED,CROSSING - NO CONTROLS (AT INTERSECTION),IN CROSSWALK,TEST NOT OFFERED,,30,CLEAR,DAYLIGHT,PEDALCYCLIST,ONE-WAY,STRAIGHT AND LEVEL,DRY,INJURY AND / OR TOW DUE TO CRASH,83RD ST,41.7443975901,-87.5625350026,POINT (-87.562535002606 41.744397590077)
O1908690,NON-MOTOR VEHICLE,c045966e567a11ed188778da84035c61e9f36fd36deaebbc76c8e208a65ec8ec8c317e0ebc77f1e553c7a1e2fb659d28d354e9efeed010409ba6f1840a42ba63,09/17/2024 04:10:00 PM,M,,NONE PRESENT,AGAINST TRAFFIC,SHOULDER,TEST NOT OFFERED,,35,CLEAR,DAYLIGHT,OTHER OBJECT,ONE-WAY,STRAIGHT AND LEVEL,DRY,NO INJURY / DRIVE AWAY,NORTH AVE,41.909842058,-87.7377979693,POINT (-87.737797969282 41.909842057966)
O1908781,BICYCLE,17a8ab5a0d383865927aa8e3d1141b6b8dadb1b46add51dc5331a87e17f8baafdb36e62ae9859f7c74c62310d0a44e2e1d91af1007b24b3d2ec872c47243ace6,09/17/2024 03:44:00 PM,M,20.0,HELMET NOT USED,TURNING LEFT,IN ROADWAY,TEST NOT OFFERED,,30,CLEAR,DAYLIGHT,PEDALCYCLIST,NOT DIVIDED,STRAIGHT AND LEVEL,DRY,INJURY AND / OR TOW DUE TO CRASH,MILWAUKEE AVE,41.9191508917,-87.6914384857,POINT (-87.691438485695 41.919150891668)
O1908658,BICYCLE,66218a045218df1765aa0fc1b7641e17224f5d352f5f1b57f246571eee6e155223df7b3410da1c63bf8cdd5de70c0d763e98d6941327d65ddf9adf476eb845d8,09/17/2024 02:19:00 PM,F,33.0,HELMET NOT USED,OTHER ACTION,IN CROSSWALK,TEST NOT OFFERED,,30,CLEAR,DAYLIGHT,PEDALCYCLIST,PARKING LOT,STRAIGHT AND LEVEL,DRY,INJURY AND / OR TOW DUE TO CRASH,WESTERN AVE,41.8010528356,-87.6843676488,POINT (-87.684367648824 41.801052835623)
O1910053,BICYCLE,0935ecf2df9d93219847f1152c37d3e62fde734936fa00963bec0152b94ddb37de77b3c91e3780848d9eeb95d6a585506fabde9329cd7c0395a09a908986ef45,09/17/2024 10:50:00 AM,M,20.0,HELMET NOT USED,NO ACTION,BIKE LANE,TEST NOT OFFERED,,30,CLEAR,DAYLIGHT,PEDALCYCLIST,DIVIDED - W/MEDIAN (NOT RAISED),STRAIGHT AND LEVEL,DRY,INJURY AND / OR TOW DUE TO CRASH,TAYLOR ST,41.8693711759,-87.6527808218,POINT (-87.652780821821 41.869371175922)
O1908458,BICYCLE,b5e16a4d9146cbc64b7782b41e890b32839bf09ec1ab4f52c5cb91079e655ff824f8ae37e71d9aa2fdb410bf76a752463789f221247e09cffae74d80f0d86b37,09/17/2024 08:49:00 AM,M,36.0,BICYCLE HELMET (PEDACYCLIST INVOLVED ONLY),CROSSING - NO CONTROLS (AT INTERSECTION),BIKE LANE,TEST NOT OFFERED,,30,CLEAR,DAYLIGHT,PEDALCYCLIST,T-INTERSECTION,STRAIGHT AND LEVEL,DRY,INJURY AND / OR TOW DUE TO CRASH,IRVING PARK RD,41.9535305633,-87.7472243588,POINT (-87.747224358827 41.953530563276)
O1908323,BICYCLE,084956220e2290ad6035dabf788ab554aeef7958001df182700aba1144c7eb7362b3b4b44d72cc1a52844a148279968bb7a7ff5383d33c779032b264993fbee5,09/17/2024 07:05:00 AM,M,54.0,HELMET NOT USED,CROSSING - NO CONTROLS (AT INTERSECTION),IN ROADWAY,TEST NOT OFFERED,,35,CLEAR,DAYLIGHT,PEDALCYCLIST,T-INTERSECTION,STRAIGHT AND LEVEL,DRY,INJURY AND / OR TOW DUE TO CRASH,KEYSTONE AVE,41.9829055123,-87.7297978257,POINT (-87.729797825652 41.982905512282)
O1948273,BICYCLE,751f3f12d4b9c6a026a204cc0f8cb26bdd20258dcc01163119280121efbdf4a7cfb9d6881dcd70032669ffa28cdc354e9ca429b694cfc35c5a03c1d33daa5778,09/17/2024 07:00:00 AM,M,52.0,HELMET NOT USED,TURNING LEFT,UNKNOWN/NA,TEST NOT OFFERED,,30,UNKNOWN,UNKNOWN,PEDALCYCLIST,DIVIDED - W/MEDIAN (NOT RAISED),STRAIGHT AND LEVEL,UNKNOWN,INJURY AND / OR TOW DUE TO CRASH,FULLERTON AVE,41.9239353352,-87.7757795619,POINT (-87.775779561919 41.923935335172)
O1908286,BICYCLE,463af02fb7c0d2ce5e56c90093f70cacdc31d8dabf8aca1d7779b1d6308e431d7cb0630c0cc753c2147e3469db4345a5893a5dc56c50e224cdf98a388e0d9f1c,09/16/2024 11:29:00 PM,,,HELMET NOT USED,CROSSING - NO CONTROLS (AT INTERSECTION),IN CROSSWALK,,,30,CLEAR,"DARKNESS, LIGHTED ROAD",PEDALCYCLIST,NOT DIVIDED,STRAIGHT AND LEVEL,DRY,NO INJURY / DRIVE AWAY,DEVON AVE,41.997668184,-87.6871472506,POINT (-87.687147250602 41.997668184036)
O1908280,BICYCLE,8994c5bb347a30b4c181a35d1c30f8e2b115f226ac0fa774cfeb2380fdbb6626a4fd5451e36de5276951058587500470f2a14c8f924c54c59139ce3678ce8959,09/16/2024 10:29:00 PM,M,30.0,BICYCLE HELMET (PEDACYCLIST INVOLVED ONLY),WITH TRAFFIC,IN ROADWAY,TEST NOT OFFERED,,30,CLEAR,"DARKNESS, LIGHTED ROAD",PEDALCYCLIST,FOUR WAY,STRAIGHT AND LEVEL,DRY,INJURY AND / OR TOW DUE TO CRASH,HALSTED ST,41.9326915863,-87.648863848,POINT (-87.64886384799 41.932691586323)
O1908258,BICYCLE,548d1d77bd7ccb1a14a0258424141529a2d9b1fbf8e67ec655909a38036c87ce4d8b30124bbfff4d6c3a78b8ff130430d6af16358e6cb14ea778dabcf173a53a,09/16/2024 09:10:00 PM,M,34.0,HELMET NOT USED,WITH TRAFFIC,BIKE LANE,TEST NOT OFFERED,,30,CLEAR,"DARKNESS, LIGHTED ROAD",PEDALCYCLIST,DIVIDED - W/MEDIAN (NOT RAISED),STRAIGHT AND LEVEL,DRY,INJURY AND / OR TOW DUE TO CRASH,LAWRENCE AVE,41.9683991906,-87.723551158,POINT (-87.723551157969 41.968399190583)
O1908256,BICYCLE,908c45b43a82d258d543d196fd6eb5fd9cfdc0edbd661a5a786f1aff81a26d6d8ec9abaf49ccac6ac227fee6aaed75fe8e55d271230537f2446f5c6167f3e2db,09/16/2024 09:03:00 PM,M,53.0,HELMET NOT USED,CROSSING - WITH SIGNAL,IN ROADWAY,TEST NOT OFFERED,,35,CLEAR,DARKNESS,PEDALCYCLIST,DIVIDED - W/MEDIAN (NOT RAISED),STRAIGHT AND LEVEL,DRY,INJURY AND / OR TOW DUE TO CRASH,LINCOLN AVE,41.9165044407,-87.6364662029,POINT (-87.636466202887 41.916504440658)
O1908160,BICYCLE,79652f04d769156896c56dcdd041795113a88e69774f4fad77ce9eef6a0f04a3003c1d1ccca1eac4f884f65dd96eeea0a9e7be9b6fa72cd69dae5c2e6220466d,09/16/2024 06:00:00 PM,M,23.0,HELMET NOT USED,WITH TRAFFIC,IN ROADWAY,TEST NOT OFFERED,,30,CLEAR,DAYLIGHT,PEDALCYCLIST,NOT DIVIDED,STRAIGHT AND LEVEL,DRY,NO INJURY / DRIVE AWAY,HALSTED ST,41.9493261511,-87.6494018006,POINT (-87.64940180063 41.949326151061)
O1908027,BICYCLE,9c702a54bbc1af315b46ac3b1a39c449d12cb0e7d6ecd3181faf3b1974bae8b5b879b4a486fa70973e9127ac0bfd68ea55addd76ab0ce99e0747e93733350a1b,09/16/2024 04:00:00 PM,M,30.0,HELMET NOT USED,WITH TRAFFIC,BIKE LANE,TEST NOT OFFERED,,30,CLEAR,DAYLIGHT,PARKED MOTOR VEHICLE,NOT DIVIDED,STRAIGHT AND LEVEL,DRY,INJURY AND / OR TOW DUE TO CRASH,HALSTED ST,41.9308998968,-87.648803203,POINT (-87.648803203039 41.930899896796)
O1917965,BICYCLE,c050395f16bbafe677db4eb684ab12d4346713f69852e57c4ce999a52fe4029f53c6361b10738df8cdf090c5bc824841fbaf7b09486071a9dc39149a4d2c130c,09/16/2024 12:04:00 PM,F,33.0,BICYCLE HELMET (PEDACYCLIST INVOLVED ONLY),CROSSING - NO CONTROLS (AT INTERSECTION),IN ROADWAY,TEST NOT OFFERED,,30,CLEAR,DAYLIGHT,PEDALCYCLIST,FOUR WAY,STRAIGHT AND LEVEL,DRY,INJURY AND / OR TOW DUE TO CRASH,RACINE AVE,41.9362390076,-87.6589875371,POINT (-87.658987537149 41.936239007605)
O1907908,BICYCLE,0a2220197cb056b65d84549d74606fadf64074dde89b24258b78e88022cad8e73d1c390a1695520d929d0088ee851d7a4d2e510493bdf411e315b1e758ebe040,09/16/2024 11:30:00 AM,M,35.0,BICYCLE HELMET (PEDACYCLIST INVOLVED ONLY),CROSSING - WITH SIGNAL,IN CROSSWALK,TEST NOT OFFERED,,45,CLEAR,DAYLIGHT,PEDALCYCLIST,DIVIDED - W/MEDIAN BARRIER,STRAIGHT AND LEVEL,DRY,INJURY AND / OR TOW DUE TO CRASH,LAKE SHORE DR SB,41.8806284153,-87.6171040416,POINT (-87.617104041612 41.880628415306)