PERSON_ID,PERSON_TYPE,CRASH_RECORD_ID,CRASH_DATE_x,SEX,AGE,SAFETY_EQUIPMENT,PEDPEDAL_ACTION,PEDPEDAL_LOCATION,BAC_RESULT,CRASH_DATE_EST_I,POSTED_SPEED_LIMIT,WEATHER_CONDITION,LIGHTING_CONDITION,FIRST_CRASH_TYPE,TRAFFICWAY_TYPE,ALIGNMENT,ROADWAY_SURFACE_COND,CRASH_TYPE,STREET_NAME,LATITUDE,LONGITUDE,LOCATION
O1907935,NON-MOTOR VEHICLE,5b00db727bf9d0d42a6548616d1c4d9f7c357cd0e7e7664d6158b3cbc4bb72ba80c61210e964fa00db0c1048321691310a8f94400ec78f0439b727ed3045bf30,09/16/2024 09:00:00 AM,X,,NONE PRESENT,,,TEST NOT OFFERED,,30,CLEAR,DAYLIGHT,OTHER OBJECT,NOT DIVIDED,STRAIGHT AND LEVEL,UNKNOWN,NO INJURY / DRIVE AWAY,WESTERN AVE,41.8411101754,-87.6854255447,POINT (-87.685425544687 41.841110175378)
O1907592,BICYCLE,64b99a9f508062b1b57d0610d9be1627a332d9b7854ad5eff284a246865da9cd51080ea244012662fe74a124ad01f8f7ce00e2a2606e8d3ddb3bdc8b04de7535,09/16/2024 08:25:00 AM,F,31.0,BICYCLE HELMET (PEDACYCLIST INVOLVED ONLY),WITH TRAFFIC,BIKE LANE,TEST NOT OFFERED,,30,CLEAR,DAYLIGHT,PEDALCYCLIST,NOT DIVIDED,STRAIGHT AND LEVEL,DRY,INJURY AND / OR TOW DUE TO CRASH,DAMEN AVE,41.9557763143,-87.6789511404,POINT (-87.678951140394 41.95577631432)
O1907540,BICYCLE,dcc83a486a0625c7232e3dc6f73e2fb19cbce7d32e062d2e6a750f866d8e45c0ce029ba87e7c2ecfbf0c08b1dbcd9e781b06461450d087def56ee0a3fe539501,09/16/2024 07:00:00 AM,M,39.0,BICYCLE HELMET (PEDACYCLIST INVOLVED ONLY),NO ACTION,IN ROADWAY,TEST NOT OFFERED,,30,CLEAR,DAYLIGHT,PEDALCYCLIST,DIVIDED - W/MEDIAN (NOT RAISED),STRAIGHT AND LEVEL,DRY,INJURY AND / OR TOW DUE TO CRASH,ELSTON AVE,41.9282040802,-87.6822548266,POINT (-87.682254826596 41.928204080164)
O1907188,BICYCLE,837ec47e11ca591e01b84a951d5edc29b51da6216b7276a5bf426ea25d780c87cdee65ac7412f0ebe30f7b4dc0c80f3e7d91e80a99773057e3f9af2986a095f0,09/15/2024 04:30:00 PM,M,14.0,HELMET NOT USED,CROSSING - AGAINST SIGNAL,IN CROSSWALK,TEST NOT OFFERED,,30,CLEAR,DAYLIGHT,PEDALCYCLIST,NOT DIVIDED,STRAIGHT ON GRADE,DRY,NO INJURY / DRIVE AWAY,103RD ST,41.7060693658,-87.701262828,POINT (-87.701262827972 41.706069365849)
O1907250,BICYCLE,563e4294a2e21e68591c178a00099fd435fc4d0a8d40ed08d6e8c49f0605187367a7f48bec6e37fc6f0ef8073c259270248d67cd288a80ccb07581790dc376d6,09/15/2024 03:45:00 PM,M,,HELMET NOT USED,WITH TRAFFIC,IN ROADWAY,TEST NOT OFFERED,,25,CLEAR,DAYLIGHT,PEDALCYCLIST,NOT DIVIDED,STRAIGHT AND LEVEL,DRY,NO INJURY / DRIVE AWAY,GLENWOOD AVE,41.9964732528,-87.6654883565,POINT (-87.665488356469 41.996473252752)
O1911861,BICYCLE,e6bbcfd2d55f7c331202d8a670425c97c68f0d905a5bf64fd994a9f19b5cf0233399ac92005131e8ffd6e0bea9b327edda5b6aa35ceffebb8e08d9950e83c1f2,09/15/2024 07:00:00 AM,F,71.0,BICYCLE HELMET (PEDACYCLIST INVOLVED ONLY),WITH TRAFFIC,UNKNOWN/NA,TEST NOT OFFERED,,30,CLEAR,DAYLIGHT,PEDALCYCLIST,NOT DIVIDED,STRAIGHT AND LEVEL,DRY,INJURY AND / OR TOW DUE TO CRASH,PETERSON AVE,41.9906090098,-87.6897354809,POINT (-87.68973548093 41.990609009807)
O1906870,BICYCLE,8b53cf97d4e0177b300d4bfa0aeba17be85c82371c5993db766c2a12f26f83da6e5e0e9c33941676ac12a12aeed09cfd648a503102afa9c3c9d8d215402ea0b3,09/15/2024 02:00:00 AM,M,25.0,HELMET NOT USED,NO ACTION,IN ROADWAY,TEST NOT OFFERED,,30,CLEAR,"DARKNESS, LIGHTED ROAD",PEDALCYCLIST,DIVIDED - W/MEDIAN BARRIER,STRAIGHT AND LEVEL,DRY,INJURY AND / OR TOW DUE TO CRASH,CUMBERLAND AVE,41.9503083327,-87.8367759428,POINT (-87.836775942814 41.95030833267)
O1906705,BICYCLE,65c821a1c4315ba227196d0549ac6b57debd75ddcae97033c55de85d5a929b84e218c8216a7025d244926a6dde970ff7a94ef08c8f1871671197aa64ab52fc4a,09/14/2024 09:59:00 PM,M,62.0,HELMET NOT USED,CROSSING - NO CONTROLS (AT INTERSECTION),IN CROSSWALK,TEST NOT OFFERED,,30,CLEAR,"DARKNESS, LIGHTED ROAD",PEDALCYCLIST,NOT DIVIDED,STRAIGHT AND LEVEL,DRY,INJURY AND / OR TOW DUE TO CRASH,ELSTON AVE,41.9645217512,-87.7351337874,POINT (-87.735133787396 41.964521751211)
O1906679,BICYCLE,43b01947bf58ce2dac47ee7e80b1bb4a7b319269c6a395349945aa56afd41342ca30d6830f1e1be3cfe036fd63a6559db282a007f93e98bb13128134f737e29f,09/14/2024 09:00:00 PM,F,57.0,HELMET NOT USED,CROSSING - NO CONTROLS (NOT AT INTERSECTION),IN ROADWAY,,,25,CLEAR,DAYLIGHT,PEDALCYCLIST,FOUR WAY,STRAIGHT AND LEVEL,DRY,NO INJURY / DRIVE AWAY,CONSTANCE AVE,41.7623780092,-87.5803637118,POINT (-87.580363711802 41.762378009183)
O1906658,BICYCLE,efeda3d086ee40eec21c4b8a62d1a785b7425153bbd01acf1080dd2182438429ad3983ba290f0f737826ea8cb701a832684c8cce59f7ee9d33d929ade0b09a2a,09/14/2024 08:05:00 PM,M,59.0,BICYCLE HELMET (PEDACYCLIST INVOLVED ONLY),CROSSING - WITH SIGNAL,BIKEWAY,TEST NOT OFFERED,,30,CLEAR,"DARKNESS, LIGHTED ROAD",PEDALCYCLIST,NOT DIVIDED,STRAIGHT AND LEVEL,DRY,INJURY AND / OR TOW DUE TO CRASH,TOUHY AVE,42.0121695803,-87.6903759859,POINT (-87.690375985937 42.012169580303)
O1907330,NON-MOTOR VEHICLE,9d640e7f13ecdada0cec8a7fb8b50be6e8722629b22dc973b5db60df23147ba8dd372223513e023366f9da5e8c52840c69f2ac4d3d6a79013ba2d5b791140798,09/14/2024 08:00:00 PM,M,28.0,NONE PRESENT,WITH TRAFFIC,IN CROSSWALK,TEST NOT OFFERED,,30,CLEAR,"DARKNESS, LIGHTED ROAD",OTHER OBJECT,DIVIDED - W/MEDIAN (NOT RAISED),STRAIGHT AND LEVEL,DRY,INJURY AND / OR TOW DUE TO CRASH,59TH ST,41.7864359925,-87.6985363097,POINT (-87.698536309662 41.786435992467)
O1906855,BICYCLE,e40e0718d4d273accda898bd756eb10902a2132410ae11acdfa616cb680f0401f8f621d7df9985e9c572ab0ad6699709a92839a50555ffd274b447ad75be4fed,09/14/2024 06:10:00 PM,M,58.0,HELMET NOT USED,UNKNOWN/NA,IN ROADWAY,TEST NOT OFFERED,,30,CLEAR,DAYLIGHT,PEDALCYCLIST,FOUR WAY,STRAIGHT AND LEVEL,DRY,INJURY AND / OR TOW DUE TO CRASH,55TH ST,41.7931632864,-87.7403795818,POINT (-87.740379581785 41.793163286443)
O1907502,BICYCLE,7b501e1580adc7bab3d6f9bc3b8ff887c0c5498129b37371a773064a232850092345c9169f33a4d676351d4a007975b33bcd555ea28277b45ecad7eda71a593b,09/14/2024 04:55:00 PM,M,28.0,HELMET NOT USED,CROSSING - NO CONTROLS (AT INTERSECTION),IN ROADWAY,TEST NOT OFFERED,,30,CLEAR,DAYLIGHT,PEDALCYCLIST,FOUR WAY,STRAIGHT AND LEVEL,DRY,INJURY AND / OR TOW DUE TO CRASH,SPRINGFIELD AVE,41.7931891851,-87.7208566153,POINT (-87.720856615302 41.793189185099)
O1906403,BICYCLE,659cf917f5b7b042f1f6926231cd6ec452fa19515fb0880091ac6c9d9d24d05ffa693e9c67c305a289fbf44e154c6541613154216a45b4df23dad982e349ab8b,09/14/2024 01:45:00 PM,M,41.0,BICYCLE HELMET (PEDACYCLIST INVOLVED ONLY),WITH TRAFFIC,IN ROADWAY,"TEST PERFORMED, RESULTS UNKNOWN",,25,CLEAR,DAYLIGHT,PEDALCYCLIST,NOT DIVIDED,STRAIGHT AND LEVEL,DRY,NO INJURY / DRIVE AWAY,MONTROSE AVE,41.9616138064,-87.6752863859,POINT (-87.675286385943 41.961613806375)
O1906268,BICYCLE,ce2bb576111c08c7dd09dc2a8e05ec11f8d1666e1e86100dfe796ec01fdbf65efba551e2dc283b7469f942717ddcba6c6ae4b59a88184b8459de2c66edd81166,09/14/2024 11:10:00 AM,M,40.0,BICYCLE HELMET (PEDACYCLIST INVOLVED ONLY),UNKNOWN/NA,BIKE LANE,TEST NOT OFFERED,,25,CLEAR,DAYLIGHT,PEDALCYCLIST,NOT DIVIDED,STRAIGHT AND LEVEL,DRY,NO INJURY / DRIVE AWAY,LINCOLN AVE,41.9242928998,-87.6469369368,POINT (-87.646936936804 41.924292899837)
O1906137,BICYCLE,f85c1717be23ce9cf301f62fba694a2b19de426be5a514e7cae395bdba167c8d41651af17b81afdf3ead8200e6d721d321818a7a0651aa07edc52b4d0c3a10fe,09/14/2024 05:15:00 AM,M,,HELMET NOT USED,CROSSING - WITH SIGNAL,NOT IN ROADWAY,TEST NOT OFFERED,,30,CLEAR,DARKNESS,PEDALCYCLIST,FOUR WAY,STRAIGHT AND LEVEL,DRY,INJURY AND / OR TOW DUE TO CRASH,WRIGHTWOOD AVE,41.9278859614,-87.7564079054,POINT (-87.756407905403 41.927885961373)
O1906005,BICYCLE,4e43dd3c98027a33a0a6a00fa5fcf4d4d772d7e67b89cbcd76f008f7d5dc4c0a8533c9cfbfd76bf1ebe03abf179d78c0836e9338708bf8d499d0126dbd7c95e2,09/13/2024 11:06:00 PM,F,24.0,HELMET NOT USED,TURNING RIGHT,BIKE LANE,TEST NOT OFFERED,,30,CLEAR,"DARKNESS, LIGHTED ROAD",PEDALCYCLIST,DIVIDED - W/MEDIAN (NOT RAISED),STRAIGHT AND LEVEL,DRY,INJURY AND / OR TOW DUE TO CRASH,DIVISION ST,41.9031248989,-87.6870709642,POINT (-87.68707096423 41.903124898943)
O1905991,BICYCLE,15e4a3dda0dafaee44b2a2a604fb4adf10d8da243eb9006afb55eed0161b8984e67257758ca750cbc9566ba3e8b9b8f204cea52165163ffaee556749f89b5b26,09/13/2024 10:08:00 PM,M,29.0,HELMET NOT USED,NO ACTION,BIKE LANE,TEST NOT OFFERED,,30,CLEAR,"DARKNESS, LIGHTED ROAD",PEDALCYCLIST,FOUR WAY,STRAIGHT AND LEVEL,DRY,INJURY AND / OR TOW DUE TO CRASH,DEARBORN ST,41.8916103043,-87.6295031435,POINT (-87.629503143485 41.891610304281)
O1905970,BICYCLE,650e94cead4462d802fce3c2b449955be2b6500f3d2df42bdeed13e9dd4c0320cd26f0e2f36164d10c6bb94b5c34a9675a3196a452f0433771a198839ab2f298,09/13/2024 10:01:00 PM,F,58.0,HELMET NOT USED,CROSSING - WITH SIGNAL,IN CROSSWALK,TEST NOT OFFERED,,30,CLEAR,DARKNESS,PEDALCYCLIST,FOUR WAY,STRAIGHT AND LEVEL,DRY,NO INJURY / DRIVE AWAY,CHICAGO AVE,41.8954767516,-87.7261443599,POINT (-87.726144359916 41.895476751637)
O1908058,NON-MOTOR VEHICLE,9703a590a48831e359888d60aacb29d9b147a1e320ef2050d92b8dd2b868ca05303ffc557cd26af9819ae1c448042a388511683e45a3c6accc5f333102bf35ee,09/13/2024 09:15:00 PM,M,23.0,HELMET NOT USED,CROSSING - WITH SIGNAL,IN CROSSWALK,TEST NOT OFFERED,,30,CLEAR,DARKNESS,OTHER OBJECT,DIVIDED - W/MEDIAN (NOT RAISED),STRAIGHT AND LEVEL,DRY,INJURY AND / OR TOW DUE TO CRASH,FOSTER AVE,41.9762914823,-87.6546452073,POINT (-87.654645207284 41.976291482315)
O1905913,BICYCLE,bbcab93ae83b214c7de84617f4ecd37ea05eca723a2d05eae59cf03633524d1175f802533665f6000bb5a190524b3e7c40a5df8558cf5662ca79f7f39b41f81b,09/13/2024 08:04:00 PM,M,49.0,HELMET NOT USED,CROSSING - WITH SIGNAL,IN CROSSWALK,TEST NOT OFFERED,,30,CLEAR,"DARKNESS, LIGHTED ROAD",PEDALCYCLIST,NOT DIVIDED,STRAIGHT AND LEVEL,DRY,INJURY AND / OR TOW DUE TO CRASH,PERSHING RD,41.8237543017,-87.6314028557,POINT (-87.631402855711 41.823754301696)
O1905779,BICYCLE,c5dcc9250ee5b20aeff519b441fb89c13112084c7b016e912c1ffc9514b5d89e9399e3f231f7f8b9edd33d2d6da65f2064277960d976abcbd45c5fcba5740413,09/13/2024 05:50:00 PM,M,13.0,BICYCLE HELMET (PEDACYCLIST INVOLVED ONLY),CROSSING - NO CONTROLS (AT INTERSECTION),IN CROSSWALK,TEST NOT OFFERED,,20,CLEAR,DAYLIGHT,PEDALCYCLIST,NOT DIVIDED,STRAIGHT AND LEVEL,DRY,INJURY AND / OR TOW DUE TO CRASH,LAWRENCE DR,41.9697750593,-87.6457591896,POINT (-87.645759189561 41.969775059335)
O1905777,BICYCLE,95ab57cfdf29de4e6e8bca0755ee4ec90aa48c07774e2f55cdab65af857d6acdc763ce2af8f4e86e3f4d588e08c848ab0d50f0914704ea12bea0f54f05d92641,09/13/2024 05:39:00 PM,M,67.0,BICYCLE HELMET (PEDACYCLIST INVOLVED ONLY),WITH TRAFFIC,IN ROADWAY,TEST NOT OFFERED,,25,CLEAR,DAYLIGHT,PEDALCYCLIST,NOT DIVIDED,STRAIGHT AND LEVEL,DRY,INJURY AND / OR TOW DUE TO CRASH,DIVISION ST,41.9039745519,-87.6337435603,POINT (-87.633743560304 41.903974551932)
O1905749,NON-MOTOR VEHICLE,2855212be314a4a341786d6a2975e8ca760ed28792e8841c8f9dce459aaeaf5869b51ad92c02490a406debbd5a629f094822e138ee86eee293a4e0fc61c643cb,09/13/2024 05:28:00 PM,M,22.0,HELMET NOT USED,CROSSING - NO CONTROLS (AT INTERSECTION),BIKE LANE,TEST NOT OFFERED,,30,CLEAR,DAYLIGHT,OTHER OBJECT,NOT DIVIDED,STRAIGHT AND LEVEL,DRY,NO INJURY / DRIVE AWAY,LAWRENCE AVE,41.9685245266,-87.7122111995,POINT (-87.712211199545 41.968524526613)
O1905817,BICYCLE,f3947de4b91d4e4d1d3cd32abc25b070f7741242001c7d6313cfcc1bd69d6ee9858d96c6c34eb8c0d040de604ae8ca4bd339bf467a4d9c42fdc758c2e712541b,09/13/2024 05:19:00 PM,M,38.0,HELMET NOT USED,WITH TRAFFIC,BIKEWAY,TEST NOT OFFERED,,30,CLEAR,DAYLIGHT,PEDALCYCLIST,DIVIDED - W/MEDIAN (NOT RAISED),STRAIGHT AND LEVEL,DRY,INJURY AND / OR TOW DUE TO CRASH,CLARK ST,41.928021011,-87.6420902599,POINT (-87.642090259856 41.92802101101)
O1905722,BICYCLE,e78a1960fce208bd33a9991ffadc369d4c3276dcaddb5732f066de18231cbe27a577564d76995a7dea18ea655907f719d051b1715a5cf62453738632666565ed,09/13/2024 04:37:00 PM,M,10.0,HELMET NOT USED,CROSSING - NO CONTROLS (AT INTERSECTION),UNKNOWN/NA,TEST NOT OFFERED,,30,CLEAR,DAYLIGHT,PEDALCYCLIST,OTHER,STRAIGHT AND LEVEL,DRY,INJURY AND / OR TOW DUE TO CRASH,WASHTENAW AVE,41.9976885195,-87.6973576631,POINT (-87.697357663078 41.997688519523)
O1905737,BICYCLE,7b89fa676c6fc0936236ae14dce6a36ba4761917ff8daacd931fa88149b74e3f251e8e2f830c65d1ec8cabae6c61792331af97b80b70903a861327014bb4a505,09/13/2024 03:39:00 PM,F,31.0,BICYCLE HELMET (PEDACYCLIST INVOLVED ONLY),WITH TRAFFIC,IN ROADWAY,TEST NOT OFFERED,,30,CLEAR,DAYLIGHT,PEDALCYCLIST,NOT DIVIDED,STRAIGHT AND LEVEL,DRY,INJURY AND / OR TOW DUE TO CRASH,WESTERN AVE,41.9691969489,-87.688775681,POINT (-87.688775680952 41.969196948856)
O1905740,BICYCLE,6214460d7a544ddf563b15fec77737f930e739f66281b771c516e2611e49c4b982101981f323ae13acf54ae31e6bcf857bdb250c085373e1171a1e1316d4922a,09/13/2024 03:30:00 PM,M,48.0,HELMET NOT USED,CROSSING - WITH SIGNAL,NOT IN ROADWAY,"TEST PERFORMED, RESULTS UNKNOWN",,30,CLEAR,DAYLIGHT,PEDALCYCLIST,FOUR WAY,STRAIGHT AND LEVEL,DRY,INJURY AND / OR TOW DUE TO CRASH,DR MARTIN LUTHER KING JR DR,41.7338066093,-87.6146031047,POINT (-87.6146031047 41.733806609318)
O1905562,BICYCLE,8b48e1c9911d1c292b751ad5e97888c045f48a13d2b12f02d0d4192531b61d5379fe2a8341678d7695607ab8454dbb49cbddd22da8deb8ab292da1559de34fe2,09/13/2024 01:15:00 PM,F,51.0,HELMET NOT USED,AGAINST TRAFFIC,IN ROADWAY,TEST NOT OFFERED,,30,CLEAR,DAYLIGHT,PEDALCYCLIST,NOT DIVIDED,STRAIGHT AND LEVEL,DRY,INJURY AND / OR TOW DUE TO CRASH,KEDZIE AVE,41.8381141517,-87.7049944648,POINT (-87.704994464765 41.838114151734)
O1905447,BICYCLE,0bf7dc9fdd3719c95f90105bd42ace7bccb428b0c89a19907378d348c12dc7eeebb016f7151514d369cc231db29b04921ad47f930d7b656b84af1c6950ae8116,09/13/2024 11:04:00 AM,M,46.0,HELMET NOT USED,AGAINST TRAFFIC,IN ROADWAY,TEST NOT OFFERED,,30,CLEAR,DAYLIGHT,PEDALCYCLIST,NOT DIVIDED,STRAIGHT AND LEVEL,DRY,INJURY AND / OR TOW DUE TO CRASH,TAYLOR ST,41.869121126,-87.6959259459,POINT (-87.695925945855 41.869121125987)
O1905161,BICYCLE,0061ba6079e75355898654122a34b659452bfc1d6a8c615e6c820b138c91cb930688d5c2186e85e07421cfa01ea8c88c97af094b348ed0c79f7bb719daf63ff8,09/12/2024 08:20:00 PM,F,33.0,BICYCLE HELMET (PEDACYCLIST INVOLVED ONLY),CROSSING - NO CONTROLS (NOT AT INTERSECTION),NOT IN ROADWAY,TEST NOT OFFERED,,30,CLEAR,"DARKNESS, LIGHTED ROAD",PEDALCYCLIST,ALLEY,STRAIGHT AND LEVEL,DRY,NO INJURY / DRIVE AWAY,DAMEN AVE,41.8577059089,-87.67614266,POINT (-87.676142659962 41.857705908887)
O1953417,BICYCLE,82c504ecd797bf780de1a9272daba7ade01cb276819074532db1e97843a0e649828af5876e606ccb291d609f615bb0d4e363ddeb163d566d5f9f04e6d6cb3028,09/12/2024 07:15:00 PM,F,14.0,HELMET NOT USED,OTHER ACTION,BIKE LANE,TEST NOT OFFERED,,30,CLEAR,DARKNESS,PEDALCYCLIST,NOT DIVIDED,STRAIGHT AND LEVEL,DRY,INJURY AND / OR TOW DUE TO CRASH,LOOMIS ST,41.8675814155,-87.6617498224,POINT (-87.66174982237 41.867581415507)
O1905141,BICYCLE,49cce495adafa17f8f7bf6f97bc3d92380bae864bfd6c5f01a761b0743ec83cdacef27a73b8216fc44bd415422c0e03ceeadc08bbbb5c3eefe0ee27bcbf385a9,09/12/2024 07:00:00 PM,M,40.0,HELMET NOT USED,NOT AT INTERSECTION,BIKEWAY,TEST NOT OFFERED,Y,30,CLEAR,"DARKNESS, LIGHTED ROAD",PEDALCYCLIST,ALLEY,STRAIGHT AND LEVEL,DRY,INJURY AND / OR TOW DUE TO CRASH,CLARK ST,41.9934794165,-87.6699819908,POINT (-87.669981990841 41.993479416508)
O1916944,BICYCLE,25f88161fce901469a85aed65b1dbc7117da61e957e88409edadff45b0c550f9999550482dfa8164e14b5a015b23958de24660025c0ff55cf3e25d2b025d9e4d,09/12/2024 06:30:00 PM,F,21.0,HELMET NOT USED,UNKNOWN/NA,BIKE LANE,,,30,CLEAR,DAYLIGHT,PEDALCYCLIST,NOT DIVIDED,STRAIGHT AND LEVEL,DRY,INJURY AND / OR TOW DUE TO CRASH,ARMITAGE AVE,41.917270399,-87.726989009,POINT (-87.726989009005 41.917270398996)
O1905118,BICYCLE,536f793dc41b39b5c8f6ec7bec4cc6858e172ccb6c98c655b857cb8e92f86d5a84b75c99fa1511fc03776a8797d9ea9f8ed1a75f6992db1a8fd617bad6b69e51,09/12/2024 06:15:00 PM,F,25.0,BICYCLE HELMET (PEDACYCLIST INVOLVED ONLY),WITH TRAFFIC,IN ROADWAY,TEST NOT OFFERED,,30,CLEAR,"DARKNESS, LIGHTED ROAD",PEDALCYCLIST,NOT DIVIDED,STRAIGHT AND LEVEL,DRY,INJURY AND / OR TOW DUE TO CRASH,LAKE ST,41.8855892338,-87.6439916557,POINT (-87.643991655714 41.885589233849)
O1905115,BICYCLE,36399af78c17547aff00160e4569cc62429af4f7ac21a29d1baf9f4cc16a5b9fb55692da66dcfd3fa208c2ae609033d226095dc5c2704559bf3fbdd8b2d0c4cd,09/12/2024 06:09:00 PM,M,50.0,HELMET NOT USED,WITH TRAFFIC,IN ROADWAY,TEST NOT OFFERED,,30,CLEAR,DAYLIGHT,PEDALCYCLIST,NOT DIVIDED,STRAIGHT AND LEVEL,DRY,INJURY AND / OR TOW DUE TO CRASH,PERSHING RD,41.8227234534,-87.6922756847,POINT (-87.692275684655 41.822723453377)
O1908062,BICYCLE,8db58572fe8bc90bebce3bd02ab2e667ef09b397b8c777153a1ad67568fa909342a620cfc8ae8fb1b3757beb4cb1231c12d2d1a02e6b964bd29c433ce2265aa8,09/12/2024 06:00:00 PM,M,35.0,BICYCLE HELMET (PEDACYCLIST INVOLVED ONLY),OTHER ACTION,NOT IN ROADWAY,TEST NOT OFFERED,N,30,CLEAR,DAYLIGHT,PEDALCYCLIST,DIVIDED - W/MEDIAN (NOT RAISED),STRAIGHT AND LEVEL,DRY,INJURY AND / OR TOW DUE TO CRASH,BRYN MAWR AVE,41.9829783698,-87.7058161076,POINT (-87.705816107564 41.982978369767)
O1905035,BICYCLE,f1131d6494531aa049f607fd8d84587cb1ea229dafddaede1d403b2ca0a1012a01d75258f4a4d2ccc86d69256a9f703b09435f10f32d42f7590865628916782a,09/12/2024 05:45:00 PM,F,33.0,BICYCLE HELMET (PEDACYCLIST INVOLVED ONLY),WITH TRAFFIC,IN ROADWAY,TEST NOT OFFERED,,30,CLEAR,DAYLIGHT,PEDALCYCLIST,NOT DIVIDED,STRAIGHT AND LEVEL,DRY,INJURY AND / OR TOW DUE TO CRASH,FRANKLIN ST,41.8985700787,-87.6359030076,POINT (-87.635903007607 41.898570078701)
O1905012,BICYCLE,d953b4082d5e762df3d43c0574feebdd118e30dd6126b1cb7966f959e96450079e68ff0c54b3921d1dd4b7de4654b5a84bb0f2f6c8c7582e3ebcc794fde361da,09/12/2024 05:38:00 PM,M,,HELMET NOT USED,TURNING RIGHT,IN ROADWAY,TEST NOT OFFERED,,30,CLEAR,DAYLIGHT,PEDALCYCLIST,FOUR WAY,STRAIGHT AND LEVEL,DRY,INJURY AND / OR TOW DUE TO CRASH,KEDZIE AVE,41.7497239717,-87.7025395717,POINT (-87.702539571674 41.749723971726)
O1905065,BICYCLE,b1bdc5c8ce3f5f6dc413c267d53d127ec9cdad364f6c9c204f3cc518df375d0594b8afed56c2cb9514962a711ae853c061fdb5ea40fe2dcb6debb8db3d96f622,09/12/2024 05:25:00 PM,M,33.0,BICYCLE HELMET (PEDACYCLIST INVOLVED ONLY),WITH TRAFFIC,BIKE LANE,TEST NOT OFFERED,,30,CLEAR,DAYLIGHT,PARKED MOTOR VEHICLE,NOT DIVIDED,STRAIGHT AND LEVEL,DRY,INJURY AND / OR TOW DUE TO CRASH,KEDZIE AVE,41.9491132139,-87.7077400795,POINT (-87.707740079508 41.94911321392)
O1908874,BICYCLE,07b5944b4789099404e7329f92a95a23c6051c718c6ee4a04c79c87e174196ebd4ed210f62582c44c7a733eb82c83197dbc036133a172bc47a6551e4e92dd527,09/12/2024 05:08:00 PM,M,48.0,HELMET NOT USED,WITH TRAFFIC,BIKE LANE,TEST NOT OFFERED,,30,CLEAR,DAYLIGHT,PEDALCYCLIST,NOT DIVIDED,STRAIGHT AND LEVEL,DRY,INJURY AND / OR TOW DUE TO CRASH,LINCOLN AVE,41.9205821005,-87.6421776857,POINT (-87.642177685672 41.920582100464)
O1905053,BICYCLE,4872231d8bd2c089f119d6f243b5912daab2c0d14e9b26c4d3b9f148a47efdf9675a1369b6b589b32072999c1a81d301356d63f3273ad703a06ac781ea219446,09/12/2024 05:00:00 PM,M,,HELMET NOT USED,NO ACTION,IN ROADWAY,TEST NOT OFFERED,,30,CLEAR,DAYLIGHT,SIDESWIPE SAME DIRECTION,NOT DIVIDED,STRAIGHT AND LEVEL,DRY,INJURY AND / OR TOW DUE TO CRASH,MADISON ST,41.8817914166,-87.6537808302,POINT (-87.653780830155 41.881791416551)
O1904911,BICYCLE,cf079cdf65ba1513d40d856f91f4d45498024575cd9c86c111fb1f8ed039e73624ef29d438e2160ed5866c80f16a35fe82d589e0bfd97e2f5b2db196af8ba5d9,09/12/2024 03:16:00 PM,M,,BICYCLE HELMET (PEDACYCLIST INVOLVED ONLY),TURNING RIGHT,IN ROADWAY,TEST NOT OFFERED,,30,CLEAR,DAYLIGHT,PEDALCYCLIST,NOT DIVIDED,STRAIGHT AND LEVEL,DRY,NO INJURY / DRIVE AWAY,ELSTON AVE,41.9070145104,-87.6600551018,POINT (-87.660055101805 41.907014510364)
O1904824,BICYCLE,b4f7050f3d016c96ed4de96cd3eb004c3eb7a504f04a82f1df5d1f725f42bdda472b6265a748c7d58392602fd33dba446d2582988125aa6c4a9ed6df0d6a3204,09/12/2024 02:10:00 PM,M,32.0,BICYCLE HELMET (PEDACYCLIST INVOLVED ONLY),CROSSING - WITH SIGNAL,BIKE LANE,TEST NOT OFFERED,,30,CLEAR,DAYLIGHT,PEDALCYCLIST,NOT DIVIDED,STRAIGHT AND LEVEL,DRY,NO INJURY / DRIVE AWAY,CALIFORNIA AVE,41.9228854503,-87.6972137434,POINT (-87.697213743413 41.922885450338)
O1904810,BICYCLE,fe322aeaea525103a040a89f4783954a1c9d063f91bd426f8d59e5a721b00d8305d9a578ea0205059f4429015caad42c8f785bd9b5d540cf2464db9880ad157c,09/12/2024 01:25:00 PM,M,30.0,BICYCLE HELMET (PEDACYCLIST INVOLVED ONLY),WITH TRAFFIC,BIKEWAY,TEST NOT OFFERED,Y,30,CLEAR,DAYLIGHT,PEDALCYCLIST,NOT DIVIDED,STRAIGHT AND LEVEL,DRY,INJURY AND / OR TOW DUE TO CRASH,DAMEN AVE,41.9306715812,-87.6784526143,POINT (-87.678452614304 41.930671581237)
O1908432,BICYCLE,210c611c56244185f68bd0f4af9ac666cef4562060a897c9521abf6bc347fa0348a7cc593d7b3c3e7a4b682959ea402b3941dc4b615bb9bb1ff3dcba16db13fe,09/12/2024 11:21:00 AM,F,65.0,HELMET NOT USED,WITH TRAFFIC,NOT IN ROADWAY,TEST NOT OFFERED,,30,CLEAR,DAYLIGHT,PEDALCYCLIST,ALLEY,STRAIGHT AND LEVEL,DRY,INJURY AND / OR TOW DUE TO CRASH,ADA ST,41.7791266684,-87.6582808114,POINT (-87.65828081144 41.779126668391)