PERSON_ID,PERSON_TYPE,CRASH_RECORD_ID,CRASH_DATE_x,SEX,AGE,SAFETY_EQUIPMENT,PEDPEDAL_ACTION,PEDPEDAL_LOCATION,BAC_RESULT,CRASH_DATE_EST_I,POSTED_SPEED_LIMIT,WEATHER_CONDITION,LIGHTING_CONDITION,FIRST_CRASH_TYPE,TRAFFICWAY_TYPE,ALIGNMENT,ROADWAY_SURFACE_COND,CRASH_TYPE,STREET_NAME,LATITUDE,LONGITUDE,LOCATION
O1904712,BICYCLE,3ae628b28b817b5e56f3040a63b8c2f355ba94f80095efd2d0f76654ceb08b9704d6477003738ee1db80108c0229a415525273ae89b732277ea3cd9413f95b05,09/12/2024 07:00:00 AM,M,,HELMET NOT USED,CROSSING - NO CONTROLS (NOT AT INTERSECTION),UNKNOWN/NA,TEST NOT OFFERED,,30,CLEAR,DAYLIGHT,PEDALCYCLIST,ONE-WAY,STRAIGHT AND LEVEL,DRY,NO INJURY / DRIVE AWAY,VERNON AVE,41.7220012472,-87.6130811659,POINT (-87.613081165873 41.722001247165)
O1904661,NON-MOTOR VEHICLE,99602222b207b9d03801706f2d2a7a5664fb103a75f2d6d2e4879b98368fbbc24230732fd2eee76a075d8fc149b88df01a2daf5eeb05e65cd92985d582571a2a,09/12/2024 06:52:00 AM,,15.0,USAGE UNKNOWN,UNKNOWN/NA,IN ROADWAY,TEST NOT OFFERED,,25,CLEAR,DAYLIGHT,OTHER OBJECT,FOUR WAY,STRAIGHT AND LEVEL,DRY,NO INJURY / DRIVE AWAY,95TH ST,41.722017412,-87.6132472453,POINT (-87.613247245315 41.722017411996)
O1904394,BICYCLE,063241e7f236f420788cd4fe9e95577e3154177929a93084279320a4d5b87c142996a28224df17503fa49c8091aab6476f330766faa931ebb663dbae7835b48a,09/11/2024 07:03:00 PM,M,13.0,HELMET NOT USED,CROSSING - NO CONTROLS (NOT AT INTERSECTION),IN CROSSWALK,TEST NOT OFFERED,,15,CLEAR,DAYLIGHT,PEDALCYCLIST,PARKING LOT,STRAIGHT AND LEVEL,DRY,INJURY AND / OR TOW DUE TO CRASH,FOSTER AVE,41.9746118144,-87.8087043076,POINT (-87.808704307635 41.974611814382)
O1904271,BICYCLE,19e7a999708e0a76cafe4b2d0273bd9ff509e726062a14c1908740ffd3fe447be3a9a6de2c0283e7b6fe046ec7cdc484cfb6f86df16a5bd9961638c82f4b5456,09/11/2024 05:17:00 PM,M,31.0,HELMET NOT USED,NO ACTION,IN ROADWAY,TEST NOT OFFERED,,30,CLEAR,DAYLIGHT,PEDALCYCLIST,NOT DIVIDED,STRAIGHT AND LEVEL,DRY,NO INJURY / DRIVE AWAY,DEVON AVE,41.9977726077,-87.6808997802,POINT (-87.680899780178 41.99777260768)
O1904281,NON-MOTOR VEHICLE,81bc6fb089971ca0eae99b0a6ed8fdd5f105f73830489dc8f148213cf246c9d78358f8bdbbe5c289e29f5295289e0df6161c45e90d28af63d28f1b0b3dd3edb9,09/11/2024 04:28:00 PM,F,34.0,USAGE UNKNOWN,TURNING LEFT,IN ROADWAY,TEST NOT OFFERED,,35,CLEAR,DAYLIGHT,OTHER OBJECT,DIVIDED - W/MEDIAN BARRIER,STRAIGHT AND LEVEL,DRY,INJURY AND / OR TOW DUE TO CRASH,MICHIGAN AVE,41.896790572,-87.6243806554,POINT (-87.624380655444 41.896790572039)
O1904231,BICYCLE,82e558ba4d6ebe38fc4419943e1cdf6ff0eab7c0df981ff796ab04d663b17ab203c95a75bcc8ce735907069534cfce0caac4ce92ca9ad6ed5b5333cf0b54c1ba,09/11/2024 03:00:00 PM,,,HELMET NOT USED,WITH TRAFFIC,IN ROADWAY,TEST NOT OFFERED,,20,CLEAR,DAYLIGHT,PEDALCYCLIST,T-INTERSECTION,STRAIGHT AND LEVEL,DRY,INJURY AND / OR TOW DUE TO CRASH,WENTWORTH AVE,41.7726197879,-87.629806469,POINT (-87.629806469035 41.772619787862)
O1904064,BICYCLE,818541b9926f2cdfab6dcdcf81f55a0d603b84b712ec3aefcca613d0ebef596b92ebc2e96ab8d8a21ab3e0f427c2924bf0a459b8f9bb9e3a4c3f1ebff4b5bd8b,09/11/2024 01:15:00 PM,M,,HELMET NOT USED,WITH TRAFFIC,IN ROADWAY,TEST NOT OFFERED,,30,CLEAR,DAYLIGHT,PEDALCYCLIST,NOT DIVIDED,STRAIGHT AND LEVEL,DRY,NO INJURY / DRIVE AWAY,PULASKI RD,41.932604222,-87.727148226,POINT (-87.727148226037 41.932604221966)
O1905001,BICYCLE,0862ecdc7aaf008f5cd69b09610d32f8a3e99fb82875e59fb9cf7a9c7d51866030d44c3f125afff2cec22cab54a40b501a83e4b268bb3a5479cc50020b009708,09/11/2024 12:15:00 PM,F,34.0,BICYCLE HELMET (PEDACYCLIST INVOLVED ONLY),WITH TRAFFIC,IN ROADWAY,TEST NOT OFFERED,,30,CLEAR,DAYLIGHT,PEDALCYCLIST,ONE-WAY,STRAIGHT AND LEVEL,DRY,NO INJURY / DRIVE AWAY,LOGAN BLVD,41.9283017189,-87.703787791,POINT (-87.703787790982 41.928301718869)
O1904212,BICYCLE,67864f653686783ea01fe4a68598e15b2b3b38ad33f06c960585bba39ddc689daf9144d7013389f7de2aea4adf558f3247b047f546ca8b7481899bf9eb8d9df1,09/11/2024 09:00:00 AM,F,41.0,BICYCLE HELMET (PEDACYCLIST INVOLVED ONLY),PARKED VEHICLE,IN ROADWAY,TEST NOT OFFERED,,30,CLEAR,DAYLIGHT,PEDALCYCLIST,NOT DIVIDED,STRAIGHT AND LEVEL,DRY,NO INJURY / DRIVE AWAY,OAK PARK AVE,41.9325536104,-87.7956670924,POINT (-87.795667092413 41.932553610357)
O1903847,BICYCLE,9cf80228078ff80aba0e3e91b0b38dd90dff946d1ff75124463486bef9a5fa5f8a54740ca178d553256eca51c45a3e35e51571ed7b8f977a2ed08c3d19d8e4c5,09/11/2024 07:50:00 AM,M,,HELMET NOT USED,UNKNOWN/NA,IN ROADWAY,TEST NOT OFFERED,,30,CLEAR,DAYLIGHT,PEDALCYCLIST,NOT DIVIDED,STRAIGHT AND LEVEL,DRY,NO INJURY / DRIVE AWAY,PAULINA ST,42.0184481488,-87.6728974984,POINT (-87.672897498399 42.018448148763)
O1903762,NON-MOTOR VEHICLE,f4b155f268886d7b710c091ff7b3e8e3491ec7688ac8aa38a77c45bd4b5c20b99d1e7c1bc7c0380c0f7c6d47b013264d5409fcb79ea8fae8eadcaa0218c36cee,09/10/2024 11:15:00 PM,F,40.0,HELMET NOT USED,,,TEST NOT OFFERED,,30,CLEAR,"DARKNESS, LIGHTED ROAD",OTHER OBJECT,FOUR WAY,STRAIGHT AND LEVEL,DRY,INJURY AND / OR TOW DUE TO CRASH,HALSTED ST,41.8856948719,-87.6473280324,POINT (-87.647328032418 41.885694871902)
O1903717,BICYCLE,c6de0221bf967ec7900bad465ed05e34e93443a5ba7bee419a03abde17e4cea61326f0e9d29d2df9599eccfd21eff4f50b5abe00a358cff138cb53e0b0cb4ff3,09/10/2024 07:50:00 PM,M,56.0,BICYCLE HELMET (PEDACYCLIST INVOLVED ONLY),CROSSING - NO CONTROLS (AT INTERSECTION),BIKEWAY,TEST NOT OFFERED,,20,CLEAR,"DARKNESS, LIGHTED ROAD",PEDALCYCLIST,T-INTERSECTION,STRAIGHT AND LEVEL,DRY,INJURY AND / OR TOW DUE TO CRASH,MILWAUKEE AVE,41.9127304181,-87.6813270332,POINT (-87.681327033187 41.912730418129)
O1903678,BICYCLE,0b6d585b69be2af868436a3afd1aca713caf3f4978a2bbe3a651cc53c2db81ab60535089f890e81471f7450297ab6239d8bbbe09f09f72c67c65c4a618686f4e,09/10/2024 06:10:00 PM,M,20.0,HELMET NOT USED,WITH TRAFFIC,IN ROADWAY,TEST NOT OFFERED,,30,CLEAR,DAYLIGHT,PEDALCYCLIST,NOT DIVIDED,STRAIGHT AND LEVEL,DRY,NO INJURY / DRIVE AWAY,OAK ST,41.9006664194,-87.6265305927,POINT (-87.62653059267 41.900666419448)
O1903618,BICYCLE,2798b1c5d3aee49897703e33cab902d878ff2f0805645b49037ba9c179d27edc8f78a28f6046b5dedee54f8dd2c80da610515d986f0bca20a9cadebb513f45cf,09/10/2024 06:02:00 PM,F,35.0,BICYCLE HELMET (PEDACYCLIST INVOLVED ONLY),OTHER ACTION,BIKE LANE,TEST REFUSED,,30,CLEAR,DAYLIGHT,PEDALCYCLIST,NOT DIVIDED,STRAIGHT AND LEVEL,DRY,NO INJURY / DRIVE AWAY,LINCOLN AVE,41.9646229232,-87.6857707178,POINT (-87.685770717795 41.964622923211)
O1903509,BICYCLE,a7eb2243011cf6a57a9b9f6492939a71c3f48dbfa157e3464e2670fd933631cbd8944cfff54a5d62352a325cd4ded6cf61012f6afc9e62f1f90f2b6941f48014,09/10/2024 04:48:00 PM,M,38.0,HELMET NOT USED,WITH TRAFFIC,BIKEWAY,TEST NOT OFFERED,,30,CLEAR,DAYLIGHT,PEDALCYCLIST,DIVIDED - W/MEDIAN (NOT RAISED),STRAIGHT AND LEVEL,DRY,INJURY AND / OR TOW DUE TO CRASH,HALSTED ST,41.9136597077,-87.6482103492,POINT (-87.648210349241 41.913659707667)
O1903591,BICYCLE,098d8e2aa61e1a7243f93e29d1c1b5b9ccf3866e45ea1add372b17e543c4338a7611ca4ff840c8352f87494b416844d5cd610b2ec2b83c8db4f1e04a160f8315,09/10/2024 04:29:00 PM,M,25.0,BICYCLE HELMET (PEDACYCLIST INVOLVED ONLY),WITH TRAFFIC,IN ROADWAY,TEST NOT OFFERED,,30,CLEAR,DAYLIGHT,PEDALCYCLIST,NOT DIVIDED,STRAIGHT AND LEVEL,DRY,NO INJURY / DRIVE AWAY,47TH ST,41.8083707833,-87.6953707771,POINT (-87.695370777138 41.808370783265)
O1903606,BICYCLE,524c02d281db039c76d2f66e8f805b597f03b516f53fef06b8ee6fbd955803b49bc0fdb8f3f1fde0b7183f71b63aed0ef1e8a38b7c1040fbe991b6e5d486d78c,09/10/2024 04:29:00 PM,M,43.0,HELMET NOT USED,UNKNOWN/NA,UNKNOWN/NA,TEST NOT OFFERED,,30,CLEAR,DAYLIGHT,PEDALCYCLIST,FOUR WAY,STRAIGHT AND LEVEL,DRY,INJURY AND / OR TOW DUE TO CRASH,43RD ST,41.8169320566,-87.6062122722,POINT (-87.606212272203 41.81693205664)
O1903631,BICYCLE,38552c387b77345478ea6fea731ff1fefb06ddadab4e481c00b6fb9b07419dba29681063ce84de289d1e2a1c772ca005f71954fcb212e1829622cb659f9a2b6f,09/10/2024 04:20:00 PM,M,33.0,HELMET NOT USED,WITH TRAFFIC,IN ROADWAY,TEST NOT OFFERED,,30,CLEAR,DAYLIGHT,PEDALCYCLIST,NOT DIVIDED,STRAIGHT AND LEVEL,DRY,NO INJURY / DRIVE AWAY,PULASKI RD,41.7866084095,-87.7231300289,POINT (-87.723130028895 41.786608409502)
O1903538,BICYCLE,0e7d48aa7d140bbe00dd249e86ce1c10b7b43830a54d4e33b9fd81d7f2d9a138a8853a14041980f0e5acee716b4a4343e64d5fa9b951e89d2b88c833b67e9ef8,09/10/2024 04:11:00 PM,M,31.0,HELMET NOT USED,WITH TRAFFIC,IN ROADWAY,TEST NOT OFFERED,,20,CLEAR,DAYLIGHT,PEDALCYCLIST,NOT DIVIDED,STRAIGHT AND LEVEL,DRY,INJURY AND / OR TOW DUE TO CRASH,DIVERSEY PKWY,41.9325516882,-87.6524934069,POINT (-87.652493406873 41.932551688167)
O1903560,BICYCLE,d2f4dbcfdf82c8e39d09031a76fe58b9df557d8ebaddff13f809d3bdb2438063d769ced04850ac6ac87f4475c2fc0196619e05d1560a93fe7e3661ad04e42bed,09/10/2024 03:50:00 PM,M,64.0,BICYCLE HELMET (PEDACYCLIST INVOLVED ONLY),WITH TRAFFIC,BIKE LANE,TEST NOT OFFERED,,30,CLEAR,DAYLIGHT,PEDALCYCLIST,NOT DIVIDED,STRAIGHT AND LEVEL,DRY,INJURY AND / OR TOW DUE TO CRASH,MICHIGAN AVE,41.8812298517,-87.6241952544,POINT (-87.624195254355 41.881229851733)
O1903328,BICYCLE,a89618e23f79bc2e2cd6434e8d71113afe60b46116ebbbf69f6dd2280d720371f0aeb41a47cbb461821e622bad76d4c1fd980a0406731b0a8f48efcec0a0de9d,09/10/2024 12:30:00 PM,M,29.0,HELMET NOT USED,TURNING LEFT,IN ROADWAY,TEST NOT OFFERED,,30,CLEAR,DAYLIGHT,PEDALCYCLIST,UNKNOWN INTERSECTION TYPE,STRAIGHT AND LEVEL,DRY,NO INJURY / DRIVE AWAY,KINZIE ST,41.8893491668,-87.6290971617,POINT (-87.629097161683 41.88934916676)
O1903363,BICYCLE,760a24b5462d43fe6639b9e2968ebf5bf3ba447ae9b94d87d797f220d980468d0377be16b56628847ff1234beaf0f90f826ecc724a4a3e885f0eee7d8d503142,09/10/2024 11:00:00 AM,F,30.0,BICYCLE HELMET (PEDACYCLIST INVOLVED ONLY),WITH TRAFFIC,BIKE LANE,TEST NOT OFFERED,,30,CLEAR,DAYLIGHT,PEDALCYCLIST,NOT DIVIDED,STRAIGHT AND LEVEL,DRY,INJURY AND / OR TOW DUE TO CRASH,DAMEN AVE,41.8954744615,-87.6768927747,POINT (-87.676892774684 41.895474461496)
O1903258,BICYCLE,65be6e6666685dfd9c40863ff7e7b76f0abf6dcde7ca848cdbdbc4c3dbcda88f62460713283cd8f6f3ff9d47a12c0797b3b3209cb009136d3372e423ceb86f63,09/10/2024 10:06:00 AM,M,32.0,BICYCLE HELMET (PEDACYCLIST INVOLVED ONLY),NO ACTION,IN ROADWAY,TEST NOT OFFERED,,30,CLEAR,DAYLIGHT,PEDALCYCLIST,DIVIDED - W/MEDIAN (NOT RAISED),STRAIGHT AND LEVEL,DRY,INJURY AND / OR TOW DUE TO CRASH,DAMEN AVE,41.9242292287,-87.6780056652,POINT (-87.6780056652 41.924229228688)
O1903244,BICYCLE,2a3854f5ecf8900a712d51c7ae110318ef232fd5bf9e1dd2ad4dc35faa4b9977c8924e1d2d2a339bccb6639f701241b170357ca15f7789f602bdcb4df2633583,09/10/2024 09:30:00 AM,M,26.0,BICYCLE HELMET (PEDACYCLIST INVOLVED ONLY),NO ACTION,IN ROADWAY,TEST NOT OFFERED,,25,CLEAR,DAYLIGHT,PEDALCYCLIST,FOUR WAY,STRAIGHT AND LEVEL,DRY,INJURY AND / OR TOW DUE TO CRASH,FRANKLIN BLVD,41.8899620151,-87.7062647911,POINT (-87.706264791117 41.889962015064)
O1903422,BICYCLE,856d87b42ae1c23434b2d8f3f93f1dc8ab71ea747773b4ed80c8c50d33b2140d3a08bfd0cb63fa9f83b02cffee4119a4937820c06879a4a4262c59c740f04f4b,09/10/2024 07:50:00 AM,M,27.0,HELMET NOT USED,CROSSING - CONTROLS PRESENT (NOT AT INTERSECTION),IN ROADWAY,TEST NOT OFFERED,,30,CLEAR,DAYLIGHT,PEDALCYCLIST,NOT DIVIDED,STRAIGHT AND LEVEL,DRY,INJURY AND / OR TOW DUE TO CRASH,ASHLAND AVE,41.8996056082,-87.6675365713,POINT (-87.667536571338 41.899605608223)
O1903139,BICYCLE,ef51ee08f6a659168555454d43be966fc2ebed8b5364b170de6139d692da2e47b07e641a9926a1962d372bf6f3f3ae8c94b016d1db8d45bcc130c8b74e28e0a9,09/10/2024 06:53:00 AM,F,48.0,HELMET NOT USED,NO ACTION,IN ROADWAY,TEST NOT OFFERED,,30,CLEAR,DAYLIGHT,PEDALCYCLIST,NOT DIVIDED,STRAIGHT AND LEVEL,DRY,INJURY AND / OR TOW DUE TO CRASH,CALIFORNIA AVE,42.0139302127,-87.6998357932,POINT (-87.699835793156 42.013930212727)
O1903055,BICYCLE,00d2ce108255b70d97fb86d8ecfe79ecfc5d6684071fb8b5441531051881eff3a268928a5aa95786b5ed2e7a2e211f51693b27caa5f20cb1ebd6dff2c92b9029,09/09/2024 09:03:00 PM,M,31.0,HELMET NOT USED,CROSSING - WITH SIGNAL,IN ROADWAY,TEST NOT OFFERED,,30,CLEAR,"DARKNESS, LIGHTED ROAD",PEDALCYCLIST,DIVIDED - W/MEDIAN (NOT RAISED),STRAIGHT AND LEVEL,DRY,INJURY AND / OR TOW DUE TO CRASH,CLARK ST,41.9510761803,-87.6594633071,POINT (-87.659463307072 41.9510761803)
O1903004,BICYCLE,a7253a68e52babf671cf5d2f5352b4a64a00b22965b58425d44fb5432e92f7ec0108f97ad31ca42e7e165621217e6afb763f330658f83a91c01795316987b5de,09/09/2024 06:00:00 PM,M,35.0,HELMET NOT USED,CROSSING - NO CONTROLS (NOT AT INTERSECTION),DRIVEWAY ACCESS,,,5,CLEAR,DAYLIGHT,PEDALCYCLIST,DIVIDED - W/MEDIAN (NOT RAISED),STRAIGHT AND LEVEL,DRY,INJURY AND / OR TOW DUE TO CRASH,47TH ST,41.8080810985,-87.7157634002,POINT (-87.715763400203 41.808081098531)
O1902978,BICYCLE,b020331fde99c4cd7b6b85637d3be899176afb39d375279caa439363b770cf97f3621c7ef2f440bcb4bc3e85bf845616dc6d920f7922d3c4e88d1ee7a3379540,09/09/2024 05:57:00 PM,M,13.0,HELMET NOT USED,WITH TRAFFIC,NOT IN ROADWAY,TEST NOT OFFERED,,30,CLEAR,DAYLIGHT,PEDALCYCLIST,NOT DIVIDED,STRAIGHT AND LEVEL,DRY,NO INJURY / DRIVE AWAY,ROCKWELL ST,41.9447898905,-87.6942318501,POINT (-87.694231850118 41.944789890466)
O1913821,BICYCLE,6a2b1e4f41e7c573a844864235d00befb145f2e136fc0c7091b9010dfd30f5882daac1d3ff1796b35d0c17b2b69eb6b59e5f0248c182953da897345dbf4dc39f,09/09/2024 03:30:00 PM,F,15.0,HELMET NOT USED,UNKNOWN/NA,UNKNOWN/NA,TEST NOT OFFERED,,30,UNKNOWN,UNKNOWN,PEDALCYCLIST,FOUR WAY,STRAIGHT AND LEVEL,UNKNOWN,INJURY AND / OR TOW DUE TO CRASH,GRAND AVE,41.9140601958,-87.7460277339,POINT (-87.746027733918 41.914060195761)
O1903217,BICYCLE,20fb2843a11e67cb224a8cc2d886c5a86539a225b59a420be8744f94c3d29b824b4c396e9c108f7844cf8db4329ea7c3563b712bde97c3b6c2d03f0c6a670d4d,09/09/2024 03:14:00 PM,M,45.0,BICYCLE HELMET (PEDACYCLIST INVOLVED ONLY),NO ACTION,BIKE LANE,TEST NOT OFFERED,,30,CLEAR,DAYLIGHT,PEDALCYCLIST,DIVIDED - W/MEDIAN (NOT RAISED),STRAIGHT AND LEVEL,DRY,NO INJURY / DRIVE AWAY,LAWRENCE AVE,41.9677724998,-87.776534251,POINT (-87.776534251032 41.967772499795)
O1902838,BICYCLE,a61cc59f1fd7e9a980c102551548620d10b848a516450ee3b832999ae198d084b5cd2c93499790b00aa29e102cd8bc8221e28ef576497e8f8ea7bc8801b1d2be,09/09/2024 01:40:00 PM,M,14.0,BICYCLE HELMET (PEDACYCLIST INVOLVED ONLY),CROSSING - NO CONTROLS (AT INTERSECTION),IN ROADWAY,TEST NOT OFFERED,,30,CLEAR,DAYLIGHT,PEDALCYCLIST,FOUR WAY,STRAIGHT AND LEVEL,DRY,INJURY AND / OR TOW DUE TO CRASH,TAYLOR ST,41.8693710845,-87.66652853,POINT (-87.666528530029 41.869371084501)
O1902533,BICYCLE,1dfe822278dc54216c2d62a578c4570e7695ea66fbd17ff5c7d43accf10a29b3e8b807f4abbf060213f31f73d0bc7a6eef2ba9ce21e5dd16051ac568f3449eeb,09/09/2024 09:21:00 AM,M,47.0,BICYCLE HELMET (PEDACYCLIST INVOLVED ONLY),OTHER ACTION,BIKEWAY,TEST NOT OFFERED,,30,CLEAR,DAYLIGHT,PEDALCYCLIST,NOT DIVIDED,STRAIGHT AND LEVEL,DRY,INJURY AND / OR TOW DUE TO CRASH,ELSTON AVE,41.9495778754,-87.7133666256,POINT (-87.713366625634 41.94957787541)
O1902790,BICYCLE,5c599c09bcc620675954ad33f5ca903b336f30807eae3108bca39f2d36ae66af8b45fdde0209390418355fee87f553f573e9885bed640df40e54eaca692ff247,09/09/2024 06:00:00 AM,M,64.0,HELMET NOT USED,CROSSING - AGAINST SIGNAL,IN ROADWAY,TEST NOT OFFERED,,30,CLEAR,DAWN,PEDALCYCLIST,FOUR WAY,STRAIGHT AND LEVEL,DRY,INJURY AND / OR TOW DUE TO CRASH,MONTROSE AVE,41.9608313564,-87.7475991993,POINT (-87.747599199308 41.960831356418)
O1902291,BICYCLE,42e8bbea87550427c3e790ae677ad3c4f02ece60dc8cd235735cd2f8563b8c8d5e2ca966c39cdd98032fa7f1fc242acacbff2954e26ad75bb07c5197f780281c,09/08/2024 08:42:00 PM,M,64.0,HELMET NOT USED,CROSSING - WITH SIGNAL,IN ROADWAY,TEST NOT OFFERED,,30,CLEAR,"DARKNESS, LIGHTED ROAD",PEDALCYCLIST,NOT DIVIDED,STRAIGHT AND LEVEL,DRY,INJURY AND / OR TOW DUE TO CRASH,BROADWAY,41.9545457769,-87.6506927692,POINT (-87.65069276917 41.954545776938)
O1902302,BICYCLE,06b0a31392b088881e65484f033aec18b91a28e1f3eb726affbdb3ec2f4ead21b1ea5429a5b10175831c72ebdad7bf1b49d86dc8ecd4dc2823c50f1fa93c3ce7,09/08/2024 08:03:00 PM,F,14.0,BICYCLE HELMET (PEDACYCLIST INVOLVED ONLY),CROSSING - NO CONTROLS (AT INTERSECTION),IN ROADWAY,TEST NOT OFFERED,,15,CLEAR,DARKNESS,PEDALCYCLIST,ONE-WAY,STRAIGHT AND LEVEL,UNKNOWN,INJURY AND / OR TOW DUE TO CRASH,ROSCOE ST,41.9435079482,-87.6492702552,POINT (-87.649270255225 41.943507948226)
O1902229,BICYCLE,fc22f102515917aa3d2ee2b501dda266c5b40de068ee5d428e0e16740c2c64b1814265d2028589614565de757f2f25ccf6b3d95d0cf1dbbf6f6cd3ce4d565710,09/08/2024 06:20:00 PM,M,25.0,HELMET NOT USED,CROSSING - NO CONTROLS (AT INTERSECTION),IN ROADWAY,TEST NOT OFFERED,,30,CLEAR,DAYLIGHT,PEDALCYCLIST,FOUR WAY,STRAIGHT AND LEVEL,DRY,INJURY AND / OR TOW DUE TO CRASH,IRVING PARK RD,41.9540132188,-87.6810350885,POINT (-87.681035088529 41.954013218832)
O1902238,BICYCLE,d575b17565bf69eb2a895a84f5bc40b98849cb410da6a72618c114db8df0e8cf0c999a951f4c9aa3d70d60edc237e0ed89bb01a7b0c747695333f8074d3838e5,09/08/2024 05:15:00 PM,M,49.0,HELMET NOT USED,WITH TRAFFIC,BIKEWAY,TEST NOT OFFERED,,20,CLEAR,DAYLIGHT,PEDALCYCLIST,NOT DIVIDED,STRAIGHT AND LEVEL,DRY,INJURY AND / OR TOW DUE TO CRASH,DAMEN AVE,41.9546966487,-87.6789172657,POINT (-87.678917265704 41.95469664867)
O1902140,BICYCLE,2a4bcc00db93d5cc8142ed1dabe2668ec0821a8698d53e061a320706a92d7259ffa9af36dc5b75385a84d36723a3d6a32309f5c359d09f3c2f934f282843390d,09/08/2024 04:40:00 PM,M,,HELMET NOT USED,OTHER ACTION,IN ROADWAY,TEST NOT OFFERED,,30,CLEAR,DAYLIGHT,SIDESWIPE SAME DIRECTION,NOT DIVIDED,STRAIGHT AND LEVEL,DRY,NO INJURY / DRIVE AWAY,PULASKI RD,41.7804237945,-87.7229566243,POINT (-87.722956624315 41.780423794511)
O1902118,NON-MOTOR VEHICLE,31cbc311a4a50f88592678fb3b0a9438d61e5a9e119c7d5ed12367ba92a24bee4989b9a52016a940aaa6b6205e961e0d22e7911fdbc8dea9fc92d8cb01bd0d1c,09/08/2024 03:54:00 PM,M,18.0,NONE PRESENT,AGAINST TRAFFIC,IN ROADWAY,TEST NOT OFFERED,,20,CLEAR,DAYLIGHT,OTHER OBJECT,ONE-WAY,STRAIGHT AND LEVEL,DRY,INJURY AND / OR TOW DUE TO CRASH,KANST DR,41.7659888304,-87.694813275,POINT (-87.694813275037 41.765988830427)
O1902133,NON-MOTOR VEHICLE,4f944793018aedafc17a6d80383fcaf32d7a05bacbf0fd8bf9697ec11dcff0dd56d9a52b51e607224d4871c1544506aaa00961c28ff1dbb4e01c67a0bb08d3b2,09/08/2024 03:21:00 PM,M,49.0,USAGE UNKNOWN,OTHER ACTION,IN CROSSWALK,TEST NOT OFFERED,,30,CLEAR,DAYLIGHT,OTHER OBJECT,ONE-WAY,STRAIGHT AND LEVEL,DRY,INJURY AND / OR TOW DUE TO CRASH,MAPLEWOOD AVE,41.8139191221,-87.6881244306,POINT (-87.688124430602 41.813919122141)
O1902050,BICYCLE,b0108d42f816831b689933321592c54f83bb82c5855d414cd54d5d8c3c6511d74aa67205f30d27ca9120ee5dd8b05148f4bb310f4d984e3697f9959088f0870f,09/08/2024 12:10:00 PM,M,24.0,HELMET NOT USED,OTHER ACTION,BIKE LANE,TEST NOT OFFERED,,35,CLEAR,DAYLIGHT,PEDALCYCLIST,NOT DIVIDED,STRAIGHT AND LEVEL,DRY,INJURY AND / OR TOW DUE TO CRASH,KEDZIE AVE,41.9456421421,-87.7076488103,POINT (-87.707648810274 41.945642142131)
O1901964,BICYCLE,e1f7cd27b629d62193e69e9f799a602a28dce0035282121d80b6b2ccb536ee51130bbcb7e1485782f98cfd25c950c0957676cbb0d3b3fec869accf3c0dd93946,09/08/2024 11:20:00 AM,M,32.0,BICYCLE HELMET (PEDACYCLIST INVOLVED ONLY),WITH TRAFFIC,BIKEWAY,TEST NOT OFFERED,,30,CLEAR,DAYLIGHT,PEDALCYCLIST,FOUR WAY,STRAIGHT AND LEVEL,DRY,NO INJURY / DRIVE AWAY,DEARBORN ST,41.8916012848,-87.6297967052,POINT (-87.629796705231 41.891601284754)
O1901671,BICYCLE,e583f2b17c85933bec4c7478d64ecf87c3722c01f87f80a06a8c823183a58252f2bd8d66b41991f9feda9b1f2fb083a3834dfbb1cab9041ad253459c7e682549,09/07/2024 08:15:00 PM,M,,HELMET NOT USED,CROSSING - AGAINST SIGNAL,IN ROADWAY,TEST NOT OFFERED,,30,CLEAR,"DARKNESS, LIGHTED ROAD",PEDALCYCLIST,FOUR WAY,STRAIGHT AND LEVEL,DRY,NO INJURY / DRIVE AWAY,STATE ST,41.8091430179,-87.6262291323,POINT (-87.626229132272 41.809143017867)
O1901506,BICYCLE,100767e3418d8b14a8a54cfc3ebff569277efebb06a754a8d6b8b35b7450b11eca049254880d901934bbd801d86d1ebbc7b3029abf870371d5ea0ac2d2ebceb7,09/07/2024 03:40:00 PM,M,47.0,BICYCLE HELMET (PEDACYCLIST INVOLVED ONLY),WITH TRAFFIC,BIKEWAY,TEST NOT OFFERED,,30,CLEAR,DAYLIGHT,PEDALCYCLIST,NOT DIVIDED,STRAIGHT AND LEVEL,DRY,INJURY AND / OR TOW DUE TO CRASH,ARMITAGE AVE,41.9182472258,-87.6513388745,POINT (-87.651338874497 41.918247225849)
O1901113,BICYCLE,c87005cf987f9c4bc3fb8dcdd0c329a8a3550621e908ac196d19e87b4d5dde48750448dc3d26d902231f777a0e5fba283e85ecb7c9ac0e4f97ce6981f024b7aa,09/06/2024 09:00:00 PM,F,22.0,BICYCLE HELMET (PEDACYCLIST INVOLVED ONLY),CROSSING - WITH SIGNAL,BIKEWAY,TEST NOT OFFERED,,30,CLEAR,"DARKNESS, LIGHTED ROAD",PEDALCYCLIST,FOUR WAY,STRAIGHT AND LEVEL,DRY,INJURY AND / OR TOW DUE TO CRASH,VINCENNES AVE,41.7617414114,-87.6298334822,POINT (-87.629833482169 41.761741411377)