PERSON_ID,PERSON_TYPE,CRASH_RECORD_ID,CRASH_DATE_x,SEX,AGE,SAFETY_EQUIPMENT,PEDPEDAL_ACTION,PEDPEDAL_LOCATION,BAC_RESULT,CRASH_DATE_EST_I,POSTED_SPEED_LIMIT,WEATHER_CONDITION,LIGHTING_CONDITION,FIRST_CRASH_TYPE,TRAFFICWAY_TYPE,ALIGNMENT,ROADWAY_SURFACE_COND,CRASH_TYPE,STREET_NAME,LATITUDE,LONGITUDE,LOCATION
O1901067,BICYCLE,26d3eb1516176cc6bf02723609e73698d68c5e20206d909ae999ce6e2d7b180486e68ee684fbb5d59533eee517bdb748a332f68d06ef28c786358a3b9c518ac5,09/06/2024 08:50:00 PM,M,0.0,HELMET NOT USED,CROSSING - WITH SIGNAL,IN CROSSWALK,TEST NOT OFFERED,,30,CLEAR,"DARKNESS, LIGHTED ROAD",PEDALCYCLIST,DIVIDED - W/MEDIAN (NOT RAISED),STRAIGHT AND LEVEL,DRY,NO INJURY / DRIVE AWAY,KEDZIE AVE,41.8080472717,-87.7041188223,POINT (-87.704118822299 41.80804727165)
O1901074,BICYCLE,84cce863b724d7c7d8860d81ddee5c651971c90d290e3816265805f18113a0dc0f5eb7e6a3f8ad87b24034fc8f3e1c1fc86774ecb9cbe2a3615c9f3ca980bee5,09/06/2024 08:00:00 PM,M,17.0,HELMET NOT USED,CROSSING - AGAINST SIGNAL,IN ROADWAY,TEST NOT OFFERED,,30,CLEAR,DARKNESS,PEDALCYCLIST,FOUR WAY,STRAIGHT AND LEVEL,DRY,INJURY AND / OR TOW DUE TO CRASH,DIVISION ST,41.9028961054,-87.7118064427,POINT (-87.711806442708 41.902896105393)
O1901060,BICYCLE,75ec825bbd8b5e50f2429624e6e472e207acc98a99f89fb8fc977fafd0465ab6bc1642123813aa1a1a681b83fd18ca2924107c1734885ca5f8f24978a5bb8e99,09/06/2024 07:45:00 PM,M,,BICYCLE HELMET (PEDACYCLIST INVOLVED ONLY),CROSSING - NO CONTROLS (AT INTERSECTION),NOT IN ROADWAY,TEST REFUSED,,30,CLEAR,"DARKNESS, LIGHTED ROAD",PEDALCYCLIST,NOT DIVIDED,STRAIGHT AND LEVEL,DRY,NO INJURY / DRIVE AWAY,NORTHWEST HWY,42.0023443901,-87.8152412608,POINT (-87.815241260844 42.002344390052)
O1900993,BICYCLE,02d89392c9959deff218f29e79d0da48458aaffc873782fcd3756dec23ec8797d8a491fad59a1c5a7da5573193e5c2264383dc6e59c6ccdb5c5eba796657de68,09/06/2024 05:45:00 PM,M,22.0,HELMET NOT USED,NO ACTION,BIKE LANE,TEST NOT OFFERED,,25,CLEAR,DAYLIGHT,PEDALCYCLIST,NOT DIVIDED,STRAIGHT AND LEVEL,DRY,INJURY AND / OR TOW DUE TO CRASH,ARMITAGE AVE,41.9169344398,-87.7363871475,POINT (-87.736387147508 41.916934439845)
O1900824,BICYCLE,809215a65c925f60bb1a866c45cf5a2c0b90e55de73740d010fa9bae7c4f7a4794af50d05d4b48b8553423e9d6a9aab1c103b3a3d05c586e493d972f8a52b991,09/06/2024 04:15:00 PM,,30.0,HELMET NOT USED,WITH TRAFFIC,IN ROADWAY,TEST NOT OFFERED,,30,CLEAR,DAYLIGHT,PEDALCYCLIST,NOT DIVIDED,STRAIGHT AND LEVEL,DRY,INJURY AND / OR TOW DUE TO CRASH,CLARK ST,41.8576920115,-87.6303712389,POINT (-87.630371238942 41.857692011499)
O1900894,BICYCLE,f84e8c105c2eba368a60091f158f1e624eea1b38f00b49907c1629a7b75b8456c1a5d30c4d0b734c52e993a58c063777033c2f4b4af919685980228f03015ba0,09/06/2024 04:09:00 PM,M,18.0,HELMET NOT USED,WITH TRAFFIC,IN ROADWAY,TEST NOT OFFERED,,30,CLEAR,DAYLIGHT,PEDALCYCLIST,DIVIDED - W/MEDIAN BARRIER,STRAIGHT AND LEVEL,DRY,INJURY AND / OR TOW DUE TO CRASH,ASHLAND AVE,41.9075772431,-87.6674578303,POINT (-87.667457830289 41.907577243057)
O1900761,BICYCLE,8cd43129afa071122183cfd29b54ec8f7fb46f4afcc5e022b08b8e120873df0165ffad27636fd94785b58a6c1f025e400e12cefa86f49bb9757456d8f80ed21b,09/06/2024 02:40:00 PM,M,,HELMET NOT USED,CROSSING - CONTROLS PRESENT (NOT AT INTERSECTION),UNKNOWN/NA,TEST NOT OFFERED,Y,30,CLEAR,DAYLIGHT,PEDALCYCLIST,NOT DIVIDED,STRAIGHT AND LEVEL,DRY,NO INJURY / DRIVE AWAY,ROOSEVELT RD,41.8663988918,-87.7154836783,POINT (-87.715483678285 41.866398891809)
O1900709,BICYCLE,27c359ad2b9e17d21a8cf024dc8274a0ce371c7d4c1b61feedde3fe0489a66ac543206599bae60dffd96cdbce24145a22da0a06dd32088a6490ea0ff7b7d18af,09/06/2024 01:20:00 PM,M,,HELMET NOT USED,UNKNOWN/NA,UNKNOWN/NA,TEST NOT OFFERED,,30,CLEAR,DAYLIGHT,PEDALCYCLIST,NOT DIVIDED,STRAIGHT AND LEVEL,DRY,NO INJURY / DRIVE AWAY,15TH ST,41.8616960884,-87.6579152169,POINT (-87.657915216859 41.861696088412)
O1900622,BICYCLE,cf28b2cad7caeec723d5341ed9515e325c8fb15086fb917e8f6fbb6ec32f186cd70af0488a1ef442be40e083532d914b897ea3bb41fcc7bcccb857d078e041e0,09/06/2024 08:00:00 AM,F,25.0,BICYCLE HELMET (PEDACYCLIST INVOLVED ONLY),UNKNOWN/NA,IN ROADWAY,TEST NOT OFFERED,,30,CLEAR,DAYLIGHT,PEDALCYCLIST,NOT DIVIDED,STRAIGHT AND LEVEL,DRY,NO INJURY / DRIVE AWAY,VAN BUREN ST,41.8768417103,-87.6425734101,POINT (-87.642573410054 41.876841710277)
O1900194,BICYCLE,0b67bc283c64a988f2aca01ce754c3da4017a2a6685ed2be13a9604de54309a2069f0f0aa6cdde11d94a481ef170c5ceba4a682c5ae6cb93c6b2ef42c580fbc7,09/05/2024 05:26:00 PM,M,14.0,HELMET NOT USED,CROSSING - NO CONTROLS (NOT AT INTERSECTION),IN ROADWAY,TEST NOT OFFERED,,30,CLEAR,DAYLIGHT,PEDALCYCLIST,FOUR WAY,STRAIGHT AND LEVEL,DRY,INJURY AND / OR TOW DUE TO CRASH,ADDISON ST,41.9455559266,-87.7861075229,POINT (-87.786107522854 41.945555926601)
O1900262,BICYCLE,dcfa8402fa32cb015144376223cbc890d98ced1b6459cc13f51ed23fc4549408105733a6b5369c3dacefd0c55199b50a9909c82e716d70cb97742dcd3eb7acbc,09/05/2024 05:23:00 PM,M,14.0,HELMET NOT USED,WITH TRAFFIC,IN ROADWAY,TEST NOT OFFERED,,30,CLEAR,DAYLIGHT,PEDALCYCLIST,ONE-WAY,STRAIGHT AND LEVEL,DRY,INJURY AND / OR TOW DUE TO CRASH,CICERO AVE,41.9260538485,-87.7462219565,POINT (-87.746221956496 41.926053848489)
O1900230,BICYCLE,94bb37947f9295a7cd78187510d56573df457bb5808e7a672c6872e1494a7e10170166114358c389420f8e636ef7effa6f07c7e40847a7400b63e84caff66833,09/05/2024 05:13:00 PM,M,26.0,BICYCLE HELMET (PEDACYCLIST INVOLVED ONLY),WITH TRAFFIC,BIKE LANE,TEST NOT OFFERED,,30,CLEAR,DAYLIGHT,PEDALCYCLIST,DIVIDED - W/MEDIAN (NOT RAISED),STRAIGHT AND LEVEL,DRY,INJURY AND / OR TOW DUE TO CRASH,DAMEN AVE,41.9558086096,-87.6786580515,POINT (-87.678658051539 41.95580860964)
O1900300,BICYCLE,282d56f3a7afe87b40082c6b0523ad709a6731def67e5569b43744ff23f191bceefbe3675ef3d5563e3c305c55d458caff12bcf3dd31396b352970787fd28cd6,09/05/2024 04:56:00 PM,M,21.0,BICYCLE HELMET (PEDACYCLIST INVOLVED ONLY),WITH TRAFFIC,BIKE LANE,TEST NOT OFFERED,,35,CLEAR,DAWN,PEDALCYCLIST,NOT DIVIDED,STRAIGHT AND LEVEL,DRY,INJURY AND / OR TOW DUE TO CRASH,WABASH AVE,41.8381911425,-87.6252838404,POINT (-87.625283840392 41.838191142492)
O1900260,BICYCLE,e3a92f51479b246b0c7c621e547ecfc69d4de306ab35c4edb076a6cc27cad2d9fe301181b2648a5787877764810695028aed7181f58d47cbc4670d4404ac54b9,09/05/2024 04:47:00 PM,F,33.0,HELMET NOT USED,WITH TRAFFIC,BIKE LANE,TEST NOT OFFERED,,30,CLEAR,DAYLIGHT,PEDALCYCLIST,NOT DIVIDED,STRAIGHT AND LEVEL,DRY,INJURY AND / OR TOW DUE TO CRASH,DEARBORN PKWY,41.9109488768,-87.6300519017,POINT (-87.630051901659 41.91094887684)
O1900255,BICYCLE,96796a996a95689fff93ae1217fc1b579f2eb9c96fc692b6e546d954b9c7f54f0087c5e9fd0bd9e23afc5b76fe52d472b1adf4b6a47caabe4d131fb42824cdff,09/05/2024 04:43:00 PM,M,29.0,HELMET NOT USED,TURNING LEFT,IN ROADWAY,TEST NOT OFFERED,,20,CLEAR,DAYLIGHT,PEDALCYCLIST,DIVIDED - W/MEDIAN (NOT RAISED),STRAIGHT AND LEVEL,DRY,INJURY AND / OR TOW DUE TO CRASH,OAK ST,41.9006525832,-87.6344285506,POINT (-87.634428550638 41.900652583173)
O1900108,BICYCLE,14f4c4289cbadfae0be9bc8e965b0138e39d75635248c92e66946f07157bf6576bb24813b5b607d1c8e4a74c5ad5c5297ba4b44b5a198996073c711a034eb05d,09/05/2024 03:30:00 PM,M,24.0,BICYCLE HELMET (PEDACYCLIST INVOLVED ONLY),CROSSING - WITH SIGNAL,BIKEWAY,TEST NOT OFFERED,Y,30,CLEAR,DAYLIGHT,PEDALCYCLIST,DIVIDED - W/MEDIAN (NOT RAISED),STRAIGHT AND LEVEL,DRY,NO INJURY / DRIVE AWAY,HALSTED ST,41.8900733006,-87.6474623508,POINT (-87.647462350782 41.890073300607)
O1904126,NON-MOTOR VEHICLE,8ef34d803db7ee77ee7a2d6dec6e401e4eaa6cd79815e360cadaecc25cf149dc2f4b06c4e9718295f7c5e3d9c899c9046cbfc190354fcc7477dd2200d8e52ada,09/05/2024 02:37:00 PM,M,31.0,NONE PRESENT,TURNING LEFT,IN ROADWAY,TEST NOT OFFERED,,30,CLEAR,DAYLIGHT,OTHER OBJECT,NOT DIVIDED,STRAIGHT AND LEVEL,DRY,INJURY AND / OR TOW DUE TO CRASH,MADISON ST,41.8802643299,-87.7549033129,POINT (-87.754903312922 41.880264329918)
O1900443,BICYCLE,39f5d2ccd28146cd14f8e98d235ffd76b307d9309be97582bf7868bf6987ad072540d25f5995e74f607fc8374c555a80541d38c62c931dfc66550d45d3ab8fd9,09/05/2024 09:10:00 AM,M,,HELMET NOT USED,UNKNOWN/NA,IN ROADWAY,TEST NOT OFFERED,,30,CLEAR,DAYLIGHT,PEDALCYCLIST,T-INTERSECTION,STRAIGHT AND LEVEL,DRY,NO INJURY / DRIVE AWAY,CHICAGO AVE,41.8953814159,-87.7311708968,POINT (-87.731170896805 41.895381415867)
O1899846,BICYCLE,b51783dd0b5bba9aa0f4a9e9be68b144f1a529e196c1ee0b429f2edb9a8ff8db5a20a3198f4676114294487401c979d703d4ef3a5547bcd94a315e20979b4d77,09/05/2024 09:05:00 AM,F,61.0,HELMET NOT USED,NO ACTION,BIKE LANE,TEST NOT OFFERED,,35,CLEAR,DAYLIGHT,PEDALCYCLIST,NOT DIVIDED,STRAIGHT AND LEVEL,DRY,INJURY AND / OR TOW DUE TO CRASH,ARMITAGE AVE,41.9179380112,-87.6573018962,POINT (-87.657301896175 41.917938011177)
O1899787,BICYCLE,25a6ee0de13d1327fece464cc9b4259a2f4010626580b2305e007bc0ee00efed3cbbc25c52b593b4e6d29bebe74f02920b62c546e8992d0502e96ac1d7872d13,09/05/2024 08:34:00 AM,M,62.0,HELMET NOT USED,WITH TRAFFIC,IN ROADWAY,TEST NOT OFFERED,,30,CLEAR,DAYLIGHT,PEDALCYCLIST,NOT DIVIDED,STRAIGHT AND LEVEL,DRY,INJURY AND / OR TOW DUE TO CRASH,HALSTED ST,41.7874104177,-87.6448325631,POINT (-87.644832563093 41.787410417732)
O1899646,BICYCLE,d6d9b2c2eaa8dc1963d9e4801dec174bb2fd7eff63ab6760dcb3ab89444a69ba2328b750c28595f5643cf4d2fdbedb7b684810a4852a832720ade801725eeb7a,09/04/2024 10:20:00 PM,M,70.0,BICYCLE HELMET (PEDACYCLIST INVOLVED ONLY),WITH TRAFFIC,BIKE LANE,TEST NOT OFFERED,,30,CLEAR,DARKNESS,PEDALCYCLIST,NOT DIVIDED,STRAIGHT AND LEVEL,DRY,INJURY AND / OR TOW DUE TO CRASH,LINCOLN AVE,41.9411836025,-87.6695405431,POINT (-87.669540543064 41.941183602529)
O1899612,BICYCLE,98f6da22544c36f70e957a36170771280bea7fe76acecc508c5f0d2461620c18939548b1414b8f19d73412ad0a5bc2c22574e080a0cd4091f3eca94450bc86ca,09/04/2024 09:26:00 PM,F,28.0,BICYCLE HELMET (PEDACYCLIST INVOLVED ONLY),WITH TRAFFIC,IN ROADWAY,,,30,CLEAR,"DARKNESS, LIGHTED ROAD",PEDALCYCLIST,NOT DIVIDED,STRAIGHT AND LEVEL,DRY,INJURY AND / OR TOW DUE TO CRASH,CLARK ST,41.9487160474,-87.6575629788,POINT (-87.657562978811 41.948716047411)
O1900043,BICYCLE,5de8aa01b9da3ecde24afa847e7695d6c5bfb39b7d0d500bb462cdacfd0a308eef7c8cd8be0c7b644db2b555e5a9eb5e85668bbd4cc46f6e20638a0f9e5585db,09/04/2024 08:11:00 PM,M,31.0,BICYCLE HELMET (PEDACYCLIST INVOLVED ONLY),CROSSING - NO CONTROLS (NOT AT INTERSECTION),BIKE LANE,TEST NOT OFFERED,,30,CLEAR,"DARKNESS, LIGHTED ROAD",PEDALCYCLIST,DIVIDED - W/MEDIAN (NOT RAISED),STRAIGHT AND LEVEL,DRY,INJURY AND / OR TOW DUE TO CRASH,MILWAUKEE AVE,41.9195216143,-87.6915871618,POINT (-87.691587161795 41.919521614275)
O1899560,BICYCLE,7525fc47cd10b2e84fe21da92ac690b7f966f586bf8237aab5234e6334a63636f6cd0b67fcf09dc1774c664960f2b7ba635155c2fe3c5ec8e933c9bbd13ac88a,09/04/2024 07:18:00 PM,F,26.0,HELMET NOT USED,CROSSING - NO CONTROLS (NOT AT INTERSECTION),IN CROSSWALK,TEST NOT OFFERED,,30,CLEAR,DAYLIGHT,PEDALCYCLIST,DRIVEWAY,STRAIGHT AND LEVEL,DRY,INJURY AND / OR TOW DUE TO CRASH,WESTERN AVE,41.9984972182,-87.6897587862,POINT (-87.689758786248 41.998497218236)
O1905746,BICYCLE,1ceee3f0d01c21cbdcd6bc18a0388a96298dcfe3f01e0735277e2975b696989ba2354453cf6c4af1c7777d93fc997a40e13d8d8a6f5e0992423d4ebe81acd60e,09/04/2024 07:00:00 PM,M,59.0,HELMET NOT USED,WITH TRAFFIC,IN CROSSWALK,TEST NOT OFFERED,,30,CLEAR,DAYLIGHT,PEDALCYCLIST,DIVIDED - W/MEDIAN (NOT RAISED),STRAIGHT AND LEVEL,DRY,INJURY AND / OR TOW DUE TO CRASH,SOUTH CHICAGO AVE,41.7370429734,-87.5656969534,POINT (-87.565696953391 41.737042973423)
O1902745,BICYCLE,2532246131d2a3fec420e810333e90e28a3dab8ebd66b6d4283c1d1279132cb90f10b054f336a55d24948adc126dedcc387f002bf240a9d062cc46373f12e8e7,09/04/2024 07:00:00 PM,F,,BICYCLE HELMET (PEDACYCLIST INVOLVED ONLY),WITH TRAFFIC,UNKNOWN/NA,TEST NOT OFFERED,Y,30,CLEAR,DAYLIGHT,PEDALCYCLIST,NOT DIVIDED,STRAIGHT AND LEVEL,DRY,INJURY AND / OR TOW DUE TO CRASH,BROADWAY,41.941883022,-87.644605003,POINT (-87.644605003003 41.941883022027)
O1900039,BICYCLE,ad0e90989e953d7f0ac090b0c9870b575d92991b63b6d2fb85b20d286aa970fbcec431ef873263dfed64f229014da3996a63708a749436776e83f267f68bb8c9,09/04/2024 06:40:00 PM,M,14.0,HELMET NOT USED,CROSSING - WITH SIGNAL,IN ROADWAY,TEST NOT OFFERED,,30,CLEAR,DAYLIGHT,PEDALCYCLIST,DIVIDED - W/MEDIAN (NOT RAISED),STRAIGHT AND LEVEL,DRY,INJURY AND / OR TOW DUE TO CRASH,MILWAUKEE AVE,41.9390168998,-87.7239624351,POINT (-87.723962435085 41.939016899753)
O1899556,BICYCLE,a5184bb6f7ad6d632c1351f490c0253f6a0d2bbf1e5b1d625415d1e8c87a9ea7f69a4352c9c5dc2333fc48d19198b4a4b482a53f5ea13e7e0cd8f864aacde3a5,09/04/2024 06:37:00 PM,M,61.0,BICYCLE HELMET (PEDACYCLIST INVOLVED ONLY),OTHER ACTION,BIKEWAY,TEST NOT OFFERED,,30,CLEAR,DAYLIGHT,PEDALCYCLIST,NOT DIVIDED,STRAIGHT AND LEVEL,DRY,INJURY AND / OR TOW DUE TO CRASH,106TH ST,41.7028082252,-87.5284491098,POINT (-87.528449109841 41.702808225175)
O1903982,BICYCLE,9839e3a824b664592bd0fac31d76e38c8fc49357fd7b03aadf7db71f56d841e20335b21cecfebcbc84ce1b2a61fdc272b8544dd5a166ac0f6ab6e600bd3cca4f,09/04/2024 06:30:00 PM,M,,HELMET NOT USED,WITH TRAFFIC,IN ROADWAY,TEST NOT OFFERED,,30,CLEAR,DAYLIGHT,PEDALCYCLIST,NOT DIVIDED,STRAIGHT AND LEVEL,DRY,INJURY AND / OR TOW DUE TO CRASH,CLARK ST,41.9761508088,-87.6682667663,POINT (-87.668266766319 41.976150808808)
O1900565,BICYCLE,28120a7a42789f75386f73cacdd411a618b69ce0f05dcf9e88b89be407b1ebd755609f1e6246df124edfd729584b02a50830017fa39f2d172e12a7cd4f38b1a8,09/04/2024 06:05:00 PM,M,24.0,HELMET NOT USED,NO ACTION,IN CROSSWALK,TEST NOT OFFERED,Y,30,UNKNOWN,UNKNOWN,PEDALCYCLIST,NOT DIVIDED,STRAIGHT AND LEVEL,UNKNOWN,NO INJURY / DRIVE AWAY,LAWRENCE AVE,41.9682669785,-87.7157454718,POINT (-87.715745471834 41.968266978458)
O1899448,BICYCLE,d058fd2c874300a5ed55ba60634b9a16510b762da39404807671d3b518ccfbdefaff1c32166c58a09356ba908b859398ce68604574da47c2bfc478371bf9a4cb,09/04/2024 05:30:00 PM,M,24.0,HELMET NOT USED,CROSSING - NO CONTROLS (NOT AT INTERSECTION),IN ROADWAY,TEST NOT OFFERED,,30,CLEAR,DAYLIGHT,PEDALCYCLIST,NOT DIVIDED,STRAIGHT AND LEVEL,DRY,INJURY AND / OR TOW DUE TO CRASH,DIVISION ST,41.9037127756,-87.6510698931,POINT (-87.651069893054 41.903712775636)
O1903583,BICYCLE,f6da6c7f40a3147877f7c22e3a240e8a42de007958c03845bb297069a328e7f69d89bd6ca70cba781d26c2d6be0baf770b157c247b923a7f8510eff3c267b8ea,09/04/2024 05:30:00 PM,F,27.0,HELMET NOT USED,WITH TRAFFIC,IN ROADWAY,TEST NOT OFFERED,,30,UNKNOWN,UNKNOWN,PEDALCYCLIST,ONE-WAY,STRAIGHT AND LEVEL,UNKNOWN,NO INJURY / DRIVE AWAY,RANDOLPH ST,41.8845748965,-87.6354506948,POINT (-87.635450694754 41.884574896475)
O1899443,BICYCLE,f8e38c0ac33d983cdea5e2806583ce91e45dc2db6ca75b1de0cb09c044284f26b845c692c3fee1800e22f61f11c864ef93713816ebd790ca0cc94359eb46372c,09/04/2024 05:25:00 PM,M,31.0,BICYCLE HELMET (PEDACYCLIST INVOLVED ONLY),TURNING LEFT,IN ROADWAY,TEST NOT OFFERED,,30,CLEAR,DAYLIGHT,PEDALCYCLIST,FOUR WAY,STRAIGHT AND LEVEL,DRY,NO INJURY / DRIVE AWAY,ASHLAND AVE,41.9850210679,-87.6700050747,POINT (-87.670005074744 41.98502106791)
O1899161,BICYCLE,180277f170fd51f5344eec05b15a8c28e8057adbea7cf9a9eff7440e6e95e05355136dd839291b879cbfc710eb81582572e3621896c77a02326d20919b960a56,09/04/2024 12:48:00 PM,M,60.0,HELMET NOT USED,CROSSING - AGAINST SIGNAL,IN CROSSWALK,TEST NOT OFFERED,,30,CLEAR,DAYLIGHT,PEDALCYCLIST,NOT DIVIDED,STRAIGHT AND LEVEL,DRY,NO INJURY / DRIVE AWAY,HALSTED ST,41.7687443409,-87.6446513782,POINT (-87.644651378169 41.768744340933)
O1899172,BICYCLE,0711f7d8faa7ced4d8d3b757459cf749cf46d60cc5140a56cfe86af065b381a6685f62752e8c971a7682a1042fef9722e248936f4eab57b6902166766beba08f,09/04/2024 12:12:00 PM,F,20.0,BICYCLE HELMET (PEDACYCLIST INVOLVED ONLY),AGAINST TRAFFIC,IN CROSSWALK,TEST NOT OFFERED,,30,CLEAR,DAYLIGHT,PEDALCYCLIST,FOUR WAY,STRAIGHT AND LEVEL,DRY,INJURY AND / OR TOW DUE TO CRASH,FULTON ST,41.8868797576,-87.6769167721,POINT (-87.676916772121 41.886879757638)
O1899099,BICYCLE,2440d7824c0e4b4cb9e3305560df2fb08f0ca9fbda9e94c747e8a661f7a5ab127e13df7d29c2cc80ee1ccfa07f2f3280286a6d59e118ab6485f604ff5cb9c61c,09/04/2024 10:07:00 AM,M,18.0,HELMET NOT USED,CROSSING - AGAINST SIGNAL,IN CROSSWALK,TEST NOT OFFERED,,35,CLEAR,DAYLIGHT,PEDALCYCLIST,DIVIDED - W/MEDIAN (NOT RAISED),STRAIGHT AND LEVEL,UNKNOWN,INJURY AND / OR TOW DUE TO CRASH,AUSTIN AVE,41.9205367298,-87.7754563107,POINT (-87.775456310656 41.920536729807)
O1899041,BICYCLE,376b0c8c078e3c3c5e94ba158ab49d5eba04f7cabab4868b6b1643db077bb16eafcd2de24494955a74bed94e2bb1efb28a775f0884a3872cb91f5bdbc34c38f1,09/04/2024 07:40:00 AM,M,15.0,HELMET NOT USED,CROSSING - NO CONTROLS (AT INTERSECTION),IN ROADWAY,,,30,CLEAR,DAYLIGHT,PEDALCYCLIST,FOUR WAY,STRAIGHT AND LEVEL,DRY,INJURY AND / OR TOW DUE TO CRASH,WOLCOTT AVE,41.9761182158,-87.6765558616,POINT (-87.676555861646 41.976118215804)
O1898967,BICYCLE,9059c5b7df5c1474f6d2cbf78e054b8fdc5927d1b90b5650e3173c7a18ec6e2a57368cfa08adb452adbe22ba502e5bbcc24d00d2481ea0c7171e357c2144a8ae,09/04/2024 07:25:00 AM,M,,HELMET NOT USED,CROSSING - WITH SIGNAL,BIKEWAY,TEST NOT OFFERED,,30,CLEAR,DAYLIGHT,PEDALCYCLIST,NOT DIVIDED,STRAIGHT AND LEVEL,DRY,NO INJURY / DRIVE AWAY,ROOSEVELT RD,41.8675238585,-87.6273838639,POINT (-87.627383863898 41.867523858508)
O1899648,BICYCLE,d59f24363c08660f5923f0451d97ae29d9123b30abaf84ea371a797b45b5e37b8434dd834e4c2770761a28f94a3b42c0ff3dcf7bdb8d6002f92e5c95d5e64fa5,09/04/2024 06:25:00 AM,M,22.0,HELMET NOT USED,CROSSING - WITH SIGNAL,IN CROSSWALK,TEST NOT OFFERED,,30,CLEAR,DAYLIGHT,PEDALCYCLIST,NOT DIVIDED,STRAIGHT AND LEVEL,DRY,INJURY AND / OR TOW DUE TO CRASH,LAWNDALE AVE,41.7787231634,-87.7155478208,POINT (-87.715547820757 41.778723163419)
O1898781,BICYCLE,7c3bbc8ee64a336c888bc440a995d7c38d3fc4bd3479f1a40922c7e1fad7b4fed334f1a76338382520556f85fda81e9c01db395b962e8f56630125b86242b05c,09/03/2024 07:30:00 PM,M,,HELMET NOT USED,WITH TRAFFIC,IN ROADWAY,TEST NOT OFFERED,,30,CLEAR,DAYLIGHT,PEDALCYCLIST,DIVIDED - W/MEDIAN (NOT RAISED),STRAIGHT AND LEVEL,DRY,INJURY AND / OR TOW DUE TO CRASH,NORTH AVE,41.9107887997,-87.6641714518,POINT (-87.66417145178 41.91078879972)
O1898839,NON-MOTOR VEHICLE,6f0778e48a95144acaafd78e003c04523344b81c94c771fd7bb875f9124a6b8283364baa7a8763dfa006f6496853e9d64b02c637f6fc04910ef59c2113a2d22d,09/03/2024 06:44:00 PM,M,37.0,USAGE UNKNOWN,WITH TRAFFIC,IN ROADWAY,TEST NOT OFFERED,,30,CLEAR,DAYLIGHT,OTHER OBJECT,NOT DIVIDED,STRAIGHT AND LEVEL,UNKNOWN,INJURY AND / OR TOW DUE TO CRASH,BELMONT AVE,41.9384853472,-87.7648905488,POINT (-87.764890548755 41.938485347151)
O1898635,BICYCLE,33453157891ec274914f3c1ef18f0e5f248ee89222141fa2b61331e472fe869b7799950f60c0ff99434386958c9d4fabd3fd4330b723b69771cc6d7729a4c940,09/03/2024 06:10:00 PM,M,29.0,BICYCLE HELMET (PEDACYCLIST INVOLVED ONLY),WITH TRAFFIC,IN ROADWAY,TEST NOT OFFERED,,30,CLEAR,DAYLIGHT,PEDALCYCLIST,NOT DIVIDED,STRAIGHT AND LEVEL,DRY,INJURY AND / OR TOW DUE TO CRASH,SAWYER AVE,41.8444069537,-87.7063994309,POINT (-87.706399430862 41.844406953676)
O1898758,BICYCLE,87388d5ac001aebee3cb738d07c2ceee5ba88828f987d9f5d2b6cacb8950c1189b94c706973ae8607f148538ec9f29c1ee9010e195dcf5f2e4015222611bb781,09/03/2024 06:05:00 PM,M,42.0,HELMET NOT USED,CROSSING - WITH SIGNAL,IN CROSSWALK,,,20,CLEAR,DAYLIGHT,PEDALCYCLIST,T-INTERSECTION,STRAIGHT AND LEVEL,DRY,INJURY AND / OR TOW DUE TO CRASH,53RD ST,41.7971189246,-87.7001345679,POINT (-87.700134567941 41.797118924562)
O1900018,BICYCLE,adc536f2c0152e075bed03166a35b665e722a6d9ff5b3e146a4be50de4e979963653faaedf676791cc48e02aa345d100ba8ffc3f7a83e5caafd968d05e27b3d8,09/03/2024 06:00:00 PM,F,26.0,BICYCLE HELMET (PEDACYCLIST INVOLVED ONLY),CROSSING - WITH SIGNAL,IN CROSSWALK,TEST NOT OFFERED,,30,UNKNOWN,UNKNOWN,PEDALCYCLIST,FOUR WAY,STRAIGHT AND LEVEL,UNKNOWN,INJURY AND / OR TOW DUE TO CRASH,ROSCOE ST,41.9436013198,-87.6591967877,POINT (-87.659196787745 41.94360131985)
O1905512,BICYCLE,1f9188c2567807ff6fdcb7526c675892ac423c94fa0469dfb35462c7990a05de63051db471d05c58bf3a09a205aed89db1a3daada8e7a410eb808fb022321a1e,09/03/2024 04:30:00 PM,M,36.0,HELMET NOT USED,WITH TRAFFIC,BIKE LANE,TEST NOT OFFERED,,30,UNKNOWN,DAYLIGHT,PEDALCYCLIST,Y-INTERSECTION,STRAIGHT AND LEVEL,UNKNOWN,INJURY AND / OR TOW DUE TO CRASH,MILWAUKEE AVE,41.8919185024,-87.6484922236,POINT (-87.64849222361 41.891918502419)
O1899580,BICYCLE,2388ee7fe261cca8010a6e999112af8b8bb1215809c6ea6bdb50fe79880788a1c2844a0b87e8ef891e103b7c55aa04f9f9ff326160266eb7a331d694ab600c0a,09/03/2024 03:45:00 PM,M,,HELMET NOT USED,WITH TRAFFIC,UNKNOWN/NA,TEST NOT OFFERED,,30,UNKNOWN,DAYLIGHT,PEDALCYCLIST,DIVIDED - W/MEDIAN (NOT RAISED),STRAIGHT AND LEVEL,UNKNOWN,NO INJURY / DRIVE AWAY,BELMONT AVE,41.9394410199,-87.7076723447,POINT (-87.707672344742 41.939441019937)