PERSON_ID,PERSON_TYPE,CRASH_RECORD_ID,CRASH_DATE_x,SEX,AGE,SAFETY_EQUIPMENT,PEDPEDAL_ACTION,PEDPEDAL_LOCATION,BAC_RESULT,CRASH_DATE_EST_I,POSTED_SPEED_LIMIT,WEATHER_CONDITION,LIGHTING_CONDITION,FIRST_CRASH_TYPE,TRAFFICWAY_TYPE,ALIGNMENT,ROADWAY_SURFACE_COND,CRASH_TYPE,STREET_NAME,LATITUDE,LONGITUDE,LOCATION
O1898491,BICYCLE,27a443401b485204c8d3631fdda4209055d04efaa16ac568479b27137254504cfeade0990f02ad024935a32ebc275dcb5ee280c35ccddec48dc078e7c33792cd,09/03/2024 03:20:00 PM,M,,HELMET NOT USED,CROSSING - NO CONTROLS (AT INTERSECTION),UNKNOWN/NA,TEST NOT OFFERED,,30,CLEAR,DAYLIGHT,PEDALCYCLIST,FOUR WAY,STRAIGHT AND LEVEL,DRY,NO INJURY / DRIVE AWAY,GLENLAKE AVE,41.9920276122,-87.7289292845,POINT (-87.728929284486 41.992027612151)
O1898372,BICYCLE,c8e81dce01de220108bb6cd4c03f2ecdb416583110733a0ecb09e47274f54a984c3c9f10cbbd55e3f75cdcb91b6ae134e21a61a09605800fd1563038eaec4ae4,09/03/2024 01:00:00 PM,M,45.0,HELMET NOT USED,NO ACTION,UNKNOWN/NA,TEST NOT OFFERED,,35,CLEAR,DAYLIGHT,PEDALCYCLIST,NOT DIVIDED,STRAIGHT AND LEVEL,DRY,NO INJURY / DRIVE AWAY,WESTERN AVE,41.779709785,-87.6835066138,POINT (-87.683506613814 41.779709784965)
O1898310,BICYCLE,e2ef5b7e87cd314e3b42b309151b63199c14e9b8753d77e1d828b934d12e5d017837fc5ea656a190b39efac2b19b29006894c7bac79fc09e1bf5da707f56757a,09/03/2024 12:30:00 PM,M,,HELMET NOT USED,OTHER ACTION,BIKE LANE,TEST NOT OFFERED,,25,CLEAR,DAYLIGHT,PEDALCYCLIST,T-INTERSECTION,STRAIGHT AND LEVEL,UNKNOWN,NO INJURY / DRIVE AWAY,28TH ST,41.8433997976,-87.6463494343,POINT (-87.646349434279 41.843399797634)
O1898133,NON-MOTOR VEHICLE,c81d12a8a17d704f2b44c00d3f76efaa9951ea530d2230c1d2be546831ffbf688d2dc8cd74cfcf21668229254ba231c85111960ee1d321f1aa518e3db462a86c,09/03/2024 08:58:00 AM,M,25.0,USAGE UNKNOWN,CROSSING - AGAINST SIGNAL,IN CROSSWALK,TEST NOT OFFERED,,30,CLEAR,DAYLIGHT,FIXED OBJECT,DIVIDED - W/MEDIAN (NOT RAISED),STRAIGHT AND LEVEL,DRY,INJURY AND / OR TOW DUE TO CRASH,OGDEN AVE,41.8577672821,-87.7053026605,POINT (-87.705302660485 41.857767282053)
O1898113,BICYCLE,f80410838637f3af32b768d72cc98553133f8c4ede218bb63121eb7ca77398aa9c2ae863cb5463038b23d7e0d395bd736b7d932a8985b431bd1adfa8146d2473,09/03/2024 07:53:00 AM,M,29.0,HELMET NOT USED,WITH TRAFFIC,IN ROADWAY,TEST NOT OFFERED,,30,CLEAR,DAYLIGHT,PEDALCYCLIST,TRAFFIC ROUTE,STRAIGHT AND LEVEL,DRY,INJURY AND / OR TOW DUE TO CRASH,ROSCOE ST,41.942467487,-87.7395411686,POINT (-87.739541168626 41.942467487023)
O1898115,BICYCLE,1c3827cd86271271e33b4afa382ea5c2ebf215fb10fb284b325bc59d893dd85296b0a3ed227482b0f71867a74016d4de249439c6f10c756e13a3cf37cd0977b2,09/03/2024 07:30:00 AM,M,29.0,HELMET NOT USED,CROSSING - WITH SIGNAL,IN CROSSWALK,TEST NOT OFFERED,,30,CLEAR,DAYLIGHT,PEDALCYCLIST,TRAFFIC ROUTE,STRAIGHT AND LEVEL,DRY,INJURY AND / OR TOW DUE TO CRASH,FULLERTON PKWY,41.9257655547,-87.6366512733,POINT (-87.636651273282 41.925765554709)
O1898072,BICYCLE,93ea9d65042be3715409ae5a35dfbbe1a76ccaa860075b997aa26fb12bd3e7c5dd1e290f4c3505f768e08c206655d0a3c5f809c2d63d08b418d944fd3b6121ca,09/03/2024 07:20:00 AM,F,29.0,BICYCLE HELMET (PEDACYCLIST INVOLVED ONLY),NO ACTION,BIKE LANE,TEST NOT OFFERED,,30,CLEAR,DAYLIGHT,PEDALCYCLIST,FOUR WAY,STRAIGHT AND LEVEL,DRY,INJURY AND / OR TOW DUE TO CRASH,HALSTED ST,41.8805588021,-87.6471767092,POINT (-87.647176709191 41.880558802132)
O1898086,BICYCLE,33267eed74e1ba180c29d7aba41a4584ca2de0a87e26ef13a83931449af0c4b1ab2898503b54121443f00e640c9d416a6a5291522e2a68621f47ebc11368b23f,09/03/2024 06:55:00 AM,M,21.0,HELMET NOT USED,CROSSING - WITH SIGNAL,IN CROSSWALK,TEST NOT OFFERED,,30,CLEAR,DAYLIGHT,PEDALCYCLIST,FOUR WAY,STRAIGHT AND LEVEL,DRY,INJURY AND / OR TOW DUE TO CRASH,47TH ST,41.8085422443,-87.6845482018,POINT (-87.684548201832 41.808542244315)
O1898049,BICYCLE,7f7e2c53bd3b135546684cd90332bb5a3417545c30be851556bb83968c279ad0fc76f27c07ccc887e39c7404eff12451bd86e3e96d8580f9222a6f3b16f21332,09/03/2024 06:30:00 AM,M,,BICYCLE HELMET (PEDACYCLIST INVOLVED ONLY),AGAINST TRAFFIC,UNKNOWN/NA,TEST NOT OFFERED,,30,CLEAR,DAYLIGHT,PEDALCYCLIST,RAMP,STRAIGHT AND LEVEL,DRY,NO INJURY / DRIVE AWAY,LAKE SHORE DR SB,41.9261607198,-87.6315146648,POINT (-87.631514664826 41.926160719812)
O1897872,BICYCLE,173ad5b215616c57bee67491907d341e1ccfb503b409f0cd7f16321a70178afd27920fecdda925ee0b6dd875ce71d54f2c256303b84cd33cc7894c7198cb80d8,09/02/2024 05:45:00 PM,M,25.0,BICYCLE HELMET (PEDACYCLIST INVOLVED ONLY),WITH TRAFFIC,BIKE LANE,TEST NOT OFFERED,,30,CLEAR,DAYLIGHT,PEDALCYCLIST,DIVIDED - W/MEDIAN (NOT RAISED),STRAIGHT AND LEVEL,DRY,INJURY AND / OR TOW DUE TO CRASH,CLARK ST,41.9045377201,-87.6316127242,POINT (-87.631612724157 41.904537720136)
O1897879,BICYCLE,0ee5254717c8b5e164349fe7d126b734124a8e77820859b134930b4c17fd91ef7b8f87f0cd527a45dbae61a0f7c31ed7171ea6354e4eb6c0e9bb9b4474ce7332,09/02/2024 05:08:00 PM,M,25.0,BICYCLE HELMET (PEDACYCLIST INVOLVED ONLY),CROSSING - AGAINST SIGNAL,IN ROADWAY,TEST NOT OFFERED,,30,CLEAR,DAYLIGHT,PEDALCYCLIST,DIVIDED - W/MEDIAN (NOT RAISED),STRAIGHT AND LEVEL,DRY,INJURY AND / OR TOW DUE TO CRASH,DR MARTIN LUTHER KING JR DR,41.8237769784,-87.6168485758,POINT (-87.616848575829 41.823776978401)
O1897799,BICYCLE,99faacd43fb8626e926acfa269870d5468c6226f43d0ad6e9ca7ee7d9b12d867ed4a352f49adbf4c3de25c7e89512298dc786a18f9cf4cc83c9e6bf9595ed291,09/02/2024 04:24:00 PM,M,68.0,HELMET NOT USED,UNKNOWN/NA,IN ROADWAY,TEST NOT OFFERED,,30,CLEAR,DAYLIGHT,PEDALCYCLIST,DIVIDED - W/MEDIAN (NOT RAISED),STRAIGHT AND LEVEL,DRY,INJURY AND / OR TOW DUE TO CRASH,WILSON AVE,41.9653546414,-87.6525154708,POINT (-87.652515470807 41.965354641377)
O1907245,BICYCLE,c52eac07d5544fddc946e50d0ff9e835d325336689c1a058413df3be684c25e915bfff4aa18dc8a3476ffe1cbff59d4b0df124a5a2c9625b7a616299f7e7e130,09/02/2024 04:07:00 PM,M,26.0,HELMET NOT USED,CROSSING - WITH SIGNAL,IN ROADWAY,TEST NOT OFFERED,,30,CLEAR,DAYLIGHT,PEDALCYCLIST,NOT DIVIDED,STRAIGHT AND LEVEL,DRY,INJURY AND / OR TOW DUE TO CRASH,DIVERSEY PKWY,41.932682899,-87.6452720798,POINT (-87.645272079818 41.93268289898)
O1905465,NON-MOTOR VEHICLE,2a1342eaff1197b04e7f6070db696e2b812e0d16edbb857550a938d624441ec73b8ac5a206782c079771df2ace5446acd9a602027a72dbe041da945d03e34e1a,09/02/2024 10:00:00 AM,,,USAGE UNKNOWN,CROSSING - WITH SIGNAL,IN CROSSWALK,TEST NOT OFFERED,,30,CLEAR,DAYLIGHT,ANIMAL,T-INTERSECTION,STRAIGHT AND LEVEL,DRY,NO INJURY / DRIVE AWAY,PULASKI RD,41.8114467435,-87.7238680306,POINT (-87.723868030607 41.811446743513)
O1900445,BICYCLE,bbe6fc6671152322a3d61ec88d36404d17edec292f02200e2b08c8e3b92520633bc3de08ad7ae64fcdce5423052d14b01ae0bcce59616b4196cda85e8b448e53,09/01/2024 07:15:00 PM,M,42.0,BICYCLE HELMET (PEDACYCLIST INVOLVED ONLY),CROSSING - CONTROLS PRESENT (NOT AT INTERSECTION),UNKNOWN/NA,TEST NOT OFFERED,,25,CLEAR,DAYLIGHT,PEDALCYCLIST,NOT DIVIDED,STRAIGHT AND LEVEL,DRY,INJURY AND / OR TOW DUE TO CRASH,DIVERSEY AVE,41.9312206342,-87.7780238068,POINT (-87.778023806757 41.931220634194)
O1897253,BICYCLE,a7578d93b19525f4befc28a99f0a80eeef339f0722804b42cbf7136e261b337983639d1759341a0d9e152d1a7db8f4366748ec6617ca239f2cb02a638fc3b85d,09/01/2024 04:20:00 PM,M,13.0,HELMET NOT USED,CROSSING - WITH SIGNAL,IN CROSSWALK,TEST NOT OFFERED,,30,CLEAR,DAYLIGHT,PEDALCYCLIST,ONE-WAY,STRAIGHT AND LEVEL,DRY,INJURY AND / OR TOW DUE TO CRASH,TROY ST,41.9721901876,-87.7075084153,POINT (-87.707508415253 41.972190187586)
O1897175,BICYCLE,683351d1b1bd6599e83dff9bbde99794d9aba7665d2120d0fd61f7345d27b09a7df8b61d855b25ba55b54aa31ca4d2448903ee043e6412bcf033ba68f03d7c5e,09/01/2024 02:55:00 PM,M,62.0,HELMET NOT USED,WITH TRAFFIC,IN ROADWAY,TEST NOT OFFERED,,30,CLEAR,DAYLIGHT,PEDALCYCLIST,NOT DIVIDED,STRAIGHT AND LEVEL,DRY,INJURY AND / OR TOW DUE TO CRASH,FULLERTON AVE,41.9253828358,-87.6463754782,POINT (-87.646375478182 41.925382835761)
O1916202,BICYCLE,b27280fad2ebf37ee98693a215fea74cb77d0bd5fa7ef7cc548a1c5eaafb48c1ef70918db7c4b26c9f820b20134b2e0d8763cfd6654acaeeabd2dd6d7059d365,09/01/2024 02:38:00 PM,F,14.0,HELMET NOT USED,UNKNOWN/NA,IN CROSSWALK,TEST NOT OFFERED,,30,CLEAR,DAYLIGHT,PEDALCYCLIST,NOT DIVIDED,STRAIGHT AND LEVEL,DRY,INJURY AND / OR TOW DUE TO CRASH,WESTERN AVE,41.8301872553,-87.6851779251,POINT (-87.685177925102 41.830187255269)
O1897049,BICYCLE,e1131a41fc524e361847e91ec7460a4ecef008d0bcc67efd890b0d1e1f3c04f64d51a95681aaf87b231622d8cb60d88c892bb75a2b8765aeb979ef4def7cf09b,09/01/2024 10:50:00 AM,M,36.0,HELMET NOT USED,CROSSING - AGAINST SIGNAL,IN CROSSWALK,TEST NOT OFFERED,,30,CLEAR,DAYLIGHT,PEDALCYCLIST,FOUR WAY,STRAIGHT AND LEVEL,DRY,INJURY AND / OR TOW DUE TO CRASH,KEELER AVE,41.9608072552,-87.7325671679,POINT (-87.732567167864 41.960807255193)
O1903795,BICYCLE,2a28bbd623483513e314b9b67da5872364e0f5a9a2004b0ad6dc626428c65ea5b97dd8669ea9deedeed54dc8d3399f86d0d5f715e83f9228294038dd37a8d082,09/01/2024 12:32:00 AM,F,43.0,HELMET NOT USED,TURNING LEFT,IN CROSSWALK,TEST NOT OFFERED,,30,CLEAR,"DARKNESS, LIGHTED ROAD",PEDALCYCLIST,FOUR WAY,STRAIGHT AND LEVEL,DRY,INJURY AND / OR TOW DUE TO CRASH,HALSTED ST,41.8899869124,-87.6477586401,POINT (-87.647758640142 41.88998691243)
O1896620,BICYCLE,00334e60f2d36905d343a234c7d773b20ddb809a01928f5f3937e2275da7ae39172d050fabb20c55a63a4946ee8a4aa87faa8c17d94f2a6f1c49ea692fe2702a,08/31/2024 07:55:00 PM,M,29.0,HELMET NOT USED,WITH TRAFFIC,IN ROADWAY,TEST NOT OFFERED,,30,CLEAR,"DARKNESS, LIGHTED ROAD",PEDALCYCLIST,FOUR WAY,STRAIGHT AND LEVEL,DRY,INJURY AND / OR TOW DUE TO CRASH,51ST ST,41.8015611784,-87.6551217865,POINT (-87.655121786516 41.801561178361)
O1896587,BICYCLE,4d2c5f66312b96f3ce009674c24112400b49e6f9aec1b469259b335b0474c4fdf64e4fe4f58f548ebd51ea2a4671e8d206d640fb68334b52834744bf9095162c,08/31/2024 06:30:00 PM,M,43.0,BICYCLE HELMET (PEDACYCLIST INVOLVED ONLY),OTHER ACTION,IN ROADWAY,TEST NOT OFFERED,,30,CLEAR,DAYLIGHT,PEDALCYCLIST,DIVIDED - W/MEDIAN (NOT RAISED),STRAIGHT AND LEVEL,DRY,INJURY AND / OR TOW DUE TO CRASH,RACINE AVE,41.9489253699,-87.6590616126,POINT (-87.659061612602 41.948925369924)
O1896581,BICYCLE,b87862a70fa39230c3cecd47359dbd58ec0942218ce169d7dd46fa8e0f6f51b141d9103d6d4a26f2601f135d4b25cec179f51ba63d1733d3c883607e50e3e985,08/31/2024 06:30:00 PM,M,36.0,BICYCLE HELMET (PEDACYCLIST INVOLVED ONLY),OTHER ACTION,IN ROADWAY,TEST NOT OFFERED,,30,CLEAR,DAWN,PEDALCYCLIST,NOT DIVIDED,STRAIGHT AND LEVEL,DRY,NO INJURY / DRIVE AWAY,CLARK ST,41.9510640531,-87.659795128,POINT (-87.659795128028 41.951064053085)
O1900816,BICYCLE,8b6978c8ccbc169e03d970830b9cf69eb12c13edbc47435efbb671e0db9c6bd2c54d799786d981170c8f0cdfacf1795eb9375483e40a56adcc860776188952e8,08/31/2024 06:23:00 PM,F,29.0,HELMET NOT USED,CROSSING - WITH SIGNAL,IN ROADWAY,TEST NOT OFFERED,,30,CLEAR,DAWN,PEDALCYCLIST,FOUR WAY,STRAIGHT AND LEVEL,DRY,INJURY AND / OR TOW DUE TO CRASH,MICHIGAN AVE,41.8935582259,-87.6240740878,POINT (-87.624074087765 41.893558225922)
O1896567,BICYCLE,2dc79e0af0ac0fe40d746de2ae24be167fb77ad87845759e14fcca9079c1a8bbf8eb349a7fbc3f10efb02f93c13d92918c61b44c8b73d8348b96f76c81619778,08/31/2024 06:10:00 PM,M,32.0,HELMET NOT USED,STANDING IN ROADWAY,IN ROADWAY,TEST NOT OFFERED,,30,CLEAR,DAYLIGHT,PEDALCYCLIST,FOUR WAY,STRAIGHT AND LEVEL,DRY,NO INJURY / DRIVE AWAY,CHESTNUT ST,41.8984991783,-87.6238377069,POINT (-87.623837706938 41.898499178291)
O1896561,NON-MOTOR VEHICLE,83c5b112af3d78d6bdff08f06528d8b1b9f59a1632fc7c09396e688f9bc1e9b73621eee48635d82df9885f774fefc06d3c80741929fbacf76cb0ec7f06503c1c,08/31/2024 06:00:00 PM,F,54.0,NONE PRESENT,CROSSING - WITH SIGNAL,IN CROSSWALK,TEST NOT OFFERED,,30,CLEAR,DAYLIGHT,OTHER OBJECT,FOUR WAY,STRAIGHT AND LEVEL,DRY,INJURY AND / OR TOW DUE TO CRASH,HAMLIN AVE,41.835238431,-87.719280867,POINT (-87.719280866971 41.835238430977)
O1896501,BICYCLE,bf7f5dfb46ee13d923bc2a427a3913f1cf1f100084c718fd399c95dbb4e9685b13baad77cd1b123480d27b3afa42c3637b482e4855f5e62550944b30fe20fc95,08/31/2024 04:38:00 PM,M,23.0,HELMET NOT USED,WITH TRAFFIC,BIKEWAY,TEST NOT OFFERED,,30,CLEAR,DAYLIGHT,PEDALCYCLIST,NOT DIVIDED,STRAIGHT AND LEVEL,DRY,NO INJURY / DRIVE AWAY,CLARK ST,41.9341638974,-87.6461611983,POINT (-87.646161198255 41.93416389737)
O1896446,BICYCLE,f2e9013a1745129a670c3fcad37a4479918d2a1892ba22116ca84c5235d311aad46623f0792357d4144d05a88efd22748f9bf8e8b5af26271da4b813d4d68d2d,08/31/2024 02:47:00 PM,M,22.0,BICYCLE HELMET (PEDACYCLIST INVOLVED ONLY),CROSSING - WITH SIGNAL,BIKEWAY,TEST NOT OFFERED,,30,CLEAR,DAYLIGHT,PEDALCYCLIST,T-INTERSECTION,STRAIGHT AND LEVEL,DRY,INJURY AND / OR TOW DUE TO CRASH,UNION AVE,41.8696430275,-87.6455202921,POINT (-87.645520292114 41.869643027489)
O1896137,BICYCLE,9e26b62fea5d75590270abcf3fbf22714a732ff40df6bfbf8181d4e64f06b880ac9c8776a2f0313bbd08a5988aa192b445c0f2ab62884ad4b6c024247bde1cc8,08/31/2024 07:25:00 AM,M,52.0,HELMET NOT USED,CROSSING - WITH SIGNAL,BIKE LANE,TEST NOT OFFERED,,25,CLEAR,DAYLIGHT,PEDALCYCLIST,DIVIDED - W/MEDIAN (NOT RAISED),STRAIGHT AND LEVEL,DRY,NO INJURY / DRIVE AWAY,DAMEN AVE,41.9796274644,-87.6793661123,POINT (-87.679366112293 41.979627464364)
O1896400,BICYCLE,02197e5b3f71c6411ca64c869fec23e5b5001818bd04f3e47c0d40ce7764dfd4a9a3274b82aa7d8909ca182897bf2f6f6161c42efb6b6e83fe90531960b17690,08/31/2024 06:30:00 AM,M,31.0,HELMET NOT USED,CROSSING - NO CONTROLS (NOT AT INTERSECTION),IN ROADWAY,TEST NOT OFFERED,,30,CLEAR,DAYLIGHT,PEDALCYCLIST,NOT DIVIDED,STRAIGHT AND LEVEL,DRY,NO INJURY / DRIVE AWAY,MONROE ST,41.8805650455,-87.6493614182,POINT (-87.649361418191 41.880565045499)
O1895863,BICYCLE,b8cf676e1278b6868d6fa7b3c69795dd2c03bdd444029420d0d2ea7b0b14eb08cf0498a610cfce5d8788b13fc0c27893f3e7c3009f6561a4d768bc045dedbc59,08/30/2024 05:51:00 PM,F,23.0,BICYCLE HELMET (PEDACYCLIST INVOLVED ONLY),AGAINST TRAFFIC,IN ROADWAY,TEST NOT OFFERED,,30,CLEAR,DAYLIGHT,PEDALCYCLIST,ONE-WAY,STRAIGHT AND LEVEL,DRY,INJURY AND / OR TOW DUE TO CRASH,LELAND AVE,41.9671550928,-87.670144332,POINT (-87.670144331967 41.967155092765)
O1895809,BICYCLE,47f3cd16f4a84a8344ac58f35efce07d93b4cce8d8ec0f170d345424a14b33eabc921dd0f463359509af2d1461e44fc877e4ecce40f4fad76bdd6350cb03434a,08/30/2024 05:17:00 PM,M,65.0,HELMET NOT USED,TURNING LEFT,IN CROSSWALK,TEST NOT OFFERED,,30,CLEAR,DAYLIGHT,PEDALCYCLIST,DIVIDED - W/MEDIAN (NOT RAISED),STRAIGHT AND LEVEL,DRY,INJURY AND / OR TOW DUE TO CRASH,TORRENCE AVE,41.708077429,-87.5598068713,POINT (-87.559806871332 41.708077429042)
O1898449,BICYCLE,a9d141eb42c9ad126a45166c40ed53ba05b39733db5366d12df77c7f89e8265a867088a54e7e8706a57f16309a161a8b148a9ef26b09b40c88c528d0b75f52f0,08/30/2024 05:10:00 PM,M,58.0,HELMET NOT USED,OTHER ACTION,IN ROADWAY,,,30,CLEAR,DAYLIGHT,PEDALCYCLIST,NOT DIVIDED,STRAIGHT AND LEVEL,DRY,NO INJURY / DRIVE AWAY,DIVERSEY PKWY,41.9329659429,-87.6420795488,POINT (-87.642079548834 41.932965942907)
O1895832,BICYCLE,911087c686e49bf095945899794fa03abf512361a20deaf9d7fd6adf53da746ab5b67137c8dad60bf81449b4ed490299f439beaa12ff66c470a93bd1dffbaa50,08/30/2024 04:50:00 PM,M,63.0,BICYCLE HELMET (PEDACYCLIST INVOLVED ONLY),WITH TRAFFIC,IN CROSSWALK,TEST NOT OFFERED,,30,CLEAR,DAYLIGHT,PEDALCYCLIST,DIVIDED - W/MEDIAN (NOT RAISED),STRAIGHT AND LEVEL,DRY,INJURY AND / OR TOW DUE TO CRASH,LAWRENCE AVE,41.9688143696,-87.6826447841,POINT (-87.682644784106 41.968814369625)
O1895778,BICYCLE,ae67c877310f835a30391c95233c87d4b89683afa7e1ac830161a71720970ca782437ed77b836abb88c56c8b9d660869d6dbd41731052bff4cf8470d37ef7405,08/30/2024 04:45:00 PM,M,20.0,HELMET NOT USED,WITH TRAFFIC,SHOULDER,TEST NOT OFFERED,,25,CLEAR,DAYLIGHT,PEDALCYCLIST,NOT DIVIDED,STRAIGHT AND LEVEL,DRY,INJURY AND / OR TOW DUE TO CRASH,KASSON AVE,41.9641959836,-87.7324461591,POINT (-87.732446159083 41.964195983587)
O1895796,BICYCLE,2ae7a6f511ad0cf8ab4a3c66bd1af238db03d3c0b6f0bc7cc2eae017827cf2c235f09b6cb9fb7fe2a4eba98407f6ccfcbc70d1e97100fbda04683d88d9a5afdc,08/30/2024 04:10:00 PM,F,,HELMET NOT USED,UNKNOWN/NA,NOT IN ROADWAY,TEST NOT OFFERED,,30,CLEAR,DAYLIGHT,PEDALCYCLIST,OTHER,STRAIGHT AND LEVEL,DRY,NO INJURY / DRIVE AWAY,CENTRAL AVE,41.7944467383,-87.7625078745,POINT (-87.762507874456 41.794446738302)
O1895707,BICYCLE,e3660ae144413af52a1c093a1a64a8ffe529ed10bf60d4dc93f27f5fde13fa9d4977bf7de3ad3819518a21f64596cf233f56691df3edd9e477ca2c2aee81ce1a,08/30/2024 03:40:00 PM,M,53.0,BICYCLE HELMET (PEDACYCLIST INVOLVED ONLY),WITH TRAFFIC,BIKE LANE,TEST NOT OFFERED,,30,CLEAR,DAYLIGHT,PEDALCYCLIST,DIVIDED - W/MEDIAN (NOT RAISED),STRAIGHT AND LEVEL,DRY,NO INJURY / DRIVE AWAY,HALSTED ST,41.8397719466,-87.6464675111,POINT (-87.646467511129 41.839771946584)
O1895812,BICYCLE,1d18b71227440247c08e658d3f7b8b1fae3ef3d0c916b64efae28f33e8a69b1eb9d637721816ab714d0b1c0ef0123c5382bbc29d54e66644f9ce8a5c7b2d0aed,08/30/2024 03:05:00 PM,M,52.0,HELMET NOT USED,AGAINST TRAFFIC,IN ROADWAY,TEST NOT OFFERED,,25,CLEAR,DAYLIGHT,PEDALCYCLIST,NOT DIVIDED,STRAIGHT AND LEVEL,DRY,INJURY AND / OR TOW DUE TO CRASH,HAMLIN AVE,41.9034183081,-87.7216008025,POINT (-87.721600802499 41.903418308137)
O1895730,BICYCLE,6e9abdfb8271a6743feb6ef3d1587e2eda7263981541dae8e03d84f8404eaa1ba62a4a4ff14ce06d922eab4d446131fcf17f7efbbae70bcaeeadea064d685c32,08/30/2024 02:35:00 PM,M,,HELMET NOT USED,UNKNOWN/NA,IN ROADWAY,TEST NOT OFFERED,,30,UNKNOWN,UNKNOWN,PEDALCYCLIST,NOT DIVIDED,STRAIGHT AND LEVEL,UNKNOWN,NO INJURY / DRIVE AWAY,DAMEN AVE,41.900512527,-87.6770358624,POINT (-87.677035862385 41.900512527042)
O1895742,BICYCLE,224e29812268f6ad606e7cfe23a63d6d04e392acc0afd79f84e788c2a7b62b0e8006b5c436c158a2ab979119ae193ca01837d65276311fdef5bb77ceb4e104e3,08/30/2024 02:27:00 PM,M,35.0,HELMET NOT USED,UNKNOWN/NA,BIKEWAY,TEST NOT OFFERED,,30,CLEAR,DAYLIGHT,PEDALCYCLIST,FOUR WAY,STRAIGHT AND LEVEL,DRY,INJURY AND / OR TOW DUE TO CRASH,DAMEN AVE,41.9040771756,-87.6771358758,POINT (-87.677135875761 41.904077175622)
O1895462,BICYCLE,4628577eed78dcb1189796754e84dcd292069063324e8e285a6816310f671dbdd219e7e65cc345bb6843e9c9851493e83eb5ea062f28baf3cb1fb559901ce556,08/30/2024 08:00:00 AM,M,20.0,HELMET NOT USED,CROSSING - WITH SIGNAL,IN CROSSWALK,TEST NOT OFFERED,,30,CLOUDY/OVERCAST,DAYLIGHT,PEDALCYCLIST,FOUR WAY,STRAIGHT ON GRADE,DRY,INJURY AND / OR TOW DUE TO CRASH,WESTERN AVE,41.8083784079,-87.6845707169,POINT (-87.684570716896 41.808378407947)
O1895355,BICYCLE,b566a575e0d3ddd1642b474773529b0766699a78a338b9bf8c2b2470c77911ef6cdfafc14ac6921d43bf0f5022a89e736e19ce66660042872331ddba0dd80358,08/30/2024 07:39:00 AM,M,36.0,HELMET NOT USED,OTHER ACTION,IN ROADWAY,TEST NOT OFFERED,,30,CLOUDY/OVERCAST,DAYLIGHT,PEDALCYCLIST,FOUR WAY,STRAIGHT AND LEVEL,WET,NO INJURY / DRIVE AWAY,FRANCISCO AVE,41.8820782788,-87.6989201792,POINT (-87.698920179163 41.882078278818)
O1895641,BICYCLE,f029c263b173a44ead2ad8741023f1b46a7e75cf950b14a7d256919cf0f53b98338e5fcc623fd8f3eb2a41a40a06b5ca1e7944abe60908f329c594b0e63feac1,08/30/2024 07:20:00 AM,F,14.0,HELMET NOT USED,OTHER ACTION,IN CROSSWALK,TEST NOT OFFERED,,30,CLEAR,DAYLIGHT,PEDALCYCLIST,FOUR WAY,STRAIGHT AND LEVEL,DRY,INJURY AND / OR TOW DUE TO CRASH,MORSE AVE,42.0065488338,-87.6996760109,POINT (-87.699676010892 42.006548833807)
O1896479,BICYCLE,0b3242de63d75185d78705d369bf04783cfaa0d58775cb9af97749cf0bd8e870ec36ff6da92ad530251c0ac10936c336c4111aae917d2d99acec65e956fae17c,08/30/2024 07:10:00 AM,M,64.0,HELMET NOT USED,UNKNOWN/NA,UNKNOWN/NA,TEST NOT OFFERED,,30,CLEAR,DAYLIGHT,PEDALCYCLIST,NOT DIVIDED,STRAIGHT AND LEVEL,DRY,INJURY AND / OR TOW DUE TO CRASH,JACKSON BLVD,41.8770607074,-87.7366135859,POINT (-87.736613585941 41.877060707441)
O1895420,BICYCLE,8e3d1c59d5415cb8d20b4818275a49b8921eb58937a34665f24bb68de056202f7926c4f4f19d62615d0a0dc6befeddb9c4e2838757a290007fb3b02e7f59ca7b,08/30/2024 07:00:00 AM,X,,BICYCLE HELMET (PEDACYCLIST INVOLVED ONLY),WITH TRAFFIC,BIKE LANE,TEST NOT OFFERED,,30,UNKNOWN,UNKNOWN,PEDALCYCLIST,NOT DIVIDED,STRAIGHT AND LEVEL,UNKNOWN,INJURY AND / OR TOW DUE TO CRASH,HALSTED ST,41.9346503328,-87.6492273314,POINT (-87.649227331442 41.934650332767)
O1895210,BICYCLE,f8717d2acf0e69381c154363eecaec1f2f4ed92152baa56aef516d0ca99d80ea40293416f4b819426926934d2db204cec9bd65e048f8d3f48e68e9a7c9cf05b8,08/29/2024 09:00:00 PM,M,27.0,BICYCLE HELMET (PEDACYCLIST INVOLVED ONLY),CROSSING - NO CONTROLS (NOT AT INTERSECTION),BIKEWAY,TEST NOT OFFERED,,30,CLEAR,"DARKNESS, LIGHTED ROAD",PEDALCYCLIST,NOT DIVIDED,STRAIGHT AND LEVEL,DRY,INJURY AND / OR TOW DUE TO CRASH,ELSTON AVE,41.9341250212,-87.6904037905,POINT (-87.690403790537 41.93412502116)
O1895091,BICYCLE,c1f87e35ff80dff662db3b4f5ed8b4b9f2207dc977103e2db96b7e706cd878f34b0966e993b05a9546371923baefc52250143d166c771c0b83830f2d9c8e5b12,08/29/2024 05:56:00 PM,M,,HELMET NOT USED,WITH TRAFFIC,IN ROADWAY,TEST NOT OFFERED,,30,CLEAR,DAYLIGHT,PEDALCYCLIST,NOT DIVIDED,STRAIGHT AND LEVEL,DRY,NO INJURY / DRIVE AWAY,IRVING PARK RD,41.9544100363,-87.6682866837,POINT (-87.668286683715 41.95441003635)