PERSON_ID,PERSON_TYPE,CRASH_RECORD_ID,CRASH_DATE_x,SEX,AGE,SAFETY_EQUIPMENT,PEDPEDAL_ACTION,PEDPEDAL_LOCATION,BAC_RESULT,CRASH_DATE_EST_I,POSTED_SPEED_LIMIT,WEATHER_CONDITION,LIGHTING_CONDITION,FIRST_CRASH_TYPE,TRAFFICWAY_TYPE,ALIGNMENT,ROADWAY_SURFACE_COND,CRASH_TYPE,STREET_NAME,LATITUDE,LONGITUDE,LOCATION
O1895007,BICYCLE,dd5d4fc4f1c50e4855ac49e5ab5240a8a61b67725709222c80807caeb44daa222cff98a3f04a36315c47e81059e39c197bf4783e1bad90beaf6d13ca44630f4f,08/29/2024 04:54:00 PM,M,24.0,HELMET NOT USED,CROSSING - NO CONTROLS (AT INTERSECTION),IN CROSSWALK,TEST NOT OFFERED,,30,CLEAR,DAYLIGHT,PEDALCYCLIST,FOUR WAY,STRAIGHT AND LEVEL,DRY,INJURY AND / OR TOW DUE TO CRASH,79TH ST,41.750497028,-87.6464037942,POINT (-87.646403794189 41.750497027991)
O1894900,BICYCLE,1e9b12dce21d8704fabf70b645adc921400c0c15e5059ce9eeffb662ff5b938be1650c6997742de54d7de578a27016b58d27f0634de8f58b588c0e1e1a4f46ec,08/29/2024 03:25:00 PM,F,34.0,BICYCLE HELMET (PEDACYCLIST INVOLVED ONLY),WITH TRAFFIC,IN ROADWAY,TEST NOT OFFERED,,20,CLEAR,DAYLIGHT,PEDALCYCLIST,NOT DIVIDED,STRAIGHT AND LEVEL,DRY,INJURY AND / OR TOW DUE TO CRASH,GRANVILLE AVE,41.9944330202,-87.6614589856,POINT (-87.661458985597 41.994433020244)
O1894941,BICYCLE,be8a92a1cc68fd69c602872548e7d8b48d02d115667768ed7818a27ef0af07bc14c98abecac23b90ed699028b66c8a7b7ee51e083336e0bf081db2fff8f3995a,08/29/2024 02:29:00 PM,M,28.0,HELMET NOT USED,OTHER ACTION,IN ROADWAY,TEST NOT OFFERED,,30,CLEAR,DAYLIGHT,PEDALCYCLIST,"FIVE POINT, OR MORE",STRAIGHT AND LEVEL,DRY,INJURY AND / OR TOW DUE TO CRASH,CLARK ST,41.9327568392,-87.6447360146,POINT (-87.644736014588 41.932756839188)
O1894757,BICYCLE,a29bdb80ed2df7356fd6efeb967c26c1e7820ef5d7b20c2fede53973e4745eaa1393a0f906baf5e0ea3cdc1c27cea846057a006c2a7bd4d275b968d947e6bfc9,08/29/2024 11:53:00 AM,M,33.0,BICYCLE HELMET (PEDACYCLIST INVOLVED ONLY),WITH TRAFFIC,BIKEWAY,TEST REFUSED,,30,CLEAR,DAYLIGHT,PEDALCYCLIST,NOT DIVIDED,STRAIGHT AND LEVEL,DRY,NO INJURY / DRIVE AWAY,NARRAGANSETT AVE,41.9326242411,-87.7858903484,POINT (-87.785890348362 41.932624241067)
O1894598,BICYCLE,59c671e90cdca9a51450b70eb2760765a0c8aff0083ebaf2b1efcb05e9d3d9de3528e0bc89b51babbc84a4a596c2533514b467d6d01190e249c2c0ce77d24c71,08/29/2024 08:17:00 AM,M,33.0,BICYCLE HELMET (PEDACYCLIST INVOLVED ONLY),CROSSING - NO CONTROLS (AT INTERSECTION),BIKE LANE,TEST NOT OFFERED,,30,CLEAR,DAYLIGHT,PEDALCYCLIST,Y-INTERSECTION,STRAIGHT AND LEVEL,DRY,INJURY AND / OR TOW DUE TO CRASH,ELSTON AVE,41.9510805283,-87.7151227227,POINT (-87.715122722684 41.951080528312)
O1894612,BICYCLE,041f2b25ba09605a9a1ddc8a52aeea997ff369dae4e247c4f6bb610a01a534da754354efb0f1beb331d60cc97d5508f146514969f361dafb67b3307751f42481,08/29/2024 06:58:00 AM,M,31.0,BICYCLE HELMET (PEDACYCLIST INVOLVED ONLY),OTHER ACTION,NOT IN ROADWAY,TEST NOT OFFERED,,25,CLEAR,DAYLIGHT,PEDALCYCLIST,OTHER,STRAIGHT AND LEVEL,DRY,INJURY AND / OR TOW DUE TO CRASH,MONTROSE DR,41.9622997268,-87.6446841767,POINT (-87.644684176729 41.962299726791)
O1895514,BICYCLE,b0de1e2423bcc057fa33ea9564d552a349906913d47ad2899a51c9696fd097b718d84147acd37b56795af4a9f2939734883f075d9dce9855a660a11fe6c8587f,08/29/2024 06:23:00 AM,M,22.0,BICYCLE HELMET (PEDACYCLIST INVOLVED ONLY),CROSSING - WITH SIGNAL,IN CROSSWALK,TEST NOT OFFERED,,40,CLEAR,DAYLIGHT,PEDALCYCLIST,DIVIDED - W/MEDIAN (NOT RAISED),STRAIGHT ON GRADE,DRY,INJURY AND / OR TOW DUE TO CRASH,LAKE SHORE DR NB,41.8808560477,-87.6176358918,POINT (-87.617635891755 41.880856047671)
O1894492,BICYCLE,c15203fccd562aa275c25933d3c1cd12d37b4eeaee3bb62d5cd1c0cd4b904f6dfa6120b27c9dd38c95939216e5978526dff2bcb941fbf1cc114fdc02c7a1d1fa,08/28/2024 10:40:00 PM,M,69.0,HELMET NOT USED,WITH TRAFFIC,IN ROADWAY,,,30,CLEAR,"DARKNESS, LIGHTED ROAD",PEDALCYCLIST,NOT DIVIDED,STRAIGHT AND LEVEL,DRY,INJURY AND / OR TOW DUE TO CRASH,79TH ST,41.7509713024,-87.6170433982,POINT (-87.6170433982 41.750971302438)
O1903380,BICYCLE,3c2f4d0f580bd9b686b8e51c670a8763c5e86b9fbe910d4dd87483fa75361730a715dbd6e2e4d9158b3a9d6714d055b616bfa269b042a1fa55cd1c6edcd75c84,08/28/2024 10:12:00 PM,M,27.0,HELMET NOT USED,UNKNOWN/NA,UNKNOWN/NA,TEST NOT OFFERED,,30,UNKNOWN,"DARKNESS, LIGHTED ROAD",PEDALCYCLIST,DIVIDED - W/MEDIAN (NOT RAISED),STRAIGHT AND LEVEL,UNKNOWN,INJURY AND / OR TOW DUE TO CRASH,MONTROSE AVE,41.9610164192,-87.7314003986,POINT (-87.731400398572 41.961016419232)
O1894448,BICYCLE,456b95bc952e774cab8407240002d60fdca8abf98c81adfe4ae32c76817bb634a2b9848a6fb9d4e2a03fde72c4bc6c67a3d6cee6ddc94c79dccbdb108b358217,08/28/2024 08:55:00 PM,M,20.0,HELMET NOT USED,AGAINST TRAFFIC,IN ROADWAY,TEST NOT OFFERED,,30,CLEAR,"DARKNESS, LIGHTED ROAD",PEDALCYCLIST,T-INTERSECTION,STRAIGHT AND LEVEL,DRY,INJURY AND / OR TOW DUE TO CRASH,CENTRAL PARK AVE,41.8387936505,-87.7147861562,POINT (-87.714786156242 41.83879365054)
O1894316,BICYCLE,fdb8efaa490a64077e3c98a2f168553a130390f610b78d7c4d356e248e7c7e375614b1125a7d5933b1ec16f5efb0ce3380584eec5afd91a13c492542a227ab80,08/28/2024 06:02:00 PM,M,23.0,HELMET NOT USED,UNKNOWN/NA,BIKE LANE,TEST NOT OFFERED,,35,CLEAR,DAYLIGHT,PEDALCYCLIST,ONE-WAY,STRAIGHT AND LEVEL,DRY,NO INJURY / DRIVE AWAY,DEARBORN ST,41.8948904707,-87.6298719035,POINT (-87.629871903472 41.894890470685)
O1894328,BICYCLE,5cdcfbbb26cb2d60fb45ca555f6a9256ebb2c512eb071aa4702b652982088f7e8bb4acefc7113a099c8fb1bd627ae23c68ce281c76a5d9a343433f107accf983,08/28/2024 05:08:00 PM,M,30.0,HELMET NOT USED,WITH TRAFFIC,BIKEWAY,TEST NOT OFFERED,,30,CLEAR,DAYLIGHT,PEDALCYCLIST,NOT DIVIDED,STRAIGHT AND LEVEL,DRY,INJURY AND / OR TOW DUE TO CRASH,HALSTED ST,41.9245164381,-87.6485794343,POINT (-87.648579434343 41.924516438097)
O1893942,BICYCLE,390f92d2b451e39bde6adba3233ae81aeaba8e96831b0fd37ffb4873fa236af074794f94cfd3f0b4623e18c2cefbb00ca429f4211878c10c9d8809458eaea627,08/28/2024 10:15:00 AM,M,20.0,HELMET NOT USED,OTHER ACTION,IN ROADWAY,TEST NOT OFFERED,,30,CLEAR,DAYLIGHT,PEDALCYCLIST,NOT DIVIDED,STRAIGHT AND LEVEL,UNKNOWN,INJURY AND / OR TOW DUE TO CRASH,DIVISION ST,41.9036896856,-87.6524765932,POINT (-87.652476593228 41.903689685583)
O1893824,BICYCLE,1ba266a5a583ab8d1525dfd3941896bf0a33d9431f870f8929d22cf276306a822d407e34270804aaebbda90bafd93e18b803e84207a15dc3b454f71e99a2885f,08/28/2024 08:50:00 AM,F,20.0,HELMET NOT USED,WITH TRAFFIC,BIKEWAY,TEST NOT OFFERED,,30,CLEAR,DAYLIGHT,PEDALCYCLIST,FOUR WAY,STRAIGHT AND LEVEL,DRY,INJURY AND / OR TOW DUE TO CRASH,OGDEN AVE,41.8715609905,-87.6780449598,POINT (-87.678044959778 41.871560990528)
O1893808,BICYCLE,3babda580620eec2c8282961f6ea69101e7b9955e6fc2631ae215a8df87f94b0eb9e5ad97bb9074dd9983179154c07cac40a326f74a484c2d88acee18c6fcdef,08/28/2024 08:50:00 AM,M,39.0,BICYCLE HELMET (PEDACYCLIST INVOLVED ONLY),WITH TRAFFIC,BIKE LANE,TEST NOT OFFERED,,15,CLEAR,DAYLIGHT,PEDALCYCLIST,DIVIDED - W/MEDIAN (NOT RAISED),STRAIGHT AND LEVEL,DRY,INJURY AND / OR TOW DUE TO CRASH,LEAVITT ST,41.918390459,-87.6823886643,POINT (-87.682388664311 41.918390459002)
O1896439,BICYCLE,70dbbf10e2eded49575b82043d08438e5b6c6b73ceed207e6bf08425c270d93fa39e88fb2daec86fedda2abee0bb69fe00086ba61ab83f210cd693ef22d5dd98,08/28/2024 07:44:00 AM,M,,HELMET NOT USED,CROSSING - NO CONTROLS (AT INTERSECTION),BIKE LANE,TEST NOT OFFERED,,30,CLEAR,DAYLIGHT,PEDALCYCLIST,NOT DIVIDED,STRAIGHT AND LEVEL,DRY,NO INJURY / DRIVE AWAY,FRANKLIN BLVD,41.8899060549,-87.711392865,POINT (-87.711392864986 41.889906054886)
O1893710,NON-MOTOR VEHICLE,35e66ef7ac52376e8ae971803ca6a81a0787e992f0bdb7df77b5198aa759316efc1369e9190c297ce691a6fce4f0857741ed75e63dccd16ab492cbd7a7e0034f,08/28/2024 06:20:00 AM,M,32.0,NONE PRESENT,NO ACTION,IN ROADWAY,TEST NOT OFFERED,,25,CLEAR,DAWN,OTHER OBJECT,FOUR WAY,STRAIGHT AND LEVEL,WET,INJURY AND / OR TOW DUE TO CRASH,SOUTHPORT AVE,41.9388081858,-87.6639338266,POINT (-87.663933826572 41.938808185805)
O1894490,BICYCLE,3d582773a6765ac61c38b967ce7231e86a8b9ddd07cb6b37e927e35999b336ccd9197fbef7685baa342a9c96fd954d1e0f7cdddb5969aeea2707d59a86e693ac,08/27/2024 10:30:00 PM,M,67.0,BICYCLE HELMET (PEDACYCLIST INVOLVED ONLY),NO ACTION,IN ROADWAY,TEST NOT OFFERED,,30,UNKNOWN,UNKNOWN,PEDALCYCLIST,NOT DIVIDED,STRAIGHT AND LEVEL,UNKNOWN,INJURY AND / OR TOW DUE TO CRASH,PRAIRIE AVE,41.7837305569,-87.6190897249,POINT (-87.619089724926 41.783730556929)
O1893542,BICYCLE,b881955a28ec263638c400ad9b5ebc273f7e39a4d3f47545349c955700bccabc6d85ad2d567c1ec77d7e55ce66574a093a4cc2ead03d5adcffb393da5cc2cada,08/27/2024 07:30:00 PM,M,24.0,BICYCLE HELMET (PEDACYCLIST INVOLVED ONLY),CROSSING - WITH SIGNAL,IN CROSSWALK,TEST NOT OFFERED,,35,RAIN,DUSK,PEDALCYCLIST,Y-INTERSECTION,STRAIGHT AND LEVEL,WET,INJURY AND / OR TOW DUE TO CRASH,LARRABEE ST,41.9051202121,-87.6434081996,POINT (-87.643408199613 41.90512021207)
O1893439,BICYCLE,de4262a257bc01ceea38c2de0343f7181560d95348ae788b65406ed895f540576d6c84d8260b6f282334a7de3e62b855acc406befb2b412ec8e72f33f156283c,08/27/2024 05:41:00 PM,M,44.0,HELMET NOT USED,NO ACTION,BIKEWAY,TEST NOT OFFERED,,35,CLEAR,DAYLIGHT,PEDALCYCLIST,NOT DIVIDED,STRAIGHT AND LEVEL,DRY,NO INJURY / DRIVE AWAY,WELLS ST,41.9074010249,-87.6344514199,POINT (-87.634451419883 41.907401024893)
O1893536,BICYCLE,f857b3fdab7c63190b1657aa216a2f7aa72b3b369ab83e6869c78a805ca6445176b1daff4c6fa9fdc04a4f0c434ac6c8c194fb2cea29c7be62e88cf0b90e5c71,08/27/2024 05:00:00 PM,M,,BICYCLE HELMET (PEDACYCLIST INVOLVED ONLY),NOT AT INTERSECTION,BIKEWAY,TEST NOT OFFERED,Y,30,CLEAR,DAYLIGHT,PEDALCYCLIST,DIVIDED - W/MEDIAN (NOT RAISED),STRAIGHT AND LEVEL,DRY,INJURY AND / OR TOW DUE TO CRASH,MARSHFIELD AVE,41.8997574073,-87.6684578158,POINT (-87.668457815818 41.899757407288)
O1893473,BICYCLE,3bce7974b44f8282c5c2bd9caaa14766579f556d900422b213e05072fc1872db6d08b4d2732c6d57dbe22bb3dc9273b256c6ce72a9c9090621db9894cf413868,08/27/2024 04:30:00 PM,,,HELMET NOT USED,WITH TRAFFIC,IN ROADWAY,TEST NOT OFFERED,,30,CLEAR,DAYLIGHT,PEDALCYCLIST,NOT DIVIDED,STRAIGHT AND LEVEL,DRY,NO INJURY / DRIVE AWAY,GREEN ST,41.8862179578,-87.6485123744,POINT (-87.648512374371 41.886217957763)
O1893452,BICYCLE,fd9454cf5c66d0a06fca918e0fbe30fdacaf79f7b049ed029c9a5e35188028187a2de75202639cdcfc13ac00b6b143b6ac2ecc677798dbb51c68d4df825e8444,08/27/2024 03:29:00 PM,M,23.0,HELMET NOT USED,CROSSING - AGAINST SIGNAL,IN ROADWAY,TEST NOT OFFERED,,35,CLEAR,DAYLIGHT,PEDALCYCLIST,NOT DIVIDED,STRAIGHT AND LEVEL,DRY,INJURY AND / OR TOW DUE TO CRASH,ROOSEVELT RD,41.8672630984,-87.646972686,POINT (-87.646972686016 41.867263098369)
O1893270,BICYCLE,02b0af708899c04b85b054e038fd520f78fc7309f2db7f044cc971740fb4ffca16a9eabdc54f03c9786752311a4a12da77fe84cb1e78f2f69bdde02e8a14b6cf,08/27/2024 02:33:00 PM,M,49.0,HELMET NOT USED,CROSSING - WITH SIGNAL,IN CROSSWALK,TEST NOT OFFERED,,30,CLEAR,DAYLIGHT,PEDALCYCLIST,CENTER TURN LANE,STRAIGHT AND LEVEL,DRY,INJURY AND / OR TOW DUE TO CRASH,CLARK ST,41.9908401093,-87.6701729533,POINT (-87.670172953348 41.990840109284)
O1894294,BICYCLE,cf5067b82b3ce40d782d7667608dd01d74ce35605b1459fc52c91997c988a7b3c90c5a7f103b70a675bc49cc79019d9c78fdf93b0b123781bbfb5a280a06019c,08/27/2024 11:11:00 AM,M,,HELMET NOT USED,UNKNOWN/NA,IN ROADWAY,TEST NOT OFFERED,,30,CLEAR,DAYLIGHT,PEDALCYCLIST,NOT DIVIDED,STRAIGHT AND LEVEL,DRY,NO INJURY / DRIVE AWAY,WALLACE ST,41.7506032001,-87.6393875805,POINT (-87.639387580489 41.750603200105)
O1893105,BICYCLE,bee5ef6de6f6e1dc1a94a82e011aa04204daa322c484ed213ba1fafb687425a1829a0ea2db065a8d02e5c80415c191fcc0f66661bd565034f2135ecd4f053484,08/27/2024 08:45:00 AM,M,73.0,HELMET NOT USED,CROSSING - NO CONTROLS (NOT AT INTERSECTION),UNKNOWN/NA,TEST NOT OFFERED,,30,CLEAR,DAYLIGHT,PEDALCYCLIST,DIVIDED - W/MEDIAN (NOT RAISED),STRAIGHT AND LEVEL,DRY,INJURY AND / OR TOW DUE TO CRASH,LAKE ST,41.8851972479,-87.7227500536,POINT (-87.722750053595 41.88519724788)
O1893038,BICYCLE,3076c9b0b578a528a0c84c66295d3da0be4553e2242bcf11c2c0f428a001a891d40fb3a3f1ecd23e9efec083e00981022c0b8422a46c2bbfe5bc94725fd4eb0a,08/27/2024 08:41:00 AM,M,16.0,HELMET NOT USED,NO ACTION,IN ROADWAY,TEST NOT OFFERED,,30,CLEAR,DAYLIGHT,PEDALCYCLIST,Y-INTERSECTION,STRAIGHT AND LEVEL,DRY,NO INJURY / DRIVE AWAY,CICERO AVE,41.953309742,-87.747158693,POINT (-87.747158693019 41.95330974203)
O1892963,BICYCLE,1c6ef25ebdc70920d6604c9e968ecd25a54066249c096a874eb7355b0ae64c95481ef2d4adfbe1cc771b699b0e377d254d3e7ef9d909a589265874e9931360a9,08/27/2024 07:50:00 AM,M,25.0,BICYCLE HELMET (PEDACYCLIST INVOLVED ONLY),UNKNOWN/NA,BIKE LANE,TEST NOT OFFERED,,30,CLEAR,DAYLIGHT,PEDALCYCLIST,ONE-WAY,STRAIGHT AND LEVEL,DRY,INJURY AND / OR TOW DUE TO CRASH,SUNNYSIDE AVE,41.9630734857,-87.6855062282,POINT (-87.685506228166 41.963073485692)
O1892983,BICYCLE,896990e87e63e01d11ffabb17c8bd05b3021b52b80e6eb543281d37c6d172a96d8eeeb5b8db6e8784c8144011d310ccd4e9e9a0207e993588cfa06d48226fe9a,08/27/2024 07:25:00 AM,M,14.0,HELMET NOT USED,CROSSING - NO CONTROLS (AT INTERSECTION),IN CROSSWALK,TEST NOT OFFERED,,30,CLEAR,DAYLIGHT,PEDALCYCLIST,ONE-WAY,STRAIGHT AND LEVEL,DRY,INJURY AND / OR TOW DUE TO CRASH,55TH ST,41.7922207509,-87.7805553015,POINT (-87.780555301487 41.792220750885)
O1892840,BICYCLE,cf9c25ac5a7480df61157aa2dc8e351be056996b612e2b11bf26d30df19aafae58fc09f5475ff829c7e6b37227b42acc6a610606ac91bfbeebfd80af1d61914f,08/26/2024 08:11:00 PM,F,25.0,HELMET NOT USED,OTHER ACTION,BIKEWAY,TEST NOT OFFERED,,30,CLEAR,"DARKNESS, LIGHTED ROAD",PEDALCYCLIST,NOT DIVIDED,STRAIGHT AND LEVEL,DRY,INJURY AND / OR TOW DUE TO CRASH,DAMEN AVE,41.9432638366,-87.6783074143,POINT (-87.678307414274 41.943263836643)
O1893532,BICYCLE,334238dcdc06b973b366b8089520ee7ba087fe3d30096e30ace0d347903e87a108163bff75dd7cab38254ca9490e02462478c1750cb5b3e4f84e8c190cf77347,08/26/2024 07:00:00 PM,M,,HELMET NOT USED,UNKNOWN/NA,IN ROADWAY,TEST NOT OFFERED,,30,UNKNOWN,UNKNOWN,PEDALCYCLIST,PARKING LOT,STRAIGHT AND LEVEL,UNKNOWN,NO INJURY / DRIVE AWAY,ASHLAND AVE,41.9055754655,-87.6677011485,POINT (-87.667701148509 41.905575465535)
O1892760,BICYCLE,e2df9ce671f8b8eee105bb7c6bc1a56e7c5ae3ab6078aaf3faec13854993ede32a930f46a5e818be43443849840d81b2b36aeb41b2190e2ec1019a52b4fc27ec,08/26/2024 06:31:00 PM,F,15.0,HELMET NOT USED,CROSSING - NO CONTROLS (NOT AT INTERSECTION),IN ROADWAY,TEST NOT OFFERED,,25,CLEAR,DAYLIGHT,PEDALCYCLIST,PARKING LOT,STRAIGHT AND LEVEL,DRY,INJURY AND / OR TOW DUE TO CRASH,KEDZIE AVE,41.844202241,-87.7048869944,POINT (-87.704886994392 41.844202240983)
O1892795,BICYCLE,80acc1fcd0108e5bc3ea0ed0625f8b9e86db29e3a8373c4bc139ab089a82e8d901befaa9b88dc55e625344c08cd3a92f427658ce5b7fc6e18a05d956a055a3da,08/26/2024 06:30:00 PM,M,,HELMET NOT USED,CROSSING - WITH SIGNAL,IN ROADWAY,TEST NOT OFFERED,,30,CLEAR,DAYLIGHT,PEDALCYCLIST,DIVIDED - W/MEDIAN (NOT RAISED),STRAIGHT AND LEVEL,DRY,INJURY AND / OR TOW DUE TO CRASH,PULASKI RD,41.9672711314,-87.7278529481,POINT (-87.727852948069 41.967271131383)
O1892676,BICYCLE,bf916c788d98b43423733738fe6709f2efabd261d5f3aa40560d9489a72e8eba825d730d460f642f60e041d80791ae9b6178669e305345a269cab52fdfe65cdc,08/26/2024 05:10:00 PM,M,35.0,BICYCLE HELMET (PEDACYCLIST INVOLVED ONLY),WITH TRAFFIC,IN ROADWAY,,,30,CLEAR,DAYLIGHT,PEDALCYCLIST,DIVIDED - W/MEDIAN (NOT RAISED),STRAIGHT AND LEVEL,DRY,NO INJURY / DRIVE AWAY,STATE ST,41.9037000704,-87.628529691,POINT (-87.628529691039 41.903700070384)
O1892423,BICYCLE,a807842e24dc7f523b85db1666ecd4d6427406312ff13f01919fbbcd1e68292198a9e1113780dda6a4eed375f60ca6ce87af5100dbb37ebab102d453ce5d7514,08/26/2024 12:20:00 PM,M,34.0,BICYCLE HELMET (PEDACYCLIST INVOLVED ONLY),AGAINST TRAFFIC,IN ROADWAY,TEST NOT OFFERED,,20,CLEAR,DAYLIGHT,PEDALCYCLIST,T-INTERSECTION,STRAIGHT AND LEVEL,DRY,NO INJURY / DRIVE AWAY,NOBLE ST,41.9007699581,-87.6626758785,POINT (-87.66267587845 41.900769958104)
O1892800,BICYCLE,21b8720f1c6d68741d3a719dfa47e2dee28135d0f246847f78512711996c782399f6543b1cf3a3bb32022c577403fd2d9f8027496291a7f0d889371e8c1dca2c,08/26/2024 11:00:00 AM,,78.0,HELMET NOT USED,WITH TRAFFIC,IN CROSSWALK,TEST NOT OFFERED,Y,30,CLEAR,DAYLIGHT,PEDALCYCLIST,NOT DIVIDED,STRAIGHT AND LEVEL,DRY,INJURY AND / OR TOW DUE TO CRASH,ARCHER AVE,41.7922933994,-87.7901127089,POINT (-87.790112708861 41.7922933994)
O1892417,BICYCLE,5557bb41c53e0023b0a7306d7823accd06100a28e981dea3b80f541d374fb0a79bfd4e3a55e4d9e3a92e742b922008278940fdfd961fd4ea43868031df564b9f,08/26/2024 08:30:00 AM,M,15.0,HELMET NOT USED,WITH TRAFFIC,IN ROADWAY,TEST NOT OFFERED,,30,CLEAR,DAYLIGHT,PEDALCYCLIST,NOT DIVIDED,STRAIGHT AND LEVEL,DRY,NO INJURY / DRIVE AWAY,MICHIGAN AVE,41.867377773,-87.6242830157,POINT (-87.624283015693 41.867377772988)
O1892141,BICYCLE,b29cb5711aae4a07260b37cd877662efad1d21caddbdfcde9d600496f68c8aa33ba3ecb338653fe212301f95979b583fcfd38cf61960a1b0504ea99751fb2a84,08/26/2024 12:30:00 AM,M,47.0,HELMET NOT USED,TURNING RIGHT,IN ROADWAY,,,25,CLEAR,"DARKNESS, LIGHTED ROAD",PEDALCYCLIST,OTHER,STRAIGHT AND LEVEL,DRY,INJURY AND / OR TOW DUE TO CRASH,28TH ST,41.8406760551,-87.7243905748,POINT (-87.724390574781 41.840676055123)
O1892111,BICYCLE,672b3ce928bdf20fe94b8d89c1ec80f5ec39782dce67f492d434aa69c5a74d137fb8b0c22c819ff732717096b30d625b30823e4faeb866ff352331e5871c53f1,08/25/2024 11:35:00 PM,M,24.0,HELMET NOT USED,NO ACTION,IN ROADWAY,TEST NOT OFFERED,,30,CLEAR,"DARKNESS, LIGHTED ROAD",PEDALCYCLIST,NOT DIVIDED,STRAIGHT AND LEVEL,DRY,INJURY AND / OR TOW DUE TO CRASH,MONTROSE AVE,41.9612958317,-87.7083954291,POINT (-87.708395429114 41.961295831682)
O1892176,BICYCLE,816a19910768c6001ac78e7ff12e69db748e88b6801985c98b91d4ab99f0ed598af692d08df479f6cf6e45a6668441b57555089314aeb5bce81d1a1bf53a29a3,08/25/2024 10:00:00 PM,M,67.0,HELMET NOT USED,UNKNOWN/NA,IN ROADWAY,TEST NOT OFFERED,,30,CLEAR,"DARKNESS, LIGHTED ROAD",PEDALCYCLIST,NOT DIVIDED,STRAIGHT AND LEVEL,DRY,INJURY AND / OR TOW DUE TO CRASH,63RD ST,41.7802875251,-87.6191018026,POINT (-87.61910180261 41.780287525149)
O1892092,BICYCLE,7e3a186097211da1120c221974d4dda4c222d91b253a28feb30bd641561386380cea838e9fe09ce88ec66d3220775a4d45b0ea5242fd4ba834a5f625c86f99a4,08/25/2024 08:56:00 PM,M,35.0,HELMET NOT USED,CROSSING - AGAINST SIGNAL,IN ROADWAY,TEST NOT OFFERED,,15,CLEAR,DAWN,PEDALCYCLIST,FOUR WAY,STRAIGHT AND LEVEL,DRY,INJURY AND / OR TOW DUE TO CRASH,SIMONDS DR,41.9668812268,-87.6433034516,POINT (-87.643303451619 41.966881226758)
O1892076,BICYCLE,a618e073d9687e24e80bbbd330b4177fce18d7ffc44257c84664baafb8f3ce5d7031b45c9b8fd085d40ec1fcbdb307fe4c7e83e1784b653504978701fb1b3f18,08/25/2024 08:30:00 PM,M,14.0,HELMET NOT USED,OTHER ACTION,BIKEWAY,TEST NOT OFFERED,,35,CLEAR,"DARKNESS, LIGHTED ROAD",PEDALCYCLIST,DIVIDED - W/MEDIAN (NOT RAISED),STRAIGHT AND LEVEL,DRY,INJURY AND / OR TOW DUE TO CRASH,GARFIELD BLVD,41.7940287299,-87.6740417665,POINT (-87.674041766486 41.794028729927)
O1892037,BICYCLE,5392206525c55275d00d489be3587b6af8b3820d62a76aba92f117446e9e25d6c39e77ec0ef189650cd7a3dd768ce6388a726e714d41585c5ee421b8c1ce1a69,08/25/2024 07:24:00 PM,M,25.0,HELMET NOT USED,UNKNOWN/NA,IN ROADWAY,TEST NOT OFFERED,,30,CLEAR,DAYLIGHT,PEDALCYCLIST,NOT DIVIDED,STRAIGHT AND LEVEL,DRY,INJURY AND / OR TOW DUE TO CRASH,LAWRENCE WILSON DR,41.9686007915,-87.6435554508,POINT (-87.643555450815 41.968600791518)
O1891974,BICYCLE,c11d1b24b7082970e6250040e667b2e950543d4879c8e85bcd8133bf19f05c182caccb7508ff65daa15a455e9da8740ce57fd6dc5ea42f26b2bcc65729a8d6db,08/25/2024 06:08:00 PM,M,36.0,HELMET NOT USED,UNKNOWN/NA,BIKE LANE,TEST TAKEN,,25,CLEAR,DAYLIGHT,PEDALCYCLIST,ONE-WAY,STRAIGHT AND LEVEL,DRY,NO INJURY / DRIVE AWAY,DEARBORN ST,41.8916012848,-87.6297967052,POINT (-87.629796705231 41.891601284754)
O1891954,BICYCLE,8e2d436008cc864aae7d049ea9a126e959091187d5d217b59f2f0cc0cad9142b72755f9e85899a9fc375691b550599a0b1e8ec30dd7b82160403a86c53f2c2c2,08/25/2024 05:30:00 PM,F,25.0,HELMET NOT USED,NOT AT INTERSECTION,IN ROADWAY,TEST NOT OFFERED,,30,CLEAR,DAYLIGHT,PEDALCYCLIST,ONE-WAY,STRAIGHT AND LEVEL,DRY,INJURY AND / OR TOW DUE TO CRASH,KENWOOD AVE,41.8008043633,-87.5935789838,POINT (-87.593578983758 41.800804363308)
O1900777,BICYCLE,8fde803bd52529a513e2f47dae26df30f0768b72f9c170617fd98a82758ea37fc2db15f977bd95a93518c422f86bebcb514815fd2d85e6359d3bdef0a8140c2f,08/25/2024 02:00:00 PM,F,23.0,BICYCLE HELMET (PEDACYCLIST INVOLVED ONLY),OTHER ACTION,UNKNOWN/NA,TEST NOT OFFERED,,30,CLEAR,DAYLIGHT,PEDALCYCLIST,FOUR WAY,STRAIGHT AND LEVEL,DRY,INJURY AND / OR TOW DUE TO CRASH,BALBO DR,41.873325721,-87.6204319704,POINT (-87.620431970445 41.873325720985)
O1891750,BICYCLE,a8c0b904d37a8767b319df441b0e3ac6acc5e1b3a40cf28d52809132d0d83b3c5582fff96a55c5a75494d8358aad7648cc74d7346108a785aad48cbfd05c4038,08/25/2024 02:00:00 PM,M,16.0,BICYCLE HELMET (PEDACYCLIST INVOLVED ONLY),WITH TRAFFIC,IN ROADWAY,TEST NOT OFFERED,,30,CLEAR,DAYLIGHT,PEDALCYCLIST,NOT DIVIDED,STRAIGHT AND LEVEL,DRY,INJURY AND / OR TOW DUE TO CRASH,CENTRAL AVE,41.8801968597,-87.7647163899,POINT (-87.764716389906 41.880196859672)