PERSON_ID,PERSON_TYPE,CRASH_RECORD_ID,CRASH_DATE_x,SEX,AGE,SAFETY_EQUIPMENT,PEDPEDAL_ACTION,PEDPEDAL_LOCATION,BAC_RESULT,CRASH_DATE_EST_I,POSTED_SPEED_LIMIT,WEATHER_CONDITION,LIGHTING_CONDITION,FIRST_CRASH_TYPE,TRAFFICWAY_TYPE,ALIGNMENT,ROADWAY_SURFACE_COND,CRASH_TYPE,STREET_NAME,LATITUDE,LONGITUDE,LOCATION
O1891786,BICYCLE,b22b3d91992860a50968820bddf3be283340b8af34aa4cfaa4e68522d7da8fcb37169293c035c2c64c7750700258e320bb67014186816229897c7d7299dc08e0,08/25/2024 01:30:00 PM,M,36.0,BICYCLE HELMET (PEDACYCLIST INVOLVED ONLY),UNKNOWN/NA,BIKE LANE,TEST NOT OFFERED,,30,CLEAR,DAYLIGHT,PEDALCYCLIST,NOT DIVIDED,STRAIGHT AND LEVEL,DRY,NO INJURY / DRIVE AWAY,BROADWAY,41.9715164409,-87.6598856362,POINT (-87.659885636238 41.971516440921)
O1891698,BICYCLE,d9ef5b78475209e1d70234e99adad1b1ce147643b777eb72124a4b73b5da4da0689842a28f04264a28ffc68c6716630ca806efdf02a07349d0184ef3ced61fd4,08/25/2024 01:00:00 PM,M,50.0,BICYCLE HELMET (PEDACYCLIST INVOLVED ONLY),OTHER ACTION,IN ROADWAY,TEST NOT OFFERED,,25,CLEAR,DAYLIGHT,PEDALCYCLIST,NOT DIVIDED,STRAIGHT AND LEVEL,DRY,NO INJURY / DRIVE AWAY,CLARK ST,41.9639753862,-87.6666103328,POINT (-87.666610332799 41.963975386191)
O1891615,BICYCLE,77a08bc514ef1afca25a0f1ee6e84ab8d3c9aaac6e403da83658ed7afa772473500971634a1802fad96a4b98b8d95d0d75719c1448d585bea9ae747d7cf23892,08/25/2024 08:30:00 AM,M,29.0,HELMET NOT USED,OTHER ACTION,IN ROADWAY,TEST NOT OFFERED,,25,CLEAR,DAYLIGHT,PEDALCYCLIST,NOT DIVIDED,STRAIGHT AND LEVEL,DRY,INJURY AND / OR TOW DUE TO CRASH,ORLEANS ST,41.8932563325,-87.6372296878,POINT (-87.637229687824 41.893256332459)
O1891382,BICYCLE,ea5f673ab0aa385085e0e1486c200aa021921703fe549d186a2e76890b045ef723ac7e276b62e00bf9d04208da2df8c60b279888dd65c3d4dd8cd7eeb267b37d,08/24/2024 08:31:00 PM,M,13.0,HELMET NOT USED,WITH TRAFFIC,IN ROADWAY,TEST NOT OFFERED,,30,CLEAR,DARKNESS,PEDALCYCLIST,FOUR WAY,STRAIGHT AND LEVEL,DRY,INJURY AND / OR TOW DUE TO CRASH,NORDICA AVE,41.9199460936,-87.8026064911,POINT (-87.802606491085 41.919946093563)
O1899925,BICYCLE,8ef511d6a0e7afaee3a030e553cce9c9a2f1d35c1495086050ccba30c255464441cfce67ac6f7b0f00d9b1e75c6537b5e9c338e65d6e68fd3eba2de7799445a7,08/24/2024 08:28:00 PM,M,55.0,HELMET NOT USED,WITH TRAFFIC,IN ROADWAY,"TEST PERFORMED, RESULTS UNKNOWN",Y,30,UNKNOWN,"DARKNESS, LIGHTED ROAD",PEDALCYCLIST,UNKNOWN,STRAIGHT AND LEVEL,UNKNOWN,INJURY AND / OR TOW DUE TO CRASH,WASHINGTON BLVD,41.8814093047,-87.7157822382,POINT (-87.715782238218 41.881409304711)
O1891274,BICYCLE,791797dfa04ded2f0e993738a330395d0bb3bcc5f8556cf1e234269669816be8f49ff5cdaaf9ecb13a45ab70b7e11693047973c5a600821e22687f37f49496a4,08/24/2024 06:15:00 PM,F,25.0,HELMET NOT USED,CROSSING - WITH SIGNAL,IN CROSSWALK,,,30,CLEAR,DAYLIGHT,PEDALCYCLIST,NOT DIVIDED,STRAIGHT AND LEVEL,DRY,NO INJURY / DRIVE AWAY,HALSTED ST,41.8454620959,-87.6463043509,POINT (-87.646304350934 41.845462095892)
O1891176,BICYCLE,60ff9a8701ce63950a2f8776c471a7d1a9b86b683bf544b40ebc9cf18154ad768cda4f4ec345673d5e210835a98153a5e07d4fcf102cd458f0094a5d4df66a23,08/24/2024 04:22:00 PM,M,28.0,HELMET NOT USED,WITH TRAFFIC,IN ROADWAY,TEST NOT OFFERED,,30,CLEAR,DAYLIGHT,PEDALCYCLIST,DIVIDED - W/MEDIAN (NOT RAISED),STRAIGHT AND LEVEL,DRY,NO INJURY / DRIVE AWAY,CALIFORNIA AVE,41.7761598558,-87.693169395,POINT (-87.693169394985 41.776159855801)
O1891252,BICYCLE,cf1f58c5965790c4673bb72314e5e22684d807f311560176777491e33b97645fcbcd1e080f8d460b402b40b8b1376a1e88864696f885cde9ea5d9a1f18a6beb7,08/24/2024 04:10:00 PM,M,26.0,HELMET NOT USED,NO ACTION,BIKE LANE,TEST NOT OFFERED,,30,CLEAR,DAYLIGHT,PEDALCYCLIST,NOT DIVIDED,STRAIGHT AND LEVEL,DRY,INJURY AND / OR TOW DUE TO CRASH,LINCOLN AVE,41.9249347186,-87.647832875,POINT (-87.647832874954 41.924934718635)
O1891006,BICYCLE,3263faf6dd54846d5c716a3c2d3e151cab8f24e2c9ad9a8fa728f0c766d6d8545c0b5452bf1821308b28c76349347bb6e3dc2aa65e492bc62ca1e33784633936,08/24/2024 12:10:00 PM,M,24.0,BICYCLE HELMET (PEDACYCLIST INVOLVED ONLY),NO ACTION,BIKE LANE,TEST NOT OFFERED,,30,CLEAR,DAYLIGHT,PEDALCYCLIST,NOT DIVIDED,STRAIGHT AND LEVEL,DRY,INJURY AND / OR TOW DUE TO CRASH,LINCOLN AVE,41.9405026191,-87.6693986863,POINT (-87.669398686264 41.940502619114)
O1890953,BICYCLE,77f7b507ef1bef338e2297a3de82f269747ae80a1c85cf307059774dcaece3fb24066d9b18b82cb89bb805c1cb94211e4a76fbda0f47a64b41bf1a134f595f5a,08/24/2024 11:12:00 AM,M,23.0,HELMET NOT USED,WITH TRAFFIC,IN ROADWAY,TEST NOT OFFERED,,30,CLEAR,DAYLIGHT,PEDALCYCLIST,FOUR WAY,STRAIGHT AND LEVEL,DRY,INJURY AND / OR TOW DUE TO CRASH,HURON ST,41.8930680064,-87.7606465162,POINT (-87.760646516238 41.893068006357)
O1891175,BICYCLE,9aee4a1c40bdf6e8aba9ec60258a037d42d9f03d4938ef16badd06c021cd1a5c5e91b47f05f38ee943e7ac05d1ab45563c00a73269968b7ac7dbcd7964cf2cfe,08/24/2024 09:30:00 AM,F,17.0,HELMET NOT USED,ENTER FROM DRIVE/ALLEY,DRIVEWAY ACCESS,TEST NOT OFFERED,,20,CLEAR,DAYLIGHT,PEDALCYCLIST,ONE-WAY,STRAIGHT AND LEVEL,DRY,INJURY AND / OR TOW DUE TO CRASH,ST LOUIS AVE,41.9606158529,-87.7154246686,POINT (-87.715424668562 41.960615852855)
O1890633,BICYCLE,092ea2af04759b2caeaa1946d5a63117155a7fe783445b576588f78401dee7d6c3224e685cec1c66e6673ed90dfa2887a84a34c841c09ae9e30faced891968d0,08/23/2024 08:00:00 PM,M,23.0,HELMET NOT USED,UNKNOWN/NA,NOT IN ROADWAY,TEST NOT OFFERED,,30,CLEAR,"DARKNESS, LIGHTED ROAD",PEDALCYCLIST,OTHER,STRAIGHT AND LEVEL,DRY,NO INJURY / DRIVE AWAY,WESTERN BLVD,41.7992178035,-87.683466367,POINT (-87.683466367033 41.799217803527)
O1890754,NON-MOTOR VEHICLE,fbc9d872200b2ac6af615d87c44eba0446956b31df3c46150774a2ca4698fa2b9ca28f389db263e0abb04fb2886b58d683cc402cf12e0cb11f2c82aec2744140,08/23/2024 06:23:00 PM,M,14.0,NONE PRESENT,OTHER ACTION,IN CROSSWALK,TEST NOT OFFERED,,30,CLEAR,DAYLIGHT,OTHER OBJECT,FOUR WAY,STRAIGHT AND LEVEL,DRY,INJURY AND / OR TOW DUE TO CRASH,WESTERN AVE,41.764612952,-87.6830938714,POINT (-87.683093871433 41.76461295199)
O1890558,BICYCLE,fcbace80fc6ba48c58bd2a1ce5a6e028b79c96192c5ad55f816c457d381300044450c8eca3746403d34c5f63ee7a18529fb0e7a27f25eb6d36a5361c0b04daa8,08/23/2024 05:57:00 PM,M,14.0,HELMET NOT USED,AGAINST TRAFFIC,IN ROADWAY,TEST NOT OFFERED,,25,CLEAR,DAYLIGHT,PEDALCYCLIST,FOUR WAY,STRAIGHT AND LEVEL,DRY,INJURY AND / OR TOW DUE TO CRASH,FLETCHER ST,41.9376103315,-87.7787366787,POINT (-87.778736678703 41.937610331473)
O1890502,BICYCLE,41f985fd1f2a70261f06c805ba592ab652fbbb740e94d0f674859a102ac4fbe442bc8ef92e1ea657ca9369f0001ecdee708d052f1f00feb28b9b33faea44e0a2,08/23/2024 05:40:00 PM,M,24.0,HELMET NOT USED,UNKNOWN/NA,IN ROADWAY,TEST NOT OFFERED,,20,CLEAR,DAYLIGHT,PEDALCYCLIST,FOUR WAY,STRAIGHT ON GRADE,DRY,NO INJURY / DRIVE AWAY,TALMAN AVE,41.7044579971,-87.6884043432,POINT (-87.688404343216 41.704457997085)
O1890487,BICYCLE,04917f43386921a19c7dc2014c6bed3d9c36d52be58bd886fc2d27b757d194a2b5a6df00aae514a386f788cd1a2e5918e2cb8778ae97f3ef95a0a325abd639e2,08/23/2024 04:50:00 PM,M,,HELMET NOT USED,UNKNOWN/NA,UNKNOWN/NA,TEST NOT OFFERED,,25,CLEAR,DAYLIGHT,PEDALCYCLIST,DIVIDED - W/MEDIAN BARRIER,STRAIGHT AND LEVEL,DRY,NO INJURY / DRIVE AWAY,MADISON ST,41.8810693742,-87.6853075527,POINT (-87.68530755272 41.881069374222)
O1890477,BICYCLE,769c31a891e5cc6f22c9b3c0d1aba9c57c7c365f9d81e17342358dccf294d84958490e57a9b9c49af0c28d80bcf7a1441f613c128b6912a8de5fa5784c3363d9,08/23/2024 03:50:00 PM,F,40.0,BICYCLE HELMET (PEDACYCLIST INVOLVED ONLY),UNKNOWN/NA,IN ROADWAY,TEST NOT OFFERED,,30,CLEAR,DAYLIGHT,PEDALCYCLIST,NOT DIVIDED,STRAIGHT AND LEVEL,DRY,INJURY AND / OR TOW DUE TO CRASH,GRANVILLE AVE,41.9945481595,-87.670239404,POINT (-87.670239403985 41.994548159452)
O1890346,BICYCLE,af80a85090519876d6c04266357a7cfccbbc31130b5188d9cda1b914be2f7bc41fe6f1ea11b47c2d9828655a32ddaf8deef5a11bc4fef3d786913b3dc41d29de,08/23/2024 12:52:00 PM,M,15.0,HELMET NOT USED,NO ACTION,BIKE LANE,TEST NOT OFFERED,,25,CLEAR,DAYLIGHT,PEDALCYCLIST,OTHER,STRAIGHT AND LEVEL,DRY,INJURY AND / OR TOW DUE TO CRASH,MORSE AVE,42.00770045,-87.671713498,POINT (-87.671713497972 42.007700449958)
O1890266,BICYCLE,cbc5ad30b44716cbff5a730341ab01960de01dbd33bb6b725148d1cfc227eed0a6f3024e5137740330d56290daea997b5451df27c63f0bcb497f997483a8cd9c,08/23/2024 12:36:00 PM,M,55.0,HELMET NOT USED,WITH TRAFFIC,IN ROADWAY,TEST NOT OFFERED,,30,CLEAR,DAYLIGHT,PEDALCYCLIST,NOT DIVIDED,STRAIGHT AND LEVEL,DRY,INJURY AND / OR TOW DUE TO CRASH,SHERIDAN RD,41.9609565344,-87.6548728986,POINT (-87.654872898559 41.960956534427)
O1890261,BICYCLE,6d4c4f0b5d25c37ba333dcc2bd32f0d7372d8a12c8cf170f7ba7fd3488bbc9d05d9a4a008b21a33893442a2dfc1f1c98bf6685ddc6a32fde92147ece0f31f75e,08/23/2024 12:30:00 PM,M,19.0,HELMET NOT USED,NO ACTION,IN CROSSWALK,TEST NOT OFFERED,,30,CLEAR,DAYLIGHT,PEDALCYCLIST,NOT DIVIDED,STRAIGHT AND LEVEL,DRY,INJURY AND / OR TOW DUE TO CRASH,NARRAGANSETT AVE,41.7849564221,-87.7813907594,POINT (-87.781390759422 41.784956422121)
O1890129,BICYCLE,bfe8ffffe66db2a8d2d3f112e7b907e6af44fdef9d43a9cd4da0dfabd070e4a49099fc521838a4fe174b8fe4c355fe357a2e76010f4c300788cac59d33ab0391,08/23/2024 05:57:00 AM,M,,BICYCLE HELMET (PEDACYCLIST INVOLVED ONLY),OTHER ACTION,UNKNOWN/NA,TEST NOT OFFERED,,30,CLEAR,DAWN,PEDALCYCLIST,NOT DIVIDED,STRAIGHT AND LEVEL,DRY,NO INJURY / DRIVE AWAY,LAFLIN ST,41.8790033266,-87.6642056155,POINT (-87.664205615538 41.879003326554)
O1897148,BICYCLE,28537d2feb1440dc525b4eb0c236b9cd252c3d9c8e332431a4b4f3f912f3aed3b64d3e834cfc2e9b68231295a72eeb4a4231700b84c49820b312b1744cb2745b,08/23/2024 04:45:00 AM,F,38.0,BICYCLE HELMET (PEDACYCLIST INVOLVED ONLY),AGAINST TRAFFIC,IN ROADWAY,TEST NOT OFFERED,,20,CLEAR,DARKNESS,PEDALCYCLIST,NOT DIVIDED,STRAIGHT AND LEVEL,UNKNOWN,NO INJURY / DRIVE AWAY,WESTERN AVE,41.8483520422,-87.6856819345,POINT (-87.685681934492 41.848352042192)
O1890071,BICYCLE,8f286819d9465052646ed8962d26b1d3aa95f1206f57ca3750a3c36ee8a88ac392abbb4074070561500f4893d245dd15adfe2fbec6af3726c3ea638fc5cf566f,08/22/2024 10:50:00 PM,M,37.0,BICYCLE HELMET (PEDACYCLIST INVOLVED ONLY),WITH TRAFFIC,IN ROADWAY,TEST NOT OFFERED,Y,30,CLEAR,DUSK,PEDALCYCLIST,T-INTERSECTION,STRAIGHT AND LEVEL,DRY,INJURY AND / OR TOW DUE TO CRASH,LINCOLN AVE,41.9837868507,-87.6959914201,POINT (-87.695991420136 41.983786850727)
O1890054,BICYCLE,3cb7287a1eccbfdc96fc8b38bb6ca6c2a7da1b36941fbb3808a5fff1b55eb1d0d7c25de17b3b1d940dfc9c56b94371f1e2509719d5ae2e84c16b934af4583802,08/22/2024 10:32:00 PM,F,29.0,HELMET NOT USED,UNKNOWN/NA,BIKE LANE,TEST NOT OFFERED,,30,CLEAR,"DARKNESS, LIGHTED ROAD",PEDALCYCLIST,NOT DIVIDED,STRAIGHT AND LEVEL,DRY,INJURY AND / OR TOW DUE TO CRASH,DIVERSEY AVE,41.9319886307,-87.7197838857,POINT (-87.719783885739 41.931988630731)
O1890038,BICYCLE,214ae28a75b433cb2f2bb95ab5f17f23f3f0e53c0978d5b705e45b6fd26401a4bf9b9bf5b2da9e319e8e40459923ec271246769fe67aae5c303720bd9fb589ec,08/22/2024 10:06:00 PM,M,28.0,HELMET NOT USED,OTHER ACTION,IN ROADWAY,TEST NOT OFFERED,,30,CLEAR,"DARKNESS, LIGHTED ROAD",PEDALCYCLIST,FOUR WAY,STRAIGHT AND LEVEL,DRY,NO INJURY / DRIVE AWAY,JACKSON BLVD,41.8780663565,-87.6277315034,POINT (-87.627731503356 41.878066356509)
O1889880,BICYCLE,a33ece90e002e448d0977c15c39ace200552a549d03ccb736ebd41a5c0c2c053a200357b163e6e758a07368b04d7c360370664be35a55782524df4d94d67a579,08/22/2024 05:25:00 PM,M,,HELMET NOT USED,OTHER ACTION,BIKE LANE,TEST NOT OFFERED,,20,CLEAR,DAYLIGHT,PEDALCYCLIST,NOT DIVIDED,STRAIGHT AND LEVEL,DRY,NO INJURY / DRIVE AWAY,CLARK ST,41.9616124333,-87.665796397,POINT (-87.665796397022 41.961612433296)
O1889919,BICYCLE,bfa7c2ec1d0f12520c02a860917bb4c7100b9dfdee1b3860151fb515c33519a82d174dfc88151b9c7fc07173d4308988ee7cbbfa28c5034dcd8103288dcaaa39,08/22/2024 05:12:00 PM,M,40.0,HELMET NOT USED,WITH TRAFFIC,BIKEWAY,TEST NOT OFFERED,,30,CLEAR,DAYLIGHT,PEDALCYCLIST,NOT DIVIDED,STRAIGHT AND LEVEL,DRY,INJURY AND / OR TOW DUE TO CRASH,MILWAUKEE AVE,41.9093086065,-87.6755691007,POINT (-87.675569100719 41.909308606492)
O1889852,BICYCLE,1c6ce0d3127310b01077d86650cdc2b74231de097cedae8084620ffab5c312bc599d31cddf98a006c291a63864b6bbe2ccbfe246dfc2e0525991a9ab1bee1476,08/22/2024 04:39:00 PM,M,45.0,HELMET NOT USED,WITH TRAFFIC,IN ROADWAY,TEST NOT OFFERED,,30,CLEAR,DAYLIGHT,PEDALCYCLIST,ONE-WAY,STRAIGHT AND LEVEL,DRY,INJURY AND / OR TOW DUE TO CRASH,STATE ST,41.8527791585,-87.6272344009,POINT (-87.627234400918 41.852779158545)
O1890142,NON-MOTOR VEHICLE,c91907d2b892a3411849d66c3eb9be3122cf9d280185a211150a981c1a1a4dcbf894eb57bf8a7c34b237b1e9d3c072eeae1122a423d81763f963dd00b94d59fd,08/22/2024 04:13:00 PM,M,62.0,USAGE UNKNOWN,,,,,30,CLEAR,DAYLIGHT,OTHER OBJECT,NOT DIVIDED,STRAIGHT AND LEVEL,DRY,NO INJURY / DRIVE AWAY,WILSON AVE,41.9638552475,-87.8380714209,POINT (-87.838071420901 41.963855247547)
O1889969,BICYCLE,558693bdc62efb2aa5c306561de547122a3258a8e22e588ac4d0cf45f137a727b89ca5b2264516e56dfc1e99cff017aa4327e809fe84d36096777a6f33bfcf26,08/22/2024 03:15:00 PM,M,27.0,HELMET NOT USED,WITH TRAFFIC,IN ROADWAY,TEST NOT OFFERED,,30,CLEAR,DAYLIGHT,PEDALCYCLIST,NOT DIVIDED,STRAIGHT AND LEVEL,DRY,NO INJURY / DRIVE AWAY,DESPLAINES ST,41.8908856733,-87.6445070918,POINT (-87.644507091794 41.890885673259)
O1889485,BICYCLE,7f18075482b2e03fc21958d21bc3d9d47b3675b8f20ab43473b69cb516e49baf795328b37aa2f0b82a4431aae49c560d8c8e055d3ce86f3b6a4abac15536b192,08/22/2024 08:19:00 AM,M,83.0,HELMET NOT USED,CROSSING - AGAINST SIGNAL,IN ROADWAY,TEST NOT OFFERED,,30,CLEAR,DAYLIGHT,PEDALCYCLIST,FOUR WAY,STRAIGHT AND LEVEL,DRY,INJURY AND / OR TOW DUE TO CRASH,YATES BLVD,41.7516362692,-87.5663781214,POINT (-87.56637812136 41.751636269168)
O1889597,BICYCLE,60f6424fa7c6216ad6c512e58a55889b7ceb561ddcea29207a634fc3cce15dfc66a8f7304b95e6e094cb41b771218085afb508ecfb861cb4f54d8973726ce5c8,08/21/2024 07:50:00 PM,M,30.0,BICYCLE HELMET (PEDACYCLIST INVOLVED ONLY),WITH TRAFFIC,IN ROADWAY,TEST NOT OFFERED,,30,CLEAR,DAYLIGHT,PEDALCYCLIST,NOT DIVIDED,STRAIGHT AND LEVEL,DRY,INJURY AND / OR TOW DUE TO CRASH,IRVING PARK RD,41.9544939556,-87.6472443312,POINT (-87.647244331225 41.954493955562)
O1889337,BICYCLE,619b4437fa8b288c9cffcc58ba5fdf86c3adafdfa52f2f7117b9f9718a0cb2098778f2bb69fef48bdcc0f46206b67ea84bdc2e7b57b9662ec058afef1a2c803e,08/21/2024 06:10:00 PM,M,20.0,HELMET NOT USED,UNKNOWN/NA,UNKNOWN/NA,TEST NOT OFFERED,,35,CLEAR,DAYLIGHT,PEDALCYCLIST,DIVIDED - W/MEDIAN (NOT RAISED),STRAIGHT AND LEVEL,DRY,INJURY AND / OR TOW DUE TO CRASH,DR MARTIN LUTHER KING JR DR,41.8310865742,-87.6174605419,POINT (-87.617460541867 41.831086574167)
O1889309,BICYCLE,352cfa59d8a0fdce987f4a0ad2f109f82a4fc6178c41229c763a13382f3d0651923d6ca987eea002f634c872edf6be98e038c09901f29dd5e1b81cad82dc5c59,08/21/2024 05:51:00 PM,F,27.0,BICYCLE HELMET (PEDACYCLIST INVOLVED ONLY),WITH TRAFFIC,IN ROADWAY,TEST NOT OFFERED,,30,CLEAR,DAYLIGHT,PEDALCYCLIST,NOT DIVIDED,STRAIGHT AND LEVEL,DRY,INJURY AND / OR TOW DUE TO CRASH,BROADWAY,41.9387785253,-87.6445031176,POINT (-87.644503117581 41.938778525336)
O1889362,BICYCLE,ade65b8f38c0dd69030f595baadfb50345d153d262abf2a46007d999ec9784a89cab4b756f384a4d3b99171f36a34bb2cbc77b7857538b5ec9c71a3393d029ae,08/21/2024 05:30:00 PM,M,29.0,BICYCLE HELMET (PEDACYCLIST INVOLVED ONLY),WITH TRAFFIC,BIKEWAY,TEST NOT OFFERED,Y,30,CLEAR,DAYLIGHT,PEDALCYCLIST,NOT DIVIDED,STRAIGHT AND LEVEL,UNKNOWN,INJURY AND / OR TOW DUE TO CRASH,HALSTED ST,41.9112889134,-87.6481333209,POINT (-87.648133320914 41.911288913409)
O1889295,BICYCLE,14a75a509aea10b7eb5c20c381d5ae76444f29dae60b2b6edc10b57a11c32af9e63ffc9fb39d85da3a0aaeaf0850ecb4abfd5f883fab0f702e8169a2663db716,08/21/2024 05:00:00 PM,F,,HELMET NOT USED,WITH TRAFFIC,IN ROADWAY,TEST NOT OFFERED,,30,CLEAR,DAYLIGHT,PEDALCYCLIST,NOT DIVIDED,STRAIGHT AND LEVEL,DRY,INJURY AND / OR TOW DUE TO CRASH,HALSTED ST,41.8734093799,-87.6472339975,POINT (-87.64723399755 41.873409379919)
O1889478,BICYCLE,a8d694c5d5c214fa218429656022c5b6d59d4de20bb8ee49aba76ce5686c7c9df104529835fc8eeb855bac1b78996400fb5ed7a547a49a93567d8e044bd9242c,08/21/2024 01:40:00 PM,M,24.0,HELMET NOT USED,CROSSING - WITH SIGNAL,BIKEWAY,TEST NOT OFFERED,,25,CLEAR,DAYLIGHT,PEDALCYCLIST,"FIVE POINT, OR MORE",STRAIGHT AND LEVEL,DRY,INJURY AND / OR TOW DUE TO CRASH,MILWAUKEE AVE,41.9033078036,-87.6666320884,POINT (-87.666632088377 41.903307803577)
O1890128,BICYCLE,b63c79a1a95a4658bd1cefb24081db51bbd143405e33520101fbf246b3ebca98accb8d497d760bfd350a07d09926c33fe451ffe4d6914f9cdd6a40538b88ba77,08/21/2024 08:15:00 AM,F,,BICYCLE HELMET (PEDACYCLIST INVOLVED ONLY),OTHER ACTION,BIKE LANE,TEST NOT OFFERED,,30,CLEAR,DAYLIGHT,PEDALCYCLIST,NOT DIVIDED,STRAIGHT AND LEVEL,DRY,INJURY AND / OR TOW DUE TO CRASH,CORTLAND ST,41.9170054716,-87.6592250865,POINT (-87.659225086537 41.917005471631)
O1888749,BICYCLE,432b03efaf5cd66a1c35190ec5ce630132f14ee25d394691607b905ce1fdedfa1259808bd602c91f0369c148ae5a55ed1fee573aad531ba36c1696b918d977e1,08/20/2024 08:50:00 PM,F,31.0,BICYCLE HELMET (PEDACYCLIST INVOLVED ONLY),TURNING LEFT,IN ROADWAY,TEST NOT OFFERED,,30,CLEAR,"DARKNESS, LIGHTED ROAD",PEDALCYCLIST,DIVIDED - W/MEDIAN (NOT RAISED),STRAIGHT AND LEVEL,DRY,INJURY AND / OR TOW DUE TO CRASH,WESTERN AVE,41.8539235621,-87.6855417972,POINT (-87.685541797217 41.853923562058)
O1888726,BICYCLE,e7759f2a20392572eb3f6b75011777b0da32594dac4f74d5b9a58aed5c3417bd093fa2cb3bf59b32b8fbb58543ffca46107e53ed17193079522c729c88c303e9,08/20/2024 08:18:00 PM,M,27.0,HELMET NOT USED,WITH TRAFFIC,IN ROADWAY,TEST NOT OFFERED,,30,CLEAR,"DARKNESS, LIGHTED ROAD",PEDALCYCLIST,T-INTERSECTION,STRAIGHT AND LEVEL,DRY,INJURY AND / OR TOW DUE TO CRASH,COUCH PL,41.8852095612,-87.6474114335,POINT (-87.647411433546 41.885209561201)
O1888717,BICYCLE,2a504229e39b6072cf9fbf8cd9a80bc02c698c360c62d10292cdb3664ce5372078e6b6acb038c1b74d83021ee1f35a213dd053883ca777856b8eb23a95972bec,08/20/2024 08:16:00 PM,M,39.0,HELMET NOT USED,TURNING LEFT,IN ROADWAY,TEST NOT OFFERED,,30,CLEAR,DAWN,PEDALCYCLIST,FOUR WAY,STRAIGHT AND LEVEL,DRY,INJURY AND / OR TOW DUE TO CRASH,OHIO ST,41.8922999643,-87.6325307791,POINT (-87.632530779107 41.892299964256)
O1888582,BICYCLE,1849f3ff0b36e8bc2c0413953eb4b2869e8b3e2b273f3dcc86db509ac2ba45747520df5899be4f6c38b9fe0f5758a0136cfd9d4569a65aef8871732878906e5f,08/20/2024 05:05:00 PM,M,19.0,HELMET NOT USED,CROSSING - AGAINST SIGNAL,IN ROADWAY,TEST NOT OFFERED,,30,CLEAR,DAYLIGHT,PEDALCYCLIST,FOUR WAY,STRAIGHT AND LEVEL,DRY,INJURY AND / OR TOW DUE TO CRASH,CLARK ST,42.0035849743,-87.6723519319,POINT (-87.672351931893 42.003584974253)
O1888374,BICYCLE,215b47916c4e75a146c0a3e29002973f656dd6c16e3decbed4dd49f6380a661644771739cc7f6ca9024e0878c55c2d31f47fe570b1c8828c16cb7bd442b158ac,08/20/2024 01:10:00 PM,M,46.0,HELMET NOT USED,UNKNOWN/NA,BIKE LANE,TEST NOT OFFERED,,30,CLEAR,DAYLIGHT,PEDALCYCLIST,NOT DIVIDED,STRAIGHT AND LEVEL,DRY,INJURY AND / OR TOW DUE TO CRASH,LARRABEE ST,41.9059230227,-87.6431377529,POINT (-87.643137752862 41.905923022697)
O1888387,BICYCLE,3f23cba991dba9566eb2dc6c0790e40b190a46607598be0ad23b163e22efc38d9d86077aed634aff740415902f721d1c546386e57fa8133331eb58cdc32a372a,08/20/2024 12:20:00 PM,F,68.0,HELMET NOT USED,CROSSING - NO CONTROLS (AT INTERSECTION),IN CROSSWALK,TEST NOT OFFERED,,15,CLEAR,DAYLIGHT,PEDALCYCLIST,ALLEY,STRAIGHT AND LEVEL,DRY,INJURY AND / OR TOW DUE TO CRASH,HOLLYWOOD AVE,41.984707865,-87.7143403676,POINT (-87.714340367596 41.984707865007)
O1888377,BICYCLE,34271ba6fcd56f74f5292bd0f8e45a472fb2d173afd4e82d0e15d9aafd1c3531c79a2e33111988ab3043dc4c34cb25ce6602ca518696f46e11b0a2cb3860f1a1,08/20/2024 11:59:00 AM,M,55.0,HELMET NOT USED,CROSSING - NO CONTROLS (NOT AT INTERSECTION),IN ROADWAY,,,35,CLEAR,DAYLIGHT,PEDALCYCLIST,NOT DIVIDED,STRAIGHT AND LEVEL,DRY,INJURY AND / OR TOW DUE TO CRASH,KEDZIE AVE,41.786961489,-87.7032196163,POINT (-87.703219616259 41.786961489022)
O1888289,NON-MOTOR VEHICLE,d5497bca643416507d58e62e9262344a7b41b21fd12bc06ca4ed383ee60641b296794de53fa220a2c7a21abc05070397b772c52efad74f30d0965b66c54eb7b8,08/20/2024 09:20:00 AM,M,2.0,NOT DOT COMPLIANT MOTORCYCLE HELMET,OTHER ACTION,IN ROADWAY,TEST NOT OFFERED,Y,30,CLEAR,DAYLIGHT,OTHER OBJECT,FOUR WAY,STRAIGHT AND LEVEL,DRY,INJURY AND / OR TOW DUE TO CRASH,KEDZIE AVE,41.9485414209,-87.708020179,POINT (-87.708020178996 41.948541420905)
O1888256,BICYCLE,8807563d68645e2c2178332560542f5e633e3cd17c82c2ae3fddf408c14b71245ddc5c55ee47a078b95435a94866fcf600752eea01c5c76e8a0f58f728bc98d8,08/20/2024 06:30:00 AM,M,14.0,HELMET NOT USED,CROSSING - NO CONTROLS (NOT AT INTERSECTION),IN CROSSWALK,TEST NOT OFFERED,N,20,CLEAR,DUSK,PEDALCYCLIST,NOT DIVIDED,STRAIGHT AND LEVEL,DRY,INJURY AND / OR TOW DUE TO CRASH,CENTRAL AVE,41.8794895424,-87.764985619,POINT (-87.764985619024 41.879489542422)