PERSON_ID,PERSON_TYPE,CRASH_RECORD_ID,CRASH_DATE_x,SEX,AGE,SAFETY_EQUIPMENT,PEDPEDAL_ACTION,PEDPEDAL_LOCATION,BAC_RESULT,CRASH_DATE_EST_I,POSTED_SPEED_LIMIT,WEATHER_CONDITION,LIGHTING_CONDITION,FIRST_CRASH_TYPE,TRAFFICWAY_TYPE,ALIGNMENT,ROADWAY_SURFACE_COND,CRASH_TYPE,STREET_NAME,LATITUDE,LONGITUDE,LOCATION
O1888029,BICYCLE,eb0e2d1daf82e8c5af804de54e778f1b37a0f6a15583acdf58a3264f9a02fe2a2f96ac3efddf91c108e75678d99d39c259ea52bf21cc16372568ba1e3777907d,08/19/2024 05:16:00 PM,M,51.0,BICYCLE HELMET (PEDACYCLIST INVOLVED ONLY),WITH TRAFFIC,BIKEWAY,TEST NOT OFFERED,,30,CLEAR,DAYLIGHT,PEDALCYCLIST,NOT DIVIDED,STRAIGHT AND LEVEL,DRY,NO INJURY / DRIVE AWAY,LAWRENCE AVE,41.9679995298,-87.7591264057,POINT (-87.759126405727 41.967999529791)
O1890860,BICYCLE,740320f4ae774ccb25bc521704062def3a0b10a7be95dedb2ba907cda1c835e0298f0dc3ffdffe8c329ef410551648c720a90c24bb2d62b42e3224a95b45ea98,08/19/2024 04:47:00 PM,M,30.0,HELMET NOT USED,UNKNOWN/NA,UNKNOWN/NA,TEST NOT OFFERED,,30,UNKNOWN,UNKNOWN,PEDALCYCLIST,NOT DIVIDED,STRAIGHT AND LEVEL,OTHER,NO INJURY / DRIVE AWAY,LARAMIE AVE,41.8834103387,-87.7550287354,POINT (-87.755028735395 41.883410338654)
O1887971,BICYCLE,3bb0b9145185f5ecfaf2d0b154aa5fe3dfb61568627bc8364baeacd91ddeb19bbd9ddec88c3da04a45d9580c42126de84cf35c8f69a7c4a8e6943c98db689609,08/19/2024 04:15:00 PM,F,,BICYCLE HELMET (PEDACYCLIST INVOLVED ONLY),NO ACTION,IN ROADWAY,TEST NOT OFFERED,,25,CLEAR,DAYLIGHT,PEDALCYCLIST,NOT DIVIDED,STRAIGHT AND LEVEL,DRY,NO INJURY / DRIVE AWAY,WELLINGTON AVE,41.9362396113,-87.6501302747,POINT (-87.650130274721 41.936239611254)
O1887826,BICYCLE,f5d78054acafc2d6dca4322a30f2facc0b70822716598732c6eb27e5c63d79d41e17d0e0c8a5fa7d83c7efd3dff06dbc333941bb1a09d44f08721194ac7a773e,08/19/2024 12:00:00 PM,M,46.0,BICYCLE HELMET (PEDACYCLIST INVOLVED ONLY),UNKNOWN/NA,BIKE LANE,TEST NOT OFFERED,,30,CLEAR,DAYLIGHT,PEDALCYCLIST,DIVIDED - W/MEDIAN (NOT RAISED),STRAIGHT AND LEVEL,DRY,INJURY AND / OR TOW DUE TO CRASH,DAMEN AVE,41.905358031,-87.6771742774,POINT (-87.677174277375 41.905358031002)
O1887683,BICYCLE,423cbefb831f8be9dcabde0511b6dffebb662ef87aa09e7b82de3844cd3d1c9f4c7e8070c5b26754e1832d497b28099a95967240ec5f19e75474be9abc09d63e,08/19/2024 10:20:00 AM,,,HELMET NOT USED,CROSSING - NO CONTROLS (NOT AT INTERSECTION),DRIVEWAY ACCESS,TEST NOT OFFERED,,20,CLEAR,DAYLIGHT,PEDALCYCLIST,OTHER,STRAIGHT AND LEVEL,DRY,NO INJURY / DRIVE AWAY,NORTH AVE,41.9110025193,-87.6499648472,POINT (-87.649964847196 41.911002519307)
O1887635,BICYCLE,e26deec848d50de9f4334f83ec34c75eec1b54f1ea7b80a667cfe241bfbd36b63276eb0a6c58ca63ef00d33666769e44f051184edc03c4df18b1c1df0b987a3e,08/19/2024 08:08:00 AM,F,45.0,BICYCLE HELMET (PEDACYCLIST INVOLVED ONLY),NO ACTION,IN CROSSWALK,TEST NOT OFFERED,,30,CLEAR,DAYLIGHT,PEDALCYCLIST,T-INTERSECTION,STRAIGHT AND LEVEL,DRY,INJURY AND / OR TOW DUE TO CRASH,DR MARTIN LUTHER KING JR DR,41.7965957903,-87.6161731137,POINT (-87.6161731137 41.79659579027)
O1887627,NON-MOTOR VEHICLE,d608e516deabfef8db5c62d14a6453af190568925e74d2958123fd68e60f0bd6ee850fadd7bb6843309b9d2e37bde82a5752df2cb5f0a28644c0f900864cb765,08/19/2024 07:40:00 AM,F,22.0,HELMET NOT USED,CROSSING - NO CONTROLS (NOT AT INTERSECTION),BIKE LANE,TEST NOT OFFERED,,30,CLEAR,DAYLIGHT,OTHER OBJECT,FOUR WAY,STRAIGHT AND LEVEL,DRY,INJURY AND / OR TOW DUE TO CRASH,18TH ST,41.8577430453,-87.6785087862,POINT (-87.678508786198 41.857743045254)
O1887549,BICYCLE,a2c6765b07b519de457fa83dad3c04e063d44cb12ef9e5a979ef7dc2df4c32cae153dc688c8cf5c2d404c77ecd1cc604bbf538a70ecc0166b4523156d2e61db1,08/18/2024 10:40:00 PM,M,43.0,BICYCLE HELMET (PEDACYCLIST INVOLVED ONLY),CROSSING - WITH SIGNAL,IN ROADWAY,TEST NOT OFFERED,,30,CLEAR,DARKNESS,PEDALCYCLIST,FOUR WAY,STRAIGHT AND LEVEL,DRY,INJURY AND / OR TOW DUE TO CRASH,WABASH AVE,41.8714476425,-87.6257814491,POINT (-87.625781449142 41.871447642507)
O1887470,BICYCLE,226ade9128874f50a4b2246ec494f01c988c99b86331f804604c416ce658fc2f1abe34445a7e540b010313fc784e46082ec0dbda1f4183118462ad1d95f71ec4,08/18/2024 08:17:00 PM,M,51.0,HELMET NOT USED,TURNING LEFT,IN ROADWAY,TEST NOT OFFERED,,30,CLEAR,"DARKNESS, LIGHTED ROAD",PEDALCYCLIST,NOT DIVIDED,STRAIGHT AND LEVEL,DRY,INJURY AND / OR TOW DUE TO CRASH,NORTH AVE,41.9105699128,-87.6788306544,POINT (-87.678830654441 41.91056991284)
O1887710,BICYCLE,617f5a33a9bb107edf6c9b341b9d1ee3b300accf68f1fc7d8424b17a504a3cae7064b953837199567bf3b9c7c456d10f2d2eeb9936eb167ca5d05a444d8467ce,08/18/2024 07:50:00 PM,F,23.0,HELMET NOT USED,WITH TRAFFIC,BIKEWAY,TEST NOT OFFERED,,30,CLEAR,DAYLIGHT,PEDALCYCLIST,NOT DIVIDED,STRAIGHT ON GRADE,DRY,INJURY AND / OR TOW DUE TO CRASH,CLARK ST,41.9296005837,-87.6430512122,POINT (-87.643051212209 41.92960058367)
O1889095,NON-MOTOR VEHICLE,96bf8d48629aa30ef45e53cf397969c3321549b569ee1390734ae1ab8884b767be0e2cd23bb2c5ef0f2612cb1b9bdc31af43b07891a0599709ebb5a8c7a35b15,08/18/2024 05:45:00 PM,M,25.0,DOT COMPLIANT MOTORCYCLE HELMET,,,TEST NOT OFFERED,,30,CLEAR,DAYLIGHT,OTHER OBJECT,ONE-WAY,STRAIGHT AND LEVEL,DRY,INJURY AND / OR TOW DUE TO CRASH,ILLINOIS ST,41.8910698573,-87.6226193997,POINT (-87.622619399716 41.891069857341)
O1887433,BICYCLE,f41942c395e40701695faa6bd1b11f0623af942e86bd3cea4d0a34c7a1532b858e521b385f8ee35d0e0712df42205e424b29ebbb69ccdd11bd31cf61b42488d0,08/18/2024 04:28:00 PM,M,14.0,BICYCLE HELMET (PEDACYCLIST INVOLVED ONLY),CROSSING - NO CONTROLS (NOT AT INTERSECTION),IN CROSSWALK,TEST NOT OFFERED,,30,CLEAR,DAYLIGHT,PEDALCYCLIST,DIVIDED - W/MEDIAN BARRIER,STRAIGHT AND LEVEL,DRY,INJURY AND / OR TOW DUE TO CRASH,HUMBOLDT BLVD,41.9139252472,-87.702127645,POINT (-87.702127645039 41.913925247246)
O1891655,BICYCLE,951984e743fe8899cfd8302aec896d5ffedc4d929253b91236884b38b6f98fb248c3c0df4bdb424c7eabbcf81c24fd5d6f07528eeb6938c20a4d92a834f95ce4,08/18/2024 04:00:00 PM,F,38.0,BICYCLE HELMET (PEDACYCLIST INVOLVED ONLY),WITH TRAFFIC,IN ROADWAY,,,30,CLEAR,DAYLIGHT,PEDALCYCLIST,ONE-WAY,STRAIGHT AND LEVEL,DRY,INJURY AND / OR TOW DUE TO CRASH,RIDGEWAY AVE,41.928228478,-87.7209025491,POINT (-87.720902549099 41.928228478015)
O1887740,BICYCLE,29fc1b504219c3dfb349844e3aa98b37d1c9b6f59ba205f999cd079a841d677e4f13105af563c20961f1dfedba8b15f72ce96e137060fb451d9f9347b1994e1e,08/18/2024 12:00:00 PM,M,23.0,HELMET NOT USED,UNKNOWN/NA,DRIVEWAY ACCESS,TEST NOT OFFERED,,35,CLEAR,DAYLIGHT,PEDALCYCLIST,NOT DIVIDED,STRAIGHT ON GRADE,UNKNOWN,INJURY AND / OR TOW DUE TO CRASH,95TH ST,41.7210731422,-87.6648983734,POINT (-87.664898373396 41.721073142168)
O1887142,BICYCLE,0789ff3d7440c7ac70bb51c68705b98773587b8ac8206368e45212ebee22e92ca819a6609f824b6542caecc2d631b2191d49f1d3a8abd5e5815a0c51be99cc11,08/18/2024 11:05:00 AM,M,15.0,HELMET NOT USED,CROSSING - WITH SIGNAL,IN ROADWAY,TEST NOT OFFERED,,30,CLEAR,DAYLIGHT,PEDALCYCLIST,FOUR WAY,STRAIGHT AND LEVEL,DRY,NO INJURY / DRIVE AWAY,27TH ST,41.8425030565,-87.7257781449,POINT (-87.725778144873 41.842503056515)
O1887176,NON-MOTOR VEHICLE,533e01b1ab836eec707ce6aa096b28a947f9f5b2ca11effca1ff7789581d4c3689450ac1c767803a2e4ee41bdab5b4b7ac6f4b30b1bd8edf69723a00e28a8841,08/18/2024 01:30:00 AM,,,,,,,,30,UNKNOWN,"DARKNESS, LIGHTED ROAD",FIXED OBJECT,DIVIDED - W/MEDIAN (NOT RAISED),STRAIGHT AND LEVEL,DRY,NO INJURY / DRIVE AWAY,DIVISION ST,41.9038632229,-87.6267338028,POINT (-87.626733802786 41.903863222883)
O1887438,BICYCLE,1396de7fa83057e958a5e3bf9a2ec4546eea9899b01754d6d465a6119c2374edb5555c182818895859d92cd65650adbb3b8c989da2fd2f2dddc766354068cafa,08/18/2024 12:40:00 AM,M,25.0,HELMET NOT USED,WITH TRAFFIC,IN ROADWAY,TEST NOT OFFERED,,30,CLEAR,"DARKNESS, LIGHTED ROAD",PEDALCYCLIST,FOUR WAY,STRAIGHT AND LEVEL,DRY,INJURY AND / OR TOW DUE TO CRASH,RANDOLPH ST,41.8842585555,-87.649709905,POINT (-87.649709905034 41.8842585555)
O1886806,BICYCLE,e4b77d04bf26b91777e108596724773355b40bfd9cded8fb07553b638d2b6a7825468a836ab01cd6decd236f2a23a8d0e1c9286d17675f336918e0f095a72681,08/17/2024 08:30:00 PM,F,32.0,BICYCLE HELMET (PEDACYCLIST INVOLVED ONLY),PARKED VEHICLE,BIKEWAY,TEST NOT OFFERED,,30,RAIN,DAYLIGHT,PEDALCYCLIST,DIVIDED - W/MEDIAN (NOT RAISED),STRAIGHT AND LEVEL,WET,INJURY AND / OR TOW DUE TO CRASH,DIVERSEY PKWY,41.9326316326,-87.6479727844,POINT (-87.647972784417 41.932631632573)
O1886767,BICYCLE,7d05a7379601b1ab041a95a2728ab8a7efc211ded217f3315bf8ed8ff23a2468097bcf3c37810c37e1dad4d063e8d530a752bbf8b10065ecd33bd8db8ac10b3f,08/17/2024 07:40:00 PM,M,10.0,BICYCLE HELMET (PEDACYCLIST INVOLVED ONLY),CROSSING - NO CONTROLS (AT INTERSECTION),UNKNOWN/NA,TEST NOT OFFERED,,30,RAIN,"DARKNESS, LIGHTED ROAD",PEDALCYCLIST,T-INTERSECTION,STRAIGHT AND LEVEL,WET,INJURY AND / OR TOW DUE TO CRASH,65TH ST,41.7759255456,-87.6654523335,POINT (-87.665452333479 41.77592554564)
O1888574,BICYCLE,6b33b8d176d9d497a20b4293d331845b87c62ce80f0651a1452723bc5b3ae09bcedd1a576b7871ad8cf064bd31f6b0754713e037c02e124e7dd061bb6e626366,08/17/2024 05:30:00 PM,M,32.0,BICYCLE HELMET (PEDACYCLIST INVOLVED ONLY),CROSSING - WITH SIGNAL,UNKNOWN/NA,TEST NOT OFFERED,,30,UNKNOWN,UNKNOWN,PEDALCYCLIST,FOUR WAY,STRAIGHT AND LEVEL,UNKNOWN,INJURY AND / OR TOW DUE TO CRASH,HARLEM AVE,41.9526913626,-87.8074132476,POINT (-87.807413247555 41.952691362649)
O1886665,BICYCLE,7974b4f0f3ff1e2614d33e3cb694ea4fcffd56ead913acb255d75e635989bcbb703004f9317872fc67334a6d9bfb66baab103cb4153088f28cbf52f921f027c7,08/17/2024 05:11:00 PM,M,14.0,HELMET NOT USED,CROSSING - NO CONTROLS (NOT AT INTERSECTION),IN ROADWAY,TEST NOT OFFERED,,30,CLEAR,DAYLIGHT,PEDALCYCLIST,NOT DIVIDED,STRAIGHT AND LEVEL,DRY,INJURY AND / OR TOW DUE TO CRASH,CANFIELD AVE,41.9814010816,-87.8235872535,POINT (-87.823587253518 41.981401081618)
O1887038,BICYCLE,45c508efe354f411971aa32d1c60b219c17817bac37866eacf74980b38865823b44bdfbecd625c41b8e6799c2829f27e1d8a979661a3889fe639c52ff61f2819,08/17/2024 05:00:00 PM,F,19.0,BICYCLE HELMET (PEDACYCLIST INVOLVED ONLY),WITH TRAFFIC,BIKEWAY,TEST NOT OFFERED,,30,CLEAR,DAYLIGHT,PEDALCYCLIST,DIVIDED - W/MEDIAN (NOT RAISED),STRAIGHT AND LEVEL,DRY,INJURY AND / OR TOW DUE TO CRASH,NORTH AVE,41.9093634201,-87.757986484,POINT (-87.757986483975 41.909363420138)
O1886934,BICYCLE,790d2686fc4e0b6638c4419c22645ee819f2297c4368152ae5b522bb67faa7e3b9937eef41c3ca802c7cc27021b1fab60c8bf0a1d2167662cbf28fe0cccd2d49,08/17/2024 05:00:00 PM,M,,HELMET NOT USED,OTHER ACTION,NOT IN ROADWAY,,,30,RAIN,DAYLIGHT,PEDALCYCLIST,T-INTERSECTION,STRAIGHT AND LEVEL,DRY,NO INJURY / DRIVE AWAY,ASHLAND AVE,41.9111754014,-87.6675582448,POINT (-87.667558244839 41.911175401417)
O1886527,BICYCLE,2c0418dfe325ccdc296950bf6053da9dd1409a2af94babb4658da0acca6026a53408303ccd8a1527a7eecdd119281cc54e6859fc14e0c76466b2d9960cdcdb5c,08/17/2024 02:30:00 PM,F,23.0,BICYCLE HELMET (PEDACYCLIST INVOLVED ONLY),CROSSING - WITH SIGNAL,IN ROADWAY,TEST NOT OFFERED,,30,RAIN,DAYLIGHT,PEDALCYCLIST,FOUR WAY,STRAIGHT AND LEVEL,WET,INJURY AND / OR TOW DUE TO CRASH,WESTERN AVE,41.9705014746,-87.689115784,POINT (-87.689115784038 41.970501474594)
O1886550,BICYCLE,9dc54cfad7df94bf3349bc1365f3dc624dea5252ca32b96d9a1eea21a6e11d823fe02edb917b9a5f32b5a3e5d02c9ea3e78c335d9c6becb2dfd28da2016f6239,08/17/2024 01:38:00 PM,M,70.0,BICYCLE HELMET (PEDACYCLIST INVOLVED ONLY),CROSSING - NO CONTROLS (AT INTERSECTION),IN ROADWAY,TEST NOT OFFERED,,30,CLEAR,DAYLIGHT,PEDALCYCLIST,NOT DIVIDED,STRAIGHT AND LEVEL,WET,INJURY AND / OR TOW DUE TO CRASH,HALSTED ST,41.7576565598,-87.6443700572,POINT (-87.644370057249 41.757656559814)
O1886316,BICYCLE,10a12b19f9d64959fda9742605bee00e4355e8c570d577e7e35f5913f94c44f3f0f49de0436351b96de2c5b060b67fce317f16f453389f9244cbcb45830da6bb,08/17/2024 10:55:00 AM,F,,HELMET NOT USED,WITH TRAFFIC,IN ROADWAY,TEST NOT OFFERED,,30,CLEAR,DAYLIGHT,PEDALCYCLIST,NOT DIVIDED,STRAIGHT AND LEVEL,DRY,NO INJURY / DRIVE AWAY,SANDBURG TER,41.905559286,-87.6320084511,POINT (-87.632008451084 41.905559285994)
O1888038,BICYCLE,0010d623f2d5ae6dae8f457f1729bad3c08f5664a87459aa8e1c1570e5cfa282fe46aebcd02ba8de1ac91928f6f4aefa92d17cbc964bc5d681f51649e6f99240,08/17/2024 10:45:00 AM,F,24.0,BICYCLE HELMET (PEDACYCLIST INVOLVED ONLY),NO ACTION,IN ROADWAY,TEST NOT OFFERED,,30,RAIN,DAYLIGHT,PEDALCYCLIST,NOT DIVIDED,STRAIGHT AND LEVEL,WET,INJURY AND / OR TOW DUE TO CRASH,CLARK ST,41.9054714445,-87.631349158,POINT (-87.63134915801 41.905471444522)
O1886061,BICYCLE,28d1148f110e895f147cfcf46bb68d4d2598fde3a621a20d5dbd4519879b3c554c43cfab71f45030ce1b59bb464cd0f0d89a6b68322173565e6b35a3d63e3dea,08/16/2024 08:46:00 PM,M,55.0,HELMET NOT USED,AGAINST TRAFFIC,DRIVEWAY ACCESS,TEST NOT OFFERED,,30,RAIN,DARKNESS,PEDALCYCLIST,PARKING LOT,STRAIGHT AND LEVEL,WET,INJURY AND / OR TOW DUE TO CRASH,63RD ST,41.7796315359,-87.6608870173,POINT (-87.660887017333 41.779631535941)
O1886081,NON-MOTOR VEHICLE,9cf8a1b397b80a16b49179c19f7c499b52a75ab1737f920490aa8067c74767de60d9a3c9a00629266046f3aa2f79ae621a2c6bb399e852845fdd5e07a020ae56,08/16/2024 08:13:00 PM,,,,,,TEST NOT OFFERED,,30,RAIN,"DARKNESS, LIGHTED ROAD",OTHER OBJECT,ONE-WAY,STRAIGHT AND LEVEL,WET,NO INJURY / DRIVE AWAY,30TH ST,41.8388619311,-87.7096955814,POINT (-87.709695581424 41.838861931089)
O1886030,BICYCLE,983193e349af18937ebc514f4af2f66100550654bbfbac8138c73c983839024ce5b0e52e1f3c991279876436779d2b6f0c15e5a97271e1b1dd72345bee9b3153,08/16/2024 07:20:00 PM,M,40.0,BICYCLE HELMET (PEDACYCLIST INVOLVED ONLY),CROSSING - NO CONTROLS (AT INTERSECTION),IN CROSSWALK,TEST NOT OFFERED,,30,CLEAR,DUSK,PEDALCYCLIST,FOUR WAY,STRAIGHT AND LEVEL,DRY,INJURY AND / OR TOW DUE TO CRASH,SIMONDS DR,41.9667616526,-87.6431367336,POINT (-87.643136733626 41.966761652567)
O1898762,BICYCLE,3bcb6b8e09f013ba5b67c5786bc905e5fb1aeea5ecf71322120c924dbc39c7a1af826da8a1635dfec351423f21dc42b8146392419e7f5ac7c78d7806ab557cc8,08/16/2024 06:46:00 PM,F,60.0,HELMET NOT USED,NO ACTION,IN ROADWAY,TEST NOT OFFERED,,30,CLEAR,DUSK,PEDALCYCLIST,NOT DIVIDED,STRAIGHT AND LEVEL,DRY,INJURY AND / OR TOW DUE TO CRASH,ELSTON AVE,41.9660817265,-87.7374059116,POINT (-87.737405911563 41.966081726514)
O1885985,BICYCLE,f91e7da76813fb88829d3f2b14e04654ff0526431a1afab607eaa7489d17d40f1fa4e67eba51855290cf5dd2aeaca3855ae2446b3570b7328abbf4cc2562a731,08/16/2024 06:45:00 PM,M,60.0,BICYCLE HELMET (PEDACYCLIST INVOLVED ONLY),CROSSING - AGAINST SIGNAL,IN ROADWAY,TEST NOT OFFERED,,35,CLEAR,DAYLIGHT,PEDALCYCLIST,DIVIDED - W/MEDIAN (NOT RAISED),STRAIGHT AND LEVEL,DRY,INJURY AND / OR TOW DUE TO CRASH,LA SALLE DR,41.9112496561,-87.6333002484,POINT (-87.633300248411 41.911249656053)
O1885969,NON-MOTOR VEHICLE,4f54c97bc245decd280f7f9df2737065936235fd1bb5bc6a466e9b7521149517feffeeb16f8ab612000f8e2fae19cadb6eb371f1faab7abb9e0491fe08fc257a,08/16/2024 06:15:00 PM,F,20.0,NONE PRESENT,WITH TRAFFIC,IN ROADWAY,TEST NOT OFFERED,,30,CLEAR,DAYLIGHT,OTHER OBJECT,NOT DIVIDED,STRAIGHT AND LEVEL,DRY,INJURY AND / OR TOW DUE TO CRASH,PULASKI RD,41.8326967501,-87.7241182985,POINT (-87.724118298482 41.832696750077)
O1886083,BICYCLE,81e3cac903673c46660bd718e11431828838c6b3e4193c374a1ba9e31f08c731f67f6fd807049d21c7c1677b4ef554bbed8966beeca770f54127abd726ffdf73,08/16/2024 05:17:00 PM,M,12.0,BICYCLE HELMET (PEDACYCLIST INVOLVED ONLY),CROSSING - WITH SIGNAL,IN CROSSWALK,TEST NOT OFFERED,,20,RAIN,DAYLIGHT,PEDALCYCLIST,ONE-WAY,STRAIGHT AND LEVEL,WET,INJURY AND / OR TOW DUE TO CRASH,LAVERGNE AVE,41.924131644,-87.7510795494,POINT (-87.751079549431 41.924131644045)
O1885949,BICYCLE,53f25424978a9506a453b1b3030cbf5df94e9c95fc9a6986992136cdaca7be21adb6bc74cebf1bd3dba9c4f7f063aa921abf0acbfa526d15787a8c9036d22a27,08/16/2024 05:12:00 PM,M,48.0,BICYCLE HELMET (PEDACYCLIST INVOLVED ONLY),CROSSING - NO CONTROLS (NOT AT INTERSECTION),IN ROADWAY,TEST NOT OFFERED,,30,CLEAR,DAYLIGHT,PEDALCYCLIST,NOT DIVIDED,STRAIGHT AND LEVEL,DRY,INJURY AND / OR TOW DUE TO CRASH,ARLINGTON PL,41.9275434996,-87.6393449619,POINT (-87.639344961862 41.927543499616)
O1886059,BICYCLE,3ec26deefc95a4fc698e5ac4ed141dd5e7fb62e601302392e96991461dba57e0e40b3e3c3e6031a24a531e0fef136eb41d2847262a635fabf8fcd0a09ef16256,08/16/2024 01:30:00 PM,M,53.0,BICYCLE HELMET (PEDACYCLIST INVOLVED ONLY),WITH TRAFFIC,IN ROADWAY,TEST NOT OFFERED,,30,CLEAR,DAYLIGHT,PEDALCYCLIST,FOUR WAY,STRAIGHT AND LEVEL,DRY,INJURY AND / OR TOW DUE TO CRASH,JEFFERY BLVD,41.7642839116,-87.5764066694,POINT (-87.576406669444 41.764283911619)
O1885782,BICYCLE,d646ff939c1dcb435b7a00723231f9b18a6833ddce227749326ef6201e56c75bdf19e5b7ccfc99c33bcfc6e3a5097c3de5580a1e13a9224bae2bb292e8c5f4b4,08/16/2024 01:15:00 PM,M,,HELMET NOT USED,WITH TRAFFIC,NOT IN ROADWAY,TEST NOT OFFERED,,20,CLEAR,DAYLIGHT,PEDALCYCLIST,NOT DIVIDED,STRAIGHT AND LEVEL,DRY,NO INJURY / DRIVE AWAY,MONROE ST,41.8806992461,-87.6397250266,POINT (-87.639725026639 41.880699246124)
O1885642,BICYCLE,26e025ad98abb73193fe6b430c3886805092f2ffce5e830403c8614437db381666b8fbb241fc8ea9e92df128291d5f763f339d8433ed73f20bf88da460c25d06,08/16/2024 12:40:00 PM,M,13.0,BICYCLE HELMET (PEDACYCLIST INVOLVED ONLY),NO ACTION,UNKNOWN/NA,TEST NOT OFFERED,,15,CLEAR,DAYLIGHT,PEDALCYCLIST,NOT DIVIDED,STRAIGHT AND LEVEL,DRY,INJURY AND / OR TOW DUE TO CRASH,FOSTER AVE,41.9758943899,-87.7033552619,POINT (-87.703355261858 41.975894389905)
O1885639,BICYCLE,44f1f5453f92d4ee1d7b661ceab5b1f4bab381e10d5a6aa62934741f4a4e1bff9751edb76aacb62a4ab9279a191cdd8678c3bdafd49812e65e57f795f16b7d95,08/16/2024 12:00:00 PM,M,73.0,BICYCLE HELMET (PEDACYCLIST INVOLVED ONLY),ENTER FROM DRIVE/ALLEY,DRIVEWAY ACCESS,TEST NOT OFFERED,,30,CLEAR,DAYLIGHT,PEDALCYCLIST,ONE-WAY,STRAIGHT AND LEVEL,DRY,INJURY AND / OR TOW DUE TO CRASH,OHIO ST,41.8925089988,-87.6332173318,POINT (-87.63321733179 41.892508998842)
O1885589,BICYCLE,fb86c921dc83c4603658d7786861068843a5819bac36b0bdf489a073b7f6b48ee46f027ec3550044cae33967029b2fb2addc35df73de1625e1792b5c6e134ee6,08/16/2024 11:40:00 AM,M,67.0,BICYCLE HELMET (PEDACYCLIST INVOLVED ONLY),NO ACTION,IN ROADWAY,TEST NOT OFFERED,,25,CLEAR,DAYLIGHT,PEDALCYCLIST,NOT DIVIDED,STRAIGHT AND LEVEL,DRY,INJURY AND / OR TOW DUE TO CRASH,BELMONT HARBOR DR,41.9460341859,-87.637489173,POINT (-87.637489173004 41.946034185888)
O1885735,BICYCLE,843900d1bc68f00d5f69cc39b698fc71bca3d2bd7618a6064a00ca9beb2351a1ccb8b7ace552ae09208b5db87a3cede92b075497d0acc73bf0989af6d98e4218,08/16/2024 11:30:00 AM,M,,HELMET NOT USED,NO ACTION,IN ROADWAY,TEST NOT OFFERED,,30,CLEAR,DAYLIGHT,PEDALCYCLIST,OTHER,STRAIGHT AND LEVEL,DRY,NO INJURY / DRIVE AWAY,CICERO AVE,41.9424288458,-87.7471105045,POINT (-87.747110504495 41.942428845787)
O1885575,BICYCLE,ace48ec6822760b88b7778203a7e736a53748b7fb67e7141f76fc3ac1dc4ea75d6c9cfccbe08d8e8f214f7366c74430b61b04b2c055a222994a6da64ee6bbee0,08/16/2024 11:14:00 AM,M,,BICYCLE HELMET (PEDACYCLIST INVOLVED ONLY),WITH TRAFFIC,SHOULDER,TEST NOT OFFERED,,30,CLEAR,DAYLIGHT,PEDALCYCLIST,NOT DIVIDED,STRAIGHT AND LEVEL,DRY,NO INJURY / DRIVE AWAY,BELMONT AVE,41.9391826068,-87.7287604353,POINT (-87.728760435318 41.939182606825)
O1885360,BICYCLE,52da749c024fcd46092301f16b551f596410bacffd1a4e8a40d705acf7b911c97aeed398058a63920d8a4cd4ce7375a1efefe497399e3563dd01cecc51d1c880,08/15/2024 08:53:00 PM,F,13.0,HELMET NOT USED,CROSSING - NO CONTROLS (AT INTERSECTION),BIKE LANE,TEST NOT OFFERED,,30,CLEAR,"DARKNESS, LIGHTED ROAD",PEDALCYCLIST,FOUR WAY,STRAIGHT AND LEVEL,DRY,INJURY AND / OR TOW DUE TO CRASH,BELMONT AVE,41.9389056831,-87.7330419278,POINT (-87.733041927774 41.938905683103)
O1885319,BICYCLE,23deb90c141891f8a9f62e932cda7f1a5e9dd85105420b8c78f01894250f4e50d81feca3d6b24860568a784f65af32ee17db09c5dae906df6b4f2202afd52d6d,08/15/2024 05:06:00 PM,M,12.0,HELMET NOT USED,UNKNOWN/NA,IN ROADWAY,TEST NOT OFFERED,,30,CLEAR,DAYLIGHT,PEDALCYCLIST,NOT DIVIDED,STRAIGHT AND LEVEL,WET,INJURY AND / OR TOW DUE TO CRASH,LAKE PARK AVE,41.8091995216,-87.5916527891,POINT (-87.591652789063 41.809199521612)
O1884787,BICYCLE,b28c0b1298b97b3cee94ca81a2f3222787953d6364de78b9d9f8166a4aef773c03ec2f55da4825babc11c94d933c572cf77e62ae83b678eb6227964e47a79563,08/15/2024 09:10:00 AM,M,25.0,BICYCLE HELMET (PEDACYCLIST INVOLVED ONLY),OTHER ACTION,IN ROADWAY,TEST NOT OFFERED,,30,RAIN,DAYLIGHT,PEDALCYCLIST,NOT DIVIDED,STRAIGHT AND LEVEL,WET,INJURY AND / OR TOW DUE TO CRASH,DIVISION ST,41.9037471381,-87.6480807796,POINT (-87.648080779561 41.903747138119)
O1884791,BICYCLE,1dec08ce5d3f77366cab6ccfb32894a7aee1ad24a161edcce9a1e75376597ae5ff4095959a9ae947fcfb9008df01be8eaabf72886384e1dae77a3b522315d1c4,08/15/2024 08:10:00 AM,M,35.0,HELMET NOT USED,OTHER ACTION,IN ROADWAY,TEST NOT OFFERED,,25,RAIN,DAYLIGHT,PEDALCYCLIST,DIVIDED - W/MEDIAN (NOT RAISED),STRAIGHT AND LEVEL,WET,INJURY AND / OR TOW DUE TO CRASH,PULASKI RD,41.8819885724,-87.7255608436,POINT (-87.725560843628 41.881988572417)