PERSON_ID,PERSON_TYPE,CRASH_RECORD_ID,CRASH_DATE_x,SEX,AGE,SAFETY_EQUIPMENT,PEDPEDAL_ACTION,PEDPEDAL_LOCATION,BAC_RESULT,CRASH_DATE_EST_I,POSTED_SPEED_LIMIT,WEATHER_CONDITION,LIGHTING_CONDITION,FIRST_CRASH_TYPE,TRAFFICWAY_TYPE,ALIGNMENT,ROADWAY_SURFACE_COND,CRASH_TYPE,STREET_NAME,LATITUDE,LONGITUDE,LOCATION
O1885605,BICYCLE,af6391c6261d8cabc100db8aa11bbf051496c66c5d63b4fbc6b924e40ece47f2857b250e06d950fba0206e922a16758ea56c72b934393dd2db12c55add3fbbad,08/15/2024 08:05:00 AM,M,26.0,BICYCLE HELMET (PEDACYCLIST INVOLVED ONLY),WITH TRAFFIC,BIKE LANE,TEST NOT OFFERED,,30,CLEAR,DAYLIGHT,PEDALCYCLIST,NOT DIVIDED,STRAIGHT AND LEVEL,DRY,INJURY AND / OR TOW DUE TO CRASH,BELMONT AVE,41.9394968184,-87.6989812106,POINT (-87.698981210593 41.939496818406)
O1884682,BICYCLE,d6b4677c87d614ebbc08b568e7ee5b6996cd1a4a33c935b7ca39a5bf2dc2900f59472e4b33dddfee1e3e160491b7ab72f9b8de5eb2297fb7c5fa48426f74991d,08/14/2024 10:56:00 PM,M,39.0,HELMET NOT USED,UNKNOWN/NA,IN ROADWAY,TEST NOT OFFERED,,30,CLEAR,"DARKNESS, LIGHTED ROAD",PEDALCYCLIST,FOUR WAY,STRAIGHT AND LEVEL,DRY,INJURY AND / OR TOW DUE TO CRASH,GRAND AVE,41.8909714865,-87.6573046509,POINT (-87.657304650928 41.890971486547)
O1884612,BICYCLE,92265cf8577ca638cf66f0d3ba3ac85cd53d4f81bc60097dcbd8df4901f2af02c01213e9cae0da7c99d6713df0853c35d3ec6cfbe4c9be7d661c684c6577130c,08/14/2024 07:46:00 PM,M,47.0,BICYCLE HELMET (PEDACYCLIST INVOLVED ONLY),WITH TRAFFIC,BIKE LANE,TEST NOT OFFERED,,30,CLEAR,"DARKNESS, LIGHTED ROAD",PEDALCYCLIST,DIVIDED - W/MEDIAN (NOT RAISED),STRAIGHT AND LEVEL,UNKNOWN,INJURY AND / OR TOW DUE TO CRASH,MILWAUKEE AVE,41.9253880182,-87.7011697404,POINT (-87.701169740405 41.925388018226)
O1884435,BICYCLE,05112dd517fd028edb0e9abd3b019ad710bd03ec9f015e9bcd5359bc3dd48706da8438fd77bcb15ea8671ee90c3a8da411d5df189ef99ad424072a6c124d1444,08/14/2024 05:07:00 PM,M,32.0,BICYCLE HELMET (PEDACYCLIST INVOLVED ONLY),NO ACTION,BIKE LANE,TEST NOT OFFERED,,30,CLEAR,DAYLIGHT,PEDALCYCLIST,DIVIDED - W/MEDIAN (NOT RAISED),STRAIGHT AND LEVEL,DRY,NO INJURY / DRIVE AWAY,HALSTED ST,41.8660255253,-87.64702935,POINT (-87.647029349963 41.866025525332)
O1899019,NON-MOTOR VEHICLE,ffd552448cbe532fd8bc88c56ba7acc537da8aa94d9873e1e75d9f66f1c17e971ea143cf335049312ba56bda569bb9bf33893fcaf6e1aad7d0752a1b8b6494cb,08/14/2024 05:00:00 PM,M,,HELMET NOT USED,WITH TRAFFIC,IN ROADWAY,TEST NOT OFFERED,,30,CLEAR,DAYLIGHT,OTHER OBJECT,FOUR WAY,STRAIGHT AND LEVEL,DRY,NO INJURY / DRIVE AWAY,HALSTED ST,41.9219054777,-87.6487819809,POINT (-87.648781980903 41.921905477671)
O1885766,BICYCLE,39f7cd1a0573c4c1346fae6b659abfab6ec280789e841d1f0f3d8fcd12c1259ad10c37cd0b4814e1e3b45d9248da3d11e960bb521ffdbffd89029b577088153a,08/14/2024 04:30:00 PM,M,,HELMET NOT USED,OTHER ACTION,IN ROADWAY,TEST NOT OFFERED,,30,CLEAR,DAYLIGHT,PEDALCYCLIST,NOT DIVIDED,STRAIGHT AND LEVEL,DRY,NO INJURY / DRIVE AWAY,ARCHER AVE,41.8196907633,-87.6948765217,POINT (-87.694876521689 41.819690763323)
O1885215,BICYCLE,d1009f27581c3972a6912b4a2f1b79f158aea94fcf9b760a055ff4341df61735fa2ffcd87de1e6109abc9f3cf98ece0aade0665bf71ae2d18242ed4ce45701c8,08/14/2024 04:30:00 PM,F,24.0,HELMET NOT USED,NO ACTION,IN ROADWAY,TEST NOT OFFERED,,30,CLEAR,DAYLIGHT,PEDALCYCLIST,NOT DIVIDED,STRAIGHT AND LEVEL,UNKNOWN,INJURY AND / OR TOW DUE TO CRASH,STATE ST,41.8564944437,-87.6273172202,POINT (-87.627317220209 41.856494443727)
O1884373,BICYCLE,6da4120616d30b36b033cb618fcf7bfa48ea6bdf4265391d1d7628de0d100cc8d8c0a9d53c366340d266120da6055b52f9c61cc47c0bc8e5b78dfa2248695b44,08/14/2024 03:55:00 PM,M,39.0,BICYCLE HELMET (PEDACYCLIST INVOLVED ONLY),OTHER ACTION,BIKE LANE,TEST NOT OFFERED,,35,CLEAR,DAYLIGHT,PEDALCYCLIST,DIVIDED - W/MEDIAN (NOT RAISED),STRAIGHT AND LEVEL,DRY,INJURY AND / OR TOW DUE TO CRASH,ELSTON AVE,41.914742609,-87.6649783274,POINT (-87.664978327439 41.914742609044)
O1926492,BICYCLE,b3e4f4409d08c775664b8cc5202d959c27e1a4d5aee69ba8744806310fc37d922cd9a7864be566d3c2ae0a80f3dc12638c579b983ce35faae9f6a2582a09eb76,08/14/2024 12:00:00 PM,M,33.0,HELMET NOT USED,UNKNOWN/NA,BIKEWAY,TEST NOT OFFERED,,30,UNKNOWN,DAYLIGHT,PEDALCYCLIST,NOT DIVIDED,STRAIGHT AND LEVEL,UNKNOWN,NO INJURY / DRIVE AWAY,KEDZIE AVE,41.8903891104,-87.7062530476,POINT (-87.706253047639 41.890389110396)
O1884166,BICYCLE,5c0284fa4fca097e10838256892ea4b3c07b9392c85b8ea4da80d8d9853b4e3288ecb59b2ce63109d6dc9c5df21c89a9c54e3c5173694c0bdc19721169bf9f81,08/14/2024 09:17:00 AM,F,73.0,HELMET NOT USED,OTHER ACTION,IN CROSSWALK,TEST NOT OFFERED,,30,CLEAR,DAYLIGHT,PEDALCYCLIST,T-INTERSECTION,STRAIGHT AND LEVEL,DRY,INJURY AND / OR TOW DUE TO CRASH,DREXEL BLVD,41.8060165266,-87.6036753324,POINT (-87.603675332355 41.806016526619)
O1884462,BICYCLE,2f57c44244acc7490c6ddeeb408989c2e9a48b8d5a359e6900c08f973aac73c93418291d154a1ce16e3709ffcada48050e14b01e6a9e41f8d293f19446dcbb98,08/14/2024 08:40:00 AM,M,35.0,BICYCLE HELMET (PEDACYCLIST INVOLVED ONLY),WITH TRAFFIC,BIKE LANE,TEST NOT OFFERED,,30,CLEAR,DAYLIGHT,PEDALCYCLIST,NOT DIVIDED,STRAIGHT AND LEVEL,DRY,INJURY AND / OR TOW DUE TO CRASH,KEDZIE AVE,41.9021209588,-87.7066185588,POINT (-87.706618558772 41.902120958847)
O1884225,NON-MOTOR VEHICLE,92dfe497d8575a55a28ad2e8bc3f1e881b8900dffdccf65639b32364110d816b8706d3fd9ee0d7d3f8a0f403f0567f351521b3d4125ce180fd77dc01e0062375,08/13/2024 11:00:00 PM,X,,NONE PRESENT,UNKNOWN/NA,UNKNOWN/NA,TEST NOT OFFERED,,30,CLEAR,UNKNOWN,OTHER OBJECT,NOT DIVIDED,STRAIGHT ON GRADE,DRY,NO INJURY / DRIVE AWAY,THROOP ST,41.721126731,-87.6552346033,POINT (-87.65523460332 41.721126731039)
O1883980,BICYCLE,9d28039c354d55ffb8f2bc87fc6e07f36120e440027f1c4d419f328f268bbed7d5efbf3c167d93663e1b61853cafc2dd9ac9a910525bc11550bf84da5b8a4daf,08/13/2024 09:35:00 PM,M,27.0,HELMET NOT USED,UNKNOWN/NA,IN ROADWAY,TEST NOT OFFERED,,30,CLEAR,"DARKNESS, LIGHTED ROAD",PEDALCYCLIST,FOUR WAY,STRAIGHT AND LEVEL,DRY,INJURY AND / OR TOW DUE TO CRASH,LOWE AVE,41.8343490612,-87.6426795013,POINT (-87.642679501327 41.834349061168)
O1883878,NON-MOTOR VEHICLE,0bd60b03845e84526d7a1f8fd0806c5cf83f1baf98ff71e82c77a02d65f4f9bd233cda7bb9e81611ee5e0ea5e467cd5023a283d8811b4c1b3716ca21c7cdf6ab,08/13/2024 06:55:00 PM,,,USAGE UNKNOWN,UNKNOWN/NA,UNKNOWN/NA,TEST NOT OFFERED,,30,CLEAR,DUSK,OTHER OBJECT,NOT DIVIDED,STRAIGHT AND LEVEL,DRY,NO INJURY / DRIVE AWAY,CLARK ST,41.945324859,-87.6551756433,POINT (-87.655175643322 41.945324858965)
O1883946,BICYCLE,11ea52ca5d05ca2c3d9e0a108e2826895b9e265113b8e3587f9812a69e70382b8a508e17033081fef2f3c0125baec1706e39a715759db93b68e3c91af4184243,08/13/2024 06:51:00 PM,M,28.0,HELMET NOT USED,TURNING LEFT,IN ROADWAY,TEST NOT OFFERED,,30,CLEAR,DAYLIGHT,PEDALCYCLIST,FOUR WAY,STRAIGHT AND LEVEL,DRY,INJURY AND / OR TOW DUE TO CRASH,WASHINGTON BLVD,41.8832909204,-87.6397847589,POINT (-87.639784758898 41.883290920413)
O1883945,BICYCLE,622dc5ec1fe3105dbd569e8655409d69644894d7ce620806eb33ac51095ea9c6a76bea82dd336d9204f1b15a843b9179df197b0a5805de8d777ce8f6085c675d,08/13/2024 06:00:00 PM,M,16.0,BICYCLE HELMET (PEDACYCLIST INVOLVED ONLY),CROSSING - NO CONTROLS (AT INTERSECTION),IN CROSSWALK,TEST NOT OFFERED,,30,CLEAR,DAYLIGHT,PEDALCYCLIST,FOUR WAY,STRAIGHT AND LEVEL,UNKNOWN,INJURY AND / OR TOW DUE TO CRASH,CHICAGO AVE,41.8964513667,-87.6508078559,POINT (-87.650807855883 41.896451366685)
O1883896,BICYCLE,5f37d0b0be6b069f549eeec53bc91e0cec0758eecfdf7cf187d9ef19919c230eb304638f9b98c1a238465fcf9a5a384d9e53e6ffe2647c50d71b3fc1e33a9c5c,08/13/2024 05:55:00 PM,M,29.0,BICYCLE HELMET (PEDACYCLIST INVOLVED ONLY),WITH TRAFFIC,BIKE LANE,TEST NOT OFFERED,,35,CLEAR,DAYLIGHT,PEDALCYCLIST,NOT DIVIDED,STRAIGHT AND LEVEL,DRY,INJURY AND / OR TOW DUE TO CRASH,MILWAUKEE AVE,41.9066573772,-87.6718711243,POINT (-87.671871124323 41.90665737718)
O1883813,BICYCLE,1424492104af93729fe803dc89515658c1d2fcf06b061d8abf7bdb7e8bdbb4816a082c4e02e79e2fe832a2fbdd69f88f5ea82ea637088f5f15d1fb69dd97691c,08/13/2024 05:06:00 PM,M,15.0,HELMET NOT USED,TO/FROM DISABLED VEHICLE,IN ROADWAY,TEST NOT OFFERED,,30,CLEAR,DAYLIGHT,PEDALCYCLIST,ONE-WAY,STRAIGHT AND LEVEL,DRY,NO INJURY / DRIVE AWAY,MEADE AVE,41.9247355578,-87.7780321911,POINT (-87.778032191131 41.924735557773)
O1883771,BICYCLE,d9684e94f7b68b39ecf5b6c9d3b195bf52f9b82a6cff23ad8b5c932cf0e5c6e0ee1c98fd37c442a9ec5c2f8ba45287134437d321373289001ef3ba2d0fb4ecf4,08/13/2024 03:59:00 PM,M,32.0,HELMET NOT USED,NO ACTION,IN ROADWAY,TEST NOT OFFERED,,30,CLEAR,DAYLIGHT,PEDALCYCLIST,T-INTERSECTION,STRAIGHT AND LEVEL,DRY,NO INJURY / DRIVE AWAY,WOOD ST,41.9090901281,-87.6723866589,POINT (-87.67238665891 41.909090128133)
O1883729,BICYCLE,df933b68d95e4e1691e40002efcfea3e2fbc6ca1b547316968c95347a16f79f6b7ef1635321f5d5c21af8b6e318f8fe80f28f1b74f5f784fffd4108e2d7a1b83,08/13/2024 03:19:00 PM,F,28.0,BICYCLE HELMET (PEDACYCLIST INVOLVED ONLY),WITH TRAFFIC,BIKE LANE,TEST NOT OFFERED,,35,CLEAR,DAYLIGHT,PEDALCYCLIST,NOT DIVIDED,STRAIGHT AND LEVEL,DRY,NO INJURY / DRIVE AWAY,CANAL ST,41.86888416,-87.6393925403,POINT (-87.639392540279 41.868884160018)
O1883720,BICYCLE,98b523dac03849fc0d01a8268d1c0a71d3c6ef83127ecf0204a265451f885e30487bfce004a15a947f4a4769aa0c4080f9776d240099f1fd63921323050fdde4,08/13/2024 02:36:00 PM,M,34.0,HELMET NOT USED,ENTER FROM DRIVE/ALLEY,IN ROADWAY,TEST NOT OFFERED,,30,CLEAR,DAYLIGHT,PEDALCYCLIST,NOT DIVIDED,STRAIGHT AND LEVEL,DRY,INJURY AND / OR TOW DUE TO CRASH,RACINE AVE,41.947601592,-87.6593220312,POINT (-87.65932203123 41.947601591989)
O1883658,BICYCLE,357e333c62a977b696a0b521d7546b3f560298a937a16838407095321d0210306e3f28946d6ce0cfcb62892d238a769142934766312a6da283e8b92e91549635,08/13/2024 01:20:00 PM,M,,HELMET NOT USED,CROSSING - NO CONTROLS (NOT AT INTERSECTION),IN CROSSWALK,TEST NOT OFFERED,,35,CLEAR,DAYLIGHT,PEDALCYCLIST,NOT DIVIDED,STRAIGHT AND LEVEL,DRY,INJURY AND / OR TOW DUE TO CRASH,ARMITAGE AVE,41.9170445455,-87.7458424063,POINT (-87.745842406345 41.917044545489)
O1883619,BICYCLE,ac5ffe75a7016349f21018bbf23a53587e2f722aaa16016c4b2c0d86715aac1dcfbe149100f3b0bec89a6475a8c6e9e9036d57cbbf28ade53b18aef833dd92e1,08/13/2024 12:08:00 PM,M,29.0,HELMET NOT USED,CROSSING - WITH SIGNAL,IN CROSSWALK,TEST NOT OFFERED,,35,CLEAR,DAYLIGHT,PEDALCYCLIST,FOUR WAY,STRAIGHT AND LEVEL,DRY,INJURY AND / OR TOW DUE TO CRASH,RANDOLPH ST,41.8845772195,-87.6244036339,POINT (-87.62440363391 41.884577219487)
O1883577,BICYCLE,603874fc6d0c05c78d791d79474b93ddf1010f6deb696cb66ec1f338fca329240e83f0e398eb83126af8c4ebfb7fb3037a59f63b5897a5a2f4470ec447eb209c,08/13/2024 11:00:00 AM,M,,BICYCLE HELMET (PEDACYCLIST INVOLVED ONLY),NO ACTION,IN ROADWAY,TEST NOT OFFERED,,30,CLEAR,DAYLIGHT,PEDALCYCLIST,NOT DIVIDED,STRAIGHT AND LEVEL,UNKNOWN,NO INJURY / DRIVE AWAY,ARCHER AVE,41.8009226425,-87.7277035767,POINT (-87.727703576704 41.800922642496)
O1883975,BICYCLE,4955cdd73d518a4ea6f34e4448fb4896605dc9788282ac0433eeff35cf46587d2d304d7e2fd8aefb91016d655696f20cfa1998262b0ed80e116171b74e793b90,08/13/2024 09:35:00 AM,F,46.0,BICYCLE HELMET (PEDACYCLIST INVOLVED ONLY),AGAINST TRAFFIC,IN ROADWAY,TEST NOT OFFERED,,30,CLEAR,DAYLIGHT,PEDALCYCLIST,DIVIDED - W/MEDIAN (NOT RAISED),STRAIGHT AND LEVEL,DRY,NO INJURY / DRIVE AWAY,KOSTNER AVE,41.8987430062,-87.7358927475,POINT (-87.73589274748 41.898743006189)
O1884067,BICYCLE,4f9b792d623fe8950a4e89b3cd64cd2149d4d206a824fdc9015d260416333b8852db82f59d62f5ca7c2969a612f5d7139a1b1f16bfd4a85b10f8ce2fd8b203dd,08/13/2024 12:00:00 AM,X,,HELMET NOT USED,UNKNOWN/NA,UNKNOWN/NA,TEST NOT OFFERED,,30,CLEAR,DAYLIGHT,PEDALCYCLIST,ONE-WAY,STRAIGHT AND LEVEL,DRY,INJURY AND / OR TOW DUE TO CRASH,ONTARIO ST,41.8932692427,-87.6216154235,POINT (-87.621615423549 41.893269242662)
O1883340,BICYCLE,b7a45a8a3d12dc43157c62d9d76eb09295d9fe5826fcfcd13ef77cf92cb2d15a4a30283488d7bf3e821fbc1d7c16cbc2fce5a583cc6b27ff6afff18e16c8a567,08/12/2024 09:32:00 PM,M,26.0,HELMET NOT USED,CROSSING - AGAINST SIGNAL,IN ROADWAY,TEST NOT OFFERED,,45,CLEAR,"DARKNESS, LIGHTED ROAD",PEDALCYCLIST,DIVIDED - W/MEDIAN BARRIER,STRAIGHT AND LEVEL,DRY,INJURY AND / OR TOW DUE TO CRASH,PAVILION PLAZA DR,41.7797938111,-87.5749482474,POINT (-87.574948247443 41.779793811137)
O1883325,BICYCLE,12e78b91a670edefbbfa8984f63af0b1aa2fc2f7d1cc4d8e01024b7c55b91557212edfc0d8bb0ec3192cc6357bf0ce3a7bac5e000aa8080399213ac1db4887b9,08/12/2024 08:32:00 PM,M,57.0,BICYCLE HELMET (PEDACYCLIST INVOLVED ONLY),WITH TRAFFIC,SHOULDER,TEST NOT OFFERED,Y,30,CLEAR,DARKNESS,PEDALCYCLIST,DIVIDED - W/MEDIAN (NOT RAISED),STRAIGHT AND LEVEL,DRY,INJURY AND / OR TOW DUE TO CRASH,PULASKI RD,41.9413575224,-87.7271065662,POINT (-87.727106566208 41.941357522357)
O1883154,BICYCLE,4eca27f8408169fcde9e253a0cc5e8c2e93b3b93574ef8792b19aa9c55bb6dc85dcdbbb7bf50848a692ba6bd1bfb087e2062a0a18e15ecb1e4d24dcaca71ba44,08/12/2024 03:50:00 PM,M,20.0,HELMET NOT USED,WITH TRAFFIC,IN ROADWAY,TEST NOT OFFERED,,30,CLEAR,DAYLIGHT,PEDALCYCLIST,Y-INTERSECTION,STRAIGHT AND LEVEL,DRY,NO INJURY / DRIVE AWAY,51ST ST,41.8009927481,-87.7001683045,POINT (-87.700168304484 41.80099274813)
O1883077,NON-MOTOR VEHICLE,7cc66a58ee839f42c1d5e94a0819f410c2bdafa824d0cc15db53e82be65e11e94f6095002d5fdeb7173359e90ce5512ede1d10a13e113386715735d116803a08,08/12/2024 03:15:00 PM,M,,USAGE UNKNOWN,WORKING IN ROADWAY,IN ROADWAY,TEST NOT OFFERED,,25,CLEAR,DAYLIGHT,FIXED OBJECT,NOT DIVIDED,STRAIGHT AND LEVEL,DRY,NO INJURY / DRIVE AWAY,RACINE AVE,41.8571044641,-87.6565506232,POINT (-87.656550623181 41.85710446406)
O1883064,BICYCLE,8403c6e3edd0f260532917cdadafd0a233e2f54b19d3b35dcce67997edd35c79711f980b43022890a4557da87ec6300619c6ce286ed102778bcb40277ae668a8,08/12/2024 03:04:00 PM,M,41.0,HELMET NOT USED,CROSSING - WITH SIGNAL,IN ROADWAY,TEST NOT OFFERED,,30,CLEAR,DAYLIGHT,PEDALCYCLIST,ONE-WAY,STRAIGHT AND LEVEL,DRY,NO INJURY / DRIVE AWAY,OHIO ST,41.8922595159,-87.6355182255,POINT (-87.635518225521 41.89225951586)
O1883055,BICYCLE,e689febfb7d4fb4eb2bc1e9847ef201885bf29c32131a56d683a753740d0858f7ae66d6532788f8bebff0b4e6f422a7944c2228a07b483120c8c1d9667388986,08/12/2024 02:00:00 PM,M,,HELMET NOT USED,UNKNOWN/NA,BIKE LANE,TEST NOT OFFERED,,30,CLEAR,DAYLIGHT,PEDALCYCLIST,T-INTERSECTION,STRAIGHT AND LEVEL,DRY,NO INJURY / DRIVE AWAY,MILWAUKEE AVE,41.9166927123,-87.686983081,POINT (-87.686983081029 41.916692712329)
O1883109,BICYCLE,c5ea5131ac80bc143cafc346543afddf2b666a7eb10b41000b22b4675acfa751ec9af73a40de79d8b3d166e7f79c2b1c81f822a088d2149239e6a45d13d65518,08/12/2024 01:45:00 PM,M,31.0,HELMET NOT USED,UNKNOWN/NA,IN ROADWAY,TEST NOT OFFERED,,30,CLEAR,DAYLIGHT,PEDALCYCLIST,NOT DIVIDED,STRAIGHT AND LEVEL,UNKNOWN,INJURY AND / OR TOW DUE TO CRASH,WABASH AVE,41.8917247239,-87.6268665987,POINT (-87.626866598748 41.891724723865)
O1882995,BICYCLE,f56234428e8b3a3783580c521af9b3b9e39c847bf25bb3e8f5fa97cca7c83e0ad5d2312cd292c902dc57f022e7e9ceaa94bcfe91ea46d839ea34ea934dbdacb2,08/12/2024 01:13:00 PM,F,15.0,HELMET NOT USED,UNKNOWN/NA,BIKEWAY,TEST NOT OFFERED,,30,CLEAR,DAYLIGHT,PEDALCYCLIST,FOUR WAY,STRAIGHT AND LEVEL,DRY,NO INJURY / DRIVE AWAY,NORTH AVE,41.9105851266,-87.6775327648,POINT (-87.67753276477 41.910585126556)
O1884710,BICYCLE,244ff0fde9788c20f9e06c4143fdb8812795c182f876c60f8b296f7c0d0caa2344bf13364ccd63111c7a8a46a54aaf47f7e83203bb90ef1f61d88fbd41d8790c,08/12/2024 01:10:00 PM,M,38.0,BICYCLE HELMET (PEDACYCLIST INVOLVED ONLY),NO ACTION,IN ROADWAY,TEST NOT OFFERED,,25,CLEAR,DAYLIGHT,PEDALCYCLIST,NOT DIVIDED,STRAIGHT AND LEVEL,DRY,INJURY AND / OR TOW DUE TO CRASH,LONG AVE,41.9671596824,-87.7624100483,POINT (-87.762410048323 41.967159682422)
O1882959,BICYCLE,461731410d9ce0626379b72bb253d4824c0db90d4c0450ab78af04d3a3d9d8f16c3b155a3d49a42e6b92d04a7dda40340b005d948abd09739cf3c686750c5264,08/12/2024 11:40:00 AM,M,25.0,BICYCLE HELMET (PEDACYCLIST INVOLVED ONLY),WITH TRAFFIC,BIKEWAY,TEST NOT OFFERED,,30,CLEAR,DAYLIGHT,PEDALCYCLIST,NOT DIVIDED,STRAIGHT AND LEVEL,DRY,INJURY AND / OR TOW DUE TO CRASH,CLARK ST,41.9438678608,-87.6536572916,POINT (-87.653657291649 41.94386786081)
O1882875,BICYCLE,5f4717efffd04cf5b04c0c58029ba30d559097f6a57a04bcd67f795bce12bde81f3aed3105421f02e54e54fabc312f5a27fefab7fb16eacf9c0be978a2cc32f7,08/12/2024 09:30:00 AM,M,25.0,HELMET NOT USED,WITH TRAFFIC,IN ROADWAY,TEST NOT OFFERED,,30,CLEAR,DAYLIGHT,PEDALCYCLIST,FOUR WAY,STRAIGHT AND LEVEL,DRY,INJURY AND / OR TOW DUE TO CRASH,CLARK ST,41.9394525868,-87.6504445688,POINT (-87.650444568763 41.939452586813)
O1882877,BICYCLE,ddd7dd76955553c9ea496d65553448cfd89919fa3efd864c2488ae2d04f33825b4710bef426e8a9d930b51f5ce56e85d99fd3976bc5765f71bb926d1c6200503,08/12/2024 08:30:00 AM,M,44.0,BICYCLE HELMET (PEDACYCLIST INVOLVED ONLY),UNKNOWN/NA,BIKEWAY,TEST NOT OFFERED,,30,CLEAR,DAYLIGHT,OTHER NONCOLLISION,DIVIDED - W/MEDIAN (NOT RAISED),STRAIGHT AND LEVEL,DRY,INJURY AND / OR TOW DUE TO CRASH,CALIFORNIA AVE,41.9372863898,-87.6979121787,POINT (-87.69791217869 41.9372863898)
O1882837,BICYCLE,c136da4d0e26d8339b488e8445228c608569e400916e189ab78478d9f0b02a526e424aaceebd6a99a29c06b7b215bfd6ebbf039c26409bfcb1e0e25beac35a80,08/12/2024 07:00:00 AM,M,43.0,HELMET NOT USED,CROSSING - WITH SIGNAL,IN ROADWAY,TEST NOT OFFERED,,30,CLEAR,DAYLIGHT,PEDALCYCLIST,FOUR WAY,STRAIGHT AND LEVEL,DRY,INJURY AND / OR TOW DUE TO CRASH,DIVISION ST,41.9036105105,-87.6580618483,POINT (-87.658061848287 41.903610510512)
O1882672,BICYCLE,7ccd62f8ea2a91eb54c4ac1832538ff5151e86f5c367d940c7a84fb7119df745990f1d9824e249d77d7cd738648939c032f730d5d36dac9d6cb6ae4b49a0e6c8,08/11/2024 08:23:00 PM,F,40.0,HELMET NOT USED,CROSSING - AGAINST SIGNAL,IN ROADWAY,TEST NOT OFFERED,,35,CLEAR,"DARKNESS, LIGHTED ROAD",PEDALCYCLIST,FOUR WAY,STRAIGHT AND LEVEL,DRY,INJURY AND / OR TOW DUE TO CRASH,87TH ST,41.7349667044,-87.7216013663,POINT (-87.72160136633 41.734966704412)
O1882724,BICYCLE,305fd48644239bad4e763b14afc2bdb0a8117d0e11c3c49b177f35367ac03101ef0178a581e9996485d14e6cfb0352de7e9bbe465856318433c562386d63b576,08/11/2024 03:55:00 PM,M,24.0,BICYCLE HELMET (PEDACYCLIST INVOLVED ONLY),WITH TRAFFIC,IN CROSSWALK,TEST NOT OFFERED,,30,CLEAR,DAYLIGHT,PEDALCYCLIST,NOT DIVIDED,STRAIGHT AND LEVEL,DRY,NO INJURY / DRIVE AWAY,ROOSEVELT RD,41.8675219371,-87.627522975,POINT (-87.627522975034 41.867521937068)
O1882451,BICYCLE,310f06ac5b661e17f119119364e7129cf6f3cec229563a6f38843d0662bd8ef3551862916e748ec5b7c2a60ed6f735b18f68e3c21ceaa75a25a22094ebd9ff87,08/11/2024 02:55:00 PM,M,52.0,HELMET NOT USED,AGAINST TRAFFIC,IN ROADWAY,TEST NOT OFFERED,,25,CLEAR,DAYLIGHT,PEDALCYCLIST,NOT DIVIDED,STRAIGHT AND LEVEL,DRY,INJURY AND / OR TOW DUE TO CRASH,FOSTER AVE,41.9754497622,-87.7480592861,POINT (-87.748059286079 41.97544976223)
O1882430,BICYCLE,9c73b1512ac936f3ead2b9ed54de1105874df63772faf51663262942957d263ce0446c161b338f06a7477e4208ac813666afffabe1e4a888a345c833f69ae376,08/11/2024 02:15:00 PM,M,,HELMET NOT USED,CROSSING - WITH SIGNAL,IN CROSSWALK,TEST NOT OFFERED,,30,CLEAR,DAYLIGHT,PEDALCYCLIST,T-INTERSECTION,STRAIGHT AND LEVEL,DRY,INJURY AND / OR TOW DUE TO CRASH,105TH ST,41.7033638866,-87.6226418998,POINT (-87.62264189985 41.703363886621)
O1883620,NON-MOTOR VEHICLE,8ca964ccd42506c27e54ea2930e41bae1f8e005dffdbefaa1c4caa6e2302d5c8d461f95a66a9697241b222ee6b666aa6b94778b1e8a2b2085d6b7ff592c823dd,08/11/2024 02:00:00 PM,X,,NONE PRESENT,,,,,30,UNKNOWN,UNKNOWN,FIXED OBJECT,FOUR WAY,STRAIGHT AND LEVEL,UNKNOWN,NO INJURY / DRIVE AWAY,ASHLAND AVE,41.8866551316,-87.6671633459,POINT (-87.667163345875 41.886655131643)
O1887322,BICYCLE,6c6f71586b5686b4c634b6eae8b2919906a2ffc67d492a7709d8125dd4235313dbddc9635bd8131d1e900c0009a102e14390a433b1250586433aa36144741e61,08/11/2024 01:12:00 PM,M,,BICYCLE HELMET (PEDACYCLIST INVOLVED ONLY),CROSSING - NO CONTROLS (NOT AT INTERSECTION),IN ROADWAY,TEST NOT OFFERED,,35,CLEAR,DAYLIGHT,PEDALCYCLIST,NOT DIVIDED,STRAIGHT AND LEVEL,DRY,NO INJURY / DRIVE AWAY,PETERSON AVE,41.9902467583,-87.7285305854,POINT (-87.728530585409 41.990246758251)
O1882344,BICYCLE,7692b786e249440f53952ecda3a82af049f0864ef042b6831a374424a499bbe6c4660dc12be98639e8632f38a609c2356db5356a1425cc58d4951a5b44303f4e,08/11/2024 12:12:00 PM,M,31.0,HELMET NOT USED,CROSSING - WITH SIGNAL,IN CROSSWALK,TEST NOT OFFERED,,45,CLEAR,DAYLIGHT,PEDALCYCLIST,DIVIDED - W/MEDIAN BARRIER,STRAIGHT AND LEVEL,DRY,INJURY AND / OR TOW DUE TO CRASH,LAKE SHORE DR NB,41.8733637677,-87.6169369264,POINT (-87.61693692639 41.873363767661)
O1882316,BICYCLE,bd502df7052b542069aea9a2fbeb9b2f0b233672669c455f6ef08e744b4e8d58511a1f061bdc9f71e3ce1bdebfdfbebda6b94f0d9d3c218a40775f4a423438e2,08/11/2024 10:50:00 AM,M,51.0,HELMET NOT USED,PARKED VEHICLE,IN ROADWAY,TEST NOT OFFERED,,30,CLEAR,DAYLIGHT,PEDALCYCLIST,T-INTERSECTION,STRAIGHT AND LEVEL,DRY,INJURY AND / OR TOW DUE TO CRASH,WILSON AVE,41.9645982185,-87.7073531495,POINT (-87.70735314953 41.964598218452)