PERSON_ID,PERSON_TYPE,CRASH_RECORD_ID,CRASH_DATE_x,SEX,AGE,SAFETY_EQUIPMENT,PEDPEDAL_ACTION,PEDPEDAL_LOCATION,BAC_RESULT,CRASH_DATE_EST_I,POSTED_SPEED_LIMIT,WEATHER_CONDITION,LIGHTING_CONDITION,FIRST_CRASH_TYPE,TRAFFICWAY_TYPE,ALIGNMENT,ROADWAY_SURFACE_COND,CRASH_TYPE,STREET_NAME,LATITUDE,LONGITUDE,LOCATION
O1882300,BICYCLE,d7a03cf2a480b5988fdf91efb7088748d9f39b952322a6db335f84889125dcb23aaf5f5e1a908ce9da4be70c42666918a2e00a497730a66c379228f2f7ec9996,08/11/2024 10:05:00 AM,M,55.0,HELMET NOT USED,CROSSING - WITH SIGNAL,IN CROSSWALK,TEST NOT OFFERED,,30,CLEAR,DAYLIGHT,PEDALCYCLIST,DIVIDED - W/MEDIAN (NOT RAISED),STRAIGHT AND LEVEL,DRY,INJURY AND / OR TOW DUE TO CRASH,51ST ST,41.8009313275,-87.7037074209,POINT (-87.703707420901 41.800931327505)
O1882042,BICYCLE,9e34d240bcb5ee40ab3d573799dc060c283d1dbe08a12faf6432803114f431a731365ce186aa8e701973f4906be18947a882217f9a2ac108a90c1e8a3c04ad58,08/10/2024 10:07:00 PM,M,49.0,HELMET NOT USED,TURNING LEFT,IN ROADWAY,TEST NOT OFFERED,,25,CLEAR,"DARKNESS, LIGHTED ROAD",PEDALCYCLIST,NOT DIVIDED,STRAIGHT AND LEVEL,DRY,INJURY AND / OR TOW DUE TO CRASH,CALIFORNIA AVE,41.9906405636,-87.6992608478,POINT (-87.699260847849 41.990640563576)
O1881947,BICYCLE,38116051659dd8ba6cb8298d03eaf9b61b54afd711c89a7c7c3350198054d81556f53fb8cc4f2a0761f89fef1484b144725b166028a394b16cbe7714554c02eb,08/10/2024 06:55:00 PM,M,16.0,HELMET NOT USED,CROSSING - AGAINST SIGNAL,SHOULDER,TEST NOT OFFERED,,30,CLEAR,DAYLIGHT,PEDALCYCLIST,NOT DIVIDED,STRAIGHT AND LEVEL,DRY,INJURY AND / OR TOW DUE TO CRASH,LARAMIE AVE,41.893099316,-87.7553838572,POINT (-87.75538385723 41.893099316015)
O1881943,BICYCLE,3a4670880a2b394b2b3cd6d138cee73d691fef479c9e070a875ecf5d6ca9aa36a3cb4821fb77005cf5ffe05d83cafcd69b6e3951ef4eb490859261f7f7c85002,08/10/2024 06:19:00 PM,M,32.0,HELMET NOT USED,WITH TRAFFIC,IN ROADWAY,TEST NOT OFFERED,,30,CLEAR,DAYLIGHT,PEDALCYCLIST,NOT DIVIDED,STRAIGHT AND LEVEL,DRY,INJURY AND / OR TOW DUE TO CRASH,GRANVILLE AVE,41.9946852005,-87.6583981323,POINT (-87.658398132319 41.994685200516)
O1881878,BICYCLE,e1a1ee082af86edc0be42858128ba231892b4f3960f372f3e78789ca7292f40ff962019552058e5749edf0188da737f0fb03f5e7233da833afa5d6863853f1ac,08/10/2024 05:50:00 PM,M,,BICYCLE HELMET (PEDACYCLIST INVOLVED ONLY),TURNING LEFT,BIKE LANE,TEST NOT OFFERED,Y,30,CLEAR,DAYLIGHT,PEDALCYCLIST,NOT DIVIDED,STRAIGHT AND LEVEL,DRY,NO INJURY / DRIVE AWAY,TOUHY AVE,42.0126800342,-87.6657958278,POINT (-87.66579582777 42.012680034191)
O1883419,BICYCLE,caf9025aae40f9783fc7fc8f368d57b7d4b57a293028f66c036b27fa40cd88f5f138c7f537110c601de85052f5f03ddd85b3f6d1490b6b84296bc8c8faf1d291,08/10/2024 05:00:00 PM,M,,BICYCLE HELMET (PEDACYCLIST INVOLVED ONLY),UNKNOWN/NA,UNKNOWN/NA,TEST NOT OFFERED,,30,CLEAR,DAYLIGHT,PEDALCYCLIST,NOT DIVIDED,STRAIGHT AND LEVEL,DRY,NO INJURY / DRIVE AWAY,47TH ST,41.8096525331,-87.6057475273,POINT (-87.60574752735 41.809652533146)
O1881834,BICYCLE,f3325eb4816f0c778981c394eba8099a819dac3fccdf8bdf16bcd8164fd30eb4fd8a5c216375b234a9c21c05c9621cda4971ec5886523ad266db4b1b9635e9d4,08/10/2024 03:54:00 PM,M,38.0,BICYCLE HELMET (PEDACYCLIST INVOLVED ONLY),CROSSING - NO CONTROLS (NOT AT INTERSECTION),BIKEWAY,TEST NOT OFFERED,,25,CLEAR,DAYLIGHT,PEDALCYCLIST,DIVIDED - W/MEDIAN (NOT RAISED),STRAIGHT AND LEVEL,DRY,INJURY AND / OR TOW DUE TO CRASH,LAWRENCE AVE,41.9687307336,-87.6726720328,POINT (-87.672672032757 41.968730733567)
O1881797,BICYCLE,a9e36fe40a0cea568ca397b002ac7ee17ec7271bdf56ec12912227dd4afce803337ad842473ffe143b8464d41256f14dfd66b61cbec773cae123794f58ab3363,08/10/2024 02:50:00 PM,M,,HELMET NOT USED,CROSSING - WITH SIGNAL,IN ROADWAY,TEST NOT OFFERED,,30,CLEAR,DAYLIGHT,PEDALCYCLIST,DIVIDED - W/MEDIAN (NOT RAISED),STRAIGHT AND LEVEL,DRY,NO INJURY / DRIVE AWAY,RANDOLPH ST,41.8841967019,-87.6532078389,POINT (-87.653207838914 41.884196701892)
O1881709,BICYCLE,bcc4a9d4584db7476a6621d583d629d657d176ddc744a3534cbb7147cce483bc1bc71ff23bcf1b746eced8baa1ff04a76b1520143efb3d113de4220f4e2fce98,08/10/2024 02:50:00 PM,M,16.0,HELMET NOT USED,UNKNOWN/NA,IN CROSSWALK,TEST NOT OFFERED,,30,CLEAR,DAYLIGHT,PEDALCYCLIST,FOUR WAY,STRAIGHT AND LEVEL,UNKNOWN,NO INJURY / DRIVE AWAY,ARMITAGE AVE,41.9169344398,-87.7363871475,POINT (-87.736387147508 41.916934439845)
O1881749,BICYCLE,45d08ae7354d169111e245b118dac4baaf6d0b229b6afedf363351a28a066ab1e6c743c1d0ba05c0ce000be0dcf61aa65f9f359532c3d00cbf331859b717ae0f,08/10/2024 02:10:00 PM,M,22.0,BICYCLE HELMET (PEDACYCLIST INVOLVED ONLY),OTHER ACTION,SHOULDER,TEST NOT OFFERED,,35,CLEAR,DAYLIGHT,PEDALCYCLIST,NOT DIVIDED,STRAIGHT AND LEVEL,DRY,INJURY AND / OR TOW DUE TO CRASH,FULLERTON DR,41.925777386,-87.6361765171,POINT (-87.636176517112 41.925777386029)
O1881661,BICYCLE,e524bb7ebc34dc9b439ce34ee544d54e296049d173c4297d6e4bb277e176f4ca9db0caa08b70567237b23ec8f969fbc76ff1b98f33e191103adf0fd14e16fdb3,08/10/2024 01:30:00 PM,,,HELMET NOT USED,UNKNOWN/NA,IN ROADWAY,TEST NOT OFFERED,,30,CLEAR,DAYLIGHT,PEDALCYCLIST,NOT DIVIDED,STRAIGHT AND LEVEL,DRY,INJURY AND / OR TOW DUE TO CRASH,DIVERSEY PKWY,41.9326238845,-87.6483758622,POINT (-87.648375862202 41.932623884504)
O1881625,BICYCLE,a74378f33443032862d9c4f2ff3404a31dc299b785e07c280a05a4ad7bb7a104803baa6f63ac24c8b43278362e9fa1f9ceecebeb6acfb5090537267a36911f2c,08/10/2024 12:05:00 PM,M,25.0,HELMET NOT USED,UNKNOWN/NA,IN CROSSWALK,TEST NOT OFFERED,,30,CLEAR,DAYLIGHT,PEDALCYCLIST,FOUR WAY,STRAIGHT AND LEVEL,DRY,INJURY AND / OR TOW DUE TO CRASH,DIVISION ST,41.9030562898,-87.694540893,POINT (-87.694540892981 41.903056289813)
O1881577,BICYCLE,06a2d2ccfaab395f8c382115d6bba6984ca11c5a8b7e06b56663164c43613e736e26a0bc23c521dd1d8d993cc35468f03031ec63a3600c45cb7787d248b1fce2,08/10/2024 11:50:00 AM,M,,HELMET NOT USED,OTHER ACTION,IN ROADWAY,TEST NOT OFFERED,,30,CLEAR,DAYLIGHT,PEDALCYCLIST,NOT DIVIDED,STRAIGHT AND LEVEL,DRY,NO INJURY / DRIVE AWAY,PULASKI RD,41.887085946,-87.7259970722,POINT (-87.7259970722 41.887085945968)
O1881633,BICYCLE,310833343cc12b301f01ea72011ff8885d47cd69087eab6a71548df3de2aad713d405dba6106a470c0755786f3500059cdd5480a2321b5ea61e3e79e019eb797,08/10/2024 11:50:00 AM,M,25.0,HELMET NOT USED,OTHER ACTION,IN ROADWAY,TEST NOT OFFERED,,30,CLEAR,DAYLIGHT,PEDALCYCLIST,NOT DIVIDED,STRAIGHT AND LEVEL,DRY,NO INJURY / DRIVE AWAY,LAKE ST,41.8856382744,-87.6278586945,POINT (-87.627858694505 41.885638274385)
O1881552,BICYCLE,24b211f2856d51687d960d618804c8db174da914b21cec9ca80cf013c6d83cc5b701026b71ce3dfa53148e36a2bfd79ef77d90d76d787c2c556ef5558f786f93,08/10/2024 09:20:00 AM,M,27.0,BICYCLE HELMET (PEDACYCLIST INVOLVED ONLY),NO ACTION,BIKE LANE,,,30,CLEAR,DAYLIGHT,PEDALCYCLIST,NOT DIVIDED,STRAIGHT AND LEVEL,UNKNOWN,NO INJURY / DRIVE AWAY,BELMONT AVE,41.9397623392,-87.6719422421,POINT (-87.671942242103 41.93976233918)
O1882015,BICYCLE,e293c454a7439c75c3e63149622f3ddbf6488bd3055e9a8a50e02edd3c4167d3d88279a0f746c8f71ab5077a4e9f2246d911f5b1f28674d58c0cd26bf112cf43,08/10/2024 09:19:00 AM,M,49.0,HELMET NOT USED,CROSSING - NO CONTROLS (AT INTERSECTION),IN CROSSWALK,TEST NOT OFFERED,,30,CLEAR,"DARKNESS, LIGHTED ROAD",PEDALCYCLIST,DIVIDED - W/MEDIAN BARRIER,STRAIGHT AND LEVEL,DRY,INJURY AND / OR TOW DUE TO CRASH,CHICAGO AVE,41.8948782474,-87.7478297856,POINT (-87.747829785635 41.89487824738)
O1897777,BICYCLE,4b1441aeb7a80440041fbdca78a75246fb0f8011851e034c5be2dcfbce6d4d1a403f20319dba10c4e94203429a15d8553bf8f76b2ddb4748e9ba1ad263a20269,08/09/2024 11:30:00 PM,M,48.0,HELMET NOT USED,WITH TRAFFIC,IN ROADWAY,TEST NOT OFFERED,,30,CLEAR,"DARKNESS, LIGHTED ROAD",PEDALCYCLIST,DIVIDED - W/MEDIAN (NOT RAISED),STRAIGHT AND LEVEL,DRY,INJURY AND / OR TOW DUE TO CRASH,CERMAK RD,41.8520836955,-87.6746510157,POINT (-87.674651015737 41.852083695533)
O1881333,BICYCLE,50f9cd02d1ea178ec105b8afef95a40a3c4dfc73cd9f9b5c1b92208ab20bdda0e1ca0a52a0e260bf255731a736e10b91a05a4ae439352abf62e8092c0bc6fdc3,08/09/2024 09:58:00 PM,F,47.0,HELMET NOT USED,UNKNOWN/NA,IN ROADWAY,TEST NOT OFFERED,,15,CLEAR,"DARKNESS, LIGHTED ROAD",PEDALCYCLIST,DIVIDED - W/MEDIAN (NOT RAISED),STRAIGHT AND LEVEL,UNKNOWN,INJURY AND / OR TOW DUE TO CRASH,STOCKTON DR,41.9192045182,-87.6349518584,POINT (-87.63495185844 41.919204518242)
O1881255,BICYCLE,e0ab2d7c29933b5d9c71464c010611fdc784bff618e18378090183fb1433fd5ef667b551c4e542301157206feb7163e3646549157d7246c7c329b789a8fd687c,08/09/2024 08:40:00 PM,M,34.0,HELMET NOT USED,UNKNOWN/NA,IN ROADWAY,TEST NOT OFFERED,,30,CLEAR,"DARKNESS, LIGHTED ROAD",PEDALCYCLIST,OTHER,STRAIGHT AND LEVEL,DRY,INJURY AND / OR TOW DUE TO CRASH,KOSTNER AVE,41.9097883039,-87.7364046674,POINT (-87.736404667392 41.909788303943)
O1881156,BICYCLE,a7ba05ac4e5208798b3b847ff9e7bd7d572996f67841888c0ef413790a948bc32af936fa12894e406d4f0723c8e4922787a1079ac6c05fddb000f2a17790c5e6,08/09/2024 05:25:00 PM,M,29.0,HELMET NOT USED,NO ACTION,BIKE LANE,TEST NOT OFFERED,,30,CLEAR,DAYLIGHT,PEDALCYCLIST,DIVIDED - W/MEDIAN (NOT RAISED),STRAIGHT AND LEVEL,DRY,INJURY AND / OR TOW DUE TO CRASH,ROSCOE ST,41.9431853467,-87.6721904256,POINT (-87.672190425611 41.943185346656)
O1881151,BICYCLE,7cbdedf89b3c525e6f41e2996ce8701389ccc030935643ecc1bc10d6283173532c1d0139b94585a5e926f4a53a7822faf3fbc2bad594bfab8d5f59fecb2181e7,08/09/2024 04:46:00 PM,M,,HELMET NOT USED,UNKNOWN/NA,IN ROADWAY,TEST NOT OFFERED,,30,CLOUDY/OVERCAST,DAYLIGHT,PEDALCYCLIST,NOT DIVIDED,STRAIGHT AND LEVEL,UNKNOWN,NO INJURY / DRIVE AWAY,DAMEN AVE,41.9428559164,-87.6782955724,POINT (-87.678295572372 41.942855916353)
O1881035,BICYCLE,1de5498991f8ac2b76742a425628d52a8f5d70f4d27f37f64857a5e6a531a1857aec5dbfa4c24525be6806f4e088a7e0295af3f6590e12aa5e00e3479567563f,08/09/2024 01:50:00 PM,M,22.0,HELMET NOT USED,NO ACTION,IN ROADWAY,TEST NOT OFFERED,,30,CLEAR,DAYLIGHT,PEDALCYCLIST,NOT DIVIDED,STRAIGHT AND LEVEL,DRY,INJURY AND / OR TOW DUE TO CRASH,LAWRENCE AVE,41.9684826896,-87.6914089058,POINT (-87.691408905808 41.968482689572)
O1880982,BICYCLE,9f33395d8c0f583cb28e6d844ebae4064754d84456cf248c1d356dbfd48bb84c4b95ea5a33b3d46960507940c52f7cf74c4af7d82dd69ca6bdbed0c9cdfed5e2,08/09/2024 01:32:00 PM,M,25.0,HELMET NOT USED,WITH TRAFFIC,IN ROADWAY,TEST NOT OFFERED,N,30,UNKNOWN,UNKNOWN,PEDALCYCLIST,NOT DIVIDED,STRAIGHT AND LEVEL,UNKNOWN,INJURY AND / OR TOW DUE TO CRASH,HYDE PARK BLVD,41.8023483445,-87.5890169653,POINT (-87.58901696529 41.802348344482)
O1880887,BICYCLE,3ca7882cb37db4fb8010518d6cf25810d6e08e3b762def462bb4a9344f15972394bd6e7d6f2522571d102297b1530b5c4d0e6123f0ba6ec462087c67075f8701,08/09/2024 11:15:00 AM,M,55.0,HELMET NOT USED,AGAINST TRAFFIC,IN ROADWAY,TEST NOT OFFERED,,30,CLEAR,DAYLIGHT,PEDALCYCLIST,NOT DIVIDED,STRAIGHT AND LEVEL,DRY,INJURY AND / OR TOW DUE TO CRASH,CALIFORNIA AVE,41.9056201463,-87.6967988349,POINT (-87.696798834866 41.905620146269)
O1880841,BICYCLE,0cb06c8bb574678f1e35b28e0cfb7fb330c83e6b5987ff724f88c7de45349c70ed02f674fd982e64b27af2aa0512d6292be6823267aa27691b79907b4ac6de74,08/09/2024 11:05:00 AM,M,35.0,BICYCLE HELMET (PEDACYCLIST INVOLVED ONLY),CROSSING - NO CONTROLS (AT INTERSECTION),IN ROADWAY,TEST NOT OFFERED,,30,CLEAR,DAYLIGHT,PEDALCYCLIST,FOUR WAY,STRAIGHT AND LEVEL,DRY,INJURY AND / OR TOW DUE TO CRASH,DAMEN AVE,41.934151762,-87.6783277267,POINT (-87.678327726731 41.934151762035)
O1880758,BICYCLE,24a9923e54d484e1aad74b14c657928b10d9edc45ea8d3ab1aa1724bbc889399764352979b8119d5c350f2158552436685cededd3fa8a3c360765081240821c5,08/09/2024 09:43:00 AM,M,28.0,HELMET NOT USED,OTHER ACTION,IN ROADWAY,TEST NOT OFFERED,,35,CLEAR,DAYLIGHT,PEDALCYCLIST,NOT DIVIDED,STRAIGHT AND LEVEL,DRY,INJURY AND / OR TOW DUE TO CRASH,LA SALLE DR,41.8978921593,-87.6325887382,POINT (-87.632588738187 41.897892159327)
O1880769,BICYCLE,c02e194fad94681e03f39edc2bc126c8761604d62d904003de581b53f2b4002f941f988530d092cd64a5fa938d7ea3c9c471873dfa6fa24e804c91fc8f306de9,08/09/2024 09:30:00 AM,M,38.0,BICYCLE HELMET (PEDACYCLIST INVOLVED ONLY),WITH TRAFFIC,IN ROADWAY,TEST NOT OFFERED,,30,CLEAR,DAYLIGHT,PEDALCYCLIST,NOT DIVIDED,STRAIGHT AND LEVEL,DRY,NO INJURY / DRIVE AWAY,MADISON ST,41.8816786665,-87.6466361835,POINT (-87.64663618352 41.881678666493)
O1880743,BICYCLE,bd28a75dd4acc5987e6f566c6d75b1a4bc0d6ebc5d152c945aefd8a36278d744e973f57b40b7f7b5467bef79b353a8b5d6c923d42ca9adc4a4e754f8b877259e,08/09/2024 09:18:00 AM,M,31.0,BICYCLE HELMET (PEDACYCLIST INVOLVED ONLY),CROSSING - NO CONTROLS (AT INTERSECTION),IN ROADWAY,TEST NOT OFFERED,,30,CLEAR,DAYLIGHT,PEDALCYCLIST,NOT DIVIDED,STRAIGHT AND LEVEL,DRY,INJURY AND / OR TOW DUE TO CRASH,LAWRENCE AVE,41.9688915579,-87.6612707047,POINT (-87.661270704749 41.968891557858)
O1880698,BICYCLE,0b19c4856e5cb41d38e1f23eddd0f3b0c36746d158935ef8fb884513819bf7bf9e8b1486378a744d5575cc018acc1e563f78cdb0e78cf27cf78ee263b4d603f0,08/09/2024 06:30:00 AM,M,54.0,HELMET NOT USED,CROSSING - NO CONTROLS (NOT AT INTERSECTION),IN ROADWAY,TEST NOT OFFERED,,30,CLEAR,DAYLIGHT,PEDALCYCLIST,ONE-WAY,STRAIGHT AND LEVEL,DRY,INJURY AND / OR TOW DUE TO CRASH,BLOOMINGDALE AVE,41.9133900748,-87.7465244874,POINT (-87.74652448739 41.913390074803)
O1880626,BICYCLE,289d35ef664f8aca5c0d286bcdca34a8561276e35b2cb0dce2e2895603049748a5775453334191bcaff39e879864feba7e9929f02f1dee4ee3a1d5f54adbabdc,08/08/2024 09:15:00 PM,M,,HELMET NOT USED,OTHER ACTION,UNKNOWN/NA,TEST NOT OFFERED,,30,OTHER,UNKNOWN,PEDALCYCLIST,OTHER,STRAIGHT AND LEVEL,UNKNOWN,NO INJURY / DRIVE AWAY,WENTWORTH AVE,41.8090824366,-87.6310308737,POINT (-87.63103087365 41.809082436649)
O1880585,BICYCLE,2be1777185674c8c7996e1f71985eefd17a803c40b8882962d650c0696f3bdd630527b933d54c459342875383702c7528fbf6d232c9338551168a359a5723928,08/08/2024 08:19:00 PM,F,33.0,BICYCLE HELMET (PEDACYCLIST INVOLVED ONLY),OTHER ACTION,IN CROSSWALK,TEST NOT OFFERED,,30,CLEAR,"DARKNESS, LIGHTED ROAD",PEDALCYCLIST,T-INTERSECTION,STRAIGHT AND LEVEL,DRY,INJURY AND / OR TOW DUE TO CRASH,ARTESIAN AVE,41.9249774545,-87.6890160308,POINT (-87.68901603083 41.924977454472)
O1893257,BICYCLE,72de9a4f383e7d36d44baa72285131f5f7dda5290b89307a5545bc9208ae62fe9b21dcc8f99854a1e8379063431d7117b1131a2c2f58f190b34a6cb37606014e,08/08/2024 06:20:00 PM,F,13.0,HELMET NOT USED,UNKNOWN/NA,UNKNOWN/NA,TEST NOT OFFERED,,30,CLEAR,DAYLIGHT,PEDALCYCLIST,FOUR WAY,STRAIGHT AND LEVEL,DRY,INJURY AND / OR TOW DUE TO CRASH,BELMONT AVE,41.9383432426,-87.7910695552,POINT (-87.791069555164 41.938343242563)
O1881054,BICYCLE,cca9b709d75dbcbb53d899cfd4211f1a851ee42c1d665a330d562efc90264de6447b4eef9bbc91d9e254f2ee452f76d9d48b5ab0dd371a178062df766cbdc948,08/08/2024 06:10:00 PM,F,31.0,HELMET NOT USED,WITH TRAFFIC,IN ROADWAY,TEST NOT OFFERED,,30,CLEAR,DAYLIGHT,PEDALCYCLIST,DIVIDED - W/MEDIAN BARRIER,STRAIGHT AND LEVEL,DRY,NO INJURY / DRIVE AWAY,RANDOLPH ST,41.8845047333,-87.6481982925,POINT (-87.648198292487 41.884504733309)
O1880502,BICYCLE,c7ce770eff9394b3797b82cafea46af851d57de3a6fe856ca04e17e4a290ca071ba6c7fe7384ee848a7cec71a100f7538d777637f2ed30a531239f76bf6748ea,08/08/2024 05:46:00 PM,M,57.0,HELMET NOT USED,AGAINST TRAFFIC,IN ROADWAY,TEST NOT OFFERED,,25,CLEAR,DAYLIGHT,PEDALCYCLIST,FOUR WAY,STRAIGHT AND LEVEL,DRY,INJURY AND / OR TOW DUE TO CRASH,RIDGEWAY AVE,41.9010437913,-87.7203075048,POINT (-87.72030750475 41.901043791276)
O1880500,BICYCLE,d46181a0778c1f3f1c8729e27623a89474b2e4d39fd682564960601dd2b0796eee95fe16414e40a7e22fab25503555d4352d7994dfebaac2c625bcd6587b7918,08/08/2024 05:25:00 PM,M,16.0,BICYCLE HELMET (PEDACYCLIST INVOLVED ONLY),TURNING LEFT,IN ROADWAY,TEST NOT OFFERED,,25,CLEAR,DAYLIGHT,PEDALCYCLIST,NOT DIVIDED,STRAIGHT AND LEVEL,DRY,INJURY AND / OR TOW DUE TO CRASH,GRAND AVE,41.9023626196,-87.7165388614,POINT (-87.716538861417 41.902362619578)
O1880438,BICYCLE,d75d3e1088ac00df7da3dd3c82853d439a809b5af3f2f7a7f678df3dc0ffb9fe6b6cb60fd1883c1f2de857dedf8bb53ea9a08bb1f1bda5f379c27b6ca563fc27,08/08/2024 04:55:00 PM,M,12.0,HELMET NOT USED,AGAINST TRAFFIC,IN CROSSWALK,TEST NOT OFFERED,,30,CLEAR,DAYLIGHT,OTHER NONCOLLISION,ALLEY,STRAIGHT AND LEVEL,DRY,INJURY AND / OR TOW DUE TO CRASH,KIMBALL AVE,41.9533174623,-87.712733736,POINT (-87.712733736031 41.953317462253)
O1880402,BICYCLE,7389433e57322e5f8cb10487d3f78090441e8af2cb01ddd9cb25c10505830abc19cd5ed71162838d40cdd5f39882cbc331f9b12eec2f65003d804ad03e1295b2,08/08/2024 04:11:00 PM,F,36.0,HELMET NOT USED,CROSSING - WITH SIGNAL,IN CROSSWALK,TEST NOT OFFERED,,30,CLEAR,DAYLIGHT,PEDALCYCLIST,DIVIDED - W/MEDIAN (NOT RAISED),STRAIGHT AND LEVEL,DRY,INJURY AND / OR TOW DUE TO CRASH,DIVISION ST,41.9039624962,-87.6345551206,POINT (-87.634555120597 41.90396249623)
O1880314,BICYCLE,a80e3b62e796d121962cfc3601e25add73fbad1c7c2b771f749553224d627a0614d3b1b7b6bf1f781b6c496a851985b17b3b2160b1835eceab382679c6f99dc8,08/08/2024 03:54:00 PM,M,16.0,BICYCLE HELMET (PEDACYCLIST INVOLVED ONLY),CROSSING - WITH SIGNAL,IN ROADWAY,TEST NOT OFFERED,,35,CLEAR,DAYLIGHT,PEDALCYCLIST,NOT DIVIDED,STRAIGHT AND LEVEL,DRY,NO INJURY / DRIVE AWAY,63RD ST,41.779199342,-87.6744184312,POINT (-87.674418431155 41.77919934204)
O1880469,BICYCLE,a592fb2458d8c78ff14116e5a085b83b847796c4606313e5a6fbbcf5f103b377713c56718cf813b0dc8aee8ff086d8e0323ebeba34b5fd87c4bd9c3e942bf2f5,08/08/2024 03:27:00 PM,M,31.0,HELMET NOT USED,WITH TRAFFIC,BIKE LANE,TEST NOT OFFERED,,20,CLEAR,DAYLIGHT,PEDALCYCLIST,NOT DIVIDED,STRAIGHT AND LEVEL,DRY,INJURY AND / OR TOW DUE TO CRASH,CLARK ST,41.971134138,-87.6676041204,POINT (-87.667604120362 41.971134137951)
O1880318,BICYCLE,500989969934d3738c7ea9c239a93210d71fccfbc12ae4cc0cacf46143f51fbdd7cb514e8fa3939613ba0d489a2173026e5a2fa1c037e6e09b184a1e9b535eac,08/08/2024 03:16:00 PM,M,29.0,HELMET NOT USED,UNKNOWN/NA,SHOULDER,TEST NOT OFFERED,,30,CLEAR,DAYLIGHT,PEDALCYCLIST,NOT DIVIDED,STRAIGHT AND LEVEL,DRY,INJURY AND / OR TOW DUE TO CRASH,KEDZIE AVE,41.8806531808,-87.7062600612,POINT (-87.706260061243 41.880653180815)
O1880227,BICYCLE,4a1752896652ff0d67923786d676dd200c2f473e649fc396eeeef03b0622f98919d3f24a28256c70cd145376b909681d70b7d74e9922d323472137fced0547ef,08/08/2024 01:56:00 PM,M,49.0,BICYCLE HELMET (PEDACYCLIST INVOLVED ONLY),WITH TRAFFIC,IN ROADWAY,TEST NOT OFFERED,,30,CLEAR,DAYLIGHT,PEDALCYCLIST,FOUR WAY,STRAIGHT AND LEVEL,DRY,NO INJURY / DRIVE AWAY,INDIANA AVE,41.7673414053,-87.6203072071,POINT (-87.620307207068 41.767341405286)
O1879958,BICYCLE,12a5e1b9639c8e57013be67532f23f402297258894a036620d5cab50af64900f7e02485ed809b38579d64dbad6166fbc4c3a34c074ac5fde7e781820c216be6e,08/07/2024 10:09:00 PM,M,31.0,HELMET NOT USED,WITH TRAFFIC,IN ROADWAY,TEST NOT OFFERED,Y,30,CLEAR,"DARKNESS, LIGHTED ROAD",PEDALCYCLIST,NOT DIVIDED,STRAIGHT AND LEVEL,DRY,INJURY AND / OR TOW DUE TO CRASH,HALSTED ST,41.8647556634,-87.6466991791,POINT (-87.646699179083 41.864755663394)
O1879928,BICYCLE,b4f55274295f5831468441bbf1c20e117ac3c871e0f2fbc8688b07fd8615ff21fe6f0e51c3a49df47e0f209baf8a9231b03018eff49b9bd964924fa239839682,08/07/2024 09:30:00 PM,F,27.0,HELMET NOT USED,WITH TRAFFIC,BIKEWAY,TEST NOT OFFERED,,30,CLEAR,"DARKNESS, LIGHTED ROAD",PEDALCYCLIST,NOT DIVIDED,STRAIGHT AND LEVEL,DRY,INJURY AND / OR TOW DUE TO CRASH,CLARK ST,41.9069682235,-87.6316909814,POINT (-87.631690981447 41.906968223457)
O1879889,BICYCLE,c0a4f74603798b7374ce58842c673cded7c48a595a6b23550710c888066ed6a0ec46beaa8521c59e94320ae79be57c038d44e5d4451a4efa84e2ab96c891603c,08/07/2024 09:01:00 PM,M,31.0,HELMET NOT USED,NO ACTION,BIKEWAY,TEST NOT OFFERED,,30,CLEAR,DUSK,PEDALCYCLIST,NOT DIVIDED,STRAIGHT AND LEVEL,DRY,INJURY AND / OR TOW DUE TO CRASH,ROCKWELL ST,41.9208319342,-87.6928806189,POINT (-87.692880618941 41.920831934215)
O1879861,BICYCLE,10576248d0107cc44215aba741a638749b01dbe0cdff31a8baa4e84c44c5882616d19f74063012c4e77ad54472f5ec399c4237088e58ce70d6109c1b4507d7ed,08/07/2024 08:00:00 PM,M,25.0,HELMET NOT USED,AGAINST TRAFFIC,IN ROADWAY,"TEST PERFORMED, RESULTS UNKNOWN",,30,CLEAR,DUSK,PEDALCYCLIST,NOT DIVIDED,STRAIGHT AND LEVEL,DRY,INJURY AND / OR TOW DUE TO CRASH,WABANSIA AVE,41.9120219849,-87.6873276525,POINT (-87.687327652508 41.912021984869)
O1879871,BICYCLE,b3941774c595e6ecd7c9f157da531cca74fdf408b0e45277c627abaebcae5cdcf8cff9d214048e2a09890f9c76bbac632c5e682e832748f13d26743827ae4d60,08/07/2024 06:56:00 PM,F,58.0,HELMET NOT USED,CROSSING - WITH SIGNAL,IN CROSSWALK,TEST NOT OFFERED,,35,CLEAR,DAYLIGHT,PEDALCYCLIST,DIVIDED - W/MEDIAN (NOT RAISED),STRAIGHT AND LEVEL,DRY,NO INJURY / DRIVE AWAY,WENTWORTH AVE,41.7799026134,-87.6302938056,POINT (-87.630293805556 41.779902613439)
O1879798,NON-MOTOR VEHICLE,f0a6a447d46293b6b06a84f419feb40ed98ad7f30308a62dce01e51c4718984879c39af9b769903784d816bc0229fb55ad212feb0405974c783933c712a0aa40,08/07/2024 06:43:00 PM,M,,NONE PRESENT,,,TEST NOT OFFERED,,20,CLEAR,DAYLIGHT,FIXED OBJECT,ALLEY,STRAIGHT AND LEVEL,DRY,NO INJURY / DRIVE AWAY,77TH PL,41.7525148727,-87.7112631903,POINT (-87.71126319029 41.752514872708)