PERSON_ID,PERSON_TYPE,CRASH_RECORD_ID,CRASH_DATE_x,SEX,AGE,SAFETY_EQUIPMENT,PEDPEDAL_ACTION,PEDPEDAL_LOCATION,BAC_RESULT,CRASH_DATE_EST_I,POSTED_SPEED_LIMIT,WEATHER_CONDITION,LIGHTING_CONDITION,FIRST_CRASH_TYPE,TRAFFICWAY_TYPE,ALIGNMENT,ROADWAY_SURFACE_COND,CRASH_TYPE,STREET_NAME,LATITUDE,LONGITUDE,LOCATION
O1879796,BICYCLE,5be140abadc401e134cd92cbbc8dd9801169b66fdade89aea360b90d3b1ddf6170af82bf608e57df922cc60fe6a8d7ac6812942c9c0c533ff9ca49148c0b4a51,08/07/2024 06:22:00 PM,M,35.0,BICYCLE HELMET (PEDACYCLIST INVOLVED ONLY),OTHER ACTION,IN ROADWAY,TEST NOT OFFERED,,30,CLEAR,DAYLIGHT,ANGLE,NOT DIVIDED,STRAIGHT AND LEVEL,DRY,INJURY AND / OR TOW DUE TO CRASH,CLARK ST,41.9803590356,-87.6681712431,POINT (-87.668171243138 41.980359035573)
O1879747,BICYCLE,1502e80997bde7f6a94e95f0bbdb95993c6532925e61597e2690bf685054270ed3f559a11903c54b87e5883ba35f6feae0947a45beeb3b288fbf062b67c473fa,08/07/2024 05:44:00 PM,M,7.0,HELMET NOT USED,CROSSING - WITH SIGNAL,IN CROSSWALK,TEST NOT OFFERED,,30,CLEAR,DAYLIGHT,PEDALCYCLIST,FOUR WAY,STRAIGHT AND LEVEL,DRY,INJURY AND / OR TOW DUE TO CRASH,AUGUSTA BLVD,41.8986219024,-87.7637880392,POINT (-87.763788039243 41.898621902378)
O1879879,BICYCLE,328c12b344654abc11d457bf186867bb7748f166f71276eda59f15beff32e3221ff5bbbdeace7a38fec781178cc24f5b0dd5cda5cddb040e377e7fe0581399c0,08/07/2024 04:45:00 PM,M,38.0,BICYCLE HELMET (PEDACYCLIST INVOLVED ONLY),CROSSING - NO CONTROLS (AT INTERSECTION),BIKE LANE,TEST NOT OFFERED,,35,CLEAR,DAYLIGHT,PEDALCYCLIST,NOT DIVIDED,STRAIGHT AND LEVEL,DRY,INJURY AND / OR TOW DUE TO CRASH,MILWAUKEE AVE,41.9238730951,-87.6991628536,POINT (-87.699162853601 41.923873095147)
O1879847,NON-MOTOR VEHICLE,0624b69e3fdf73c901afd4e93fa5f05d8aac35f6ace670590f68da4cb6da490afc30ecebf6a3d3c79ecfda24baa61f06fcb2001d2704a8d2fb48cdaf19e484c1,08/07/2024 04:00:00 PM,M,13.0,NONE PRESENT,OTHER ACTION,IN CROSSWALK,TEST NOT OFFERED,,30,CLEAR,DAYLIGHT,OTHER OBJECT,T-INTERSECTION,STRAIGHT AND LEVEL,DRY,INJURY AND / OR TOW DUE TO CRASH,CLAREMONT AVE,41.8303909884,-87.6838673814,POINT (-87.683867381395 41.830390988412)
O1879857,NON-MOTOR VEHICLE,0624b69e3fdf73c901afd4e93fa5f05d8aac35f6ace670590f68da4cb6da490afc30ecebf6a3d3c79ecfda24baa61f06fcb2001d2704a8d2fb48cdaf19e484c1,08/07/2024 04:00:00 PM,M,13.0,NONE PRESENT,OTHER ACTION,IN CROSSWALK,TEST NOT OFFERED,,30,CLEAR,DAYLIGHT,OTHER OBJECT,T-INTERSECTION,STRAIGHT AND LEVEL,DRY,INJURY AND / OR TOW DUE TO CRASH,CLAREMONT AVE,41.8303909884,-87.6838673814,POINT (-87.683867381395 41.830390988412)
O1879663,BICYCLE,26385d8f71a77a5ac8ad990d575707f131ee178acf5c9378461199fc70007ec71f4b0562407a427ad0628c13813dd3629d7e48f6ba56f90adf6cbf1d35f34ffb,08/07/2024 02:45:00 PM,M,72.0,HELMET NOT USED,CROSSING - WITH SIGNAL,IN CROSSWALK,TEST NOT OFFERED,,30,CLEAR,DAYLIGHT,PEDALCYCLIST,FOUR WAY,STRAIGHT AND LEVEL,DRY,INJURY AND / OR TOW DUE TO CRASH,LOOMIS ST,41.7357686533,-87.6583492732,POINT (-87.658349273218 41.735768653272)
O1879596,BICYCLE,e8206bc57efd65360773c610948338056fa9925d404c250b509114700a1474fe8a25d5304c5f12256f3fc16d496d58db78b5e68a649217e96ec3b2cd7a896365,08/07/2024 02:40:00 PM,M,48.0,HELMET NOT USED,UNKNOWN/NA,IN ROADWAY,TEST NOT OFFERED,,25,CLEAR,DAYLIGHT,PEDALCYCLIST,NOT DIVIDED,STRAIGHT AND LEVEL,DRY,NO INJURY / DRIVE AWAY,NORTH BLVD,41.9110851518,-87.6306321015,POINT (-87.630632101507 41.9110851518)
O1879561,BICYCLE,659bc386fd0182c9d83b11b930301be78b768d13f972795d474adbb41df777e860238c2f4da029c32322f876d84f353832a6164ff28216e622367a98f6608fc2,08/07/2024 02:14:00 PM,M,28.0,HELMET NOT USED,NO ACTION,BIKEWAY,TEST NOT OFFERED,,30,CLEAR,DAYLIGHT,PEDALCYCLIST,NOT DIVIDED,STRAIGHT AND LEVEL,DRY,INJURY AND / OR TOW DUE TO CRASH,CLARK ST,41.9461531299,-87.655500028,POINT (-87.655500028016 41.946153129909)
O1879771,NON-MOTOR VEHICLE,b40688b8da8d1bb769903309e06c5928f2a2b438530aae9c9b1d1390c41c84d5e7d361a1dc3f42a380af370734915b44f230aac6d4ed8a0f914da909301d7e64,08/07/2024 12:00:00 PM,F,16.0,USAGE UNKNOWN,CROSSING - WITH SIGNAL,IN CROSSWALK,TEST NOT OFFERED,Y,30,CLEAR,DAYLIGHT,OTHER OBJECT,ONE-WAY,STRAIGHT AND LEVEL,DRY,INJURY AND / OR TOW DUE TO CRASH,KILDARE AVE,41.8459408072,-87.731239571,POINT (-87.731239571016 41.845940807153)
O1881536,BICYCLE,f8cdc42a16ea7c92f56c079bb95faca1af5489d1924c89b9c8ff7f48efba300ca71a69ec544ba822d1207ed94e78e3579cef5aaf26ced01a3803e9297ed5317a,08/07/2024 11:15:00 AM,F,31.0,HELMET NOT USED,NO ACTION,BIKE LANE,TEST NOT OFFERED,,30,UNKNOWN,DAYLIGHT,PEDALCYCLIST,NOT DIVIDED,STRAIGHT AND LEVEL,UNKNOWN,NO INJURY / DRIVE AWAY,KEDZIE AVE,41.9606458833,-87.7080815092,POINT (-87.708081509175 41.960645883331)
O1879453,BICYCLE,5d1de15aecf2344839335d08de5f76922ee6430aa80e63531774883ab89df839aa13e8400de1ea58abc5ce32de1afc8861ec12e35115b6e8fdb72734140605e4,08/07/2024 11:00:00 AM,F,0.0,BICYCLE HELMET (PEDACYCLIST INVOLVED ONLY),OTHER ACTION,IN ROADWAY,TEST NOT OFFERED,,30,CLEAR,DAYLIGHT,PEDALCYCLIST,FOUR WAY,STRAIGHT AND LEVEL,DRY,NO INJURY / DRIVE AWAY,OHIO ST,41.8923960804,-87.6263283332,POINT (-87.626328333197 41.892396080432)
O1879353,NON-MOTOR VEHICLE,cf06da7cba1826e9efbdf6953473d0b2955cc5f5eb5351398b2448a29a77f80feea4f55d7bd8401889a6a80fa3d1af0a4f54deb3c90ed56a96661427435c9d9e,08/07/2024 08:20:00 AM,M,,NONE PRESENT,,,TEST NOT OFFERED,,35,CLEAR,DAYLIGHT,OTHER OBJECT,DIVIDED - W/MEDIAN (NOT RAISED),STRAIGHT AND LEVEL,DRY,NO INJURY / DRIVE AWAY,ROOSEVELT RD,41.8669713894,-87.6662651273,POINT (-87.666265127254 41.866971389388)
O1879608,BICYCLE,13ac0e3c471338794acc8b543ce2917ab65b8eeadef9b3dfa32e9e67eea8cec04f23db46889bda1698c2e68ed462a96419644e731958bf52806ed9c1dedf3a0c,08/07/2024 07:10:00 AM,M,,HELMET NOT USED,WITH TRAFFIC,IN ROADWAY,,,30,CLEAR,DAYLIGHT,PEDALCYCLIST,ONE-WAY,STRAIGHT AND LEVEL,DRY,INJURY AND / OR TOW DUE TO CRASH,CLAREMONT AVE,41.9102434662,-87.6861405812,POINT (-87.686140581178 41.91024346619)
O1879624,BICYCLE,05da0cf55675b472b4dff89f86d6c22fe49e2c2a12aab79af3785b20c2c2200f1ec4604c55e3a396713fe06a7821143a8e569cbc607e0aceb378efffaec037e6,08/06/2024 07:30:00 PM,M,24.0,BICYCLE HELMET (PEDACYCLIST INVOLVED ONLY),WITH TRAFFIC,BIKE LANE,TEST NOT OFFERED,,25,CLEAR,"DARKNESS, LIGHTED ROAD",PEDALCYCLIST,DIVIDED - W/MEDIAN (NOT RAISED),STRAIGHT AND LEVEL,DRY,INJURY AND / OR TOW DUE TO CRASH,DIVERSEY AVE,41.9320665624,-87.7135055442,POINT (-87.713505544244 41.932066562444)
O1879173,BICYCLE,f00a7b9b241b33478ad52746c04add58a69a23d30c8c01aa84e447f2a20426ef9a5b1f2e465dc433873cdab8b6f6fac0906c54f490ac4d9b64fe661176fc5099,08/06/2024 05:33:00 PM,F,36.0,HELMET NOT USED,WITH TRAFFIC,IN ROADWAY,TEST NOT OFFERED,,30,CLOUDY/OVERCAST,DAYLIGHT,PEDALCYCLIST,NOT DIVIDED,STRAIGHT AND LEVEL,DRY,INJURY AND / OR TOW DUE TO CRASH,MONROE ST,41.8806133509,-87.6463617545,POINT (-87.646361754466 41.880613350888)
O1879012,BICYCLE,e1cb43e0b7af95c8c9cb4e41cb12710ea1b8f63d9b1a55e42c3c53174e450a82a245351db38285f980506946cb5407142eeb9f2bdc90e1816ceae3e439e95552,08/06/2024 01:50:00 PM,M,,HELMET NOT USED,UNKNOWN/NA,IN ROADWAY,TEST NOT OFFERED,,30,CLEAR,DAYLIGHT,PEDALCYCLIST,NOT DIVIDED,STRAIGHT AND LEVEL,DRY,NO INJURY / DRIVE AWAY,MARQUETTE RD,41.771714787,-87.6931424613,POINT (-87.69314246129 41.771714787034)
O1879311,NON-MOTOR VEHICLE,49fe6914de9ab7ee9777621e6c1f6371ea095ef6151cefd72da5d8d5728e699b823686e644b29407730804ec298550bd8b085fc6eac2d3be0edba46ff825f6f8,08/06/2024 01:19:00 PM,M,22.0,NONE PRESENT,AGAINST TRAFFIC,IN ROADWAY,TEST NOT OFFERED,,30,CLEAR,DAYLIGHT,OTHER OBJECT,DIVIDED - W/MEDIAN (NOT RAISED),STRAIGHT AND LEVEL,DRY,INJURY AND / OR TOW DUE TO CRASH,BELMONT AVE,41.9391056932,-87.7174565546,POINT (-87.717456554565 41.939105693185)
O1878862,BICYCLE,cdc26c6d5ae228fcd8731de8a777c6a12f8b279c2ccbe9bf6fe56fdaf1011eb489fdcab704838e8bd4e4219beae9576d4a747f9da8f83623e259fe19516ad980,08/06/2024 09:50:00 AM,M,31.0,HELMET NOT USED,OTHER ACTION,NOT IN ROADWAY,TEST NOT OFFERED,,15,CLOUDY/OVERCAST,DAYLIGHT,PEDALCYCLIST,PARKING LOT,STRAIGHT AND LEVEL,WET,INJURY AND / OR TOW DUE TO CRASH,PULASKI RD,41.9694592415,-87.7282108954,POINT (-87.728210895386 41.969459241535)
O1878729,NON-MOTOR VEHICLE,2f7f59920f3992cb90eba779b826a1c172cb1862d7718964c762f45d87da8eebad3a8f0f75586118ef6d842715d376cbd540c5025ae341620757510011dd286f,08/06/2024 12:05:00 AM,,,NONE PRESENT,,,,N,10,CLEAR,UNKNOWN,OTHER OBJECT,OTHER,STRAIGHT AND LEVEL,DRY,NO INJURY / DRIVE AWAY,HARRISON ST,41.8743010445,-87.6390821213,POINT (-87.639082121332 41.874301044496)
O1878753,NON-MOTOR VEHICLE,2bac320a496710696e3ae38ee094644111982f826e38863fbfc3b06b6f5c14a84b5519057915471d0dce95de80867e6dbd14e1d567ac40c0a46abfca762844f8,08/05/2024 11:50:00 PM,,,NONE PRESENT,,,,,30,CLEAR,"DARKNESS, LIGHTED ROAD",FIXED OBJECT,PARKING LOT,STRAIGHT AND LEVEL,DRY,NO INJURY / DRIVE AWAY,BLUE ISLAND AVE,41.8564445587,-87.6621944423,POINT (-87.662194442344 41.856444558725)
O1878733,BICYCLE,80d2070860413857a36b53607e17d01c7bc7ed14e1df51abc95da5fd7db825deaa038700dc05364d7294d357a4dbecbda88c39ad0aa10a5eafe5b67ff29498b2,08/05/2024 09:15:00 PM,M,23.0,BICYCLE HELMET (PEDACYCLIST INVOLVED ONLY),CROSSING - WITH SIGNAL,BIKEWAY,TEST NOT OFFERED,,30,RAIN,"DARKNESS, LIGHTED ROAD",PEDALCYCLIST,FOUR WAY,STRAIGHT AND LEVEL,WET,INJURY AND / OR TOW DUE TO CRASH,ROOSEVELT RD,41.8667122406,-87.6714670278,POINT (-87.671467027769 41.866712240646)
O1878624,NON-MOTOR VEHICLE,3debac3638a19da6be55a22ce446d4ee22d222c3e9e5c982b0329c8d6781354bc223ed8596c0d92902f40bb2080a5812c650bda0127365dc53c52da1b021ca62,08/05/2024 06:54:00 PM,M,38.0,HELMET NOT USED,CROSSING - AGAINST SIGNAL,IN CROSSWALK,TEST NOT OFFERED,,30,CLEAR,DAYLIGHT,OTHER OBJECT,TRAFFIC ROUTE,STRAIGHT AND LEVEL,DRY,INJURY AND / OR TOW DUE TO CRASH,NORTH AVE,41.9097760868,-87.7263891942,POINT (-87.726389194207 41.90977608676)
O1883803,BICYCLE,7d19d7304cd6ee1892cca0d788dbd4a7fa246b41977358f41d92f37400e75335037e2192d1e605148d477acdc9ba094c272b6d4601eda7bc506555ebc3905ee1,08/05/2024 06:30:00 PM,M,31.0,HELMET NOT USED,CROSSING - WITH SIGNAL,IN CROSSWALK,TEST NOT OFFERED,,30,UNKNOWN,UNKNOWN,PEDALCYCLIST,UNKNOWN,STRAIGHT AND LEVEL,UNKNOWN,NO INJURY / DRIVE AWAY,KILPATRICK AVE,41.9243182251,-87.7440147013,POINT (-87.744014701319 41.924318225088)
O1878573,BICYCLE,9e4f58e91d558bddaf7b2488e5c088e472964686d6aae3ae1b2d839218c1587459b5b112d25a86287021093688cfcb798f7712d0810fdc5688caf4d6ba0554dd,08/05/2024 06:29:00 PM,F,58.0,BICYCLE HELMET (PEDACYCLIST INVOLVED ONLY),OTHER ACTION,NOT IN ROADWAY,TEST NOT OFFERED,,30,CLEAR,DAYLIGHT,PEDALCYCLIST,ALLEY,STRAIGHT AND LEVEL,DRY,INJURY AND / OR TOW DUE TO CRASH,GRANVILLE AVE,41.9942349157,-87.6878071038,POINT (-87.687807103789 41.994234915661)
O1880187,BICYCLE,5db4b935cd244762541368e41d95702060c54f3e3e075ce87412ae665b5f822ca6200e8ae65af5ded49dc8b4d491b868b1237c0b639eb4ce8f3fee62e7abb815,08/05/2024 04:45:00 PM,M,29.0,BICYCLE HELMET (PEDACYCLIST INVOLVED ONLY),WITH TRAFFIC,BIKE LANE,TEST NOT OFFERED,,30,CLEAR,DAYLIGHT,PEDALCYCLIST,DIVIDED - W/MEDIAN (NOT RAISED),STRAIGHT AND LEVEL,DRY,INJURY AND / OR TOW DUE TO CRASH,MILWAUKEE AVE,41.9254376438,-87.7017144471,POINT (-87.70171444708 41.925437643818)
O1878458,BICYCLE,7a0642df3eb3e6d31714cd29a5be4d5d107d1b2a25aab24e43dfd53a853a763ff5fb162af8e962005807f00d0e5d9c92d74cff9280a9b297202832fa31656258,08/05/2024 04:02:00 PM,M,33.0,HELMET NOT USED,WITH TRAFFIC,IN ROADWAY,TEST NOT OFFERED,,30,CLEAR,DAYLIGHT,PEDALCYCLIST,FOUR WAY,STRAIGHT AND LEVEL,DRY,INJURY AND / OR TOW DUE TO CRASH,ARMITAGE AVE,41.9169186985,-87.7378508038,POINT (-87.737850803845 41.916918698499)
O1878374,BICYCLE,a70f3fc83a7622c0f78d45f4c9c63fc3852a77b5d1ea323387bdb6af1d5072c858b843185a9bc1b8e69a5b58ef9a0c515e79f31674b883c27cf214bfd2decef2,08/05/2024 03:13:00 PM,F,23.0,HELMET NOT USED,TURNING RIGHT,IN ROADWAY,TEST NOT OFFERED,,30,CLEAR,DAYLIGHT,PEDALCYCLIST,FOUR WAY,STRAIGHT AND LEVEL,DRY,INJURY AND / OR TOW DUE TO CRASH,NORTH AVE,41.9108072081,-87.6630435964,POINT (-87.663043596421 41.910807208123)
O1877934,BICYCLE,88b2aa35ba9f1b307db6b0acf88d6d973868a2f177a2e2c4925300c637569163d54af7dcfaac427303887ae190749d58a973206e12010962341dfee7d74958d0,08/04/2024 11:14:00 PM,M,,HELMET NOT USED,UNKNOWN/NA,IN ROADWAY,TEST NOT OFFERED,,30,CLEAR,"DARKNESS, LIGHTED ROAD",PEDALCYCLIST,NOT DIVIDED,STRAIGHT AND LEVEL,DRY,NO INJURY / DRIVE AWAY,BROADWAY,41.9496532435,-87.6485062896,POINT (-87.648506289565 41.949653243471)
O1877955,BICYCLE,b594d9f38a045e94766b5779a62f6ef2c2a2e0e390e3ab556ba090588ba03be1fca2fdcbeec8815385b7f6a8158c294ea9be48f617284cbef7f6a4b06916da81,08/04/2024 09:15:00 PM,F,32.0,HELMET NOT USED,OTHER ACTION,BIKEWAY,TEST NOT OFFERED,,30,CLEAR,"DARKNESS, LIGHTED ROAD",PEDALCYCLIST,NOT DIVIDED,STRAIGHT AND LEVEL,DRY,INJURY AND / OR TOW DUE TO CRASH,HALSTED ST,41.8646140721,-87.6469887088,POINT (-87.646988708849 41.864614072081)
O1877862,NON-MOTOR VEHICLE,5cd1658c434aad066a7b9e04bc0dc27089b81748c992f6419ac842b647609daf0acce73010980640510069474494bc915fd2113059e955ae19678bb892a9cda8,08/04/2024 07:47:00 PM,F,20.0,HELMET NOT USED,CROSSING - NO CONTROLS (AT INTERSECTION),IN ROADWAY,TEST NOT OFFERED,,20,CLEAR,DAWN,PEDALCYCLIST,FOUR WAY,STRAIGHT AND LEVEL,DRY,INJURY AND / OR TOW DUE TO CRASH,PINE GROVE AVE,41.9479327826,-87.6457119066,POINT (-87.645711906555 41.94793278258)
O1877863,BICYCLE,5cd1658c434aad066a7b9e04bc0dc27089b81748c992f6419ac842b647609daf0acce73010980640510069474494bc915fd2113059e955ae19678bb892a9cda8,08/04/2024 07:47:00 PM,F,20.0,HELMET NOT USED,CROSSING - NO CONTROLS (AT INTERSECTION),IN ROADWAY,TEST NOT OFFERED,,20,CLEAR,DAWN,PEDALCYCLIST,FOUR WAY,STRAIGHT AND LEVEL,DRY,INJURY AND / OR TOW DUE TO CRASH,PINE GROVE AVE,41.9479327826,-87.6457119066,POINT (-87.645711906555 41.94793278258)
O1882567,BICYCLE,af04d12961b760a4cc898fb0231d241f7494d6206ef391237803459bc2467c30e032856d2540a055d2f08a66464f25152da5a35110ea7d6becb71459e389f7f2,08/04/2024 06:02:00 PM,M,13.0,HELMET NOT USED,CROSSING - NO CONTROLS (AT INTERSECTION),IN CROSSWALK,TEST NOT OFFERED,,30,CLEAR,DAYLIGHT,PEDALCYCLIST,T-INTERSECTION,STRAIGHT AND LEVEL,DRY,NO INJURY / DRIVE AWAY,PRATT BLVD,42.0049036642,-87.6912189923,POINT (-87.691218992297 42.004903664182)
O1877607,BICYCLE,35567ec566331a3f1646ad00174c9315022f2cae89f766429efa890d657dcd7048b66d51ae2c1edca0c19e8aa5d7b5adf14bd7c6d915bfa3f4d567a45d792e4d,08/04/2024 01:46:00 PM,M,26.0,BICYCLE HELMET (PEDACYCLIST INVOLVED ONLY),UNKNOWN/NA,IN CROSSWALK,TEST NOT OFFERED,,40,CLEAR,DAYLIGHT,PEDALCYCLIST,FOUR WAY,STRAIGHT AND LEVEL,DRY,INJURY AND / OR TOW DUE TO CRASH,LAKE SHORE DR NB,41.882064476,-87.6169144678,POINT (-87.616914467796 41.882064476042)
O1877531,BICYCLE,d88e11b0ccf12b407521148a62d445761e2b5ad85371598be0818e93f24c400771e1af50ae30c4e45b70dc07a4079962fcf544a71efe0db60befbd45c28dba89,08/04/2024 11:40:00 AM,F,23.0,BICYCLE HELMET (PEDACYCLIST INVOLVED ONLY),WITH TRAFFIC,BIKE LANE,TEST NOT OFFERED,,30,CLEAR,DAYLIGHT,PEDALCYCLIST,NOT DIVIDED,STRAIGHT AND LEVEL,DRY,INJURY AND / OR TOW DUE TO CRASH,CLARK ST,41.8579021371,-87.6300824047,POINT (-87.630082404731 41.857902137102)
O1877707,BICYCLE,45b910dafcba36c8daafe6896efda0f6c6f6c21358d01824b18d435f369e7c4328b66403b0cd1df1c250ace038820ee6cea1432f211edec52d0ae495d3f23c36,08/04/2024 08:18:00 AM,M,,HELMET NOT USED,AGAINST TRAFFIC,IN ROADWAY,TEST NOT OFFERED,,30,CLEAR,DAYLIGHT,PEDALCYCLIST,DIVIDED - W/MEDIAN (NOT RAISED),STRAIGHT AND LEVEL,DRY,INJURY AND / OR TOW DUE TO CRASH,MADISON ST,41.8812768263,-87.6719686962,POINT (-87.671968696195 41.881276826309)
O1878263,BICYCLE,0a6855c9bbe8452761f7f69567b04e82d2058e3acf7166a4690c752af11eb9b77afc591d946e1f422ab32a22de7349db15ef38551a9d53a51184f1e849c93ba3,08/03/2024 07:30:00 PM,M,25.0,BICYCLE HELMET (PEDACYCLIST INVOLVED ONLY),WITH TRAFFIC,BIKE LANE,TEST NOT OFFERED,,30,CLEAR,DAYLIGHT,PEDALCYCLIST,DIVIDED - W/MEDIAN (NOT RAISED),STRAIGHT AND LEVEL,DRY,INJURY AND / OR TOW DUE TO CRASH,LINCOLN AVE,41.9259379218,-87.649664585,POINT (-87.649664584971 41.925937921805)
O1921111,BICYCLE,d442861007738cbbf0344f0eb91878d1dff4ff285a001d683107daeb709821d8c2a81da7ec4df6eceb9a9e9290da1a64ee75f2fa7cd4c100623c073205e75084,08/03/2024 07:00:00 PM,M,6.0,BICYCLE HELMET (PEDACYCLIST INVOLVED ONLY),NO ACTION,IN ROADWAY,TEST NOT OFFERED,,15,CLEAR,DAYLIGHT,PEDALCYCLIST,ALLEY,STRAIGHT AND LEVEL,DRY,INJURY AND / OR TOW DUE TO CRASH,ARTESIAN AVE,41.9963201742,-87.691209158,POINT (-87.691209157966 41.996320174197)
O1877031,BICYCLE,1bb9190346ad38a3ea31e7b51f4604f842988801fe962adab5f382f1b6a0bebd393eb3bfb797d9757ff6b6504440552f8940f806273afc04f71b18ea829d002e,08/03/2024 04:00:00 PM,,,HELMET NOT USED,WITH TRAFFIC,IN ROADWAY,TEST NOT OFFERED,,30,CLEAR,DAYLIGHT,PEDALCYCLIST,DIVIDED - W/MEDIAN (NOT RAISED),STRAIGHT AND LEVEL,DRY,NO INJURY / DRIVE AWAY,ST LAWRENCE AVE,41.7365323981,-87.6098180213,POINT (-87.609818021284 41.736532398108)
O1876941,BICYCLE,e8759f5d1e449349217d5861d15e448dde80739692d9e94a46943a5d596be25fc2825432385cce1466e2b7bd202bd6a87843efd518d0bffdffe094df9fceb85b,08/03/2024 01:20:00 PM,M,30.0,HELMET NOT USED,CROSSING - WITH SIGNAL,IN ROADWAY,TEST NOT OFFERED,Y,30,CLEAR,DAYLIGHT,PEDALCYCLIST,NOT DIVIDED,STRAIGHT AND LEVEL,DRY,INJURY AND / OR TOW DUE TO CRASH,ROOSEVELT RD,41.8675219371,-87.627522975,POINT (-87.627522975034 41.867521937068)
O1876933,BICYCLE,8065c4ab1c3ca442e19703427427535763b9863a84ab71546b09e2cf63a1a83473f578ea28f7984a7079acfce99609f07ba3fe1b9241382075e7f922b4b0785f,08/03/2024 12:40:00 PM,M,48.0,HELMET NOT USED,AGAINST TRAFFIC,IN ROADWAY,TEST NOT OFFERED,,30,CLEAR,DAYLIGHT,PEDALCYCLIST,DIVIDED - W/MEDIAN BARRIER,STRAIGHT AND LEVEL,DRY,INJURY AND / OR TOW DUE TO CRASH,ASHLAND AVE,41.8114038508,-87.6651907919,POINT (-87.665190791861 41.811403850789)
O1876891,BICYCLE,2bc71a3603872042dea446212d2ba9f97e3103fc7fad942101764161b83f0dd26e46ab3967d1dafb9fcf5988f874f027601468dfde436d14dd9a2d3b8f8d471d,08/03/2024 12:20:00 PM,F,42.0,HELMET NOT USED,CROSSING - NO CONTROLS (NOT AT INTERSECTION),IN ROADWAY,TEST NOT OFFERED,Y,30,CLEAR,DAYLIGHT,PEDALCYCLIST,NOT DIVIDED,STRAIGHT AND LEVEL,DRY,INJURY AND / OR TOW DUE TO CRASH,ROOSEVELT RD,41.8661830832,-87.7151452795,POINT (-87.715145279485 41.866183083184)
O1876846,BICYCLE,9219225b50bbde8a04714915f72b51bab3470b95d883afddab4879627a6b2a27e055f63cff11fe5d8a01fe45af5dd6366f174c687974f718579704a3797088c2,08/03/2024 10:36:00 AM,F,51.0,BICYCLE HELMET (PEDACYCLIST INVOLVED ONLY),WITH TRAFFIC,BIKE LANE,TEST NOT OFFERED,,30,CLEAR,DAYLIGHT,PEDALCYCLIST,NOT DIVIDED,STRAIGHT AND LEVEL,DRY,INJURY AND / OR TOW DUE TO CRASH,LAWRENCE AVE,41.9684259509,-87.698173431,POINT (-87.698173430993 41.968425950866)
O1876785,BICYCLE,2a091886d9c839196961bac545b7ab02ae6996de660cab6bdcaa7fbf1228cc94d678ac1911bf82c3a89714e3d900012577d5cc256da507cab8a71ab130416a61,08/03/2024 08:30:00 AM,F,41.0,HELMET NOT USED,OTHER ACTION,BIKE LANE,TEST NOT OFFERED,,30,CLEAR,DAYLIGHT,PEDALCYCLIST,NOT DIVIDED,STRAIGHT AND LEVEL,DRY,INJURY AND / OR TOW DUE TO CRASH,BELMONT AVE,41.9396201739,-87.6833996511,POINT (-87.683399651092 41.939620173887)
O1876714,BICYCLE,aafe46ede026ee74bce73903bab515e309b8098a9eadf4b5a165bdbb464e44c5256f111d6bbf20990675c327af41fe8a6a4360653c91044bb178d3fd3cef37af,08/03/2024 01:52:00 AM,F,26.0,HELMET NOT USED,STANDING IN ROADWAY,BIKE LANE,TEST NOT OFFERED,,30,CLEAR,"DARKNESS, LIGHTED ROAD",PEDALCYCLIST,NOT DIVIDED,STRAIGHT AND LEVEL,DRY,INJURY AND / OR TOW DUE TO CRASH,LINCOLN AVE,41.9203304152,-87.6418238432,POINT (-87.641823843158 41.920330415181)
O1876687,BICYCLE,4443dffc4d07473d64ec8ddcce78959e1b82cefe91821364145cf4496de731e64c650abbe1fe3bf47e056a888291a8bc5ee59fcdd7358a7a3f3464f941030a47,08/02/2024 11:55:00 PM,F,51.0,BICYCLE HELMET (PEDACYCLIST INVOLVED ONLY),WITH TRAFFIC,IN ROADWAY,TEST NOT OFFERED,,30,CLEAR,"DARKNESS, LIGHTED ROAD",PEDALCYCLIST,NOT DIVIDED,STRAIGHT AND LEVEL,DRY,NO INJURY / DRIVE AWAY,17TH ST,41.8590725882,-87.6295362931,POINT (-87.629536293056 41.859072588188)
O1876622,BICYCLE,5b72c44edc138e15a868411724b1e039ca09525781b6b86fe7715a27950555f33659b7d8880785d5d323a9c064838cb39a152dc99b93e9bba28b9af51ea26742,08/02/2024 10:23:00 PM,M,22.0,HELMET NOT USED,CROSSING - WITH SIGNAL,BIKE LANE,TEST NOT OFFERED,,30,CLEAR,"DARKNESS, LIGHTED ROAD",PEDALCYCLIST,NOT DIVIDED,STRAIGHT AND LEVEL,DRY,INJURY AND / OR TOW DUE TO CRASH,HALSTED ST,41.8933317262,-87.6478209821,POINT (-87.647820982149 41.893331726193)