PERSON_ID,PERSON_TYPE,CRASH_RECORD_ID,CRASH_DATE_x,SEX,AGE,SAFETY_EQUIPMENT,PEDPEDAL_ACTION,PEDPEDAL_LOCATION,BAC_RESULT,CRASH_DATE_EST_I,POSTED_SPEED_LIMIT,WEATHER_CONDITION,LIGHTING_CONDITION,FIRST_CRASH_TYPE,TRAFFICWAY_TYPE,ALIGNMENT,ROADWAY_SURFACE_COND,CRASH_TYPE,STREET_NAME,LATITUDE,LONGITUDE,LOCATION
O1876667,NON-MOTOR VEHICLE,a22823bccf0861a7fb651114ab111a45424c729dadc60fdf5fc7b83cfd8a3e8267bcac19fe402b6e67f770ddc954edf33525ea971ce72b26b196b3b5204bd695,08/02/2024 10:11:00 PM,M,28.0,USAGE UNKNOWN,UNKNOWN/NA,IN ROADWAY,TEST NOT OFFERED,,30,CLEAR,"DARKNESS, LIGHTED ROAD",OTHER OBJECT,NOT DIVIDED,STRAIGHT AND LEVEL,DRY,NO INJURY / DRIVE AWAY,PETERSON AVE,41.9902996887,-87.7051332139,POINT (-87.705133213892 41.990299688692)
O1885332,BICYCLE,3806148046c2f4c87d6b34e34fe95d56513a0f6eac9d91ff1f34da50012e86e795b1847b96406c1edca7312c0aa321a6f01dc3fede61bae6126598337f789dca,08/02/2024 08:30:00 PM,M,,HELMET NOT USED,OTHER ACTION,BIKEWAY,TEST NOT OFFERED,,30,CLEAR,DARKNESS,PEDALCYCLIST,NOT DIVIDED,STRAIGHT AND LEVEL,DRY,INJURY AND / OR TOW DUE TO CRASH,55TH ST,41.7936683244,-87.7011823518,POINT (-87.701182351844 41.793668324372)
O1877724,BICYCLE,325fff14e96492483d44fd1ae7bd45b469510ea1f13407b348fc1a12701ec7d72fe75ba77036d7d9ee84479847b34e4b54e211e815f5e7ae1a76b1ca2e5d828b,08/02/2024 07:59:00 PM,M,27.0,HELMET NOT USED,OTHER ACTION,BIKEWAY,,,35,CLEAR,DAYLIGHT,PEDALCYCLIST,NOT DIVIDED,STRAIGHT AND LEVEL,DRY,INJURY AND / OR TOW DUE TO CRASH,LOOMIS ST,41.8513123034,-87.6609839602,POINT (-87.66098396023 41.851312303449)
O1876432,BICYCLE,1619fa09fddfb87c82e45b72ac835e223a1e8371a92fe03b29d9b66a602c37ecbfcbec2f7439eeca6f8b3066dafad92142ef0581f030d0f89758d63ac64eb423,08/02/2024 06:20:00 PM,M,30.0,HELMET NOT USED,NO ACTION,BIKE LANE,TEST NOT OFFERED,,30,CLEAR,DUSK,PEDALCYCLIST,NOT DIVIDED,STRAIGHT AND LEVEL,DRY,INJURY AND / OR TOW DUE TO CRASH,LUMBER ST,,,
O1876389,NON-MOTOR VEHICLE,1ca004e6fe8bd6bb9ff620fd2c1b3cd4312ebaeb755b5272d7a70241c9a5d001f1a7ed357518878be4ad508ee0e3563fa214759e210ce1b89deffd023b03663e,08/02/2024 05:22:00 PM,F,16.0,NONE PRESENT,TURNING LEFT,IN ROADWAY,TEST NOT OFFERED,,30,CLEAR,DAYLIGHT,OTHER OBJECT,T-INTERSECTION,STRAIGHT AND LEVEL,DRY,INJURY AND / OR TOW DUE TO CRASH,HOYNE AVE,41.807782574,-87.6769508746,POINT (-87.676950874649 41.807782574035)
O1878757,BICYCLE,1ba7699b84e56835827ea2e50e6b9b9f90b19a0bd7579d92304cd6fb0ec4d9da7b12ea8019bdc66c6e1b3304070b662468df66b2226f38b04e03fa5ed18797bf,08/02/2024 05:10:00 PM,F,34.0,HELMET NOT USED,WITH TRAFFIC,UNKNOWN/NA,TEST NOT OFFERED,,25,CLEAR,DAYLIGHT,PEDALCYCLIST,NOT DIVIDED,STRAIGHT AND LEVEL,DRY,INJURY AND / OR TOW DUE TO CRASH,BYRON ST,41.9520173482,-87.7222047045,POINT (-87.722204704512 41.952017348209)
O1876237,BICYCLE,b045c54cb4c2a21013b9e75bdae19108bead74b488c0c4b02c8c34a17bfdbd0f8fb5f9d0586b7efdf95200d01c9c1663d87f83528eb84f5a0587543c713543de,08/02/2024 02:38:00 PM,M,20.0,HELMET NOT USED,TURNING LEFT,IN ROADWAY,TEST NOT OFFERED,,30,CLEAR,DAYLIGHT,PEDALCYCLIST,NOT DIVIDED,STRAIGHT AND LEVEL,DRY,INJURY AND / OR TOW DUE TO CRASH,PULASKI RD,41.8597556787,-87.7248338998,POINT (-87.724833899814 41.859755678663)
O1876211,BICYCLE,c8c8bf295dae45f939c626dc9c50100d22ce42b192be0f4095204849700ce4e4c964104262b8bf6454fbc33dddafae50ebaf0da0f05904726994d665d9b4eeb2,08/02/2024 02:30:00 PM,M,,HELMET NOT USED,WITH TRAFFIC,IN ROADWAY,TEST NOT OFFERED,,35,CLEAR,DAYLIGHT,PEDALCYCLIST,DIVIDED - W/MEDIAN BARRIER,STRAIGHT AND LEVEL,DRY,NO INJURY / DRIVE AWAY,MICHIGAN AVE,41.88225264,-87.6242228302,POINT (-87.624222830173 41.882252639971)
O1876178,BICYCLE,03561a5bcb3a877dc98af26a4b16191f6021f4201281f06c4d1caf2a205dd0b9b817c678c89759123a8626e3b3a3823b068951aee7038c25e55529c83f21b800,08/02/2024 12:25:00 PM,M,28.0,BICYCLE HELMET (PEDACYCLIST INVOLVED ONLY),UNKNOWN/NA,IN ROADWAY,TEST NOT OFFERED,,30,CLEAR,DAYLIGHT,PEDALCYCLIST,FOUR WAY,STRAIGHT AND LEVEL,DRY,NO INJURY / DRIVE AWAY,WINCHESTER AVE,41.8739212436,-87.6749484645,POINT (-87.674948464472 41.873921243568)
O1876107,BICYCLE,43b71bfc1fca1f4e0acbedc0e883629c317cc15e1a1c3136c6be9a116beee7a9cb70531e02d6f70743b78b02d52e8570c6df73bd65996e98323b18deb6f07402,08/02/2024 11:35:00 AM,M,35.0,HELMET NOT USED,OTHER ACTION,UNKNOWN/NA,TEST NOT OFFERED,,10,CLOUDY/OVERCAST,DAYLIGHT,PEDALCYCLIST,PARKING LOT,STRAIGHT AND LEVEL,DRY,INJURY AND / OR TOW DUE TO CRASH,NORTH AVE,41.910937099,-87.6538588874,POINT (-87.653858887421 41.910937098978)
O1876051,BICYCLE,a68a1ccc1843b8fd8055883fef0039c62dadf3cf383f46d28bc99dad5ca6fb793513d7fcf59205b14517c3c82e025c2fc9b0fa34eb9c72ccc2bb203d46815174,08/02/2024 09:00:00 AM,M,,BICYCLE HELMET (PEDACYCLIST INVOLVED ONLY),UNKNOWN/NA,UNKNOWN/NA,TEST NOT OFFERED,,20,CLEAR,DAYLIGHT,PEDALCYCLIST,NOT DIVIDED,STRAIGHT AND LEVEL,DRY,NO INJURY / DRIVE AWAY,NEW ENGLAND AVE,41.9453448721,-87.7982592692,POINT (-87.798259269216 41.945344872085)
O1875849,BICYCLE,61e9f1076e2c40e672cf55e79aeea05d6c5ebc536bddc66ca5347bea669bbb525f25f734bae6cef827ca6f028e350780fff2bf4d11614f1fe84b0fe58479e4c2,08/01/2024 09:14:00 PM,M,,HELMET NOT USED,NO ACTION,IN ROADWAY,TEST NOT OFFERED,,30,RAIN,"DARKNESS, LIGHTED ROAD",PEDALCYCLIST,NOT DIVIDED,STRAIGHT AND LEVEL,WET,INJURY AND / OR TOW DUE TO CRASH,CENTRAL PARK AVE,41.9113865065,-87.7164434448,POINT (-87.716443444806 41.911386506465)
O1878546,NON-MOTOR VEHICLE,f2fa2583366b88257515bbe9a9478ca67cbf4d363adf8b2515e1742cc441a91fe28f85ce78b0f67663721b27c53f5f01fab2f23f17004df7d806396f8ef74f51,08/01/2024 07:45:00 PM,M,,BICYCLE HELMET (PEDACYCLIST INVOLVED ONLY),UNKNOWN/NA,IN ROADWAY,TEST NOT OFFERED,,30,CLEAR,"DARKNESS, LIGHTED ROAD",OTHER OBJECT,FOUR WAY,STRAIGHT AND LEVEL,UNKNOWN,NO INJURY / DRIVE AWAY,EMERALD AVE,41.7213837715,-87.6421436992,POINT (-87.642143699209 41.72138377153)
O1875773,BICYCLE,fc5f82dc86e9e5bd4f2e32a78acb2dddca142c88b4323a7e447aa32b939c0bf9fd32d460e5b51063251e66279e258987c51ab8a45f545c3d460c5c960e4820a2,08/01/2024 07:40:00 PM,M,31.0,BICYCLE HELMET (PEDACYCLIST INVOLVED ONLY),UNKNOWN/NA,IN ROADWAY,TEST NOT OFFERED,,30,UNKNOWN,UNKNOWN,PEDALCYCLIST,NOT REPORTED,STRAIGHT AND LEVEL,UNKNOWN,INJURY AND / OR TOW DUE TO CRASH,ORCHARD ST,41.9327116021,-87.6464324195,POINT (-87.646432419521 41.932711602066)
O1875769,BICYCLE,cff2bc2f036d76903762045a2af855c7e945677e611566e9ac4a37034bf06ada89e87efd749738ad3c1dcdcbc7ccc3b3cd51a756d043f015931f68c044c4d86a,08/01/2024 07:02:00 PM,M,57.0,HELMET NOT USED,WITH TRAFFIC,IN ROADWAY,TEST NOT OFFERED,,30,CLEAR,DAYLIGHT,PEDALCYCLIST,NOT DIVIDED,STRAIGHT AND LEVEL,DRY,INJURY AND / OR TOW DUE TO CRASH,CALIFORNIA AVE,41.926733649,-87.6976138417,POINT (-87.697613841711 41.926733648993)
O1875782,NON-MOTOR VEHICLE,07ada22b9444bffb00ad18b2c894f86df0de8ea6f45a2bb2ad8819f1899a2c278681b2dc561554e48375e91b0df96da7169a7f47e35c265238926c2507138464,08/01/2024 07:01:00 PM,F,19.0,NONE PRESENT,TURNING LEFT,IN ROADWAY,TEST NOT OFFERED,,30,CLEAR,DAYLIGHT,OTHER OBJECT,FOUR WAY,STRAIGHT AND LEVEL,DRY,INJURY AND / OR TOW DUE TO CRASH,CENTRAL PARK AVE,41.8708823204,-87.7157072251,POINT (-87.715707225052 41.870882320445)
O1875717,BICYCLE,f59dcab21b359befe529abfb44324b1d353582555aa9bf2c7c3694e1d203643f27598bcf012a28169732d385750ed206571640deae83f015200600c9cd93391e,08/01/2024 06:38:00 PM,F,55.0,HELMET NOT USED,CROSSING - NO CONTROLS (NOT AT INTERSECTION),IN ROADWAY,TEST NOT OFFERED,,30,CLEAR,DAYLIGHT,PEDALCYCLIST,DIVIDED - W/MEDIAN (NOT RAISED),STRAIGHT AND LEVEL,DRY,INJURY AND / OR TOW DUE TO CRASH,FULLERTON AVE,41.9247324468,-87.7154043723,POINT (-87.715404372342 41.924732446752)
O1875675,BICYCLE,158267390e5e29b7b994112b935f13965530c3638477d5a934b519cf57ba12c2210d7d91dfd560a392df08b060ddc32eed325d5cf221e656921d8bb23320b95e,08/01/2024 05:34:00 PM,F,29.0,HELMET NOT USED,WITH TRAFFIC,BIKEWAY,TEST NOT OFFERED,,20,CLEAR,DAYLIGHT,PEDALCYCLIST,NOT DIVIDED,STRAIGHT AND LEVEL,DRY,INJURY AND / OR TOW DUE TO CRASH,PLYMOUTH CT,41.8744308354,-87.6288422453,POINT (-87.628842245278 41.87443083543)
O1875795,BICYCLE,f27bbb8e2eed306a34dee275c916d49a8d5b4a0de005b91f3beb53b1c0d5d06ee041107be282d7b5cca280bb90a79efb48d3298136508a0968bd3ac31a746740,08/01/2024 05:30:00 PM,M,55.0,HELMET NOT USED,WITH TRAFFIC,BIKEWAY,TEST NOT OFFERED,,30,CLEAR,DAYLIGHT,PEDALCYCLIST,NOT DIVIDED,STRAIGHT AND LEVEL,DRY,INJURY AND / OR TOW DUE TO CRASH,NORTH AVE,41.9105827644,-87.6777016771,POINT (-87.677701677062 41.910582764445)
O1875702,BICYCLE,baa5d1c5b0bbb8500c7af2dd554e921879605853efc0d7aaf77245bb166e9d3becd22c1a1d043644983d84cea4ec5f0e7969cf9f0e86663ade2c598aaf7ea918,08/01/2024 05:22:00 PM,F,30.0,BICYCLE HELMET (PEDACYCLIST INVOLVED ONLY),CROSSING - WITH SIGNAL,BIKEWAY,TEST NOT OFFERED,,30,CLEAR,DAYLIGHT,PEDALCYCLIST,NOT DIVIDED,STRAIGHT AND LEVEL,DRY,INJURY AND / OR TOW DUE TO CRASH,MILWAUKEE AVE,41.9168319006,-87.6876578471,POINT (-87.687657847137 41.916831900609)
O1875602,BICYCLE,15c0efd8143ceab42b044c7d14274b615c8b23fac1283f220a6b9eb70ca04ee34d73441a2ccca4552ea2df382c5cc8702ad90e75f3a27368f00be39c568b9744,08/01/2024 04:24:00 PM,F,21.0,BICYCLE HELMET (PEDACYCLIST INVOLVED ONLY),UNKNOWN/NA,UNKNOWN/NA,TEST NOT OFFERED,,30,CLEAR,DAYLIGHT,PEDALCYCLIST,PARKING LOT,STRAIGHT AND LEVEL,DRY,INJURY AND / OR TOW DUE TO CRASH,WESTERN AVE,41.7509358958,-87.6827244173,POINT (-87.68272441731 41.750935895818)
O1875866,BICYCLE,48624510deafffe7c6aba6edae03db7d870e9bda96e16261769227e746ca24e97144c8c3f746df8ddee2be70eb32e5f40e6834fff9d6eca2e1bb1a56a5757668,08/01/2024 02:00:00 PM,M,,BICYCLE HELMET (PEDACYCLIST INVOLVED ONLY),WITH TRAFFIC,IN ROADWAY,TEST NOT OFFERED,,30,CLEAR,DAYLIGHT,PEDALCYCLIST,DIVIDED - W/MEDIAN (NOT RAISED),STRAIGHT AND LEVEL,DRY,NO INJURY / DRIVE AWAY,DAMEN AVE,41.9089214003,-87.6775677955,POINT (-87.677567795523 41.908921400283)
O1875541,BICYCLE,201775ff3d664a0b6421a90983aa9adcf741011a8fccd15987991643d1118eab09a328ef84b592bb306c5c8af9e6a608301b29db769515a79332e855fb9b8f36,08/01/2024 01:00:00 PM,M,24.0,BICYCLE HELMET (PEDACYCLIST INVOLVED ONLY),OTHER ACTION,IN CROSSWALK,TEST NOT OFFERED,,30,CLEAR,DAYLIGHT,PEDALCYCLIST,FOUR WAY,STRAIGHT AND LEVEL,DRY,NO INJURY / DRIVE AWAY,WOLCOTT AVE,41.9035196521,-87.6746886265,POINT (-87.674688626491 41.903519652065)
O1875291,BICYCLE,8e215d990fe1426f28e5277c8cc3385bfbed6b7d2591790c700acd2d92ce397c5c00379efe50618b2abe3a948348d6d521d490bd1eb4deb7b730b2143c7322a2,08/01/2024 10:30:00 AM,F,26.0,HELMET NOT USED,CROSSING - WITH SIGNAL,IN ROADWAY,TEST NOT OFFERED,,30,CLOUDY/OVERCAST,DAYLIGHT,PEDALCYCLIST,FOUR WAY,STRAIGHT AND LEVEL,DRY,NO INJURY / DRIVE AWAY,47TH ST,41.8095673513,-87.6305227363,POINT (-87.630522736288 41.809567351272)
O1875564,BICYCLE,0aa09b18e7d27663326c38cb0ef3e276b6e1a70c2c18887597166eb0536ebac9c64b628622d64e56e53d84a59c6b05175839d575954f34f6087ce75bbf849487,07/31/2024 09:50:00 PM,M,16.0,HELMET NOT USED,WITH TRAFFIC,BIKE LANE,TEST NOT OFFERED,,25,CLEAR,"DARKNESS, LIGHTED ROAD",PEDALCYCLIST,DIVIDED - W/MEDIAN (NOT RAISED),STRAIGHT AND LEVEL,DRY,INJURY AND / OR TOW DUE TO CRASH,LAWRENCE AVE,41.9678750683,-87.7511437631,POINT (-87.751143763136 41.967875068283)
O1875079,BICYCLE,2f9b53134f2fc3320865c85c4b629f4df12be8198ed69b830bfcc6faddb4ef31c8fc77cc50dc65801020a77ca8bc6e3b3231c473069cb67c613ee21e6bf871ed,07/31/2024 09:30:00 PM,M,17.0,HELMET NOT USED,CROSSING - WITH SIGNAL,IN CROSSWALK,TEST NOT OFFERED,,30,CLEAR,"DARKNESS, LIGHTED ROAD",PEDALCYCLIST,T-INTERSECTION,STRAIGHT AND LEVEL,DRY,NO INJURY / DRIVE AWAY,CLARK ST,41.9144378057,-87.633794521,POINT (-87.633794521046 41.914437805709)
O1875514,BICYCLE,ca789361b56cb60fd11fbd5c8bb8e37928a0ae635beb3c04106acb7b7018664848b5e77f0c61403ed15088b4a625057cb20d0a75fd1c389169886f4991380ec5,07/31/2024 08:45:00 PM,M,41.0,HELMET NOT USED,WITH TRAFFIC,UNKNOWN/NA,TEST NOT OFFERED,,30,CLEAR,"DARKNESS, LIGHTED ROAD",PEDALCYCLIST,NOT DIVIDED,STRAIGHT AND LEVEL,DRY,INJURY AND / OR TOW DUE TO CRASH,BROADWAY,41.9592124979,-87.6533564271,POINT (-87.653356427126 41.959212497871)
O1874931,BICYCLE,3bda0d86b800bdaae528d0600ce0f473b11c6b5aa7c59cdbda736411e1b226b6a88d68d67151e5e53ea072718316cd9fb29a5ad63ddfc80da89eebe71cc6a5e6,07/31/2024 06:20:00 PM,M,42.0,HELMET NOT USED,CROSSING - NO CONTROLS (NOT AT INTERSECTION),IN CROSSWALK,TEST NOT OFFERED,,30,CLEAR,DAYLIGHT,PEDALCYCLIST,FOUR WAY,STRAIGHT AND LEVEL,DRY,NO INJURY / DRIVE AWAY,47TH ST,41.8079986318,-87.7224215703,POINT (-87.722421570309 41.807998631814)
O1874976,BICYCLE,6069698b75b3032937a532f8c00f6493ae898248b24de7437fc269059e5ec6b0c79eb80180164fd72e37450b95e1fdec5dc3704dda47b5eb5ed61f20815ba5f3,07/31/2024 06:05:00 PM,M,34.0,BICYCLE HELMET (PEDACYCLIST INVOLVED ONLY),OTHER ACTION,IN ROADWAY,TEST NOT OFFERED,,30,CLEAR,DAYLIGHT,PEDALCYCLIST,OTHER,STRAIGHT AND LEVEL,DRY,NO INJURY / DRIVE AWAY,LAWRENCE AVE,41.9686506799,-87.6788572746,POINT (-87.678857274624 41.968650679929)
O1874806,BICYCLE,500caae16df198e4fc97d439785169915fce0649cd76bbcee7d9c35a59cb00bb7981de5ca2219ae821c0ae1a57411d0c0efca94ddef04949d850a8b41a8060d9,07/31/2024 04:46:00 PM,M,17.0,HELMET NOT USED,CROSSING - WITH SIGNAL,IN CROSSWALK,TEST NOT OFFERED,,35,CLEAR,DAYLIGHT,PEDALCYCLIST,FOUR WAY,STRAIGHT AND LEVEL,DRY,INJURY AND / OR TOW DUE TO CRASH,CICERO AVE,41.7712226966,-87.7419103875,POINT (-87.741910387507 41.771222696555)
O1874812,BICYCLE,a8862b884b4795fa392afe40db6bb1a26fe3bbe745db89907fdfbd4d2cdcd0ab9ac18589753981db172549c902e49086ee2f6630b34463f26cff1b54e121b784,07/31/2024 04:05:00 PM,M,35.0,BICYCLE HELMET (PEDACYCLIST INVOLVED ONLY),WITH TRAFFIC,BIKE LANE,TEST NOT OFFERED,,30,CLEAR,DAYLIGHT,PEDALCYCLIST,DIVIDED - W/MEDIAN (NOT RAISED),STRAIGHT AND LEVEL,DRY,INJURY AND / OR TOW DUE TO CRASH,INDIANA AVE,41.8629791047,-87.6225950315,POINT (-87.622595031474 41.862979104724)
O1874737,BICYCLE,0e9392355e3344943479b5cb58bd837fb08b988de4290eb7103fe4067521356efebd71a5d7818104b96e01669d872cfbcabcfcc1c464ea299ecce561ebd1a600,07/31/2024 11:00:00 AM,M,,HELMET NOT USED,CROSSING - NO CONTROLS (NOT AT INTERSECTION),IN ROADWAY,TEST NOT OFFERED,,20,CLEAR,DAYLIGHT,PEDALCYCLIST,NOT DIVIDED,STRAIGHT AND LEVEL,DRY,NO INJURY / DRIVE AWAY,NORTH AVE,41.909404663,-87.7547638736,POINT (-87.754763873627 41.909404662966)
O1883828,BICYCLE,1629533a84775bfc32fa90027ddfc27a8656b8296217a52f43c4e7c613bb0ddf50d80fb84b4b89641ea536cf70af80d8a75348921bcc6f4eb7d0e879b93a2950,07/31/2024 08:53:00 AM,M,43.0,HELMET NOT USED,WITH TRAFFIC,IN ROADWAY,TEST NOT OFFERED,,30,CLEAR,DAYLIGHT,PEDALCYCLIST,ONE-WAY,STRAIGHT AND LEVEL,DRY,INJURY AND / OR TOW DUE TO CRASH,WABASH AVE,41.8853144913,-87.626413395,POINT (-87.626413394966 41.885314491307)
O1874313,BICYCLE,d7fcbb2df8725c8edad2419f69ec90fc0fc2e82cb0a8b62a7eadbf26d22565ea92b1bbe33aeeecbcd9d5e3573d53a5418e1a35601858c47fa8dead9204b41cf9,07/30/2024 09:00:00 PM,M,29.0,HELMET NOT USED,OTHER ACTION,IN ROADWAY,TEST NOT OFFERED,,30,CLEAR,"DARKNESS, LIGHTED ROAD",PEDALCYCLIST,NOT DIVIDED,STRAIGHT AND LEVEL,DRY,INJURY AND / OR TOW DUE TO CRASH,ROOSEVELT RD,41.8673626926,-87.6392931946,POINT (-87.639293194642 41.867362692617)
O1874304,BICYCLE,52c741ec0b3be9f380abf1148ad3490a238d302851896a58285c1f3504aa3c74c36f944effa7f66e7a8c729072fc1b5468c06dff726daac604ede76a6a5eebb3,07/30/2024 07:34:00 PM,M,23.0,BICYCLE HELMET (PEDACYCLIST INVOLVED ONLY),UNKNOWN/NA,IN ROADWAY,TEST NOT OFFERED,,30,CLEAR,DAWN,PEDALCYCLIST,DIVIDED - W/MEDIAN (NOT RAISED),STRAIGHT AND LEVEL,DRY,NO INJURY / DRIVE AWAY,DAMEN AVE,41.9238407697,-87.6779902909,POINT (-87.677990290852 41.923840769672)
O1874169,BICYCLE,1145ef7ab5d912ed8c37fb17fc115a01f8fc1cc35e1bce71bf218a8a58aa666af27824b00c2abfb5b9d99b911430d71d433fbd33e871530a90bf0f06b58d662e,07/30/2024 05:26:00 PM,M,15.0,HELMET NOT USED,OTHER ACTION,IN ROADWAY,TEST NOT OFFERED,,20,CLEAR,DAYLIGHT,PEDALCYCLIST,FOUR WAY,STRAIGHT AND LEVEL,DRY,INJURY AND / OR TOW DUE TO CRASH,BERWYN AVE,41.9780038866,-87.6765359977,POINT (-87.676535997738 41.978003886566)
O1874139,BICYCLE,310d20862b0556a0edb65e57db96fb8849467a5103a921367e9a782dbb6c749f6d0e8b888d6fdf97720a339a185293bedbda88bd9e64a90f724aa093138f3f6c,07/30/2024 05:25:00 PM,M,16.0,HELMET NOT USED,CROSSING - AGAINST SIGNAL,BIKEWAY,TEST NOT OFFERED,,30,CLEAR,DAYLIGHT,PEDALCYCLIST,ONE-WAY,STRAIGHT AND LEVEL,DRY,NO INJURY / DRIVE AWAY,UNION AVE,41.8379801313,-87.6439893838,POINT (-87.643989383831 41.837980131318)
O1874231,BICYCLE,add30aa63f02f1f3f0cdc6b810c8afe944abf33bc640bfdc92f74b4c112d0a489c2b7a857d83245d6734ac5b25cf0ee8e84b26618c5bb1f64b4eaf48fe05f506,07/30/2024 04:30:00 PM,M,,HELMET NOT USED,NO ACTION,NOT IN ROADWAY,,,10,CLEAR,DAYLIGHT,PEDALCYCLIST,ALLEY,STRAIGHT AND LEVEL,DRY,NO INJURY / DRIVE AWAY,KILPATRICK AVE,41.7712594553,-87.7394920463,POINT (-87.73949204627 41.771259455251)
O1874173,BICYCLE,3511f862143c15f5d8a6b3699b029e1e6fb9e00e337db17f09bd347b7cb935ee65894e9b6037ccd4acca9144f240a3987d621da8cfb654dab696ec9d7cdea77e,07/30/2024 04:20:00 PM,M,15.0,BICYCLE HELMET (PEDACYCLIST INVOLVED ONLY),OTHER ACTION,IN ROADWAY,TEST NOT OFFERED,,30,CLEAR,DAYLIGHT,PEDALCYCLIST,DIVIDED - W/MEDIAN BARRIER,STRAIGHT AND LEVEL,DRY,INJURY AND / OR TOW DUE TO CRASH,NORTH AVE,41.9098191407,-87.7225353236,POINT (-87.722535323603 41.909819140682)
O1874435,BICYCLE,ceb2f121bd2eabce4424b8404f166870b6bdd1c0d79d9433cff09b54ef8f7fd7feff415f5e30fd6e9c6289d2f49a012b77967971d0bf6f05375f44ba4296a03b,07/30/2024 01:45:00 PM,M,38.0,HELMET NOT USED,CROSSING - NO CONTROLS (AT INTERSECTION),IN CROSSWALK,TEST NOT OFFERED,,30,CLEAR,DAYLIGHT,PEDALCYCLIST,DIVIDED - W/MEDIAN (NOT RAISED),STRAIGHT AND LEVEL,DRY,INJURY AND / OR TOW DUE TO CRASH,HARRISON ST,41.8743886435,-87.6569588888,POINT (-87.656958888781 41.8743886435)
O1874010,BICYCLE,2a232769bf01b6df48e4c1012d08d153c85dc724209f9713fac39b6f71f7477a869933c31389b1406bb743bb83dc37f7bea1f79cc7fddaeffca79e8f7f36eb68,07/30/2024 01:30:00 PM,M,71.0,HELMET NOT USED,CROSSING - NO CONTROLS (AT INTERSECTION),IN CROSSWALK,TEST NOT OFFERED,,30,CLEAR,DAYLIGHT,PEDALCYCLIST,FOUR WAY,STRAIGHT AND LEVEL,DRY,INJURY AND / OR TOW DUE TO CRASH,CENTRAL PARK AVE,41.6986264401,-87.7109942844,POINT (-87.710994284377 41.698626440088)
O1873988,BICYCLE,fefe0ce995f42e3ff359bd6983fe3e891cad50762b7f4c8f8d60a4feaafb494bcfb63bf9a5eae55e0206109bae92567e4579547e74c1a1b76ee9330c7393ecd8,07/30/2024 01:00:00 PM,M,62.0,BICYCLE HELMET (PEDACYCLIST INVOLVED ONLY),UNKNOWN/NA,UNKNOWN/NA,TEST NOT OFFERED,,30,UNKNOWN,UNKNOWN,PEDALCYCLIST,ONE-WAY,STRAIGHT AND LEVEL,UNKNOWN,NO INJURY / DRIVE AWAY,ALBION AVE,42.0016165704,-87.6705548099,POINT (-87.670554809892 42.001616570426)
O1894820,BICYCLE,6a599859abbd334b4709098f7ce7fd7c7529a9e74931655c4ef0cef5247bc6a03f87d807a500839f434c7d96a483d589e961fe6550871e80c84305ac3a02c39b,07/30/2024 12:50:00 PM,M,39.0,BICYCLE HELMET (PEDACYCLIST INVOLVED ONLY),UNKNOWN/NA,BIKE LANE,TEST NOT OFFERED,Y,30,UNKNOWN,DAYLIGHT,PEDALCYCLIST,DIVIDED - W/MEDIAN (NOT RAISED),STRAIGHT AND LEVEL,UNKNOWN,INJURY AND / OR TOW DUE TO CRASH,CLARK ST,41.9782052631,-87.6684906902,POINT (-87.668490690153 41.978205263102)
O1874089,BICYCLE,257b1d276da6df75be458740464d4054c30463f2b7090c7c367b7896552624fe3bdbd2bc95b84358fd9ac2b20cff02d5929afbdb8825d8b453357ac75916116c,07/30/2024 12:38:00 PM,X,,HELMET NOT USED,WITH TRAFFIC,IN ROADWAY,,,30,CLEAR,DAYLIGHT,PEDALCYCLIST,NOT DIVIDED,STRAIGHT AND LEVEL,DRY,INJURY AND / OR TOW DUE TO CRASH,CICERO AVE,41.8695782965,-87.7447194955,POINT (-87.744719495465 41.869578296547)
O1873910,NON-MOTOR VEHICLE,e9962bad17c14fd3cb89be6cbcca8366adf1be51446d8b620fd68d6661055739c61e4c962e662c2cead7f456f953b73717bd533e9f78e0e4bbb2ba5b83b4cae7,07/30/2024 11:52:00 AM,M,18.0,NONE PRESENT,UNKNOWN/NA,DRIVEWAY ACCESS,TEST NOT OFFERED,,30,CLEAR,DAYLIGHT,OTHER OBJECT,DRIVEWAY,STRAIGHT AND LEVEL,DRY,INJURY AND / OR TOW DUE TO CRASH,PULASKI RD,41.843133975,-87.7243721609,POINT (-87.724372160876 41.843133975006)
O1873921,BICYCLE,db944afed7c962d51851a20bb5646e2d8d69b0098205f8b669e02bc7114e433683f7da43f22358ea53e5f0d487a09d951e2726a108cef37adb1f9235817e69a1,07/30/2024 11:50:00 AM,M,67.0,HELMET NOT USED,NO ACTION,BIKEWAY,TEST NOT OFFERED,,30,CLEAR,DAYLIGHT,PEDALCYCLIST,FOUR WAY,STRAIGHT AND LEVEL,DRY,INJURY AND / OR TOW DUE TO CRASH,DIVERSEY AVE,41.9311994102,-87.7638480625,POINT (-87.763848062489 41.931199410218)
O1873943,BICYCLE,544e2422cc3a5f1d6c519fb0e25cd93420c20c2f84f0db6b3882778e104ffde3c837b6b87febab7a1669fefe292a49e1258de73fcf30c82201eb82b0baab723a,07/30/2024 11:47:00 AM,M,68.0,HELMET NOT USED,CROSSING - WITH SIGNAL,IN ROADWAY,TEST NOT OFFERED,,30,CLEAR,DAYLIGHT,PEDALCYCLIST,NOT DIVIDED,STRAIGHT AND LEVEL,DRY,INJURY AND / OR TOW DUE TO CRASH,38TH ST,41.8257592912,-87.616960136,POINT (-87.616960135956 41.825759291191)