PERSON_ID,PERSON_TYPE,CRASH_RECORD_ID,CRASH_DATE_x,SEX,AGE,SAFETY_EQUIPMENT,PEDPEDAL_ACTION,PEDPEDAL_LOCATION,BAC_RESULT,CRASH_DATE_EST_I,POSTED_SPEED_LIMIT,WEATHER_CONDITION,LIGHTING_CONDITION,FIRST_CRASH_TYPE,TRAFFICWAY_TYPE,ALIGNMENT,ROADWAY_SURFACE_COND,CRASH_TYPE,STREET_NAME,LATITUDE,LONGITUDE,LOCATION
O1873945,BICYCLE,a31e96f6f548fbb05ca415e03457caeca2386b005addc654d7a55e7d9e342339a66323110031bece932484332ad4f6d4b38e159f264f7f0b1cfb17a36931335b,07/30/2024 11:19:00 AM,M,27.0,BICYCLE HELMET (PEDACYCLIST INVOLVED ONLY),WITH TRAFFIC,BIKEWAY,TEST NOT OFFERED,,30,CLEAR,DAYLIGHT,PEDALCYCLIST,DIVIDED - W/MEDIAN BARRIER,STRAIGHT AND LEVEL,DRY,INJURY AND / OR TOW DUE TO CRASH,LAWRENCE AVE,41.9684039646,-87.7011642574,POINT (-87.701164257423 41.968403964601)
O1873891,BICYCLE,2886b75711968f80a716bdff3138a2e4932fb313a8142a32844f8e3bccba0ad6674d743e376760722013578b3cd4d8b4ba4da4a59923b7888b7618610d682911,07/30/2024 11:18:00 AM,F,22.0,HELMET NOT USED,TURNING LEFT,IN ROADWAY,TEST NOT OFFERED,,30,CLEAR,DAYLIGHT,PEDALCYCLIST,DIVIDED - W/MEDIAN BARRIER,STRAIGHT AND LEVEL,DRY,INJURY AND / OR TOW DUE TO CRASH,STATE ST,41.8382102849,-87.6269217357,POINT (-87.626921735742 41.838210284902)
O1876624,BICYCLE,ee2ab235515bc1111388391c28a6c8d2d1e082ef566b0ece2b7a9af4ef23bad505681073722cf4737d2b2c47290d4470276298c26c2318b893267a2c8bb0f7de,07/30/2024 10:30:00 AM,M,,HELMET NOT USED,WITH TRAFFIC,IN ROADWAY,TEST NOT OFFERED,,30,CLEAR,DAYLIGHT,PEDALCYCLIST,NOT DIVIDED,STRAIGHT AND LEVEL,DRY,NO INJURY / DRIVE AWAY,MC CLURG CT,41.8938503231,-87.6176010491,POINT (-87.617601049055 41.893850323068)
O1873865,BICYCLE,ec74a523ab5fb9136e58be5dbfeb4b51e9b78a05796971d1d737b2dcc8f86b159195cf68a032742a566301e41568c94306fd3d9591da6e80cd944981e88b28d3,07/30/2024 10:18:00 AM,M,,BICYCLE HELMET (PEDACYCLIST INVOLVED ONLY),UNKNOWN/NA,IN ROADWAY,TEST NOT OFFERED,,35,CLEAR,DAYLIGHT,PEDALCYCLIST,NOT DIVIDED,STRAIGHT AND LEVEL,DRY,NO INJURY / DRIVE AWAY,59TH ST,41.7866331584,-87.6646084749,POINT (-87.664608474898 41.786633158407)
O1873826,BICYCLE,14764bfe151e3cd8f167cafbeeb255113810ef8d52c1cf32d96a5f9b3b9e55eb0e3c89feb093d86e6b21f80a9901d8bc51a89766e04db43b90db12217472637a,07/30/2024 08:30:00 AM,M,43.0,HELMET NOT USED,UNKNOWN/NA,IN ROADWAY,TEST NOT OFFERED,,30,CLEAR,DAYLIGHT,PEDALCYCLIST,ONE-WAY,STRAIGHT AND LEVEL,DRY,INJURY AND / OR TOW DUE TO CRASH,CARPENTER ST,41.736414361,-87.6498545998,POINT (-87.649854599842 41.736414360961)
O1874035,BICYCLE,23495c228db84e4847c9a576c56841fa90060e40eaef870f4d731de74e253d120a5321ece238fae8980ba0a1577925a0da414c76e91ce8bb4675852c420d1ff6,07/30/2024 06:40:00 AM,M,55.0,HELMET NOT USED,UNKNOWN/NA,UNKNOWN/NA,TEST NOT OFFERED,,30,CLEAR,DAWN,PEDALCYCLIST,FOUR WAY,STRAIGHT AND LEVEL,UNKNOWN,INJURY AND / OR TOW DUE TO CRASH,CLARK ST,41.8936281113,-87.6313237741,POINT (-87.631323774133 41.893628111278)
O1873443,BICYCLE,62ac2f5becd365ebfcc611a01fe297950a1350ad8beed7cbeef20e03ff5c75dd1140600878cba76a8c3f2ed7d7b53640ac1ac770abd26e551c3eed46b158c347,07/29/2024 04:10:00 PM,M,,HELMET NOT USED,CROSSING - AGAINST SIGNAL,IN ROADWAY,TEST NOT OFFERED,,20,CLEAR,DAYLIGHT,PEDALCYCLIST,FOUR WAY,STRAIGHT AND LEVEL,DRY,NO INJURY / DRIVE AWAY,CANAL ST,41.8671751247,-87.6393758126,POINT (-87.639375812581 41.86717512472)
O1873412,BICYCLE,93044a390fb37de51af23afe77eee6647d5cb84aacfe935464aeb36595e7e97841c122a2119c326f9de4263e9c74f08e8787beccf963713e36a2d9f6c57dbe8c,07/29/2024 02:57:00 PM,M,72.0,HELMET NOT USED,UNKNOWN/NA,IN ROADWAY,TEST NOT OFFERED,,35,CLEAR,DAYLIGHT,PEDALCYCLIST,OTHER,STRAIGHT AND LEVEL,DRY,INJURY AND / OR TOW DUE TO CRASH,77TH ST,41.7553755046,-87.5564380845,POINT (-87.556438084509 41.755375504618)
O1873288,BICYCLE,f0de6c41dc36393562eaac7a221d87f00b319605e15d7f81f0a4e0196fa6d50ee077a90a0c556047de6298ccdac10f48b7b20771f220fd8905befd8476d6426d,07/29/2024 12:02:00 PM,M,34.0,HELMET NOT USED,OTHER ACTION,BIKEWAY,TEST NOT OFFERED,,25,CLOUDY/OVERCAST,DAYLIGHT,PEDALCYCLIST,NOT DIVIDED,STRAIGHT AND LEVEL,WET,INJURY AND / OR TOW DUE TO CRASH,BROADWAY,41.9586665479,-87.6533317798,POINT (-87.653331779783 41.958666547876)
O1873567,BICYCLE,bcc5756c24923ef0eefe5c7ba4c36367cc36ab58c5f10874e911a97cd469f6bc2ca77ae077b76ff2438d611697dca65f73fe94d1e65c53b555d58929a247b6fc,07/29/2024 11:20:00 AM,M,60.0,HELMET NOT USED,UNKNOWN/NA,IN ROADWAY,TEST NOT OFFERED,,30,CLEAR,DAYLIGHT,PEDALCYCLIST,NOT DIVIDED,STRAIGHT AND LEVEL,DRY,INJURY AND / OR TOW DUE TO CRASH,GRANVILLE AVE,41.9943056726,-87.6715459078,POINT (-87.67154590785 41.994305672604)
O1873048,BICYCLE,0286bb7a33540e25d5b9acae6c316fb26a53e6e666de780085501a6f6e8a3e7f08ea8a26349087395b88bcf21caa466ba0c2e16020c74b298d4cbb18409a2980,07/28/2024 07:50:00 PM,F,36.0,HELMET NOT USED,UNKNOWN/NA,IN ROADWAY,TEST NOT OFFERED,,35,CLEAR,DAYLIGHT,PEDALCYCLIST,FOUR WAY,STRAIGHT AND LEVEL,DRY,INJURY AND / OR TOW DUE TO CRASH,ARMITAGE AVE,41.9175988369,-87.6972537453,POINT (-87.69725374533 41.917598836852)
O1873024,BICYCLE,9559ef493525e382ebdbc1984c62e8ce9c07c917998c668a3626051372c533123a7f694881e00c2a70d41ac892211a1d1dac8608477dadc5c3844eedefaa54c8,07/28/2024 06:55:00 PM,M,,HELMET NOT USED,UNKNOWN/NA,IN ROADWAY,TEST NOT OFFERED,,30,CLEAR,DAYLIGHT,OTHER OBJECT,NOT DIVIDED,STRAIGHT AND LEVEL,DRY,NO INJURY / DRIVE AWAY,WALNUT ST,41.8860259723,-87.6682218279,POINT (-87.668221827911 41.886025972267)
O1872910,BICYCLE,0b03f9d2d2babbf754e9df806a9536d2406d65d88e8b19ef8a018c759a53049bc4bb89597a7a39913c3f1ef08b504b273ca910a3f404eb1dd45f101a298ca858,07/28/2024 06:20:00 PM,M,,HELMET NOT USED,OTHER ACTION,NOT IN ROADWAY,TEST NOT OFFERED,,15,CLEAR,DAYLIGHT,PEDALCYCLIST,ALLEY,STRAIGHT AND LEVEL,DRY,INJURY AND / OR TOW DUE TO CRASH,KOSTNER AVE,41.7414613925,-87.7315128695,POINT (-87.731512869504 41.741461392483)
O1874703,BICYCLE,6b9e9366fe5dc8d44a37b13bc734fe28b22c98a48551b9e91ad81cf49d22d855bbcd5471e5888f37d89239fab203fea5b78ef67bd28abb0d480ead654e2d9c84,07/28/2024 05:45:00 PM,F,26.0,BICYCLE HELMET (PEDACYCLIST INVOLVED ONLY),UNKNOWN/NA,UNKNOWN/NA,TEST NOT OFFERED,,30,UNKNOWN,UNKNOWN,PEDALCYCLIST,NOT DIVIDED,STRAIGHT AND LEVEL,UNKNOWN,INJURY AND / OR TOW DUE TO CRASH,ADDISON ST,41.94683078,-87.672417095,POINT (-87.672417094985 41.946830779953)
O1872889,BICYCLE,f42b6b65cfa39316888fcdd9315942abda5efc0abe63c3a8f25d1270e6bde2a40d752ccc99a13acd6be2e3fe7ecbd56376ca2077b9dc1cec07b4d4f3839feff6,07/28/2024 05:19:00 PM,M,58.0,HELMET NOT USED,CROSSING - AGAINST SIGNAL,IN CROSSWALK,TEST NOT OFFERED,,30,CLEAR,DAYLIGHT,PEDALCYCLIST,FOUR WAY,STRAIGHT AND LEVEL,DRY,INJURY AND / OR TOW DUE TO CRASH,SHERIDAN RD,42.0034919514,-87.660961379,POINT (-87.660961378956 42.003491951427)
O1872822,BICYCLE,3fbb27c02fae243cb5b7856ef00d07b86c3e8bcfa2048d54222666bb07e6cdc510b8454bff20ab9492c013c3edc61c1bec9a3a04ec303ddf5677a09aa90d501d,07/28/2024 04:55:00 PM,M,27.0,HELMET NOT USED,OTHER ACTION,IN ROADWAY,,,30,CLEAR,DAYLIGHT,PEDALCYCLIST,NOT DIVIDED,STRAIGHT AND LEVEL,DRY,NO INJURY / DRIVE AWAY,NORTH AVE,41.9110307698,-87.6481735886,POINT (-87.648173588633 41.911030769751)
O1872846,BICYCLE,970c5cb52cd448f0c66ee84e41b3ae507380ef92d42ef08243a3b027bd46bb4fe1ebda0af3d50bba2ea5af0069c52626b5153ef4977242be80a8b4252c074c28,07/28/2024 02:20:00 PM,M,69.0,HELMET NOT USED,OTHER ACTION,IN ROADWAY,,,30,CLEAR,DAYLIGHT,PEDALCYCLIST,ALLEY,STRAIGHT AND LEVEL,UNKNOWN,INJURY AND / OR TOW DUE TO CRASH,DR MARTIN LUTHER KING JR DR,41.8520755745,-87.6188508039,POINT (-87.618850803918 41.852075574499)
O1876182,BICYCLE,b64c8ba10ad4ace071e366e64020f236c84767d8087883fab5fb895fa0daf5569f195df2e8166277ade1610145f2301ee8f34f43d34d0a30d088682cb8b2cad1,07/28/2024 02:00:00 PM,M,,HELMET NOT USED,CROSSING - WITH SIGNAL,IN CROSSWALK,TEST NOT OFFERED,Y,35,CLEAR,DAYLIGHT,PEDALCYCLIST,FOUR WAY,STRAIGHT AND LEVEL,DRY,NO INJURY / DRIVE AWAY,IRVING PARK RD,41.9544650858,-87.6641846644,POINT (-87.664184664413 41.954465085797)
O1872560,BICYCLE,1d0cd6ca096a3a347c4faeac5019dcfef64198a05594f5649111c2d49335c928ce697528328a5244c7078aeb89b7a224da13befb7c88ce80780dbebfc0013320,07/28/2024 07:50:00 AM,M,43.0,HELMET NOT USED,WITH TRAFFIC,IN ROADWAY,TEST NOT OFFERED,,25,RAIN,DAYLIGHT,PEDALCYCLIST,ONE-WAY,STRAIGHT AND LEVEL,WET,INJURY AND / OR TOW DUE TO CRASH,MIES VAN DER ROHE WAY,41.8983781693,-87.6220030971,POINT (-87.622003097084 41.898378169251)
O1872486,BICYCLE,a6895fe915a6c157c14103107248c2333389f2025eda401fd15ce20b4a1665484a6909c06311e3eef32ca03d5228709251c12c3b59991b46bb86f79e8835f3f4,07/28/2024 02:30:00 AM,M,62.0,HELMET NOT USED,CROSSING - WITH SIGNAL,IN ROADWAY,TEST NOT OFFERED,,25,CLEAR,"DARKNESS, LIGHTED ROAD",PEDALCYCLIST,NOT DIVIDED,STRAIGHT AND LEVEL,DRY,INJURY AND / OR TOW DUE TO CRASH,MICHIGAN AVE,41.6908409086,-87.6208818652,POINT (-87.620881865152 41.690840908588)
O1872374,NON-MOTOR VEHICLE,87fa05b2d3a4e80f59d93778cdc3685845e2ab5b8ccac3d49c78a3fb2f59f627c98b0cbe80fd48f5c113de15ca04287afaa27c0f261bfa704b96802430559695,07/27/2024 09:30:00 PM,,,,,UNKNOWN/NA,TEST NOT OFFERED,,45,CLEAR,"DARKNESS, LIGHTED ROAD",FIXED OBJECT,DIVIDED - W/MEDIAN (NOT RAISED),STRAIGHT AND LEVEL,DRY,INJURY AND / OR TOW DUE TO CRASH,MANNHEIM RD,41.9811362015,-87.8786278044,POINT (-87.878627804361 41.981136201451)
O1874494,BICYCLE,54b79d7098c7210a2592b5fb2e11d856923bc9a8b7616e79d48f6f884a32e580bb50463518e02856be695483976c3bfe455339416bfc8109d63f29e7fdf49361,07/27/2024 07:30:00 PM,M,30.0,BICYCLE HELMET (PEDACYCLIST INVOLVED ONLY),CROSSING - WITH SIGNAL,IN CROSSWALK,TEST NOT OFFERED,,30,CLEAR,DAYLIGHT,PEDALCYCLIST,FOUR WAY,STRAIGHT AND LEVEL,DRY,NO INJURY / DRIVE AWAY,LINCOLN PARK WEST,41.9198366945,-87.6362457842,POINT (-87.636245784184 41.919836694499)
O1872274,BICYCLE,b359d953e90d43606507e3c3ff09f485c170b45b0034ea3fb861b63b1dee98d631e667a9ab6e5e9c51685c47e4a22f9b2ba250413e1ab4ce7393dde6508fb0c4,07/27/2024 06:28:00 PM,M,19.0,HELMET NOT USED,CROSSING - WITH SIGNAL,IN CROSSWALK,TEST NOT OFFERED,,30,CLEAR,DAYLIGHT,TURNING,DIVIDED - W/MEDIAN (NOT RAISED),STRAIGHT AND LEVEL,DRY,INJURY AND / OR TOW DUE TO CRASH,DEVON AVE,41.9980700483,-87.6767754344,POINT (-87.676775434372 41.998070048285)
O1872175,BICYCLE,d9fbc90c85b0291e47a31bad34bd8f1217ffa2f5b5a24cff905af46463f34d4d8172b57c90b64fb6a304bd87277a490aef5377af78e54689bdf573626ef9e786,07/27/2024 04:20:00 PM,,,HELMET NOT USED,WITH TRAFFIC,IN ROADWAY,,,30,CLEAR,DAYLIGHT,PEDALCYCLIST,ONE-WAY,STRAIGHT AND LEVEL,DRY,NO INJURY / DRIVE AWAY,MENARD AVE,41.8900169247,-87.7698205133,POINT (-87.769820513348 41.890016924733)
O1872138,BICYCLE,70f5895d10fa25c122c0cee35b716b8cfd8e87e13e0162921fcc38195aba454c5fc6c7b316a083c437a5fd5cb46ecf47fd9cf51918179c9f394d5e41a45375b3,07/27/2024 03:10:00 PM,M,24.0,HELMET NOT USED,WITH TRAFFIC,BIKEWAY,TEST NOT OFFERED,,30,CLEAR,DAYLIGHT,PEDALCYCLIST,NOT DIVIDED,STRAIGHT AND LEVEL,DRY,INJURY AND / OR TOW DUE TO CRASH,LINCOLN AVE,41.9652733694,-87.6861924504,POINT (-87.686192450394 41.965273369427)
O1872096,BICYCLE,2cb71c82c69320a924e5e1ae9c2a8621d320c5116b0575d16c9617b25233e2169e5cf552c14d98e9d4678d98fd8387e80ef1b1908ea6bb9dfe1b2587f38caecc,07/27/2024 02:42:00 PM,M,59.0,HELMET NOT USED,WITH TRAFFIC,IN ROADWAY,TEST NOT OFFERED,,30,CLEAR,DAYLIGHT,PEDALCYCLIST,NOT DIVIDED,STRAIGHT AND LEVEL,DRY,INJURY AND / OR TOW DUE TO CRASH,WILSON AVE,41.9653546414,-87.6525154708,POINT (-87.652515470807 41.965354641377)
O1871980,BICYCLE,91c1cdfdcab31c5d01d833f17a977667cba401469a7cc02a0f147ec2f2228a725fdf5fc6a0fb8e53720b7b2fa091cc8ac201c24d5e7ad46f937ed9faa147cd3a,07/27/2024 11:25:00 AM,F,32.0,BICYCLE HELMET (PEDACYCLIST INVOLVED ONLY),WITH TRAFFIC,IN ROADWAY,TEST NOT OFFERED,,30,CLEAR,DAYLIGHT,PEDALCYCLIST,NOT DIVIDED,STRAIGHT AND LEVEL,DRY,INJURY AND / OR TOW DUE TO CRASH,STOCKTON DR,41.9190508517,-87.6348439539,POINT (-87.634843953872 41.919050851688)
O1871972,BICYCLE,03c54a4e938622f8de442a458975a1f055f402ffa1cfc50909251a844156d0a559a6feb30982fdd67d01739cd13db56fe37ac6b48cae62698d9b0c4015cf74f3,07/27/2024 10:54:00 AM,M,53.0,BICYCLE HELMET (PEDACYCLIST INVOLVED ONLY),NO ACTION,IN CROSSWALK,TEST NOT OFFERED,,30,CLEAR,DAYLIGHT,PEDALCYCLIST,"FIVE POINT, OR MORE",STRAIGHT AND LEVEL,DRY,INJURY AND / OR TOW DUE TO CRASH,EWING AVE,41.7228051559,-87.5366030086,POINT (-87.536603008571 41.722805155882)
O1871915,BICYCLE,bd578644c386506abd963d3c87e14ec822cc96369ba11236aee5fbabcd68cce361010378f3245d1eb52eaa919d3ad8390968fb2023d5682bbfa4e8cd18893637,07/27/2024 10:20:00 AM,M,51.0,HELMET NOT USED,NOT AT INTERSECTION,BIKE LANE,TEST NOT OFFERED,,30,CLEAR,DAYLIGHT,PEDALCYCLIST,DRIVEWAY,STRAIGHT AND LEVEL,DRY,INJURY AND / OR TOW DUE TO CRASH,BLUE ISLAND AVE,41.8640379652,-87.6557148553,POINT (-87.655714855258 41.864037965166)
O1871866,BICYCLE,9b2ced393db1d624b436f492cb243cc35c8c2ebdd29a91d620f8d7b00ab5196639b392ba6d94fbc6178ebccf2f74b67a497cba509e7b647049c57e9e202106bb,07/27/2024 08:55:00 AM,M,53.0,BICYCLE HELMET (PEDACYCLIST INVOLVED ONLY),WITH TRAFFIC,IN ROADWAY,TEST NOT OFFERED,,30,CLEAR,DAYLIGHT,PEDALCYCLIST,NOT DIVIDED,STRAIGHT AND LEVEL,DRY,INJURY AND / OR TOW DUE TO CRASH,LAKEWOOD AVE,41.9377484515,-87.6611429681,POINT (-87.661142968073 41.93774845149)
O1871868,NON-MOTOR VEHICLE,ec39c900d61037a71893e2ea6b9dd10c6d963653f254406666be6d7d288cc58992844ccab4f26b668bda9ed61eff0a89d888de17745be1887a079974101cd964,07/27/2024 07:00:00 AM,,,NONE PRESENT,,,,,25,CLEAR,DAYLIGHT,FIXED OBJECT,DIVIDED - W/MEDIAN BARRIER,STRAIGHT AND LEVEL,DRY,NO INJURY / DRIVE AWAY,IRVING PARK RD,41.9545260417,-87.6453226136,POINT (-87.645322613574 41.954526041729)
O1871738,BICYCLE,001c366eb3ca644e240b69daec59fed09991a484385615140310803322abc0f15564892c1aac9318560d707f99bf11d33b828f619a8c841685e46b98c474e837,07/27/2024 12:10:00 AM,M,,HELMET NOT USED,CROSSING - NO CONTROLS (NOT AT INTERSECTION),IN ROADWAY,,,30,CLEAR,"DARKNESS, LIGHTED ROAD",PEDALCYCLIST,NOT DIVIDED,STRAIGHT AND LEVEL,DRY,NO INJURY / DRIVE AWAY,BELMONT AVE,41.9380676467,-87.8152359124,POINT (-87.815235912358 41.938067646685)
O1871745,BICYCLE,b6993ec536c9fc637dbaa11323a10620a8cd1c9c92441dd53d42d5e5e03d126cac4d1433bb06f11c7fe738770109ee9ce38adb0358f62b3b26b415adf7fab9dd,07/26/2024 10:38:00 PM,M,42.0,HELMET NOT USED,UNKNOWN/NA,UNKNOWN/NA,,,30,CLEAR,"DARKNESS, LIGHTED ROAD",PEDALCYCLIST,T-INTERSECTION,STRAIGHT AND LEVEL,DRY,INJURY AND / OR TOW DUE TO CRASH,COTTAGE GROVE AVE,41.7219704652,-87.6033480401,POINT (-87.603348040077 41.721970465227)
O1871628,BICYCLE,e913b9b3b8b5ffbec4e52416c9a21a52bf967b673c5a3d3c9e45524812bf9106176d6099002c64025b50f8034e87024ce7da6a6c4a071c32ac0ddad87df0fb93,07/26/2024 08:13:00 PM,F,24.0,HELMET NOT USED,NO ACTION,IN ROADWAY,TEST NOT OFFERED,,30,CLEAR,DAYLIGHT,PEDALCYCLIST,NOT DIVIDED,STRAIGHT AND LEVEL,DRY,NO INJURY / DRIVE AWAY,GRANVILLE AVE,41.9941888039,-87.6909347863,POINT (-87.690934786329 41.994188803911)
O1871461,BICYCLE,bd1b5cb8c2293af1eddc7ef5f2dcb54df03861ad5a9165f9559f93bdf887710a094e3761b96ab52d093c17ab38c8b93c2dbf4e37c1ed154d31e67e4c12095c5b,07/26/2024 04:35:00 PM,M,66.0,HELMET NOT USED,NOT AT INTERSECTION,DRIVEWAY ACCESS,TEST NOT OFFERED,,30,UNKNOWN,UNKNOWN,PEDALCYCLIST,ALLEY,STRAIGHT AND LEVEL,UNKNOWN,INJURY AND / OR TOW DUE TO CRASH,LEAVITT ST,41.9107994581,-87.6822107273,POINT (-87.682210727257 41.910799458141)
O1871367,BICYCLE,c43d646d58233c5eb26a010c77210748372d966a87681b5250407584646d41f3a8d2835d926a030d765d45faaea41f28dd699a4232fd9007a66d7281b0be83e7,07/26/2024 03:40:00 PM,M,17.0,HELMET NOT USED,WITH TRAFFIC,IN ROADWAY,TEST NOT OFFERED,,30,CLEAR,DAYLIGHT,PEDALCYCLIST,ALLEY,STRAIGHT AND LEVEL,UNKNOWN,NO INJURY / DRIVE AWAY,HOWARD ST,42.0193874053,-87.6854642869,POINT (-87.685464286921 42.019387405308)
O1871398,BICYCLE,332e73ef2cfbf76a2760fd8d8665738253b10d7b8198786b0b30803019694676e0a007dcc962519b2a0deae640e75738d61f0d2ec2861fcff007ed5e46469fd0,07/26/2024 02:36:00 PM,M,45.0,BICYCLE HELMET (PEDACYCLIST INVOLVED ONLY),TURNING LEFT,IN ROADWAY,TEST NOT OFFERED,,30,CLEAR,DAYLIGHT,PEDALCYCLIST,NOT DIVIDED,STRAIGHT AND LEVEL,DRY,INJURY AND / OR TOW DUE TO CRASH,GRAND AVE,41.9026234921,-87.7177906262,POINT (-87.717790626238 41.902623492136)
O1871308,BICYCLE,f1ec5bb7d088a4b3a006f5e6f0af0843faf44a32ad5a582ad3bd010cfe26ee030dc1a71c4cc5e4c901cbda0b19faf7bb30522d020fb88551d8734e23f7065251,07/26/2024 02:20:00 PM,M,28.0,BICYCLE HELMET (PEDACYCLIST INVOLVED ONLY),WITH TRAFFIC,BIKEWAY,TEST NOT OFFERED,,30,CLEAR,DAYLIGHT,PEDALCYCLIST,NOT DIVIDED,STRAIGHT AND LEVEL,DRY,NO INJURY / DRIVE AWAY,CLYBOURN AVE,41.911527964,-87.6501630953,POINT (-87.650163095348 41.911527964004)
O1871914,BICYCLE,dda2d924f028b57cc604a0933e9843283816101590e1be5e3177ad84e9b47cc3a8af022d03929622727093d0fffcc43eb69dae2115e1d87c6455e1a52a872264,07/26/2024 12:55:00 PM,M,28.0,BICYCLE HELMET (PEDACYCLIST INVOLVED ONLY),OTHER ACTION,BIKE LANE,TEST NOT OFFERED,,25,CLEAR,DAYLIGHT,PEDALCYCLIST,NOT DIVIDED,STRAIGHT AND LEVEL,DRY,NO INJURY / DRIVE AWAY,CALIFORNIA AVE,41.8486890581,-87.6952101214,POINT (-87.695210121362 41.84868905805)
O1871204,BICYCLE,6209825ce53b2478e1b8f1026a4517bbe20430ea92346d3d103dea6c17cc7fbcf4cbad117506d09bd05be522b24c995d829cf5c983627f66dbae1fce39347eb0,07/26/2024 12:30:00 PM,M,,HELMET NOT USED,TURNING RIGHT,IN ROADWAY,TEST NOT OFFERED,,30,CLEAR,DAYLIGHT,PEDALCYCLIST,CENTER TURN LANE,STRAIGHT AND LEVEL,DRY,NO INJURY / DRIVE AWAY,ERIE ST,41.8932262687,-87.6508687961,POINT (-87.650868796101 41.893226268739)
O1871185,BICYCLE,914aee7bc4c3f35618267167d359342ed7661d38dec2a4bf5833b48bec6196099a2370e4e4b7ed2337183b31f1e742ff9afde5bfc242cc7b4026e0d44d54b7fb,07/26/2024 11:32:00 AM,F,23.0,HELMET NOT USED,WITH TRAFFIC,BIKE LANE,TEST NOT OFFERED,,30,CLEAR,DAYLIGHT,PEDALCYCLIST,NOT DIVIDED,STRAIGHT AND LEVEL,DRY,INJURY AND / OR TOW DUE TO CRASH,ARMITAGE AVE,41.9171800533,-87.7161058889,POINT (-87.716105888858 41.917180053299)
O1871214,BICYCLE,022a3def7884bb752bf89cc7df578ea4ec336f7122bcf05dad848c26d19d275cfc7b1cfbd9b908f4ee148f33d27c5a7e093e41adc6fddfebc2a55aed8d100183,07/26/2024 10:38:00 AM,M,22.0,BICYCLE HELMET (PEDACYCLIST INVOLVED ONLY),CROSSING - NO CONTROLS (NOT AT INTERSECTION),IN CROSSWALK,TEST NOT OFFERED,,30,CLEAR,DAYLIGHT,PEDALCYCLIST,ALLEY,STRAIGHT AND LEVEL,UNKNOWN,INJURY AND / OR TOW DUE TO CRASH,47TH ST,41.8084719858,-87.6891926879,POINT (-87.689192687855 41.808471985769)
O1871045,BICYCLE,f14c7bd07b943f6d9b17649fc4fe5add9b5d0792bf0c3b81957aa2814177fe1dbf34d13f053a379151a510079d7c0481f72480de852416045f364652d1e7ad05,07/26/2024 06:46:00 AM,M,29.0,BICYCLE HELMET (PEDACYCLIST INVOLVED ONLY),WITH TRAFFIC,IN ROADWAY,TEST NOT OFFERED,,30,CLEAR,DAYLIGHT,PEDALCYCLIST,NOT DIVIDED,STRAIGHT AND LEVEL,DRY,INJURY AND / OR TOW DUE TO CRASH,CHICAGO AVE,41.8967045494,-87.6342801275,POINT (-87.634280127527 41.896704549412)
O1870871,NON-MOTOR VEHICLE,1351a5a771c53d49c403a5e8d20ffdf9d4b844c5c5e11661eb99efec862933a21e1d7f0de7fe92b2fc1b7bceb456b2cd27fccf4a780b3f73fb9ceedc95904e7a,07/25/2024 06:55:00 PM,M,46.0,BICYCLE HELMET (PEDACYCLIST INVOLVED ONLY),WITH TRAFFIC,BIKE LANE,TEST NOT OFFERED,,35,CLEAR,DUSK,OTHER OBJECT,NOT DIVIDED,STRAIGHT AND LEVEL,DRY,INJURY AND / OR TOW DUE TO CRASH,ARCHER AVE,41.8482604751,-87.6445542126,POINT (-87.644554212649 41.848260475119)
O1870704,BICYCLE,1a64fce26984585c7871f26d6707e648060b966f96d2724192bffd82dadcd4d600b6c94639886354f55b933dd0a827f316b38dc0d0ac4e8880a03eb8ac3d829c,07/25/2024 04:32:00 PM,M,51.0,BICYCLE HELMET (PEDACYCLIST INVOLVED ONLY),OTHER ACTION,IN ROADWAY,TEST NOT OFFERED,,30,CLEAR,DAYLIGHT,SIDESWIPE SAME DIRECTION,NOT DIVIDED,STRAIGHT AND LEVEL,DRY,INJURY AND / OR TOW DUE TO CRASH,CLYBOURN AVE,41.9338248365,-87.6800509888,POINT (-87.680050988823 41.933824836476)
O1870805,BICYCLE,6d7a34dde220e3696fe445d4e253a91fcfae61d6c5815aac510b93faa4e115adc4926f320f18aa0c50fa3af1b135a98b718c269f218c0f8e09acd3714f9df709,07/25/2024 04:15:00 PM,F,21.0,HELMET NOT USED,CROSSING - NO CONTROLS (NOT AT INTERSECTION),DRIVEWAY ACCESS,TEST NOT OFFERED,Y,30,CLEAR,DAYLIGHT,PEDALCYCLIST,PARKING LOT,STRAIGHT AND LEVEL,DRY,INJURY AND / OR TOW DUE TO CRASH,FLOURNOY ST,41.8729834779,-87.6689891501,POINT (-87.668989150146 41.872983477945)
O1876928,BICYCLE,4ebb8247d6be93e3dc5883fe9873325dffb23a84d4cc28c50f70fc907ca656f4e3349c7abb157ec10b3cc97cd244111ee948795f107af4dac6736c1cf4d56c48,07/25/2024 03:55:00 PM,F,51.0,HELMET NOT USED,WITH TRAFFIC,IN ROADWAY,TEST NOT OFFERED,,30,CLEAR,DAYLIGHT,PEDALCYCLIST,NOT DIVIDED,STRAIGHT AND LEVEL,UNKNOWN,INJURY AND / OR TOW DUE TO CRASH,HUBBARD ST,41.8899066498,-87.6314160847,POINT (-87.631416084738 41.889906649827)
O1870690,BICYCLE,e0f859183db29d5304382e30420b59ef4f0ff9aabe86e9bc19a26d908c2efe140a8a35378bb6304e6acb48e896c99ab87879a0c55add5ca0ae7fd0cb138c4f11,07/25/2024 03:22:00 PM,M,33.0,HELMET NOT USED,OTHER ACTION,NOT IN ROADWAY,TEST NOT OFFERED,,20,CLEAR,DAYLIGHT,PEDALCYCLIST,DRIVEWAY,STRAIGHT AND LEVEL,DRY,NO INJURY / DRIVE AWAY,71ST ST,41.764650161,-87.6781725179,POINT (-87.678172517899 41.764650161028)