PERSON_ID,PERSON_TYPE,CRASH_RECORD_ID,CRASH_DATE_x,SEX,AGE,SAFETY_EQUIPMENT,PEDPEDAL_ACTION,PEDPEDAL_LOCATION,BAC_RESULT,CRASH_DATE_EST_I,POSTED_SPEED_LIMIT,WEATHER_CONDITION,LIGHTING_CONDITION,FIRST_CRASH_TYPE,TRAFFICWAY_TYPE,ALIGNMENT,ROADWAY_SURFACE_COND,CRASH_TYPE,STREET_NAME,LATITUDE,LONGITUDE,LOCATION
O1870578,BICYCLE,29e31622f2de4c58fb7535454036a5aba896e92290128f357c71a6c46a7c52a9cae17d3b33a17f4ced02d4dc912537903188aa084e930a23b35bb967871697b4,07/25/2024 12:54:00 PM,F,27.0,HELMET NOT USED,WITH TRAFFIC,BIKE LANE,TEST NOT OFFERED,,30,CLEAR,DAYLIGHT,PEDALCYCLIST,DIVIDED - W/MEDIAN (NOT RAISED),STRAIGHT AND LEVEL,DRY,INJURY AND / OR TOW DUE TO CRASH,CLARK ST,41.9291728439,-87.6424444407,POINT (-87.642444440717 41.92917284389)
O1870434,BICYCLE,f910af41e828cd426964f6aadf76fa6586ce450d3c4900b46cbc889eac83c610e0f360d36c0785597191c7651ce64b1ca5b91660621ea7208303b454bb6bc523,07/25/2024 09:20:00 AM,M,47.0,HELMET NOT USED,CROSSING - NO CONTROLS (NOT AT INTERSECTION),IN ROADWAY,TEST NOT OFFERED,,30,CLEAR,DAYLIGHT,PEDALCYCLIST,FOUR WAY,STRAIGHT AND LEVEL,DRY,NO INJURY / DRIVE AWAY,CENTRAL AVE,41.9763462838,-87.7686195713,POINT (-87.768619571335 41.976346283844)
O1875546,BICYCLE,97425606ed9db3e8b208a1db6dd0bccf9f71a02011217d4887c14b797ec737fb210c8629a14d6867b5cf018ff57df0585b2ec9e083709c5663bc24782bfba288,07/24/2024 09:45:00 PM,M,22.0,HELMET NOT USED,CROSSING - AGAINST SIGNAL,IN ROADWAY,TEST NOT OFFERED,,30,CLEAR,"DARKNESS, LIGHTED ROAD",PEDALCYCLIST,FOUR WAY,STRAIGHT AND LEVEL,DRY,INJURY AND / OR TOW DUE TO CRASH,53RD ST,41.7996736498,-87.5873270523,POINT (-87.587327052274 41.799673649846)
O1870764,BICYCLE,c26b55ecdda5247d728c2ca334fb849a2da75967ef03c2e791a590421ddd9d4e723f51962e635ad756bc15f0547e9b683c0ddf2c45980222579d61d7bfa91c86,07/24/2024 09:45:00 PM,M,53.0,HELMET NOT USED,UNKNOWN/NA,BIKEWAY,TEST NOT OFFERED,,30,UNKNOWN,UNKNOWN,PEDALCYCLIST,OTHER,STRAIGHT AND LEVEL,UNKNOWN,INJURY AND / OR TOW DUE TO CRASH,GRAND AVE,41.8916006499,-87.6254331099,POINT (-87.625433109893 41.891600649869)
O1870270,BICYCLE,e0161e8e7232cb9aa6e572393a66ee7de9897028107d60251524a303a56421369f3013923ed1e1bbe437a3e73798b54e6713723047620581c21a05b0c01fa90c,07/24/2024 09:20:00 PM,M,,HELMET NOT USED,CROSSING - NO CONTROLS (AT INTERSECTION),IN ROADWAY,TEST NOT OFFERED,,30,CLEAR,"DARKNESS, LIGHTED ROAD",PEDALCYCLIST,DIVIDED - W/MEDIAN (NOT RAISED),STRAIGHT AND LEVEL,DRY,NO INJURY / DRIVE AWAY,STATE ST,41.8851933914,-87.6280745191,POINT (-87.628074519087 41.885193391382)
O1870248,BICYCLE,ca7e3a9806dfcb9d8820c9383921def1b259c0c6cf08dc6cd169f5babf892c10f776f9ed8f9cda0039c12ef9d5c3093a85c5296eecdb1b5347aa227418abf7ec,07/24/2024 07:00:00 PM,M,25.0,HELMET NOT USED,OTHER ACTION,IN ROADWAY,TEST NOT OFFERED,,30,CLEAR,"DARKNESS, LIGHTED ROAD",PEDALCYCLIST,NOT DIVIDED,STRAIGHT AND LEVEL,DRY,INJURY AND / OR TOW DUE TO CRASH,CORTLAND ST,41.9160792746,-87.6759726732,POINT (-87.675972673246 41.91607927465)
O1870173,BICYCLE,7554fb180ab19d7e73686fb66001757c28a6a3f73734fbb36193feb22b8e67807d57de4ec4479e35729d42b25662628a890ced5222d6fee6ee61650e5aed8a5f,07/24/2024 06:40:00 PM,M,15.0,HELMET NOT USED,CROSSING - NO CONTROLS (AT INTERSECTION),IN CROSSWALK,TEST NOT OFFERED,,30,CLEAR,DAYLIGHT,PEDALCYCLIST,T-INTERSECTION,STRAIGHT AND LEVEL,DRY,NO INJURY / DRIVE AWAY,WINCHESTER AVE,42.0143444776,-87.6792266391,POINT (-87.679226639139 42.014344477624)
O1870170,BICYCLE,a3b9dc2aa5d00111583a95fce9894f983c95324e435582046424070a074fe99a4f69e03feae21e7c6394236873da461b8eba4f887829e81ddd4e42ff55709d35,07/24/2024 06:10:00 PM,F,14.0,HELMET NOT USED,CROSSING - AGAINST SIGNAL,IN CROSSWALK,TEST NOT OFFERED,,30,CLEAR,DAYLIGHT,PEDALCYCLIST,FOUR WAY,STRAIGHT AND LEVEL,DRY,NO INJURY / DRIVE AWAY,OAK PARK AVE,41.9528466114,-87.7964235045,POINT (-87.796423504516 41.952846611384)
O1870261,BICYCLE,6f477e77b00a1d8bf7100fa68eaa34fca89f38541f123cbd3932cc9272dbabc50f8451ed0b700431075fe6a5e9c5a1ce533cdec8aef9f0156d02ba673a947579,07/24/2024 05:34:00 PM,M,24.0,BICYCLE HELMET (PEDACYCLIST INVOLVED ONLY),AGAINST TRAFFIC,IN ROADWAY,TEST NOT OFFERED,,35,CLEAR,DAYLIGHT,PEDALCYCLIST,NOT DIVIDED,STRAIGHT AND LEVEL,DRY,INJURY AND / OR TOW DUE TO CRASH,47TH ST,41.8081726144,-87.70848389,POINT (-87.708483889951 41.808172614433)
O1870114,BICYCLE,f5257ce5791da60cba9603fd5da57002f770773f630c91d05686a5d9881b2f6f28c3d88f745e5b95757b080ab37cd7e747dc3ffa6ea175ffde93f62cc16d5eb4,07/24/2024 05:30:00 PM,M,,HELMET NOT USED,WITH TRAFFIC,IN ROADWAY,TEST NOT OFFERED,,25,CLEAR,DAWN,PEDALCYCLIST,T-INTERSECTION,STRAIGHT AND LEVEL,DRY,INJURY AND / OR TOW DUE TO CRASH,HALSTED ST,41.859463024,-87.6465443652,POINT (-87.646544365185 41.859463023981)
O1870196,BICYCLE,336cbf6ef3572a17180ff73fc5ab76819d9715f7ac84ade5850d5eaca46d88212a8faaf46c0ab030dbbb7f2792a8cd087bceb1fcaed15f932f68870cb2e160e1,07/24/2024 05:21:00 PM,M,56.0,HELMET NOT USED,WITH TRAFFIC,BIKE LANE,TEST NOT OFFERED,,35,CLEAR,DAYLIGHT,PEDALCYCLIST,NOT DIVIDED,STRAIGHT AND LEVEL,DRY,INJURY AND / OR TOW DUE TO CRASH,HALSTED ST,41.8591089913,-87.6465339832,POINT (-87.646533983242 41.859108991315)
O1870477,BICYCLE,400aec72837d73ced8909f041188008ab14fdb15f2b93cfbc62f8c40439cbf5f0e6a6862673e93251d5e6d469b7482ce594275280d4c018501fcd75e0d9c1646,07/24/2024 04:45:00 PM,M,34.0,HELMET NOT USED,NO ACTION,BIKE LANE,TEST REFUSED,,30,CLEAR,DAYLIGHT,PEDALCYCLIST,NOT DIVIDED,STRAIGHT AND LEVEL,DRY,INJURY AND / OR TOW DUE TO CRASH,BUCKINGHAM PL,41.942792237,-87.6512473375,POINT (-87.651247337508 41.942792237012)
O1870292,BICYCLE,51316727058aeb5b49c6373a36c5d8502e1af6cae31c9ba75e4646bc557a4c6a59ce4df7a6f8427956fce501dc228cdd85f4fd5b57427c412743dc5e5a7dede5,07/24/2024 01:30:00 PM,M,37.0,BICYCLE HELMET (PEDACYCLIST INVOLVED ONLY),NO ACTION,IN ROADWAY,TEST NOT OFFERED,,30,CLEAR,DAYLIGHT,PEDALCYCLIST,NOT DIVIDED,STRAIGHT AND LEVEL,DRY,INJURY AND / OR TOW DUE TO CRASH,PULASKI RD,41.9628818769,-87.7277331584,POINT (-87.727733158434 41.96288187689)
O1869782,BICYCLE,23b0b33bacacaee64bea52cf32662470e4ff10c92666750ccb05093f694fd50865d924a35abe073d2c2b34794b1f6f8f1d5d872318f8a317fee0a77a2fe8a7bd,07/24/2024 10:15:00 AM,F,29.0,BICYCLE HELMET (PEDACYCLIST INVOLVED ONLY),CROSSING - NO CONTROLS (AT INTERSECTION),BIKE LANE,TEST NOT OFFERED,,30,CLEAR,DAYLIGHT,PEDALCYCLIST,T-INTERSECTION,STRAIGHT AND LEVEL,DRY,INJURY AND / OR TOW DUE TO CRASH,MILWAUKEE AVE,41.9114428702,-87.6793344718,POINT (-87.679334471847 41.911442870211)
O1869876,BICYCLE,7d997d1d0a1702e0358f132f41bdce2f5af440bb92153e5eec9d63c04b6fb82bdb1067ee2d37cd0d96751260bbad5f82031f1f16768f8888fa43bb24469aa272,07/24/2024 10:00:00 AM,M,,HELMET NOT USED,CROSSING - NO CONTROLS (NOT AT INTERSECTION),NOT IN ROADWAY,TEST NOT OFFERED,,0,CLEAR,DAYLIGHT,PEDALCYCLIST,PARKING LOT,STRAIGHT AND LEVEL,DRY,NO INJURY / DRIVE AWAY,COTTAGE GROVE AVE,41.749362768,-87.605332981,POINT (-87.605332981011 41.749362768013)
O1891063,BICYCLE,4d53a122257d4ee50d643893ba1d12907c80178ee083be1161b538d1f5755966a4730c02d50e4e5c64d9ec39e1a5b9a4982b71a8488d0b3e99282953aea64e93,07/24/2024 08:58:00 AM,F,28.0,HELMET NOT USED,WITH TRAFFIC,IN ROADWAY,TEST NOT OFFERED,,30,CLEAR,DAYLIGHT,PEDALCYCLIST,DIVIDED - W/MEDIAN (NOT RAISED),STRAIGHT AND LEVEL,DRY,INJURY AND / OR TOW DUE TO CRASH,WILSON AVE,41.9652048574,-87.6791664232,POINT (-87.679166423211 41.965204857357)
O1869693,BICYCLE,326cddf6d4f64553ea28aaf083f923465bd717a4858b9d53d35ec5c44efade31cb74155870762232591d908b96bae365e43524a511188b4aa87fa68e98532e16,07/24/2024 06:59:00 AM,M,33.0,BICYCLE HELMET (PEDACYCLIST INVOLVED ONLY),UNKNOWN/NA,IN ROADWAY,TEST NOT OFFERED,,30,CLEAR,DAYLIGHT,PEDALCYCLIST,DIVIDED - W/MEDIAN BARRIER,STRAIGHT AND LEVEL,DRY,INJURY AND / OR TOW DUE TO CRASH,HARRISON ST,41.8745335544,-87.6486962089,POINT (-87.648696208896 41.874533554373)
O1869746,BICYCLE,9dd31d3e5229edcb5bc6cd24fa27c82d90cf63c5b235626fcb3604c132370dfcd4a8b74199f78dd3ae5d5c3ec3a228e25314285ae80e6566faf009100478a48b,07/24/2024 06:50:00 AM,M,,BICYCLE HELMET (PEDACYCLIST INVOLVED ONLY),OTHER ACTION,IN ROADWAY,,,30,CLEAR,DAYLIGHT,PEDALCYCLIST,DIVIDED - W/MEDIAN (NOT RAISED),STRAIGHT AND LEVEL,DRY,NO INJURY / DRIVE AWAY,HARRISON ST,41.8744938077,-87.6510862194,POINT (-87.651086219391 41.874493807708)
O1869824,BICYCLE,2a485a3364bf0fc82db5a9017a88c209e09cb55cc022f97cbf569b71b04b1c363662b6cb693337471367734438908874722de4bd29c05e0c6b79a123e38fcaa3,07/23/2024 06:00:00 PM,F,35.0,BICYCLE HELMET (PEDACYCLIST INVOLVED ONLY),UNKNOWN/NA,BIKEWAY,TEST NOT OFFERED,Y,30,CLEAR,DAYLIGHT,PEDALCYCLIST,NOT DIVIDED,STRAIGHT AND LEVEL,DRY,NO INJURY / DRIVE AWAY,CLARK ST,42.0114865452,-87.6743011748,POINT (-87.674301174797 42.01148654519)
O1869457,BICYCLE,8c961a7526690e9dceb70a05741ba22f729d5169461f379f1048163d8acaa40b68d9076511861253aa3c5ea1964a06d9f40b7affecc978102826d270d2542224,07/23/2024 04:55:00 PM,M,32.0,HELMET NOT USED,OTHER ACTION,BIKE LANE,TEST NOT OFFERED,,30,CLEAR,DAYLIGHT,PEDALCYCLIST,FOUR WAY,STRAIGHT AND LEVEL,DRY,INJURY AND / OR TOW DUE TO CRASH,ILLINOIS ST,41.8912046926,-87.6153024813,POINT (-87.615302481331 41.891204692588)
O1870401,BICYCLE,bb29a7d6d90487adcf7d16e179c60545b397859554f609780e9bbdecda1d89057062302918781aee44f1f551d3bedf4ee9c5f15509659d621f4224d583eba60c,07/23/2024 04:00:00 PM,M,52.0,BICYCLE HELMET (PEDACYCLIST INVOLVED ONLY),AGAINST TRAFFIC,BIKE LANE,TEST NOT OFFERED,,30,CLEAR,DAYLIGHT,PEDALCYCLIST,NOT DIVIDED,STRAIGHT AND LEVEL,DRY,INJURY AND / OR TOW DUE TO CRASH,SHEFFIELD AVE,41.9473318268,-87.654480315,POINT (-87.654480314982 41.947331826783)
O1869304,BICYCLE,15d1cf3b9ad14421d2383c597c44f75dbd6f45f2eb3d5c03e3c81dc312c13184f8f0702a3b8f210449a374e85a75625a14f65b205890b0ed09eb7e38decd1e0c,07/23/2024 02:09:00 PM,M,34.0,BICYCLE HELMET (PEDACYCLIST INVOLVED ONLY),WITH TRAFFIC,BIKE LANE,TEST NOT OFFERED,,30,CLEAR,DAYLIGHT,PEDESTRIAN,FOUR WAY,STRAIGHT AND LEVEL,DRY,INJURY AND / OR TOW DUE TO CRASH,STATE ST,41.8828524783,-87.627713658,POINT (-87.627713657955 41.882852478279)
O1869677,NON-MOTOR VEHICLE,4267fb38802c4eed15e5789632dba5c2f5b4d127d4e2ad51cf7617e533bcaf245ed3e889ad6a82c6a24885b01420e59ec411a774dc35d9e694a173c956c02eaa,07/23/2024 01:40:00 PM,,,,,,,,30,CLEAR,DAYLIGHT,FIXED OBJECT,UNKNOWN,STRAIGHT AND LEVEL,DRY,NO INJURY / DRIVE AWAY,LA SALLE ST,41.7106714665,-87.6273470858,POINT (-87.627347085836 41.710671466514)
O1869247,BICYCLE,54ae4616fb8e7fddbbf4e860a7a21a28129cca385ce1b3bd900649ff161865c5a23eaefa99c6a7060098cbdbd8f293430d804ca7c5e47d95ac0e4c16a37b5d16,07/23/2024 01:23:00 PM,M,29.0,HELMET NOT USED,WITH TRAFFIC,IN ROADWAY,TEST NOT OFFERED,,30,CLEAR,DAYLIGHT,PEDALCYCLIST,NOT DIVIDED,STRAIGHT AND LEVEL,DRY,INJURY AND / OR TOW DUE TO CRASH,26TH ST,41.8443688739,-87.7240368333,POINT (-87.724036833279 41.844368873894)
O1869195,BICYCLE,ddb21229fd990da821acea4884c677f1bbe8e80e2060d8bd66707d294293b048c979de341874dbc0973860c6e38d80c18440ea5038ffaee9e041646e5521c98c,07/23/2024 10:30:00 AM,M,25.0,HELMET NOT USED,CROSSING - WITH SIGNAL,IN CROSSWALK,TEST NOT OFFERED,,30,CLEAR,DAYLIGHT,PEDALCYCLIST,FOUR WAY,STRAIGHT AND LEVEL,DRY,INJURY AND / OR TOW DUE TO CRASH,ADDISON ST,41.9457676071,-87.766692545,POINT (-87.766692544951 41.945767607143)
O1869002,BICYCLE,b0d9ad7ad59c54d7191d1af56d09cbdf8bd83fd2b2000de07d3a2c007d5de20e1a2fd91df057a5a491d8c179a46743687f34ab02ce82a5095f7d84b74adf103b,07/22/2024 11:50:00 PM,M,37.0,HELMET NOT USED,OTHER ACTION,IN ROADWAY,TEST NOT OFFERED,,20,CLEAR,"DARKNESS, LIGHTED ROAD",PEDALCYCLIST,ONE-WAY,STRAIGHT AND LEVEL,DRY,NO INJURY / DRIVE AWAY,ROCKWELL ST,41.8990780032,-87.6920032495,POINT (-87.692003249493 41.899078003164)
O1869628,BICYCLE,949a615c7f7a4d47c06d4840f70faa2d882ab17dd8ad01861614edf1c1dd8330a2f0f8afa086947ee218be8560c3ff30b40a7ec30756594fdf1fee4a84b34588,07/22/2024 10:38:00 PM,M,53.0,BICYCLE HELMET (PEDACYCLIST INVOLVED ONLY),AGAINST TRAFFIC,BIKE LANE,TEST NOT OFFERED,,30,UNKNOWN,DARKNESS,PEDALCYCLIST,ONE-WAY,STRAIGHT AND LEVEL,WET,INJURY AND / OR TOW DUE TO CRASH,ILLINOIS ST,41.8909436152,-87.6175405926,POINT (-87.617540592608 41.890943615222)
O1868957,BICYCLE,5303d0d9a4d5963f5fc5f514ea4e213b41735608cbede86152b39f02f751f83a1d0f91b8ac3b6cf4d947cfda910a070e9cf9eeafde930e6b5f00ff3cbaa0994b,07/22/2024 08:01:00 PM,M,41.0,HELMET NOT USED,CROSSING - NO CONTROLS (AT INTERSECTION),IN ROADWAY,TEST NOT OFFERED,,30,CLEAR,DUSK,PEDALCYCLIST,FOUR WAY,STRAIGHT AND LEVEL,DRY,INJURY AND / OR TOW DUE TO CRASH,115TH ST,41.6852654312,-87.6360487553,POINT (-87.63604875531 41.685265431234)
O1868946,BICYCLE,29326acfbb871e635750022fb28499cf5a567a2c29bb18d7e0c8c051f45642de9ddf104cbe8e547e5931f05ed44b78938695eb29ddc7ad3773cf12179ef0b8f7,07/22/2024 07:44:00 PM,M,7.0,BICYCLE HELMET (PEDACYCLIST INVOLVED ONLY),CROSSING - CONTROLS PRESENT (NOT AT INTERSECTION),IN CROSSWALK,TEST NOT OFFERED,,30,CLEAR,"DARKNESS, LIGHTED ROAD",PEDALCYCLIST,NOT DIVIDED,STRAIGHT AND LEVEL,DRY,INJURY AND / OR TOW DUE TO CRASH,CALIFORNIA AVE,41.7410692506,-87.6925455131,POINT (-87.69254551305 41.741069250581)
O1868889,BICYCLE,800c53d4a508dfe270eeec9adb8aa3c037cb46e22b387ae130a26d00c507022278ce02ecadc777a3878f31547f821dfa11c64b1cc0abf0ac95ef600f50f483f9,07/22/2024 05:44:00 PM,M,58.0,BICYCLE HELMET (PEDACYCLIST INVOLVED ONLY),NO ACTION,BIKEWAY,TEST NOT OFFERED,,30,CLEAR,DAYLIGHT,PEDALCYCLIST,DIVIDED - W/MEDIAN (NOT RAISED),STRAIGHT AND LEVEL,DRY,INJURY AND / OR TOW DUE TO CRASH,KEDZIE AVE,41.9653530762,-87.7085252264,POINT (-87.70852522643 41.965353076187)
O1868746,BICYCLE,a2a455d714fdc8e37b2d60ec92253c8e16ac1d7d51ded22a71ded6b29674ab979eaf0aa940f6e2064c1c9a87faae03ac7ddc8744994fc9e01aa1d9f64ee6e1aa,07/22/2024 03:56:00 PM,M,18.0,BICYCLE HELMET (PEDACYCLIST INVOLVED ONLY),CROSSING - NO CONTROLS (AT INTERSECTION),IN CROSSWALK,TEST NOT OFFERED,,30,CLEAR,DAYLIGHT,PEDALCYCLIST,FOUR WAY,STRAIGHT AND LEVEL,DRY,INJURY AND / OR TOW DUE TO CRASH,WESTERN AVE,41.9375920069,-87.6877376245,POINT (-87.687737624493 41.937592006949)
O1868537,BICYCLE,957e028580492d6c6a5d23c38c758cda9756c1a5e40390f1bb54fd4f20ba6f61bb54bee17f0e1d1005b5e50c282e59e7064b92cb151259b46dfe089980609965,07/22/2024 11:00:00 AM,F,22.0,HELMET NOT USED,WITH TRAFFIC,IN ROADWAY,TEST NOT OFFERED,,30,CLEAR,DAYLIGHT,PEDALCYCLIST,NOT DIVIDED,STRAIGHT AND LEVEL,DRY,INJURY AND / OR TOW DUE TO CRASH,KINZIE ST,41.8891772864,-87.6461228335,POINT (-87.646122833479 41.889177286413)
O1868255,BICYCLE,71ce4815e398615db07044c036d528cff0e349d81f3e2b55452bb858c02332a07916f279f1d6ecff982992dd7059b5fa4bf40f7dc52f899085b657a15663cbd3,07/21/2024 08:00:00 PM,M,15.0,HELMET NOT USED,WITH TRAFFIC,IN ROADWAY,TEST NOT OFFERED,Y,15,CLEAR,DUSK,PEDALCYCLIST,DIVIDED - W/MEDIAN (NOT RAISED),STRAIGHT AND LEVEL,DRY,INJURY AND / OR TOW DUE TO CRASH,DIVERSEY AVE,41.9316115206,-87.7489355696,POINT (-87.748935569593 41.931611520583)
O1868277,BICYCLE,c5be7cf05932a23ae5c43855d99018a0186886a3805993a4d6005fc8c20147321e2ecc00f9fd32dc56b7faabb2814ca260ec5d621376eb1fd08145164280292b,07/21/2024 08:00:00 PM,M,26.0,BICYCLE HELMET (PEDACYCLIST INVOLVED ONLY),WITH TRAFFIC,IN ROADWAY,TEST NOT OFFERED,,30,CLEAR,DAYLIGHT,PEDALCYCLIST,DIVIDED - W/MEDIAN (NOT RAISED),STRAIGHT AND LEVEL,DRY,INJURY AND / OR TOW DUE TO CRASH,CENTRAL PARK AVE,41.9345531755,-87.7174071457,POINT (-87.717407145651 41.934553175487)
O1868180,NON-MOTOR VEHICLE,3c40c96a01dcb63da690723a5270675b73ab9312c0624d1121febbdf6ae97e3da2d80e8f46f1237d855ed1021e64aa1fc5e6ef6c0326b792112b3c7daa2f2903,07/21/2024 06:39:00 PM,F,22.0,HELMET NOT USED,WITH TRAFFIC,IN ROADWAY,TEST NOT OFFERED,,30,CLEAR,DAYLIGHT,OTHER NONCOLLISION,NOT DIVIDED,STRAIGHT AND LEVEL,DRY,INJURY AND / OR TOW DUE TO CRASH,DAMEN AVE,41.9405283754,-87.6785290705,POINT (-87.678529070476 41.94052837535)
O1868490,BICYCLE,6d7eb17f7a4167131b791177456b30d4b53e82940a9697db8f6f206d130c39a1587898efb7770ab83df26b6d50623f3a2ce4ed13aac548a6bc24d6b9b687a8cf,07/21/2024 06:30:00 PM,M,,BICYCLE HELMET (PEDACYCLIST INVOLVED ONLY),WITH TRAFFIC,BIKE LANE,TEST NOT OFFERED,Y,30,UNKNOWN,UNKNOWN,PEDALCYCLIST,FOUR WAY,STRAIGHT AND LEVEL,UNKNOWN,INJURY AND / OR TOW DUE TO CRASH,ELSTON AVE,41.9443119539,-87.7052548222,POINT (-87.705254822155 41.944311953934)
O1868167,BICYCLE,fdf7b12cf22e44ca8a063edcd5bda86a3734cf02076dcea29d1e9eccceb18ad4b309047b1cd9ada583e8b2490c171ef63691817d6c36eb6b7a2c434638acb77b,07/21/2024 05:40:00 PM,F,,HELMET NOT USED,NOT AT INTERSECTION,IN ROADWAY,TEST NOT OFFERED,,30,CLEAR,DAYLIGHT,PEDALCYCLIST,NOT DIVIDED,STRAIGHT AND LEVEL,DRY,INJURY AND / OR TOW DUE TO CRASH,NORTH AVE,41.9112718593,-87.6334922322,POINT (-87.633492232193 41.91127185928)
O1868155,BICYCLE,dcbfc312801c5478e3e65f7fd7ddf5becabf32d5b02130fe51b5a09998c24414a1f75ab00db12188eb375ad9caaa22c70c9a0ffcc3053f4d961c10d8a25c8ecb,07/21/2024 05:10:00 PM,F,30.0,BICYCLE HELMET (PEDACYCLIST INVOLVED ONLY),WITH TRAFFIC,BIKE LANE,TEST NOT OFFERED,,20,CLEAR,DAYLIGHT,PEDALCYCLIST,NOT DIVIDED,STRAIGHT AND LEVEL,DRY,NO INJURY / DRIVE AWAY,CLARK ST,41.9045377201,-87.6316127242,POINT (-87.631612724157 41.904537720136)
O1868122,BICYCLE,9d224d53924d0b5e70644ae19eb216332799e47a996a18aa9cb13079ad7b23f9481e71f58234ff8e131c01e74db08cec92c2f9146306c073f05a2d6db83665c5,07/21/2024 04:17:00 PM,F,35.0,BICYCLE HELMET (PEDACYCLIST INVOLVED ONLY),WITH TRAFFIC,BIKEWAY,TEST NOT OFFERED,,30,CLEAR,DAYLIGHT,PEDALCYCLIST,NOT DIVIDED,STRAIGHT AND LEVEL,DRY,INJURY AND / OR TOW DUE TO CRASH,CLARK ST,41.9974773133,-87.6705795675,POINT (-87.670579567497 41.997477313262)
O1867968,BICYCLE,babab5bd334355b9b709d5932ad8e98e6ce92bf3690278e12776d516cde22b4e48d03370e98649bc3e838a54a70c42d8c3a01283b91afebd73606c5a2b48a7ba,07/21/2024 01:30:00 PM,F,40.0,HELMET NOT USED,ENTER FROM DRIVE/ALLEY,IN ROADWAY,TEST NOT OFFERED,,25,CLEAR,DAYLIGHT,PEDALCYCLIST,T-INTERSECTION,STRAIGHT AND LEVEL,DRY,NO INJURY / DRIVE AWAY,MONTROSE AVE,41.9617156689,-87.6511207948,POINT (-87.651120794757 41.961715668908)
O1868359,BICYCLE,188684467c7ca7b350d08cdad9e011bbf0982b3d924444a21a724c679de97e11e8d18cea9484c2fd6ef17ddf5fc572991c17ce315083c3df952215cff972f540,07/21/2024 12:28:00 PM,F,29.0,HELMET NOT USED,WITH TRAFFIC,IN ROADWAY,TEST NOT OFFERED,,30,CLEAR,DAYLIGHT,PEDALCYCLIST,NOT DIVIDED,STRAIGHT AND LEVEL,DRY,INJURY AND / OR TOW DUE TO CRASH,LINCOLN AVE,41.9273489107,-87.6516346006,POINT (-87.651634600615 41.92734891066)
O1868531,NON-MOTOR VEHICLE,9037ca59331fe9c8acc23f4574280b929e9ef0cf41985766652a0a7a3eda61eb18b8db41d3450131b0f5c6c8612e9f8c6154cdb4bc7fc0cd0a344e5e20898742,07/21/2024 11:54:00 AM,M,19.0,NONE PRESENT,NO ACTION,BIKEWAY,TEST NOT OFFERED,,30,CLEAR,DAYLIGHT,OTHER OBJECT,NOT DIVIDED,STRAIGHT AND LEVEL,DRY,INJURY AND / OR TOW DUE TO CRASH,26TH ST,41.8444404228,-87.7183949235,POINT (-87.718394923541 41.844440422792)
O1885136,BICYCLE,84d8648a320d8ee44ed4ec43f1218b4939d3e2f204af09874f058a498c760663c0a286fa15d67db261eb90018b21978b3a0b44041e9461329eaf74b1c4bf1236,07/21/2024 11:30:00 AM,F,36.0,BICYCLE HELMET (PEDACYCLIST INVOLVED ONLY),WITH TRAFFIC,IN ROADWAY,TEST NOT OFFERED,,30,CLEAR,DAYLIGHT,PEDALCYCLIST,NOT DIVIDED,STRAIGHT AND LEVEL,DRY,INJURY AND / OR TOW DUE TO CRASH,SHERIDAN RD,41.9981181534,-87.6570327853,POINT (-87.657032785262 41.998118153358)
O1885137,BICYCLE,84d8648a320d8ee44ed4ec43f1218b4939d3e2f204af09874f058a498c760663c0a286fa15d67db261eb90018b21978b3a0b44041e9461329eaf74b1c4bf1236,07/21/2024 11:30:00 AM,M,35.0,BICYCLE HELMET (PEDACYCLIST INVOLVED ONLY),WITH TRAFFIC,IN ROADWAY,TEST NOT OFFERED,,30,CLEAR,DAYLIGHT,PEDALCYCLIST,NOT DIVIDED,STRAIGHT AND LEVEL,DRY,INJURY AND / OR TOW DUE TO CRASH,SHERIDAN RD,41.9981181534,-87.6570327853,POINT (-87.657032785262 41.998118153358)
O1867878,BICYCLE,b17d0f50ff22a8d53156e735eeca54718fec20e3248786797a920cedf721c5fc2c830f2b2420fae67d0d49f3d2ab4728758d648ba8258c393f75e2c671d7eaa8,07/21/2024 10:30:00 AM,M,39.0,BICYCLE HELMET (PEDACYCLIST INVOLVED ONLY),AGAINST TRAFFIC,IN ROADWAY,TEST NOT OFFERED,,30,CLEAR,DAYLIGHT,PEDALCYCLIST,DIVIDED - W/MEDIAN (NOT RAISED),STRAIGHT AND LEVEL,DRY,INJURY AND / OR TOW DUE TO CRASH,MORSE AVE,42.0078937934,-87.6732172123,POINT (-87.67321721234 42.007893793377)
O1867664,BICYCLE,591027c3dcb02fb38472301e055a18094086aaa69d822f6f4d4a07621a16159fa44a69b164dd53d063a62a8ad6a2da7e70ebc086c6e7c4465e2f8513f3496cc8,07/20/2024 10:50:00 PM,F,44.0,HELMET NOT USED,UNKNOWN/NA,IN CROSSWALK,TEST NOT OFFERED,,30,CLEAR,"DARKNESS, LIGHTED ROAD",PEDALCYCLIST,NOT DIVIDED,STRAIGHT AND LEVEL,DRY,NO INJURY / DRIVE AWAY,CHICAGO AVE,41.8967464354,-87.6311745036,POINT (-87.631174503605 41.896746435406)