PERSON_ID,PERSON_TYPE,CRASH_RECORD_ID,CRASH_DATE_x,SEX,AGE,SAFETY_EQUIPMENT,PEDPEDAL_ACTION,PEDPEDAL_LOCATION,BAC_RESULT,CRASH_DATE_EST_I,POSTED_SPEED_LIMIT,WEATHER_CONDITION,LIGHTING_CONDITION,FIRST_CRASH_TYPE,TRAFFICWAY_TYPE,ALIGNMENT,ROADWAY_SURFACE_COND,CRASH_TYPE,STREET_NAME,LATITUDE,LONGITUDE,LOCATION
O1867760,BICYCLE,4eec827d0c3686b30e91c95d13953f2b27181695e58606591ab6a72e8687f9474600b1084990e09785b320749ec3cb64713f94356ed8cd5e7547090e1ec97570,07/20/2024 10:24:00 PM,M,54.0,BICYCLE HELMET (PEDACYCLIST INVOLVED ONLY),NO ACTION,BIKE LANE,TEST NOT OFFERED,,30,CLEAR,"DARKNESS, LIGHTED ROAD",PEDALCYCLIST,OTHER,STRAIGHT AND LEVEL,DRY,INJURY AND / OR TOW DUE TO CRASH,WELLS ST,41.9108451894,-87.6345541152,POINT (-87.634554115232 41.910845189402)
O1867517,BICYCLE,5ed3e63c345f86b0418de14788053478c42305a6ff8d1d7bc19775f663db592f54bb5d579ea2f8ab2c1b4ed1114083fd688efcc965364e55dcdd41cb73d37aab,07/20/2024 03:58:00 PM,M,22.0,HELMET NOT USED,CROSSING - AGAINST SIGNAL,IN ROADWAY,TEST NOT OFFERED,,30,CLEAR,DAYLIGHT,PEDALCYCLIST,FOUR WAY,STRAIGHT AND LEVEL,DRY,INJURY AND / OR TOW DUE TO CRASH,CHICAGO AVE,41.8965092929,-87.6477558272,POINT (-87.647755827185 41.896509292938)
O1867388,BICYCLE,ed10e65af320254374f3460fdf35f59e3ef4ec0c9a21e8cdfd65e42c6524c66cade3f6e1c8c0d4ce44e9cc9bfb65eb31af530e58afa244a3cefea3226193aaa7,07/20/2024 02:30:00 PM,F,59.0,HELMET NOT USED,CROSSING - AGAINST SIGNAL,IN CROSSWALK,TEST NOT OFFERED,,30,CLEAR,DAYLIGHT,PEDALCYCLIST,DIVIDED - W/MEDIAN (NOT RAISED),STRAIGHT AND LEVEL,DRY,INJURY AND / OR TOW DUE TO CRASH,MADISON ST,41.8807448941,-87.7159535869,POINT (-87.715953586887 41.88074489414)
O1873936,BICYCLE,99cb3396b1c77ecee07584b6f24e4b3cab5e1cfb5c52ea7a9b0c23fdb42ee227e6c585baec7145888d15cef164c2f4f4ff30f9681d08827fe4096afd6e8c0463,07/20/2024 12:45:00 PM,M,42.0,BICYCLE HELMET (PEDACYCLIST INVOLVED ONLY),CROSSING - NO CONTROLS (AT INTERSECTION),BIKEWAY,TEST NOT OFFERED,,30,CLEAR,DAYLIGHT,PEDALCYCLIST,NOT DIVIDED,STRAIGHT AND LEVEL,DRY,INJURY AND / OR TOW DUE TO CRASH,MONTROSE AVE,41.9618661027,-87.6564709909,POINT (-87.656470990925 41.96186610267)
O1868352,BICYCLE,a7fc6ba87e3335ab4b2c0c5fdb667d4eaaf3ec94484a45ff398bb84c115e3520080fa754d93f60abf3fee2cfe8b0c8e5b7acfa27430453452e309fc052c16030,07/20/2024 12:30:00 PM,M,38.0,HELMET NOT USED,OTHER ACTION,IN ROADWAY,TEST NOT OFFERED,,15,CLEAR,DAYLIGHT,PEDALCYCLIST,ALLEY,STRAIGHT AND LEVEL,DRY,NO INJURY / DRIVE AWAY,TALMAN AVE,41.9941085156,-87.6960144076,POINT (-87.696014407588 41.994108515578)
O1867320,BICYCLE,cd314177d5b4923678f80fafaa11ccae136f887e7cf231103d70568cf50296cda23b9350a0b25d6af2497829e56ddfa787e00f19cded02c8bb0cb3442e119d7e,07/20/2024 12:21:00 PM,M,15.0,BICYCLE HELMET (PEDACYCLIST INVOLVED ONLY),AGAINST TRAFFIC,IN ROADWAY,TEST NOT OFFERED,,15,CLEAR,DAYLIGHT,PEDALCYCLIST,NOT DIVIDED,STRAIGHT AND LEVEL,DRY,INJURY AND / OR TOW DUE TO CRASH,GRAND AVE,41.8920941369,-87.6115698839,POINT (-87.611569883947 41.892094136862)
O1867293,BICYCLE,a9948e37765df8599fc73edfc0373fa56dc84ad774d56302bff3b3dc6fcf8e51bd0cfb5d8fe15fdd68ee6e17ef40c2760359f5e52ba8b8d651024446e183e2cb,07/20/2024 10:41:00 AM,M,19.0,HELMET NOT USED,WITH TRAFFIC,IN ROADWAY,TEST NOT OFFERED,,30,CLEAR,DAYLIGHT,PEDALCYCLIST,NOT DIVIDED,STRAIGHT AND LEVEL,DRY,INJURY AND / OR TOW DUE TO CRASH,CLARK ST,41.9291804819,-87.6427689779,POINT (-87.642768977893 41.929180481918)
O1867683,BICYCLE,8dbf32eb75bd32b8429de32ca7e11bf7a180ee904501613faa37ddf702a776f44876701b0fd001f94490a6d16e26d3c2831dbb055d40c50fb6d322fa26f71883,07/20/2024 09:15:00 AM,F,27.0,BICYCLE HELMET (PEDACYCLIST INVOLVED ONLY),WITH TRAFFIC,IN ROADWAY,TEST NOT OFFERED,,30,CLEAR,DAYLIGHT,PEDALCYCLIST,NOT DIVIDED,STRAIGHT AND LEVEL,DRY,NO INJURY / DRIVE AWAY,BERTEAU AVE,41.957824791,-87.6701121735,POINT (-87.670112173542 41.957824791038)
O1867362,BICYCLE,231989cc11edad768d0acbb57d15d2d6348d10009683a4c5a31ade8d832579f71a3d33c69ae3293d0281aa2724fa35e82af1fa6e7d5795269e4ed575280df4b9,07/19/2024 09:52:00 PM,M,80.0,HELMET NOT USED,CROSSING - WITH SIGNAL,IN CROSSWALK,TEST NOT OFFERED,,30,CLEAR,"DARKNESS, LIGHTED ROAD",PEDALCYCLIST,NOT DIVIDED,STRAIGHT AND LEVEL,DRY,INJURY AND / OR TOW DUE TO CRASH,26TH ST,41.8448007855,-87.6952525937,POINT (-87.695252593724 41.844800785514)
O1867051,BICYCLE,fb21e1d9fd33f648591647d24aefac14c5cec4f6341bb5b7db9b7a7df95f4ba845aba128d15e7757861c23d05c86f47fcccec1f181e73cefa8a8f40b20487b7a,07/19/2024 09:10:00 PM,M,30.0,HELMET NOT USED,CROSSING - WITH SIGNAL,IN CROSSWALK,TEST NOT OFFERED,,30,CLEAR,"DARKNESS, LIGHTED ROAD",PEDALCYCLIST,"FIVE POINT, OR MORE",STRAIGHT AND LEVEL,DRY,INJURY AND / OR TOW DUE TO CRASH,CLARK ST,42.0154306476,-87.6752531477,POINT (-87.675253147656 42.015430647625)
O1867029,BICYCLE,b6f3b424693f69e3972bbca79ee34359f5a485e528b24317026ad3d77151c923414ad2fab86eccd25e3337dfc31b4b87b9b998d28081ac5b4682b4c12dfe6768,07/19/2024 07:57:00 PM,M,75.0,HELMET NOT USED,WITH TRAFFIC,IN ROADWAY,TEST NOT OFFERED,,30,CLEAR,DAWN,PEDALCYCLIST,NOT DIVIDED,STRAIGHT AND LEVEL,DRY,INJURY AND / OR TOW DUE TO CRASH,PULASKI RD,41.9314483424,-87.7271160461,POINT (-87.727116046063 41.931448342353)
O1867581,BICYCLE,c710ba15158a9c1c07fb870e9891db7940659c71f576e54e6d5e431da8f51f1bec502101e7976602dd8d436cddc442bc87e93adf1be4c0b4dc2a4a26c9c5164e,07/19/2024 06:24:00 PM,F,45.0,HELMET NOT USED,OTHER ACTION,IN ROADWAY,TEST NOT OFFERED,,30,CLEAR,DAYLIGHT,PEDALCYCLIST,NOT DIVIDED,STRAIGHT AND LEVEL,DRY,INJURY AND / OR TOW DUE TO CRASH,OVERHILL AVE,42.0149442349,-87.8186495186,POINT (-87.818649518584 42.014944234905)
O1867011,BICYCLE,860b41cde8be24194206d2253d7e98b8e03a327e18b74fb1146c559e5d8d081ff3a7488f75eae43e999f25e2a089b38dc8f01e62a9e8b7ad6e28742be8c9c136,07/19/2024 06:00:00 PM,M,41.0,BICYCLE HELMET (PEDACYCLIST INVOLVED ONLY),CROSSING - CONTROLS PRESENT (NOT AT INTERSECTION),BIKEWAY,TEST NOT OFFERED,,25,CLEAR,DAYLIGHT,PEDALCYCLIST,ONE-WAY,STRAIGHT AND LEVEL,DRY,INJURY AND / OR TOW DUE TO CRASH,LAWRENCE AVE,41.9683202132,-87.7108577488,POINT (-87.710857748796 41.968320213185)
O1866918,BICYCLE,696e2241be17478a934c1afa9f24a996f55aab5951f07c69adc93781cf1739990645c986cefcbd54d1aacb9b7220553758d33101a2a1943cff02ef913b55a344,07/19/2024 05:59:00 PM,M,54.0,HELMET NOT USED,TURNING LEFT,IN ROADWAY,,,30,CLEAR,DAYLIGHT,PEDALCYCLIST,T-INTERSECTION,STRAIGHT AND LEVEL,DRY,INJURY AND / OR TOW DUE TO CRASH,WOOD ST,41.9020986236,-87.6722050416,POINT (-87.672205041587 41.902098623584)
O1866947,BICYCLE,3aa6f78f015684b9874b71151f05b5f2040dab15405122970e34fe9327cd12a1e81cedfef3d0ee5331402646ba0e6657aa6227c5a437f34c5e0f7c0c75887d30,07/19/2024 05:00:00 PM,M,28.0,BICYCLE HELMET (PEDACYCLIST INVOLVED ONLY),OTHER ACTION,BIKEWAY,TEST NOT OFFERED,,30,CLEAR,DAYLIGHT,PEDALCYCLIST,NOT DIVIDED,STRAIGHT AND LEVEL,DRY,INJURY AND / OR TOW DUE TO CRASH,LAWRENCE AVE,41.9683478705,-87.7081728156,POINT (-87.708172815575 41.968347870493)
O1868520,BICYCLE,3dfff8d659502fd6532a4ab653596889eaf68b33fec1e6d8a8a4978cd88b9a34f3eb593622b4fee12957d1669093e298627372f5d75b6a6b3f98dee209b59da4,07/19/2024 01:30:00 PM,F,59.0,HELMET NOT USED,TURNING RIGHT,IN ROADWAY,TEST NOT OFFERED,,35,CLEAR,DAYLIGHT,PEDALCYCLIST,NOT DIVIDED,STRAIGHT AND LEVEL,DRY,NO INJURY / DRIVE AWAY,MICHIGAN AVE,41.8844126972,-87.6243023993,POINT (-87.624302399283 41.884412697173)
O1866701,BICYCLE,302e827ee3b9cae4fc7c008fb136cd57b7b7f69558a71fee72dbd64df0e11a53a3d981e72ff758e77bb901792c8b2370a27d0f9a3360a7a94a23f7af48afa4cb,07/19/2024 12:53:00 PM,M,34.0,BICYCLE HELMET (PEDACYCLIST INVOLVED ONLY),UNKNOWN/NA,SHOULDER,TEST NOT OFFERED,,35,CLEAR,DAYLIGHT,PEDALCYCLIST,NOT DIVIDED,STRAIGHT AND LEVEL,DRY,NO INJURY / DRIVE AWAY,FULLERTON PKWY,41.9255174842,-87.6380320405,POINT (-87.638032040545 41.925517484184)
O1866493,NON-MOTOR VEHICLE,f0627b31b9c51aa5c0d30cfe6f4d9f613d42231b58b1768fa547fce257594b6f85cd13698e6a6c82c5b445083eea593860edbe2a4a43c7ac34e29124e4be7b5a,07/19/2024 07:00:00 AM,M,25.0,NONE PRESENT,CROSSING - AGAINST SIGNAL,IN CROSSWALK,TEST NOT OFFERED,,30,CLEAR,DAYLIGHT,OTHER OBJECT,FOUR WAY,STRAIGHT AND LEVEL,DRY,NO INJURY / DRIVE AWAY,STATE ST,41.7509181383,-87.6246901225,POINT (-87.624690122516 41.750918138315)
O1867619,BICYCLE,7726613e51644609bb0d92f593f4fe73d8611c2219ca367ea4caf762318b2be9b472f9d7c778385e35af3515ee1ac45a19c1d71e37f3d6f790c1f3ce56dee241,07/19/2024 03:15:00 AM,M,59.0,HELMET NOT USED,OTHER ACTION,IN ROADWAY,TEST NOT OFFERED,,25,CLEAR,"DARKNESS, LIGHTED ROAD",PARKED MOTOR VEHICLE,NOT DIVIDED,STRAIGHT AND LEVEL,DRY,NO INJURY / DRIVE AWAY,WABANSIA AVE,41.9114892754,-87.7346987296,POINT (-87.734698729615 41.911489275423)
O1866439,BICYCLE,82542cc63e57dc13a2dddeac465dcbcaa285fd6cbaf8817064d283573ecb1244b8d01abfdae0861cb1ceaab5ee48250629310de7e720c2f5c32144033f932f79,07/18/2024 11:58:00 PM,X,28.0,HELMET NOT USED,CROSSING - WITH SIGNAL,IN CROSSWALK,,,30,CLEAR,"DARKNESS, LIGHTED ROAD",PEDALCYCLIST,FOUR WAY,STRAIGHT AND LEVEL,DRY,INJURY AND / OR TOW DUE TO CRASH,95TH ST,41.7217597127,-87.6249577155,POINT (-87.624957715468 41.721759712746)
O1866361,BICYCLE,e0d2bef00c4d56ce30f0490aa6628948b04b6bfc53a668b5aa360428afe8a7870359e66bec8603c2acce8a44a5fd5e0e63108c47043068114baed95b28d0cd4c,07/18/2024 09:20:00 PM,M,28.0,HELMET NOT USED,TURNING LEFT,IN ROADWAY,TEST NOT OFFERED,,30,CLEAR,"DARKNESS, LIGHTED ROAD",PEDALCYCLIST,NOT DIVIDED,STRAIGHT AND LEVEL,DRY,INJURY AND / OR TOW DUE TO CRASH,WELLS ST,41.8947546243,-87.6340046122,POINT (-87.634004612211 41.894754624281)
O1866318,BICYCLE,7d421e480881980d965e74e372e1affcf07d349d45a871eb885789246d4a227c0c0db6c4244ae81b0376bca5894b063d3ca41128459b2b3a91c198920803e100,07/18/2024 06:08:00 PM,M,31.0,HELMET NOT USED,UNKNOWN/NA,BIKEWAY,TEST NOT OFFERED,,25,CLEAR,DAYLIGHT,PEDALCYCLIST,NOT DIVIDED,STRAIGHT AND LEVEL,DRY,INJURY AND / OR TOW DUE TO CRASH,CLYBOURN AVE,41.9055590159,-87.6422749931,POINT (-87.642274993131 41.905559015942)
O1866198,BICYCLE,8e1283146548e7b8a5a3d8c795a87d3a563be37a292469d28ccff3f6926c4d17bfb76c9dc3cda183f47274ca0fa0e39bb3ddadd06ec699a7009d4aea7ac6106f,07/18/2024 05:35:00 PM,M,34.0,BICYCLE HELMET (PEDACYCLIST INVOLVED ONLY),WITH TRAFFIC,IN ROADWAY,TEST NOT OFFERED,,20,CLEAR,DAYLIGHT,PEDALCYCLIST,NOT DIVIDED,STRAIGHT AND LEVEL,DRY,INJURY AND / OR TOW DUE TO CRASH,THROOP ST,41.8388890307,-87.6503462982,POINT (-87.650346298158 41.838889030693)
O1867409,BICYCLE,9b84edd9f31af57a0782deff1117cd6b7eb6d67fab7ebbc53e8cf7b177abc539dbf12ec7a22e17e955a4f91a0ec70d67020a1d22f69e4fe12cd39c21b0e2dade,07/18/2024 04:30:00 PM,M,16.0,BICYCLE HELMET (PEDACYCLIST INVOLVED ONLY),UNKNOWN/NA,BIKE LANE,TEST NOT OFFERED,,30,CLEAR,DAYLIGHT,PEDALCYCLIST,DIVIDED - W/MEDIAN (NOT RAISED),STRAIGHT AND LEVEL,DRY,INJURY AND / OR TOW DUE TO CRASH,WRIGHTWOOD AVE,41.9282078544,-87.728158558,POINT (-87.728158558029 41.928207854423)
O1866237,BICYCLE,db8fa3599a388ab9db870eaf8a3e261fe62b64b10b1a9d62f46f734e619e7f959a100e2e6d4d6e1e91abd5add0862fe287193a656bb7bf3ff625d6917d7ad690,07/18/2024 04:10:00 PM,M,16.0,HELMET NOT USED,CROSSING - CONTROLS PRESENT (NOT AT INTERSECTION),DRIVEWAY ACCESS,TEST NOT OFFERED,,30,CLEAR,DAYLIGHT,PEDALCYCLIST,NOT DIVIDED,STRAIGHT AND LEVEL,DRY,INJURY AND / OR TOW DUE TO CRASH,SHERIDAN RD,41.9889026315,-87.655202871,POINT (-87.65520287102 41.988902631487)
O1893959,BICYCLE,80a9b236d5442f90b53d2294ae6139d00304159e047e71fddbd405590bdd1e24afeed14169cc943df210353f88c87b210dc06c6dfe51d3eb310f0e97c2ae7343,07/18/2024 03:40:00 PM,F,18.0,BICYCLE HELMET (PEDACYCLIST INVOLVED ONLY),CROSSING - WITH SIGNAL,IN ROADWAY,TEST NOT OFFERED,,30,UNKNOWN,DAYLIGHT,PEDALCYCLIST,NOT DIVIDED,STRAIGHT AND LEVEL,UNKNOWN,INJURY AND / OR TOW DUE TO CRASH,MICHIGAN AVE,41.8675536341,-87.6242715489,POINT (-87.624271548879 41.867553634062)
O1866067,BICYCLE,89873c7bd502662cb7930ac557ba7f8008ea2333c9272a37bbdda29bcef4ab084fd433d9a1c89577aba24dea3b4cf2e550c20adf255437c2ef13296c1b9b41cf,07/18/2024 01:36:00 PM,M,47.0,BICYCLE HELMET (PEDACYCLIST INVOLVED ONLY),OTHER ACTION,IN ROADWAY,TEST NOT OFFERED,,30,CLEAR,DAYLIGHT,PEDALCYCLIST,Y-INTERSECTION,STRAIGHT AND LEVEL,DRY,INJURY AND / OR TOW DUE TO CRASH,CHICAGO AVE,41.8962997064,-87.6598270479,POINT (-87.659827047865 41.896299706373)
O1865919,BICYCLE,944a28a1e07dcd49b78de352c19fc53313c4bbfa5cb89ead872b222005a76f7630856567e02038f4caf7a6ca75e6ece947bb56eb63f874382fded1a44c96c28a,07/18/2024 11:15:00 AM,M,21.0,BICYCLE HELMET (PEDACYCLIST INVOLVED ONLY),UNKNOWN/NA,IN ROADWAY,TEST NOT OFFERED,,30,CLEAR,DAYLIGHT,PEDALCYCLIST,NOT DIVIDED,STRAIGHT AND LEVEL,DRY,INJURY AND / OR TOW DUE TO CRASH,ARMITAGE AVE,41.9177412785,-87.672697028,POINT (-87.672697028018 41.917741278531)
O1865902,BICYCLE,d76289701ad87f2b01be689e42021182cbe128c321ea3eecebcacb261043c1dd1562d81b201b4d4880555ed16525d3f4ee9635735f928e114423ca9af21e0d41,07/18/2024 10:10:00 AM,F,,BICYCLE HELMET (PEDACYCLIST INVOLVED ONLY),CROSSING - WITH SIGNAL,IN ROADWAY,TEST NOT OFFERED,,30,CLEAR,DAYLIGHT,PEDALCYCLIST,FOUR WAY,STRAIGHT AND LEVEL,DRY,INJURY AND / OR TOW DUE TO CRASH,CLARK ST,41.9058803929,-87.6316581283,POINT (-87.631658128258 41.905880392877)
O1865670,BICYCLE,e1652c0020e88414c7d55fd065bdb722a52ebc0e76ac297b8dbb40c8f62aa86a6032d5d71d260aad232a9a1c211fc9a4c2a17a6a1851db298f6bd51413d3eed4,07/17/2024 08:09:00 PM,M,17.0,BICYCLE HELMET (PEDACYCLIST INVOLVED ONLY),UNKNOWN/NA,IN ROADWAY,TEST NOT OFFERED,,35,CLEAR,"DARKNESS, LIGHTED ROAD",PEDALCYCLIST,NOT DIVIDED,STRAIGHT AND LEVEL,DRY,NO INJURY / DRIVE AWAY,NORTH AVE,41.9112720681,-87.6331171744,POINT (-87.633117174389 41.911272068098)
O1865656,BICYCLE,5fbe90f22f52a82d49a034562249c1a31043754a9049528632e44545775e690768e69e3fa401996aeaab36b9cd36efef9f0b7c02adbe42c3f144110eb2c4c604,07/17/2024 07:35:00 PM,M,41.0,HELMET NOT USED,WITH TRAFFIC,BIKEWAY,TEST NOT OFFERED,,30,CLEAR,DAYLIGHT,PEDALCYCLIST,DIVIDED - W/MEDIAN (NOT RAISED),STRAIGHT AND LEVEL,DRY,INJURY AND / OR TOW DUE TO CRASH,LAWRENCE AVE,41.9684475741,-87.7191630028,POINT (-87.719163002845 41.968447574063)
O1865595,BICYCLE,21358a76d036417709b50a60ae0d1055e8b3460f86caf03a126a332eff8464c10f524fb5bdb1e2d7c4d07fc697650b9f331ba4c66db057f46f8d881240a861ac,07/17/2024 06:20:00 PM,M,29.0,BICYCLE HELMET (PEDACYCLIST INVOLVED ONLY),CROSSING - NO CONTROLS (NOT AT INTERSECTION),BIKEWAY,TEST NOT OFFERED,,30,CLEAR,DAWN,PEDALCYCLIST,NOT DIVIDED,STRAIGHT AND LEVEL,DRY,INJURY AND / OR TOW DUE TO CRASH,ARMITAGE AVE,41.9175031598,-87.6850534827,POINT (-87.685053482725 41.917503159796)
O1865534,BICYCLE,8e514b1365f26bea6e23217b96b7693049d414d24c209bb9f6dbe44c7d49e330b8a212558ddbdd0428e4d69cb54d788e37038a5d2b9d40d41578bbd9b46ce5b9,07/17/2024 05:50:00 PM,M,,BICYCLE HELMET (PEDACYCLIST INVOLVED ONLY),INTOXICATED PED/PEDAL,UNKNOWN/NA,TEST NOT OFFERED,,35,CLEAR,DAYLIGHT,PEDALCYCLIST,NOT DIVIDED,STRAIGHT AND LEVEL,DRY,NO INJURY / DRIVE AWAY,NORTH AVE,41.9107622705,-87.6512023099,POINT (-87.651202309854 41.910762270541)
O1865548,BICYCLE,8c6bbeee3b4347486c85dc5536df3b09026c4b839a6e589e90f8bf9df57ebc253ca8fd56f2eb865a93d9e4d841ec8fdadc75352171448630805131217c7361e3,07/17/2024 05:41:00 PM,F,32.0,BICYCLE HELMET (PEDACYCLIST INVOLVED ONLY),CROSSING - WITH SIGNAL,BIKE LANE,TEST NOT OFFERED,,30,CLEAR,DAYLIGHT,PEDALCYCLIST,RAMP,STRAIGHT AND LEVEL,DRY,INJURY AND / OR TOW DUE TO CRASH,RANDOLPH ST,41.8842620056,-87.6163677044,POINT (-87.616367704398 41.884262005608)
O1865531,BICYCLE,e31442ec74a537b46fd6393d08eee4c638615948ae734255103ab74ed8f3f8413da94ce9bca5f07ae5837e8562c259759dadca388fafdbda5e94b530dc41bedf,07/17/2024 05:40:00 PM,F,28.0,HELMET NOT USED,WITH TRAFFIC,IN ROADWAY,TEST NOT OFFERED,,30,CLEAR,DAYLIGHT,PEDALCYCLIST,NOT DIVIDED,STRAIGHT AND LEVEL,DRY,INJURY AND / OR TOW DUE TO CRASH,ADDISON ST,41.946839991,-87.6883201925,POINT (-87.68832019253 41.946839991005)
O1865546,BICYCLE,d566700754b7634e8b6ee271d2753c1339c26d1c965f4c534c36697d74c968f979ee2d79f2e0394ab819304063df08b102a3629d28091e811eab1c549edc0b92,07/17/2024 05:25:00 PM,M,15.0,BICYCLE HELMET (PEDACYCLIST INVOLVED ONLY),OTHER ACTION,IN ROADWAY,TEST NOT OFFERED,,30,CLEAR,DAYLIGHT,PEDALCYCLIST,DIVIDED - W/MEDIAN (NOT RAISED),STRAIGHT AND LEVEL,DRY,INJURY AND / OR TOW DUE TO CRASH,CALIFORNIA AVE,41.9357873975,-87.6978726556,POINT (-87.697872655578 41.935787397465)
O1869338,BICYCLE,88c7febabb2b8f596f690693e3e023afda633dfa1c02e0bea13fc0483a3cd338341befa5c65ad2331db6dc22e6b680aba08d8add86eff103174c930a4f0e5e03,07/17/2024 04:57:00 PM,M,,BICYCLE HELMET (PEDACYCLIST INVOLVED ONLY),WITH TRAFFIC,IN ROADWAY,TEST NOT OFFERED,,30,CLEAR,DAYLIGHT,PEDALCYCLIST,NOT DIVIDED,STRAIGHT AND LEVEL,DRY,NO INJURY / DRIVE AWAY,DAMEN AVE,41.884939604,-87.6765906366,POINT (-87.676590636604 41.884939604018)
O1865403,BICYCLE,b58324dfda03e25f3249a1c5bcba093edbff1a853cbf9a622e2c0f00482efeb42f26c685f9705b542f7de236f0cfc1bce658da6337a946855587832c163f2332,07/17/2024 03:10:00 PM,M,16.0,HELMET NOT USED,CROSSING - NO CONTROLS (AT INTERSECTION),IN CROSSWALK,TEST NOT OFFERED,Y,30,CLEAR,DAYLIGHT,PEDALCYCLIST,DIVIDED - W/MEDIAN BARRIER,STRAIGHT AND LEVEL,DRY,INJURY AND / OR TOW DUE TO CRASH,DEVON AVE,41.997432672,-87.7621040244,POINT (-87.762104024353 41.997432672005)
O1866037,BICYCLE,02a57c4c8df9a7087a6f13c7d8bb2afddb44d73bf96f708a6d5b4f2fe06e9165bc17dea19a6744f1525f480ad362e1da7d2720649fc44ba29ebb74efb7ff059d,07/17/2024 02:10:00 PM,M,,HELMET NOT USED,OTHER ACTION,IN ROADWAY,TEST NOT OFFERED,,30,CLEAR,DAYLIGHT,PEDALCYCLIST,ONE-WAY,STRAIGHT AND LEVEL,DRY,NO INJURY / DRIVE AWAY,VAN BUREN ST,41.8769023569,-87.638017061,POINT (-87.638017061047 41.876902356927)
O1865325,BICYCLE,f6c4d8c4ba0f8471b2a71eea71a151fd6f77b6cb54bdab4e1b15cb4d8ce5b2bbc56d6b6fc345ef093bd0b27708a98e5f8943e95e256cc37832a71d6b52c17ce4,07/17/2024 12:13:00 PM,M,48.0,HELMET NOT USED,WITH TRAFFIC,IN ROADWAY,TEST NOT OFFERED,,30,CLEAR,DAYLIGHT,PEDALCYCLIST,ONE-WAY,STRAIGHT AND LEVEL,DRY,INJURY AND / OR TOW DUE TO CRASH,MARYLAND AVE,41.7792928613,-87.6047701097,POINT (-87.604770109701 41.779292861327)
O1865198,BICYCLE,74a36c91d470aad5f1047f34b3974d9e9f2c2e4a22ad9e21e7efaf26273c0a0ddca9d1b9ebbdbc18b01466ee85b419583e533c8dae24186c9cdfe0fb736e60d4,07/17/2024 08:45:00 AM,M,,BICYCLE HELMET (PEDACYCLIST INVOLVED ONLY),WITH TRAFFIC,IN ROADWAY,TEST NOT OFFERED,,30,CLEAR,DAYLIGHT,PEDALCYCLIST,ONE-WAY,STRAIGHT AND LEVEL,DRY,NO INJURY / DRIVE AWAY,RANDOLPH ST,41.8843754774,-87.6554629722,POINT (-87.655462972163 41.884375477377)
O1865177,BICYCLE,39505832cda8b291e820d557e78af7eca451d28a889d3b6fc8668213a3c1fc58332a023a5eee3884645f1b17476c90686ed967861ce1ca2b7c5c1fc441419ea0,07/17/2024 08:10:00 AM,M,40.0,BICYCLE HELMET (PEDACYCLIST INVOLVED ONLY),WITH TRAFFIC,UNKNOWN/NA,TEST NOT OFFERED,,20,CLEAR,DAYLIGHT,PEDALCYCLIST,ONE-WAY,STRAIGHT AND LEVEL,DRY,INJURY AND / OR TOW DUE TO CRASH,JACKSON BLVD,41.8779119623,-87.6564445172,POINT (-87.656444517191 41.877911962286)
O1865003,BICYCLE,18a527929619cc7312af4ebb8c97d01c77805d9115e0277176fc760ce89a31017c7a19bfcd38c7a52b0191e15f95a0fe406d2bfbec4abbc3a1f8b5d1385a2d50,07/16/2024 08:38:00 PM,M,,HELMET NOT USED,ENTER FROM DRIVE/ALLEY,IN ROADWAY,TEST NOT OFFERED,,30,CLEAR,"DARKNESS, LIGHTED ROAD",PEDALCYCLIST,ONE-WAY,STRAIGHT AND LEVEL,DRY,NO INJURY / DRIVE AWAY,GRAND AVE,41.8915219663,-87.6306963469,POINT (-87.630696346857 41.89152196627)
O1864897,BICYCLE,bf8e547c63fbb88d13f4e23e6269c493eac48bb40478439a077d069102bcc139a37a4a18880d048c3ed35ba3f1c4b8c6da9c860a00cdcda2d63249cbe6981c44,07/16/2024 06:00:00 PM,M,23.0,HELMET NOT USED,CROSSING - CONTROLS PRESENT (NOT AT INTERSECTION),IN ROADWAY,TEST NOT OFFERED,,30,CLEAR,DAYLIGHT,PEDALCYCLIST,NOT DIVIDED,STRAIGHT AND LEVEL,UNKNOWN,INJURY AND / OR TOW DUE TO CRASH,MACKINAW AVE,41.6535814114,-87.542450289,POINT (-87.542450289008 41.653581411353)
O1864833,BICYCLE,ecd5b00d981457b5bbb6790c8d83af54d1c2cf13564f1071b51a2be5760232daeb7792ad6b126d547f66ab57baf9979973c03aedff5c857beb50d40665e6255b,07/16/2024 05:25:00 PM,F,26.0,HELMET NOT USED,TO/FROM DISABLED VEHICLE,BIKEWAY,TEST NOT OFFERED,,30,CLEAR,DAYLIGHT,PEDALCYCLIST,DIVIDED - W/MEDIAN (NOT RAISED),STRAIGHT AND LEVEL,DRY,INJURY AND / OR TOW DUE TO CRASH,MILWAUKEE AVE,41.9113270833,-87.6787078733,POINT (-87.678707873347 41.911327083302)
O1864806,BICYCLE,cf278765a3ee1d358097bf8edfd42f2503722fc9ef4468246e44129d56ca28afee69d7f814cee287cce181fa36de6d3a6e5f4f3265ce71a1b828b92b17b1233f,07/16/2024 05:10:00 PM,M,22.0,HELMET NOT USED,CROSSING - WITH SIGNAL,BIKEWAY,TEST NOT OFFERED,,30,CLEAR,DAYLIGHT,PEDALCYCLIST,FOUR WAY,STRAIGHT AND LEVEL,DRY,NO INJURY / DRIVE AWAY,WENTWORTH AVE,41.8577437509,-87.6320390628,POINT (-87.632039062819 41.857743750896)