PERSON_ID,PERSON_TYPE,CRASH_RECORD_ID,CRASH_DATE_x,SEX,AGE,SAFETY_EQUIPMENT,PEDPEDAL_ACTION,PEDPEDAL_LOCATION,BAC_RESULT,CRASH_DATE_EST_I,POSTED_SPEED_LIMIT,WEATHER_CONDITION,LIGHTING_CONDITION,FIRST_CRASH_TYPE,TRAFFICWAY_TYPE,ALIGNMENT,ROADWAY_SURFACE_COND,CRASH_TYPE,STREET_NAME,LATITUDE,LONGITUDE,LOCATION
O1864815,BICYCLE,b84ee6ebce5e9ec8f2e9d1d42c67d18c17d451634e3e2ca313ab0d63a760158fd947f4f759e52a972c37b7441b087425df1f0cbec3247b6d724b2fcde12da6a2,07/16/2024 03:50:00 PM,M,43.0,HELMET NOT USED,UNKNOWN/NA,NOT IN ROADWAY,TEST NOT OFFERED,,25,CLEAR,DAYLIGHT,PEDALCYCLIST,NOT DIVIDED,STRAIGHT AND LEVEL,DRY,INJURY AND / OR TOW DUE TO CRASH,PARKSIDE AVE,41.8962807695,-87.7668080038,POINT (-87.766808003843 41.896280769531)
O1864698,BICYCLE,ef3bcaef92aadbd5ed9caa8b1b41d2a5ead879440313563e877cd27ba90f458f055645e0bfaf5314214b8af3a6721099d93b85e368534275e4d02e9d29b16d37,07/16/2024 03:23:00 PM,F,22.0,HELMET NOT USED,AGAINST TRAFFIC,IN ROADWAY,TEST NOT OFFERED,,20,CLEAR,DAYLIGHT,PEDALCYCLIST,Y-INTERSECTION,STRAIGHT AND LEVEL,DRY,NO INJURY / DRIVE AWAY,GRACE ST,41.9513224332,-87.6495772634,POINT (-87.649577263418 41.951322433209)
O1871064,BICYCLE,df91599f8fb3f49ecb0642aa3a659a49a0fe35a72c8f31d6a66c2c041b449b6c0ce344f9f81e2f1575ea417e8071fd63f5edcde1b556382e09d517535e0d3658,07/16/2024 03:15:00 PM,M,28.0,HELMET NOT USED,WITH TRAFFIC,BIKE LANE,TEST NOT OFFERED,,30,UNKNOWN,UNKNOWN,PEDALCYCLIST,T-INTERSECTION,STRAIGHT AND LEVEL,UNKNOWN,INJURY AND / OR TOW DUE TO CRASH,STATE ST,41.7545011809,-87.6247890046,POINT (-87.6247890046 41.754501180878)
O1864738,BICYCLE,d20a23c410c5317d54f17754b2da09262d1d1527336702b100b962ea8e8f9397a75315b389ab2c3659e4cc0076ae14b79f00855c81b425eb832d04b83db24060,07/16/2024 02:28:00 PM,F,15.0,HELMET NOT USED,CROSSING - CONTROLS PRESENT (NOT AT INTERSECTION),IN CROSSWALK,TEST NOT OFFERED,,30,CLEAR,DAYLIGHT,PEDALCYCLIST,DIVIDED - W/MEDIAN BARRIER,STRAIGHT AND LEVEL,DRY,INJURY AND / OR TOW DUE TO CRASH,CLARK ST,41.9956393863,-87.6703391799,POINT (-87.670339179937 41.995639386301)
O1864618,NON-MOTOR VEHICLE,48a204b2d20d2785e2f5b2f38fef50f456be2a81eaef2be289d53bd92d4f0205b6ff8af24ae13c6ea45b6ad9c176fb47407a4cbdc552c94fd68f0d0c278bd21e,07/16/2024 01:30:00 PM,M,,NONE PRESENT,UNKNOWN/NA,IN ROADWAY,TEST NOT OFFERED,,30,CLEAR,DAYLIGHT,OTHER OBJECT,NOT DIVIDED,STRAIGHT AND LEVEL,DRY,NO INJURY / DRIVE AWAY,NORTH AVE,41.909600386,-87.7393564665,POINT (-87.739356466533 41.909600386011)
O1864548,BICYCLE,8417d3b0fbb696e975ff9fb50a5d4401120fd66f178684793777b288ab5885092647492f08da7c27bf745df5d0e69f95d733c4f95e532f0e42e9fdf2b39181da,07/16/2024 12:05:00 PM,M,20.0,HELMET NOT USED,CROSSING - AGAINST SIGNAL,IN ROADWAY,TEST NOT OFFERED,,25,CLEAR,DAYLIGHT,PEDALCYCLIST,FOUR WAY,STRAIGHT AND LEVEL,DRY,NO INJURY / DRIVE AWAY,HAMLIN AVE,41.9082120835,-87.7217552269,POINT (-87.72175522687 41.908212083491)
O1864526,BICYCLE,df2e638ce07cf6bb4356cd672b309d29882621644b5b129955d6f7acf854ed4cafdbbcfb3cfb0db033907575706a6ef930ebf2b1c5bfcf79601f20c4cbe3355a,07/16/2024 12:05:00 PM,M,,BICYCLE HELMET (PEDACYCLIST INVOLVED ONLY),NO ACTION,IN ROADWAY,,,30,CLEAR,DAYLIGHT,PEDALCYCLIST,DIVIDED - W/MEDIAN (NOT RAISED),STRAIGHT AND LEVEL,DRY,NO INJURY / DRIVE AWAY,MILWAUKEE AVE,41.9298181077,-87.7088655439,POINT (-87.708865543906 41.92981810773)
O1864392,BICYCLE,6371d03e84b0c694de458ecd088dc8ba4d357f25733ad039548e6725b0d217c52c957812f9984275b5f8af5634e94f873610b6e976a32e3555e628816fa7d554,07/16/2024 08:20:00 AM,F,34.0,HELMET NOT USED,NO ACTION,IN ROADWAY,,,30,CLEAR,DAYLIGHT,PEDALCYCLIST,NOT DIVIDED,STRAIGHT AND LEVEL,DRY,INJURY AND / OR TOW DUE TO CRASH,DIVERSEY PKWY,41.9329963178,-87.6405647785,POINT (-87.640564778532 41.932996317763)
O1864470,BICYCLE,b454cae1ae72cea76bb418538bf6f3dfd140b247f16052fcba002ae4ab00e53067b12485d090f2dd8a57cb9d73126b17138cc4b2d25c286f30e37b7725ddb5d8,07/15/2024 07:00:00 PM,M,55.0,HELMET NOT USED,OTHER ACTION,IN CROSSWALK,TEST NOT OFFERED,,30,CLEAR,DAYLIGHT,PEDALCYCLIST,DIVIDED - W/MEDIAN BARRIER,STRAIGHT AND LEVEL,DRY,INJURY AND / OR TOW DUE TO CRASH,CALIFORNIA AVE,41.8328321147,-87.6950705374,POINT (-87.695070537398 41.832832114698)
O1901528,BICYCLE,a9a6be76ddf7f4fcd1fb2dbea7cdbeab4f264b99852e0352db5bd7ba18985d00c35902b13082b72f5b0b163aac7e029233f0cc5f2bc1f42c74d40c24d6addcdc,07/15/2024 06:46:00 PM,M,64.0,BICYCLE HELMET (PEDACYCLIST INVOLVED ONLY),WITH TRAFFIC,IN ROADWAY,TEST NOT OFFERED,,30,CLEAR,DAYLIGHT,PEDALCYCLIST,FOUR WAY,STRAIGHT AND LEVEL,DRY,INJURY AND / OR TOW DUE TO CRASH,MICHIGAN AVE,41.7563777343,-87.6216451095,POINT (-87.621645109535 41.756377734262)
O1864158,NON-MOTOR VEHICLE,edd2ebf5c2747ea7eedefa91a922c77d420e1079f8148bca1de16f97c717470c03650654691c01f348df481d7a69298b3ab599d725e6e9961f3ee393ded6c387,07/15/2024 06:30:00 PM,F,23.0,NONE PRESENT,UNKNOWN/NA,NOT IN ROADWAY,,,30,CLEAR,DAYLIGHT,OTHER OBJECT,ALLEY,STRAIGHT AND LEVEL,DRY,NO INJURY / DRIVE AWAY,WESTERN AVE,41.9765595446,-87.6893242947,POINT (-87.689324294679 41.97655954455)
O1864242,BICYCLE,8045c9e2da344f98c3aaddefb07a2477e55f05bd2dad31b8ab6474598a66a1f9b199fe6cd78940254e16511b1e781a2fde4d6675e2dad466b669f04ffd9e4e19,07/15/2024 06:20:00 PM,F,30.0,HELMET NOT USED,CROSSING - WITH SIGNAL,BIKEWAY,TEST NOT OFFERED,,30,CLEAR,DAYLIGHT,PEDALCYCLIST,ONE-WAY,STRAIGHT AND LEVEL,DRY,INJURY AND / OR TOW DUE TO CRASH,DEARBORN ST,41.8980911511,-87.6299655097,POINT (-87.629965509747 41.898091151115)
O1864102,BICYCLE,16301c4a9cdb39c54ab8e04a51e491b688d262309b765ea46e3ecb4dda6303efe0e9678d8e1ceff9d6896e620333bceefae06343560bf64c77b68b1645f26f3f,07/15/2024 05:00:00 PM,M,16.0,BICYCLE HELMET (PEDACYCLIST INVOLVED ONLY),CROSSING - NO CONTROLS (NOT AT INTERSECTION),UNKNOWN/NA,TEST NOT OFFERED,,15,CLEAR,DAYLIGHT,PEDALCYCLIST,DIVIDED - W/MEDIAN (NOT RAISED),STRAIGHT AND LEVEL,DRY,INJURY AND / OR TOW DUE TO CRASH,PULASKI RD,41.8114515422,-87.7235746544,POINT (-87.72357465442 41.811451542236)
O1864024,BICYCLE,6ea70abdb0de010461dfa9ce2cdfa7fd41bb3febeb9ecc3b95b42e57de44fe4881b5edb93129cfbc10477178b14a7706d1d4683ffda1f68fd2f30fe34f676e1a,07/15/2024 04:30:00 PM,M,21.0,BICYCLE HELMET (PEDACYCLIST INVOLVED ONLY),WITH TRAFFIC,BIKE LANE,TEST NOT OFFERED,,30,CLEAR,DAYLIGHT,PEDALCYCLIST,DIVIDED - W/MEDIAN (NOT RAISED),STRAIGHT AND LEVEL,DRY,NO INJURY / DRIVE AWAY,GRAND AVE,41.9167628449,-87.7549133224,POINT (-87.754913322392 41.916762844859)
O1864037,BICYCLE,fcacc98691f5b4ae0be715d24dfa902417a7d41621e7d799ac14094c5d7c2ddf60981ae15e1b8cf8be612b2368f67fcf6f395141156471874e960d6b41d1d388,07/15/2024 03:56:00 PM,M,35.0,HELMET NOT USED,OTHER ACTION,IN ROADWAY,TEST NOT OFFERED,,30,CLEAR,DAYLIGHT,ANGLE,OTHER,STRAIGHT AND LEVEL,DRY,INJURY AND / OR TOW DUE TO CRASH,51ST ST,41.801913181,-87.6320680372,POINT (-87.632068037235 41.801913181042)
O1864177,BICYCLE,d81f3544a3d231803e34ef729f443732ca345edf6d3fcccb80da5dd892f3cc67a6e1bdc429f130502efe1e93d20dd77c4bc60b6af90ffe42215ad4e417c894e0,07/15/2024 02:59:00 PM,M,21.0,BICYCLE HELMET (PEDACYCLIST INVOLVED ONLY),TURNING RIGHT,BIKE LANE,TEST NOT OFFERED,,30,CLEAR,DAYLIGHT,PEDALCYCLIST,NOT DIVIDED,STRAIGHT AND LEVEL,DRY,NO INJURY / DRIVE AWAY,GRAND AVE,41.9172618697,-87.757073782,POINT (-87.757073782025 41.917261869661)
O1863938,BICYCLE,68d9141edc0fd7d5d3fe2969c9d628f19ae9a472e02299a9b66c84640c4db3ee7fc6d5b91633f2f78089383bf09ea209810a6a56ac1c2316d96ef8aee56835a4,07/15/2024 02:45:00 PM,M,13.0,HELMET NOT USED,CROSSING - NO CONTROLS (AT INTERSECTION),IN CROSSWALK,TEST NOT OFFERED,,25,CLEAR,DAYLIGHT,PEDALCYCLIST,NOT DIVIDED,STRAIGHT AND LEVEL,DRY,NO INJURY / DRIVE AWAY,CALIFORNIA AVE,42.0157445573,-87.6995005811,POINT (-87.69950058111 42.015744557305)
O1863926,BICYCLE,b223aaa717bf79ced203ca7241b73969d95875d80f5e52818495843ea4b86435a70ff70bd8b8a62ee28cb6117e8ad76e24184553aef6f5d3a7c5055d60accb08,07/15/2024 01:15:00 PM,F,44.0,HELMET NOT USED,CROSSING - WITH SIGNAL,IN ROADWAY,TEST NOT OFFERED,,30,CLEAR,DAYLIGHT,PEDALCYCLIST,FOUR WAY,STRAIGHT AND LEVEL,DRY,INJURY AND / OR TOW DUE TO CRASH,LINCOLN AVE,41.9749556937,-87.6924152602,POINT (-87.692415260167 41.97495569368)
O1863743,BICYCLE,9f89daee8538ba67b04837e9d68718c1cafe4dd584934c76f17c6d3dcf051f1765e43a1405803ddb90241f9240f9b2fe316573ffcba6506a520ecf25d2d68807,07/15/2024 11:09:00 AM,F,33.0,BICYCLE HELMET (PEDACYCLIST INVOLVED ONLY),CROSSING - WITH SIGNAL,BIKEWAY,TEST TAKEN,,30,CLEAR,DAYLIGHT,PEDALCYCLIST,DIVIDED - W/MEDIAN (NOT RAISED),STRAIGHT AND LEVEL,DRY,INJURY AND / OR TOW DUE TO CRASH,ARMITAGE AVE,41.9172914956,-87.7070516015,POINT (-87.707051601495 41.917291495646)
O1863832,BICYCLE,403e0fdac6d57216334df9152a1226b23bd1a10aba42802dbe75bc01c2fc13a9352ad8e15b2ecc7369e0b12f1ebef50ecd3dc8d727943ee72da197566a4c4a06,07/15/2024 10:13:00 AM,M,22.0,HELMET NOT USED,OTHER ACTION,BIKEWAY,TEST NOT OFFERED,,45,CLEAR,DAYLIGHT,PEDALCYCLIST,NOT DIVIDED,STRAIGHT AND LEVEL,UNKNOWN,INJURY AND / OR TOW DUE TO CRASH,LAKE SHORE DR,41.7905759736,-87.5792657066,POINT (-87.579265706634 41.790575973594)
O1863519,NON-MOTOR VEHICLE,e8f9e95eaa625f758a9c9512d8460c2460f317ca0c7832448310a24edc0b75792ba85ebd14821a7016ea9d44be07e2c9d80b78d068741c137eaa25bb1b97d123,07/15/2024 12:30:00 AM,,,,,,,Y,25,RAIN,"DARKNESS, LIGHTED ROAD",PARKED MOTOR VEHICLE,ONE-WAY,STRAIGHT AND LEVEL,WET,NO INJURY / DRIVE AWAY,MC LEAN AVE,41.9185619087,-87.6812951145,POINT (-87.681295114508 41.918561908715)
O1863466,BICYCLE,79f4b9569f8a1fa5d83338f1963bcac6cf295acec448b0812e1efca4b7446264e54a3afc9f310e64f5b0e45ede0d00cb3f6d279486dd65fd68069f0283f57043,07/14/2024 10:26:00 PM,M,19.0,HELMET NOT USED,UNKNOWN/NA,UNKNOWN/NA,TEST NOT OFFERED,,30,CLEAR,DARKNESS,PEDALCYCLIST,FOUR WAY,STRAIGHT AND LEVEL,DRY,NO INJURY / DRIVE AWAY,COTTAGE GROVE AVE,41.7664308925,-87.6057478606,POINT (-87.605747860649 41.766430892538)
O1863398,BICYCLE,578cd75122512d7c441e499f544d233546f3a418c09bfec22f5af727cfd551d1ec06c20fc8207b30f18f7f39695cd3279975f613ee94524457579b43ede62e50,07/14/2024 06:30:00 PM,M,24.0,HELMET NOT USED,AGAINST TRAFFIC,DRIVEWAY ACCESS,TEST NOT OFFERED,,10,CLEAR,DAYLIGHT,PEDALCYCLIST,DRIVEWAY,STRAIGHT AND LEVEL,DRY,INJURY AND / OR TOW DUE TO CRASH,ASHLAND AVE,41.9324522904,-87.6682489976,POINT (-87.668248997573 41.932452290409)
O1863351,NON-MOTOR VEHICLE,8e62647dd5f604a3792673c6e627ece49bd91947dace101fc363d104fc954a1aed1839f917b31db154895a4285251083cd2089b7641eec122f37a4d7afb4b69d,07/14/2024 05:06:00 PM,F,17.0,NONE PRESENT,ENTER FROM DRIVE/ALLEY,IN ROADWAY,TEST NOT OFFERED,,25,CLEAR,DAYLIGHT,OTHER OBJECT,T-INTERSECTION,STRAIGHT AND LEVEL,DRY,INJURY AND / OR TOW DUE TO CRASH,YATES BLVD,41.758326749,-87.5665062455,POINT (-87.566506245474 41.758326749009)
O1863307,BICYCLE,9b97f062c0dd42c43ddb974edeb7746989f60ca41dbf1051e9ca695489f52be516461c3560fe74f79eb62b1e5d216a142e42e363593906847718b5c5404d07bc,07/14/2024 04:00:00 PM,F,,HELMET NOT USED,UNKNOWN/NA,IN ROADWAY,TEST NOT OFFERED,,10,CLEAR,DAYLIGHT,PEDALCYCLIST,PARKING LOT,STRAIGHT AND LEVEL,UNKNOWN,NO INJURY / DRIVE AWAY,71ST ST,41.7659900011,-87.5737873367,POINT (-87.573787336654 41.765990001141)
O1863273,NON-MOTOR VEHICLE,636be452f889fec611aacdd8f632b74ffb86abf7c72c52bbd5269f1c9329950cfe6bcd933dbb420815e5093f871d4841193463d872dc86866356a54649292828,07/14/2024 03:55:00 PM,M,25.0,NONE PRESENT,WITH TRAFFIC,IN ROADWAY,TEST NOT OFFERED,,30,CLEAR,DAYLIGHT,OTHER OBJECT,NOT DIVIDED,STRAIGHT AND LEVEL,UNKNOWN,NO INJURY / DRIVE AWAY,LARRABEE ST,41.8968212098,-87.6427871127,POINT (-87.642787112714 41.896821209828)
O1862716,BICYCLE,f0791fcb7a0cd537efd439ee682638d5dffb581ae7a776b52716af10d2f2bbb10b532f026a80e665a9e46854738abd5594750cd98fe6aaa7d3e1399e089170ac,07/13/2024 07:36:00 PM,M,55.0,HELMET NOT USED,CROSSING - WITH SIGNAL,IN ROADWAY,TEST NOT OFFERED,,35,CLEAR,DAYLIGHT,PEDALCYCLIST,FOUR WAY,STRAIGHT AND LEVEL,DRY,INJURY AND / OR TOW DUE TO CRASH,FRANKLIN ST,41.8781352411,-87.635057584,POINT (-87.635057583993 41.878135241118)
O1862656,BICYCLE,50b0bee05482cd00497aef6fd5b1c2399d5817411854be4ca2aa5f7a9f18a63cc0602d78f239c31cfe846656e12382c04b972afa1ecfa72b497e5ceccfa4e0ae,07/13/2024 07:15:00 PM,M,11.0,HELMET NOT USED,CROSSING - AGAINST SIGNAL,IN CROSSWALK,TEST NOT OFFERED,,30,CLEAR,DAYLIGHT,PEDALCYCLIST,DIVIDED - W/MEDIAN (NOT RAISED),STRAIGHT AND LEVEL,DRY,NO INJURY / DRIVE AWAY,NORTH AVE,41.9100632544,-87.7018832044,POINT (-87.701883204406 41.910063254404)
O1862686,BICYCLE,7e07742c44290165bc6cc4681c02b3952709c157e4ed782c740d83c8a7bc6ccb5ee0b48041e3aafbc8f3dc992a485e5ca3f22eafa700d89f84dde17a57802448,07/13/2024 07:03:00 PM,M,32.0,HELMET NOT USED,CROSSING - WITH SIGNAL,IN ROADWAY,TEST NOT OFFERED,,30,CLEAR,DAYLIGHT,PEDALCYCLIST,FOUR WAY,STRAIGHT AND LEVEL,DRY,INJURY AND / OR TOW DUE TO CRASH,CALIFORNIA AVE,41.8748397676,-87.6962715652,POINT (-87.696271565241 41.874839767646)
O1862682,BICYCLE,837ae72ad9392630184c319b3f52fe91af6ab22415a67475f4bbdf82f8ed2a8c25498d550cad0e75ea2dc0c6aff68a9dda604704c07959fb9fc643bc48498067,07/13/2024 06:35:00 PM,F,28.0,HELMET NOT USED,CROSSING - WITH SIGNAL,IN CROSSWALK,TEST NOT OFFERED,,30,CLEAR,DAYLIGHT,PEDALCYCLIST,NOT DIVIDED,STRAIGHT AND LEVEL,DRY,INJURY AND / OR TOW DUE TO CRASH,LA SALLE DR,41.8965617502,-87.6328554826,POINT (-87.632855482633 41.896561750165)
O1862713,BICYCLE,2b08d3ed314793947ab06ce65773045c6c41042dbaaea4731f9fb0dca584a4504ec9af4c96831330bc248c9f4572e7670421c7f46d3a2daffa65bd4ec553ca31,07/13/2024 05:28:00 PM,M,32.0,BICYCLE HELMET (PEDACYCLIST INVOLVED ONLY),WITH TRAFFIC,BIKE LANE,TEST NOT OFFERED,,30,RAIN,DAYLIGHT,PEDALCYCLIST,NOT DIVIDED,STRAIGHT AND LEVEL,DRY,INJURY AND / OR TOW DUE TO CRASH,HALSTED ST,41.8672399733,-87.6470654964,POINT (-87.647065496446 41.86723997334)
O1862832,BICYCLE,30c1a069d5ba26cdadd30f99890033ba92eee860848995108fd72a6551065d1b83554788538baaae26c2df46cf23a8cc50cf4e13b12ceecf24a3cea3084203a8,07/13/2024 03:51:00 PM,M,42.0,BICYCLE HELMET (PEDACYCLIST INVOLVED ONLY),WITH TRAFFIC,BIKE LANE,TEST NOT OFFERED,,30,CLEAR,DAYLIGHT,PEDALCYCLIST,NOT DIVIDED,STRAIGHT AND LEVEL,DRY,INJURY AND / OR TOW DUE TO CRASH,AUGUSTA BLVD,41.8997102447,-87.6610079177,POINT (-87.661007917743 41.899710244727)
O1879622,BICYCLE,56b0e5f8a4897fab802646d2cb6539496d2aff0c351a8feab3048419d888ad2c29a4948d59b04798609511bc670e6d09f2b262a154a61c9145c802447ba4732f,07/13/2024 03:02:00 PM,F,16.0,BICYCLE HELMET (PEDACYCLIST INVOLVED ONLY),CROSSING - CONTROLS PRESENT (NOT AT INTERSECTION),IN CROSSWALK,TEST NOT OFFERED,,30,CLEAR,DAYLIGHT,PEDALCYCLIST,DIVIDED - W/MEDIAN (NOT RAISED),STRAIGHT AND LEVEL,DRY,INJURY AND / OR TOW DUE TO CRASH,WRIGHTWOOD AVE,41.9283326204,-87.7195982701,POINT (-87.719598270058 41.928332620404)
O1862478,BICYCLE,92269600dc3304fc9c15c01cee277721572767b918144991380ae2e82d7880ddfaffa514c1c6e8d46ea4f18757f069d4cfdfba7dc9f5cebda435809dc4f11488,07/13/2024 03:00:00 PM,M,29.0,HELMET NOT USED,WITH TRAFFIC,IN ROADWAY,TEST NOT OFFERED,,30,CLEAR,DAYLIGHT,PEDALCYCLIST,DIVIDED - W/MEDIAN (NOT RAISED),STRAIGHT AND LEVEL,DRY,INJURY AND / OR TOW DUE TO CRASH,LAKE SHORE DR SB,41.8783101346,-87.6175759034,POINT (-87.617575903416 41.878310134581)
O1862456,BICYCLE,c1263fd13bb7a6ef6960a71933aef66601305fe059ee3638bf8daa96cdc43076f429cc1b7e16632de7e8720f632fdc15df52cf6fc9d060dca9f5a563566c7b31,07/13/2024 02:52:00 PM,M,27.0,HELMET NOT USED,NO ACTION,BIKEWAY,TEST NOT OFFERED,,30,CLEAR,DAYLIGHT,PEDALCYCLIST,NOT DIVIDED,STRAIGHT AND LEVEL,DRY,INJURY AND / OR TOW DUE TO CRASH,ARMITAGE AVE,41.9174446593,-87.6897917784,POINT (-87.689791778449 41.91744465934)
O1862483,BICYCLE,7b10a9aab1ff00634c8c226550169e86da47d0374c613028783c9b9e09d4cefe3589ea87c6829e2d8c45cfda5a4da938a6206850d4511cea16349764a806ecce,07/13/2024 02:07:00 PM,M,46.0,BICYCLE HELMET (PEDACYCLIST INVOLVED ONLY),WITH TRAFFIC,IN ROADWAY,TEST NOT OFFERED,,30,CLEAR,DAYLIGHT,PEDALCYCLIST,NOT DIVIDED,STRAIGHT AND LEVEL,DRY,NO INJURY / DRIVE AWAY,ARMITAGE AVE,41.9169344398,-87.7363871475,POINT (-87.736387147508 41.916934439845)
O1862964,BICYCLE,d6380686fce8f0a7db6251d05103bcb28011a4dfb2bb0d857dadaf4e0fbba86933e7f179a0d8ae66446939c91a3530a87935ff9e437471ebcaff12de0d40ba88,07/13/2024 02:00:00 PM,M,38.0,BICYCLE HELMET (PEDACYCLIST INVOLVED ONLY),UNKNOWN/NA,IN ROADWAY,TEST NOT OFFERED,,30,CLEAR,DAYLIGHT,PEDALCYCLIST,NOT DIVIDED,STRAIGHT AND LEVEL,DRY,INJURY AND / OR TOW DUE TO CRASH,NARRAGANSETT AVE,41.9312092072,-87.7855482234,POINT (-87.785548223411 41.931209207248)
O1862430,BICYCLE,b90e46fd2d0a41b18f05e72299bdbf67c48606e6536e47dcde0d0fb76e69ce8706437310967e955fc2f447edcdd57c89187a05acff067b030617e801b7c18ad1,07/13/2024 01:15:00 PM,M,,HELMET NOT USED,AGAINST TRAFFIC,IN CROSSWALK,TEST NOT OFFERED,,30,CLEAR,DAYLIGHT,PEDALCYCLIST,NOT DIVIDED,STRAIGHT AND LEVEL,DRY,NO INJURY / DRIVE AWAY,WELLS ST,41.9112004704,-87.6345650615,POINT (-87.634565061467 41.911200470355)
O1862397,BICYCLE,a146add136bcbbb99e90fb4bccb453d0be1ae383ee8d7c9d8cfdd89059e3435ec1279630e142947423f9a6573be058a7c6dec63df3d22091ca711f7fd12733aa,07/13/2024 12:23:00 PM,M,21.0,BICYCLE HELMET (PEDACYCLIST INVOLVED ONLY),AGAINST TRAFFIC,IN ROADWAY,TEST NOT OFFERED,,25,CLEAR,DAYLIGHT,PEDALCYCLIST,ALLEY,STRAIGHT AND LEVEL,DRY,INJURY AND / OR TOW DUE TO CRASH,KENMORE AVE,41.9814829681,-87.6564088826,POINT (-87.656408882554 41.981482968105)
O1862362,BICYCLE,90c2ae170c8a7ea158e548bbaddbb2045627c3dea88ab3f31cc3280e7feac420d1177462944bd1e70e8a069a8fd31ad4d72038b01ebdfc74970ac22964dc7954,07/13/2024 11:57:00 AM,M,37.0,BICYCLE HELMET (PEDACYCLIST INVOLVED ONLY),WITH TRAFFIC,IN ROADWAY,TEST NOT OFFERED,,30,CLEAR,DAYLIGHT,PEDALCYCLIST,NOT DIVIDED,STRAIGHT AND LEVEL,DRY,INJURY AND / OR TOW DUE TO CRASH,ERIE ST,41.8929845422,-87.6822178663,POINT (-87.682217866258 41.892984542216)
O1862971,BICYCLE,ae7ed1827379d96accacc2b0fbfb74b21eca7725b346723aa231729ebff9309e5016bceea169a67bdcd749c3428e873ffe0f72eeb92807a6ea411e101e40633b,07/13/2024 10:45:00 AM,M,42.0,HELMET NOT USED,TURNING RIGHT,IN ROADWAY,TEST NOT OFFERED,,30,RAIN,"DARKNESS, LIGHTED ROAD",PEDALCYCLIST,NOT DIVIDED,STRAIGHT AND LEVEL,WET,NO INJURY / DRIVE AWAY,DR MARTIN LUTHER KING JR DR,41.8383269412,-87.6176126615,POINT (-87.617612661462 41.838326941218)
O1866648,BICYCLE,19aceaa85330c8f7e9a0a53dd9801518c352cf146712f73dfa21ac52f7ab8b2fc9de4114dff4429a4363ab67cf66d2a3c955bc3d5907e95b3ef5220b91a96352,07/13/2024 10:20:00 AM,M,,HELMET NOT USED,CROSSING - AGAINST SIGNAL,IN ROADWAY,TEST NOT OFFERED,,30,CLEAR,DAYLIGHT,PEDALCYCLIST,FOUR WAY,STRAIGHT AND LEVEL,DRY,NO INJURY / DRIVE AWAY,WOODLAWN AVE,41.7913535709,-87.5966016037,POINT (-87.596601603669 41.791353570933)
O1862324,BICYCLE,07920ca4d28570fce3d7e75d8918a56a66f1c562b3c8213bc710852f166361ce590824bd50460fb7fb8c4389d363b3d764b4c3909aa9e05c1977921fbfadd3e1,07/13/2024 09:44:00 AM,F,35.0,HELMET NOT USED,WITH TRAFFIC,IN ROADWAY,TEST NOT OFFERED,,30,CLEAR,DAYLIGHT,PEDALCYCLIST,NOT DIVIDED,STRAIGHT AND LEVEL,DRY,INJURY AND / OR TOW DUE TO CRASH,CLARK ST,41.9234728252,-87.6393486173,POINT (-87.639348617344 41.923472825193)
O1865918,BICYCLE,99fba8ae1d7fe0e327607bcd4394ce0792000854d9e06b4af896c81e3c9a92acabcf3b341807ca32f9cc5dbd956e90cc0c60948889fddda639aaa98a7707c125,07/13/2024 01:00:00 AM,M,54.0,HELMET NOT USED,OTHER ACTION,BIKEWAY,TEST NOT OFFERED,,30,UNKNOWN,UNKNOWN,PEDALCYCLIST,UNKNOWN INTERSECTION TYPE,STRAIGHT AND LEVEL,UNKNOWN,INJURY AND / OR TOW DUE TO CRASH,BROADWAY,41.9330029196,-87.644996856,POINT (-87.644996856018 41.933002919622)
O1862286,BICYCLE,92808056c7d4ec1b4e2c076fde6c12d65583b8bf0845f1a3ccd8468338bd6340dbb20e22fe1d7243cf7e12cfbef4c974138436758510dabb9f5094b04a1c6276,07/12/2024 11:00:00 PM,M,,HELMET NOT USED,UNKNOWN/NA,UNKNOWN/NA,TEST NOT OFFERED,,30,CLEAR,"DARKNESS, LIGHTED ROAD",PEDALCYCLIST,"FIVE POINT, OR MORE",STRAIGHT AND LEVEL,DRY,NO INJURY / DRIVE AWAY,KINZIE ST,41.8889572775,-87.6457392862,POINT (-87.645739286219 41.888957277476)
O1862075,BICYCLE,e3a191ac8cc09e0dacdcdc62ea9eb7fb28ffe6a919e550accc324ab78f08578571442f8abf19c63be50e6201ef37e9a32805a0a47ff2f2f46dea2737b87f7e93,07/12/2024 09:30:00 PM,M,15.0,BICYCLE HELMET (PEDACYCLIST INVOLVED ONLY),CROSSING - NO CONTROLS (AT INTERSECTION),IN ROADWAY,TEST NOT OFFERED,,30,CLEAR,"DARKNESS, LIGHTED ROAD",PEDALCYCLIST,FOUR WAY,STRAIGHT AND LEVEL,DRY,INJURY AND / OR TOW DUE TO CRASH,FRANCISCO AVE,41.8463788103,-87.6978933796,POINT (-87.697893379551 41.846378810263)