PERSON_ID,PERSON_TYPE,CRASH_RECORD_ID,CRASH_DATE_x,SEX,AGE,SAFETY_EQUIPMENT,PEDPEDAL_ACTION,PEDPEDAL_LOCATION,BAC_RESULT,CRASH_DATE_EST_I,POSTED_SPEED_LIMIT,WEATHER_CONDITION,LIGHTING_CONDITION,FIRST_CRASH_TYPE,TRAFFICWAY_TYPE,ALIGNMENT,ROADWAY_SURFACE_COND,CRASH_TYPE,STREET_NAME,LATITUDE,LONGITUDE,LOCATION
O1861966,BICYCLE,d29676f1fe0db6bbcb20c63a5c2a6b2ace3c618fbe049cc973dce9eb696c995e46cc30164d31bb20fddf1faf49a40c6c5cb867a7efc6c6bef11edb5981997438,07/12/2024 07:30:00 PM,M,36.0,BICYCLE HELMET (PEDACYCLIST INVOLVED ONLY),CROSSING - AGAINST SIGNAL,IN ROADWAY,,,30,CLEAR,DAYLIGHT,PEDALCYCLIST,Y-INTERSECTION,STRAIGHT AND LEVEL,DRY,INJURY AND / OR TOW DUE TO CRASH,SHEFFIELD AVE,41.943079498,-87.6543503054,POINT (-87.654350305358 41.943079498032)
O1861976,BICYCLE,fb4f6b92b4b5bdad4e4f6dcfd65342f069f61d8f4b81d1e9b4b0964b92ad1635645b6d69fe57d0b5c58e0f6a919d90bec14d30841de31a8d12be562873fd6aaa,07/12/2024 06:50:00 PM,M,15.0,HELMET NOT USED,AGAINST TRAFFIC,IN ROADWAY,TEST NOT OFFERED,,30,CLEAR,DAYLIGHT,PEDALCYCLIST,FOUR WAY,STRAIGHT AND LEVEL,DRY,INJURY AND / OR TOW DUE TO CRASH,TROY ST,41.9683768486,-87.7071066896,POINT (-87.707106689608 41.968376848568)
O1862307,BICYCLE,cb3986381f7441a2030a3059eba8e6aa69390812f9799cb578dd8c637de41fd6eb807b97b8a742d7ce84854bc3d24551256165094bcd7bd759e05b58ee170490,07/12/2024 06:30:00 PM,M,36.0,BICYCLE HELMET (PEDACYCLIST INVOLVED ONLY),NO ACTION,IN ROADWAY,TEST NOT OFFERED,,30,CLEAR,DAYLIGHT,PEDALCYCLIST,NOT DIVIDED,STRAIGHT AND LEVEL,DRY,INJURY AND / OR TOW DUE TO CRASH,35TH ST,41.8308206383,-87.6491314138,POINT (-87.649131413817 41.830820638339)
O1861849,BICYCLE,d33c9478da9650dbd6cab5dd5eb446122c5b2020323e459915395d3db47088e6cbad78e69d4e8ebc60aeae4ac616e02b6bef84be2f46f2aa1d5661bd854188a5,07/12/2024 04:12:00 PM,F,28.0,BICYCLE HELMET (PEDACYCLIST INVOLVED ONLY),CROSSING - WITH SIGNAL,BIKEWAY,TEST NOT OFFERED,,30,CLEAR,DAYLIGHT,PEDALCYCLIST,Y-INTERSECTION,STRAIGHT AND LEVEL,DRY,INJURY AND / OR TOW DUE TO CRASH,MILWAUKEE AVE,41.8912018975,-87.6478526276,POINT (-87.647852627647 41.891201897474)
O1861785,BICYCLE,f8d052eddbbde1efc91890bd65b08c0c178030c97b52e801935435859cf987b916d3bd7322d1cb702f49ad81d6014cfa4a578e80921aba747f1549dd0bebbebd,07/12/2024 01:32:00 PM,M,24.0,HELMET NOT USED,NO ACTION,BIKEWAY,TEST NOT OFFERED,,30,CLEAR,DAYLIGHT,PEDALCYCLIST,NOT DIVIDED,STRAIGHT AND LEVEL,DRY,INJURY AND / OR TOW DUE TO CRASH,RANDOLPH ST,41.8845866284,-87.630861541,POINT (-87.63086154105 41.884586628406)
O1861614,BICYCLE,8d1c93cfe9d2b0a41bd9065d675c28e6c66ba99014a9ac883a94dbf2494e8e334851bb45919d4094b0f43993487cd97968de0d6237501d666f00cc03c5b901ab,07/12/2024 01:30:00 PM,M,,HELMET NOT USED,CROSSING - NO CONTROLS (AT INTERSECTION),IN ROADWAY,,,30,CLEAR,DAYLIGHT,PEDALCYCLIST,ONE-WAY,STRAIGHT AND LEVEL,DRY,NO INJURY / DRIVE AWAY,LOCKWOOD AVE,41.9167767274,-87.7589621902,POINT (-87.75896219019 41.916776727354)
O1861485,BICYCLE,b55e1e2a7621c43395f82e9082fb80596879cb8065639247386048690e36fe68257cb4bf0217609d7b3f68e324c0deea0558f2cca5c0d0ef27ed5cd461173c86,07/12/2024 09:47:00 AM,M,59.0,HELMET NOT USED,WITH TRAFFIC,IN ROADWAY,,,30,CLEAR,DAYLIGHT,PEDALCYCLIST,NOT DIVIDED,STRAIGHT AND LEVEL,DRY,NO INJURY / DRIVE AWAY,GREENVIEW AVE,41.9944229682,-87.6675725307,POINT (-87.667572530679 41.994422968219)
O1861478,BICYCLE,50c26e66beaecb1d4cb969c14a1d8804e32754060831ad747c64c08d85571104c76cae5f02bc852f4836d500c7dd6a1b998a193df67454adbf8408f805892328,07/12/2024 08:45:00 AM,M,24.0,BICYCLE HELMET (PEDACYCLIST INVOLVED ONLY),CROSSING - NO CONTROLS (AT INTERSECTION),BIKE LANE,TEST NOT OFFERED,,30,CLEAR,DAYLIGHT,PEDALCYCLIST,ONE-WAY,STRAIGHT AND LEVEL,DRY,INJURY AND / OR TOW DUE TO CRASH,ST PAUL AVE,41.913734807,-87.634839752,POINT (-87.634839752007 41.913734807025)
O1861454,BICYCLE,7bf5359c05d21a1c59d4f7e627b225b948e5894b00989ca8547d9f5281e966a19e8882c921087b5d2dc6698e58ed4cba03ed565c7ca8cef05e25023ee59fc885,07/12/2024 06:40:00 AM,M,29.0,BICYCLE HELMET (PEDACYCLIST INVOLVED ONLY),UNKNOWN/NA,BIKEWAY,TEST REFUSED,,5,CLEAR,DAYLIGHT,PEDALCYCLIST,OTHER,STRAIGHT AND LEVEL,DRY,NO INJURY / DRIVE AWAY,LAKE SHORE DR NB,41.9118569525,-87.6261695233,POINT (-87.626169523312 41.911856952541)
O1862141,BICYCLE,cf69dc3e0649a6b90b13f8d2672066722faf464da11f98d2750a4dd6fb3921f8c25df65a16284a328cdb5d00365a0ca5584bc1ada8b41ca4b6cd995e057aef16,07/11/2024 11:16:00 PM,M,51.0,HELMET NOT USED,WITH TRAFFIC,IN ROADWAY,TEST NOT OFFERED,,30,CLEAR,"DARKNESS, LIGHTED ROAD",PEDALCYCLIST,FOUR WAY,STRAIGHT AND LEVEL,DRY,INJURY AND / OR TOW DUE TO CRASH,AUGUSTA BLVD,41.8989343791,-87.7236941122,POINT (-87.723694112248 41.898934379136)
O1861350,BICYCLE,1f70fbd25d6fe8618e5a4cc07482e7e16e830671a3c1e4fdb039cd05fbba0b0ab9af3f0cd0582a87c8514c893b29197e7f14a4ddf457ff3865712fc80379aef8,07/11/2024 10:45:00 PM,M,23.0,BICYCLE HELMET (PEDACYCLIST INVOLVED ONLY),WITH TRAFFIC,IN ROADWAY,TEST NOT OFFERED,,30,CLEAR,"DARKNESS, LIGHTED ROAD",PEDALCYCLIST,DIVIDED - W/MEDIAN BARRIER,STRAIGHT AND LEVEL,DRY,NO INJURY / DRIVE AWAY,IDA B WELLS DR,41.8757452922,-87.6279742471,POINT (-87.627974247109 41.875745292199)
O1861304,BICYCLE,8aad762d2f7111dba685c9e9846fad5cf6096d8658acb2ad1018fd88f194dc61e7d8a79a934d4b15452000b37ebf5bee4c52220c081c204a6161d92de7589916,07/11/2024 08:28:00 PM,M,24.0,HELMET NOT USED,UNKNOWN/NA,BIKE LANE,TEST NOT OFFERED,,30,CLEAR,"DARKNESS, LIGHTED ROAD",PEDALCYCLIST,DIVIDED - W/MEDIAN (NOT RAISED),STRAIGHT AND LEVEL,DRY,INJURY AND / OR TOW DUE TO CRASH,DIVERSEY AVE,41.9311868063,-87.7803792358,POINT (-87.780379235837 41.931186806319)
O1861272,BICYCLE,d437367c24987b5a57ad716c33858f8c7a2fcce94d40a8d3a2e42e70de1f49338bb647535b65c7794bf355df1397ec886af057c21a002afab914345176c878ab,07/11/2024 07:30:00 PM,M,37.0,HELMET NOT USED,CROSSING - NO CONTROLS (NOT AT INTERSECTION),IN CROSSWALK,,,30,CLEAR,DAYLIGHT,PEDALCYCLIST,NOT DIVIDED,STRAIGHT AND LEVEL,DRY,INJURY AND / OR TOW DUE TO CRASH,STOCKTON DR,41.9181857033,-87.634546039,POINT (-87.634546039047 41.918185703273)
O1861177,BICYCLE,58c251b0c4527a2505e8fc20daa4273f1f287fc5e5ebcd05fb1da4e9f62c0feb9ee2d91f196dc7623663874f51f49c7a43928d2f954842084f29a17304074c9c,07/11/2024 04:00:00 PM,F,23.0,HELMET NOT USED,WITH TRAFFIC,BIKE LANE,TEST NOT OFFERED,,30,CLEAR,DAYLIGHT,PEDALCYCLIST,DIVIDED - W/MEDIAN (NOT RAISED),STRAIGHT AND LEVEL,DRY,INJURY AND / OR TOW DUE TO CRASH,DAMEN AVE,41.9206953012,-87.6778756726,POINT (-87.677875672617 41.920695301212)
O1861173,BICYCLE,fb94f731128d3b82698616b4e4def418c8b54e0311e92d64b4bcec7c9527d739a1088818ae48c4436d5ed3f61225002b45b7984ce5f1db2dd1a32c0133a58ec6,07/11/2024 04:00:00 PM,M,34.0,HELMET NOT USED,WITH TRAFFIC,BIKE LANE,TEST NOT OFFERED,,30,CLEAR,DAYLIGHT,PEDALCYCLIST,DIVIDED - W/MEDIAN (NOT RAISED),STRAIGHT AND LEVEL,DRY,INJURY AND / OR TOW DUE TO CRASH,MILWAUKEE AVE,41.8951328476,-87.6539071003,POINT (-87.653907100256 41.895132847583)
O1861072,BICYCLE,611684800ce5144f3f55152e68e9ab93b4cfb23e9d0f17462f227028caa414ec13d2452c9082544afba8bbe844721db1e37ff5f49ff6cb12de03dc4a06f41d07,07/11/2024 03:59:00 PM,M,40.0,HELMET NOT USED,NO ACTION,BIKEWAY,TEST NOT OFFERED,,30,CLEAR,DAYLIGHT,PEDALCYCLIST,NOT DIVIDED,STRAIGHT AND LEVEL,DRY,NO INJURY / DRIVE AWAY,CALIFORNIA AVE,41.9545116594,-87.6984026794,POINT (-87.698402679431 41.954511659406)
O1861029,BICYCLE,c4b878a880f06981f891286d3fc37758cf5568c95768bf773ca5473a014c73c5582b4274568b25e6fcc3258b37b9fccc2a9ae1ab9cadbc27902c3262fcdbbd2e,07/11/2024 03:15:00 PM,M,13.0,HELMET NOT USED,CROSSING - NO CONTROLS (AT INTERSECTION),IN CROSSWALK,TEST NOT OFFERED,,30,CLEAR,DAYLIGHT,PEDALCYCLIST,NOT DIVIDED,STRAIGHT AND LEVEL,DRY,INJURY AND / OR TOW DUE TO CRASH,CENTRAL AVE,41.7981481385,-87.7626138755,POINT (-87.762613875544 41.798148138503)
O1861019,BICYCLE,ced6b42c63336ec1dd56d325554d533c8e02da85a86271b5b0ba2a0c06484a72c60430e45e6b7a7c712331958006d399c8ed5a02b1209dff5e1e6ae0750d3b37,07/11/2024 02:50:00 PM,M,27.0,HELMET NOT USED,OTHER ACTION,UNKNOWN/NA,TEST NOT OFFERED,Y,25,CLEAR,DAYLIGHT,PEDALCYCLIST,ALLEY,STRAIGHT AND LEVEL,DRY,INJURY AND / OR TOW DUE TO CRASH,LONG AVE,41.942006669,-87.7618540279,POINT (-87.761854027902 41.94200666895)
O1860985,BICYCLE,00f5f16026ed36bb3d053890ae319bae4baa90e7ec1bf8dc1f8e2aa832db7068cbb2b55878528935626127b1f5ed3b6ac51e5e89a1d8894d13ab9a93fbb9a442,07/11/2024 01:00:00 PM,M,56.0,HELMET NOT USED,UNKNOWN/NA,UNKNOWN/NA,TEST NOT OFFERED,,30,CLEAR,DAYLIGHT,PEDALCYCLIST,FOUR WAY,STRAIGHT AND LEVEL,DRY,INJURY AND / OR TOW DUE TO CRASH,WENTWORTH AVE,41.6778784848,-87.6276048255,POINT (-87.62760482552 41.677878484768)
O1860916,BICYCLE,bfcaf5e4fdfe995c82fe1b3373663b3baba9a3a6e55eba7093f52cb4aeda43cea0067fd57ec4b46a053cc45fc345b156ece126efb07907cb48cd06e839aa868a,07/11/2024 10:41:00 AM,M,15.0,BICYCLE HELMET (PEDACYCLIST INVOLVED ONLY),WITH TRAFFIC,UNKNOWN/NA,TEST NOT OFFERED,,30,CLEAR,DAYLIGHT,PEDALCYCLIST,FOUR WAY,STRAIGHT AND LEVEL,DRY,INJURY AND / OR TOW DUE TO CRASH,PULASKI RD,41.8818795355,-87.7255580307,POINT (-87.725558030745 41.881879535481)
O1860670,BICYCLE,2b3dade9ffc86545f6c4440427b960845fe5709cb9c0aa783ff2b72d8b8b498df0dfa633a88110bf3b82a176b73470f0307bdd767b9b8402223f05233a88c2c7,07/10/2024 07:46:00 PM,M,,HELMET NOT USED,TURNING LEFT,BIKE LANE,TEST NOT OFFERED,,30,CLEAR,DAYLIGHT,PEDALCYCLIST,DIVIDED - W/MEDIAN (NOT RAISED),STRAIGHT AND LEVEL,DRY,NO INJURY / DRIVE AWAY,111TH ST,41.6925258376,-87.6192509519,POINT (-87.619250951922 41.692525837646)
O1860623,BICYCLE,e866a4a8cdb1425f794b051eb923ad38279bb0d2a2bf73fad4dcd0a5fad574d0719a1cbb28c89bba6e88534d5bcf07c7f0a6ec40155f999e0808ca439c3acb4b,07/10/2024 03:50:00 PM,M,19.0,HELMET NOT USED,UNKNOWN/NA,BIKE LANE,TEST NOT OFFERED,,25,CLEAR,DAYLIGHT,PEDALCYCLIST,DIVIDED - W/MEDIAN (NOT RAISED),STRAIGHT AND LEVEL,DRY,INJURY AND / OR TOW DUE TO CRASH,26TH ST,41.8444404228,-87.7183949235,POINT (-87.718394923541 41.844440422792)
O1860414,BICYCLE,2d91d9fa9dbd77ec297f769e90230259c1404accfac9a9fc2104c888beb3a851c930d62977d88ebb0a802c3bae93275138777fac9604425803b1db6b7f8ce07d,07/10/2024 03:00:00 PM,M,30.0,HELMET NOT USED,OTHER ACTION,BIKE LANE,TEST NOT OFFERED,,30,CLEAR,DAYLIGHT,PEDALCYCLIST,DIVIDED - W/MEDIAN (NOT RAISED),STRAIGHT AND LEVEL,DRY,NO INJURY / DRIVE AWAY,LAWRENCE AVE,41.9684048524,-87.7230837286,POINT (-87.723083728594 41.968404852423)
O1860244,BICYCLE,38337677d719745ca462e566ca01cfa9b0309394feec143ef5eecafe95c460b24add40dbdde9355fdc3b8cabdafe5e529c8edeb1dbe4e60669d9bf5c9f47c865,07/10/2024 10:55:00 AM,F,29.0,HELMET NOT USED,WITH TRAFFIC,BIKE LANE,TEST NOT OFFERED,,30,CLEAR,DAYLIGHT,OTHER NONCOLLISION,DIVIDED - W/MEDIAN BARRIER,STRAIGHT AND LEVEL,WET,INJURY AND / OR TOW DUE TO CRASH,HALSTED ST,41.8712516155,-87.6468541075,POINT (-87.646854107533 41.871251615463)
O1860194,BICYCLE,3f4e9acf738d7a788e3afdd7ab5b136545bd3a0b2acd084c9b905703e5e6015adb554c7679411877c3f870a8221d0dc50f525fdb809419ed1f4c6fe57197a66f,07/10/2024 08:45:00 AM,M,29.0,HELMET NOT USED,NO ACTION,IN ROADWAY,TEST NOT OFFERED,,30,RAIN,DAYLIGHT,PEDALCYCLIST,PARKING LOT,STRAIGHT AND LEVEL,WET,INJURY AND / OR TOW DUE TO CRASH,PERSHING RD,41.8227019927,-87.7043217553,POINT (-87.704321755278 41.822701992723)
O1860159,BICYCLE,4f39c2b7c1f457ab71d7e891bb46ed69a366ee214eb51da1a08b023f5595dbfabe7e26632c0b6a0ae06f7b505d4d5b7bbc3f3ae6b5b7c574495d6096113fdf9a,07/10/2024 08:45:00 AM,M,47.0,BICYCLE HELMET (PEDACYCLIST INVOLVED ONLY),NOT AT INTERSECTION,IN CROSSWALK,TEST NOT OFFERED,,30,CLEAR,DAYLIGHT,PEDALCYCLIST,NOT DIVIDED,STRAIGHT AND LEVEL,WET,NO INJURY / DRIVE AWAY,IRVING PARK RD,41.9528584391,-87.7825787488,POINT (-87.782578748798 41.952858439115)
O1860575,NON-MOTOR VEHICLE,7044cf6b230cfb0bf64c120d84979ced239f7bf763a25412555e06992af303887ce6bbf553c9a21c726244ae072cd77bd3fac95725a10da1eb65087ac27ee500,07/09/2024 09:45:00 PM,X,,USAGE UNKNOWN,UNKNOWN/NA,UNKNOWN/NA,TEST NOT OFFERED,,25,RAIN,DARKNESS,FIXED OBJECT,NOT DIVIDED,STRAIGHT AND LEVEL,WET,NO INJURY / DRIVE AWAY,BUENA AVE,41.9585303961,-87.6565887609,POINT (-87.656588760929 41.958530396124)
O1859966,NON-MOTOR VEHICLE,6e060fd1bab2b142b02d46af718c480b1bb50d7cbe44d1b7fbc7b6a58de110784a65edf20593e2f476f89e2fb9abc2d9475fbb780fc6dcc6c2200a4dbba40caa,07/09/2024 08:32:00 PM,M,19.0,NONE PRESENT,UNKNOWN/NA,IN CROSSWALK,TEST NOT OFFERED,,30,RAIN,"DARKNESS, LIGHTED ROAD",OTHER OBJECT,ONE-WAY,STRAIGHT AND LEVEL,WET,INJURY AND / OR TOW DUE TO CRASH,MADISON ST,41.880159542,-87.7631162803,POINT (-87.76311628027 41.880159542037)
O1859965,BICYCLE,a92843b418caa8fe3577625caac5c8d32159d938e2c2f9897b4d7411cdea2afa46bff1646e544895bdba29a8b5ff462b2cfe57d12a3e56c9d229bad5fdb89ef6,07/09/2024 07:25:00 PM,M,13.0,HELMET NOT USED,CROSSING - NO CONTROLS (AT INTERSECTION),IN ROADWAY,TEST NOT OFFERED,,30,RAIN,DUSK,PEDALCYCLIST,DIVIDED - W/MEDIAN (NOT RAISED),STRAIGHT AND LEVEL,WET,INJURY AND / OR TOW DUE TO CRASH,PULASKI RD,41.8666965732,-87.7250518341,POINT (-87.725051834137 41.866696573167)
O1859866,BICYCLE,a861c052b2f7a5af9bc9dbf7176ddb6fea6ad1c21cb461d1583f172c5d9ac5ab616937b087f315b0018231d7b744734fb633ead9413a792af59710a4ad47e0e2,07/09/2024 05:54:00 PM,M,,HELMET NOT USED,CROSSING - CONTROLS PRESENT (NOT AT INTERSECTION),IN CROSSWALK,TEST NOT OFFERED,,25,RAIN,DAYLIGHT,PEDALCYCLIST,FOUR WAY,STRAIGHT AND LEVEL,WET,NO INJURY / DRIVE AWAY,HURON ST,41.8948096944,-87.6415388496,POINT (-87.641538849621 41.894809694374)
O1859779,BICYCLE,3c5c148191f353bb404bb1c03f29f86ab2f2e2a74f7aaaf2c7b59b2eb260233c9039a453c7bd82f95a627a9b3437685faebacd2b339d999795029cea37eb3159,07/09/2024 04:37:00 PM,M,52.0,HELMET NOT USED,WITH TRAFFIC,IN ROADWAY,TEST NOT OFFERED,,30,CLEAR,DUSK,PEDALCYCLIST,FOUR WAY,STRAIGHT AND LEVEL,DRY,INJURY AND / OR TOW DUE TO CRASH,NORTH AVE,41.909656501,-87.7355555467,POINT (-87.73555554671 41.909656500982)
O1859763,BICYCLE,28b7c4aa14fd8c987881b9e3bd9dc979c5b8fc649a1511900802a64a62ab4081e9673fe87f99db4c6a6e2d2d5ba57e23d70229456b1790cb899534523a80a9ff,07/09/2024 04:17:00 PM,F,,HELMET NOT USED,WITH TRAFFIC,BIKE LANE,TEST NOT OFFERED,,20,CLOUDY/OVERCAST,DAYLIGHT,PEDALCYCLIST,NOT DIVIDED,STRAIGHT AND LEVEL,DRY,INJURY AND / OR TOW DUE TO CRASH,CLARK ST,41.9741005474,-87.6680282701,POINT (-87.668028270069 41.974100547419)
O1859937,BICYCLE,ceb08396fca8078b7d12b040ae1fafe732f517008149a807b9f183101a9415d3f7b2e87e5b39aade9850bb98dcb7a88f15e1e3bf6e213801b608a6ef4b33394d,07/09/2024 03:30:00 PM,M,14.0,BICYCLE HELMET (PEDACYCLIST INVOLVED ONLY),CROSSING - WITH SIGNAL,IN ROADWAY,TEST NOT OFFERED,,35,RAIN,DAYLIGHT,PEDALCYCLIST,NOT DIVIDED,STRAIGHT AND LEVEL,WET,INJURY AND / OR TOW DUE TO CRASH,DRAKE AVE,41.6949974144,-87.7096527485,POINT (-87.709652748527 41.694997414427)
O1859633,BICYCLE,af6bbd33fbeb464316f5eeadc7291ad5fd0bacaaa0375ba819d9ee6491de9c54ef293539fac07e846e154576fafc8dcb1cadf1d612c555a6a414306f622e265e,07/09/2024 11:17:00 AM,M,20.0,HELMET NOT USED,NOT AT INTERSECTION,IN ROADWAY,TEST NOT OFFERED,,30,CLEAR,DAYLIGHT,PEDALCYCLIST,ALLEY,STRAIGHT AND LEVEL,DRY,INJURY AND / OR TOW DUE TO CRASH,57TH ST,41.7897970864,-87.7158380659,POINT (-87.71583806587 41.789797086439)
O1859483,BICYCLE,3f6712683356c93cc8804794d175c9fdd1e630a1a9c6fb1a420096779d5f63ceffa521fa861991db242de07a2e5e0882ad421d19380f1bdc3fce30ed666e2365,07/09/2024 08:00:00 AM,M,32.0,BICYCLE HELMET (PEDACYCLIST INVOLVED ONLY),NO ACTION,BIKEWAY,TEST NOT OFFERED,,30,CLEAR,DAYLIGHT,PEDALCYCLIST,NOT DIVIDED,STRAIGHT AND LEVEL,DRY,INJURY AND / OR TOW DUE TO CRASH,HALSTED ST,41.8939587626,-87.6478411876,POINT (-87.647841187649 41.893958762604)
O1859310,BICYCLE,eeb84fbdec68b8e43ba6b27034cf582aaffa980873066bee1d84d341bf43ec1db6f69035233d25bd25e4ec4e4ee6401ea742449e7fafe6b89ac2cdd5ef094802,07/08/2024 05:50:00 PM,M,,HELMET NOT USED,CROSSING - AGAINST SIGNAL,IN ROADWAY,TEST NOT OFFERED,,35,CLEAR,DAYLIGHT,PEDALCYCLIST,NOT DIVIDED,STRAIGHT AND LEVEL,DRY,NO INJURY / DRIVE AWAY,76TH ST,41.7544587625,-87.7414657725,POINT (-87.741465772468 41.754458762491)
O1859202,NON-MOTOR VEHICLE,fcce452026c9a667bbd6ae17b98e9fe5881d8050dd01c3cbf88529ab5b52743c580d83041cf6ba9d9d61287e3dc1d8ec6706cea28a973981ad00d6330aaeb5bf,07/08/2024 04:20:00 PM,M,16.0,NONE PRESENT,AGAINST TRAFFIC,IN ROADWAY,TEST NOT OFFERED,,30,CLEAR,DAYLIGHT,OTHER OBJECT,FOUR WAY,STRAIGHT AND LEVEL,DRY,INJURY AND / OR TOW DUE TO CRASH,NORTH AVE,41.9094140987,-87.7715777962,POINT (-87.771577796206 41.909414098702)
O1860679,BICYCLE,bce282b8b1ee7c9ec13c1be36285a7c78e2750b74f3f550e18ec71ec589375f5fb3380dc7184dda001a053e36a7963c4aa0ab937f6ae31f0732c73b56fec2ecf,07/08/2024 03:00:00 PM,M,24.0,HELMET NOT USED,WITH TRAFFIC,IN CROSSWALK,TEST NOT OFFERED,,30,UNKNOWN,DAYLIGHT,PEDALCYCLIST,DIVIDED - W/MEDIAN (NOT RAISED),STRAIGHT AND LEVEL,UNKNOWN,INJURY AND / OR TOW DUE TO CRASH,DEVON AVE,41.9972784744,-87.7094073572,POINT (-87.709407357178 41.997278474417)
O1859095,BICYCLE,8881fa5ee5250197df2d374c5d035d671e9bb095536244da8281e1efad44499fe9089050fb767ee666e28dbe76c34a9440257821fd0ccb2e943fb31981a1c4c3,07/08/2024 02:57:00 PM,M,15.0,HELMET NOT USED,AGAINST TRAFFIC,IN ROADWAY,TEST NOT OFFERED,,25,CLEAR,DAYLIGHT,PEDALCYCLIST,NOT DIVIDED,STRAIGHT AND LEVEL,DRY,INJURY AND / OR TOW DUE TO CRASH,GRAND AVE,41.8919581856,-87.6175712955,POINT (-87.617571295543 41.891958185562)
O1858941,BICYCLE,af2e5146457adaa1af1f35b02c98b15ceeff61d8ab269294bed793e23b62a6b04392a6cc211fd644cb3065a5daca3bd92f18a74b1050429454e0a6a3c503bb83,07/08/2024 12:15:00 PM,M,16.0,BICYCLE HELMET (PEDACYCLIST INVOLVED ONLY),WITH TRAFFIC,IN ROADWAY,TEST NOT OFFERED,,25,CLEAR,DAYLIGHT,PEDALCYCLIST,ONE-WAY,STRAIGHT AND LEVEL,DRY,INJURY AND / OR TOW DUE TO CRASH,SACRAMENTO AVE,42.0046061406,-87.704456393,POINT (-87.704456393033 42.004606140595)
O1858887,BICYCLE,d9934ead69c73327222a026f54fa2d7cef8bc9614ca752a3568d8e9770ec85d1c5e3f9439bca4e8147edc9ab7de1027fdd3b1156ca895de8319924e7396a66f4,07/08/2024 11:00:00 AM,M,30.0,BICYCLE HELMET (PEDACYCLIST INVOLVED ONLY),WITH TRAFFIC,IN ROADWAY,TEST NOT OFFERED,,30,CLEAR,DAYLIGHT,PEDALCYCLIST,DIVIDED - W/MEDIAN BARRIER,STRAIGHT AND LEVEL,DRY,NO INJURY / DRIVE AWAY,IRVING PARK RD,41.9536224519,-87.7220964412,POINT (-87.722096441189 41.953622451932)
O1859468,NON-MOTOR VEHICLE,b3bd47bdccc5d2d2057e068d4fdb83ccabf7c6318376170b9f36a6bf3a80bac5a50523982876b563a48151b99b3e06d2a031c7e823f1994a62c4c44274fbcf51,07/08/2024 09:45:00 AM,,,NONE PRESENT,,,TEST NOT OFFERED,,35,CLEAR,DAYLIGHT,OTHER OBJECT,DIVIDED - W/MEDIAN BARRIER,STRAIGHT AND LEVEL,DRY,NO INJURY / DRIVE AWAY,HARRISON ST,41.8741900983,-87.6557932497,POINT (-87.655793249727 41.874190098331)
O1858834,BICYCLE,d3731fc3aec9e16f359d1b27b465a43f8aceb46b36ded9f5b198589a6bb03a2ee84ee3093c2321932e1cb2359bf88a3aa55bbf004fb0949febae732ba44ac98c,07/08/2024 09:15:00 AM,M,19.0,HELMET NOT USED,CROSSING - NO CONTROLS (NOT AT INTERSECTION),DRIVEWAY ACCESS,TEST NOT OFFERED,,25,CLEAR,DAYLIGHT,PEDALCYCLIST,ONE-WAY,STRAIGHT AND LEVEL,DRY,INJURY AND / OR TOW DUE TO CRASH,HAMLIN AVE,41.968783337,-87.7230083029,POINT (-87.723008302873 41.968783337)
O1858408,BICYCLE,42c0e009cea5d65f65d292b40ab69dd922207bd38562cde583faf407cd1e707c56ffc2fe3d3c55cb6ae82a4fdfa2ce617665d8f817b4eba4a7cae11b1d5dae12,07/07/2024 04:20:00 PM,M,30.0,BICYCLE HELMET (PEDACYCLIST INVOLVED ONLY),CROSSING - WITH SIGNAL,BIKE LANE,TEST NOT OFFERED,,30,OTHER,DAYLIGHT,PEDALCYCLIST,FOUR WAY,STRAIGHT AND LEVEL,WET,INJURY AND / OR TOW DUE TO CRASH,WABASH AVE,41.871774309,-87.6260827939,POINT (-87.626082793942 41.871774308984)
O1865384,BICYCLE,66718e36eec3337e42db3dd07123a81dfd0b2924d96ade2fbebcac8b3ec58f1d8b4a726420694b3d6ae73a463a18f78b3bfbcfa6a7774e012942933e98ba850f,07/07/2024 03:03:00 PM,M,16.0,HELMET NOT USED,WITH TRAFFIC,SHOULDER,TEST NOT OFFERED,,30,CLEAR,DAYLIGHT,PEDALCYCLIST,FOUR WAY,STRAIGHT AND LEVEL,DRY,INJURY AND / OR TOW DUE TO CRASH,99TH ST,41.7137558726,-87.6688672612,POINT (-87.668867261199 41.713755872624)
O1858375,BICYCLE,229bab5b9269baf9b98ced8fce08206cebf4cb8f00f52d2d2ff70df6e558961b2fbd5a863c29de5926d7ad5b4859b66944b3eabcc877180f22790787b20ffbb3,07/07/2024 02:00:00 PM,M,28.0,HELMET NOT USED,WITH TRAFFIC,IN ROADWAY,TEST NOT OFFERED,,25,CLOUDY/OVERCAST,DAYLIGHT,PEDALCYCLIST,NOT DIVIDED,STRAIGHT AND LEVEL,DRY,NO INJURY / DRIVE AWAY,PULASKI RD,41.9023588879,-87.7264401212,POINT (-87.726440121173 41.902358887859)
O1858305,BICYCLE,1e902340cc5bba79aa6c79c645703b27620f99342a13bca0069c7ce3c886cf7485db6b898e833576a88ac3512e1c40de750757302361f817a4b4e06b969af031,07/07/2024 01:00:00 PM,M,,HELMET NOT USED,WITH TRAFFIC,BIKE LANE,,,35,CLEAR,DAYLIGHT,PEDALCYCLIST,DIVIDED - W/MEDIAN BARRIER,STRAIGHT AND LEVEL,DRY,INJURY AND / OR TOW DUE TO CRASH,BROADWAY,41.97456751,-87.6599677774,POINT (-87.659967777355 41.974567509971)