PERSON_ID,PERSON_TYPE,CRASH_RECORD_ID,CRASH_DATE_x,SEX,AGE,SAFETY_EQUIPMENT,PEDPEDAL_ACTION,PEDPEDAL_LOCATION,BAC_RESULT,CRASH_DATE_EST_I,POSTED_SPEED_LIMIT,WEATHER_CONDITION,LIGHTING_CONDITION,FIRST_CRASH_TYPE,TRAFFICWAY_TYPE,ALIGNMENT,ROADWAY_SURFACE_COND,CRASH_TYPE,STREET_NAME,LATITUDE,LONGITUDE,LOCATION
O1858370,BICYCLE,6b3caab9bd08c538edea087965d8d340cf8016017732c1b0f5ea0bf1108052c919b9a3833d25a026308dff689c1d850338e5922b950b349181e27beb9ece923f,07/07/2024 09:30:00 AM,M,38.0,HELMET NOT USED,NO ACTION,IN ROADWAY,TEST NOT OFFERED,,25,CLEAR,DAYLIGHT,PEDALCYCLIST,"FIVE POINT, OR MORE",STRAIGHT AND LEVEL,DRY,INJURY AND / OR TOW DUE TO CRASH,LINCOLN AVE,41.9343469334,-87.6614243456,POINT (-87.661424345612 41.934346933365)
O1858788,BICYCLE,a8f92a63bdd4b290bab2988be60444e542cb3e56a19d633bb7e41d991c29f7a6cc09ab7d6937b722c86afbf7efc9d1a6bba248a43307cd4dc5807b91c9f48669,07/07/2024 04:30:00 AM,F,32.0,HELMET NOT USED,TURNING RIGHT,BIKE LANE,TEST NOT OFFERED,,30,CLEAR,DAYLIGHT,PEDALCYCLIST,ONE-WAY,STRAIGHT AND LEVEL,DRY,NO INJURY / DRIVE AWAY,EXCHANGE AVE,,,
O1857962,BICYCLE,1a40dc50b50e3cc2b485aa6c831deb7a70aec34a4b0373fcd1cf8db35c0a25325a9f12ab300344a13b896de4872229197350880f3f9652dcce994530c4f67f20,07/06/2024 07:50:00 PM,,,HELMET NOT USED,CROSSING - AGAINST SIGNAL,IN ROADWAY,,,30,CLEAR,"DARKNESS, LIGHTED ROAD",PEDALCYCLIST,ONE-WAY,STRAIGHT AND LEVEL,DRY,NO INJURY / DRIVE AWAY,LAFAYETTE AVE,41.7289307234,-87.6253827563,POINT (-87.625382756311 41.72893072336)
O1857928,BICYCLE,4746a0a22e9616edfed01847e6acf343914819c119318c0884b5f1dafaacddbf6e84f18bec6b27893fff8abdabd8a60793867196d0007a599962b518b7311512,07/06/2024 07:00:00 PM,M,0.0,HELMET NOT USED,AGAINST TRAFFIC,IN ROADWAY,TEST NOT OFFERED,,30,CLEAR,DAYLIGHT,PEDALCYCLIST,FOUR WAY,STRAIGHT AND LEVEL,DRY,INJURY AND / OR TOW DUE TO CRASH,KEDZIE AVE,41.8590298265,-87.7056009953,POINT (-87.705600995256 41.859029826536)
O1857891,BICYCLE,844a2d34f4e34b6396246079207f04f6b44027f2e9021856aaa88749fdc8d8f127e87144d728b4897f04bc9c11d4fa654c5c3918f73e0aebac932b2265bfa891,07/06/2024 06:15:00 PM,M,2.0,HELMET NOT USED,CROSSING - NO CONTROLS (AT INTERSECTION),IN CROSSWALK,TEST NOT OFFERED,Y,30,CLEAR,DAYLIGHT,PEDALCYCLIST,DIVIDED - W/MEDIAN (NOT RAISED),STRAIGHT AND LEVEL,DRY,NO INJURY / DRIVE AWAY,BELMONT AVE,41.938698899,-87.7653319345,POINT (-87.765331934469 41.938698898997)
O1857905,BICYCLE,585be6f0b9e233adc5e01c1d21c02dc762a04886d1333838880e5ed9fd240190929268dc7583584e99a956da48fcfa2cf7ad463cc4d4dd402752225c8115fa7f,07/06/2024 05:50:00 PM,M,35.0,HELMET NOT USED,WITH TRAFFIC,IN ROADWAY,TEST NOT OFFERED,,30,UNKNOWN,DAYLIGHT,PEDALCYCLIST,NOT DIVIDED,STRAIGHT AND LEVEL,UNKNOWN,INJURY AND / OR TOW DUE TO CRASH,MAGNOLIA AVE,41.9071299092,-87.6600486865,POINT (-87.660048686482 41.907129909233)
O1857883,BICYCLE,77330adabdd72a586f6f4b3e4c4ecadefe69386e1e1f389223be1853f1606fecbca2e6d99cfbd85027f0265f5fb2c599d0ca2084f305697d1412c391d7726c9d,07/06/2024 04:17:00 PM,M,19.0,HELMET NOT USED,WITH TRAFFIC,SHOULDER,TEST NOT OFFERED,,35,CLEAR,DAYLIGHT,PEDALCYCLIST,FOUR WAY,STRAIGHT AND LEVEL,DRY,INJURY AND / OR TOW DUE TO CRASH,JACKSON BLVD,41.8774362051,-87.7061343001,POINT (-87.706134300119 41.877436205091)
O1857849,BICYCLE,92324f2d1bd92112f67b0bea64420402663b9877c803c138e4549b9263d1927fb3a9900cc39e15df97a7575bb18e3a3ef3ecd06c632bc8f78768932612ea352c,07/06/2024 04:15:00 PM,M,,HELMET NOT USED,UNKNOWN/NA,IN ROADWAY,TEST NOT OFFERED,,30,CLEAR,DAYLIGHT,PEDALCYCLIST,FOUR WAY,STRAIGHT AND LEVEL,DRY,NO INJURY / DRIVE AWAY,KEDZIE AVE,41.8773757213,-87.7061634995,POINT (-87.706163499456 41.877375721286)
O1858142,BICYCLE,14764a3a9b846654bc6a2c7bf391a94027c3796c87738ca942e03754870f2c9e52e91bee93eea940cf14ad52ba3e8405ac0ca5abb35cd7a21c1ebde501431705,07/06/2024 01:45:00 PM,F,31.0,BICYCLE HELMET (PEDACYCLIST INVOLVED ONLY),NO ACTION,IN ROADWAY,TEST NOT OFFERED,,30,CLEAR,DAYLIGHT,PEDALCYCLIST,NOT DIVIDED,STRAIGHT AND LEVEL,DRY,INJURY AND / OR TOW DUE TO CRASH,CLARK ST,41.9321181656,-87.6445643934,POINT (-87.644564393429 41.932118165575)
O1857670,BICYCLE,310541471681432a56ca463af940969c3b0834a2317e8789435f92cc8f2764ef5263f48ce30d53001ffc3076e89d90130ebf20a4fce1e86c05d2853a4eeade7b,07/06/2024 01:00:00 PM,F,27.0,HELMET NOT USED,CROSSING - WITH SIGNAL,IN CROSSWALK,TEST NOT OFFERED,,30,CLEAR,DAYLIGHT,PEDALCYCLIST,NOT DIVIDED,STRAIGHT AND LEVEL,DRY,NO INJURY / DRIVE AWAY,112TH ST,41.6917133981,-87.5295267462,POINT (-87.529526746203 41.691713398063)
O1857721,BICYCLE,0ee46b4dfeecb17278dd9d8008d88ea7463a1e7e89320ba2114418973d80ba9ef8482522fe3ce175ec87ab5fa82f82abba69dfad3562da6790a7feee297547cd,07/06/2024 12:30:00 AM,M,23.0,BICYCLE HELMET (PEDACYCLIST INVOLVED ONLY),OTHER ACTION,BIKEWAY,TEST NOT OFFERED,,30,CLEAR,DAYLIGHT,PEDALCYCLIST,NOT DIVIDED,STRAIGHT AND LEVEL,DRY,INJURY AND / OR TOW DUE TO CRASH,CLYBOURN AVE,41.917167001,-87.6584532264,POINT (-87.65845322644 41.917167000959)
O1857453,BICYCLE,0430ce4461387520b69a44191b46ef8f24cad43387ad6a8720c2129afd4f13b25a9dc8033648cc58746fcf8233e12f723a048329a387dbb111ccd0ef34bf2165,07/05/2024 11:40:00 PM,M,14.0,HELMET NOT USED,OTHER ACTION,IN ROADWAY,TEST NOT OFFERED,,30,CLEAR,"DARKNESS, LIGHTED ROAD",PEDALCYCLIST,DIVIDED - W/MEDIAN (NOT RAISED),STRAIGHT AND LEVEL,DRY,INJURY AND / OR TOW DUE TO CRASH,BELMONT AVE,41.9389859512,-87.7271219709,POINT (-87.727121970922 41.938985951239)
O1857423,BICYCLE,524db0dfbf805466cbb3b09247e09a3dd936500d63ba5f277fcd609e5a040aa4fe449495d2db237287387383eb90a14774605c76e83955e57bea3899eb172d35,07/05/2024 10:20:00 PM,F,26.0,HELMET NOT USED,WITH TRAFFIC,BIKE LANE,,,30,CLEAR,"DARKNESS, LIGHTED ROAD",PEDALCYCLIST,ONE-WAY,STRAIGHT AND LEVEL,DRY,INJURY AND / OR TOW DUE TO CRASH,DEARBORN ST,41.8916012848,-87.6297967052,POINT (-87.629796705231 41.891601284754)
O1857332,BICYCLE,d969029d7c7b3a3f7682ce9de4f17f32246a71b041a0748b9ccb81c63ecc4629c49eb5e22388ce7269b7d44dc65f787b816f3622a0ea2d33efebbffc6de22743,07/05/2024 06:24:00 PM,M,40.0,HELMET NOT USED,WITH TRAFFIC,IN ROADWAY,TEST NOT OFFERED,,30,CLEAR,DAYLIGHT,PEDALCYCLIST,FOUR WAY,STRAIGHT AND LEVEL,DRY,INJURY AND / OR TOW DUE TO CRASH,IRVING PARK RD,41.9535954311,-87.7414772347,POINT (-87.741477234719 41.953595431054)
O1857391,BICYCLE,4fe1c5ff8f03d0c0be7331564a0e42b4b16d78a5e5fdaca7e94aca80974d545264df397c9259864c7688649828fa4c8057060426548370fd40373ea1898f8ac2,07/05/2024 06:05:00 PM,M,65.0,BICYCLE HELMET (PEDACYCLIST INVOLVED ONLY),CROSSING - WITH SIGNAL,IN ROADWAY,TEST NOT OFFERED,,30,CLEAR,DUSK,PEDALCYCLIST,FOUR WAY,STRAIGHT AND LEVEL,DRY,INJURY AND / OR TOW DUE TO CRASH,ASHLAND BLVD,42.0101489603,-87.6702606946,POINT (-87.670260694645 42.01014896026)
O1857786,BICYCLE,80a9ba6286a675c67350384f47984a3eb0ea60f99101a549fe4afdaf18e1a1543daab06e169d7a9d9599bee501f0d8ccc835b2d5f52e84e4c2fffdbd280f0a35,07/05/2024 05:48:00 PM,M,29.0,BICYCLE HELMET (PEDACYCLIST INVOLVED ONLY),TURNING LEFT,IN ROADWAY,TEST NOT OFFERED,,30,CLEAR,DAYLIGHT,PEDALCYCLIST,FOUR WAY,STRAIGHT AND LEVEL,DRY,INJURY AND / OR TOW DUE TO CRASH,SANGAMON ST,41.8817812658,-87.6510175845,POINT (-87.651017584533 41.881781265771)
O1857684,BICYCLE,d7bb4e041ca587432aaf97d2f418aee3b7995681a2c9830d23b9f1daffb38f867353ff37480243429f8915cb1057282952edcdfe7e13239e8a96c65c7e245a6a,07/05/2024 03:50:00 PM,M,38.0,HELMET NOT USED,WITH TRAFFIC,UNKNOWN/NA,TEST NOT OFFERED,,30,CLEAR,DAYLIGHT,PEDALCYCLIST,NOT DIVIDED,STRAIGHT AND LEVEL,DRY,INJURY AND / OR TOW DUE TO CRASH,BROADWAY,41.9536610001,-87.650110007,POINT (-87.650110007026 41.953661000056)
O1856983,BICYCLE,d2994c9a00cf1d87134c903378df30bb7a3099befdff31d03d944b3a6a7844d6e05f72fe80b27e5c551dd8b2c4c91e95ad5c31e712abb28b71fdab725ef98d56,07/05/2024 01:06:00 PM,M,30.0,HELMET NOT USED,CROSSING - WITH SIGNAL,NOT IN ROADWAY,TEST NOT OFFERED,,25,CLEAR,DAYLIGHT,PEDALCYCLIST,NOT DIVIDED,STRAIGHT AND LEVEL,DRY,INJURY AND / OR TOW DUE TO CRASH,GREGORY ST,41.9821711731,-87.7876916991,POINT (-87.787691699146 41.982171173088)
O1857010,BICYCLE,7f8e8e66268d83e5e044a62585850364fa46add8f7dfa0b5b7a07fecfca7cadebc7fd0acf1de0681264144d9d5bc8f571968156c74c8902f349b63e538f28784,07/05/2024 12:50:00 PM,F,56.0,BICYCLE HELMET (PEDACYCLIST INVOLVED ONLY),CROSSING - WITH SIGNAL,IN CROSSWALK,,,25,CLEAR,DAYLIGHT,PEDALCYCLIST,FOUR WAY,STRAIGHT AND LEVEL,DRY,INJURY AND / OR TOW DUE TO CRASH,EAST RIVER RD,41.9676016388,-87.846693781,POINT (-87.846693781023 41.967601638829)
O1857001,BICYCLE,b37cab4d02fd31938cb94b414ecd40106691d3e9abe0ea11c129996a3fe3ce3a3a4697c5a889b33f02c0cbea62e5864f6b474c34bc2e434a95ca5257c888f892,07/05/2024 12:45:00 PM,M,,HELMET NOT USED,OTHER ACTION,IN ROADWAY,TEST NOT OFFERED,,30,CLEAR,DAYLIGHT,PEDALCYCLIST,DIVIDED - W/MEDIAN (NOT RAISED),STRAIGHT AND LEVEL,DRY,INJURY AND / OR TOW DUE TO CRASH,WRIGHTWOOD AVE,41.9282206012,-87.7109260666,POINT (-87.710926066634 41.928220601161)
O1856795,BICYCLE,8f156015eb53e0b0336c3024b5ddf88e16667d83dfc073074af97de78e566d0b2578d9c6d0b49fd5f63dc795ec002fb0f4b831a93b8a70a45241605d54b03bb8,07/05/2024 07:21:00 AM,M,27.0,HELMET NOT USED,CROSSING - WITH SIGNAL,BIKE LANE,TEST NOT OFFERED,,30,CLEAR,DAYLIGHT,PEDALCYCLIST,FOUR WAY,STRAIGHT AND LEVEL,UNKNOWN,INJURY AND / OR TOW DUE TO CRASH,DEARBORN ST,41.8844460794,-87.629602189,POINT (-87.629602188986 41.884446079412)
O1856621,BICYCLE,a4fec9307cd2ea11b3d3182a6fe81ef4d3d0e3fc484ceefd697a2225d2f708a8be793b4be9781b997fbdf9958dd59f9124394341f7cfbcdc7e8fab0b16e11bf9,07/04/2024 10:15:00 PM,F,,BICYCLE HELMET (PEDACYCLIST INVOLVED ONLY),UNKNOWN/NA,IN CROSSWALK,TEST NOT OFFERED,,30,CLEAR,DAWN,PEDALCYCLIST,ONE-WAY,STRAIGHT AND LEVEL,DRY,INJURY AND / OR TOW DUE TO CRASH,WASHINGTON BLVD,41.8829218675,-87.7044477659,POINT (-87.704447765942 41.882921867453)
O1856560,BICYCLE,ff876210d4cbbce7eab47524f991ff6d8d205f5bad3bab8c1ecb9ec6c1b647c540cc33091d1d0538382a9c8967c0272a4a412eb4aab96d6e6f54db9ac490743d,07/04/2024 06:29:00 PM,M,47.0,HELMET NOT USED,CROSSING - AGAINST SIGNAL,IN ROADWAY,TEST NOT OFFERED,,30,CLEAR,DAYLIGHT,PEDALCYCLIST,FOUR WAY,STRAIGHT AND LEVEL,DRY,INJURY AND / OR TOW DUE TO CRASH,SAYRE AVE,41.9220834356,-87.8008396733,POINT (-87.80083967333 41.922083435638)
O1857947,BICYCLE,f9de236709c5c5bbf782bdda6b1fc1f33d099b723966768ac08fd07b5186105cbfdc9e8cc28fe4fb19ef531e6c9a5d7907524c279489c90603f8e558ead513b1,07/04/2024 03:36:00 PM,F,40.0,HELMET NOT USED,CROSSING - CONTROLS PRESENT (NOT AT INTERSECTION),IN CROSSWALK,TEST NOT OFFERED,,30,CLEAR,DAYLIGHT,PEDALCYCLIST,ONE-WAY,STRAIGHT AND LEVEL,DRY,INJURY AND / OR TOW DUE TO CRASH,63RD ST,41.7788811758,-87.701855225,POINT (-87.701855225017 41.778881175753)
O1856446,BICYCLE,359342a6593f853dafcf5c50fa347fb9a539b02e99a954ade791b98e533dc963eead190e43112499e3c814a1aff4a09b68b83adef9fa1517e949227de8d5cf74,07/04/2024 02:30:00 PM,M,12.0,HELMET NOT USED,PLAYING IN ROADWAY,IN ROADWAY,TEST NOT OFFERED,,15,RAIN,DAYLIGHT,PEDALCYCLIST,ONE-WAY,STRAIGHT AND LEVEL,DRY,INJURY AND / OR TOW DUE TO CRASH,LAFAYETTE AVE,41.6760952705,-87.6239506252,POINT (-87.623950625215 41.676095270479)
O1857076,BICYCLE,7c70290fafd834193b310b7691196a9e9734593ca87889e2a88e97749856495d089e3b3f86b7036c5d0fbf39e4ddc202baf5f0fb01ee4cb32fa1170c91dba998,07/04/2024 02:10:00 PM,F,28.0,HELMET NOT USED,CROSSING - AGAINST SIGNAL,IN ROADWAY,TEST NOT OFFERED,,30,CLEAR,DAYLIGHT,PEDALCYCLIST,"FIVE POINT, OR MORE",STRAIGHT AND LEVEL,DRY,NO INJURY / DRIVE AWAY,CLARK ST,41.9443729802,-87.654348053,POINT (-87.654348052981 41.944372980167)
O1856363,BICYCLE,8b22eae050b6ff0caf39c3c43e6fd4bc71c77002f352771374dd91d172c36c8b2bee231a7ee3769bb86119e879ff813d6d5f94c09901787d2e0ae5c1eba83823,07/04/2024 12:15:00 PM,M,25.0,HELMET NOT USED,CROSSING - AGAINST SIGNAL,IN ROADWAY,TEST NOT OFFERED,,30,CLEAR,DAYLIGHT,PEDALCYCLIST,DIVIDED - W/MEDIAN (NOT RAISED),STRAIGHT AND LEVEL,DRY,INJURY AND / OR TOW DUE TO CRASH,BROADWAY,41.9512739116,-87.649471564,POINT (-87.649471563998 41.95127391162)
O1856337,BICYCLE,88b32d94b62ee72b21667ea565d6ff9135dc299a385f0a7a04ab7b72bf05d7aaf1172c6b67c3f2ef1549c8163e8d4029ec552c6d4a09ac556e5cc371868a7c24,07/04/2024 10:40:00 AM,M,10.0,HELMET NOT USED,CROSSING - WITH SIGNAL,IN CROSSWALK,TEST NOT OFFERED,,30,CLOUDY/OVERCAST,DAYLIGHT,PEDALCYCLIST,NOT DIVIDED,STRAIGHT AND LEVEL,UNKNOWN,INJURY AND / OR TOW DUE TO CRASH,ARMITAGE AVE,41.9172335423,-87.7118211585,POINT (-87.71182115849 41.917233542343)
O1856283,BICYCLE,c288db2ca9a532204e18817547823e70b7156af89b5141985a8bbb62c7253f37995c3c058ce5b46bda253bf41dcccd07d8dd279b385d07feb4a4031b06d32795,07/04/2024 07:50:00 AM,M,60.0,HELMET NOT USED,CROSSING - NO CONTROLS (AT INTERSECTION),IN CROSSWALK,TEST NOT OFFERED,,25,CLEAR,DAYLIGHT,PEDALCYCLIST,ONE-WAY,STRAIGHT AND LEVEL,DRY,NO INJURY / DRIVE AWAY,HURON ST,41.8937989855,-87.7101036029,POINT (-87.710103602921 41.893798985526)
O1856118,BICYCLE,8d357ec7ca6b30577dfa5fa9e7abacc0e3f36924f1c01e0e086746936328db5f1a384d1c8d64e206d88682877b9f7425b1f6ebcd007be03263d8f844d5250528,07/03/2024 08:52:00 PM,M,52.0,BICYCLE HELMET (PEDACYCLIST INVOLVED ONLY),CROSSING - WITH SIGNAL,IN ROADWAY,TEST NOT OFFERED,,35,CLEAR,"DARKNESS, LIGHTED ROAD",PEDALCYCLIST,NOT DIVIDED,STRAIGHT AND LEVEL,DRY,INJURY AND / OR TOW DUE TO CRASH,WOOD ST,41.9106497138,-87.6727258138,POINT (-87.672725813834 41.91064971383)
O1856102,BICYCLE,c214803e5868a3a2d2b2c0977b205bd5d66cf48153b9fad06789894c9659b37db8270cf0c78efe22c92dd4511e19ba9cb749c3dd5a40ddac462d7fcc78ab42ea,07/03/2024 05:20:00 PM,F,53.0,BICYCLE HELMET (PEDACYCLIST INVOLVED ONLY),TURNING LEFT,NOT IN ROADWAY,TEST NOT OFFERED,,30,CLEAR,DAYLIGHT,PEDALCYCLIST,ALLEY,STRAIGHT AND LEVEL,DRY,INJURY AND / OR TOW DUE TO CRASH,IRVING PARK RD,41.9540685416,-87.7013862545,POINT (-87.701386254525 41.954068541594)
O1855754,BICYCLE,29595baa0ff8b29fa4521f05822b4bf888db7e54e400810605743ed27bc46cbfc6fe579f4469930040549be1f8e55cfb6e2a2148000486cce7a94ac4df7a9623,07/03/2024 03:35:00 PM,M,36.0,BICYCLE HELMET (PEDACYCLIST INVOLVED ONLY),CROSSING - WITH SIGNAL,BIKEWAY,TEST NOT OFFERED,,30,CLEAR,DAYLIGHT,PEDALCYCLIST,FOUR WAY,STRAIGHT AND LEVEL,DRY,INJURY AND / OR TOW DUE TO CRASH,HALSTED ST,41.9474079051,-87.649342634,POINT (-87.64934263397 41.94740790513)
O1855778,BICYCLE,5c5ccc7d72f2a784cda23062ac254313596067f7998c6fb3f0e756b0af491e9af53bac61867a1a776237d75b1a22c88c3604f4c8da05fc102955fd2bf7d466ad,07/03/2024 03:25:00 PM,M,49.0,HELMET NOT USED,WITH TRAFFIC,IN ROADWAY,TEST NOT OFFERED,,30,CLEAR,DAYLIGHT,PEDALCYCLIST,NOT DIVIDED,STRAIGHT AND LEVEL,DRY,INJURY AND / OR TOW DUE TO CRASH,GREENVIEW AVE,42.0082408434,-87.6677275149,POINT (-87.66772751493 42.008240843433)
O1855717,BICYCLE,edee864fe23e3092547a95af560ec3bea86b4d99a26f77847a6055778ea8f1b73a6d71927bb4cdd2cfc9a6163d148fe8728318ce2467aad4eabde89c4c3e7cb4,07/03/2024 01:00:00 PM,M,,HELMET NOT USED,CROSSING - AGAINST SIGNAL,IN CROSSWALK,TEST NOT OFFERED,,35,CLEAR,DAYLIGHT,PEDALCYCLIST,DIVIDED - W/MEDIAN (NOT RAISED),STRAIGHT AND LEVEL,DRY,NO INJURY / DRIVE AWAY,COMMERCIAL AVE,41.7464270046,-87.5516058948,POINT (-87.551605894793 41.746427004615)
O1855918,BICYCLE,efdbcedec8a0c11a579452d4b2c900c96efe051d4223048b69673e3ded48d9a672f3ac419d006742b3006666b4222210291ebe2c4661e1e02fd506a69f13c369,07/03/2024 12:45:00 PM,M,,HELMET NOT USED,CROSSING - AGAINST SIGNAL,IN ROADWAY,TEST NOT OFFERED,,30,CLEAR,DAYLIGHT,PEDALCYCLIST,UNKNOWN INTERSECTION TYPE,STRAIGHT AND LEVEL,DRY,NO INJURY / DRIVE AWAY,MICHIGAN AVE,41.8949836069,-87.6241061965,POINT (-87.624106196489 41.894983606939)
O1855362,BICYCLE,390a074f9d9e0b0c9b7f8f1f1eccecc8b87a757ff573340bc060c5b0493f071adf535a9970a11bcb878cca7548ec3b63ca4cbba88192de15d85d45966f5612aa,07/02/2024 11:30:00 PM,M,39.0,BICYCLE HELMET (PEDACYCLIST INVOLVED ONLY),CROSSING - WITH SIGNAL,BIKE LANE,,,30,CLEAR,"DARKNESS, LIGHTED ROAD",PEDALCYCLIST,FOUR WAY,STRAIGHT AND LEVEL,DRY,NO INJURY / DRIVE AWAY,ARMITAGE AVE,41.9174533052,-87.688536453,POINT (-87.688536453028 41.917453305196)
O1855664,BICYCLE,b8adf7afab44d3dd52452b5424c3436ba5915077cd87669d8857601abe20bcb3ad06f20f6fa556c7d11ed83cf49c0a887b83fd80a4ea957c7e06ae2877d34658,07/02/2024 07:55:00 PM,M,,HELMET NOT USED,WITH TRAFFIC,BIKE LANE,,,30,CLEAR,DAYLIGHT,PEDALCYCLIST,NOT DIVIDED,STRAIGHT AND LEVEL,DRY,NO INJURY / DRIVE AWAY,18TH ST,41.8580978486,-87.6542653341,POINT (-87.654265334111 41.858097848613)
O1855229,BICYCLE,48ed1a6f134db77a559ed9cd544fe552ce69a841070b174136c64ca95add500eead546605aa4a6022792c2c83d2e43292cb2f19e98675af873ad32246b444d64,07/02/2024 06:25:00 PM,F,55.0,HELMET NOT USED,AGAINST TRAFFIC,BIKEWAY,TEST NOT OFFERED,,25,CLEAR,DAYLIGHT,PEDALCYCLIST,T-INTERSECTION,STRAIGHT AND LEVEL,DRY,INJURY AND / OR TOW DUE TO CRASH,112TH ST,41.6919329318,-87.5295253039,POINT (-87.52952530394 41.691932931797)
O1855195,BICYCLE,ff2ff07602ae7c8d63721988c9905182ac19fbc18a8973c6f17d5754df6882fb302e8394cdb149e9b68df31eb993a5bd7da177bd0297617a21c7a3a70d15dd3e,07/02/2024 06:21:00 PM,M,45.0,HELMET NOT USED,WITH TRAFFIC,IN ROADWAY,TEST NOT OFFERED,,15,CLEAR,DAYLIGHT,PEDALCYCLIST,ALLEY,STRAIGHT AND LEVEL,DRY,INJURY AND / OR TOW DUE TO CRASH,JUSTINE ST,41.7836148074,-87.6629588263,POINT (-87.662958826305 41.783614807388)
O1855235,BICYCLE,a2012c56531f79268b193d35b5d86fabdd4d6c4dff250b267000ee5c3535cafe3be40d0d94a98a6f482764e22b93b8f44b0a6e6b5d1ada5d1d8b0b611da5381f,07/02/2024 05:45:00 PM,F,29.0,HELMET NOT USED,OTHER ACTION,NOT IN ROADWAY,TEST NOT OFFERED,,0,CLEAR,DAYLIGHT,PEDALCYCLIST,PARKING LOT,STRAIGHT AND LEVEL,DRY,INJURY AND / OR TOW DUE TO CRASH,CLARK ST,42.0163284915,-87.6753982688,POINT (-87.675398268846 42.016328491503)
O1855237,BICYCLE,bad8e4bbe0fbbe3604e1ac75c6a194e71c644ea7ce892f990ef4428ee785aad797df812352463ce7031766a31ba6640f9d09dd5a553f5194d6c499476836ca4e,07/02/2024 04:30:00 PM,M,35.0,HELMET NOT USED,UNKNOWN/NA,BIKEWAY,TEST NOT OFFERED,,30,UNKNOWN,UNKNOWN,PEDALCYCLIST,UNKNOWN INTERSECTION TYPE,STRAIGHT AND LEVEL,UNKNOWN,NO INJURY / DRIVE AWAY,DEARBORN ST,41.8948904707,-87.6298719035,POINT (-87.629871903472 41.894890470685)
O1855085,BICYCLE,7cffe870e785de2e2e382af9b66de8217814745e155938771c00bac33b1e5147ce593c628413649bd0b92384264e9f0eefdeee4e3ccb520f1c514ce056bec28d,07/02/2024 02:30:00 PM,F,31.0,HELMET NOT USED,AGAINST TRAFFIC,BIKE LANE,TEST NOT OFFERED,,30,CLEAR,DAYLIGHT,PEDALCYCLIST,ONE-WAY,STRAIGHT AND LEVEL,DRY,INJURY AND / OR TOW DUE TO CRASH,FRANKLIN ST,41.8803054368,-87.6351228719,POINT (-87.635122871931 41.880305436812)
O1854822,BICYCLE,237c0cc141e747cf25ea46dd685a3bda1469affdd8d9688442c428a66f1072e1d9477b72633d44ea144e9356dca241d3ce2447c499594b648c2bd239f37961d8,07/02/2024 11:35:00 AM,M,22.0,BICYCLE HELMET (PEDACYCLIST INVOLVED ONLY),OTHER ACTION,IN ROADWAY,TEST NOT OFFERED,Y,30,RAIN,DAYLIGHT,PEDALCYCLIST,NOT DIVIDED,STRAIGHT AND LEVEL,WET,NO INJURY / DRIVE AWAY,CLARK ST,42.0161365412,-87.6753658259,POINT (-87.675365825865 42.016136541161)
O1854876,BICYCLE,9db6fbd37a9e80299fa1c891864fbd2c69a54841650ae8c5fb55cbc9aff0f0b6ace149402fe80cd0a33d724045f43dd3cf54b33f534f81a4a609dcf043027f84,07/02/2024 11:30:00 AM,M,66.0,HELMET NOT USED,CROSSING - WITH SIGNAL,IN ROADWAY,TEST NOT OFFERED,Y,30,CLOUDY/OVERCAST,DAYLIGHT,PEDALCYCLIST,FOUR WAY,STRAIGHT AND LEVEL,UNKNOWN,INJURY AND / OR TOW DUE TO CRASH,GREEN ST,41.880406021,-87.6486363962,POINT (-87.648636396232 41.880406020995)
O1854703,BICYCLE,b4817c9224fb56a8f6e46d2f2d04b0cabb98582a3e3f9041e027ec32270c76e9f1e3f7ac1f5ebc2aad4b70fc568c8eb7b2abf2b3027e707057380838a3f1b25b,07/02/2024 09:00:00 AM,M,28.0,HELMET NOT USED,CROSSING - NO CONTROLS (NOT AT INTERSECTION),IN ROADWAY,TEST NOT OFFERED,,30,CLEAR,DAYLIGHT,PEDALCYCLIST,DIVIDED - W/MEDIAN (NOT RAISED),STRAIGHT AND LEVEL,UNKNOWN,INJURY AND / OR TOW DUE TO CRASH,LUELLA AVE,41.751591573,-87.5700316604,POINT (-87.570031660403 41.751591573029)
O1854478,BICYCLE,802dd4bdc698acb138125ed13fc71880eeef07e73dc182c1c261ef59784ee208d1f3277ec3929ddc527dfb48a9c105b44ff385aebcade9a522d1d6d59e318cb9,07/01/2024 09:40:00 PM,F,,HELMET NOT USED,CROSSING - NO CONTROLS (NOT AT INTERSECTION),IN CROSSWALK,TEST NOT OFFERED,,30,CLEAR,"DARKNESS, LIGHTED ROAD",PEDALCYCLIST,DIVIDED - W/MEDIAN (NOT RAISED),STRAIGHT AND LEVEL,DRY,NO INJURY / DRIVE AWAY,NORTH AVE,41.9097729667,-87.742791043,POINT (-87.742791043049 41.909772966659)
O1854414,BICYCLE,7e2e657fe8632e795ff414ed6e5ff85a47365acb8cbe54ff751e1d59163e87f6a449c4465eb4b3383e6945b1b05dbce3751e830ac9668ca86d1b3898f12f5494,07/01/2024 07:12:00 PM,M,65.0,HELMET NOT USED,CROSSING - WITH SIGNAL,IN CROSSWALK,TEST REFUSED,,30,CLEAR,DAYLIGHT,PEDALCYCLIST,FOUR WAY,STRAIGHT AND LEVEL,DRY,INJURY AND / OR TOW DUE TO CRASH,CICERO AVE,41.9188043154,-87.7460227291,POINT (-87.746022729091 41.918804315368)