PERSON_ID,PERSON_TYPE,CRASH_RECORD_ID,CRASH_DATE_x,SEX,AGE,SAFETY_EQUIPMENT,PEDPEDAL_ACTION,PEDPEDAL_LOCATION,BAC_RESULT,CRASH_DATE_EST_I,POSTED_SPEED_LIMIT,WEATHER_CONDITION,LIGHTING_CONDITION,FIRST_CRASH_TYPE,TRAFFICWAY_TYPE,ALIGNMENT,ROADWAY_SURFACE_COND,CRASH_TYPE,STREET_NAME,LATITUDE,LONGITUDE,LOCATION
O1854804,BICYCLE,c224d683d4dc3d26a96393d5f78d96789afddbf95998bacfaed182d40b369cc19c16e0c13434a2797c687cc15ef9a590e087f23ec5a22ec2cf07e90d5ee2bb8b,07/01/2024 06:00:00 PM,M,24.0,BICYCLE HELMET (PEDACYCLIST INVOLVED ONLY),OTHER ACTION,BIKEWAY,TEST NOT OFFERED,,30,UNKNOWN,UNKNOWN,PEDALCYCLIST,FOUR WAY,STRAIGHT AND LEVEL,UNKNOWN,INJURY AND / OR TOW DUE TO CRASH,HALSTED ST,41.9292037742,-87.6490401365,POINT (-87.649040136548 41.92920377415)
O1854361,BICYCLE,ece68d964c07a2e0a17c50b69f1a0c901837f6709908316f16c5148b4a1d9e557b2cb4ebb7df8c5b4f93b1579b085e4867d410e5b8e1685a6c66274735fbbaa3,07/01/2024 06:00:00 PM,M,13.0,HELMET NOT USED,CROSSING - NO CONTROLS (NOT AT INTERSECTION),SHOULDER,TEST NOT OFFERED,,30,CLEAR,DAYLIGHT,PEDALCYCLIST,NOT DIVIDED,STRAIGHT AND LEVEL,DRY,INJURY AND / OR TOW DUE TO CRASH,MILWAUKEE AVE,41.9239120202,-87.6992255519,POINT (-87.69922555194 41.923912020163)
O1854465,BICYCLE,ce2376e479beb76c67c6aaab8e5c8fde602b0bd639671a624e744c3c89b076cbbbfa82f2416cf18457c4125708067463fd19efa93f7ffe6ff5b27b385d6c14f8,07/01/2024 05:48:00 PM,M,22.0,HELMET NOT USED,TURNING LEFT,IN ROADWAY,TEST NOT OFFERED,,20,CLEAR,DAWN,PEDALCYCLIST,NOT DIVIDED,STRAIGHT AND LEVEL,DRY,INJURY AND / OR TOW DUE TO CRASH,GRACE ST,41.9505523437,-87.6837384776,POINT (-87.683738477567 41.950552343686)
O1854410,BICYCLE,83ef52cdf4db679183556b5db0c6f6800b5fe8a34c9511a141108622b04b43b48df1adcfc7b5ed8c6dc3f72417cab4da7d18f21c4a63a504c56b9965e6e4c5ea,07/01/2024 03:06:00 PM,F,62.0,HELMET NOT USED,TURNING RIGHT,BIKEWAY,TEST NOT OFFERED,,30,CLEAR,DAYLIGHT,PEDALCYCLIST,DIVIDED - W/MEDIAN (NOT RAISED),"CURVE, LEVEL",DRY,INJURY AND / OR TOW DUE TO CRASH,ELSTON AVE,41.9249679836,-87.6775653775,POINT (-87.677565377509 41.924967983568)
O1854163,BICYCLE,57400df52bab49a7e2b25cf158cb8e30e7be742a4c712f34d1d004d02bd78b9612a9bfce90973c6c30a92efb2ec63c8f68e2d6eeae91f2a5c16f518fbc5882c6,07/01/2024 12:13:00 AM,M,22.0,HELMET NOT USED,UNKNOWN/NA,IN ROADWAY,,N,20,CLEAR,"DARKNESS, LIGHTED ROAD",PEDALCYCLIST,NOT DIVIDED,STRAIGHT AND LEVEL,UNKNOWN,INJURY AND / OR TOW DUE TO CRASH,BROADWAY,41.9393096775,-87.6442283706,POINT (-87.64422837055 41.939309677466)
O1854857,BICYCLE,386e3ba08b623e5e053b61085bdf055381e04ce5bd95e93fa7f9c7daa8200f4b8dba1eca64c05b59bcb7e550f526381baf96d532e369415f8d87df8360570a3d,06/30/2024 11:00:00 PM,M,24.0,BICYCLE HELMET (PEDACYCLIST INVOLVED ONLY),UNKNOWN/NA,BIKEWAY,TEST NOT OFFERED,,30,CLEAR,DAYLIGHT,PEDALCYCLIST,NOT REPORTED,STRAIGHT AND LEVEL,DRY,NO INJURY / DRIVE AWAY,CLARK ST,41.93015264,-87.6433932764,POINT (-87.643393276412 41.930152639961)
O1855192,BICYCLE,7cbc0dc65f55b8a406833e872e783b463450c52e21b3ec9947ac98b80d1d13fcd63ff51770cfee59d6573891f1ca448adb3df3c063b07a635e1a80db6bc5f939,06/30/2024 10:00:00 PM,M,,HELMET NOT USED,NOT AT INTERSECTION,NOT IN ROADWAY,TEST NOT OFFERED,,30,CLEAR,DARKNESS,PEDALCYCLIST,OTHER,STRAIGHT AND LEVEL,DRY,NO INJURY / DRIVE AWAY,CORTEZ ST,41.9011702114,-87.6614218748,POINT (-87.661421874761 41.901170211409)
O1854154,NON-MOTOR VEHICLE,269405b8ca5fcddd15967ff85d7f22f260007a1e49a717466bbea23f98dfeeb33efec95f7440de44ebb9327d2fbc9d39befd2bf30a62063692454d2aaf75e402,06/30/2024 09:15:00 PM,F,36.0,USAGE UNKNOWN,,,,Y,25,CLEAR,"DARKNESS, LIGHTED ROAD",FIXED OBJECT,ALLEY,STRAIGHT AND LEVEL,DRY,INJURY AND / OR TOW DUE TO CRASH,77TH ST,41.7541650633,-87.6592997299,POINT (-87.659299729923 41.754165063313)
O1854088,BICYCLE,c6fb521f8553b19b9cfbc28d98b100f0becc3b38adddd22943af72583ba47273e556d0cb2d6db8cc1dd95ada79491c8aeed09af2abe9041ffab16eb65654eabc,06/30/2024 09:00:00 PM,M,34.0,HELMET NOT USED,UNKNOWN/NA,IN ROADWAY,TEST NOT OFFERED,,30,CLEAR,DUSK,PARKED MOTOR VEHICLE,DIVIDED - W/MEDIAN BARRIER,STRAIGHT AND LEVEL,DRY,INJURY AND / OR TOW DUE TO CRASH,KEDZIE AVE,41.9113301392,-87.7069306442,POINT (-87.706930644239 41.91133013924)
O1854095,BICYCLE,204173f06d36a78e3b3172c1bc22c21e2743cf321d603b44ac16901fc5dc0e4d5de9cd16f13decd79d37340bb6a63cb9ed314799e9a45e201279d56e3b40d1c3,06/30/2024 08:40:00 PM,M,10.0,HELMET NOT USED,CROSSING - WITH SIGNAL,IN CROSSWALK,TEST NOT OFFERED,,30,CLEAR,"DARKNESS, LIGHTED ROAD",PEDALCYCLIST,DIVIDED - W/MEDIAN BARRIER,STRAIGHT AND LEVEL,UNKNOWN,NO INJURY / DRIVE AWAY,LAKE SHORE DR NB,41.8783101346,-87.6175759034,POINT (-87.617575903416 41.878310134581)
O1853494,BICYCLE,b64bcb0e908f3d4cf5e5966ecf496596ed1a91986ba25a5bc719ca69aabb0ce50cca82826f33c8592f1fe39f337dc24964fe15072b012dde618663cb358c4132,06/29/2024 11:41:00 PM,F,29.0,HELMET NOT USED,CROSSING - AGAINST SIGNAL,UNKNOWN/NA,TEST NOT OFFERED,,30,CLEAR,"DARKNESS, LIGHTED ROAD",PEDALCYCLIST,FOUR WAY,STRAIGHT AND LEVEL,DRY,INJURY AND / OR TOW DUE TO CRASH,ASHLAND AVE,41.9107192433,-87.6678408072,POINT (-87.66784080722 41.910719243344)
O1859065,BICYCLE,b7c587cfb2cef7cf51bd4bf1fdb43d5a9e09bd7cc1fa45cf21aaaacea37120c3b401fdf0727625bdd6e35adfeea833dd7901485de75eb36a1d525bab8a886722,06/29/2024 08:00:00 PM,F,28.0,HELMET NOT USED,WITH TRAFFIC,BIKEWAY,,Y,35,CLEAR,DUSK,PEDALCYCLIST,NOT DIVIDED,STRAIGHT AND LEVEL,DRY,INJURY AND / OR TOW DUE TO CRASH,CLARK ST,41.9765755063,-87.6682636441,POINT (-87.668263644092 41.976575506301)
O1853307,BICYCLE,b6efbea470e00c940b3c8dce4713a5a4a96f955b86ea045bf00509e49d2baac356a6fe73f47ac7a2f55d1d9e932ad5b7fb7e74402c08f57a36f33eb5a1114c7e,06/29/2024 06:00:00 PM,M,16.0,BICYCLE HELMET (PEDACYCLIST INVOLVED ONLY),CROSSING - WITH SIGNAL,IN CROSSWALK,TEST NOT OFFERED,,35,CLEAR,DAYLIGHT,PEDALCYCLIST,FOUR WAY,STRAIGHT AND LEVEL,DRY,NO INJURY / DRIVE AWAY,ARCHER AVE,41.8399973973,-87.6611027146,POINT (-87.661102714604 41.839997397297)
O1853273,BICYCLE,f96b73a470422b5f326e7fda00902d7bbefc3bee676a21b96ec92e02fab38ba29c95c0d2ad64dfe8df862c0c7ae4ea9337616c06e5b20c78841c0a921071d99a,06/29/2024 04:31:00 PM,F,26.0,BICYCLE HELMET (PEDACYCLIST INVOLVED ONLY),CROSSING - NO CONTROLS (NOT AT INTERSECTION),BIKE LANE,TEST NOT OFFERED,,30,CLEAR,DAYLIGHT,PEDALCYCLIST,FOUR WAY,STRAIGHT AND LEVEL,DRY,INJURY AND / OR TOW DUE TO CRASH,RANDOLPH ST,41.8846078392,-87.625245448,POINT (-87.625245448007 41.88460783921)
O1853251,BICYCLE,7733c8443da132456be2d7f1bb13e99f62d5699d84a806c3fe433b3d397bef4212daf13e246dbd1db66f74ff4eac142a76839cb2951559248f01652d16539e8f,06/29/2024 04:30:00 PM,M,50.0,BICYCLE HELMET (PEDACYCLIST INVOLVED ONLY),NO ACTION,IN ROADWAY,TEST NOT OFFERED,,30,CLEAR,DAYLIGHT,PEDALCYCLIST,"FIVE POINT, OR MORE",STRAIGHT AND LEVEL,DRY,NO INJURY / DRIVE AWAY,ROGERS AVE,42.0195049911,-87.6682275168,POINT (-87.668227516834 42.019504991135)
O1865880,BICYCLE,a03dd256891aaa34c71aa7a504688678dc11a7fed2eb71a19c0563adbda36b9b4cb8b7aaada9d6abe38b7d811c441857158ded6db81dd8f2919559da7402ae21,06/29/2024 04:26:00 PM,M,49.0,BICYCLE HELMET (PEDACYCLIST INVOLVED ONLY),WITH TRAFFIC,SHOULDER,TEST NOT OFFERED,,30,CLEAR,DAYLIGHT,PEDALCYCLIST,DIVIDED - W/MEDIAN (NOT RAISED),STRAIGHT AND LEVEL,DRY,INJURY AND / OR TOW DUE TO CRASH,PULASKI RD,41.958757133,-87.7279117881,POINT (-87.727911788084 41.958757132964)
O1853083,BICYCLE,107b20d66f5800b3681dcfad79168fafd0e90ddea0cfd76b9b4f895c918a981b5abe575d22617b67cd8618c3b8defd3fb323884a493b459b6feb8d5dc06d43c4,06/29/2024 01:30:00 PM,F,19.0,HELMET NOT USED,WITH TRAFFIC,BIKE LANE,TEST NOT OFFERED,,30,CLEAR,DAYLIGHT,PEDALCYCLIST,NOT DIVIDED,STRAIGHT AND LEVEL,DRY,INJURY AND / OR TOW DUE TO CRASH,MILWAUKEE AVE,41.9619781157,-87.7554699925,POINT (-87.755469992524 41.961978115746)
O1872558,BICYCLE,8b141001f1f471eecf746280141923dad1e78f51a2f2f2b404fae708e41f6ca568753fb89eeafdd17b1a0111168f8968bbcf7c51ce72afd8beb6849b11ca1b4f,06/29/2024 12:54:00 PM,M,47.0,HELMET NOT USED,CROSSING - WITH SIGNAL,IN ROADWAY,TEST NOT OFFERED,,30,CLEAR,DAYLIGHT,PEDALCYCLIST,ONE-WAY,STRAIGHT AND LEVEL,DRY,INJURY AND / OR TOW DUE TO CRASH,WACKER DR,41.8846156171,-87.6366823578,POINT (-87.6366823578 41.884615617051)
O1852932,BICYCLE,229a8cca76fba884063e2e1a89a7277b690db70747a3ce5d5e29411769282c7dc1f9e7cd6280d8cfce02c083450c55b4a7d3206f950e9cbc67e2f8f23edf1054,06/29/2024 09:30:00 AM,M,,HELMET NOT USED,CROSSING - AGAINST SIGNAL,IN ROADWAY,TEST NOT OFFERED,,30,CLOUDY/OVERCAST,DAYLIGHT,PEDALCYCLIST,FOUR WAY,STRAIGHT AND LEVEL,DRY,NO INJURY / DRIVE AWAY,ARMITAGE AVE,41.9175184831,-87.7057677765,POINT (-87.70576777646 41.917518483081)
O1852948,NON-MOTOR VEHICLE,cd91718f9268089d0eb3c8fed100b4d2b25e65633f6c180ab261969049375de8ff5b4801b0837cb202c39e0058aeab2ff217ab65529cdd83967578ddfb1261d4,06/29/2024 07:30:00 AM,,,,,,,,30,CLEAR,DAYLIGHT,SIDESWIPE SAME DIRECTION,DIVIDED - W/MEDIAN BARRIER,STRAIGHT AND LEVEL,DRY,NO INJURY / DRIVE AWAY,81ST ST,41.7476883568,-87.6081259666,POINT (-87.608125966596 41.747688356793)
O1852863,BICYCLE,9e77a4555f3481bcaed79b9617e1e74615086eaa67475c7379aee16bd18094908071c2dcfd9e554d77f44320ff72fe94d05285a582d4294998d1e579df625e69,06/29/2024 05:18:00 AM,M,55.0,BICYCLE HELMET (PEDACYCLIST INVOLVED ONLY),NO ACTION,IN ROADWAY,TEST NOT OFFERED,,30,RAIN,"DARKNESS, LIGHTED ROAD",PEDALCYCLIST,NOT DIVIDED,STRAIGHT AND LEVEL,WET,INJURY AND / OR TOW DUE TO CRASH,CLARK ST,41.8632357284,-87.630143493,POINT (-87.630143492961 41.863235728351)
O1852669,BICYCLE,7afe271e4ce6dcc7387085040bba8e182174024a8a841b11ef12f8b064a655b15266d6913d5735495381d915139ea45297e8855421a9a6e23898d44e577b634b,06/28/2024 07:03:00 PM,M,,BICYCLE HELMET (PEDACYCLIST INVOLVED ONLY),INTOXICATED PED/PEDAL,IN ROADWAY,TEST NOT OFFERED,,30,CLEAR,DUSK,PEDALCYCLIST,NOT DIVIDED,STRAIGHT AND LEVEL,WET,NO INJURY / DRIVE AWAY,TAYLOR ST,41.8695505016,-87.6552049166,POINT (-87.65520491656 41.869550501628)
O1852472,BICYCLE,b1eac1ae85c3d1977630666fdbd4647fce7c6e8c2c6cf7262474a3ea402b3d6d54dbe8e057d27924f445d754fa7a6d0caa55609153db58911322e3200138eb54,06/28/2024 04:40:00 PM,F,,HELMET NOT USED,UNKNOWN/NA,IN ROADWAY,TEST NOT OFFERED,,30,CLEAR,DAYLIGHT,PEDALCYCLIST,DRIVEWAY,STRAIGHT AND LEVEL,DRY,INJURY AND / OR TOW DUE TO CRASH,79TH ST,41.7510031524,-87.6279552194,POINT (-87.627955219367 41.751003152371)
O1852440,BICYCLE,e98e0afb248b9ba6306d1f8528f94ff0325fe5f46beec1655aa7d39326738caab8d89d92b5e1cf37c4879b0e828ff7c20a5ce8253fccd18f95e8169f57f2fa26,06/28/2024 03:13:00 PM,M,18.0,BICYCLE HELMET (PEDACYCLIST INVOLVED ONLY),CROSSING - NO CONTROLS (AT INTERSECTION),BIKE LANE,TEST NOT OFFERED,,30,CLEAR,DAYLIGHT,PEDALCYCLIST,FOUR WAY,STRAIGHT AND LEVEL,WET,INJURY AND / OR TOW DUE TO CRASH,SPRINGFIELD AVE,41.9282686726,-87.7245817744,POINT (-87.724581774401 41.9282686726)
O1852379,NON-MOTOR VEHICLE,04067e14d9a5634275ed40c547430bb50144187219954762e0c63c7f9c065c4a49629f6645c065b689489bf92da5e274e0dd81f79ba302a60dfb89eaa73f3a20,06/28/2024 02:45:00 PM,M,,NONE PRESENT,NO ACTION,NOT IN ROADWAY,TEST NOT OFFERED,,30,RAIN,DAYLIGHT,OTHER OBJECT,PARKING LOT,STRAIGHT AND LEVEL,WET,NO INJURY / DRIVE AWAY,SACRAMENTO BLVD,41.8937972299,-87.702004213,POINT (-87.702004213035 41.893797229945)
O1852352,BICYCLE,e03cdffd274042c03f9b291fc751ef9f658624bc8ad2b006acf54f4915b00c4d47424c03727a75ec36bb61bdc4a7f1e74a4e8163d579cc1cee5a983381d66967,06/28/2024 02:08:00 PM,M,15.0,HELMET NOT USED,CROSSING - WITH SIGNAL,IN CROSSWALK,TEST NOT OFFERED,,30,UNKNOWN,DAYLIGHT,PEDALCYCLIST,FOUR WAY,STRAIGHT AND LEVEL,UNKNOWN,INJURY AND / OR TOW DUE TO CRASH,BELMONT AVE,41.9380422302,-87.7960924065,POINT (-87.796092406531 41.93804223023)
O1853274,BICYCLE,d3a4d35b6408c63ad0259893f433056c22a6f3b18bd5ebecaed45b9376633966d2e28aa3ce5f6f0f401327ff241e1739ae74eb5ad6059c4a4e8f54b533d58461,06/28/2024 02:00:00 PM,M,,HELMET NOT USED,CROSSING - AGAINST SIGNAL,IN CROSSWALK,TEST NOT OFFERED,,30,RAIN,DAYLIGHT,PEDALCYCLIST,DIVIDED - W/MEDIAN (NOT RAISED),STRAIGHT AND LEVEL,WET,NO INJURY / DRIVE AWAY,FULLERTON AVE,41.9251349437,-87.6779635455,POINT (-87.677963545538 41.925134943749)
O1852179,NON-MOTOR VEHICLE,f0ef7b5291f12b7152bc71b89a3a20d6035fe1c1b3df6f98f5d37bf5a55ab5511a1aeac91d10f029cac321921db59975a2f358291cbd03e9de0efdbeb50b091f,06/28/2024 11:07:00 AM,M,66.0,NONE PRESENT,,,TEST NOT OFFERED,,30,RAIN,DAYLIGHT,OTHER OBJECT,ROUNDABOUT,STRAIGHT AND LEVEL,WET,NO INJURY / DRIVE AWAY,ROCKWELL ST,41.8939850283,-87.6918666658,POINT (-87.691866665847 41.89398502825)
O1852033,BICYCLE,6cb0d441f3d730f06c97c7cd3c33dda4a51da4b5881cecedac33fd3b1889f0665e1a765434c8f8316638153fa32982fbdc9b53e319b123bd15d02e97325daf92,06/28/2024 07:35:00 AM,M,25.0,HELMET NOT USED,WITH TRAFFIC,BIKEWAY,TEST NOT OFFERED,,30,RAIN,DAYLIGHT,PEDALCYCLIST,NOT DIVIDED,STRAIGHT AND LEVEL,WET,INJURY AND / OR TOW DUE TO CRASH,PULASKI RD,41.8780218523,-87.7257267644,POINT (-87.72572676438 41.878021852294)
O1852142,BICYCLE,b1c2371269dfca888d18e537345cac7c52c59de8b926533545bf45727426a2f8f5ab6bbd25e29719d673efa8a90f5efaaa42e7cea9767599b43522af23ae4581,06/27/2024 10:50:00 PM,F,31.0,BICYCLE HELMET (PEDACYCLIST INVOLVED ONLY),CROSSING - WITH SIGNAL,BIKE LANE,TEST NOT OFFERED,,30,CLEAR,"DARKNESS, LIGHTED ROAD",PEDALCYCLIST,NOT DIVIDED,STRAIGHT AND LEVEL,DRY,NO INJURY / DRIVE AWAY,MILWAUKEE AVE,41.9247274618,-87.700552669,POINT (-87.70055266896 41.924727461841)
O1851911,NON-MOTOR VEHICLE,3c8930bc6b9ea8b83c26289554e6a66101b60447472532af67dd876dae15b947df5a36aed24e3544818085e24d9e26332193c2e7567c90d328119a792e766e39,06/27/2024 07:46:00 PM,M,74.0,NONE PRESENT,UNKNOWN/NA,UNKNOWN/NA,TEST NOT OFFERED,,30,CLEAR,DAYLIGHT,FIXED OBJECT,NOT DIVIDED,STRAIGHT AND LEVEL,DRY,INJURY AND / OR TOW DUE TO CRASH,HOMAN AVE,41.8136458306,-87.7089496664,POINT (-87.708949666399 41.813645830614)
O1851889,BICYCLE,c16f710799634c161f5a90c79b6f57dfd812a023c64513a4aea78a4b8080c4b114c7701e27cbed768f09926b53fed23e719c1a66972dcaf22cd0dd62966bd517,06/27/2024 07:30:00 PM,M,16.0,BICYCLE HELMET (PEDACYCLIST INVOLVED ONLY),CROSSING - WITH SIGNAL,IN ROADWAY,TEST NOT OFFERED,,25,CLEAR,DUSK,PEDALCYCLIST,ONE-WAY,STRAIGHT AND LEVEL,DRY,INJURY AND / OR TOW DUE TO CRASH,LONG AVE,41.9514293537,-87.762163526,POINT (-87.762163526045 41.951429353679)
O1851875,BICYCLE,6279c5c65355d25f4a5f55f2f84031cb1f63ee16ffb13f465e67e3c8ff516960fe35b8fcc052d11ae054210e1d14640e9ddf3583a0dd77d435c2264a0e8a4d6a,06/27/2024 06:25:00 PM,M,30.0,BICYCLE HELMET (PEDACYCLIST INVOLVED ONLY),CROSSING - NO CONTROLS (AT INTERSECTION),BIKEWAY,TEST NOT OFFERED,,30,CLEAR,DAYLIGHT,PEDALCYCLIST,DIVIDED - W/MEDIAN (NOT RAISED),STRAIGHT AND LEVEL,DRY,INJURY AND / OR TOW DUE TO CRASH,ELSTON AVE,41.980475852,-87.7604867513,POINT (-87.760486751293 41.980475852017)
O1851833,BICYCLE,31be4e7db6c27f2e306fae44918a28de8dc94097dc1a0a34cfa386fc3e151c14b3f25bf3dea11a0e6fbb05176cb5435ba537eec4f766fe0fee38ad7adf2c7992,06/27/2024 05:48:00 PM,M,27.0,BICYCLE HELMET (PEDACYCLIST INVOLVED ONLY),WITH TRAFFIC,BIKE LANE,TEST NOT OFFERED,,30,CLEAR,DAYLIGHT,PEDALCYCLIST,NOT DIVIDED,STRAIGHT AND LEVEL,DRY,INJURY AND / OR TOW DUE TO CRASH,ELSTON AVE,41.9709090724,-87.7449408067,POINT (-87.744940806729 41.970909072386)
O1851717,BICYCLE,edb07efe966048fb588f2f2f3618f71b4e11febd2f44105fea4664d6a29de0d6292012b3a447ac946b23dca0b6ecdf7e0d97647fd9e9e2491cfaf1b760e8019e,06/27/2024 04:45:00 PM,M,36.0,BICYCLE HELMET (PEDACYCLIST INVOLVED ONLY),WITH TRAFFIC,IN ROADWAY,TEST NOT OFFERED,,30,CLEAR,DAYLIGHT,PEDALCYCLIST,NOT DIVIDED,STRAIGHT AND LEVEL,DRY,INJURY AND / OR TOW DUE TO CRASH,BELMONT AVE,41.9402058662,-87.6409564107,POINT (-87.640956410716 41.94020586618)
O1852395,BICYCLE,856f723168d7354d4da20a16024ba17a47746659293b2efab6c1f04d50ad8739f4b90c8451a419df5ce25f323e2e0fdf7241503aecd711ed21a82fe06c33a5e4,06/27/2024 03:47:00 PM,M,16.0,HELMET NOT USED,UNKNOWN/NA,BIKEWAY,TEST NOT OFFERED,,30,CLEAR,DAYLIGHT,PEDALCYCLIST,NOT DIVIDED,STRAIGHT AND LEVEL,DRY,INJURY AND / OR TOW DUE TO CRASH,DIVERSEY AVE,41.9312171511,-87.7622614804,POINT (-87.762261480356 41.931217151129)
O1852396,BICYCLE,856f723168d7354d4da20a16024ba17a47746659293b2efab6c1f04d50ad8739f4b90c8451a419df5ce25f323e2e0fdf7241503aecd711ed21a82fe06c33a5e4,06/27/2024 03:47:00 PM,F,13.0,HELMET NOT USED,OTHER ACTION,BIKEWAY,TEST NOT OFFERED,,30,CLEAR,DAYLIGHT,PEDALCYCLIST,NOT DIVIDED,STRAIGHT AND LEVEL,DRY,INJURY AND / OR TOW DUE TO CRASH,DIVERSEY AVE,41.9312171511,-87.7622614804,POINT (-87.762261480356 41.931217151129)
O1851680,BICYCLE,6b0d1e6703bdedd576d38a1959923b2e06b2ecfcbbd6e80d11266bf4de0154df4647d9cb7fa10ee3724c4dbb5fc15a2830034b07f928b9f45cc4f09b8360d31d,06/27/2024 02:42:00 PM,M,23.0,HELMET NOT USED,CROSSING - NO CONTROLS (AT INTERSECTION),BIKEWAY,TEST NOT OFFERED,,30,CLEAR,DAYLIGHT,PEDALCYCLIST,T-INTERSECTION,STRAIGHT AND LEVEL,DRY,INJURY AND / OR TOW DUE TO CRASH,DAMEN AVE,41.9089269325,-87.677273998,POINT (-87.677273998008 41.908926932497)
O1851704,BICYCLE,4cc5236bcb07f715b13996a3428ad63d0de511e9c33330ed364b864474e2ad1793e213f1d67d025cef888caba0f1b7bdd2733017301af58065297be4c1eb0912,06/27/2024 02:30:00 PM,M,,HELMET NOT USED,WITH TRAFFIC,IN ROADWAY,TEST NOT OFFERED,,30,CLEAR,DAYLIGHT,PEDALCYCLIST,NOT DIVIDED,STRAIGHT AND LEVEL,DRY,INJURY AND / OR TOW DUE TO CRASH,ARCHER AVE,41.8021959961,-87.7233910772,POINT (-87.723391077163 41.802195996067)
O1851526,BICYCLE,ade2a3917701e0372f4e4221acc2125a8ba5262dc5d908d1d9362590867c7ae4b1c4c60d2047a6939db7623364ccfa52c0255c17cb2120b27ba0b4228e08a6eb,06/27/2024 12:45:00 PM,M,69.0,HELMET NOT USED,CROSSING - AGAINST SIGNAL,UNKNOWN/NA,TEST NOT OFFERED,,30,CLEAR,DAYLIGHT,PEDALCYCLIST,FOUR WAY,STRAIGHT AND LEVEL,DRY,INJURY AND / OR TOW DUE TO CRASH,HALSTED ST,41.7596745819,-87.6444202389,POINT (-87.644420238889 41.759674581874)
O1851425,BICYCLE,79de7f14e59daf0a5367efe665cd146f047ca9daf2331d3d0761b0542af1bafc5d183598e8fec41b75fbdbdf833181df572e3e0e5a600e1b828d5a274b0a4667,06/27/2024 11:30:00 AM,M,71.0,HELMET NOT USED,CROSSING - WITH SIGNAL,IN CROSSWALK,TEST NOT OFFERED,,30,CLEAR,DAYLIGHT,PEDALCYCLIST,FOUR WAY,STRAIGHT AND LEVEL,DRY,INJURY AND / OR TOW DUE TO CRASH,31ST ST,41.8382005193,-87.6424966408,POINT (-87.642496640794 41.838200519287)
O1851323,NON-MOTOR VEHICLE,b06554ef84183b8785d07147c0d335836d8d2cf239f7a58195e4fcfdc350c2076f998966f8879da15db1737a81d93694364ebc6b8a4350afdca7dc73e31a35d4,06/27/2024 07:57:00 AM,M,19.0,NONE PRESENT,CROSSING - NO CONTROLS (AT INTERSECTION),IN ROADWAY,TEST NOT OFFERED,,25,CLEAR,DAYLIGHT,OTHER OBJECT,T-INTERSECTION,STRAIGHT AND LEVEL,DRY,INJURY AND / OR TOW DUE TO CRASH,FORRESTVILLE AVE,41.8031162662,-87.6126727219,POINT (-87.612672721929 41.803116266197)
O1851427,BICYCLE,ab40c2d339db9add61652b53246834710fa518492c2b810d5403bdad5f8bac9df496798f9bf79a533c3d894d94d75bdde715c69d4b1b4f0b0c5fa8d9ec9ee915,06/27/2024 07:50:00 AM,M,15.0,HELMET NOT USED,NO ACTION,BIKEWAY,TEST NOT OFFERED,,30,CLEAR,DAYLIGHT,PEDALCYCLIST,NOT DIVIDED,STRAIGHT AND LEVEL,DRY,NO INJURY / DRIVE AWAY,WESTERN AVE,41.7724064825,-87.6833095317,POINT (-87.683309531677 41.772406482508)
O1851313,BICYCLE,4c1a8d7112186a4143eff1b4db0ded27243eff05a241920e487b28caf0e965b32d395af99e5f5875dab453e988c73d87bff33cba5c468cf4941bd68193f43982,06/27/2024 07:25:00 AM,M,47.0,HELMET NOT USED,WITH TRAFFIC,IN ROADWAY,TEST NOT OFFERED,,30,CLEAR,DAYLIGHT,PEDALCYCLIST,FOUR WAY,STRAIGHT AND LEVEL,DRY,INJURY AND / OR TOW DUE TO CRASH,ARCHER AVE,41.8008694948,-87.7295108154,POINT (-87.729510815359 41.800869494844)
O1851220,NON-MOTOR VEHICLE,c0f3b7cd0aa27b3b9c386bd77ed9460f663e22b876f02bc7e0acfcac10231c142758cdee4635dbf4bfa8bed685cda32cd42c0f133418e03adbcc6afc6eeb7ad5,06/26/2024 10:02:00 PM,M,30.0,HELMET NOT USED,WITH TRAFFIC,BIKE LANE,TEST NOT OFFERED,,30,CLEAR,DARKNESS,OTHER OBJECT,NOT DIVIDED,STRAIGHT AND LEVEL,DRY,INJURY AND / OR TOW DUE TO CRASH,MONTROSE AVE,41.9613954616,-87.6928532097,POINT (-87.69285320969 41.961395461563)
O1851153,BICYCLE,450d30dafba645131aa58b3adef5bab5a6fc87b6457349d3c7b67f9624e084f3c792f228f2d439e328977405798be967df042fd656dac7b18d7173ff6a8d5b5f,06/26/2024 08:00:00 PM,F,88.0,BICYCLE HELMET (PEDACYCLIST INVOLVED ONLY),OTHER ACTION,IN ROADWAY,TEST NOT OFFERED,,30,CLEAR,DAYLIGHT,PEDALCYCLIST,FOUR WAY,STRAIGHT AND LEVEL,DRY,INJURY AND / OR TOW DUE TO CRASH,INDIANA AVE,41.8657146878,-87.6226579441,POINT (-87.622657944088 41.865714687762)
O1851003,BICYCLE,a967e362ef32dbf56a9df192738b70166faba178e7e2d03f40bffd431b9131f0a4f43557008e2eb9a8424e32ef27fb133032694a84f715ef827a9d334385769b,06/26/2024 05:42:00 PM,M,59.0,HELMET NOT USED,CROSSING - AGAINST SIGNAL,BIKE LANE,TEST NOT OFFERED,,35,CLEAR,DAYLIGHT,PEDALCYCLIST,NOT DIVIDED,STRAIGHT AND LEVEL,DRY,INJURY AND / OR TOW DUE TO CRASH,KEDZIE AVE,41.9357869651,-87.7076782831,POINT (-87.707678283111 41.93578696513)