PERSON_ID,PERSON_TYPE,CRASH_RECORD_ID,CRASH_DATE_x,SEX,AGE,SAFETY_EQUIPMENT,PEDPEDAL_ACTION,PEDPEDAL_LOCATION,BAC_RESULT,CRASH_DATE_EST_I,POSTED_SPEED_LIMIT,WEATHER_CONDITION,LIGHTING_CONDITION,FIRST_CRASH_TYPE,TRAFFICWAY_TYPE,ALIGNMENT,ROADWAY_SURFACE_COND,CRASH_TYPE,STREET_NAME,LATITUDE,LONGITUDE,LOCATION
O1850989,BICYCLE,b020b0cc737c7ae736cd558f70b0dbf72c112112b6b989fb914b60e772621e56df252c64bec5194aca5f78237b3c9ccb69538f1e315c094f9189e42e39754af9,06/26/2024 05:30:00 PM,F,30.0,HELMET NOT USED,WITH TRAFFIC,IN ROADWAY,TEST NOT OFFERED,,30,CLEAR,DAYLIGHT,PEDALCYCLIST,DIVIDED - W/MEDIAN (NOT RAISED),STRAIGHT AND LEVEL,DRY,INJURY AND / OR TOW DUE TO CRASH,ARMITAGE AVE,41.9175711208,-87.6999616834,POINT (-87.699961683396 41.917571120806)
O1850995,NON-MOTOR VEHICLE,491f6e1d59223863350d30413cd9dd516e656e6b1b9b5862b4d279f1b4e8d4ccd720c9878f020ff669576e02b33780ae4bdb41e6903a411d9cc768b16e636515,06/26/2024 05:03:00 PM,,,NONE PRESENT,ENTER FROM DRIVE/ALLEY,DRIVEWAY ACCESS,TEST NOT OFFERED,,0,CLEAR,DAYLIGHT,OTHER OBJECT,DRIVEWAY,STRAIGHT ON GRADE,DRY,NO INJURY / DRIVE AWAY,SHERIDAN RD,41.9741281829,-87.6550958933,POINT (-87.655095893275 41.974128182859)
O1851145,BICYCLE,9caf9af5d157787ebaba846996e941526246b918e2f0923dbaa306168cfe669f5797b8f01813a3952e94d7464a80f939ef25d53157d3e85921141a8301c7522d,06/26/2024 04:21:00 PM,M,,BICYCLE HELMET (PEDACYCLIST INVOLVED ONLY),UNKNOWN/NA,IN CROSSWALK,TEST NOT OFFERED,,30,CLEAR,DAYLIGHT,PEDALCYCLIST,FOUR WAY,STRAIGHT AND LEVEL,DRY,INJURY AND / OR TOW DUE TO CRASH,45TH ST,41.8116537083,-87.7236727607,POINT (-87.72367276071 41.811653708256)
O1850971,BICYCLE,a87d1aaa52923e222577b3df6b2d6ce7107286ce2d417850d89816889aeb2a678ac803b121d7f3876d4426e0a633cfbbe5792d503230a66176e99b01f717c045,06/26/2024 01:50:00 PM,M,27.0,BICYCLE HELMET (PEDACYCLIST INVOLVED ONLY),WITH TRAFFIC,IN ROADWAY,TEST NOT OFFERED,,30,CLEAR,DAYLIGHT,PEDALCYCLIST,NOT DIVIDED,STRAIGHT AND LEVEL,DRY,INJURY AND / OR TOW DUE TO CRASH,ALBANY AVE,41.9156341286,-87.7053704872,POINT (-87.705370487174 41.915634128564)
O1850763,NON-MOTOR VEHICLE,b0d8fe7f5829e8aefb36b4768cb93af758dbaf5a9ba6fb14ca7aebc7ee4d12dc5b2b322494a5d9b528eee829fa320c35647f1e8fb13620a0eb63348f8ad4e641,06/26/2024 12:41:00 PM,M,23.0,NONE PRESENT,UNKNOWN/NA,IN CROSSWALK,TEST NOT OFFERED,Y,30,CLEAR,DAYLIGHT,OTHER OBJECT,FOUR WAY,STRAIGHT AND LEVEL,DRY,NO INJURY / DRIVE AWAY,JEFFERY BLVD,41.7642839116,-87.5764066694,POINT (-87.576406669444 41.764283911619)
O1852920,BICYCLE,910baf837c29d74e6637f359e57d49bb85058bfab981a8dc1ddc484e5dca0be61dadf8c9dcea5aac0670bb6bc918af40cbe71510ef4f81f93544ae7ba240e1b0,06/26/2024 12:05:00 PM,M,,HELMET NOT USED,NO ACTION,UNKNOWN/NA,TEST NOT OFFERED,,30,CLEAR,DAYLIGHT,PEDALCYCLIST,NOT DIVIDED,STRAIGHT AND LEVEL,DRY,NO INJURY / DRIVE AWAY,79TH ST,41.750749996,-87.6297922443,POINT (-87.629792244319 41.750749995985)
O1850724,BICYCLE,84ca71e0aec973cfc1fac1802be144e2d1882a844f5117133711f7205c20a7bf67ba96fe506d112c9c274ca36370bb35a6e1fb888e1645e5c47fdc160bfab7f4,06/26/2024 11:11:00 AM,M,65.0,HELMET NOT USED,CROSSING - AGAINST SIGNAL,IN ROADWAY,TEST NOT OFFERED,,30,CLEAR,"DARKNESS, LIGHTED ROAD",PEDALCYCLIST,T-INTERSECTION,STRAIGHT AND LEVEL,DRY,NO INJURY / DRIVE AWAY,LOWER COLUMBUS DR,41.8862846015,-87.6205777957,POINT (-87.620577795666 41.886284601457)
O1850714,BICYCLE,2c2fde8a9f1233cd131c6dd2a23e9f7f9b1070523fe0396703a330c78b9484466687e25787cd5fcf1d9422ec68825e95d67a2bc27da7317fe5d1540f64a6a0c3,06/26/2024 10:21:00 AM,M,46.0,HELMET NOT USED,NO ACTION,BIKE LANE,TEST NOT OFFERED,,30,CLEAR,DAYLIGHT,PEDALCYCLIST,NOT DIVIDED,STRAIGHT AND LEVEL,DRY,INJURY AND / OR TOW DUE TO CRASH,MILWAUKEE AVE,41.9071406217,-87.6721750401,POINT (-87.672175040113 41.907140621746)
O1850672,BICYCLE,d44e9f99c12f7af08fdeb755ce1e04cf4c7f1d6118b52962562938efc5b36383486ce49de3fa2c86f9524ab2805c8807d56a8e644c6323d3d7d6b8df68071665,06/26/2024 09:40:00 AM,M,22.0,BICYCLE HELMET (PEDACYCLIST INVOLVED ONLY),NO ACTION,BIKEWAY,TEST NOT OFFERED,,30,CLEAR,DAYLIGHT,PEDALCYCLIST,NOT DIVIDED,STRAIGHT AND LEVEL,DRY,NO INJURY / DRIVE AWAY,CERMAK RD,41.8526542876,-87.6530881772,POINT (-87.653088177245 41.852654287628)
O1850615,BICYCLE,3d22a52cab491ae7b0fe83d707b6e7dc321d1908b2eff865d568b78107edfe06c5465e3eb13dbe131c274b4337fcda5c04653e8ffd3a2c725991c2b0fd5799a9,06/26/2024 07:35:00 AM,F,35.0,HELMET NOT USED,CROSSING - NO CONTROLS (AT INTERSECTION),IN CROSSWALK,TEST NOT OFFERED,,30,CLEAR,DAYLIGHT,PEDALCYCLIST,T-INTERSECTION,STRAIGHT AND LEVEL,DRY,INJURY AND / OR TOW DUE TO CRASH,50TH ST,41.8028643035,-87.6844252623,POINT (-87.68442526231 41.80286430352)
O1850642,BICYCLE,7aa5c08fd7d53d0c9c6c81d97c956ee2740a6a24171167b23732eac85935e6e04bfc0ca340ee4a7e81cb8fa7f44b0b679f826fc2d26955e4cdb867108d265c6d,06/26/2024 07:24:00 AM,M,35.0,BICYCLE HELMET (PEDACYCLIST INVOLVED ONLY),CROSSING - NO CONTROLS (AT INTERSECTION),BIKE LANE,TEST NOT OFFERED,,30,CLEAR,DAYLIGHT,PEDALCYCLIST,FOUR WAY,STRAIGHT AND LEVEL,DRY,INJURY AND / OR TOW DUE TO CRASH,HUBBARD ST,41.8901948827,-87.6476686991,POINT (-87.647668699131 41.890194882661)
O1850482,BICYCLE,7e5f11af28a3e37cf3fcb668f467fcf38bd9852d1750a2881c68443d5ebe2ec0ac74143256d95016bf45a4c1fab807616813879d3fa94e76bc5202fa0ce63f36,06/25/2024 07:25:00 PM,M,18.0,HELMET NOT USED,CROSSING - AGAINST SIGNAL,IN ROADWAY,TEST NOT OFFERED,,30,CLEAR,DAYLIGHT,PEDALCYCLIST,FOUR WAY,STRAIGHT AND LEVEL,DRY,INJURY AND / OR TOW DUE TO CRASH,KOSTNER AVE,41.9097883039,-87.7364046674,POINT (-87.736404667392 41.909788303943)
O1850422,BICYCLE,b683531cc3df7b53163103f2ffdec03d99f678d398f6147dbc6d2ca40b9c9f4f1cccd8d68eedf7cda88c70d91b340add0740dddf7ddde7f0fd176d8dfbcb77af,06/25/2024 06:26:00 PM,M,,HELMET NOT USED,AGAINST TRAFFIC,IN ROADWAY,TEST NOT OFFERED,,30,CLEAR,DAYLIGHT,PEDALCYCLIST,NOT DIVIDED,STRAIGHT AND LEVEL,DRY,INJURY AND / OR TOW DUE TO CRASH,48TH ST,41.8068748012,-87.6667054985,POINT (-87.666705498511 41.806874801243)
O1850791,BICYCLE,84274841d71269cbaef2f32f7e5ab27f0aeba31eb8b1949685a163530283519e88b60c6aac0d778cc3289eeb4432ced3bf7037c2b2efd68bf793da392b360852,06/25/2024 03:12:00 PM,M,28.0,HELMET NOT USED,CROSSING - WITH SIGNAL,BIKE LANE,TEST NOT OFFERED,,30,CLEAR,DAYLIGHT,PEDALCYCLIST,FOUR WAY,STRAIGHT AND LEVEL,UNKNOWN,NO INJURY / DRIVE AWAY,MILWAUKEE AVE,41.9093139268,-87.6760292263,POINT (-87.676029226278 41.909313926789)
O1850118,BICYCLE,045f697db33db82e376b9c58593758d3bfe9e7dde7a6d244be403a13de076138ac95d1519efbb965b3cf0ea36ab283a7089dcfbb6ea08640ce2bae4bc0677e7d,06/25/2024 11:40:00 AM,M,66.0,BICYCLE HELMET (PEDACYCLIST INVOLVED ONLY),NO ACTION,IN ROADWAY,TEST NOT OFFERED,,30,CLEAR,DAYLIGHT,PEDALCYCLIST,FOUR WAY,STRAIGHT AND LEVEL,DRY,INJURY AND / OR TOW DUE TO CRASH,INDIANA AVE,41.8110320839,-87.6214046233,POINT (-87.62140462327 41.811032083875)
O1849990,NON-MOTOR VEHICLE,51eb41e922316e0677a8e361cef2442eaec2a0fba90269f93ace9ffd05e13b157612a8bcb4a6adb059827cccb34e42abaabf5623dfa750ca3d15b1b627414012,06/25/2024 08:10:00 AM,M,21.0,HELMET NOT USED,CROSSING - WITH SIGNAL,IN CROSSWALK,TEST NOT OFFERED,,30,RAIN,DAYLIGHT,OTHER OBJECT,NOT DIVIDED,STRAIGHT AND LEVEL,WET,INJURY AND / OR TOW DUE TO CRASH,WESTERN AVE,41.804641245,-87.6845169054,POINT (-87.684516905411 41.804641245012)
O1849903,BICYCLE,282de3fa9ae333e261fc3be445ebffd5aa94408050a7af4fc1b60fe976b7e83718071dd501e4dc0bfdb01637197af48af130e9389beea7304d85d6894890a238,06/25/2024 07:09:00 AM,F,34.0,BICYCLE HELMET (PEDACYCLIST INVOLVED ONLY),CROSSING - WITH SIGNAL,BIKE LANE,TEST NOT OFFERED,,30,CLEAR,DAWN,PEDALCYCLIST,FOUR WAY,STRAIGHT AND LEVEL,DRY,INJURY AND / OR TOW DUE TO CRASH,MILWAUKEE AVE,41.9167958302,-87.6876008647,POINT (-87.687600864663 41.916795830173)
O1849817,BICYCLE,617c6176e7e8be625b9e1e99271846479255bea171c1ec7a545dd3bfb1850313fd415d76d8b507544328f316cf519857c79158c4cf45a430d13d2084d716c944,06/24/2024 09:25:00 PM,M,21.0,HELMET NOT USED,NO ACTION,IN ROADWAY,TEST NOT OFFERED,,30,CLEAR,DUSK,PEDALCYCLIST,FOUR WAY,STRAIGHT AND LEVEL,DRY,INJURY AND / OR TOW DUE TO CRASH,CALIFORNIA AVE,41.8709457026,-87.6961689675,POINT (-87.69616896746 41.87094570263)
O1849588,BICYCLE,02312fafc480bc246732e77d5e1b479ff5de39a78a2bf834fb70e703bc96391054d0808c2a1cb25cd144ab47316f54783804ce9feca2ba2f94f7c88996cc267f,06/24/2024 05:00:00 PM,F,19.0,BICYCLE HELMET (PEDACYCLIST INVOLVED ONLY),WITH TRAFFIC,BIKE LANE,TEST NOT OFFERED,Y,30,CLEAR,DAYLIGHT,PEDALCYCLIST,NOT DIVIDED,STRAIGHT AND LEVEL,DRY,INJURY AND / OR TOW DUE TO CRASH,BELMONT AVE,41.9395149294,-87.6954011139,POINT (-87.695401113886 41.939514929399)
O1849750,BICYCLE,90a9905b50c7a72ababb15b87596b7b7fdbc943eb529446184978d3dd8c3291d524f5190cbfac0f74b7d2ee32ea28733e2722a351170651e6109be07374c9c54,06/24/2024 04:39:00 PM,M,18.0,HELMET NOT USED,CROSSING - AGAINST SIGNAL,IN ROADWAY,TEST NOT OFFERED,,30,CLEAR,DAYLIGHT,PEDALCYCLIST,NOT DIVIDED,STRAIGHT AND LEVEL,DRY,INJURY AND / OR TOW DUE TO CRASH,LOWER COLUMBUS DR,41.8857408067,-87.6205629422,POINT (-87.620562942203 41.88574080669)
O1849552,BICYCLE,653133e4548ce758363f7f43b952b3ff461b6dffc1b3105d0f0f82d85a1e1772028bd82b19d086bcc57a274ed3fbbabe3613101c50300820b142baebd56c3689,06/24/2024 02:57:00 PM,M,56.0,HELMET NOT USED,CROSSING - WITH SIGNAL,IN ROADWAY,TEST NOT OFFERED,,30,CLEAR,DAYLIGHT,PEDALCYCLIST,DIVIDED - W/MEDIAN (NOT RAISED),STRAIGHT AND LEVEL,DRY,INJURY AND / OR TOW DUE TO CRASH,WESTERN AVE,41.7500549336,-87.6829922029,POINT (-87.682992202902 41.75005493365)
O1849388,BICYCLE,b84a011727f9a49411a5bf3cb88c89bbe8a495df85b8ea813ce1ff0bd79a9ffaa99e39aef428ea667b2cfeec81ca1f35438b21b3a87929759fbf59010ea7d587,06/24/2024 01:25:00 PM,F,36.0,BICYCLE HELMET (PEDACYCLIST INVOLVED ONLY),WITH TRAFFIC,IN ROADWAY,TEST NOT OFFERED,,30,CLEAR,DAYLIGHT,PEDALCYCLIST,ONE-WAY,STRAIGHT AND LEVEL,DRY,INJURY AND / OR TOW DUE TO CRASH,SUPERIOR ST,41.8956256547,-87.6246549802,POINT (-87.624654980209 41.89562565465)
O1849433,BICYCLE,9e0fe254cc8f1e7734149fd171ed0aa037831fcef0c759c410e51d7e995c8f12e4aa5eb6bb34bd51af5be2ceb0739840281852d2b94be3f8111b578e2f10204b,06/24/2024 12:45:00 PM,F,35.0,HELMET NOT USED,WITH TRAFFIC,IN ROADWAY,TEST NOT OFFERED,,30,CLEAR,DAYLIGHT,PEDALCYCLIST,NOT DIVIDED,STRAIGHT AND LEVEL,UNKNOWN,INJURY AND / OR TOW DUE TO CRASH,BROADWAY,41.9825707596,-87.6598919388,POINT (-87.659891938839 41.982570759573)
O1872528,BICYCLE,c37a0a6ec3eeb9ee82967f42a91b0eae21bbf43632543725ab9d9f072b2eb6023d2e6c0b2677fbfba87f2e76e67eee63c2eaba3348f680e774c313c25d7f2c95,06/24/2024 12:30:00 PM,M,29.0,HELMET NOT USED,WITH TRAFFIC,IN ROADWAY,TEST NOT OFFERED,,25,CLEAR,DAYLIGHT,PEDALCYCLIST,ONE-WAY,STRAIGHT AND LEVEL,DRY,INJURY AND / OR TOW DUE TO CRASH,RACINE AVE,41.8892353362,-87.6574981965,POINT (-87.657498196483 41.889235336203)
O1849173,BICYCLE,d02d1f2030cd5f780612b4d0bdf68fe8f4fe6558ab0092601880a2e699cec331368c2c2a3770d4b2884a0c6cb7ec72834b426c296115865ead49113b0f09c80c,06/24/2024 09:10:00 AM,F,24.0,BICYCLE HELMET (PEDACYCLIST INVOLVED ONLY),NO ACTION,BIKE LANE,,,30,CLEAR,DAYLIGHT,PEDALCYCLIST,NOT DIVIDED,STRAIGHT AND LEVEL,DRY,NO INJURY / DRIVE AWAY,WELLS ST,41.9060113181,-87.6344062665,POINT (-87.634406266519 41.906011318129)
O1849166,BICYCLE,602839513961a612e8f92f53a091e475cb51b13e61fe66718a0ba624dc14e2f431aa7a4a1f884f77392ed4450751abb3d0a8f696eb03a49a61a0805c3898de73,06/24/2024 08:05:00 AM,M,35.0,BICYCLE HELMET (PEDACYCLIST INVOLVED ONLY),WITH TRAFFIC,IN ROADWAY,TEST NOT OFFERED,,15,CLEAR,DAYLIGHT,PEDALCYCLIST,NOT DIVIDED,STRAIGHT AND LEVEL,DRY,NO INJURY / DRIVE AWAY,BARRY AVE,41.9375308522,-87.6872666743,POINT (-87.687266674291 41.937530852168)
O1849042,BICYCLE,b16d19a974484b0d57bdc222694ecb0e50c753dce63e6a07665d76c1d935cc6dc09608eee5d45ae2aa03cea262e382b876b7a37eb4d24e3fd510d6bc9907c35b,06/23/2024 09:45:00 PM,M,17.0,HELMET NOT USED,CROSSING - AGAINST SIGNAL,BIKE LANE,TEST NOT OFFERED,,30,CLEAR,"DARKNESS, LIGHTED ROAD",PEDALCYCLIST,DIVIDED - W/MEDIAN (NOT RAISED),STRAIGHT AND LEVEL,DRY,INJURY AND / OR TOW DUE TO CRASH,GRAND AVE,41.9188634899,-87.7657370106,POINT (-87.765737010576 41.918863489852)
O1851848,BICYCLE,b4f84e84248e08d2abb72f7711f06ae4cb903b739cc15940dbf1acc03f1bb775fe2f2264cdc88690155ce66209ba3294aa405a90624bd2aab5503195e8a0c210,06/23/2024 07:44:00 PM,M,9.0,HELMET NOT USED,ENTER FROM DRIVE/ALLEY,IN ROADWAY,TEST NOT OFFERED,,20,CLEAR,DAYLIGHT,PEDALCYCLIST,ONE-WAY,STRAIGHT AND LEVEL,DRY,INJURY AND / OR TOW DUE TO CRASH,OTTAWA AVE,41.9456441463,-87.8181719373,POINT (-87.818171937324 41.945644146331)
O1848950,BICYCLE,dc3de56ad96f1d9bc6e78dd644bb1352ba8e25e761752028fd768c0e5365b9f1524c719df40767371edb6a2e93eb06f00b6cbd32643ffca3de8e4febbd819410,06/23/2024 07:15:00 PM,M,,HELMET NOT USED,OTHER ACTION,UNKNOWN/NA,TEST NOT OFFERED,,30,CLEAR,DAYLIGHT,PEDALCYCLIST,FOUR WAY,STRAIGHT AND LEVEL,DRY,NO INJURY / DRIVE AWAY,KEDZIE AVE,41.7789457502,-87.703283119,POINT (-87.703283119003 41.77894575018)
O1848938,BICYCLE,e9dc0970f0b1addf892e7edc30455ae9a0b18f3df5a2dea8de4bcd92226f025c2b2778dcc03c997d178a29bf3f8fd3d59301cd3b1c027abef31dbcbe7dc2289e,06/23/2024 06:00:00 PM,F,16.0,HELMET NOT USED,UNKNOWN/NA,IN ROADWAY,TEST NOT OFFERED,,30,CLEAR,DAYLIGHT,PEDALCYCLIST,TRAFFIC ROUTE,STRAIGHT AND LEVEL,DRY,INJURY AND / OR TOW DUE TO CRASH,WRIGHTWOOD AVE,41.9281321312,-87.7342935448,POINT (-87.734293544799 41.928132131154)
O1848883,BICYCLE,3436a3af1ad20862b801d16332cb478854f592b15d32cf54a22e47948da07a8d33d03ec6414efdb0c1d6ac41e84448c582c25c9da42bc8119167d352f47e0a36,06/23/2024 04:57:00 PM,M,31.0,BICYCLE HELMET (PEDACYCLIST INVOLVED ONLY),AGAINST TRAFFIC,BIKE LANE,TEST NOT OFFERED,,30,CLEAR,DAYLIGHT,PEDALCYCLIST,PARKING LOT,STRAIGHT AND LEVEL,DRY,INJURY AND / OR TOW DUE TO CRASH,ELSTON AVE,41.9258452878,-87.6788357243,POINT (-87.678835724327 41.925845287842)
O1860134,BICYCLE,6db2fa20b0d747e8c0bde3eb221650f522103cd43b72cc5f24b4d3fb5ddefc974df6a93897ddccde2be96d811b73ebbdaa22206240912c32f93ccd228dd5f27e,06/23/2024 04:00:00 PM,F,33.0,BICYCLE HELMET (PEDACYCLIST INVOLVED ONLY),WITH TRAFFIC,BIKE LANE,TEST NOT OFFERED,,25,CLEAR,DAYLIGHT,PEDALCYCLIST,DIVIDED - W/MEDIAN (NOT RAISED),STRAIGHT AND LEVEL,DRY,INJURY AND / OR TOW DUE TO CRASH,NORTH AVE,41.9101364659,-87.7139298997,POINT (-87.713929899748 41.91013646594)
O1848744,BICYCLE,3ec8254b00ee02a1b4578306b3dcaed4b4509a858c3dff6ef99c0670e2574749fb208f470874452eb0a0d7db802e8194cbb9babe2b9d9f4694467b7dcf793203,06/23/2024 01:15:00 PM,M,60.0,BICYCLE HELMET (PEDACYCLIST INVOLVED ONLY),CROSSING - WITH SIGNAL,IN CROSSWALK,TEST NOT OFFERED,,30,CLEAR,DAYLIGHT,PEDALCYCLIST,FOUR WAY,STRAIGHT AND LEVEL,DRY,INJURY AND / OR TOW DUE TO CRASH,MONTROSE AVE,41.9610558037,-87.727891206,POINT (-87.727891205983 41.961055803708)
O1848652,BICYCLE,250588ea50d60017cb2da3170abd4fb7617dc231db860d896ae11f0cd97366303e2185e37bae8c0c0dece0989d1b7dec70975666c856a28060d5820ba7420199,06/23/2024 10:16:00 AM,M,18.0,BICYCLE HELMET (PEDACYCLIST INVOLVED ONLY),WITH TRAFFIC,IN ROADWAY,TEST NOT OFFERED,,30,CLEAR,DAYLIGHT,PEDALCYCLIST,FOUR WAY,STRAIGHT AND LEVEL,DRY,NO INJURY / DRIVE AWAY,LAKE ST,41.8855942896,-87.6425260044,POINT (-87.642526004419 41.885594289607)
O1848480,BICYCLE,925b02ccba27c1f27e53f65367c208a99bb7c2fe9ff95991daf4081cdcbdeba72ecb9822f36dc8ccb49a0f1a50cedbc464be7e3fdfcc79043b6ccd024a95948c,06/23/2024 02:15:00 AM,M,42.0,BICYCLE HELMET (PEDACYCLIST INVOLVED ONLY),CROSSING - WITH SIGNAL,IN ROADWAY,TEST NOT OFFERED,Y,30,UNKNOWN,"DARKNESS, LIGHTED ROAD",PEDALCYCLIST,FOUR WAY,STRAIGHT AND LEVEL,WET,INJURY AND / OR TOW DUE TO CRASH,CHESTNUT ST,41.8982721579,-87.6372730507,POINT (-87.637273050711 41.89827215792)
O1848518,BICYCLE,adf8a3ced91ff735bc57d98d24e477ecf860ad6dd4789b5ad5edb896c34d1d869d605e12cac55369d2b2dc6a9adf10001c21bc2edc74264865a2160588ec4f1b,06/23/2024 12:15:00 AM,M,25.0,BICYCLE HELMET (PEDACYCLIST INVOLVED ONLY),UNKNOWN/NA,UNKNOWN/NA,TEST NOT OFFERED,,30,CLEAR,"DARKNESS, LIGHTED ROAD",PEDALCYCLIST,FOUR WAY,STRAIGHT AND LEVEL,UNKNOWN,INJURY AND / OR TOW DUE TO CRASH,GRAND AVE,41.902815701,-87.717648644,POINT (-87.717648643968 41.902815700998)
O1848610,BICYCLE,f977d39e0a794c815528efed12d72f0b7053ea13becff29e8655f62487a78d7c214c21f0060fa99e12e7efe1c305a5173790150bf8637389e769e868ff96f12b,06/22/2024 11:34:00 PM,M,,HELMET NOT USED,CROSSING - NO CONTROLS (NOT AT INTERSECTION),UNKNOWN/NA,TEST NOT OFFERED,,30,RAIN,UNKNOWN,PEDALCYCLIST,NOT DIVIDED,STRAIGHT AND LEVEL,WET,INJURY AND / OR TOW DUE TO CRASH,WACKER PL,41.8867042302,-87.6254963741,POINT (-87.625496374107 41.886704230249)
O1848395,BICYCLE,dfd70ddc360759fb6560e2925720067f49e628e40d0e7262a981ccb5e7bb23adf2dbb278eebb834d780afb4a484a333363d36351f989aa1ec28016a90df03d30,06/22/2024 11:30:00 PM,,,HELMET NOT USED,UNKNOWN/NA,IN ROADWAY,,,30,RAIN,"DARKNESS, LIGHTED ROAD",PEDALCYCLIST,DIVIDED - W/MEDIAN (NOT RAISED),STRAIGHT AND LEVEL,WET,NO INJURY / DRIVE AWAY,IRVING PARK RD,41.9538089732,-87.7081534672,POINT (-87.708153467159 41.953808973235)
O1848558,BICYCLE,eed2109003116578ce732f3b77c899541bcc74c31eec59ac3dac85e6e4af70ded23632303d0abc577adaa3b1c42398d8399f03ce4d0453c433a8d10522b03925,06/22/2024 11:00:00 PM,M,29.0,BICYCLE HELMET (PEDACYCLIST INVOLVED ONLY),UNKNOWN/NA,IN ROADWAY,TEST NOT OFFERED,,30,CLEAR,DARKNESS,PEDALCYCLIST,NOT DIVIDED,STRAIGHT AND LEVEL,DRY,INJURY AND / OR TOW DUE TO CRASH,WABASH AVE,41.8864243326,-87.6261682817,POINT (-87.626168281709 41.886424332564)
O1848338,BICYCLE,c5a0022d6a1c5b35f69547093e951f3d4d4c96511a58547785f2a5ed1d0dfc50331f44688e37ebc40ac8f5c339f51245227a81cca17e7f1993fe5bdc52ae8841,06/22/2024 10:05:00 PM,M,31.0,HELMET NOT USED,CROSSING - NO CONTROLS (AT INTERSECTION),IN ROADWAY,TEST NOT OFFERED,,30,CLEAR,DARKNESS,PEDALCYCLIST,FOUR WAY,STRAIGHT AND LEVEL,DRY,NO INJURY / DRIVE AWAY,48TH ST,41.807600125,-87.6212487219,POINT (-87.621248721862 41.807600125032)
O1848374,BICYCLE,49d0ef716c6878abd49e41e5d2ec0fda8079b4a708a6007a25b9af2dad4e9e65b60ab430956953006e7b1c876cd983df9a1e9e70d5fe2d4f408136a0bb96b4f8,06/22/2024 09:59:00 PM,M,55.0,HELMET NOT USED,CROSSING - NO CONTROLS (NOT AT INTERSECTION),IN ROADWAY,TEST NOT OFFERED,,30,CLEAR,"DARKNESS, LIGHTED ROAD",PEDALCYCLIST,ONE-WAY,STRAIGHT AND LEVEL,DRY,INJURY AND / OR TOW DUE TO CRASH,STATE ST,41.7689825557,-87.6248033104,POINT (-87.624803310365 41.768982555682)
O1848312,BICYCLE,679f6c14728b5fa625fbec679cc15a335a49cadfc32f9cf45609f2ce6c85f996e9470b8fe600e359cad5e65900bffb9f6d11d32d65a633232b91e4c3d8a2c492,06/22/2024 08:30:00 PM,M,0.0,HELMET NOT USED,WITH TRAFFIC,IN ROADWAY,TEST REFUSED,Y,30,CLOUDY/OVERCAST,"DARKNESS, LIGHTED ROAD",PEDALCYCLIST,T-INTERSECTION,STRAIGHT AND LEVEL,DRY,INJURY AND / OR TOW DUE TO CRASH,TAYLOR ST,41.8692886815,-87.6579136436,POINT (-87.657913643639 41.869288681538)
O1848146,BICYCLE,500092eb26c68bcd37c87e24556aaa71e6b6d68f4320caf3aac1a4847d36530eee4776f4c74fc5391483861e51431099ed982e726c98510b268ca5a29b232f6e,06/22/2024 05:40:00 PM,M,20.0,HELMET NOT USED,WITH TRAFFIC,IN ROADWAY,TEST NOT OFFERED,,30,CLEAR,DAYLIGHT,PEDALCYCLIST,NOT DIVIDED,STRAIGHT AND LEVEL,DRY,INJURY AND / OR TOW DUE TO CRASH,NORTH AVE,41.9093715779,-87.7749377719,POINT (-87.774937771939 41.909371577915)
O1848120,NON-MOTOR VEHICLE,0fc02733a80a6d5c68147852e2627ef16b8c233418e813e9fee7eb24b826d7abd9073d6c03de61726d835bacc9c750719749b54e66a87a2c94b557fca0649090,06/22/2024 04:40:00 PM,F,15.0,USAGE UNKNOWN,WITH TRAFFIC,IN ROADWAY,TEST NOT OFFERED,,15,CLEAR,DAYLIGHT,TURNING,DIVIDED - W/MEDIAN (NOT RAISED),STRAIGHT AND LEVEL,DRY,INJURY AND / OR TOW DUE TO CRASH,GRACE ST,41.950451776,-87.6749815909,POINT (-87.67498159086 41.950451776031)
O1848175,BICYCLE,01bee5ebbfe36dfb7e873312bb3cb732827e696cff37037211884b10e300a6992b580b8497c917cab7878f78c48ce4f364c06e3363bda0fc0dddf6a0403b0acb,06/22/2024 04:23:00 PM,F,16.0,HELMET NOT USED,UNKNOWN/NA,BIKE LANE,TEST NOT OFFERED,,25,CLEAR,DAYLIGHT,PEDALCYCLIST,FOUR WAY,STRAIGHT AND LEVEL,DRY,INJURY AND / OR TOW DUE TO CRASH,CLARK ST,41.9832794919,-87.6685631073,POINT (-87.668563107314 41.98327949189)
O1848101,BICYCLE,7ea1fe76117a8396c73764a6aaab20bf902faa9e45b280d7f571f9c982d7ca2368859978bc71a71f933c9281df363f64d97f4cc6a21899320f77f85e8f06b150,06/22/2024 02:48:00 PM,M,26.0,HELMET NOT USED,ENTER FROM DRIVE/ALLEY,IN ROADWAY,TEST NOT OFFERED,,30,CLEAR,DAYLIGHT,PEDALCYCLIST,ONE-WAY,STRAIGHT AND LEVEL,DRY,INJURY AND / OR TOW DUE TO CRASH,HAMLIN AVE,41.8001891196,-87.7183081092,POINT (-87.718308109175 41.800189119628)