PERSON_ID,PERSON_TYPE,CRASH_RECORD_ID,CRASH_DATE_x,SEX,AGE,SAFETY_EQUIPMENT,PEDPEDAL_ACTION,PEDPEDAL_LOCATION,BAC_RESULT,CRASH_DATE_EST_I,POSTED_SPEED_LIMIT,WEATHER_CONDITION,LIGHTING_CONDITION,FIRST_CRASH_TYPE,TRAFFICWAY_TYPE,ALIGNMENT,ROADWAY_SURFACE_COND,CRASH_TYPE,STREET_NAME,LATITUDE,LONGITUDE,LOCATION
O1849688,BICYCLE,27cd0b083ea05e3b1da2a4e0657e8cef7fe01592557d52bcf7fceefef839556ae14e65fb78f06acc47a7c7a59687e158c178682363cd7548d18c669f4cb1b4e3,06/22/2024 02:20:00 PM,F,31.0,BICYCLE HELMET (PEDACYCLIST INVOLVED ONLY),WITH TRAFFIC,BIKE LANE,TEST NOT OFFERED,Y,30,UNKNOWN,DAYLIGHT,PEDALCYCLIST,NOT DIVIDED,STRAIGHT AND LEVEL,DRY,INJURY AND / OR TOW DUE TO CRASH,BELMONT AVE,41.939993219,-87.6558904086,POINT (-87.655890408593 41.939993219022)
O1848003,BICYCLE,ec3ce31adee7dd6ae2e1c75e1e61af2ac5bafaa97cbda1a4b941e00c36f843382d240079568c5650106903a59c177bdf7321189c19eae0ba12d57324a1cd44be,06/22/2024 02:00:00 PM,M,,BICYCLE HELMET (PEDACYCLIST INVOLVED ONLY),WITH TRAFFIC,IN ROADWAY,,,30,UNKNOWN,DAYLIGHT,PEDALCYCLIST,NOT DIVIDED,STRAIGHT AND LEVEL,UNKNOWN,NO INJURY / DRIVE AWAY,HALSTED ST,41.9175411268,-87.6486290103,POINT (-87.648629010271 41.917541126814)
O1847989,BICYCLE,e594ec94c38730a9176708bd55cd971766d372b2b76bf559cd2f01c500c804a03f01650c07e0a2b4f71cdb281d351a001eeb577fc4b4e4049ae6f705543bd9d5,06/22/2024 01:35:00 PM,M,29.0,BICYCLE HELMET (PEDACYCLIST INVOLVED ONLY),WITH TRAFFIC,BIKEWAY,TEST REFUSED,,30,CLEAR,DAYLIGHT,PEDALCYCLIST,NOT DIVIDED,STRAIGHT AND LEVEL,DRY,NO INJURY / DRIVE AWAY,DAMEN AVE,41.9689053348,-87.6790418915,POINT (-87.679041891539 41.968905334837)
O1854988,BICYCLE,7eb2f709d25c67ecb709a6dfe9496c33db7901fe20ea339d597f2976d754c3336f3b9213c1389bbe382bdbaffff475763b06e05deb0d223481c2032e3a0ac97c,06/22/2024 12:10:00 PM,M,61.0,BICYCLE HELMET (PEDACYCLIST INVOLVED ONLY),WITH TRAFFIC,IN ROADWAY,TEST NOT OFFERED,,30,CLEAR,DAYLIGHT,PEDALCYCLIST,DIVIDED - W/MEDIAN (NOT RAISED),STRAIGHT AND LEVEL,DRY,INJURY AND / OR TOW DUE TO CRASH,TAYLOR ST,41.869171545,-87.6653049442,POINT (-87.665304944154 41.869171545011)
O1847643,BICYCLE,4b2cc471838064db7c17a40bb3f7eab222ed6e5ea6917c5cac5887af180ac0b3a966e7d421a4a3b6e5b5ee320e6976e89515a2cd5d073dd25cbcb0362297842f,06/21/2024 10:10:00 PM,M,23.0,HELMET NOT USED,UNKNOWN/NA,UNKNOWN/NA,TEST NOT OFFERED,,30,CLEAR,"DARKNESS, LIGHTED ROAD",PEDALCYCLIST,NOT DIVIDED,STRAIGHT AND LEVEL,DRY,INJURY AND / OR TOW DUE TO CRASH,ELSTON AVE,41.9027911467,-87.657847298,POINT (-87.657847297986 41.902791146744)
O1847972,BICYCLE,44581d2ed5c516ef08a6e28bcd078f89ba3628da34a043811be61a3e75461bf70a58f799249e1ca1a827327a712709ae20e6da832b751744630ff35d0d658cbf,06/21/2024 07:25:00 PM,M,68.0,BICYCLE HELMET (PEDACYCLIST INVOLVED ONLY),WITH TRAFFIC,IN ROADWAY,TEST NOT OFFERED,,25,UNKNOWN,UNKNOWN,PEDALCYCLIST,T-INTERSECTION,STRAIGHT AND LEVEL,UNKNOWN,INJURY AND / OR TOW DUE TO CRASH,YATES BLVD,41.7625267347,-87.566594977,POINT (-87.566594977019 41.762526734679)
O1847652,BICYCLE,81de8c141a0574844205c97b62593dea3acb2c18af7c34ea487053677e6e2d8454b78c9386cdba0aca3d7de8fff74ae7ade578ec5d54c1c88c5476bd7668139c,06/21/2024 07:00:00 PM,M,33.0,BICYCLE HELMET (PEDACYCLIST INVOLVED ONLY),NO ACTION,NOT IN ROADWAY,TEST NOT OFFERED,,30,CLEAR,DAYLIGHT,PEDALCYCLIST,DIVIDED - W/MEDIAN (NOT RAISED),STRAIGHT AND LEVEL,DRY,INJURY AND / OR TOW DUE TO CRASH,DIVERSEY AVE,41.9316414204,-87.7467199106,POINT (-87.746719910646 41.931641420407)
O1847373,BICYCLE,788a86b78a94320f44d9cf3265e98634769aa8b5d09faffe35ddb2905cc29164f0ffbf2bb6530333e7f14dfc0fca5ca234d86683d992ab64052d603ebdcd8be8,06/21/2024 05:00:00 PM,M,32.0,HELMET NOT USED,WITH TRAFFIC,IN ROADWAY,TEST NOT OFFERED,,30,CLEAR,DAYLIGHT,PEDALCYCLIST,NOT DIVIDED,STRAIGHT AND LEVEL,DRY,NO INJURY / DRIVE AWAY,BRYN MAWR AVE,41.9833946478,-87.66787718,POINT (-87.667877179963 41.983394647826)
O1847872,BICYCLE,a12efd8aea5f92a37dc12706370fea5ec2cf427b2a6889aa43e754a456dbd92e3a814120bef980facc4034bc10961f89d524a35d9a7004e720df176aa531b6c0,06/21/2024 03:40:00 PM,F,20.0,HELMET NOT USED,NO ACTION,BIKE LANE,TEST NOT OFFERED,,30,UNKNOWN,UNKNOWN,PEDALCYCLIST,DIVIDED - W/MEDIAN (NOT RAISED),STRAIGHT AND LEVEL,UNKNOWN,INJURY AND / OR TOW DUE TO CRASH,ELSTON AVE,41.9269309588,-87.6804079041,POINT (-87.68040790407 41.926930958849)
O1847341,NON-MOTOR VEHICLE,dd8e043db9085d7b6dfde9df39951bd28e33de2f51e3210dbfbf24312f65a8d4088316e2247e8ed558d11f2f4dd653b82edc76fc1c65d05acfde40c105957919,06/21/2024 02:25:00 PM,F,14.0,NONE PRESENT,CROSSING - WITH SIGNAL,IN CROSSWALK,TEST NOT OFFERED,,35,CLEAR,DAYLIGHT,OTHER OBJECT,FOUR WAY,STRAIGHT AND LEVEL,DRY,INJURY AND / OR TOW DUE TO CRASH,PULASKI RD,41.8059498201,-87.7233797218,POINT (-87.723379721815 41.805949820064)
O1847178,NON-MOTOR VEHICLE,d6ce485424ce2623c279299c7e2c584de8a9b39b880dea9e8024a76a73cb6bcb6e892299b9b6bac7f64f559a9f29f8f7f87df719529a42a13f7e948512ddc944,06/21/2024 01:15:00 PM,M,34.0,NONE PRESENT,WITH TRAFFIC,IN ROADWAY,TEST NOT OFFERED,,25,CLEAR,DAYLIGHT,OTHER OBJECT,ONE-WAY,STRAIGHT AND LEVEL,DRY,INJURY AND / OR TOW DUE TO CRASH,CANAL ST,41.8850844376,-87.6396671641,POINT (-87.639667164077 41.885084437587)
O1847458,BICYCLE,8138751822425c439db7b381c9009cca38ac6db940153b2c5a8c7e07aaffed30971ec1f56a3ca1fd18f628753e113d6ab2cdbb297b42066de1cd9bd194f008ba,06/21/2024 12:00:00 PM,M,19.0,BICYCLE HELMET (PEDACYCLIST INVOLVED ONLY),OTHER ACTION,BIKEWAY,TEST NOT OFFERED,,30,CLEAR,DAYLIGHT,PEDALCYCLIST,NOT DIVIDED,STRAIGHT AND LEVEL,DRY,INJURY AND / OR TOW DUE TO CRASH,LAKE ST,41.884743136,-87.6865946062,POINT (-87.686594606163 41.884743136021)
O1847121,BICYCLE,04e5fe80c5d4451b06fc570aee09a352eb210781f1d6d90ac8e814f21be6e583603fc33d1923be80da386182a9d957a9c5677d9d3244855353462d12b37b6856,06/21/2024 11:20:00 AM,M,52.0,BICYCLE HELMET (PEDACYCLIST INVOLVED ONLY),CROSSING - NO CONTROLS (AT INTERSECTION),BIKEWAY,TEST NOT OFFERED,,30,CLEAR,DAYLIGHT,PEDALCYCLIST,T-INTERSECTION,STRAIGHT AND LEVEL,DRY,INJURY AND / OR TOW DUE TO CRASH,ELSTON AVE,41.979006509,-87.7580945071,POINT (-87.758094507103 41.97900650898)
O1847112,BICYCLE,4d6dcf5fd3d77b60865f601318b8ee842283aa35dc654e4d2293d95c9b5d512b84e23c941e4ea934423c917b3b13517badea60f27cfe5ff4486ed32e4bfb07c6,06/21/2024 10:52:00 AM,M,73.0,HELMET NOT USED,OTHER ACTION,IN CROSSWALK,TEST NOT OFFERED,,30,CLEAR,DAYLIGHT,PEDALCYCLIST,NOT DIVIDED,STRAIGHT AND LEVEL,DRY,INJURY AND / OR TOW DUE TO CRASH,GRANVILLE AVE,41.9940485073,-87.6859345212,POINT (-87.685934521239 41.994048507257)
O1847077,BICYCLE,98675b20171d7ee019aff9193e03203665823541de40557561821b9c5df173de3841980bc2cb24bec2bc08195110402148dc5ee20d54d094c0085b1b70fa8af8,06/21/2024 10:00:00 AM,M,17.0,BICYCLE HELMET (PEDACYCLIST INVOLVED ONLY),TURNING LEFT,IN ROADWAY,TEST NOT OFFERED,,30,CLEAR,DAYLIGHT,PEDALCYCLIST,NOT DIVIDED,STRAIGHT AND LEVEL,DRY,NO INJURY / DRIVE AWAY,COTTAGE GROVE AVE,41.8167216261,-87.6068535651,POINT (-87.606853565078 41.816721626101)
O1872932,BICYCLE,1489152c9453ff279b22f8efed3aedfc867ee7bb93b181650ec657b532ab6a085913d41ef0eeb77ad6fd5eb799d1615ee17969d0e11708693338fc8b7679b9ca,06/21/2024 08:30:00 AM,M,33.0,HELMET NOT USED,CROSSING - AGAINST SIGNAL,IN CROSSWALK,TEST NOT OFFERED,,25,CLEAR,DAYLIGHT,PEDALCYCLIST,T-INTERSECTION,STRAIGHT AND LEVEL,DRY,INJURY AND / OR TOW DUE TO CRASH,ROOSEVELT RD,41.8663108207,-87.7045895913,POINT (-87.704589591318 41.866310820697)
O1846860,BICYCLE,bfd00a621ef0a1d14a88f69e77de9bff010baacf500c6cb0e00d7aef00e35adae1045309a62e492d566acbb5da45dc5867a798041982af8a956f2a03f792167a,06/20/2024 10:15:00 PM,F,29.0,BICYCLE HELMET (PEDACYCLIST INVOLVED ONLY),WITH TRAFFIC,BIKE LANE,TEST NOT OFFERED,,30,CLEAR,"DARKNESS, LIGHTED ROAD",PEDALCYCLIST,UNKNOWN INTERSECTION TYPE,STRAIGHT AND LEVEL,DRY,INJURY AND / OR TOW DUE TO CRASH,DEARBORN ST,41.8948150954,-87.6298717626,POINT (-87.629871762573 41.894815095408)
O1847962,BICYCLE,43ad66ddee6277af58ce8c5f519d22fee5a5f2028e9de2d96b9bc74ab16d5628ceb93a7ea9c8c0e0074a2277072c0eac16cb41020b3fc9af63a89824ec0f702d,06/20/2024 07:30:00 PM,F,65.0,BICYCLE HELMET (PEDACYCLIST INVOLVED ONLY),NO ACTION,IN ROADWAY,TEST NOT OFFERED,,30,UNKNOWN,UNKNOWN,PEDALCYCLIST,ONE-WAY,STRAIGHT AND LEVEL,UNKNOWN,INJURY AND / OR TOW DUE TO CRASH,MONITOR AVE,41.9243139972,-87.7722315934,POINT (-87.77223159338 41.924313997213)
O1846732,BICYCLE,4decfab7bc2a26917f0c8cd400616cebbd7e4c6dff4dbb778e100a6217be32b66d77d0504c9e70b9c2e2b85330c9f46c0c7e69abbdf5f64c590f672da25adb7f,06/20/2024 06:02:00 PM,M,54.0,HELMET NOT USED,UNKNOWN/NA,IN ROADWAY,TEST NOT OFFERED,,25,CLEAR,DAYLIGHT,PEDALCYCLIST,FOUR WAY,STRAIGHT AND LEVEL,DRY,INJURY AND / OR TOW DUE TO CRASH,MAYPOLE AVE,41.8847581957,-87.7283601059,POINT (-87.728360105939 41.884758195702)
O1846819,NON-MOTOR VEHICLE,1bf067bb3b346aa89d9464b06a343ae7390bdfcbf75383dc5e895a3470e7da3529f82210661a8907bf1fb1456f5bfcfc859fe40b5b4cef2f383d836a331165ef,06/20/2024 04:42:00 PM,F,43.0,USAGE UNKNOWN,OTHER ACTION,IN CROSSWALK,TEST NOT OFFERED,,25,CLEAR,DAYLIGHT,ANIMAL,DIVIDED - W/MEDIAN (NOT RAISED),STRAIGHT AND LEVEL,DRY,NO INJURY / DRIVE AWAY,WELLS ST,41.9077384774,-87.6347546184,POINT (-87.634754618366 41.907738477358)
O1847231,BICYCLE,4bcf9921fef9e65ce1dada1368713acea949310156a23742ce9ddc1eb18d823150100ed3a63cc29556f0f2458717e43fe36125d9cf6c0a78506588cf19f18eaf,06/20/2024 03:40:00 PM,M,45.0,BICYCLE HELMET (PEDACYCLIST INVOLVED ONLY),CROSSING - NO CONTROLS (AT INTERSECTION),BIKEWAY,TEST NOT OFFERED,,30,CLEAR,DAYLIGHT,PEDALCYCLIST,FOUR WAY,STRAIGHT AND LEVEL,DRY,INJURY AND / OR TOW DUE TO CRASH,MILWAUKEE AVE,41.8973124085,-87.6568461569,POINT (-87.656846156925 41.897312408537)
O1846326,BICYCLE,7582673240797646408a525112f6d5b8cdcd16580d03c1c1aec136f39add6aa546e5448adcd83222d2069c2a6765de22c9e0cf13e47830fd4bba24e7a1ad4a1f,06/20/2024 09:05:00 AM,M,37.0,BICYCLE HELMET (PEDACYCLIST INVOLVED ONLY),NO ACTION,BIKE LANE,TEST NOT OFFERED,,30,CLEAR,DAYLIGHT,PEDALCYCLIST,NOT DIVIDED,STRAIGHT AND LEVEL,DRY,INJURY AND / OR TOW DUE TO CRASH,DAMEN AVE,41.9072626305,-87.6772304367,POINT (-87.677230436745 41.907262630539)
O1846234,BICYCLE,c73fbcb0755494e0e5083cc9eaf14cba3750341a063f7f7995089e1ac234815aee5fed77f8b3e93354325383b7daa9fe994704d5a8e16f9017dbac812a6579bc,06/19/2024 11:30:00 PM,F,29.0,BICYCLE HELMET (PEDACYCLIST INVOLVED ONLY),WITH TRAFFIC,IN ROADWAY,TEST NOT OFFERED,,30,CLEAR,"DARKNESS, LIGHTED ROAD",PEDALCYCLIST,FOUR WAY,STRAIGHT AND LEVEL,DRY,INJURY AND / OR TOW DUE TO CRASH,DAMEN AVE,41.8733465258,-87.6762915407,POINT (-87.676291540725 41.87334652581)
O1846186,BICYCLE,cba6c0341a9cbb0585a0b8a6caf2fd8ae80a670b16af9578c3e8e02dc18e92de6a52fd8b8e20de5ea7f2698b645bb71476ed731313456c80cb6687b40814e207,06/19/2024 10:15:00 PM,M,32.0,BICYCLE HELMET (PEDACYCLIST INVOLVED ONLY),WITH TRAFFIC,IN ROADWAY,,Y,30,CLEAR,"DARKNESS, LIGHTED ROAD",PEDALCYCLIST,DIVIDED - W/MEDIAN (NOT RAISED),STRAIGHT AND LEVEL,DRY,INJURY AND / OR TOW DUE TO CRASH,PULASKI RD,41.9425493555,-87.727141155,POINT (-87.727141155002 41.942549355548)
O1846709,BICYCLE,9f5492705efd56540fd57bf850f08e147fd4f6429a60aa4009f160311c74ae0926c7e36bcdaabe42e201a04f8ef3cebcf4a3955f8ed3a7fe5744907cf3e30e70,06/19/2024 07:39:00 PM,M,47.0,HELMET NOT USED,UNKNOWN/NA,IN ROADWAY,TEST NOT OFFERED,,30,CLEAR,DAYLIGHT,PEDALCYCLIST,NOT DIVIDED,STRAIGHT AND LEVEL,DRY,INJURY AND / OR TOW DUE TO CRASH,MILWAUKEE AVE,41.9463268071,-87.7354914346,POINT (-87.735491434638 41.946326807103)
O1859690,BICYCLE,72c7e3fcc56350efa08a51f48b67c5a803e3809ad049c718af209536e56cdcf8f46c2e2577f8f566b7c0fa7892d0b78c58f71a9405c2f6de058e6cdd5468737d,06/19/2024 05:00:00 PM,M,34.0,HELMET NOT USED,WITH TRAFFIC,IN ROADWAY,,,30,CLEAR,DAYLIGHT,PEDALCYCLIST,NOT DIVIDED,STRAIGHT AND LEVEL,DRY,INJURY AND / OR TOW DUE TO CRASH,CORTLAND ST,41.9157698838,-87.6987165441,POINT (-87.698716544109 41.91576988379)
O1846755,BICYCLE,dde595c5634806c516844b6cef89e0efa48984dd00d456c6826da865fd9aeb24301b22d085879e8fcd0cfc01707e69c8c6018f1c25463c705d1418bf74606180,06/19/2024 11:05:00 AM,F,65.0,HELMET NOT USED,WITH TRAFFIC,BIKE LANE,TEST NOT OFFERED,,30,UNKNOWN,UNKNOWN,PEDALCYCLIST,NOT DIVIDED,STRAIGHT AND LEVEL,UNKNOWN,INJURY AND / OR TOW DUE TO CRASH,WELLS ST,41.9106267514,-87.6345471582,POINT (-87.634547158195 41.910626751382)
O1846363,BICYCLE,f0b7c4954565ff6b82f94b5f8bf2912f00d60225229289c82a028c7cb3ae4d45abd8eb2f4230f84b3dc37c05b24c5f9bb650197568c6e92f6264ddf0835a001b,06/19/2024 10:45:00 AM,M,36.0,BICYCLE HELMET (PEDACYCLIST INVOLVED ONLY),WITH TRAFFIC,IN ROADWAY,TEST NOT OFFERED,,30,CLEAR,DAYLIGHT,PEDALCYCLIST,NOT DIVIDED,STRAIGHT AND LEVEL,DRY,INJURY AND / OR TOW DUE TO CRASH,FAIRBANKS CT,41.8941642825,-87.6201447292,POINT (-87.620144729206 41.89416428252)
O1845547,BICYCLE,c913cc2a146d576ee624c5b9529b267074fa026724f2a151d39b834e35cb5b9d9ea6f796ffc7534c217e14fcc863ef3c96fd27faf1eb5dcef3ce581cd6a577a9,06/18/2024 10:20:00 PM,M,,BICYCLE HELMET (PEDACYCLIST INVOLVED ONLY),WITH TRAFFIC,IN ROADWAY,TEST NOT OFFERED,,35,CLEAR,"DARKNESS, LIGHTED ROAD",PEDALCYCLIST,DIVIDED - W/MEDIAN (NOT RAISED),STRAIGHT AND LEVEL,DRY,INJURY AND / OR TOW DUE TO CRASH,CHICAGO AVE,41.8964338748,-87.6376771638,POINT (-87.637677163828 41.896433874814)
O1845533,BICYCLE,daba1b42ce503b97fcfc10dfb285180e9f20a351420401ce84aa022a4260da0f2f87801824525269f4606ea428f69bef9cd667744b141f964b7cb33e0f92ab15,06/18/2024 09:00:00 PM,F,21.0,HELMET NOT USED,WITH TRAFFIC,UNKNOWN/NA,,,35,CLEAR,"DARKNESS, LIGHTED ROAD",PEDALCYCLIST,NOT DIVIDED,STRAIGHT AND LEVEL,DRY,INJURY AND / OR TOW DUE TO CRASH,53RD ST,41.7995778336,-87.5954321093,POINT (-87.595432109341 41.79957783365)
O1845518,BICYCLE,ba6ebd50e5a898a4e6f3a3983776679b8e0641a20967dc4820ef97a3a5aa013e035a997cba1fc6ee332188cdaa9bc84128895c9c74083db78ce3e58631a3bde4,06/18/2024 07:03:00 PM,M,32.0,BICYCLE HELMET (PEDACYCLIST INVOLVED ONLY),WITH TRAFFIC,BIKE LANE,,,30,CLEAR,DAYLIGHT,PEDALCYCLIST,DIVIDED - W/MEDIAN (NOT RAISED),STRAIGHT AND LEVEL,DRY,NO INJURY / DRIVE AWAY,MILWAUKEE AVE,41.9236952552,-87.6984085507,POINT (-87.698408550716 41.923695255194)
O1845880,BICYCLE,b88529caf726b1d5991a4c7dd08e7cb35d11011cc0abaa24ffb28068261796bbdc6420f7a118ea4423dee24204ba5e60a9e9fb5d759d410ad8579de60940cbcf,06/18/2024 05:45:00 PM,M,27.0,BICYCLE HELMET (PEDACYCLIST INVOLVED ONLY),WITH TRAFFIC,BIKE LANE,TEST NOT OFFERED,,30,CLEAR,DAYLIGHT,PEDALCYCLIST,NOT DIVIDED,STRAIGHT AND LEVEL,DRY,INJURY AND / OR TOW DUE TO CRASH,ARMITAGE AVE,41.9175323987,-87.7044687547,POINT (-87.704468754732 41.917532398668)
O1845900,BICYCLE,e9224bb45941506eadc6702a4d970c48e7e90b712927390d5d17305c027821f527736a20317307c4458d12d700fd1e008a116f8f87b827de0c1efe17cdfe8edc,06/18/2024 04:30:00 PM,M,,HELMET NOT USED,CROSSING - CONTROLS PRESENT (NOT AT INTERSECTION),NOT IN ROADWAY,TEST NOT OFFERED,,15,CLEAR,DAYLIGHT,PEDALCYCLIST,ALLEY,STRAIGHT AND LEVEL,DRY,INJURY AND / OR TOW DUE TO CRASH,24TH ST,41.8480463922,-87.7038531876,POINT (-87.703853187645 41.84804639221)
O1845352,BICYCLE,d645f8d28cacec94d08b6d92606ae05043de12c492a68594de3c5f3ad4f36e8f5212ca5754dbdc117140f6c75c8832a8d466330560512727bfe1e29fe1e8cf4c,06/18/2024 03:25:00 PM,M,,HELMET NOT USED,WITH TRAFFIC,IN ROADWAY,TEST NOT OFFERED,,25,CLEAR,DAYLIGHT,PEDALCYCLIST,OTHER,STRAIGHT AND LEVEL,DRY,NO INJURY / DRIVE AWAY,100TH ST,41.7134005389,-87.5657341377,POINT (-87.565734137659 41.713400538929)
O1845292,BICYCLE,7404e216ce8a0c0d6065656228df6b056510b091fdb2e8b8de68f4ffe465f3a2bf70a07619093fbdf996fc7e25f4349f51f9d39a3333bf8849d87e9bd1f083c2,06/18/2024 02:50:00 PM,M,25.0,HELMET NOT USED,WITH TRAFFIC,IN ROADWAY,TEST NOT OFFERED,,30,CLEAR,DAYLIGHT,OTHER NONCOLLISION,NOT DIVIDED,STRAIGHT AND LEVEL,DRY,INJURY AND / OR TOW DUE TO CRASH,55TH ST,41.7932202832,-87.7149149071,POINT (-87.714914907053 41.793220283189)
O1845198,BICYCLE,88c91c7e33759b92d8cc737a0653e50ccdd1e009ca81109cd7f222dc77ad88a8dabcd8181401e7b0befafd823645b1586c1dce850bf1d612d584e7d8cc0b4909,06/18/2024 01:40:00 PM,M,24.0,HELMET NOT USED,OTHER ACTION,IN ROADWAY,TEST NOT OFFERED,,30,CLEAR,DAYLIGHT,PEDALCYCLIST,DIVIDED - W/MEDIAN (NOT RAISED),STRAIGHT AND LEVEL,DRY,INJURY AND / OR TOW DUE TO CRASH,PETERSON AVE,41.9903099905,-87.7036030666,POINT (-87.703603066624 41.990309990528)
O1845959,BICYCLE,f0ab6e3bb4006f8b7a3163ea16df510bf3eed611e91f8e13bd563a8bcc9a348a7f30768fa04bd3aa393d99eae8de61328fdd42b8815be7f55c156355be32511c,06/18/2024 11:40:00 AM,M,19.0,HELMET NOT USED,CROSSING - NO CONTROLS (AT INTERSECTION),IN CROSSWALK,TEST NOT OFFERED,,25,CLEAR,DAYLIGHT,PEDALCYCLIST,ONE-WAY,STRAIGHT AND LEVEL,DRY,INJURY AND / OR TOW DUE TO CRASH,RICHMOND ST,41.7719691958,-87.6970199799,POINT (-87.697019979873 41.771969195845)
O1850286,BICYCLE,f4952df117f334db90e3849532d0e81faaf13c1c7432df4be0b898ff75cf685475d90f4d572bfa30361a3eb32bb02761ed59b0368d697ccb6c83805fc9907587,06/18/2024 10:45:00 AM,M,28.0,HELMET NOT USED,WITH TRAFFIC,BIKE LANE,TEST NOT OFFERED,,30,UNKNOWN,UNKNOWN,PEDALCYCLIST,NOT DIVIDED,STRAIGHT AND LEVEL,UNKNOWN,INJURY AND / OR TOW DUE TO CRASH,CHICAGO AVE,41.8967663408,-87.6296985432,POINT (-87.629698543179 41.896766340796)
O1845042,BICYCLE,2e788f612e0078d644c295a2cd1bee7ec04af56128599225444f38444777573e8f2e367449ab7001bbdf1ea7a3239e815db71a7e9ec3ba841fa6bb3ef6dcd32c,06/18/2024 09:33:00 AM,M,38.0,BICYCLE HELMET (PEDACYCLIST INVOLVED ONLY),WITH TRAFFIC,IN ROADWAY,TEST NOT OFFERED,,30,CLEAR,DAYLIGHT,PEDALCYCLIST,NOT DIVIDED,STRAIGHT AND LEVEL,DRY,INJURY AND / OR TOW DUE TO CRASH,KEDZIE AVE,41.9730906947,-87.7084603492,POINT (-87.708460349236 41.973090694683)
O1845017,BICYCLE,c0fe43dbad81deacbb99ec88a715a2ca9fa364d4bc051d85261fddce9275b1088f1baec108e4fc3ff8e5a256f1743d8d2e3e1823bed22b41572317f2a7e668be,06/18/2024 07:40:00 AM,M,18.0,HELMET NOT USED,CROSSING - NO CONTROLS (AT INTERSECTION),BIKEWAY,TEST NOT OFFERED,,30,CLEAR,DAYLIGHT,PEDALCYCLIST,NOT DIVIDED,STRAIGHT AND LEVEL,DRY,INJURY AND / OR TOW DUE TO CRASH,GRAND AVE,41.920154226,-87.7740136143,POINT (-87.774013614251 41.920154225993)
O1845031,BICYCLE,c0fe43dbad81deacbb99ec88a715a2ca9fa364d4bc051d85261fddce9275b1088f1baec108e4fc3ff8e5a256f1743d8d2e3e1823bed22b41572317f2a7e668be,06/18/2024 07:40:00 AM,M,18.0,HELMET NOT USED,CROSSING - NO CONTROLS (NOT AT INTERSECTION),BIKEWAY,TEST NOT OFFERED,,30,CLEAR,DAYLIGHT,PEDALCYCLIST,NOT DIVIDED,STRAIGHT AND LEVEL,DRY,INJURY AND / OR TOW DUE TO CRASH,GRAND AVE,41.920154226,-87.7740136143,POINT (-87.774013614251 41.920154225993)
O1844979,BICYCLE,448651477b961639360e457965153dbcc22f64984462740b7655c6fba5b66054c0c6acf7afc79ec2e6fc1caf688c4f35a93c43ce8bc80ac42ffc77fa83209226,06/18/2024 07:30:00 AM,M,27.0,BICYCLE HELMET (PEDACYCLIST INVOLVED ONLY),UNKNOWN/NA,IN ROADWAY,TEST NOT OFFERED,,30,CLEAR,DAYLIGHT,PEDALCYCLIST,NOT DIVIDED,STRAIGHT AND LEVEL,DRY,INJURY AND / OR TOW DUE TO CRASH,KILBOURN AVE,41.8889923059,-87.7380629038,POINT (-87.738062903808 41.888992305935)
O1844922,BICYCLE,21b822ece30b5a3531f535694e615efc1a879ae16b9772fb34ca254c1688cc806fbbc65366291b1b19b690fe1e5800bc4d59ea1529cef41119814cecce23c19d,06/18/2024 01:10:00 AM,M,31.0,BICYCLE HELMET (PEDACYCLIST INVOLVED ONLY),NO ACTION,DRIVEWAY ACCESS,TEST NOT OFFERED,,30,CLEAR,"DARKNESS, LIGHTED ROAD",PEDALCYCLIST,NOT DIVIDED,STRAIGHT AND LEVEL,DRY,INJURY AND / OR TOW DUE TO CRASH,AUSTIN AVE,41.9659371926,-87.7773488911,POINT (-87.777348891105 41.96593719262)
O1844858,BICYCLE,3f207c7ee375d661975cb89fbb1bba21153dc0378eb53f5a18d68e41092c6d1268307c28d50ed5329113394af3b1780ff44d464d7842b386bfba8a57a837d52e,06/17/2024 07:54:00 PM,M,20.0,BICYCLE HELMET (PEDACYCLIST INVOLVED ONLY),CROSSING - WITH SIGNAL,IN CROSSWALK,TEST NOT OFFERED,,30,CLEAR,DAYLIGHT,PEDALCYCLIST,DIVIDED - W/MEDIAN (NOT RAISED),STRAIGHT AND LEVEL,DRY,NO INJURY / DRIVE AWAY,GRAND AVE,41.9234711552,-87.7974902887,POINT (-87.797490288696 41.923471155191)
O1860982,BICYCLE,4932123f25bf508283fc7e36d6ee763d4f60a19e6ae67ebc688322887bf061dc1190c3c68b2aa5089ee91128c46aa5b8bb593f36397b5b0595f10b0535208a31,06/17/2024 03:11:00 PM,M,,HELMET NOT USED,CROSSING - AGAINST SIGNAL,IN ROADWAY,TEST NOT OFFERED,,30,CLEAR,DAYLIGHT,PEDALCYCLIST,FOUR WAY,STRAIGHT AND LEVEL,DRY,INJURY AND / OR TOW DUE TO CRASH,FULLERTON AVE,41.9254877419,-87.6534947013,POINT (-87.653494701303 41.925487741934)
O1844573,BICYCLE,c25e21dac2b23828df39c553e082b74be34cc6b003278809e578f0fce35c54eeff461f20c206d6bf8818b2a9c3dc9561bc39e9b88c17a3a51f21c3430986cb53,06/17/2024 03:00:00 PM,M,21.0,HELMET NOT USED,CROSSING - NO CONTROLS (AT INTERSECTION),IN CROSSWALK,TEST NOT OFFERED,Y,30,CLEAR,DAYLIGHT,PEDALCYCLIST,ONE-WAY,STRAIGHT AND LEVEL,DRY,INJURY AND / OR TOW DUE TO CRASH,SCHUBERT AVE,41.9296126022,-87.746639235,POINT (-87.746639235041 41.92961260224)