PERSON_ID,PERSON_TYPE,CRASH_RECORD_ID,CRASH_DATE_x,SEX,AGE,SAFETY_EQUIPMENT,PEDPEDAL_ACTION,PEDPEDAL_LOCATION,BAC_RESULT,CRASH_DATE_EST_I,POSTED_SPEED_LIMIT,WEATHER_CONDITION,LIGHTING_CONDITION,FIRST_CRASH_TYPE,TRAFFICWAY_TYPE,ALIGNMENT,ROADWAY_SURFACE_COND,CRASH_TYPE,STREET_NAME,LATITUDE,LONGITUDE,LOCATION
O1844147,BICYCLE,c8f0fd3020c1f3871dd3c54a6fd1db01e14cf468845468d9ec8bec3510e91441b88c27f72bef8cf42f1e4eb37999e2b6dbcbc4c23865fb9d47884144d9908846,06/17/2024 12:33:00 AM,M,,HELMET NOT USED,OTHER ACTION,IN ROADWAY,TEST NOT OFFERED,,30,CLEAR,"DARKNESS, LIGHTED ROAD",PEDALCYCLIST,NOT DIVIDED,STRAIGHT AND LEVEL,DRY,NO INJURY / DRIVE AWAY,HALSTED ST,41.9432581048,-87.649219749,POINT (-87.649219748969 41.943258104778)
O1844106,BICYCLE,91d8f2dc9d17e7b09dc1aefeba674635f38511bfc82ec2e2ac0501d7cda4ed40f8bb1ad0b35f3893b7c78766fdae074192175727623e5364c97f829ac0b49d20,06/17/2024 12:02:00 AM,M,29.0,HELMET NOT USED,AGAINST TRAFFIC,BIKE LANE,TEST NOT OFFERED,,30,CLEAR,"DARKNESS, LIGHTED ROAD",PEDALCYCLIST,NOT DIVIDED,STRAIGHT AND LEVEL,DRY,INJURY AND / OR TOW DUE TO CRASH,DAMEN AVE,41.919298413,-87.677528794,POINT (-87.677528793952 41.919298412971)
O1844170,BICYCLE,9fdc9b1a65f9d9db34e8a4a5a769cd7bcdbc7afb308560937d98ee99130c48ef2329fdff678532d260b4dd07b3e10754bd89e197d8f7e2e0706b6d90239b2c19,06/16/2024 10:15:00 PM,M,30.0,HELMET NOT USED,WITH TRAFFIC,IN ROADWAY,TEST NOT OFFERED,,30,CLEAR,"DARKNESS, LIGHTED ROAD",PEDALCYCLIST,NOT DIVIDED,STRAIGHT AND LEVEL,DRY,INJURY AND / OR TOW DUE TO CRASH,NORTH AVE,41.9110351619,-87.6478582738,POINT (-87.64785827383 41.911035161943)
O1844898,BICYCLE,b554da7cf7cfae8703a95a5e3ca6332e7fe8955db892600de86fc8168508ae384d08f47af5eb726a8fd565ce8bb1fa708137952c03cf756d0023c58b27625e51,06/16/2024 09:40:00 PM,F,7.0,HELMET NOT USED,PLAYING IN ROADWAY,DRIVEWAY ACCESS,TEST NOT OFFERED,,25,CLEAR,"DARKNESS, LIGHTED ROAD",PEDALCYCLIST,ALLEY,STRAIGHT AND LEVEL,DRY,INJURY AND / OR TOW DUE TO CRASH,WALTON ST,41.8981660222,-87.6984628397,POINT (-87.698462839709 41.898166022158)
O1843981,BICYCLE,e75a5b38f191fde7a3c87b3d4222628fa896c80b66a0ef6381df572e3488922b69eb3f83aad45893bc1a488a4b0f0cedacbfda470c9933d7fd05639118f5d38e,06/16/2024 07:15:00 PM,M,43.0,HELMET NOT USED,UNKNOWN/NA,IN ROADWAY,,,30,CLEAR,DAYLIGHT,PEDALCYCLIST,DIVIDED - W/MEDIAN (NOT RAISED),STRAIGHT AND LEVEL,DRY,INJURY AND / OR TOW DUE TO CRASH,CALIFORNIA AVE,41.8328467592,-87.6947776481,POINT (-87.694777648146 41.832846759244)
O1845081,BICYCLE,254477e04dc3d8ad6511faf584dcf0517df7cf9d5ca55ea41d2b82b9fe5ba5c30bd133f58177330f57a2c13cb30c04f05a42776d88fc61866ee8cb00a9e86e1d,06/16/2024 06:37:00 PM,M,,HELMET NOT USED,UNKNOWN/NA,IN ROADWAY,TEST NOT OFFERED,,20,CLEAR,DAYLIGHT,PEDALCYCLIST,ONE-WAY,STRAIGHT AND LEVEL,DRY,NO INJURY / DRIVE AWAY,HIRSCH ST,41.9063407558,-87.7303964665,POINT (-87.730396466485 41.906340755784)
O1844447,BICYCLE,3e54a54817243589efdccd3073ed04394ecd6d2351e9a2a77ad553c247895dc047c5dcd4bddadc9538cd93f5d5d26303cfcfd7a9c4deb96ad6c533bad3a2f911,06/16/2024 02:30:00 PM,M,62.0,HELMET NOT USED,WITH TRAFFIC,BIKE LANE,TEST NOT OFFERED,Y,30,CLEAR,DAYLIGHT,PEDALCYCLIST,NOT DIVIDED,STRAIGHT AND LEVEL,DRY,INJURY AND / OR TOW DUE TO CRASH,MARINE DR,41.9690325127,-87.6494453527,POINT (-87.649445352696 41.969032512703)
O1845792,BICYCLE,ab8808f298be77c709c60c558c6cca235fc3a4fcc89e428806a4edd346b2ad3600624a812cf3b3ab3439b44b841434d6ecb400b03be8e234935f267b87e697e2,06/16/2024 01:25:00 PM,F,23.0,HELMET NOT USED,WITH TRAFFIC,BIKEWAY,TEST NOT OFFERED,,30,CLEAR,DAYLIGHT,PEDALCYCLIST,NOT DIVIDED,STRAIGHT AND LEVEL,DRY,INJURY AND / OR TOW DUE TO CRASH,ROOSEVELT RD,41.8675665406,-87.6240941748,POINT (-87.624094174802 41.867566540607)
O1843624,BICYCLE,f2a20d84573adae44bf4731b648e52ec902998f0875ac1c5fd207458ed8509743a3bcd5f880013eefec5cdd6d7a24619bbccfe33df0f1b0f3530d8c9fa946a09,06/16/2024 10:17:00 AM,M,28.0,BICYCLE HELMET (PEDACYCLIST INVOLVED ONLY),CROSSING - AGAINST SIGNAL,IN CROSSWALK,TEST NOT OFFERED,,30,CLEAR,DAYLIGHT,PEDALCYCLIST,T-INTERSECTION,STRAIGHT AND LEVEL,DRY,INJURY AND / OR TOW DUE TO CRASH,ASHLAND AVE,41.9865361637,-87.6695530608,POINT (-87.669553060786 41.986536163682)
O1843538,BICYCLE,245a52b7cc0f441bb608bc9275b29698d9e845c05a955519375e454967da30d0beb5fac91ea9272028f69ef4b891fb90009047e45fe250ccbd6049e633858325,06/16/2024 06:30:00 AM,M,48.0,BICYCLE HELMET (PEDACYCLIST INVOLVED ONLY),WITH TRAFFIC,IN ROADWAY,TEST NOT OFFERED,,20,CLEAR,DAYLIGHT,PEDALCYCLIST,OTHER,STRAIGHT AND LEVEL,DRY,INJURY AND / OR TOW DUE TO CRASH,SOUTH SHORE DR,41.7666030222,-87.5663237227,POINT (-87.566323722736 41.766603022169)
O1851400,BICYCLE,937bb74506712d843c7117a8b74f2445ff0b4cb5b35bd3d2ae6d03795da48510e4e7965d5ffd4624caa4eea8488db5323a66787a776009f525c6a206df15738c,06/16/2024 04:20:00 AM,M,33.0,HELMET NOT USED,WITH TRAFFIC,IN ROADWAY,TEST NOT OFFERED,,30,CLEAR,DAYLIGHT,PEDALCYCLIST,ONE-WAY,STRAIGHT AND LEVEL,DRY,NO INJURY / DRIVE AWAY,KILBOURN AVE,41.942483719,-87.7397476362,POINT (-87.739747636203 41.942483718998)
O1843271,BICYCLE,2189a5623981daf9248808760ddfb7620b7e66ab355b0480bbf5054af8671db10d5b1c60c2f11fa3ca95ba7148614f0587c4f386e952cc5fbe8ae4e917465fcf,06/15/2024 06:55:00 PM,M,34.0,HELMET NOT USED,WITH TRAFFIC,BIKE LANE,TEST NOT OFFERED,,20,CLEAR,DAYLIGHT,PEDALCYCLIST,NOT DIVIDED,STRAIGHT AND LEVEL,DRY,INJURY AND / OR TOW DUE TO CRASH,MILWAUKEE AVE,41.9184475693,-87.6898257489,POINT (-87.689825748879 41.9184475693)
O1843284,BICYCLE,6ff181df83913ef990e08ae11480710d01dc4e285d8d662c3383270e6985de060fd98ad7952dae655394da03487444b2dccf9c5b963c9bd82846c8a4fae8b594,06/15/2024 06:40:00 PM,M,,HELMET NOT USED,CROSSING - NO CONTROLS (NOT AT INTERSECTION),IN CROSSWALK,TEST NOT OFFERED,,30,CLEAR,DAYLIGHT,PEDALCYCLIST,DIVIDED - W/MEDIAN (NOT RAISED),STRAIGHT AND LEVEL,DRY,INJURY AND / OR TOW DUE TO CRASH,SOUTH SHORE DR,41.7661952023,-87.562908182,POINT (-87.562908182042 41.76619520231)
O1843301,BICYCLE,e57b760f851b162ac63fb0e32d49ddc10b55ebbb421adfdf9b8807caf87296c4c628804b2812c76512b9cd885ae8e91ee0e9b9d45decb4bafb58a83b08147c3e,06/15/2024 05:40:00 PM,M,30.0,HELMET NOT USED,CROSSING - WITH SIGNAL,IN ROADWAY,TEST NOT OFFERED,,30,CLEAR,DAYLIGHT,PEDALCYCLIST,FOUR WAY,STRAIGHT AND LEVEL,DRY,INJURY AND / OR TOW DUE TO CRASH,LOWER MICHIGAN AVE,41.8879014283,-87.624449949,POINT (-87.624449948954 41.887901428305)
O1843190,BICYCLE,edd9df8f74a07fce6ac4b36d91911c3d188298c50ac418a817efc867e11fdfb21a55e9a5eeff09e2baf54ae2906f226ffcd9c60d9076d87a70ab899597a86e65,06/15/2024 05:30:00 PM,M,,BICYCLE HELMET (PEDACYCLIST INVOLVED ONLY),OTHER ACTION,IN ROADWAY,TEST NOT OFFERED,,30,CLEAR,DAYLIGHT,PEDALCYCLIST,"FIVE POINT, OR MORE",STRAIGHT AND LEVEL,DRY,INJURY AND / OR TOW DUE TO CRASH,LAKEWOOD AVE,41.9343776365,-87.6613476877,POINT (-87.661347687717 41.93437763648)
O1843408,BICYCLE,a529098af6bb93be1c6a7a3e209497e7a9c17c32ec9ee6841bbf5892aba85726b4c7ad136620e1a9c02d32d34f9639277b7e4a15933d017565f2e11a16c73def,06/15/2024 04:23:00 PM,M,38.0,BICYCLE HELMET (PEDACYCLIST INVOLVED ONLY),CROSSING - NO CONTROLS (AT INTERSECTION),IN ROADWAY,TEST NOT OFFERED,,30,CLEAR,DAYLIGHT,PEDALCYCLIST,NOT DIVIDED,STRAIGHT AND LEVEL,DRY,INJURY AND / OR TOW DUE TO CRASH,112TH ST,41.6917216872,-87.5327229996,POINT (-87.532722999645 41.691721687207)
O1843192,NON-MOTOR VEHICLE,b73b66cb39e22b27d58a208735c59bb68c15c75e01f840f9490f0e4b2c611c84106ed85ea08f7f212648eb5d429ef8d6e00dc24fca8b9e46e6dfe9f296117ecd,06/15/2024 03:01:00 PM,M,16.0,USAGE UNKNOWN,WITH TRAFFIC,BIKE LANE,TEST NOT OFFERED,,30,CLEAR,DAYLIGHT,OTHER OBJECT,NOT DIVIDED,STRAIGHT AND LEVEL,DRY,INJURY AND / OR TOW DUE TO CRASH,MONTROSE AVE,41.9613339594,-87.6800202151,POINT (-87.680020215129 41.961333959433)
O1842986,BICYCLE,f1a3c618e725d5edcdeecac4271b29ee9aee74bf941746db226f59a413ede3094d17c4c7a66f04b7dccb05ba68cdcfbdc10a3da24b051721b9a6c6d7581f5a6e,06/15/2024 01:26:00 PM,M,63.0,HELMET NOT USED,CROSSING - NO CONTROLS (NOT AT INTERSECTION),IN ROADWAY,TEST NOT OFFERED,,20,CLEAR,DAYLIGHT,PEDALCYCLIST,DIVIDED - W/MEDIAN (NOT RAISED),STRAIGHT AND LEVEL,DRY,INJURY AND / OR TOW DUE TO CRASH,SIMONDS DR,41.9768524775,-87.6486302266,POINT (-87.648630226555 41.976852477472)
O1842943,BICYCLE,05c0a1d4ffeaad44404ed617716cfff7c0249d946407c8379369c6cc7d811c3d2141da3efd77ad465cb91602fef83874a2cb43482d4a3297c05e9e5285ad9edd,06/15/2024 01:05:00 PM,M,8.0,HELMET NOT USED,NO ACTION,IN ROADWAY,TEST NOT OFFERED,,30,CLEAR,DAYLIGHT,PEDALCYCLIST,ONE-WAY,STRAIGHT AND LEVEL,DRY,INJURY AND / OR TOW DUE TO CRASH,MAPLEWOOD AVE,41.7686574432,-87.6871714533,POINT (-87.6871714533 41.768657443193)
O1842903,BICYCLE,bb49f80ef9c21434045e7566eac224218d13e263da96074518ba52d352a079bbcd13949baaa76bcb7fd91a59b8f2a654fa382a7f152420c1e1991338dd182eb6,06/15/2024 12:00:00 PM,M,,BICYCLE HELMET (PEDACYCLIST INVOLVED ONLY),WITH TRAFFIC,BIKE LANE,TEST NOT OFFERED,,30,CLEAR,DAYLIGHT,PEDALCYCLIST,NOT DIVIDED,STRAIGHT AND LEVEL,DRY,INJURY AND / OR TOW DUE TO CRASH,CLARK ST,41.9465769553,-87.6561875411,POINT (-87.6561875411 41.946576955272)
O1842875,BICYCLE,c504d2aa99355f73d60b4f8b2c1bd78a2af772ab1f0244bb21b8b79f19fa4765ed8b5d1d5d126a5710b3e66159c0462df5be855aac3bf1771652ce31924e94f3,06/15/2024 10:38:00 AM,F,18.0,HELMET NOT USED,CROSSING - NO CONTROLS (AT INTERSECTION),BIKE LANE,TEST NOT OFFERED,,30,CLEAR,DAYLIGHT,PEDALCYCLIST,NOT DIVIDED,STRAIGHT AND LEVEL,DRY,INJURY AND / OR TOW DUE TO CRASH,DAMEN AVE,41.9089214003,-87.6775677955,POINT (-87.677567795523 41.908921400283)
O1842663,NON-MOTOR VEHICLE,a265e85eb8d7f1a2237b7e1d9300cbb31d79bf865e15ba292039e7d7d70ecf6c3674fc791a0d45f31b390a041967ec1a9dd152b020b5a9ae0e994858baa2586e,06/15/2024 02:30:00 AM,M,47.0,USAGE UNKNOWN,WITH TRAFFIC,IN ROADWAY,TEST NOT OFFERED,,30,CLEAR,DARKNESS,SIDESWIPE SAME DIRECTION,ONE-WAY,STRAIGHT AND LEVEL,DRY,NO INJURY / DRIVE AWAY,CLARK ST,41.8896872765,-87.6312190981,POINT (-87.63121909812 41.88968727652)
O1842624,BICYCLE,2dd5b78249a992443d939e9433450e30b288ec0ad41ae9e96d02b9d0f878194f10f22498a588ded01e7c7dd12b9c275da56fe65dd54e9f92db37151208108c5a,06/14/2024 10:00:00 PM,M,19.0,BICYCLE HELMET (PEDACYCLIST INVOLVED ONLY),WITH TRAFFIC,IN ROADWAY,TEST NOT OFFERED,,30,CLEAR,"DARKNESS, LIGHTED ROAD",PEDALCYCLIST,FOUR WAY,STRAIGHT AND LEVEL,DRY,INJURY AND / OR TOW DUE TO CRASH,DAMEN AVE,41.8667066749,-87.6763952387,POINT (-87.676395238652 41.86670667489)
O1842567,BICYCLE,d91be268c78606fe3f39971b8aecba7a282f953507db76ca7d32618ab812dbd4e8c0b25914afca3e01893bc8b97eb4a1f8f82758454232892ae8d0b4f0f4f4af,06/14/2024 09:00:00 PM,M,67.0,BICYCLE HELMET (PEDACYCLIST INVOLVED ONLY),OTHER ACTION,BIKE LANE,TEST NOT OFFERED,,30,CLEAR,"DARKNESS, LIGHTED ROAD",PEDALCYCLIST,OTHER,"CURVE, LEVEL",DRY,INJURY AND / OR TOW DUE TO CRASH,LAKE SHORE DR NB,41.9555312079,-87.6451455703,POINT (-87.645145570284 41.955531207899)
O1842513,BICYCLE,07570d5b01f129d68dc2f182cb89caaa0affe9824a81f83323692f2e79d44757dfc9c4485f4a27e348df09f52e65cb3f5df21488b4d8fccb2a2ac7afc304be42,06/14/2024 07:44:00 PM,M,14.0,BICYCLE HELMET (PEDACYCLIST INVOLVED ONLY),AGAINST TRAFFIC,IN ROADWAY,TEST NOT OFFERED,,30,CLEAR,DAYLIGHT,PEDALCYCLIST,NOT DIVIDED,STRAIGHT AND LEVEL,DRY,INJURY AND / OR TOW DUE TO CRASH,HALSTED ST,41.8767057442,-87.6470563595,POINT (-87.647056359506 41.876705744232)
O1842440,BICYCLE,c6e6a74ea1bde09ed2517833bdf1aa3328bc39a4785bc9633f078d67004b98c4d587d86156038fb551fc353bceb3e7fb992e98ee12459cfe61a79299e0333f0b,06/14/2024 06:35:00 PM,M,19.0,HELMET NOT USED,CROSSING - AGAINST SIGNAL,IN ROADWAY,TEST NOT OFFERED,,30,CLEAR,DAYLIGHT,PEDALCYCLIST,NOT DIVIDED,STRAIGHT AND LEVEL,DRY,INJURY AND / OR TOW DUE TO CRASH,HALSTED ST,41.9253657287,-87.6486109481,POINT (-87.648610948113 41.925365728749)
O1842929,BICYCLE,b3996e3db5ff9835ceee69a5b4110c1cc0a0f4876c01579f1b09f0ce5f71c34b04eab4cc54ded3d0f63028d5d9e732e23b903e9c4e72f5f8ff0b785641632693,06/14/2024 04:50:00 PM,F,37.0,BICYCLE HELMET (PEDACYCLIST INVOLVED ONLY),WITH TRAFFIC,IN ROADWAY,TEST NOT OFFERED,,30,CLEAR,DAYLIGHT,PEDALCYCLIST,NOT DIVIDED,STRAIGHT AND LEVEL,DRY,INJURY AND / OR TOW DUE TO CRASH,18TH ST,41.8578491597,-87.6699955667,POINT (-87.66999556668 41.857849159715)
O1842432,NON-MOTOR VEHICLE,9531d0992070b019503999796308f54b6245e43ac26104ffc39a1b3f5d0353cbb13b26fdd04c7bb16c88ef5aa7ccaba777e80f81a532e2090201c5f1ee068130,06/14/2024 04:11:00 PM,F,15.0,NONE PRESENT,OTHER ACTION,DRIVEWAY ACCESS,TEST NOT OFFERED,,30,CLEAR,DAYLIGHT,OTHER OBJECT,PARKING LOT,STRAIGHT AND LEVEL,DRY,INJURY AND / OR TOW DUE TO CRASH,MADISON ST,41.8803233571,-87.7502927601,POINT (-87.750292760135 41.88032335714)
O1842453,NON-MOTOR VEHICLE,9531d0992070b019503999796308f54b6245e43ac26104ffc39a1b3f5d0353cbb13b26fdd04c7bb16c88ef5aa7ccaba777e80f81a532e2090201c5f1ee068130,06/14/2024 04:11:00 PM,F,13.0,NONE PRESENT,OTHER ACTION,DRIVEWAY ACCESS,TEST NOT OFFERED,,30,CLEAR,DAYLIGHT,OTHER OBJECT,PARKING LOT,STRAIGHT AND LEVEL,DRY,INJURY AND / OR TOW DUE TO CRASH,MADISON ST,41.8803233571,-87.7502927601,POINT (-87.750292760135 41.88032335714)
O1842363,BICYCLE,c20d72b6a7f2a8b686ff061ede1b61dbe2278e66408ffdbcc7233730d1b55d9c4c4ad88273d21e446e14e571987ed7712f76ec01a02f772282bab380bcb4fdd3,06/14/2024 03:15:00 PM,F,28.0,BICYCLE HELMET (PEDACYCLIST INVOLVED ONLY),CROSSING - NO CONTROLS (AT INTERSECTION),BIKEWAY,TEST NOT OFFERED,,30,CLEAR,DAYLIGHT,PEDALCYCLIST,T-INTERSECTION,STRAIGHT AND LEVEL,DRY,INJURY AND / OR TOW DUE TO CRASH,HUBBARD ST,41.8899768027,-87.647522592,POINT (-87.647522592039 41.889976802706)
O1842310,BICYCLE,1bdb66f517072fb616d0d3877fca3a38d6b53de1a3b55e1549ed7baa36370ff6a9182730b74967f808c732f7cfae26acfa0022200558a9f154c31a322c25edea,06/14/2024 01:50:00 PM,M,29.0,HELMET NOT USED,WITH TRAFFIC,BIKE LANE,TEST NOT OFFERED,,30,CLEAR,DAYLIGHT,PEDALCYCLIST,NOT DIVIDED,STRAIGHT AND LEVEL,DRY,INJURY AND / OR TOW DUE TO CRASH,DIVERSEY AVE,41.9318199351,-87.7331904133,POINT (-87.733190413298 41.931819935099)
O1842070,BICYCLE,3334eac03dd0f1586fc44194fc9d0c58edf85370b26049160f28e935dec0e34c15106108ef26fd039f4c03ef3bbcca3ae6ebd0fc928bf0ea64fd5ea547b38216,06/14/2024 11:10:00 AM,M,15.0,HELMET NOT USED,OTHER ACTION,IN ROADWAY,TEST NOT OFFERED,,10,CLEAR,DAYLIGHT,PEDALCYCLIST,PARKING LOT,STRAIGHT AND LEVEL,DRY,INJURY AND / OR TOW DUE TO CRASH,LINCOLN AVE,41.993359338,-87.7119765654,POINT (-87.711976565394 41.993359337952)
O1841922,NON-MOTOR VEHICLE,d9970994c2352ca35d0b41aabc3442273867016537bca76a16d2b6440ccf479bafcd3ba71d5d054f9b4e5cec9c30d983856e876ecc60cf352347d5b1b62515cd,06/14/2024 07:46:00 AM,M,44.0,NONE PRESENT,WORKING IN ROADWAY,IN ROADWAY,TEST NOT OFFERED,,30,CLEAR,DAYLIGHT,FIXED OBJECT,NOT DIVIDED,STRAIGHT AND LEVEL,DRY,NO INJURY / DRIVE AWAY,OAK ST,41.9006818683,-87.6256225285,POINT (-87.62562252845 41.900681868279)
O1841901,BICYCLE,f6a0c18ae4094d9f608d1ff35f09d26081fe3865216cda9593a6e9c01468f2bdacee87d66f80e3abb01e992c9b4675bce969f0dc139610908cf455e5bb855bcb,06/14/2024 06:24:00 AM,M,34.0,HELMET NOT USED,UNKNOWN/NA,BIKEWAY,TEST NOT OFFERED,,30,CLEAR,DAYLIGHT,PEDALCYCLIST,FOUR WAY,STRAIGHT AND LEVEL,DRY,INJURY AND / OR TOW DUE TO CRASH,26TH ST,41.8442210021,-87.7344090207,POINT (-87.73440902066 41.844221002066)
O1841710,BICYCLE,e4f1c602426d481fb5b13e59a3bd7b631652b93a29828543bfad584a6ca07220e4d21121525857a97635959644b3aab6165327e672d8030f1f46cdd5d3a72eb1,06/13/2024 06:15:00 PM,M,27.0,BICYCLE HELMET (PEDACYCLIST INVOLVED ONLY),NO ACTION,IN ROADWAY,TEST NOT OFFERED,,30,CLEAR,DAYLIGHT,PEDALCYCLIST,NOT DIVIDED,STRAIGHT AND LEVEL,DRY,INJURY AND / OR TOW DUE TO CRASH,MORGAN ST,41.885904075,-87.6520028723,POINT (-87.6520028723 41.885904074951)
O1841563,BICYCLE,f196155304c7488a50598653f0c6290dd3f4f5275f74cb9001094dea4576393d314a6f014e6802127159b3c5b31a48930b5b070f9556e75e65b14cfa00fbf305,06/13/2024 04:32:00 PM,M,25.0,HELMET NOT USED,WITH TRAFFIC,IN ROADWAY,TEST NOT OFFERED,,30,CLEAR,DAYLIGHT,OTHER OBJECT,NOT DIVIDED,STRAIGHT AND LEVEL,DRY,INJURY AND / OR TOW DUE TO CRASH,GREGORY ST,41.9820905957,-87.7006042167,POINT (-87.700604216693 41.982090595664)
O1841623,BICYCLE,57df536b5a996d64e8eb7b6bcb041bf20426b8b3eb4758a66e9417750bedde280de395ef0393efaaf233d388d44877384405e0df752c9a46e0cae31ea48cf138,06/13/2024 04:23:00 PM,M,,HELMET NOT USED,WITH TRAFFIC,IN ROADWAY,,,30,CLEAR,DAYLIGHT,PEDALCYCLIST,NOT DIVIDED,STRAIGHT AND LEVEL,DRY,INJURY AND / OR TOW DUE TO CRASH,BELMONT AVE,41.9388768859,-87.735186672,POINT (-87.735186671986 41.938876885877)
O1841537,BICYCLE,ed72f21c82afe38630325de35e2a8624aa5def114a880303246abb18d6e3f92d711c77f38ba2459f5b6d233fbd66591c8e676254423dda6c5fe4f310cf128ff2,06/13/2024 03:05:00 PM,M,33.0,HELMET NOT USED,AGAINST TRAFFIC,BIKE LANE,TEST NOT OFFERED,,30,CLEAR,DAYLIGHT,PEDALCYCLIST,NOT DIVIDED,STRAIGHT AND LEVEL,DRY,INJURY AND / OR TOW DUE TO CRASH,MARSHALL BLVD,41.8536546629,-87.6992961727,POINT (-87.699296172666 41.85365466295)
O1841491,BICYCLE,170f059558fd9deda11dcf9a34ce35244202dcb1068ce97b72bcd795e69e9e9a48c7bd3a3183f465dfeb6a06fb9c1aca728866c80db61cebb05611c80b75b9a7,06/13/2024 02:58:00 PM,M,22.0,HELMET NOT USED,OTHER ACTION,NOT IN ROADWAY,TEST NOT OFFERED,,30,CLEAR,DAYLIGHT,PEDALCYCLIST,PARKING LOT,STRAIGHT AND LEVEL,DRY,INJURY AND / OR TOW DUE TO CRASH,PULASKI RD,41.961366489,-87.7279866781,POINT (-87.727986678074 41.961366489024)
O1841603,BICYCLE,0fa6533118026e43f10a8186f87d3ff20b0f8d9291061cc03f8413b6b3584f86cc0a205b084ff95698b0de9a41eb9715e3924aedb54cc84015dccff0fa03904a,06/13/2024 01:54:00 PM,M,38.0,HELMET NOT USED,NOT AT INTERSECTION,IN CROSSWALK,TEST NOT OFFERED,,30,CLEAR,DAYLIGHT,PEDALCYCLIST,PARKING LOT,STRAIGHT AND LEVEL,DRY,INJURY AND / OR TOW DUE TO CRASH,LARRABEE ST,41.9037696064,-87.6433689399,POINT (-87.643368939876 41.903769606378)
O1841470,BICYCLE,78c5b34f5be0edbb5b6f5c5a079bf7074f4bc7d06d79b097df84e26045cd321a1c734234a732759b56572bd2f77fa977d6c54f9bef0798cde457ea1f87cb7c8b,06/13/2024 01:45:00 PM,M,,HELMET NOT USED,OTHER ACTION,IN ROADWAY,TEST NOT OFFERED,,30,CLEAR,DAYLIGHT,PEDALCYCLIST,NOT DIVIDED,STRAIGHT AND LEVEL,DRY,NO INJURY / DRIVE AWAY,51ST ST,41.8012242446,-87.6634970713,POINT (-87.663497071271 41.801224244577)
O1841429,NON-MOTOR VEHICLE,6c71275d9c8435a04755027af387f653a30a0462c2962650fb59b229befed50cc91850bef238f0eca948ee8e55a507a2c2c5d77e6c6f5b5d9613d9f727b8d4b5,06/13/2024 12:06:00 PM,M,0.0,NONE PRESENT,WITH TRAFFIC,BIKE LANE,TEST NOT OFFERED,,30,CLEAR,DAYLIGHT,OTHER OBJECT,NOT DIVIDED,STRAIGHT AND LEVEL,DRY,NO INJURY / DRIVE AWAY,DIVISION ST,41.90338781,-87.6716674493,POINT (-87.671667449342 41.903387809963)
O1845070,BICYCLE,d41ae25243d99138acee8dec7dd10578b57296da91fe429c505cef6c4f42c23525670875382814fc87a5a409d805e7ae4c1cbfbf6d68d5fe185e271d6e749518,06/12/2024 09:30:00 PM,F,,HELMET NOT USED,CROSSING - NO CONTROLS (AT INTERSECTION),IN ROADWAY,TEST NOT OFFERED,,30,CLEAR,"DARKNESS, LIGHTED ROAD",PEDALCYCLIST,T-INTERSECTION,STRAIGHT AND LEVEL,DRY,INJURY AND / OR TOW DUE TO CRASH,RANDOLPH ST,41.8846463654,-87.6172484962,POINT (-87.617248496239 41.884646365435)
O1841150,BICYCLE,773e95c5cfc73fc4fe78f06f348b66932bd0949e81d08cc174707337435e1c1e20166c80f7e7cd2ee5ac01c32feff92a42b0956eac9684aff5d42520e7e1d115,06/12/2024 08:50:00 PM,M,16.0,HELMET NOT USED,OTHER ACTION,NOT IN ROADWAY,TEST NOT OFFERED,Y,15,CLEAR,"DARKNESS, LIGHTED ROAD",PEDALCYCLIST,ALLEY,STRAIGHT AND LEVEL,DRY,INJURY AND / OR TOW DUE TO CRASH,WESTERN AVE,41.9973593956,-87.6897236703,POINT (-87.689723670316 41.997359395642)
O1841114,NON-MOTOR VEHICLE,566ba437ee72a828311bd938bcd3ba6b88581acb9f83c94de94ec16bccc8a345117d69c88a5546ed3faff4af4e5ea83046fef008338ea272b1eb41418093a6db,06/12/2024 08:17:00 PM,M,0.0,NONE PRESENT,UNKNOWN/NA,BIKEWAY,TEST NOT OFFERED,,30,CLEAR,"DARKNESS, LIGHTED ROAD",OTHER OBJECT,DIVIDED - W/MEDIAN (NOT RAISED),STRAIGHT AND LEVEL,DRY,INJURY AND / OR TOW DUE TO CRASH,CENTRAL AVE,41.9204982721,-87.7660054337,POINT (-87.76600543366 41.920498272106)
O1841028,BICYCLE,3ecb5898327c8f49af10f1e2225a72fc9d719a79bce4ee078a987487fe841eb511d9353b9817268d60578ecc25aae019fa5a8abaae59a4e61c1708522c19fa14,06/12/2024 07:35:00 PM,M,36.0,HELMET NOT USED,OTHER ACTION,IN ROADWAY,TEST NOT OFFERED,,30,CLEAR,DAYLIGHT,PEDALCYCLIST,NOT DIVIDED,STRAIGHT AND LEVEL,DRY,NO INJURY / DRIVE AWAY,HUBBARD ST,41.8901930662,-87.6478422542,POINT (-87.647842254231 41.890193066227)
O1841037,BICYCLE,a9cf4414b7cab9e4d582d207b1b6ed50b75e8fc0f11780c0bb140b99faaae9a2fd96e2a5ba8a6cdbdd077be57b402616516137a457755349c66ea9c47207b32d,06/12/2024 06:36:00 PM,M,13.0,HELMET NOT USED,UNKNOWN/NA,IN CROSSWALK,TEST NOT OFFERED,,15,CLEAR,DAYLIGHT,ANGLE,NOT DIVIDED,STRAIGHT AND LEVEL,DRY,INJURY AND / OR TOW DUE TO CRASH,JONQUIL TER,42.0210697633,-87.6726917239,POINT (-87.672691723918 42.021069763335)