PERSON_ID,PERSON_TYPE,CRASH_RECORD_ID,CRASH_DATE_x,SEX,AGE,SAFETY_EQUIPMENT,PEDPEDAL_ACTION,PEDPEDAL_LOCATION,BAC_RESULT,CRASH_DATE_EST_I,POSTED_SPEED_LIMIT,WEATHER_CONDITION,LIGHTING_CONDITION,FIRST_CRASH_TYPE,TRAFFICWAY_TYPE,ALIGNMENT,ROADWAY_SURFACE_COND,CRASH_TYPE,STREET_NAME,LATITUDE,LONGITUDE,LOCATION
O1840935,BICYCLE,a1c675fcbbe7574a0218a469a312c023d114d0e3803b5515d55bba51c3b4863237264e0092682d475f8715f16c741e5ad1c68d67791521dfa0a1be542c43398b,06/12/2024 05:59:00 PM,M,25.0,HELMET NOT USED,OTHER ACTION,IN ROADWAY,TEST NOT OFFERED,,30,CLEAR,DAYLIGHT,SIDESWIPE SAME DIRECTION,NOT DIVIDED,STRAIGHT AND LEVEL,DRY,INJURY AND / OR TOW DUE TO CRASH,MICHIGAN AVE,41.8975266986,-87.6239875752,POINT (-87.623987575215 41.897526698563)
O1840916,BICYCLE,0df4e09740f13b761e70665710f0d2a7cd3d03b5019610719fe70189b5e1481c2af8754db093968b4630d15f563f77bcc02e8952c52dcfa886799dd4b2659bb9,06/12/2024 05:05:00 PM,F,45.0,BICYCLE HELMET (PEDACYCLIST INVOLVED ONLY),WITH TRAFFIC,BIKE LANE,TEST NOT OFFERED,,30,CLEAR,DAYLIGHT,PEDALCYCLIST,FOUR WAY,STRAIGHT AND LEVEL,DRY,NO INJURY / DRIVE AWAY,BROADWAY,41.976222293,-87.6597169478,POINT (-87.659716947789 41.976222293037)
O1840958,BICYCLE,71ca054bd4ace992194799c4da53d9bda43218e985067637e1fac64e718037d50ff62128711d3dff8af62bd6e8d39142e4f9cf1305a9f51e8487c3382383308a,06/12/2024 05:00:00 PM,M,16.0,HELMET NOT USED,CROSSING - NO CONTROLS (AT INTERSECTION),IN ROADWAY,TEST NOT OFFERED,,30,CLEAR,DAYLIGHT,PEDALCYCLIST,NOT DIVIDED,STRAIGHT AND LEVEL,DRY,INJURY AND / OR TOW DUE TO CRASH,PRAIRIE AVE,41.7035167553,-87.6174686422,POINT (-87.617468642241 41.703516755348)
O1840835,BICYCLE,49dc01f326da2737650a7a722452f2403ce15eafc16bd2598ec79b1a932914f6bf45a1cfefdababe8840dc2023bc2651fbcb47427679b0533b967d409b9008e0,06/12/2024 04:30:00 PM,M,31.0,BICYCLE HELMET (PEDACYCLIST INVOLVED ONLY),OTHER ACTION,BIKEWAY,,,30,CLEAR,DAYLIGHT,PEDALCYCLIST,DIVIDED - W/MEDIAN (NOT RAISED),STRAIGHT AND LEVEL,DRY,INJURY AND / OR TOW DUE TO CRASH,DR MARTIN LUTHER KING JR DR,41.8239832515,-87.6168538908,POINT (-87.616853890785 41.823983251515)
O1841714,BICYCLE,6f728ad12e9453bb04488fd7e9bacfb435a66120c2a7aff1173c2013dd76d329f5d75d064a8aa4101175eaaec1285e36892e40a3af153a60798f8e5ca2e37faa,06/12/2024 04:30:00 PM,M,,HELMET NOT USED,WITH TRAFFIC,IN ROADWAY,TEST NOT OFFERED,,30,CLEAR,DAYLIGHT,PEDALCYCLIST,NOT DIVIDED,STRAIGHT AND LEVEL,DRY,NO INJURY / DRIVE AWAY,COTTAGE GROVE AVE,41.8068346533,-87.6063608291,POINT (-87.606360829108 41.806834653287)
O1841142,NON-MOTOR VEHICLE,99aee5459fd4438aab46c0887c478522c7b5872775a532844b7a3fcdfc4d6a14a8007791739f975dd8dd8959903da8d589ef69620a23fbd64b033b5ce468a63c,06/12/2024 04:05:00 PM,M,22.0,NONE PRESENT,,,TEST NOT OFFERED,,30,CLEAR,DAYLIGHT,OTHER OBJECT,FOUR WAY,STRAIGHT AND LEVEL,DRY,INJURY AND / OR TOW DUE TO CRASH,WESTERN AVE,41.8830406044,-87.6863387456,POINT (-87.686338745603 41.883040604418)
O1840646,BICYCLE,2f2d4a4854733a6c630c3279499fc1720c3179fcf73cc946c2fa360625c8478b7555a102026cd27fa572be682d6cdd14037233c40815ad5a3b46c1b9ba009527,06/12/2024 12:45:00 PM,M,15.0,HELMET NOT USED,OTHER ACTION,IN ROADWAY,TEST NOT OFFERED,,30,CLEAR,DAYLIGHT,PEDALCYCLIST,NOT DIVIDED,STRAIGHT AND LEVEL,DRY,INJURY AND / OR TOW DUE TO CRASH,LAMON AVE,41.9313404295,-87.7489051219,POINT (-87.748905121901 41.931340429545)
O1840680,BICYCLE,8dff2558dbf472e4fe9f924603f0b1f605d1c032180d6c9d06dcf17d23419c9184952a45bf402c9406e0a6a192f7e16588aaf3d369f79026b9ca9139be9f0644,06/12/2024 12:15:00 PM,M,60.0,BICYCLE HELMET (PEDACYCLIST INVOLVED ONLY),UNKNOWN/NA,UNKNOWN/NA,TEST NOT OFFERED,,35,CLEAR,DAYLIGHT,PEDALCYCLIST,FOUR WAY,STRAIGHT AND LEVEL,DRY,INJURY AND / OR TOW DUE TO CRASH,LOWER MICHIGAN AVE,41.8893601445,-87.6241383295,POINT (-87.624138329491 41.889360144459)
O1840642,BICYCLE,784be9532ed70683f5ab094ed025586c9bf0858db05517e14e727ccd785dc61ce145ba6cd3b8631e0d69c06251dbb1640356e74d824b18bf57961cda17f8c1ff,06/12/2024 11:54:00 AM,M,28.0,HELMET NOT USED,AGAINST TRAFFIC,IN ROADWAY,TEST NOT OFFERED,,30,CLEAR,DAYLIGHT,PEDALCYCLIST,FOUR WAY,STRAIGHT AND LEVEL,DRY,INJURY AND / OR TOW DUE TO CRASH,WASHINGTON BLVD,41.8831315857,-87.6544604516,POINT (-87.654460451586 41.883131585729)
O1840653,BICYCLE,ddeb2553393bd084b01e34d9e6a9e73634c9bffa74df76ad190d6202016c17874298300bb8cdae7571baf94bcde1d58623107605a13c485fb296818f5d454b2d,06/12/2024 11:30:00 AM,M,22.0,HELMET NOT USED,NO ACTION,BIKEWAY,TEST NOT OFFERED,,30,CLEAR,DAYLIGHT,PEDALCYCLIST,NOT DIVIDED,STRAIGHT AND LEVEL,DRY,INJURY AND / OR TOW DUE TO CRASH,RIVERSIDE PLZ,41.8850894558,-87.6384055942,POINT (-87.638405594172 41.885089455769)
O1840575,BICYCLE,9013ae3204f4acb505e5fbac5fdbf2ecfb8655d1c7af58db3b613e61dc0f7654f117d9956889d9d8228ac578b9cd72a24dd0aa52bbe7c8d1d5ec1867396d3327,06/12/2024 11:23:00 AM,F,22.0,HELMET NOT USED,WITH TRAFFIC,IN ROADWAY,TEST NOT OFFERED,,25,CLEAR,DAYLIGHT,PEDALCYCLIST,NOT DIVIDED,STRAIGHT AND LEVEL,DRY,NO INJURY / DRIVE AWAY,SHEFFIELD AVE,41.9238138389,-87.6537026804,POINT (-87.653702680365 41.923813838904)
O1840567,NON-MOTOR VEHICLE,9021b5360cdcd61ffe9886109648c09682a8ffd429b8216a1e22c7f2e2de86ff2f8245e86d9c297bbfd22aa4bb3b7f6ddc477431e9241be1260b654e0db67682,06/12/2024 11:15:00 AM,M,20.0,NONE PRESENT,AGAINST TRAFFIC,IN ROADWAY,TEST NOT OFFERED,,30,CLEAR,DAYLIGHT,OTHER OBJECT,T-INTERSECTION,STRAIGHT AND LEVEL,DRY,NO INJURY / DRIVE AWAY,SOUTH CHICAGO AVE,41.7352238017,-87.56316645,POINT (-87.563166449952 41.735223801667)
O1840452,BICYCLE,9572e198cafbc619a6c53b0aabf094a158fc47a59e45adbda6c97e7ebf572b92eab507c291b65c8e64e97fb400d162945c08fbd013690b34c5aa953727b1edcd,06/12/2024 08:00:00 AM,M,50.0,HELMET NOT USED,CROSSING - AGAINST SIGNAL,IN CROSSWALK,TEST NOT OFFERED,,25,CLEAR,DAYLIGHT,PEDALCYCLIST,FOUR WAY,STRAIGHT AND LEVEL,DRY,INJURY AND / OR TOW DUE TO CRASH,MADISON ST,41.88205499,-87.6338999012,POINT (-87.633899901163 41.882054989975)
O1840469,BICYCLE,c2272da706e63e4b759357b1dcc9bb1a792749413486411208c4ed8c199abcc4c110ec77c43132eaa337b95375526d23c25af060d162b04195800acf0ac45d9c,06/12/2024 07:45:00 AM,M,31.0,BICYCLE HELMET (PEDACYCLIST INVOLVED ONLY),WITH TRAFFIC,IN ROADWAY,TEST NOT OFFERED,,20,CLEAR,DAYLIGHT,PEDALCYCLIST,FOUR WAY,STRAIGHT AND LEVEL,DRY,INJURY AND / OR TOW DUE TO CRASH,RACINE AVE,41.8615725733,-87.6563810961,POINT (-87.656381096117 41.861572573319)
O1841777,BICYCLE,40c921b5b0f016b278c97ff7cccfddeec24006e113694ade54cfac00839159a7e8aeddeec60b127ded1584c5a8d783b71f6403fcf80f030dda29c4a66d3108b5,06/12/2024 05:53:00 AM,M,55.0,BICYCLE HELMET (PEDACYCLIST INVOLVED ONLY),UNKNOWN/NA,UNKNOWN/NA,TEST NOT OFFERED,,30,CLEAR,DAWN,PEDALCYCLIST,FOUR WAY,STRAIGHT AND LEVEL,DRY,NO INJURY / DRIVE AWAY,ROCKWELL ST,41.9355370005,-87.692979209,POINT (-87.692979209023 41.93553700048)
O1840297,BICYCLE,b9ca88e308e772ed231bc8dabb54f292d6d23d0cae1e3e972643947b2525aa33f1043e59dea1fa6bd3e2d9d5469613e22df5bc2cb76168c102d03bafa8160f35,06/11/2024 08:40:00 PM,F,,BICYCLE HELMET (PEDACYCLIST INVOLVED ONLY),AGAINST TRAFFIC,IN CROSSWALK,TEST NOT OFFERED,,30,CLEAR,"DARKNESS, LIGHTED ROAD",PEDALCYCLIST,NOT DIVIDED,STRAIGHT AND LEVEL,DRY,NO INJURY / DRIVE AWAY,MICHIGAN AVE,41.8675023817,-87.6242752602,POINT (-87.624275260194 41.867502381675)
O1840296,BICYCLE,3c792a44bfcb7651f90d4c2909256975147a635b8d6e4c6f9c8dd2808d54acece0715ae125fc5b35c64a237853f06a7b46ac744212dc8c36edcc60214bc17d9f,06/11/2024 08:20:00 PM,M,50.0,BICYCLE HELMET (PEDACYCLIST INVOLVED ONLY),WITH TRAFFIC,IN ROADWAY,TEST NOT OFFERED,,30,CLEAR,DUSK,PEDALCYCLIST,DIVIDED - W/MEDIAN (NOT RAISED),STRAIGHT AND LEVEL,DRY,INJURY AND / OR TOW DUE TO CRASH,BROADWAY,41.9703041473,-87.6595582366,POINT (-87.659558236598 41.970304147326)
O1840233,BICYCLE,bbe7ce904f7e2a9334cfda97e4ee82fc15d20f50a06e7a42f808f40c2f8523c7d5e7d47f65ea6d1bda60ea7db03942752b0f5e3342a8efdd5adf4ddc7a524651,06/11/2024 07:00:00 PM,M,,HELMET NOT USED,UNKNOWN/NA,IN ROADWAY,TEST NOT OFFERED,,30,UNKNOWN,UNKNOWN,PEDALCYCLIST,UNKNOWN,STRAIGHT AND LEVEL,UNKNOWN,NO INJURY / DRIVE AWAY,LUNT AVE,42.0089665236,-87.6811479483,POINT (-87.681147948278 42.008966523642)
O1840262,BICYCLE,6053dba38824d5db899fd9e56ffd26cb1510708ac3776a241d9cdca59d5d64809785a7db94a0bf9532d0ab0c0c6fd901b4fe01fa35538ccdba4250d6c89cf57b,06/11/2024 06:56:00 PM,M,34.0,HELMET NOT USED,CROSSING - AGAINST SIGNAL,IN CROSSWALK,TEST NOT OFFERED,,30,CLOUDY/OVERCAST,DAYLIGHT,PEDALCYCLIST,T-INTERSECTION,STRAIGHT AND LEVEL,DRY,INJURY AND / OR TOW DUE TO CRASH,WESTERN AVE,41.9868999657,-87.6896992668,POINT (-87.689699266778 41.986899965669)
O1841397,BICYCLE,5d575549e5b9a7f5e6a264ee3f248b094a66faac4019bfcaba7b39b72ed7e04a42e71c0443e8443bc102e067c268b63926ccd04650a664a141f2f0a75341a9e2,06/11/2024 06:35:00 PM,M,31.0,BICYCLE HELMET (PEDACYCLIST INVOLVED ONLY),WITH TRAFFIC,IN ROADWAY,TEST NOT OFFERED,,30,RAIN,DAYLIGHT,PEDALCYCLIST,NOT DIVIDED,STRAIGHT AND LEVEL,WET,INJURY AND / OR TOW DUE TO CRASH,GREEN ST,41.8864735685,-87.648520547,POINT (-87.648520547036 41.886473568459)
O1840242,BICYCLE,c719dfdf0a0f8cf5c30a5f35b889381b5dc535f56a15d157fcb23596cc3c9cb3856d016049f9cc60fefc4fdd62f69a6b70aa8b0864cb4be88473e67c26c32f83,06/11/2024 06:35:00 PM,M,47.0,HELMET NOT USED,WITH TRAFFIC,BIKEWAY,TEST NOT OFFERED,,25,CLEAR,DAYLIGHT,PEDALCYCLIST,NOT DIVIDED,STRAIGHT AND LEVEL,DRY,INJURY AND / OR TOW DUE TO CRASH,KEDZIE AVE,41.9452574874,-87.7079335281,POINT (-87.70793352814 41.945257487446)
O1840178,BICYCLE,fdb4e881d61585914a3fbd3398a7534080f440c98a6b9d4631f87e9bc75eac4431ac002f609ff00ded628d79bf18ae141e714b8122bc9f52eac1fd37f0091a3c,06/11/2024 06:14:00 PM,M,29.0,HELMET NOT USED,NO ACTION,BIKE LANE,TEST NOT OFFERED,,30,CLEAR,DAYLIGHT,PEDALCYCLIST,NOT DIVIDED,STRAIGHT AND LEVEL,DRY,NO INJURY / DRIVE AWAY,DEARBORN ST,41.8900821736,-87.6294615288,POINT (-87.629461528774 41.890082173601)
O1840222,BICYCLE,f19c66e8bc48ff712c96779134c311a783b92c3ff68ff1d03c47ca611a1e63fd76c8fb7416754cbe289ac8ba561216201ded27c38c693d48c10d1acfccbbd916,06/11/2024 06:00:00 PM,M,,HELMET NOT USED,OTHER ACTION,IN ROADWAY,TEST NOT OFFERED,,30,CLEAR,DAYLIGHT,PEDALCYCLIST,DIVIDED - W/MEDIAN (NOT RAISED),STRAIGHT AND LEVEL,DRY,NO INJURY / DRIVE AWAY,BELMONT AVE,41.9389514548,-87.7457623083,POINT (-87.745762308299 41.93895145482)
O1840123,BICYCLE,40ae6db64a89da3fc038842f949b85e39687079bd77393c3ed4a62e0db84f75be670f67112a7b9cc279dc5a1dbaa1d96ddeebabe4f488c60f731a36ac9613ade,06/11/2024 05:20:00 PM,M,45.0,BICYCLE HELMET (PEDACYCLIST INVOLVED ONLY),CROSSING - WITH SIGNAL,BIKE LANE,TEST NOT OFFERED,,30,CLEAR,DAYLIGHT,PEDALCYCLIST,FOUR WAY,STRAIGHT AND LEVEL,DRY,INJURY AND / OR TOW DUE TO CRASH,BELMONT AVE,41.9399823889,-87.6566003102,POINT (-87.656600310231 41.939982388877)
O1840124,BICYCLE,58e8d863d9a94a8f1f4e1290994f32975a9297e80a66223643741601771b050cc077339919c2879cb45f3bb74212985d59e302bf5a316633a8798e55c5d7a83b,06/11/2024 03:54:00 PM,M,15.0,HELMET NOT USED,AGAINST TRAFFIC,IN ROADWAY,TEST NOT OFFERED,,30,CLEAR,DAYLIGHT,PEDALCYCLIST,ONE-WAY,STRAIGHT AND LEVEL,DRY,INJURY AND / OR TOW DUE TO CRASH,60TH PL,41.7831734836,-87.7178558431,POINT (-87.717855843139 41.783173483642)
O1840193,BICYCLE,07579e32ef7da6478adb2934f15ecaebe3e95a6956f4ce40baf15e750bd50cecdc4022b30ea99c81872a6fc66e6d3c9e0fe2848801a36b77fb4b0196da37ae3c,06/11/2024 03:30:00 PM,M,59.0,HELMET NOT USED,OTHER ACTION,IN ROADWAY,TEST NOT OFFERED,,30,CLEAR,DAYLIGHT,PEDALCYCLIST,RAMP,STRAIGHT ON HILLCREST,DRY,INJURY AND / OR TOW DUE TO CRASH,FRANKLIN ST,41.8759748401,-87.6352983478,POINT (-87.63529834782 41.875974840083)
O1840095,BICYCLE,22ed062eb9f19d72efd92f7b54cb77c27b74442facfaa570a8ea06f643d8e1745b9ea6aceadbcd3598aad840cfd33de287642f342f49c46ae679660c076e4aed,06/11/2024 02:53:00 PM,M,14.0,HELMET NOT USED,OTHER ACTION,IN ROADWAY,TEST NOT OFFERED,,30,CLEAR,DAYLIGHT,PEDALCYCLIST,FOUR WAY,STRAIGHT AND LEVEL,DRY,INJURY AND / OR TOW DUE TO CRASH,WABASH AVE,41.8819694028,-87.6260645537,POINT (-87.626064553735 41.881969402833)
O1839976,BICYCLE,e35bb53ca73941f8f5e9c49e7ae7632b81b16e877b247661c0656407dc3fa9d5f522ab87ce5cc4753b87ac81190abaa81da73ec5e0c1d7c50a230bed4fc44d10,06/11/2024 02:00:00 PM,M,33.0,HELMET NOT USED,WITH TRAFFIC,IN ROADWAY,TEST NOT OFFERED,,30,CLEAR,DAYLIGHT,PEDALCYCLIST,NOT DIVIDED,STRAIGHT AND LEVEL,DRY,INJURY AND / OR TOW DUE TO CRASH,PLYMOUTH CT,41.8775885297,-87.6288807304,POINT (-87.628880730441 41.877588529714)
O1839822,BICYCLE,dd369c536f00fb795e65d3729b181d5feb81f3f8b74d9e50f1fb94ea4571964b147ece3eaf9ef91340b8d33e9e56906a0604858ebe11d76c1a9df359e0149e47,06/11/2024 10:15:00 AM,F,24.0,BICYCLE HELMET (PEDACYCLIST INVOLVED ONLY),CROSSING - WITH SIGNAL,BIKEWAY,,,30,CLEAR,DAYLIGHT,PEDALCYCLIST,FOUR WAY,STRAIGHT AND LEVEL,DRY,INJURY AND / OR TOW DUE TO CRASH,RANDOLPH ST,41.8845826561,-87.6325080097,POINT (-87.632508009736 41.884582656121)
O1839687,BICYCLE,90fa6e736cd27d6721fe7ef5dcd3cda7cf7feddbd2771dbcbdac45e76fe9e5ba5d0dcbbb60960d506dba57f34e7f503a2fa1fe74be37b0ec007de49c2ca021ab,06/11/2024 07:08:00 AM,M,23.0,HELMET NOT USED,AGAINST TRAFFIC,IN ROADWAY,,,30,CLEAR,DAYLIGHT,PEDALCYCLIST,FOUR WAY,STRAIGHT AND LEVEL,DRY,INJURY AND / OR TOW DUE TO CRASH,LE MOYNE ST,41.907633467,-87.7510580925,POINT (-87.751058092529 41.907633467037)
O1839657,BICYCLE,876d146c897ecc67cb70dcbbaf72b9fc3e3367c4da2349aea6f6f056977ec1202f061deba7526fca66bc34384d1b942b28d039d0c977f90692958b8bc1aefeaf,06/11/2024 06:02:00 AM,M,64.0,HELMET NOT USED,NOT AT INTERSECTION,IN ROADWAY,TEST NOT OFFERED,,30,CLEAR,DAYLIGHT,PEDALCYCLIST,NOT DIVIDED,STRAIGHT AND LEVEL,DRY,INJURY AND / OR TOW DUE TO CRASH,MONTROSE AVE,41.9605654749,-87.7515174206,POINT (-87.751517420574 41.96056547493)
O1839664,BICYCLE,e6bc5c7e4485b7d4eb376aa8919010e19517e46431a131a672e6fa44f2569bd7432e67020f972864adf23ccd0e53ce9508009928a53019711262586e02860e00,06/11/2024 05:45:00 AM,M,38.0,HELMET NOT USED,WITH TRAFFIC,BIKE LANE,TEST NOT OFFERED,,30,CLEAR,DAYLIGHT,PEDALCYCLIST,NOT DIVIDED,STRAIGHT AND LEVEL,DRY,INJURY AND / OR TOW DUE TO CRASH,SCHOOL ST,41.9416041786,-87.6704903389,POINT (-87.670490338876 41.941604178566)
O1839564,BICYCLE,021123edce3d325d2b1f831eb46ce8356a6e5cd6badf18bc7678c2a4067acfe151044d1c1c47b549f0fadf4c4f17077e421fa368c281ba66dcf2b5b9ecd11ed1,06/10/2024 08:38:00 PM,F,14.0,HELMET NOT USED,ENTER FROM DRIVE/ALLEY,DRIVEWAY ACCESS,TEST NOT OFFERED,,20,CLEAR,DUSK,PEDALCYCLIST,ALLEY,STRAIGHT AND LEVEL,DRY,INJURY AND / OR TOW DUE TO CRASH,AVENUE O,41.6535711881,-87.5397370871,POINT (-87.539737087054 41.653571188113)
O1839366,BICYCLE,973569ad991e648fef9d3f586c8b7f7665b0a193251887f51ab6a0ecd6e14676e760eda394b76bd76d83e0a6d43b367997f8d6f945ba0d0d8f33fc2f134339a8,06/10/2024 03:55:00 PM,M,31.0,BICYCLE HELMET (PEDACYCLIST INVOLVED ONLY),AGAINST TRAFFIC,IN ROADWAY,TEST NOT OFFERED,,25,CLEAR,DAYLIGHT,PEDALCYCLIST,NOT DIVIDED,STRAIGHT AND LEVEL,DRY,INJURY AND / OR TOW DUE TO CRASH,18TH ST,41.857701805,-87.6271520942,POINT (-87.627152094212 41.857701804976)
O1839576,BICYCLE,a3984292ccb4f68bfa4c30650d311f5d52b4cfabc94952aa3956da308359678a91a1892faf7f8e28f9acb0f24ade85d83c4fb8659a7d8f2ef997456ae7e4dfd9,06/10/2024 02:30:00 PM,M,50.0,BICYCLE HELMET (PEDACYCLIST INVOLVED ONLY),WITH TRAFFIC,IN ROADWAY,TEST NOT OFFERED,,30,UNKNOWN,DAYLIGHT,PEDALCYCLIST,FOUR WAY,STRAIGHT AND LEVEL,UNKNOWN,NO INJURY / DRIVE AWAY,SHERIDAN RD,42.009218271,-87.6622514785,POINT (-87.662251478467 42.009218270952)
O1839368,BICYCLE,464a17046b5f01f844a8c346b4d28faf6aed83abd62dc5d28f45ad90b7af661fedb711d591ff66e203102db32c6174704171a10b0e8ccb015be871b51733c8dd,06/10/2024 01:55:00 PM,M,16.0,HELMET NOT USED,CROSSING - NO CONTROLS (NOT AT INTERSECTION),IN ROADWAY,TEST NOT OFFERED,,30,CLEAR,DAYLIGHT,PEDALCYCLIST,NOT DIVIDED,STRAIGHT AND LEVEL,DRY,INJURY AND / OR TOW DUE TO CRASH,MARQUETTE RD,41.771888132,-87.696260262,POINT (-87.696260262 41.771888131994)
O1847190,BICYCLE,af322edc37d5946ba13e4ebc961fad529805360820b5854955bc24560433bd598cedb4912975935fcebc6bf82360d6fcd5423f1b2793a6bb6b168ac95dcb45a2,06/09/2024 09:38:00 PM,M,,HELMET NOT USED,NO ACTION,IN ROADWAY,TEST NOT OFFERED,,0,CLEAR,"DARKNESS, LIGHTED ROAD",PEDALCYCLIST,ONE-WAY,STRAIGHT AND LEVEL,DRY,INJURY AND / OR TOW DUE TO CRASH,HIRSCH ST,41.9062371003,-87.719174352,POINT (-87.71917435203 41.906237100278)
O1838842,BICYCLE,0d59e9b220fdf738fe7ce0985fc50c82ec3df35cda36fb08678feceeadfc723f40ea2941ecc9bb46c2948568bccc46cdc8c9eb37ef030122561bc93fade5d9a5,06/09/2024 09:00:00 PM,M,14.0,BICYCLE HELMET (PEDACYCLIST INVOLVED ONLY),TURNING RIGHT,IN ROADWAY,TEST NOT OFFERED,,30,CLEAR,"DARKNESS, LIGHTED ROAD",PEDALCYCLIST,NOT DIVIDED,STRAIGHT AND LEVEL,DRY,INJURY AND / OR TOW DUE TO CRASH,AUGUSTA BLVD,41.8983862666,-87.7655829193,POINT (-87.765582919289 41.898386266552)
O1838799,BICYCLE,8459139c2d18848b0920d47ea69f48ee1e61bdaa3de3f4cc7d6ab0121385cf8bc768f9b1faa010c264f336210f3787e80e4b6cffd0004c6e990549b99f8e4552,06/09/2024 08:43:00 PM,M,22.0,HELMET NOT USED,WITH TRAFFIC,IN ROADWAY,TEST NOT OFFERED,,30,CLEAR,"DARKNESS, LIGHTED ROAD",PEDALCYCLIST,NOT DIVIDED,STRAIGHT AND LEVEL,DRY,INJURY AND / OR TOW DUE TO CRASH,KEDZIE AVE,41.8844067229,-87.7060739596,POINT (-87.706073959557 41.884406722899)
O1838774,BICYCLE,a5fbab722bf08b3e9f6cc779c6cde02c721d1ec29125eb2c20244b4e9d9b7db072dbaff77356b38a163d6913c24659e2d754c0011a7aebd6b920ac3695c84839,06/09/2024 07:33:00 PM,M,30.0,HELMET NOT USED,CROSSING - NO CONTROLS (NOT AT INTERSECTION),IN ROADWAY,TEST NOT OFFERED,,30,CLEAR,DAWN,PEDALCYCLIST,FOUR WAY,STRAIGHT AND LEVEL,DRY,INJURY AND / OR TOW DUE TO CRASH,STONY ISLAND AVE,41.7423299002,-87.5859156433,POINT (-87.585915643258 41.742329900235)
O1838680,BICYCLE,6d8047373b9206006cd2be8ec059ce882c42814076e4b05b79003660ec5a97ee6ad70a8288e60f4e6b4188cca27e50b1a9bff1325dc0a912f1e193e1ccba5369,06/09/2024 05:34:00 PM,M,31.0,HELMET NOT USED,WITH TRAFFIC,BIKE LANE,TEST NOT OFFERED,,30,CLEAR,DAYLIGHT,PEDALCYCLIST,NOT DIVIDED,STRAIGHT AND LEVEL,DRY,INJURY AND / OR TOW DUE TO CRASH,MILWAUKEE AVE,41.9065432487,-87.6716926295,POINT (-87.671692629546 41.906543248739)
O1838612,BICYCLE,a3bbcc5dc151697d72de7caa76c8283a15a5cf5ee4b2eec51866a3897b65cf4b236f42f4d0268c0be50ff9d413d481be4530159453869d30d497a618dc8d3644,06/09/2024 04:00:00 PM,M,33.0,HELMET NOT USED,WITH TRAFFIC,IN ROADWAY,TEST NOT OFFERED,Y,25,CLEAR,DAYLIGHT,PEDALCYCLIST,NOT DIVIDED,STRAIGHT AND LEVEL,DRY,NO INJURY / DRIVE AWAY,GRANVILLE AVE,41.994203449,-87.6897059799,POINT (-87.689705979921 41.994203448984)
O1838596,BICYCLE,ac139e8fed304178df9c731013c826b17e37cfaf0245f805169631e342eeef5b8c6881e191f57a7446cdb8a1307deb1a6d31c2077b953c6f2c0832ab4cc26a43,06/09/2024 03:24:00 PM,M,60.0,HELMET NOT USED,WITH TRAFFIC,BIKE LANE,TEST NOT OFFERED,,3,CLEAR,DAYLIGHT,PEDALCYCLIST,DIVIDED - W/MEDIAN (NOT RAISED),STRAIGHT AND LEVEL,DRY,INJURY AND / OR TOW DUE TO CRASH,CHICAGO AVE,41.8960499829,-87.6752667136,POINT (-87.675266713553 41.896049982931)
O1839321,BICYCLE,a345b33d1b79a0180c1d83ce96d30231f9315b1c08af684ac7014431f0165f116c4d8a63fa007f320f1dbaf4d6d957ca0c7aedba169529d427838bc982ff4df4,06/09/2024 02:00:00 PM,M,31.0,HELMET NOT USED,WITH TRAFFIC,IN ROADWAY,TEST NOT OFFERED,,30,CLEAR,DAYLIGHT,PEDALCYCLIST,NOT DIVIDED,STRAIGHT AND LEVEL,DRY,INJURY AND / OR TOW DUE TO CRASH,KENMORE AVE,41.9764681171,-87.6562719005,POINT (-87.656271900531 41.976468117125)
O1838502,BICYCLE,7de4e9731601dcdf7dd99efdcaeae5c75c79282574ccd035c58544613123558f2471c2343b1777610ec4561651f3cc4dc75cc55017c4fda5443517fe5d3d9450,06/09/2024 01:30:00 PM,M,58.0,BICYCLE HELMET (PEDACYCLIST INVOLVED ONLY),NO ACTION,IN ROADWAY,TEST NOT OFFERED,,35,CLEAR,DAYLIGHT,PEDALCYCLIST,NOT DIVIDED,STRAIGHT AND LEVEL,DRY,INJURY AND / OR TOW DUE TO CRASH,DIVISION ST,41.9039701266,-87.6339917767,POINT (-87.633991776674 41.903970126635)
O1838500,BICYCLE,d8601a490f1d7b92f4cf0214537a0f128592de319368e54fa7907a52f996fe7183b5c676bf4e16c83000b59a4ab7fcaf40b56f6613f41ea532ca74f6b177f35e,06/09/2024 01:24:00 PM,M,22.0,HELMET NOT USED,WITH TRAFFIC,BIKE LANE,TEST NOT OFFERED,,30,CLEAR,DAYLIGHT,PEDALCYCLIST,DIVIDED - W/MEDIAN (NOT RAISED),STRAIGHT AND LEVEL,DRY,INJURY AND / OR TOW DUE TO CRASH,LINCOLN AVE,41.9431683638,-87.671262961,POINT (-87.671262961002 41.943168363825)
O1840210,BICYCLE,befa1f667e9f7133810fc65958a50cfb7ad9ce28f5071626f1b6090149d34e798683cdc783501357fd2de2cff8a36d05afdea9d77902473693c319fcbaddc254,06/09/2024 01:20:00 PM,M,22.0,HELMET NOT USED,WITH TRAFFIC,BIKE LANE,TEST NOT OFFERED,Y,30,CLEAR,DAYLIGHT,PEDALCYCLIST,ONE-WAY,STRAIGHT AND LEVEL,UNKNOWN,INJURY AND / OR TOW DUE TO CRASH,DEARBORN ST,41.8916012848,-87.6297967052,POINT (-87.629796705231 41.891601284754)