PERSON_ID,PERSON_TYPE,CRASH_RECORD_ID,CRASH_DATE_x,SEX,AGE,SAFETY_EQUIPMENT,PEDPEDAL_ACTION,PEDPEDAL_LOCATION,BAC_RESULT,CRASH_DATE_EST_I,POSTED_SPEED_LIMIT,WEATHER_CONDITION,LIGHTING_CONDITION,FIRST_CRASH_TYPE,TRAFFICWAY_TYPE,ALIGNMENT,ROADWAY_SURFACE_COND,CRASH_TYPE,STREET_NAME,LATITUDE,LONGITUDE,LOCATION
O1838512,BICYCLE,695384ff06127e5accdcebd4f33dc6415c4901573e6ad7ad30a28c8533083d70b29db862bf7205766f5e10e44d94383ea3c6fb3a43ce2035ed526e73fc12aa9d,06/09/2024 12:24:00 PM,M,14.0,HELMET NOT USED,CROSSING - AGAINST SIGNAL,IN CROSSWALK,TEST NOT OFFERED,,30,CLEAR,DAYLIGHT,PEDALCYCLIST,FOUR WAY,STRAIGHT AND LEVEL,DRY,INJURY AND / OR TOW DUE TO CRASH,AVONDALE AVE,41.9507829096,-87.7275626133,POINT (-87.727562613328 41.950782909601)
O1839932,BICYCLE,b257037fd3d932e08f170f7625e041e3c8712bc968b4ed39cc686e67f162668913a02c2b4841cf9943cdda2efce177f3e15fb883e47b6f0e3d7ffd2aabc2550b,06/09/2024 12:00:00 PM,M,27.0,HELMET NOT USED,NO ACTION,IN ROADWAY,TEST NOT OFFERED,,15,CLEAR,DAYLIGHT,PEDALCYCLIST,NOT DIVIDED,STRAIGHT AND LEVEL,UNKNOWN,NO INJURY / DRIVE AWAY,SIMONDS DR,41.9687397421,-87.6449847102,POINT (-87.644984710199 41.968739742145)
O1838418,BICYCLE,11fdd1fc04a0efd1e6f24be751f04d590308723ac6f34d4204cd2a313c0ce3630574aaa1478aebe727fefeaf7d99903b08cfbae43869bcbe4dd2b221c0d49d30,06/09/2024 09:54:00 AM,M,39.0,HELMET NOT USED,AGAINST TRAFFIC,IN ROADWAY,TEST NOT OFFERED,,30,CLEAR,DAYLIGHT,PEDALCYCLIST,DIVIDED - W/MEDIAN (NOT RAISED),STRAIGHT AND LEVEL,DRY,INJURY AND / OR TOW DUE TO CRASH,ELSTON AVE,41.9400043548,-87.698994672,POINT (-87.698994672025 41.940004354838)
O1838269,BICYCLE,a04f273a515bb3b235ef1bb88c3e3ab1027c6020ae525712a2941a2b8730fa67ab575bf11a4a9295ab8d8f86bd143024195767893fefe04dd9f283f6dc32ee8b,06/09/2024 04:57:00 AM,M,37.0,HELMET NOT USED,NOT AT INTERSECTION,IN ROADWAY,TEST NOT OFFERED,,30,CLEAR,DAYLIGHT,PEDALCYCLIST,DIVIDED - W/MEDIAN (NOT RAISED),STRAIGHT AND LEVEL,DRY,INJURY AND / OR TOW DUE TO CRASH,WABASH AVE,41.8677514672,-87.6259795303,POINT (-87.625979530259 41.867751467227)
O1837999,BICYCLE,a7b453376b6b2c97406cbe9ed67bd8388379054cebe055f5fd41ebf923db0cd31d9fe534a19b4cbf778b9bf46999bf6405deed606ff0fd660a5a5843f02c235c,06/08/2024 05:39:00 PM,M,14.0,HELMET NOT USED,NO ACTION,IN CROSSWALK,TEST NOT OFFERED,Y,30,RAIN,DAYLIGHT,PEDALCYCLIST,T-INTERSECTION,STRAIGHT AND LEVEL,WET,INJURY AND / OR TOW DUE TO CRASH,KEYSTONE AVE,41.9097784391,-87.7275950455,POINT (-87.727595045524 41.909778439055)
O1837885,BICYCLE,21a84c0dfdafcbf3c979709cc2c481d628c4b0cbb0a86580b3b3e5972b93d28e95df298ca69a9bbcacd137a440d989e7bf51c118abeb49ab00b25e0c03abf5fa,06/08/2024 04:40:00 PM,M,43.0,HELMET NOT USED,WITH TRAFFIC,IN ROADWAY,TEST NOT OFFERED,,30,RAIN,DAYLIGHT,PEDALCYCLIST,NOT DIVIDED,STRAIGHT AND LEVEL,WET,INJURY AND / OR TOW DUE TO CRASH,WABASH AVE,41.8945651094,-87.6269453642,POINT (-87.626945364223 41.894565109384)
O1837915,BICYCLE,806c3c37c668036c02462bf0683f6207914b074271f4b1dc062a640b82d3629d4ff7bb25b6d113317b62c39aadc4ea53a5c7fa4cafe1a47939b78a763d1dd5ed,06/08/2024 04:30:00 PM,M,47.0,BICYCLE HELMET (PEDACYCLIST INVOLVED ONLY),WITH TRAFFIC,IN ROADWAY,TEST NOT OFFERED,,25,RAIN,DAYLIGHT,PEDALCYCLIST,NOT DIVIDED,STRAIGHT AND LEVEL,WET,INJURY AND / OR TOW DUE TO CRASH,LAKE ST,41.8855557276,-87.6474169974,POINT (-87.64741699739 41.885555727635)
O1839579,BICYCLE,3a21ee7625340e21bb09cad42d5bbf375ad965fd995fde73bd7d4744c0807bc61e26d77f3292c6477ecd33cabbf4dee274b526878f8a93103a98a5e86e6e4f5c,06/08/2024 03:30:00 PM,X,,HELMET NOT USED,CROSSING - AGAINST SIGNAL,IN ROADWAY,TEST NOT OFFERED,,30,UNKNOWN,DAYLIGHT,PEDALCYCLIST,NOT DIVIDED,STRAIGHT AND LEVEL,UNKNOWN,NO INJURY / DRIVE AWAY,HALSTED ST,41.8857608381,-87.6476240152,POINT (-87.647624015228 41.885760838145)
O1837866,BICYCLE,4e670741675d97c26e4bd63a4025cfebbf7266034f26cbd3f7d8eb08aef1b32d9eacbf983af4f70fd71b6c2493cf690ba6dc6244450471274fac5ac6ede7d107,06/08/2024 02:12:00 PM,,,HELMET NOT USED,CROSSING - CONTROLS PRESENT (NOT AT INTERSECTION),UNKNOWN/NA,TEST NOT OFFERED,,30,CLEAR,DAYLIGHT,PEDALCYCLIST,FOUR WAY,STRAIGHT AND LEVEL,DRY,INJURY AND / OR TOW DUE TO CRASH,HALSTED ST,41.890077898,-87.6477560898,POINT (-87.647756089786 41.89007789797)
O1837859,BICYCLE,18f284d55ecf729deb676cfb8535c314a686dece1ba87e97c671b30b491412e320b51d3b4727fbe2b9f0bda5108b075410b4f9ff7b7a1f5c6c83772b6d2ff27f,06/07/2024 11:25:00 PM,M,18.0,HELMET NOT USED,WITH TRAFFIC,IN ROADWAY,TEST NOT OFFERED,,30,CLEAR,"DARKNESS, LIGHTED ROAD",PEDALCYCLIST,NOT DIVIDED,STRAIGHT AND LEVEL,DRY,INJURY AND / OR TOW DUE TO CRASH,DIVISION ST,41.9022410464,-87.7460979609,POINT (-87.746097960898 41.902241046446)
O1837406,BICYCLE,2ae45956ac5b4a1bec6077dcd1cbe06a2f5f4afa25f1262086a1cbd23d7f08df172e372e426eee87d2bb46b811733cf972d8fc00c1ee72614df1186f4db6c1d9,06/07/2024 11:25:00 PM,M,25.0,BICYCLE HELMET (PEDACYCLIST INVOLVED ONLY),WITH TRAFFIC,BIKE LANE,TEST NOT OFFERED,,25,CLEAR,"DARKNESS, LIGHTED ROAD",PEDALCYCLIST,DIVIDED - W/MEDIAN (NOT RAISED),STRAIGHT AND LEVEL,DRY,INJURY AND / OR TOW DUE TO CRASH,CLARK ST,41.928398449,-87.6423131377,POINT (-87.64231313772 41.928398449006)
O1837396,NON-MOTOR VEHICLE,0175f71e33f81a3e986af61be0b4f260a8dfb4c190795389a446921a402c16a9a2bc077ef7ce7a0f30cfdc1f7ef80827b3c8f2b84e15a2df812434d70586a332,06/07/2024 09:40:00 PM,M,12.0,NONE PRESENT,CROSSING - AGAINST SIGNAL,SHOULDER,TEST NOT OFFERED,,30,CLEAR,"DARKNESS, LIGHTED ROAD",OTHER OBJECT,FOUR WAY,STRAIGHT AND LEVEL,DRY,INJURY AND / OR TOW DUE TO CRASH,CICERO AVE,41.8913336778,-87.7458246236,POINT (-87.745824623587 41.891333677838)
O1837344,BICYCLE,9b26f582274865fc7ae2f5d20a0c5636133f5348a057602ce8c39b4fc73e9e2af877200a9291b5137aa507d355e3938714f6ca7c6945a48106f8af56d096c51b,06/07/2024 08:56:00 PM,M,15.0,HELMET NOT USED,WITH TRAFFIC,IN ROADWAY,TEST NOT OFFERED,,30,CLEAR,"DARKNESS, LIGHTED ROAD",PEDALCYCLIST,FOUR WAY,STRAIGHT AND LEVEL,DRY,INJURY AND / OR TOW DUE TO CRASH,CUMBERLAND AVE,41.9516782208,-87.8365122416,POINT (-87.836512241578 41.951678220831)
O1837319,NON-MOTOR VEHICLE,219a729e0addb0bf63f7b9dfeb79daaba8d405f5724480033e9cf801a7107b168e531916c280474b41689fb015245c183f47f6b6b09e39c1962e91a9d59a09c1,06/07/2024 06:35:00 PM,M,35.0,NONE PRESENT,NO ACTION,IN ROADWAY,TEST NOT OFFERED,,25,CLEAR,DAYLIGHT,FIXED OBJECT,FOUR WAY,STRAIGHT AND LEVEL,DRY,INJURY AND / OR TOW DUE TO CRASH,NORTH AVE,41.9112712167,-87.6346329603,POINT (-87.634632960302 41.911271216682)
O1837060,BICYCLE,520a15ab70d0ba7cfd331c649302f1610f8e79c91c5a17e048c93ffd48fe8d9460eb1f680ba5a086e56a441bdcf5b795743c73e12ca5017ba9ea474bb12ec54f,06/07/2024 03:50:00 PM,F,,HELMET NOT USED,CROSSING - AGAINST SIGNAL,IN ROADWAY,TEST NOT OFFERED,,30,CLEAR,DAYLIGHT,PEDALCYCLIST,NOT DIVIDED,STRAIGHT AND LEVEL,DRY,NO INJURY / DRIVE AWAY,MORGAN ST,41.8670011433,-87.6511897831,POINT (-87.65118978311 41.867001143327)
O1836816,BICYCLE,85878053f0a85b6d7577414b9f1e7b427cc32cf6d703a58a58a2ab94770b42e7a5002f8596fbe3e4a569f13f7f88455f7fc306070b9ce3fa62763a2f2bfe5ea5,06/07/2024 11:10:00 AM,M,0.0,HELMET NOT USED,OTHER ACTION,IN ROADWAY,TEST NOT OFFERED,,30,CLEAR,DAYLIGHT,PEDALCYCLIST,FOUR WAY,STRAIGHT AND LEVEL,DRY,INJURY AND / OR TOW DUE TO CRASH,65TH ST,41.7752350114,-87.7154408805,POINT (-87.715440880464 41.77523501141)
O1836764,BICYCLE,434fef07d1d3d28a79a448b82332680e5ceffa33ad967965da00e0e7134272b88756011d89dcb48aa5a4c899aec668697c2164da49e3fc061e33faf86c0f79ea,06/07/2024 09:54:00 AM,M,16.0,HELMET NOT USED,OTHER ACTION,IN ROADWAY,TEST NOT OFFERED,Y,30,CLEAR,DAYLIGHT,PEDALCYCLIST,ONE-WAY,STRAIGHT AND LEVEL,DRY,INJURY AND / OR TOW DUE TO CRASH,RICHMOND ST,41.9952937985,-87.7033494045,POINT (-87.703349404463 41.995293798469)
O1836737,BICYCLE,66839cc23fe10739a5d8bb3b023e2a1c3d3dd727591515971a71313cf2d51c46a3049258ae0cb32d69e8f45839e5ab17395c42959badc36e9e62f958f8710e93,06/07/2024 07:50:00 AM,M,44.0,BICYCLE HELMET (PEDACYCLIST INVOLVED ONLY),WITH TRAFFIC,BIKE LANE,TEST NOT OFFERED,,30,CLEAR,DAYLIGHT,PEDALCYCLIST,NOT DIVIDED,STRAIGHT AND LEVEL,DRY,INJURY AND / OR TOW DUE TO CRASH,LAWRENCE AVE,41.9686031842,-87.7037439548,POINT (-87.703743954792 41.968603184205)
O1836676,BICYCLE,5eb0d2002d5e4b118f4d08726f3896fdda94192f38a5c2f52654636b1fb93894e137af1871be363f335c1586ca37450a36eab6ba42697f799c923590385449bc,06/07/2024 05:45:00 AM,M,51.0,BICYCLE HELMET (PEDACYCLIST INVOLVED ONLY),OTHER ACTION,IN CROSSWALK,TEST NOT OFFERED,,30,CLEAR,DAWN,PEDALCYCLIST,FOUR WAY,STRAIGHT AND LEVEL,DRY,INJURY AND / OR TOW DUE TO CRASH,KOMENSKY AVE,41.8040998398,-87.7248445863,POINT (-87.724844586328 41.804099839848)
O1836582,BICYCLE,18194cc958c5a7add927971d83bcdc0a6d8bf0dcf578b6d362a1fb585819e963e2f6f7b27678ac7f9329f554a8168529b8f0c836e3b4ec382fe5f283fe97676d,06/06/2024 09:47:00 PM,M,36.0,HELMET NOT USED,CROSSING - WITH SIGNAL,BIKE LANE,TEST REFUSED,,30,CLEAR,"DARKNESS, LIGHTED ROAD",PEDALCYCLIST,FOUR WAY,STRAIGHT AND LEVEL,DRY,INJURY AND / OR TOW DUE TO CRASH,CANAL ST,41.8576870143,-87.6387896262,POINT (-87.638789626171 41.85768701433)
O1836564,BICYCLE,20697f3fcc9c0cb0fb4608fe2bde3e45a6419ab90b0e62b18875487ec47586847d6e27b1dabe05bc52a30272173c3065bee34c7251fb9aba31f81516b4a198c8,06/06/2024 08:01:00 PM,M,13.0,HELMET NOT USED,OTHER ACTION,IN ROADWAY,TEST NOT OFFERED,,30,CLEAR,DAYLIGHT,PEDALCYCLIST,FOUR WAY,STRAIGHT AND LEVEL,DRY,INJURY AND / OR TOW DUE TO CRASH,HALSTED ST,41.7070107353,-87.6426904656,POINT (-87.642690465632 41.707010735306)
O1836438,BICYCLE,4eed534abf610fc4eaff022d5c1072fff27b6a38437662237d39bf25eb1cb0ce165b6d0cd4e8b4a0c90ffbcec9fbac63d04ef30ef500e6178ddd68266cfead4f,06/06/2024 05:25:00 PM,M,48.0,BICYCLE HELMET (PEDACYCLIST INVOLVED ONLY),WITH TRAFFIC,IN ROADWAY,TEST NOT OFFERED,,25,CLEAR,DAYLIGHT,PEDALCYCLIST,NOT DIVIDED,STRAIGHT AND LEVEL,DRY,INJURY AND / OR TOW DUE TO CRASH,MONTROSE AVE,41.9612775024,-87.7099575143,POINT (-87.709957514279 41.961277502362)
O1836284,BICYCLE,3f7ff119fa01d22f54de49e87b686d978d0164ac8fdc6824add446d9f62f3e42b973a03d609c419d10ed64e345d5eb5a143d76843cb6c29be7bd4e18a3d1dff7,06/06/2024 02:35:00 PM,M,15.0,HELMET NOT USED,CROSSING - AGAINST SIGNAL,IN ROADWAY,TEST NOT OFFERED,,30,CLEAR,DAYLIGHT,PEDALCYCLIST,DIVIDED - W/MEDIAN (NOT RAISED),STRAIGHT AND LEVEL,DRY,INJURY AND / OR TOW DUE TO CRASH,CALIFORNIA AVE,41.9175195384,-87.6973485388,POINT (-87.697348538849 41.917519538447)
O1836188,BICYCLE,91be61f585b83c9a2e6cee37ec5506d62ebc2f0b3994e68c2c98ebe258320feed0873c5da62d06fd6732d078ec74e5e5f544390fc8b6e7a87c992f9030133997,06/06/2024 02:16:00 PM,F,67.0,BICYCLE HELMET (PEDACYCLIST INVOLVED ONLY),WITH TRAFFIC,BIKE LANE,TEST NOT OFFERED,,30,CLEAR,DAYLIGHT,PEDALCYCLIST,NOT DIVIDED,STRAIGHT AND LEVEL,DRY,INJURY AND / OR TOW DUE TO CRASH,ELSTON AVE,41.9560695643,-87.7228356871,POINT (-87.722835687141 41.956069564265)
O1836142,NON-MOTOR VEHICLE,dedfe3ea2d7040da2db527c0d363b4cf0ba557955918a8378d3f7decb7c9d07a47cf3fc8ceab1c7fbb7e567d3830c4c19ebc019c1f55fd2390ed8f269305c8c8,06/06/2024 02:00:00 PM,M,15.0,USAGE UNKNOWN,,IN CROSSWALK,TEST NOT OFFERED,Y,30,CLEAR,DAYLIGHT,OTHER OBJECT,CENTER TURN LANE,STRAIGHT AND LEVEL,DRY,NO INJURY / DRIVE AWAY,WESTERN AVE,41.9376794722,-87.6882877379,POINT (-87.68828773786 41.937679472214)
O1836117,BICYCLE,4201e669be8ff115663dbea47d2ed469c2ade4d832a86765cb4b947d1d3a9dca665d5fc9c23deac403cd2e8d356cf3ee023e2e1126d528c63f5e9af4f862fa86,06/06/2024 12:59:00 PM,F,29.0,HELMET NOT USED,WITH TRAFFIC,BIKE LANE,TEST NOT OFFERED,,30,CLEAR,DAYLIGHT,PEDALCYCLIST,NOT DIVIDED,STRAIGHT AND LEVEL,DRY,INJURY AND / OR TOW DUE TO CRASH,HALSTED ST,41.9200821908,-87.6487247147,POINT (-87.648724714739 41.920082190792)
O1836136,BICYCLE,2008f0056bea3d53713fc5ea8c4436b07cc5a4b2366023ffa6b4a0744a3bab2c21e7dcb0e3fd9dda66f197aafefc1e7b2364ae22abbcc9dd794a5e61f5fc008e,06/06/2024 12:55:00 PM,M,29.0,BICYCLE HELMET (PEDACYCLIST INVOLVED ONLY),WITH TRAFFIC,IN ROADWAY,TEST NOT OFFERED,,30,CLEAR,DAYLIGHT,PEDALCYCLIST,NOT DIVIDED,STRAIGHT AND LEVEL,DRY,INJURY AND / OR TOW DUE TO CRASH,ARCHER AVE,41.8505848356,-87.6397857158,POINT (-87.639785715756 41.850584835562)
O1836100,BICYCLE,c2f5fce430ae42297e417e130ed5b194070544940902408a5ebb56d768d10ea69e821783624c79b5354d96b730250f979fc897a49f1adf69171e7cb128abd874,06/06/2024 12:45:00 PM,M,22.0,HELMET NOT USED,UNKNOWN/NA,IN ROADWAY,TEST NOT OFFERED,,30,CLEAR,DAYLIGHT,PEDALCYCLIST,NOT DIVIDED,STRAIGHT AND LEVEL,DRY,INJURY AND / OR TOW DUE TO CRASH,53RD ST,41.799644393,-87.5898891363,POINT (-87.589889136334 41.799644393032)
O1836122,BICYCLE,f37fb7c70ff50bf9093ca87acb3cfa627722b304505a7621ad2b713487a4173d1291eed75b8adcf8aaf79bda0bd97d1a9b2b3c26d27692d6e5c135c7db2bcf8b,06/06/2024 12:20:00 PM,M,,BICYCLE HELMET (PEDACYCLIST INVOLVED ONLY),WITH TRAFFIC,IN ROADWAY,TEST NOT OFFERED,,30,CLEAR,DAYLIGHT,PEDALCYCLIST,NOT DIVIDED,STRAIGHT AND LEVEL,DRY,NO INJURY / DRIVE AWAY,LA SALLE ST,41.8837645981,-87.6322753535,POINT (-87.632275353537 41.883764598103)
O1835988,BICYCLE,d8462e25c548dce935e22d5a88258b2699388107c23efe09e5becdf23a612e827418746b3f292fa03e9d05b846d5c1a62c259ac5556ad4211a6b0c1837924e54,06/06/2024 10:30:00 AM,M,,HELMET NOT USED,CROSSING - NO CONTROLS (NOT AT INTERSECTION),UNKNOWN/NA,TEST NOT OFFERED,,30,CLEAR,DAYLIGHT,PEDALCYCLIST,OTHER,STRAIGHT AND LEVEL,DRY,NO INJURY / DRIVE AWAY,AUSTIN BLVD,41.8803075666,-87.7745167664,POINT (-87.774516766407 41.880307566565)
O1835946,BICYCLE,62df30775af64898c1e5532a414f93a02d0d6db00c0a568ab7bd7a774541db6b644bdc666b942264c889c18b9ad057b0b3232b856b6b9904e932787d3f94c2ad,06/06/2024 08:45:00 AM,F,,HELMET NOT USED,CROSSING - NO CONTROLS (AT INTERSECTION),IN CROSSWALK,TEST NOT OFFERED,,30,CLEAR,DAYLIGHT,PEDALCYCLIST,NOT DIVIDED,STRAIGHT AND LEVEL,DRY,NO INJURY / DRIVE AWAY,HYDE PARK BLVD,41.8024498092,-87.5853552861,POINT (-87.585355286102 41.80244980916)
O1835902,BICYCLE,b9fbfe764a2fc1375ff9c0545a0905eee26646bb7a4f7394dda8b81404a71e92d612e52081f1b93f68d6b7889c1bc295c613d3b65d21f4892e1dea0ecde65f02,06/06/2024 08:36:00 AM,M,25.0,HELMET NOT USED,NOT AT INTERSECTION,IN CROSSWALK,,Y,30,CLEAR,DAYLIGHT,PEDALCYCLIST,DIVIDED - W/MEDIAN (NOT RAISED),STRAIGHT AND LEVEL,DRY,INJURY AND / OR TOW DUE TO CRASH,CHICAGO AVE,41.8952926255,-87.7360706113,POINT (-87.736070611267 41.895292625513)
O1837743,BICYCLE,f1ce535f1e84a2310f9eb62a3fd4d05dc0d186e76d82c95b330404f67bece0c5ea20b5a1ee2d8b88779b9d7db8baf1d0a161888f3fdf2867235370e1a78915c9,06/06/2024 07:30:00 AM,F,36.0,HELMET NOT USED,UNKNOWN/NA,IN ROADWAY,TEST NOT OFFERED,,30,UNKNOWN,UNKNOWN,PEDALCYCLIST,ONE-WAY,STRAIGHT AND LEVEL,UNKNOWN,NO INJURY / DRIVE AWAY,ONTARIO ST,41.8935719004,-87.6158757894,POINT (-87.615875789408 41.893571900408)
O1835766,BICYCLE,2aa8b71e31acc034e1ac7c8ad80c6133e6e6d9a8e47278e969cc8af0e95926c5a4ad45cb9a1a54951c056390aed7fc1c78096ec3a0d460a5c4a7b49f42f918e1,06/05/2024 09:11:00 PM,F,24.0,HELMET NOT USED,WITH TRAFFIC,IN ROADWAY,TEST NOT OFFERED,,30,CLEAR,"DARKNESS, LIGHTED ROAD",PEDALCYCLIST,NOT DIVIDED,STRAIGHT AND LEVEL,DRY,INJURY AND / OR TOW DUE TO CRASH,LEHIGH AVE,42.0069185797,-87.7708971919,POINT (-87.77089719187 42.006918579669)
O1835740,BICYCLE,468b4cac9bb4059c5156641b9e138ed6dd523e478787b45b9530b911b2bcaabbc93a227f6320a76b94545872924ca887e239c01e8ad5176805ffb7b7b821f7ca,06/05/2024 08:40:00 PM,M,19.0,HELMET NOT USED,WITH TRAFFIC,IN ROADWAY,TEST NOT OFFERED,,35,CLEAR,DAYLIGHT,PEDALCYCLIST,NOT DIVIDED,STRAIGHT AND LEVEL,DRY,INJURY AND / OR TOW DUE TO CRASH,ARCHER AVE,41.8511978333,-87.6385403033,POINT (-87.638540303313 41.851197833308)
O1835682,BICYCLE,d2b64cd673076a2d836598e1cd92acce4afb285cd4076e488d86cb0494b88a93651235ed83560022448cb3badb47c390d51b8c82c8b9084bcf189ccb4ab10845,06/05/2024 07:00:00 PM,M,,BICYCLE HELMET (PEDACYCLIST INVOLVED ONLY),WITH TRAFFIC,BIKEWAY,TEST NOT OFFERED,,30,CLEAR,DAYLIGHT,PEDALCYCLIST,NOT DIVIDED,STRAIGHT AND LEVEL,DRY,INJURY AND / OR TOW DUE TO CRASH,MILWAUKEE AVE,41.9098798194,-87.6769137979,POINT (-87.676913797931 41.909879819378)
O1835661,BICYCLE,1cdc5b49c8d83ea632db5fce0501c933084a2918262efd90ee26e715278be633d3e979837e58118b15a047b75cb96c46c6e4e22f06e98858b0214803980fc375,06/05/2024 06:54:00 PM,F,17.0,HELMET NOT USED,CROSSING - WITH SIGNAL,IN CROSSWALK,TEST NOT OFFERED,,30,CLEAR,DAYLIGHT,PEDALCYCLIST,FOUR WAY,STRAIGHT AND LEVEL,DRY,INJURY AND / OR TOW DUE TO CRASH,VINCENNES AVE,41.7360065646,-87.645341819,POINT (-87.64534181898 41.736006564585)
O1835692,BICYCLE,99cad1264b4a63a85e69f21e514dcb33b5573b5cbe857db40dea8c26ae32f8e4186bb681e41803d4006dac750c7cd985d0eeb03e20f0de3e759e9c156c59d55c,06/05/2024 06:34:00 PM,M,38.0,HELMET NOT USED,OTHER ACTION,IN ROADWAY,TEST NOT OFFERED,,30,CLEAR,DAYLIGHT,PEDALCYCLIST,NOT DIVIDED,STRAIGHT AND LEVEL,DRY,INJURY AND / OR TOW DUE TO CRASH,CLYBOURN AVE,41.9310210058,-87.6768640181,POINT (-87.676864018134 41.931021005798)
O1835622,BICYCLE,13d6fcf160ad1e6623d121ad044ae28d6bb332f4cfbf851474b95d7008d13aa8262b5c9212a762b082920aa5a9e4c71c36008ed197a1fbd99cc88e19c9293407,06/05/2024 06:14:00 PM,F,33.0,BICYCLE HELMET (PEDACYCLIST INVOLVED ONLY),WITH TRAFFIC,BIKE LANE,TEST NOT OFFERED,,30,CLEAR,DAYLIGHT,PEDALCYCLIST,NOT DIVIDED,STRAIGHT AND LEVEL,DRY,NO INJURY / DRIVE AWAY,MILWAUKEE AVE,41.9098798194,-87.6769137979,POINT (-87.676913797931 41.909879819378)
O1835975,BICYCLE,a675c63fa7411ebb1b73e47ce2e5c3579cf57d1c8727580919a6fb5cf62c8e070844578ae851c9641a191772216d2b43b6bedd0204cea2fa9df22e236d4ebe86,06/05/2024 05:15:00 PM,F,30.0,HELMET NOT USED,WITH TRAFFIC,UNKNOWN/NA,TEST NOT OFFERED,,30,CLEAR,DAYLIGHT,PEDALCYCLIST,DIVIDED - W/MEDIAN (NOT RAISED),STRAIGHT AND LEVEL,DRY,INJURY AND / OR TOW DUE TO CRASH,OAK ST,41.9008733415,-87.6272124435,POINT (-87.62721244351 41.900873341508)
O1842204,BICYCLE,bbc31d13e5eda1dff2852d51c5ed422e4a20c2e47b6431a5286e7505eb732ccb301acc117f63999023e9931f991a4d6c9e1d39f43cfebebfe24494bc298a5833,06/05/2024 04:10:00 PM,F,36.0,HELMET NOT USED,WITH TRAFFIC,IN ROADWAY,TEST NOT OFFERED,,30,CLEAR,DAYLIGHT,PEDALCYCLIST,FOUR WAY,STRAIGHT AND LEVEL,DRY,NO INJURY / DRIVE AWAY,KINZIE ST,41.8891411118,-87.6487902038,POINT (-87.648790203791 41.889141111808)
O1835439,BICYCLE,50ebec32c64dec9023fc393113b54035cbf2b62b650e9bfd141f3bf2877114e91084c7ecfa2a7b69058bde66e8e28c6fd022dc9f68dd75128df85c88c1964360,06/05/2024 03:22:00 PM,M,36.0,HELMET NOT USED,CROSSING - WITH SIGNAL,IN CROSSWALK,TEST NOT OFFERED,,30,CLEAR,DAYLIGHT,PEDALCYCLIST,FOUR WAY,STRAIGHT AND LEVEL,DRY,INJURY AND / OR TOW DUE TO CRASH,KENTON AVE,41.8805050421,-87.7404669356,POINT (-87.740466935555 41.880505042132)
O1837582,BICYCLE,8a0fbde3291d5872cc9f03a78c707e7192496879af9bf80df38e78e6a30fd82a59cccae7c33c4ec438b8b3e91807e17ba1b8a09b08a1922d24f705278a1d790e,06/05/2024 02:00:00 PM,F,30.0,BICYCLE HELMET (PEDACYCLIST INVOLVED ONLY),WITH TRAFFIC,IN ROADWAY,TEST NOT OFFERED,,30,CLEAR,DAYLIGHT,PEDALCYCLIST,NOT DIVIDED,STRAIGHT AND LEVEL,DRY,NO INJURY / DRIVE AWAY,CLARK ST,41.9443729802,-87.654348053,POINT (-87.654348052981 41.944372980167)
O1835246,BICYCLE,781eb0f86795951fd911c7b9a38d7de23b7e41702e68c8e2a9a5401c71f70f5b4a3e708f07f166aecfb4a62e2402ed26f1c2fa1c4ce722247d0c2f48f6d72919,06/05/2024 11:40:00 AM,M,17.0,HELMET NOT USED,TURNING RIGHT,IN ROADWAY,TEST NOT OFFERED,,30,CLEAR,DAYLIGHT,PEDALCYCLIST,FOUR WAY,STRAIGHT AND LEVEL,DRY,INJURY AND / OR TOW DUE TO CRASH,BELMONT AVE,41.9388722657,-87.7519148872,POINT (-87.751914887179 41.938872265669)
O1835195,BICYCLE,915a897d5bb436ee356c40d1080ef3cc76605bc8feef5151987c3af80566c740402118a81d02d2d27e46dd8735b27f56790f412e15b441f53489f005cad5cf87,06/05/2024 11:00:00 AM,M,59.0,HELMET NOT USED,UNKNOWN/NA,IN ROADWAY,TEST NOT OFFERED,,30,CLEAR,DAYLIGHT,PEDALCYCLIST,NOT DIVIDED,STRAIGHT AND LEVEL,WET,INJURY AND / OR TOW DUE TO CRASH,LAKE ST,41.8864048359,-87.740285418,POINT (-87.740285417973 41.886404835909)
O1835171,BICYCLE,a07657a3e1263debc0c01cc30741c791586f6c478f8a39b6308bb3e131b17ecc7929b8be01b3c94afff1eb88ee86ba03882cfc551c10856192122ebae536289e,06/05/2024 10:37:00 AM,M,24.0,HELMET NOT USED,UNKNOWN/NA,IN CROSSWALK,TEST NOT OFFERED,,30,CLEAR,DAYLIGHT,PEDALCYCLIST,NOT DIVIDED,STRAIGHT AND LEVEL,DRY,NO INJURY / DRIVE AWAY,47TH ST,41.8084124157,-87.6928392034,POINT (-87.692839203386 41.808412415692)
O1835223,BICYCLE,783b088c8bff6c0d111bbb7c1cc5062b9c0ef45fd1f25387456441098dc174adf8cec127a9339d930d4d71e9b3c1c0a63c6cb9f71f5dd68eba63a80e54717329,06/05/2024 10:00:00 AM,F,37.0,HELMET NOT USED,OTHER ACTION,UNKNOWN/NA,TEST NOT OFFERED,,30,CLEAR,DAYLIGHT,PEDALCYCLIST,NOT DIVIDED,STRAIGHT AND LEVEL,DRY,INJURY AND / OR TOW DUE TO CRASH,WESTERN AVE,42.0050800739,-87.6899247445,POINT (-87.689924744509 42.005080073905)