PERSON_ID,PERSON_TYPE,CRASH_RECORD_ID,CRASH_DATE_x,SEX,AGE,SAFETY_EQUIPMENT,PEDPEDAL_ACTION,PEDPEDAL_LOCATION,BAC_RESULT,CRASH_DATE_EST_I,POSTED_SPEED_LIMIT,WEATHER_CONDITION,LIGHTING_CONDITION,FIRST_CRASH_TYPE,TRAFFICWAY_TYPE,ALIGNMENT,ROADWAY_SURFACE_COND,CRASH_TYPE,STREET_NAME,LATITUDE,LONGITUDE,LOCATION
O1835091,BICYCLE,12ce40465009bf801341212ec35bbe50bc9dd07d9ba08d2d043b428a9f66687cc6132bce492fccf09d558ce33a0436fb09668205508592689ad31f8b731f14d0,06/05/2024 09:07:00 AM,F,35.0,HELMET NOT USED,AGAINST TRAFFIC,IN ROADWAY,TEST NOT OFFERED,,30,CLEAR,DAYLIGHT,PEDALCYCLIST,DIVIDED - W/MEDIAN (NOT RAISED),STRAIGHT AND LEVEL,WET,INJURY AND / OR TOW DUE TO CRASH,FULLERTON AVE,41.925064062,-87.6836816475,POINT (-87.683681647531 41.925064061997)
O1835166,BICYCLE,7743e64a4994a1bbeffc94154e116ba6c1e9362b95d4fab14170ef51382321274c55e73a238358b1397c616a61d63fc8244d402b11c8d18b23ff2d04aa64a6c8,06/05/2024 08:45:00 AM,M,33.0,BICYCLE HELMET (PEDACYCLIST INVOLVED ONLY),WITH TRAFFIC,BIKEWAY,TEST NOT OFFERED,,30,RAIN,DAYLIGHT,PEDALCYCLIST,DIVIDED - W/MEDIAN (NOT RAISED),STRAIGHT AND LEVEL,WET,INJURY AND / OR TOW DUE TO CRASH,CLYBOURN AVE,41.9052806216,-87.6418854315,POINT (-87.641885431487 41.905280621592)
O1834939,BICYCLE,44755cbdb7d28d99e3834b9649e16bb144f83f6af9b906322752c3cc581459164f208f1738fdd7edcaa701a6febb0d02a12c4a4277886fd8d2d929fe91f828e9,06/04/2024 11:16:00 PM,M,34.0,HELMET NOT USED,INTOXICATED PED/PEDAL,BIKE LANE,TEST NOT OFFERED,N,30,CLEAR,"DARKNESS, LIGHTED ROAD",PEDALCYCLIST,UNKNOWN,STRAIGHT AND LEVEL,DRY,INJURY AND / OR TOW DUE TO CRASH,CLARK ST,41.9865212628,-87.669350887,POINT (-87.669350886998 41.986521262795)
O1834844,BICYCLE,6c660cfc1ef84c23cf476f62478a218f129be96d97916e134845a9d23a8dd13e6542193d673e6d149ab78bbc872c5741e72ccb138b4b07c54a1bb0ce1061121a,06/04/2024 06:00:00 PM,M,29.0,HELMET NOT USED,NO ACTION,BIKEWAY,TEST NOT OFFERED,,30,CLEAR,DUSK,PEDALCYCLIST,DIVIDED - W/MEDIAN (NOT RAISED),STRAIGHT AND LEVEL,DRY,INJURY AND / OR TOW DUE TO CRASH,CORTLAND ST,41.916302473,-87.6674663413,POINT (-87.667466341334 41.916302473)
O1834721,BICYCLE,cd0b76492f2f03753f95301d88b4ccc9442cf77e743adb5c1add4b259c9478381bd2db6c82b8b7d0a7f5a9f4dc020b00d9ee0ec22ae45d6c26b56e2bde1c28f4,06/04/2024 05:20:00 PM,M,43.0,HELMET NOT USED,NO ACTION,IN ROADWAY,TEST NOT OFFERED,,25,RAIN,DAYLIGHT,PEDALCYCLIST,NOT DIVIDED,STRAIGHT AND LEVEL,WET,INJURY AND / OR TOW DUE TO CRASH,ELSTON AVE,41.9526196974,-87.7173660499,POINT (-87.717366049852 41.95261969737)
O1834716,BICYCLE,331b3451d4df6a7769e776aeb62079c059fc5977416b3c26ea13e3b3b841dd26126e7fdc97ce85b840fafefb62cbd114a480216ca1744ed62012e92f46348ec5,06/04/2024 05:09:00 PM,M,40.0,HELMET NOT USED,CROSSING - WITH SIGNAL,IN ROADWAY,TEST NOT OFFERED,,30,CLEAR,DAYLIGHT,PEDALCYCLIST,DIVIDED - W/MEDIAN (NOT RAISED),STRAIGHT AND LEVEL,DRY,NO INJURY / DRIVE AWAY,ORLEANS ST,41.900540899,-87.6374711807,POINT (-87.637471180668 41.900540898994)
O1841897,BICYCLE,7165314ae749c6cab12a113d3972730c4dbdef390259772fcf330dcdee1194b13620e3301b40779880eda1a8cf59d6a3af1ca3b768522cda4ba160e0ad66c476,06/04/2024 05:00:00 PM,M,56.0,HELMET NOT USED,CROSSING - WITH SIGNAL,IN ROADWAY,TEST NOT OFFERED,,30,CLEAR,DAYLIGHT,PEDALCYCLIST,NOT DIVIDED,STRAIGHT AND LEVEL,DRY,INJURY AND / OR TOW DUE TO CRASH,DAMEN AVE,41.7592412011,-87.6732436399,POINT (-87.673243639866 41.759241201089)
O1834675,BICYCLE,99e708a0782847c4a4e777be6ed4d0d120dd1c53ee2dccddc6ea8a677b4b648aa1c3715e487ebd36f4436a49255868bbc67fe59dfb0c2ed17fc3ed06c12b9ff8,06/04/2024 04:41:00 PM,M,11.0,HELMET NOT USED,UNKNOWN/NA,NOT IN ROADWAY,TEST NOT OFFERED,,30,CLOUDY/OVERCAST,DAWN,PEDALCYCLIST,ALLEY,STRAIGHT AND LEVEL,DRY,INJURY AND / OR TOW DUE TO CRASH,HAZEL ST,41.9630824217,-87.6522084951,POINT (-87.652208495105 41.963082421668)
O1834733,BICYCLE,44f316d79af4db77a498f3ff36e6392b4028c42c4038d38ec08c4e64c8fd68217251bcca5efe3588694a4b68238994acdcf07c4a4dadfb6e92e4671d69b20349,06/04/2024 02:55:00 PM,M,,BICYCLE HELMET (PEDACYCLIST INVOLVED ONLY),WITH TRAFFIC,BIKE LANE,TEST NOT OFFERED,,30,CLEAR,DAYLIGHT,PEDALCYCLIST,NOT DIVIDED,STRAIGHT AND LEVEL,DRY,INJURY AND / OR TOW DUE TO CRASH,LAKE SHORE DR,41.9109438785,-87.6263927966,POINT (-87.626392796579 41.910943878451)
O1835268,BICYCLE,c1824944e699f235bc1d64e169c28cb6da7342cf26cc7e17467ad24634004fe6e58e4af2156a551c6a61912b29757b5b14e6592deed892f5e267325b7a78d09f,06/04/2024 01:41:00 PM,M,53.0,HELMET NOT USED,CROSSING - NO CONTROLS (NOT AT INTERSECTION),IN ROADWAY,TEST NOT OFFERED,,30,CLEAR,DAYLIGHT,PEDALCYCLIST,NOT DIVIDED,STRAIGHT AND LEVEL,DRY,INJURY AND / OR TOW DUE TO CRASH,WESTERN AVE,41.9165055134,-87.6872346611,POINT (-87.687234661133 41.916505513439)
O1834541,NON-MOTOR VEHICLE,1d0da01abdca2025167890bbf94fb550b2971d5da90eab612c349d51074d02c4227f91d984e87710691794d240f62582c77a4766a4e3b39cd0b4db9bd33bb4a6,06/04/2024 12:35:00 PM,M,23.0,HELMET NOT USED,AGAINST TRAFFIC,IN ROADWAY,TEST NOT OFFERED,,30,CLEAR,DAYLIGHT,OTHER OBJECT,DIVIDED - W/MEDIAN (NOT RAISED),STRAIGHT AND LEVEL,DRY,INJURY AND / OR TOW DUE TO CRASH,76TH ST,41.7568929446,-87.5809317143,POINT (-87.580931714343 41.756892944592)
O1834377,BICYCLE,e1d20e202f9dcf4acccf6186bbf3619910df9e06100ee87aaf0995c6689181558eb62d88f23cdad9e860403595c740ceca2c50c52709f1bb3314b245626e8002,06/04/2024 10:39:00 AM,M,87.0,HELMET NOT USED,WITH TRAFFIC,BIKE LANE,TEST NOT OFFERED,,30,CLEAR,DAYLIGHT,PEDALCYCLIST,NOT DIVIDED,STRAIGHT AND LEVEL,DRY,INJURY AND / OR TOW DUE TO CRASH,NORTHWEST HWY,41.9879041947,-87.790940853,POINT (-87.790940853036 41.987904194722)
O1835219,BICYCLE,9fa158842543b0dda1d9829251b21d2fbd0a34d3ccc57366061414ad6ef14d1c8dd04bf506d1a7b8b463b69c7866944c2d6dbba4e5a7a30d7b04204e5a3b0002,06/04/2024 08:50:00 AM,M,69.0,HELMET NOT USED,WITH TRAFFIC,IN ROADWAY,TEST NOT OFFERED,,30,CLOUDY/OVERCAST,DAYLIGHT,PEDALCYCLIST,FOUR WAY,STRAIGHT AND LEVEL,DRY,INJURY AND / OR TOW DUE TO CRASH,CICERO AVE,41.9241961695,-87.7461533375,POINT (-87.746153337491 41.92419616948)
O1834329,BICYCLE,969cf8223788511bbd7d7074b06b6191eb697d41c4e7045affb554849eff0e0d113d3aec332ea8f3d1203fafa4f0c8b929be2a6f8622701a4019dbcfc5bc78c0,06/04/2024 07:40:00 AM,F,31.0,HELMET NOT USED,OTHER ACTION,IN CROSSWALK,,,30,CLEAR,DAYLIGHT,PEDALCYCLIST,FOUR WAY,STRAIGHT AND LEVEL,DRY,NO INJURY / DRIVE AWAY,GREEN ST,41.880406021,-87.6486363962,POINT (-87.648636396232 41.880406020995)
O1834200,BICYCLE,8a8588b8278bf994167295b660c287609c8f8130a0d4052c7d0bc6b877fc221458801c95b19c0bf65546b5dce9530b142fe07ff71692dd8c9832732aae76e8bd,06/03/2024 07:59:00 PM,,,HELMET NOT USED,CROSSING - AGAINST SIGNAL,IN ROADWAY,TEST NOT OFFERED,,35,CLEAR,DUSK,PEDALCYCLIST,NOT DIVIDED,STRAIGHT AND LEVEL,DRY,INJURY AND / OR TOW DUE TO CRASH,KINZIE ST,41.8893216705,-87.630986023,POINT (-87.630986022954 41.889321670463)
O1834148,BICYCLE,29529e1a858ceb124e2aa2308076487c4df29addf9c384febc22ac5dd138e2753242e278e1f41291aab75bf8fcb447d8b42ee4972e8787295cec387123debe10,06/03/2024 07:45:00 PM,,,BICYCLE HELMET (PEDACYCLIST INVOLVED ONLY),CROSSING - AGAINST SIGNAL,IN ROADWAY,TEST NOT OFFERED,N,30,CLEAR,DARKNESS,PEDALCYCLIST,ONE-WAY,STRAIGHT AND LEVEL,DRY,INJURY AND / OR TOW DUE TO CRASH,CLARK ST,41.8892498019,-87.6312078202,POINT (-87.631207820201 41.889249801889)
O1834105,BICYCLE,4bb15ff8177852fb586439e9dc441b7d610b0a0ecdc719f09e22b91efa57ccc5075b1eee3c612673303919e8fc559ef9729d5b7cec708bcbb1457f5820e50696,06/03/2024 06:15:00 PM,F,25.0,BICYCLE HELMET (PEDACYCLIST INVOLVED ONLY),WITH TRAFFIC,IN CROSSWALK,TEST NOT OFFERED,,30,CLEAR,DAYLIGHT,PEDALCYCLIST,ONE-WAY,STRAIGHT AND LEVEL,DRY,INJURY AND / OR TOW DUE TO CRASH,FULLERTON AVE,41.924652941,-87.7218232992,POINT (-87.721823299175 41.924652941021)
O1833982,BICYCLE,76b33fdddacb105c033dbc833707ee4ab180c405dd9ddf0c2492dcf94d261cdacc051941dec355673196ba491caa5bcadbed42d09acaf4f5fe844fadbb93cb7d,06/03/2024 04:53:00 PM,M,18.0,BICYCLE HELMET (PEDACYCLIST INVOLVED ONLY),WITH TRAFFIC,IN ROADWAY,,,30,CLEAR,DAYLIGHT,SIDESWIPE SAME DIRECTION,NOT DIVIDED,STRAIGHT AND LEVEL,DRY,INJURY AND / OR TOW DUE TO CRASH,DR MARTIN LUTHER KING JR DR,41.8094314535,-87.6164432313,POINT (-87.616443231254 41.809431453546)
O1833924,BICYCLE,6636362d9053740498106743d9929e6266e8115ee5b3dcdb1dc4c402c2f28815bea35ac7d846022e962794d3e0ce7d9f10379c98c160238fb488e63a058c161d,06/03/2024 04:00:00 PM,M,14.0,HELMET NOT USED,UNKNOWN/NA,IN ROADWAY,TEST NOT OFFERED,,30,CLEAR,DAYLIGHT,PEDALCYCLIST,NOT DIVIDED,STRAIGHT AND LEVEL,DRY,INJURY AND / OR TOW DUE TO CRASH,LECLAIRE AVE,41.9114163844,-87.7528613374,POINT (-87.752861337383 41.911416384368)
O1835708,BICYCLE,91723bc504b91c5b2d1a635e5beba5ada55a4886a78a67b6ccc45110f6ce97159ddb5818e9b4b8a3015a14349bf2918c539fccee997f5f6a686b32e167f12158,06/03/2024 03:30:00 PM,M,34.0,HELMET NOT USED,WITH TRAFFIC,BIKE LANE,TEST NOT OFFERED,,30,CLEAR,DAYLIGHT,PEDALCYCLIST,NOT DIVIDED,STRAIGHT AND LEVEL,DRY,INJURY AND / OR TOW DUE TO CRASH,CHICAGO AVE,41.8961641075,-87.6684570196,POINT (-87.668457019618 41.896164107478)
O1836653,BICYCLE,252f91a9709d97c2e56a0a84b8802b91beb7c227248356b1326e3a8331e43d3813a9c4b3563f98a930241f3180bd87d551833d783979e076e5c1af786cb916c3,06/03/2024 11:30:00 AM,M,,HELMET NOT USED,UNKNOWN/NA,BIKEWAY,TEST NOT OFFERED,,25,UNKNOWN,DAYLIGHT,PEDALCYCLIST,ONE-WAY,STRAIGHT AND LEVEL,UNKNOWN,INJURY AND / OR TOW DUE TO CRASH,WINTHROP AVE,41.9925599304,-87.6581431159,POINT (-87.658143115869 41.992559930409)
O1833573,BICYCLE,167e431f7e19546f484a69675677fa91f7c88ca9fe88d474ec4e6ab7063a1c35a3044d163184d4a8173aad7d5ccc8317e2188b836fd523b45deb4344d314b182,06/03/2024 08:40:00 AM,F,,HELMET NOT USED,WITH TRAFFIC,IN ROADWAY,TEST NOT OFFERED,,30,CLEAR,DAYLIGHT,PEDALCYCLIST,NOT DIVIDED,STRAIGHT AND LEVEL,DRY,NO INJURY / DRIVE AWAY,RAVENSWOOD AVE,41.9833998812,-87.6747566155,POINT (-87.67475661547 41.983399881187)
O1833427,BICYCLE,dee44a1377994847a8f172f40abc3b82b8d6c65fdd1b0e320268571ceb31508144d0bab1f56a0d96b96fc6a22003a3e273c411e49563c49b22143560842035c4,06/02/2024 11:25:00 PM,M,39.0,HELMET NOT USED,WITH TRAFFIC,IN ROADWAY,TEST NOT OFFERED,,30,CLEAR,"DARKNESS, LIGHTED ROAD",PEDALCYCLIST,FOUR WAY,STRAIGHT AND LEVEL,DRY,INJURY AND / OR TOW DUE TO CRASH,SHERIDAN RD,41.9924690723,-87.6556066005,POINT (-87.655606600521 41.992469072321)
O1833944,BICYCLE,0a6512d6b27aab0c6e34603bb7adc513f52bddee62226d16872beb3bf6a5410b0122e39f57df403427629e12d13cef5a6391fffc302bac6af7450092f211bc61,06/02/2024 09:15:00 PM,M,44.0,HELMET NOT USED,CROSSING - WITH SIGNAL,IN CROSSWALK,TEST NOT OFFERED,,30,CLEAR,DAYLIGHT,PEDALCYCLIST,NOT DIVIDED,STRAIGHT AND LEVEL,DRY,INJURY AND / OR TOW DUE TO CRASH,PULASKI RD,41.7786364688,-87.7229063557,POINT (-87.722906355685 41.778636468781)
O1833294,BICYCLE,7fac3a711799ab355820853d08188c8dab8e22bfdee987202bbda14fd969297a2353f2f3433401578c62828fee9eb755381bea39514280135c0b5767fe3e02de,06/02/2024 06:14:00 PM,M,69.0,HELMET NOT USED,CROSSING - WITH SIGNAL,IN ROADWAY,TEST NOT OFFERED,,30,CLEAR,UNKNOWN,PEDALCYCLIST,NOT DIVIDED,STRAIGHT AND LEVEL,DRY,INJURY AND / OR TOW DUE TO CRASH,DIVISION ST,41.9021794709,-87.7705724274,POINT (-87.770572427416 41.90217947086)
O1833404,BICYCLE,c9b84d0ccd15393aa7d75db801d7c4284890ef35926216ae6366a5348027effe57c2de4e2c42a2bc0b32f446d37f7b4cd55f66a78e2421e07323d63d711b495d,06/02/2024 05:51:00 PM,M,23.0,HELMET NOT USED,UNKNOWN/NA,UNKNOWN/NA,TEST NOT OFFERED,,30,CLEAR,DAYLIGHT,PEDALCYCLIST,UNKNOWN INTERSECTION TYPE,STRAIGHT AND LEVEL,UNKNOWN,INJURY AND / OR TOW DUE TO CRASH,87TH ST,41.7366909453,-87.6096190938,POINT (-87.609619093839 41.736690945288)
O1833196,BICYCLE,a0e57cd05c53f0c6ef4592a46a9e35060e52d2c1ad9c69532b92e4ced43d3862d21b171646c09ae502263bdb844ab7c38eda423996b79ebf505e48392bdf8120,06/02/2024 04:13:00 PM,M,29.0,HELMET NOT USED,TURNING RIGHT,UNKNOWN/NA,TEST NOT OFFERED,,30,CLEAR,DAYLIGHT,PEDALCYCLIST,FOUR WAY,STRAIGHT AND LEVEL,DRY,INJURY AND / OR TOW DUE TO CRASH,INDIANA AVE,41.8640266649,-87.622620427,POINT (-87.622620426994 41.864026664933)
O1837238,BICYCLE,f804d0307aa8f0f7f05fe30c788a2d4731ddb0a806234d8ddbefc27f9a6aedbe36df3d7cbb79142a805eb2a8e517126de71de101192e8d15138b552efcd21fdf,06/02/2024 03:00:00 PM,M,50.0,BICYCLE HELMET (PEDACYCLIST INVOLVED ONLY),WITH TRAFFIC,BIKE LANE,TEST NOT OFFERED,Y,25,CLEAR,DAYLIGHT,PEDALCYCLIST,NOT DIVIDED,STRAIGHT AND LEVEL,DRY,INJURY AND / OR TOW DUE TO CRASH,DAMEN AVE,41.9026129818,-87.6770937257,POINT (-87.677093725741 41.90261298177)
O1833091,BICYCLE,9d2360e1ccaf101cadd896e7eda0743f1826977cccfd5e3145a8e558645acb870ba8c004b285021f9be59c8fcc4f117b6ee1151ad7f277a7ee6a8848a176fc1f,06/02/2024 02:38:00 PM,M,27.0,HELMET NOT USED,WITH TRAFFIC,BIKE LANE,TEST NOT OFFERED,,30,CLOUDY/OVERCAST,DAYLIGHT,PEDALCYCLIST,DIVIDED - W/MEDIAN (NOT RAISED),STRAIGHT AND LEVEL,DRY,INJURY AND / OR TOW DUE TO CRASH,HALSTED ST,41.9300546711,-87.6487749291,POINT (-87.648774929051 41.930054671084)
O1833335,BICYCLE,c4b65e1f02a19089ab279dace1da9ae472f3a11572095dd83336973c11d53e9fdd145c17b66efe3289fe562b09d3aeb3862a7b4680295a714adbbe1ef981c605,06/02/2024 01:41:00 PM,F,21.0,BICYCLE HELMET (PEDACYCLIST INVOLVED ONLY),WITH TRAFFIC,IN ROADWAY,,,30,CLEAR,DAYLIGHT,PEDALCYCLIST,NOT DIVIDED,STRAIGHT AND LEVEL,DRY,INJURY AND / OR TOW DUE TO CRASH,MICHIGAN AVE,41.8832891514,-87.6245493964,POINT (-87.624549396399 41.883289151389)
O1837530,NON-MOTOR VEHICLE,2ab0b460a0d7c9a7998841feda62b0407d60d50802dbd067c589094e6f7f3c8b4e44a115a1f89e44577494546c0fca9afd4f56d7faee40b19270a8b5cfc4c923,06/02/2024 04:35:00 AM,X,,USAGE UNKNOWN,NO ACTION,IN ROADWAY,TEST NOT OFFERED,,30,CLEAR,DARKNESS,ANIMAL,NOT DIVIDED,STRAIGHT AND LEVEL,DRY,NO INJURY / DRIVE AWAY,TORRENCE AVE,41.6808846272,-87.5591870342,POINT (-87.55918703416 41.680884627202)
O1832547,NON-MOTOR VEHICLE,7efb6bc43e24e0f981909be42f4a3904c336c4aeea8f893e3cbb71cc409f451a31ab8d3d0ad97a7906e8cd4ff760b591b15a0e7c479a57965e52b51611329e81,06/01/2024 07:40:00 PM,M,59.0,USAGE UNKNOWN,WITH TRAFFIC,IN ROADWAY,TEST NOT OFFERED,,30,RAIN,DAWN,OTHER OBJECT,NOT DIVIDED,STRAIGHT AND LEVEL,WET,INJURY AND / OR TOW DUE TO CRASH,WALLACE ST,41.8135723631,-87.640648122,POINT (-87.64064812204 41.813572363105)
O1832309,BICYCLE,08e0fb79f010bdd9889bfe54f6d70fde265617bab53d0fd5152d22b4717667bef7bf448f7c9b8f1a4b2bfb247919cd4e2e4174670dfc5abb82bf5161e92d35d1,06/01/2024 03:29:00 PM,M,43.0,BICYCLE HELMET (PEDACYCLIST INVOLVED ONLY),CROSSING - WITH SIGNAL,IN CROSSWALK,TEST NOT OFFERED,,30,RAIN,DAYLIGHT,PEDALCYCLIST,NOT DIVIDED,STRAIGHT AND LEVEL,WET,INJURY AND / OR TOW DUE TO CRASH,LINCOLN AVE,41.9239529807,-87.6464616294,POINT (-87.64646162935 41.923952980727)
O1832365,NON-MOTOR VEHICLE,7f18151428dc3ee457ae5efd4f26955a5ec4e027b7d6074b32f3ab23a595ab91334af2154c7bd00fc865e9f01cd12e7efaba0265741da5e326c828a6c43dd6b6,06/01/2024 12:00:00 PM,,,,,,,,30,RAIN,UNKNOWN,OTHER NONCOLLISION,FOUR WAY,STRAIGHT AND LEVEL,WET,NO INJURY / DRIVE AWAY,COMMODORE WHALEN DR,41.7755507244,-87.5716234395,POINT (-87.571623439549 41.775550724353)
O1832561,BICYCLE,e452114ab71b49a813ce3906e7643f4e9e6a48bdf8a065845e84e74bf308953ee4032eaab63996f6affd3b37e7bde9f3ed7b20463d6aded4e6944fc718849dd3,06/01/2024 12:02:00 AM,F,27.0,HELMET NOT USED,WITH TRAFFIC,BIKE LANE,TEST NOT OFFERED,,30,CLEAR,"DARKNESS, LIGHTED ROAD",PEDALCYCLIST,NOT DIVIDED,STRAIGHT AND LEVEL,DRY,INJURY AND / OR TOW DUE TO CRASH,HALSTED ST,41.9421601056,-87.6491923854,POINT (-87.649192385416 41.942160105573)
O1832960,BICYCLE,9b81092448853c4e919e1af0e2e7c1927d8ac646914e2666c3c0dee18270f52c0794366ba695e6fb5fe82aa4c473814f85f5dde0bfb7f559d8f66fad39f6e3c7,05/31/2024 08:00:00 PM,M,27.0,BICYCLE HELMET (PEDACYCLIST INVOLVED ONLY),WITH TRAFFIC,BIKE LANE,TEST NOT OFFERED,,30,CLEAR,DUSK,PEDALCYCLIST,DIVIDED - W/MEDIAN (NOT RAISED),STRAIGHT AND LEVEL,DRY,INJURY AND / OR TOW DUE TO CRASH,OGDEN AVE,41.8908594964,-87.6590241886,POINT (-87.659024188562 41.890859496368)
O1832181,BICYCLE,ab3c78a06ac9ce30b8899ff1c748c2aaafdd3f4be22409346b91935c2dafe25db21add1b09a2cf92dd231da2cee271b9ec0a831e17f8e204cec817ef98d661f9,05/31/2024 07:20:00 PM,M,,BICYCLE HELMET (PEDACYCLIST INVOLVED ONLY),TURNING LEFT,IN ROADWAY,TEST NOT OFFERED,,30,UNKNOWN,UNKNOWN,PEDALCYCLIST,NOT DIVIDED,STRAIGHT AND LEVEL,UNKNOWN,NO INJURY / DRIVE AWAY,STATE ST,41.8717454646,-87.6273770319,POINT (-87.627377031854 41.87174546459)
O1831734,BICYCLE,2c9abf84a461d1bd0e806fcfdf91cbfcbcab075936fc1415cb4bf8a2a931268a8ca8af999829992577d225b2d693b071c6a9cc31fd696bfb07ae8cbab0a9e6a1,05/31/2024 06:41:00 PM,M,65.0,HELMET NOT USED,OTHER ACTION,IN ROADWAY,TEST NOT OFFERED,,30,CLEAR,DAYLIGHT,PEDALCYCLIST,NOT DIVIDED,STRAIGHT AND LEVEL,DRY,INJURY AND / OR TOW DUE TO CRASH,79TH ST,41.751623374,-87.5833655113,POINT (-87.583365511257 41.75162337402)
O1831750,BICYCLE,d689fc496549aaea8ef20d808979930de1899399cd9296819c69655f0fc4b9899c26900c70cdfbceee028e2adf1f0e6596938d3da6699bfee76bfd20a04c4c42,05/31/2024 06:30:00 PM,F,,BICYCLE HELMET (PEDACYCLIST INVOLVED ONLY),TURNING RIGHT,IN ROADWAY,TEST NOT OFFERED,,30,CLEAR,DAYLIGHT,PEDALCYCLIST,DIVIDED - W/MEDIAN (NOT RAISED),STRAIGHT AND LEVEL,DRY,INJURY AND / OR TOW DUE TO CRASH,NORTH AVE,41.9105827644,-87.6777016771,POINT (-87.677701677062 41.910582764445)
O1831538,BICYCLE,ad14d53aac84575f04151f3ed1e10b07093400b2526d64c9c535f5b66c7cfb965d7718dd6a8682ef0c00fb0a96407efa38a6fecfac132b266898389046a56ad2,05/31/2024 04:10:00 PM,F,27.0,BICYCLE HELMET (PEDACYCLIST INVOLVED ONLY),OTHER ACTION,IN ROADWAY,TEST NOT OFFERED,,25,CLEAR,DAYLIGHT,PEDALCYCLIST,FOUR WAY,STRAIGHT AND LEVEL,DRY,INJURY AND / OR TOW DUE TO CRASH,ELSTON AVE,41.9624697349,-87.7321502804,POINT (-87.732150280382 41.962469734873)
O1831479,BICYCLE,69c5f95f721515b40b097c67d4e671609b9add64c7c616221c7f1b86a3331a737b74a5f9e8e48d4dfcf34fb88c74039fe208b8027dc47f80635955f3590dcb2c,05/31/2024 03:54:00 PM,F,37.0,BICYCLE HELMET (PEDACYCLIST INVOLVED ONLY),OTHER ACTION,UNKNOWN/NA,TEST NOT OFFERED,,30,CLEAR,DAYLIGHT,PEDALCYCLIST,NOT DIVIDED,STRAIGHT AND LEVEL,DRY,INJURY AND / OR TOW DUE TO CRASH,MONTROSE AVE,41.9610284559,-87.7303278209,POINT (-87.730327820919 41.961028455929)
O1831436,BICYCLE,8e4b585c80a1f746a832df9c5097cc53b3d869adfa17f08953c755b04d232daab2e6a22a1222239f509be6d2d0526cb187a1d4b8a25b6c6759e315d3e5f2ed47,05/31/2024 02:45:00 PM,M,51.0,HELMET NOT USED,CROSSING - NO CONTROLS (AT INTERSECTION),BIKE LANE,,,30,CLEAR,DAYLIGHT,PEDALCYCLIST,FOUR WAY,STRAIGHT AND LEVEL,DRY,INJURY AND / OR TOW DUE TO CRASH,WESTERN AVE,41.977286271,-87.6890576086,POINT (-87.689057608644 41.977286270972)
O1831331,BICYCLE,e5fd64c0fd4fb053ef1cdfefc5ee80d15a40bbfaf9654f3758cbb02a1a926d438d9a3e8cbff51a480f95238265263f16cf2a2e08a7e97d392cb51d8da779ee47,05/31/2024 12:22:00 PM,M,,BICYCLE HELMET (PEDACYCLIST INVOLVED ONLY),WITH TRAFFIC,IN ROADWAY,TEST NOT OFFERED,,30,CLEAR,DAYLIGHT,PEDALCYCLIST,NOT DIVIDED,STRAIGHT AND LEVEL,DRY,NO INJURY / DRIVE AWAY,DAMEN AVE,41.9538365483,-87.678891381,POINT (-87.678891381044 41.953836548274)
O1831257,NON-MOTOR VEHICLE,43f9c8dd7a1e41166892ae6c108c4a1b7a3b9a8cca02f9bd390120b5d0c77b69105ed72a209b9a409e9569d659987febec89c5ce4370c63caa4957d35df259e2,05/31/2024 11:00:00 AM,M,14.0,HELMET NOT USED,CROSSING - NO CONTROLS (AT INTERSECTION),NOT IN ROADWAY,TEST NOT OFFERED,,25,CLEAR,DAYLIGHT,OTHER OBJECT,FOUR WAY,STRAIGHT AND LEVEL,DRY,INJURY AND / OR TOW DUE TO CRASH,HENDERSON ST,41.9423525734,-87.6664342545,POINT (-87.666434254487 41.942352573429)
O1831091,BICYCLE,28893e5f7b93454aa8e50293fbcccc6bafdafcc664c9eabd85f46c9d93a6055b4182a4900a64778e7b63825b67468e5a174673d96e12f7ab45a60c6931e08652,05/30/2024 10:31:00 PM,M,39.0,HELMET NOT USED,TURNING LEFT,IN ROADWAY,TEST NOT OFFERED,,30,CLEAR,"DARKNESS, LIGHTED ROAD",PEDALCYCLIST,T-INTERSECTION,STRAIGHT AND LEVEL,DRY,INJURY AND / OR TOW DUE TO CRASH,MICHIGAN AVE,41.8806791396,-87.62449086,POINT (-87.624490860002 41.880679139639)
O1830936,BICYCLE,e9edfc58388437e132d47ee263e7388b2fbc4f236085f44aaac2bb43491534f074612d465d0f6beed1bccd1880bd1dfd8141d5f5235ade6ba0c7d893cc86dea5,05/30/2024 07:10:00 PM,M,37.0,HELMET NOT USED,WITH TRAFFIC,IN ROADWAY,TEST NOT OFFERED,,30,CLEAR,DUSK,PEDALCYCLIST,NOT DIVIDED,STRAIGHT AND LEVEL,DRY,INJURY AND / OR TOW DUE TO CRASH,51ST ST,41.8021379499,-87.6209491795,POINT (-87.620949179536 41.802137949948)
O1830860,BICYCLE,2a7fd87e275a60075415fdc97a1540c758c599faa16b979becd67f3d53f6b3e5d06f1b6ddc800e5d67d68d742f388f1bc904eadfb52b3f7458963c2cb44f0001,05/30/2024 05:44:00 PM,M,,HELMET NOT USED,UNKNOWN/NA,IN CROSSWALK,TEST NOT OFFERED,,30,CLEAR,DAYLIGHT,PEDALCYCLIST,NOT DIVIDED,STRAIGHT AND LEVEL,DRY,NO INJURY / DRIVE AWAY,MONTROSE AVE,41.9614614208,-87.6707569985,POINT (-87.670756998515 41.961461420771)