PERSON_ID,PERSON_TYPE,CRASH_RECORD_ID,CRASH_DATE_x,SEX,AGE,SAFETY_EQUIPMENT,PEDPEDAL_ACTION,PEDPEDAL_LOCATION,BAC_RESULT,CRASH_DATE_EST_I,POSTED_SPEED_LIMIT,WEATHER_CONDITION,LIGHTING_CONDITION,FIRST_CRASH_TYPE,TRAFFICWAY_TYPE,ALIGNMENT,ROADWAY_SURFACE_COND,CRASH_TYPE,STREET_NAME,LATITUDE,LONGITUDE,LOCATION
O1830828,BICYCLE,878ab300b2ec5a8b8614e485d21325ca7e33104bcc254016f91122e322b3c58bd9cda52819967b61ab15acd79d5cbf51613dd77fbbc65cb144bd636ff24cf6ab,05/30/2024 05:34:00 PM,F,20.0,HELMET NOT USED,CROSSING - NO CONTROLS (NOT AT INTERSECTION),IN CROSSWALK,,,30,CLEAR,DAYLIGHT,PEDALCYCLIST,DIVIDED - W/MEDIAN (NOT RAISED),STRAIGHT AND LEVEL,DRY,INJURY AND / OR TOW DUE TO CRASH,WOLCOTT AVE,41.7465274025,-87.6707680377,POINT (-87.670768037671 41.746527402509)
O1830780,BICYCLE,514ee458a57f74ce164315b65bf0af01d1b55f3be3186eeffc2c2ac0fd1cc22074658b7698a8b0e5439ff840a9c9a7a359433e08d936fd6d9d1f9aa07b95606f,05/30/2024 04:37:00 PM,M,32.0,BICYCLE HELMET (PEDACYCLIST INVOLVED ONLY),WITH TRAFFIC,IN ROADWAY,TEST NOT OFFERED,,30,CLEAR,DAYLIGHT,PEDALCYCLIST,ONE-WAY,STRAIGHT AND LEVEL,DRY,INJURY AND / OR TOW DUE TO CRASH,CANAL ST,41.879134492,-87.6394443127,POINT (-87.639444312704 41.879134491969)
O1830806,BICYCLE,2b2b4b8bdbba9d4f05fa9a2483af91b7574c64b3e703394e0c87d3e9ff74eceef62ecda6a1ca0c49d6c6d78355177bd163f058daa532c0ff2d7b49ea57355a27,05/30/2024 04:13:00 PM,M,14.0,HELMET NOT USED,CROSSING - NO CONTROLS (NOT AT INTERSECTION),IN ROADWAY,TEST NOT OFFERED,,30,CLEAR,DAYLIGHT,PEDALCYCLIST,NOT DIVIDED,STRAIGHT AND LEVEL,DRY,INJURY AND / OR TOW DUE TO CRASH,45TH ST,41.8119052708,-87.7017154969,POINT (-87.701715496907 41.81190527076)
O1830830,BICYCLE,993a146cd6ac5d3a3bfd2687dd199d0a151f0078df9d4d394a2bae33830682380a93849c20ba59307a4bb886d13e5ee2dd8d6d222a73714c3fe23502416f4e59,05/30/2024 04:12:00 PM,M,65.0,BICYCLE HELMET (PEDACYCLIST INVOLVED ONLY),NO ACTION,BIKE LANE,TEST NOT OFFERED,,35,CLEAR,DAYLIGHT,PEDALCYCLIST,NOT DIVIDED,STRAIGHT AND LEVEL,DRY,INJURY AND / OR TOW DUE TO CRASH,MILWAUKEE AVE,41.9057056281,-87.6699273301,POINT (-87.669927330113 41.905705628071)
O1830816,BICYCLE,bf569e844d9653e1a300eb2e614cd031a42236ead712516e61f184d84c2a22b980960e028b219f6bda49d6ba29036581ebb2968dd52e302935ff6ec3e10cce75,05/30/2024 03:30:00 PM,M,67.0,HELMET NOT USED,CROSSING - NO CONTROLS (AT INTERSECTION),IN ROADWAY,TEST NOT OFFERED,,30,CLEAR,DAYLIGHT,PEDALCYCLIST,FOUR WAY,STRAIGHT AND LEVEL,DRY,INJURY AND / OR TOW DUE TO CRASH,CENTRAL PARK AVE,41.9703701035,-87.7184565966,POINT (-87.718456596595 41.970370103519)
O1830728,BICYCLE,488e1c1088aa55b3141deb0e02feadab3b2a3618c8532abcb1aa651cfca3e72381aafdc28b83ebf0f7e539a94aa3f0956f3572e8fce707106bab41f697b63b49,05/30/2024 01:58:00 PM,M,19.0,BICYCLE HELMET (PEDACYCLIST INVOLVED ONLY),CROSSING - WITH SIGNAL,IN ROADWAY,TEST NOT OFFERED,,25,CLEAR,DAYLIGHT,PEDALCYCLIST,NOT DIVIDED,STRAIGHT AND LEVEL,DRY,NO INJURY / DRIVE AWAY,LINCOLN AVE,41.9665683706,-87.6873673516,POINT (-87.687367351577 41.966568370565)
O1830528,BICYCLE,53619e2a5e2f26a783f76eb1e333a794b735e1d8f41fdd5396e7f91ebf76895c66cde1f8d34d186b3476df3f114127dc6adf15a1a6840e402af1a97ffe188957,05/30/2024 11:39:00 AM,M,20.0,HELMET NOT USED,WITH TRAFFIC,BIKE LANE,TEST NOT OFFERED,,30,CLEAR,DAYLIGHT,PEDALCYCLIST,DIVIDED - W/MEDIAN (NOT RAISED),STRAIGHT AND LEVEL,DRY,NO INJURY / DRIVE AWAY,LINCOLN AVE,41.9308161443,-87.6564855329,POINT (-87.656485532911 41.930816144312)
O1830481,BICYCLE,bee8778e2d19c56b0289731801ecb2f69e2976d8da865d877aa9992e3ad32de4848e9d3c8eb2355d8a1aed94a2ae0f73c783b8d42af1c1c1fc067241698feae7,05/30/2024 09:45:00 AM,M,32.0,BICYCLE HELMET (PEDACYCLIST INVOLVED ONLY),CROSSING - WITH SIGNAL,BIKE LANE,TEST NOT OFFERED,,30,CLEAR,DAYLIGHT,PEDALCYCLIST,CENTER TURN LANE,STRAIGHT AND LEVEL,DRY,INJURY AND / OR TOW DUE TO CRASH,CLARK ST,41.9906994387,-87.6698737145,POINT (-87.669873714544 41.990699438713)
O1830556,BICYCLE,54ef80df3a0095d3d978103cab00ec2f4db3f8308bbfc729f608cbdac1920dbefd3667c5db16af0e6c237572f313a451a552de6d0e8ffe6abdc9bd163ca11093,05/30/2024 07:40:00 AM,M,16.0,BICYCLE HELMET (PEDACYCLIST INVOLVED ONLY),UNKNOWN/NA,IN ROADWAY,TEST NOT OFFERED,,30,CLEAR,DAYLIGHT,PEDALCYCLIST,NOT DIVIDED,STRAIGHT AND LEVEL,DRY,INJURY AND / OR TOW DUE TO CRASH,ASHLAND AVE,41.909825497,-87.6678163497,POINT (-87.667816349669 41.909825496999)
O1830305,BICYCLE,d96e55ffd01b32cfe0b63087f70eba83f8f12bba60cb378ff1ee6870729555936d9f6b61ef2f9aa83433c0b6cdf93f170ec1509849cb828fca6eaef20569d280,05/30/2024 03:49:00 AM,M,21.0,HELMET NOT USED,TURNING LEFT,IN ROADWAY,TEST NOT OFFERED,,30,CLEAR,"DARKNESS, LIGHTED ROAD",PEDALCYCLIST,DIVIDED - W/MEDIAN (NOT RAISED),STRAIGHT AND LEVEL,DRY,INJURY AND / OR TOW DUE TO CRASH,LAWRENCE AVE,41.968792755,-87.6674259265,POINT (-87.667425926458 41.968792755007)
O1830224,NON-MOTOR VEHICLE,5eab54d04dace4e533e53a12b962b950393986fd404e46b6de04d27e7f820e5d3691e276569c6115fac45ef7b7afdf14547be87c2f6fc30536f48bf49eeadd15,05/29/2024 08:01:00 PM,M,16.0,NONE PRESENT,CROSSING - NO CONTROLS (NOT AT INTERSECTION),IN ROADWAY,TEST NOT OFFERED,,15,CLEAR,DAYLIGHT,OTHER OBJECT,NOT DIVIDED,STRAIGHT AND LEVEL,DRY,NO INJURY / DRIVE AWAY,LUIS MUNOZ MARIN DR W,41.9025229329,-87.7057064778,POINT (-87.705706477812 41.90252293288)
O1830176,BICYCLE,7fd4a3aa6c72335782d24aba1ba4e6225d59a4b98e6008d8853a8b586a2dd1f3f07166ee1f9768edd74a23517dd2349fea3aeac5b75618c743888a6098cebc5e,05/29/2024 07:33:00 PM,M,28.0,BICYCLE HELMET (PEDACYCLIST INVOLVED ONLY),NO ACTION,BIKE LANE,TEST NOT OFFERED,,30,CLEAR,DAYLIGHT,PEDALCYCLIST,NOT DIVIDED,STRAIGHT AND LEVEL,DRY,NO INJURY / DRIVE AWAY,HALSTED ST,41.9363358681,-87.6492862811,POINT (-87.649286281085 41.936335868105)
O1830144,BICYCLE,e49a41bf1ed2adf926b1303fea130b9aa74bf4ee2ffd189cf34870a512f6fea6865ef7356bcf0162e240813135142c9e660052b468cd05043a78ceb12e3c146a,05/29/2024 06:03:00 PM,M,27.0,HELMET NOT USED,TURNING LEFT,IN ROADWAY,TEST NOT OFFERED,,20,CLEAR,DAYLIGHT,PEDALCYCLIST,DIVIDED - W/MEDIAN (NOT RAISED),STRAIGHT AND LEVEL,DRY,INJURY AND / OR TOW DUE TO CRASH,AUGUSTA BLVD,41.8991162645,-87.7269956251,POINT (-87.726995625061 41.899116264549)
O1830154,BICYCLE,6fbaa00a055158b2f83a7addd1c604dcaa9294e42468586b71106525848811d51373e7c72cab0e50769d8e5fa6f8b5bc3cb8aeb36841efb9bf4636f3fd98f880,05/29/2024 06:02:00 PM,M,32.0,BICYCLE HELMET (PEDACYCLIST INVOLVED ONLY),CROSSING - CONTROLS PRESENT (NOT AT INTERSECTION),IN ROADWAY,TEST NOT OFFERED,,30,CLEAR,DAYLIGHT,PEDALCYCLIST,FOUR WAY,STRAIGHT AND LEVEL,DRY,INJURY AND / OR TOW DUE TO CRASH,WOOD ST,41.8950285776,-87.6722873216,POINT (-87.672287321556 41.895028577644)
O1835526,BICYCLE,a12ecc50b2510bf2a6c7baa89824f5bdb425238ff7e0abbbef3d86d6717f18540aeac39788f022d3840fc2907a705d4ba301af38a3af619950a8fb27ac30e91a,05/29/2024 04:54:00 PM,M,23.0,HELMET NOT USED,UNKNOWN/NA,UNKNOWN/NA,TEST NOT OFFERED,,10,UNKNOWN,DAYLIGHT,PEDALCYCLIST,PARKING LOT,STRAIGHT AND LEVEL,UNKNOWN,NO INJURY / DRIVE AWAY,ASHLAND AVE,41.9816991208,-87.669621666,POINT (-87.669621665968 41.981699120798)
O1830468,BICYCLE,ee25b47d62824722ccaca187fdc1db66bb8c7bebf47788a4fd0ac704f44b5e47691612143076ef42f01129863ef68042aa2b63aa18825b139a840a36026524ac,05/29/2024 10:36:00 AM,F,36.0,HELMET NOT USED,CROSSING - NO CONTROLS (AT INTERSECTION),IN CROSSWALK,TEST NOT OFFERED,,30,CLEAR,DAYLIGHT,PEDALCYCLIST,NOT DIVIDED,STRAIGHT AND LEVEL,DRY,INJURY AND / OR TOW DUE TO CRASH,ARTHINGTON ST,41.8698929494,-87.7107794176,POINT (-87.710779417553 41.869892949375)
O1829642,BICYCLE,5fa347d8e5ed3bd4774ad969bfd94db63a9118a246c0bbae7f88781a9e0200a496794776de5862894b80735fdb08fdec5551316ffcaea63ddd2d58ded2ab10cd,05/29/2024 09:55:00 AM,M,30.0,BICYCLE HELMET (PEDACYCLIST INVOLVED ONLY),CROSSING - WITH SIGNAL,IN CROSSWALK,TEST NOT OFFERED,,30,CLEAR,DAYLIGHT,PEDALCYCLIST,FOUR WAY,STRAIGHT AND LEVEL,UNKNOWN,INJURY AND / OR TOW DUE TO CRASH,DEARBORN ST,41.8979197439,-87.6299603379,POINT (-87.629960337852 41.897919743857)
O1829501,BICYCLE,c98b8c58557e6ca63cb699443442f65f646f3fc0151a316f86b4d9cfb4c0113e085119bd0476a49a7b7244ce18164116dd94b8791746816d40ec5991a8bcb91f,05/29/2024 06:55:00 AM,X,,BICYCLE HELMET (PEDACYCLIST INVOLVED ONLY),WITH TRAFFIC,IN ROADWAY,TEST NOT OFFERED,,30,CLEAR,DAYLIGHT,PEDALCYCLIST,NOT DIVIDED,STRAIGHT AND LEVEL,DRY,NO INJURY / DRIVE AWAY,MONTROSE AVE,41.9608371077,-87.7471943235,POINT (-87.747194323508 41.960837107696)
O1830046,BICYCLE,776101bc19687d4a13867302039f32c6b82c25e4093d47f389172314fcce16bbd5169ec994b386f408c3c1232992962100339e6967beced7e091d37b5ed8737c,05/28/2024 10:30:00 PM,M,28.0,HELMET NOT USED,CROSSING - NO CONTROLS (NOT AT INTERSECTION),IN ROADWAY,,,30,CLEAR,DUSK,PEDALCYCLIST,T-INTERSECTION,STRAIGHT AND LEVEL,WET,INJURY AND / OR TOW DUE TO CRASH,COLUMBUS DR,41.8870602768,-87.6205553611,POINT (-87.620555361101 41.887060276803)
O1829454,BICYCLE,9f5a0306f49f50b4013272de214e4e658d8bf09a24ff958533bda16eeb55a9b323bf859d077b68f4a229cafab1b20933d1f368d9910ddb9a0a8a36dd669e2d22,05/28/2024 10:23:00 PM,M,,HELMET NOT USED,UNKNOWN/NA,IN CROSSWALK,TEST NOT OFFERED,,40,RAIN,"DARKNESS, LIGHTED ROAD",PEDALCYCLIST,NOT DIVIDED,STRAIGHT AND LEVEL,WET,NO INJURY / DRIVE AWAY,COLUMBUS DR,41.8869732009,-87.6208483326,POINT (-87.620848332588 41.886973200874)
O1829347,BICYCLE,d7734d12752187e9813c04c0914f5929b1f93f3aa4fb3dc08ea0ef62f7b095ea34b800277ab7010f873a156cb08ea9e821affc51f5973794998afcbac134922c,05/28/2024 07:10:00 PM,M,7.0,HELMET NOT USED,ENTER FROM DRIVE/ALLEY,DRIVEWAY ACCESS,TEST NOT OFFERED,,20,CLEAR,DAYLIGHT,PEDALCYCLIST,ONE-WAY,STRAIGHT AND LEVEL,WET,INJURY AND / OR TOW DUE TO CRASH,23RD ST,41.8499251838,-87.7173590537,POINT (-87.717359053703 41.849925183842)
O1837098,BICYCLE,e33c3a6b2612fe6763d2a1a5f82cd51724389098f232c741351b8b195f8665dd551e99394b4a84be6c38f3150b2d4dc50222729a649da1d0926030cd714d9333,05/28/2024 05:15:00 PM,F,37.0,BICYCLE HELMET (PEDACYCLIST INVOLVED ONLY),WITH TRAFFIC,IN ROADWAY,TEST NOT OFFERED,,30,CLEAR,DAYLIGHT,PEDALCYCLIST,FOUR WAY,STRAIGHT AND LEVEL,DRY,INJURY AND / OR TOW DUE TO CRASH,GRANVILLE AVE,41.9945965661,-87.6661625208,POINT (-87.666162520789 41.994596566056)
O1829309,BICYCLE,6109d16e914a778907b9f3ff041cc3c93700aa12d9b7dc056fd9656797bc68dbfaccbc4f2143a69d43d69e0ce03142eab6b8f15d3a552ad02f8dd5d39d796f08,05/28/2024 01:15:00 PM,M,0.0,HELMET NOT USED,CROSSING - NO CONTROLS (NOT AT INTERSECTION),IN CROSSWALK,TEST NOT OFFERED,,15,CLEAR,DAYLIGHT,PEDALCYCLIST,ALLEY,STRAIGHT AND LEVEL,WET,INJURY AND / OR TOW DUE TO CRASH,HONORE ST,42.015026627,-87.6765932336,POINT (-87.676593233641 42.015026627022)
O1828893,BICYCLE,f64a60bf577b37db5ab9d73a0ea02301266c55bf1bf5c5f7ad0b3cc377ba622711fcf23bb7087ff6f6d21230615b585b92d44b27b21701fd1fa72c8f9bd041f1,05/28/2024 10:30:00 AM,M,,HELMET NOT USED,AGAINST TRAFFIC,BIKE LANE,TEST NOT OFFERED,,20,CLEAR,DAYLIGHT,PEDALCYCLIST,NOT DIVIDED,STRAIGHT AND LEVEL,DRY,NO INJURY / DRIVE AWAY,RICE ST,41.8960658208,-87.7455677998,POINT (-87.74556779982 41.89606582077)
O1828890,BICYCLE,61f769e23251f5aa25b2e211e166daa868a366d12171215da1e86587bda3824b7ed20dfcea3606a2a9977fba65d40d2170f61d5d28e1958edc99bc4e39589c0c,05/28/2024 09:46:00 AM,M,31.0,HELMET NOT USED,OTHER ACTION,IN CROSSWALK,TEST NOT OFFERED,,30,CLEAR,DAYLIGHT,PEDALCYCLIST,FOUR WAY,STRAIGHT AND LEVEL,DRY,INJURY AND / OR TOW DUE TO CRASH,CICERO AVE,41.8959056458,-87.7456828499,POINT (-87.745682849864 41.89590564576)
O1828765,BICYCLE,a41d5ab1224de7d60a2460dafb5254c06472c7fc372d9eb3afe0ead7e3d52b1e6dfb0b0b683a70bd3e6f43887c07cdeadc6418ce71676638f3d485d72847f5d3,05/28/2024 08:20:00 AM,M,21.0,HELMET NOT USED,WITH TRAFFIC,DRIVEWAY ACCESS,TEST NOT OFFERED,,30,CLEAR,DAYLIGHT,PEDALCYCLIST,DRIVEWAY,STRAIGHT AND LEVEL,DRY,INJURY AND / OR TOW DUE TO CRASH,CANAL ST,41.8688897111,-87.6390989281,POINT (-87.639098928088 41.868889711112)
O1828782,BICYCLE,c8f5c91f94a81dc230d93d35173c4b826e2ce93311050d196bb215352966c4b821a05ebeea9e47621f3af871982335877d8308d30422045b87152f06a42f9ff5,05/28/2024 08:05:00 AM,M,4.0,BICYCLE HELMET (PEDACYCLIST INVOLVED ONLY),CROSSING - WITH SIGNAL,BIKE LANE,TEST NOT OFFERED,,35,CLEAR,DAYLIGHT,PEDALCYCLIST,NOT DIVIDED,STRAIGHT AND LEVEL,DRY,INJURY AND / OR TOW DUE TO CRASH,JACKSON BLVD,41.8775166149,-87.6665660853,POINT (-87.666566085298 41.877516614898)
O1828595,BICYCLE,8ae727a7c17c542cad858b158f3ba2d860374a5fe5beb374931b6a8b1afdcae922414b1616333257743ee2cae432fe599df7ee26547a3787210d920e4b1b2341,05/27/2024 09:13:00 PM,M,22.0,HELMET NOT USED,OTHER ACTION,IN ROADWAY,TEST NOT OFFERED,Y,30,RAIN,"DARKNESS, LIGHTED ROAD",PEDALCYCLIST,NOT DIVIDED,STRAIGHT AND LEVEL,WET,INJURY AND / OR TOW DUE TO CRASH,CLARK ST,41.944655826,-87.6546280651,POINT (-87.654628065084 41.944655825988)
O1828535,BICYCLE,af1cebe0162494a121b627ca2fe89877eeba71fb89c5fac3043fcf312a7ebf7f4f36c68f4457a04680bdd1fc5300261ea3e13e7fee2e9a251a446d202d90ec80,05/27/2024 06:36:00 PM,M,28.0,HELMET NOT USED,CROSSING - WITH SIGNAL,IN CROSSWALK,TEST NOT OFFERED,,35,CLEAR,DAYLIGHT,PEDALCYCLIST,DIVIDED - W/MEDIAN (NOT RAISED),STRAIGHT AND LEVEL,DRY,INJURY AND / OR TOW DUE TO CRASH,WESTERN BLVD,41.8086127913,-87.6837320811,POINT (-87.683732081075 41.808612791332)
O1828362,BICYCLE,be716dda397ca4545b3ed631a89997d32e42df5bead135ba971291782717add3114022f5bce99acf6dcaee82ab32613c6e9a539bb54d1d7747952408026d5ecd,05/27/2024 12:54:00 PM,F,27.0,BICYCLE HELMET (PEDACYCLIST INVOLVED ONLY),TURNING LEFT,IN ROADWAY,TEST NOT OFFERED,,35,CLEAR,DAYLIGHT,PEDALCYCLIST,Y-INTERSECTION,STRAIGHT AND LEVEL,DRY,NO INJURY / DRIVE AWAY,BROADWAY,41.953427245,-87.6496479582,POINT (-87.649647958221 41.953427245011)
O1829607,NON-MOTOR VEHICLE,6e05a42596651a1ab8547a7d4cc7c2a57b6383e50f43c72f47f9296e97a8bfa8952cdf5f8158b41d1c8ae9b1fa7a31947804fe34677310d071c0074172d636c5,05/27/2024 11:20:00 AM,,,NONE PRESENT,,,,,10,CLEAR,DAYLIGHT,FIXED OBJECT,OTHER,STRAIGHT AND LEVEL,DRY,NO INJURY / DRIVE AWAY,WOOD ST,41.8857852656,-87.6717226917,POINT (-87.671722691743 41.885785265554)
O1828164,BICYCLE,7fe3932e665b56a9562501be9e4eeb4030f2a7eca649ad1afaa8fa4d3390ab4d740f260b9480ee6b8a0e84f1856c1676b537b5e567b0c9de3290fe7970d812fc,05/26/2024 09:15:00 PM,M,16.0,HELMET NOT USED,WITH TRAFFIC,BIKEWAY,TEST NOT OFFERED,Y,30,UNKNOWN,DARKNESS,PEDALCYCLIST,NOT DIVIDED,STRAIGHT AND LEVEL,UNKNOWN,INJURY AND / OR TOW DUE TO CRASH,ARMITAGE AVE,41.9171793684,-87.7339493012,POINT (-87.733949301158 41.917179368388)
O1829152,BICYCLE,a59d8961d2c5110966ea468336a59af6b7561e1dfcbfc95318f3212f6d8cb8e26a14c6e49d3cf40988440036497a38c7b47559eccf3e9be3a5b336d2980fd61a,05/26/2024 06:15:00 PM,M,33.0,HELMET NOT USED,UNKNOWN/NA,SHOULDER,TEST NOT OFFERED,,30,CLEAR,DAWN,PEDALCYCLIST,ONE-WAY,STRAIGHT AND LEVEL,DRY,NO INJURY / DRIVE AWAY,ASHLAND AVE,41.8981044562,-87.6674948714,POINT (-87.667494871358 41.898104456164)
O1827939,BICYCLE,e01255f518cfb528cc6ca87a04e2e78156742d9ec4f75958bb0d2326535bfdcbe41e6f7c05a7ad9b1cb181aa64c13131f4cab9dff8f7e7ecdbbda25fcabb406a,05/26/2024 05:30:00 PM,M,23.0,HELMET NOT USED,WITH TRAFFIC,IN ROADWAY,TEST NOT OFFERED,,30,CLEAR,DAYLIGHT,PEDALCYCLIST,NOT DIVIDED,STRAIGHT AND LEVEL,DRY,NO INJURY / DRIVE AWAY,CLARK ST,41.9501652845,-87.6587317061,POINT (-87.658731706116 41.95016528448)
O1828234,BICYCLE,8eac6e77d15e2958a7062871f802ad9da1aa9f036433a34f92c5ff6864f30155f56c0bc92c117fb4bf636f7b43d27efb333dc88c1b9f9389f91bb3e62a469d7f,05/26/2024 09:15:00 AM,M,35.0,HELMET NOT USED,AGAINST TRAFFIC,IN CROSSWALK,TEST NOT OFFERED,Y,30,UNKNOWN,DAYLIGHT,PEDALCYCLIST,FOUR WAY,STRAIGHT AND LEVEL,UNKNOWN,INJURY AND / OR TOW DUE TO CRASH,TAYLOR ST,41.8690868604,-87.6860434183,POINT (-87.686043418279 41.869086860414)
O1827527,BICYCLE,2b1947c42583f4090f37e8911fbd8b0b46706f28b18ae28e34c85ddd660f20ad63dbe9bd390b3c5e356288a66dfff7d9e543c2b8d6eb970739ff5c791b1fd9b3,05/26/2024 01:10:00 AM,M,26.0,HELMET NOT USED,CROSSING - AGAINST SIGNAL,IN ROADWAY,TEST NOT OFFERED,,30,CLEAR,"DARKNESS, LIGHTED ROAD",PEDALCYCLIST,FOUR WAY,STRAIGHT AND LEVEL,DRY,INJURY AND / OR TOW DUE TO CRASH,ELSTON AVE,41.9465491648,-87.708952626,POINT (-87.708952626035 41.946549164806)
O1827520,BICYCLE,774645bf002e782a0e39fc643b573338f9eceb50e3e30f503cbba124d9d710df52aa8b20edd74a48a65e0f3d9a76ed937e8ae009b8b275b61c3e0af473bfe94a,05/25/2024 11:51:00 PM,M,21.0,HELMET NOT USED,CROSSING - NO CONTROLS (AT INTERSECTION),IN ROADWAY,TEST NOT OFFERED,,30,CLEAR,"DARKNESS, LIGHTED ROAD",PEDALCYCLIST,DIVIDED - W/MEDIAN (NOT RAISED),STRAIGHT AND LEVEL,DRY,INJURY AND / OR TOW DUE TO CRASH,47TH ST,41.8077270168,-87.7432293657,POINT (-87.743229365663 41.807727016772)
O1830200,BICYCLE,3ee3b45a1dd550d60d5f89aba6eb1ad31926e78054c748751e89689f3ad8f4cc8efeb3f18c23982d697b82aa60ca68a8a24eb6f0fcb8fe0cef2ba7e31de18a77,05/25/2024 11:00:00 PM,F,24.0,HELMET NOT USED,WITH TRAFFIC,IN ROADWAY,TEST NOT OFFERED,,30,CLEAR,"DARKNESS, LIGHTED ROAD",PEDALCYCLIST,ONE-WAY,STRAIGHT AND LEVEL,DRY,NO INJURY / DRIVE AWAY,GRAND AVE,41.8915705183,-87.6277379841,POINT (-87.627737984132 41.89157051834)
O1827630,BICYCLE,facb57d9e553fe23a9a4b30fa4ae38ec6356695d31c7f683706731770f7a9a309dd7d90b4931290e933f3ac4b40adb30e4e88d631aafd6949a734cc12b944ffd,05/25/2024 10:30:00 PM,M,,HELMET NOT USED,UNKNOWN/NA,IN ROADWAY,TEST NOT OFFERED,,30,CLEAR,"DARKNESS, LIGHTED ROAD",PEDALCYCLIST,ONE-WAY,STRAIGHT AND LEVEL,DRY,NO INJURY / DRIVE AWAY,CLARK ST,41.9054714445,-87.631349158,POINT (-87.63134915801 41.905471444522)
O1827791,BICYCLE,2b83294fe6a0f951c53138bbcb0dbc698eabd92cd0437c7182a782ad267177f82f4eda1717bce1c410e21e8446a8eae5cef2c17ad312f19c1b89c5f5ba713496,05/25/2024 09:30:00 PM,M,23.0,HELMET NOT USED,WITH TRAFFIC,BIKEWAY,TEST NOT OFFERED,,30,CLEAR,"DARKNESS, LIGHTED ROAD",PEDALCYCLIST,DIVIDED - W/MEDIAN (NOT RAISED),STRAIGHT AND LEVEL,DRY,INJURY AND / OR TOW DUE TO CRASH,LAWRENCE AVE,41.9685476794,-87.7098363259,POINT (-87.709836325901 41.968547679358)
O1827388,BICYCLE,d454f4340e5cb1de95d6b0993a43857d8b8f251a837cb68e4496ddddec70eabebd478127c56d5df4998ceb413fd9ee02d250ca4b639c649be9e51fd2deb83835,05/25/2024 07:40:00 PM,M,,HELMET NOT USED,AGAINST TRAFFIC,IN ROADWAY,,,35,CLEAR,DAYLIGHT,PEDALCYCLIST,NOT DIVIDED,STRAIGHT AND LEVEL,DRY,NO INJURY / DRIVE AWAY,ELIZABETH ST,41.6710895836,-87.6525052417,POINT (-87.652505241684 41.671089583604)
O1827393,BICYCLE,9777b306016ca31bafb0da748f35c82012761b23044621c366720df69cc5f763211b9d207d3eafd2d1785d6eadcae31149e40ef79603c53ee9dafe5274d15463,05/25/2024 06:21:00 PM,M,16.0,HELMET NOT USED,CROSSING - WITH SIGNAL,IN CROSSWALK,TEST NOT OFFERED,,30,CLEAR,DAYLIGHT,PEDALCYCLIST,FOUR WAY,STRAIGHT AND LEVEL,DRY,INJURY AND / OR TOW DUE TO CRASH,IRVING PARK RD,41.9526554062,-87.8073313241,POINT (-87.807331324127 41.952655406155)
O1827302,BICYCLE,3984fcbc7a132d507cf82616076830d6ce42d41e8eb820759a27f03b25e0cc68d279dca4e2b2ba167f7ddd2dc8ed6601cbd3c2a07e31c7bb977738707a883bce,05/25/2024 05:33:00 PM,M,13.0,HELMET NOT USED,OTHER ACTION,NOT IN ROADWAY,TEST NOT OFFERED,,30,CLEAR,DAYLIGHT,PEDALCYCLIST,OTHER,STRAIGHT AND LEVEL,DRY,INJURY AND / OR TOW DUE TO CRASH,ELSTON AVE,41.9662273921,-87.7371836221,POINT (-87.737183622119 41.966227392086)
O1827376,NON-MOTOR VEHICLE,bdf0f45124641b833fdddfad91285299b1297d2931c8fa0ec5c4b031ba05b97939c2f3bab7c9dbc649c221e539ae61853619fe7c525732107fd0433cbb5dfdba,05/25/2024 05:27:00 PM,X,,,UNKNOWN/NA,UNKNOWN/NA,TEST NOT OFFERED,Y,15,CLEAR,DAYLIGHT,FIXED OBJECT,ALLEY,STRAIGHT AND LEVEL,DRY,NO INJURY / DRIVE AWAY,63RD ST,41.7791805465,-87.6964829399,POINT (-87.696482939943 41.779180546491)
O1827305,NON-MOTOR VEHICLE,f0de8cef319e84f8c2a6d0199a0ef7a30cb6a61a44c68a7774065e4048546da86eeb745a8f89d15a60c71a200fae6d87ca10de8d7904c46b1b4197820c36063a,05/25/2024 05:09:00 PM,,,HELMET NOT USED,PLAYING IN ROADWAY,IN ROADWAY,,N,25,CLEAR,DAYLIGHT,OTHER NONCOLLISION,ONE-WAY,STRAIGHT AND LEVEL,DRY,NO INJURY / DRIVE AWAY,EBERHART AVE,41.7561945778,-87.612769968,POINT (-87.612769968035 41.756194577773)
O1827316,BICYCLE,42161f2647b7eccabd68416bb3665a96373fa4b7723623733ac38c5b460dcc39f210aa01a822aebe39336b974f1a5fcf2e85fb305e517f371155de75517e71b6,05/25/2024 05:05:00 PM,F,31.0,BICYCLE HELMET (PEDACYCLIST INVOLVED ONLY),UNKNOWN/NA,IN ROADWAY,TEST NOT OFFERED,,25,CLEAR,DAYLIGHT,PEDALCYCLIST,DIVIDED - W/MEDIAN BARRIER,STRAIGHT AND LEVEL,DRY,INJURY AND / OR TOW DUE TO CRASH,MONTROSE AVE,41.9613673464,-87.6971897757,POINT (-87.697189775746 41.961367346407)
O1827209,BICYCLE,430b7533d0923ec5be8f30ebf3c87822726ab72c900a8d8daeb27d2eeab3ebe05e34292bb586cad86582b14da546f30fd755414069c50dbf95a1d785f393a28e,05/25/2024 03:28:00 PM,M,59.0,BICYCLE HELMET (PEDACYCLIST INVOLVED ONLY),NOT AT INTERSECTION,IN ROADWAY,TEST NOT OFFERED,,30,CLEAR,DAYLIGHT,PEDALCYCLIST,NOT DIVIDED,STRAIGHT AND LEVEL,DRY,INJURY AND / OR TOW DUE TO CRASH,NORTHWEST HWY,41.998083252,-87.808397703,POINT (-87.808397702977 41.998083251992)