PERSON_ID,PERSON_TYPE,CRASH_RECORD_ID,CRASH_DATE_x,SEX,AGE,SAFETY_EQUIPMENT,PEDPEDAL_ACTION,PEDPEDAL_LOCATION,BAC_RESULT,CRASH_DATE_EST_I,POSTED_SPEED_LIMIT,WEATHER_CONDITION,LIGHTING_CONDITION,FIRST_CRASH_TYPE,TRAFFICWAY_TYPE,ALIGNMENT,ROADWAY_SURFACE_COND,CRASH_TYPE,STREET_NAME,LATITUDE,LONGITUDE,LOCATION
O1830895,NON-MOTOR VEHICLE,9330186860a8a3d43899d3f6321f4be189a7db88838dd76204e6fd522a0669d62611ce47e3f69220c69bd68f1aa0316a40602685ac5f2dd7b074e39cbc1000db,05/25/2024 02:45:00 PM,,,,CROSSING - NO CONTROLS (NOT AT INTERSECTION),NOT IN ROADWAY,,,25,CLEAR,DAYLIGHT,OTHER OBJECT,ALLEY,STRAIGHT AND LEVEL,DRY,NO INJURY / DRIVE AWAY,BERTEAU AVE,41.9568301519,-87.7754617629,POINT (-87.775461762855 41.956830151887)
O1827134,BICYCLE,bc3e7774008ba8d48d3d418c0c1b68dee36210d56e4b627b2ea315cfed4332e79ad141108cd3d6c7e4cec17e1bcd72f270c41537e46a40a71594bffe7bf6015f,05/25/2024 01:53:00 PM,M,57.0,BICYCLE HELMET (PEDACYCLIST INVOLVED ONLY),WITH TRAFFIC,IN ROADWAY,TEST NOT OFFERED,,30,CLEAR,DAYLIGHT,PEDALCYCLIST,NOT DIVIDED,STRAIGHT AND LEVEL,DRY,INJURY AND / OR TOW DUE TO CRASH,SHERIDAN RD,41.9655326619,-87.6546429152,POINT (-87.654642915162 41.9655326619)
O1827180,BICYCLE,9ec9c9fc1898aa56c9d5eeeaa465de32b0bc30ee43d5adaefceeecc2723dd365da6af8d1ffd8618c26c632b701e813a6416c0b1c04eb24b98a62f4518cdaf43f,05/25/2024 01:35:00 PM,M,24.0,BICYCLE HELMET (PEDACYCLIST INVOLVED ONLY),AGAINST TRAFFIC,IN CROSSWALK,TEST NOT OFFERED,,25,CLEAR,DAYLIGHT,PEDALCYCLIST,NOT DIVIDED,STRAIGHT AND LEVEL,DRY,INJURY AND / OR TOW DUE TO CRASH,WOOD ST,41.8558547517,-87.6711930491,POINT (-87.671193049076 41.855854751743)
O1827067,NON-MOTOR VEHICLE,90c2fd3c839d729e81e752e2e0c858570cbeab3561cd067d4ef202cb85e31fcf00e56d9a642b86fa835de921276020d5e6191187a139626eb97aac7c55d8959f,05/25/2024 12:30:00 PM,,,,,,,,30,CLEAR,DAYLIGHT,OTHER OBJECT,DIVIDED - W/MEDIAN (NOT RAISED),STRAIGHT AND LEVEL,DRY,NO INJURY / DRIVE AWAY,LAKE ST,41.8850109009,-87.7195066008,POINT (-87.719506600815 41.885010900942)
O1827048,BICYCLE,1a7ba9f9822ad1a3ea604e518c7c86f6c222f3ba3e7d81d618d26d72f79779eb4c004439af333f60fe3fb8208a0ed34c004f889480e3642c03b67801fa97421b,05/25/2024 11:30:00 AM,M,48.0,HELMET NOT USED,AGAINST TRAFFIC,IN ROADWAY,TEST NOT OFFERED,,30,CLEAR,DAYLIGHT,PEDALCYCLIST,DIVIDED - W/MEDIAN (NOT RAISED),STRAIGHT AND LEVEL,DRY,INJURY AND / OR TOW DUE TO CRASH,KEDZIE AVE,41.8498575327,-87.7053434771,POINT (-87.705343477103 41.849857532654)
O1826944,NON-MOTOR VEHICLE,1fa47efeeb46f19c03055a16209e5f30c43648351ebec071a5b13389c962cffb1a46a945f8cec92597242c670bee5d4b60e0bfc429c756d16fc5278565f9f42a,05/25/2024 08:30:00 AM,,,,,,,,10,CLEAR,DAYLIGHT,FIXED OBJECT,DRIVEWAY,STRAIGHT AND LEVEL,DRY,NO INJURY / DRIVE AWAY,100TH ST,41.712192163,-87.6650911757,POINT (-87.665091175673 41.712192163004)
O1831326,BICYCLE,c1a6aa2ef6a4e0c1489181a9518005fcabff8f0667e7306063cb04355141e8ae03222bfc407fb9c136168ee5c4a2c0691bfc604733e31d1c40ccae646f3bcdd5,05/24/2024 07:30:00 PM,M,23.0,HELMET NOT USED,WITH TRAFFIC,IN ROADWAY,TEST NOT OFFERED,,30,UNKNOWN,UNKNOWN,PEDALCYCLIST,NOT DIVIDED,STRAIGHT AND LEVEL,UNKNOWN,INJURY AND / OR TOW DUE TO CRASH,LAWRENCE AVE,41.9683584969,-87.7068542289,POINT (-87.706854228852 41.96835849694)
O1826411,NON-MOTOR VEHICLE,f637cec8075a5c94ae17cae3ea0555ca6c98961bc60d7bf9fa591dd8f1549c0c02bf3a6267a99506348e01faa431a07e3aaa2b62eb9f8d35fe159e84fb283a7d,05/24/2024 02:39:00 PM,M,,NONE PRESENT,ENTER FROM DRIVE/ALLEY,IN ROADWAY,TEST NOT OFFERED,,30,CLEAR,DAYLIGHT,OTHER OBJECT,NOT DIVIDED,STRAIGHT AND LEVEL,WET,INJURY AND / OR TOW DUE TO CRASH,CUYLER AVE,41.9551323426,-87.6666630118,POINT (-87.666663011762 41.955132342585)
O1826396,BICYCLE,ef982ee6165845e9ed5da000371a3b5f0818d1d3fc15dad1fd7dd9b2112a64bbabca84b9fa303b20663d976a4ada274b782742559838be5739e457911b99c1fd,05/24/2024 02:00:00 PM,M,,HELMET NOT USED,CROSSING - NO CONTROLS (NOT AT INTERSECTION),IN ROADWAY,TEST NOT OFFERED,,30,CLEAR,DAYLIGHT,PEDALCYCLIST,NOT DIVIDED,STRAIGHT AND LEVEL,DRY,NO INJURY / DRIVE AWAY,MARSHFIELD AVE,41.9032750195,-87.6685726376,POINT (-87.668572637646 41.903275019487)
O1826316,BICYCLE,2a9b43d647d01b78bba6dabf14d42361aa6a46304c3596332833209f171c586f107f63058db101ab4b4c97b0bdf606eae036a8b8399eb21d056b11edbd46dbfc,05/24/2024 01:00:00 PM,M,29.0,HELMET NOT USED,UNKNOWN/NA,IN ROADWAY,TEST NOT OFFERED,,30,RAIN,DAYLIGHT,PEDALCYCLIST,FOUR WAY,STRAIGHT AND LEVEL,DRY,INJURY AND / OR TOW DUE TO CRASH,ORLEANS ST,41.8947091562,-87.6372715049,POINT (-87.637271504933 41.894709156227)
O1826198,BICYCLE,7d939a95a1e0d14a2af7919ef1bf79da2bb7bb67d4578ecfde6f9cf7fffc286281a15c9920bec2a88235ebfe7dd73a8cf31c3be1efb1165daa97f063ee3ef68b,05/24/2024 11:05:00 AM,F,23.0,BICYCLE HELMET (PEDACYCLIST INVOLVED ONLY),CROSSING - WITH SIGNAL,NOT IN ROADWAY,TEST NOT OFFERED,,30,CLEAR,DAYLIGHT,PEDALCYCLIST,NOT DIVIDED,STRAIGHT AND LEVEL,DRY,NO INJURY / DRIVE AWAY,ASHLAND AVE,41.9215849114,-87.6687731076,POINT (-87.6687731076 41.921584911368)
O1826209,BICYCLE,d78dd145d1ba2ad96aeedccdf2e1ed8029b386898cdac1e8f2baeede1cb87cb041cb21378cb10126e4aa3fb4c7f1d6dccc3d75aeed0d132863b29b563916601a,05/24/2024 10:35:00 AM,M,29.0,HELMET NOT USED,WITH TRAFFIC,IN ROADWAY,TEST NOT OFFERED,,30,CLEAR,DAYLIGHT,PEDALCYCLIST,DIVIDED - W/MEDIAN (NOT RAISED),STRAIGHT AND LEVEL,DRY,INJURY AND / OR TOW DUE TO CRASH,FULLERTON AVE,41.9241136664,-87.7474895705,POINT (-87.747489570453 41.924113666394)
O1826138,BICYCLE,5872abff4df499bfd37ac03587e9a4f05e77e4bed3d53c7abaa428f8d2519fabb548f3f472daca22bf13f6c3fa1bac038cbae9e4a49341401b71a0c739a728c1,05/24/2024 09:40:00 AM,M,,HELMET NOT USED,TURNING RIGHT,IN ROADWAY,TEST NOT OFFERED,,30,CLEAR,DAYLIGHT,PEDALCYCLIST,DIVIDED - W/MEDIAN (NOT RAISED),STRAIGHT AND LEVEL,DRY,NO INJURY / DRIVE AWAY,BROADWAY,41.9823396909,-87.660179758,POINT (-87.660179757985 41.982339690869)
O1826126,BICYCLE,9b7aa32fd2c329763a4e9d4dd7153588ae844bb3abf2835747d00d4eb5e56d4b0a22ff49e4b7aae3dfcb65351a1d84a7b969819841f07833a65035a6060223fd,05/24/2024 08:51:00 AM,M,24.0,HELMET NOT USED,CROSSING - AGAINST SIGNAL,IN CROSSWALK,TEST NOT OFFERED,,35,CLEAR,DAYLIGHT,PEDALCYCLIST,NOT DIVIDED,STRAIGHT AND LEVEL,DRY,INJURY AND / OR TOW DUE TO CRASH,KINZIE ST,41.8891932791,-87.638150695,POINT (-87.63815069502 41.889193279096)
O1826053,BICYCLE,63f0c1380bda4d5984846629b1ae382907c8f576338dac498d175e075ff2c330cb1f685e842e32e855907f58f664ba7d5e8f68a24aa1a1298c3b5c5ce9ea142e,05/24/2024 07:00:00 AM,F,34.0,BICYCLE HELMET (PEDACYCLIST INVOLVED ONLY),UNKNOWN/NA,IN ROADWAY,TEST NOT OFFERED,,30,CLEAR,DAYLIGHT,PEDALCYCLIST,FOUR WAY,STRAIGHT AND LEVEL,DRY,INJURY AND / OR TOW DUE TO CRASH,RACINE AVE,41.9461812872,-87.6590034617,POINT (-87.659003461718 41.946181287217)
O1826011,BICYCLE,4204aafc8927dcae238324d7df9e30239b73e2744c3cc0145241945133c7f6a2c4672f6c4d5a83aa7ff1138b171b971e31008879e892a46345a7884f92bad2a3,05/23/2024 11:20:00 PM,M,35.0,HELMET NOT USED,WITH TRAFFIC,IN ROADWAY,TEST NOT OFFERED,N,30,CLEAR,"DARKNESS, LIGHTED ROAD",PEDALCYCLIST,NOT DIVIDED,STRAIGHT AND LEVEL,DRY,INJURY AND / OR TOW DUE TO CRASH,MILWAUKEE AVE,41.9266350269,-87.7031992526,POINT (-87.703199252593 41.926635026916)
O1826387,BICYCLE,426b9930187120f081c438d833f6471fd3bbd9a508808b0e939deb90fb19cb0b1b4d2dc6c7b342ecf94084f8135c35bc3a924f173a11182d54edfdcd84bb0d97,05/23/2024 09:50:00 PM,M,49.0,HELMET NOT USED,CROSSING - WITH SIGNAL,IN CROSSWALK,TEST NOT OFFERED,,30,CLEAR,"DARKNESS, LIGHTED ROAD",PEDALCYCLIST,DIVIDED - W/MEDIAN (NOT RAISED),STRAIGHT AND LEVEL,DRY,INJURY AND / OR TOW DUE TO CRASH,ASHLAND AVE,41.8159329755,-87.6652963278,POINT (-87.66529632779 41.815932975472)
O1826019,BICYCLE,81d55749164740d180ffb50e2004cefa7f5cd2ef0caf37759d96e25777a8f9c8805f6bcf1de06c55aa5f8ee952e01a920e032f80416a23827de455481f40ec7f,05/23/2024 09:50:00 PM,F,26.0,HELMET NOT USED,OTHER ACTION,UNKNOWN/NA,TEST NOT OFFERED,,30,CLEAR,"DARKNESS, LIGHTED ROAD",PEDALCYCLIST,CENTER TURN LANE,STRAIGHT AND LEVEL,DRY,INJURY AND / OR TOW DUE TO CRASH,ROOSEVELT RD,41.8673073839,-87.64378147,POINT (-87.643781469971 41.867307383851)
O1826646,BICYCLE,e62ef17dc3cf7799cbf222336064573fa8f6c0efcc806444efbc16e44b81974933ef7b45e901df345afccd28513dbfbe87bc8650a0ec3316b1f4e3734c71814c,05/23/2024 08:30:00 PM,F,30.0,BICYCLE HELMET (PEDACYCLIST INVOLVED ONLY),WITH TRAFFIC,BIKE LANE,TEST NOT OFFERED,,30,CLEAR,"DARKNESS, LIGHTED ROAD",PEDALCYCLIST,DIVIDED - W/MEDIAN (NOT RAISED),STRAIGHT AND LEVEL,DRY,INJURY AND / OR TOW DUE TO CRASH,MILWAUKEE AVE,41.9244825632,-87.6996928656,POINT (-87.699692865621 41.924482563172)
O1826522,BICYCLE,8cd12d41a90b0e8cf6f0549ef254890df927e4c2ec25fa11621756f68f064b40f0d706a61aeede655e6519af16c98af1d7f9c5b61de67e5c236545bae8c4d89a,05/23/2024 07:45:00 PM,M,46.0,BICYCLE HELMET (PEDACYCLIST INVOLVED ONLY),CROSSING - WITH SIGNAL,BIKE LANE,TEST NOT OFFERED,,30,CLEAR,"DARKNESS, LIGHTED ROAD",PEDALCYCLIST,FOUR WAY,STRAIGHT AND LEVEL,DRY,INJURY AND / OR TOW DUE TO CRASH,MILWAUKEE AVE,41.9031616147,-87.6664030927,POINT (-87.666403092653 41.90316161473)
O1825947,BICYCLE,398c0d860ff2c514db8669acee442f4bba655631ee48a691c73bc351c92a78eacf22504c184f74c9e6e30a229aac32e61a4b2dc44b92dfb91b5a9a34b759c002,05/23/2024 07:15:00 PM,M,51.0,BICYCLE HELMET (PEDACYCLIST INVOLVED ONLY),WITH TRAFFIC,IN ROADWAY,TEST NOT OFFERED,,30,CLEAR,"DARKNESS, LIGHTED ROAD",PEDALCYCLIST,NOT DIVIDED,STRAIGHT AND LEVEL,DRY,NO INJURY / DRIVE AWAY,SHEFFIELD AVE,41.9176793617,-87.6532067589,POINT (-87.653206758852 41.917679361659)
O1829293,BICYCLE,85b0b301005f5727c0d6422ae14f03ecf43f048140cd931ca7cfd16fee2542531144039d378733b65c184316c150a33d6ddb685766336d34b350ee6c1bbbd10a,05/23/2024 06:00:00 PM,M,32.0,BICYCLE HELMET (PEDACYCLIST INVOLVED ONLY),WITH TRAFFIC,BIKE LANE,TEST NOT OFFERED,,30,CLEAR,DAYLIGHT,PEDALCYCLIST,DIVIDED - W/MEDIAN (NOT RAISED),STRAIGHT AND LEVEL,UNKNOWN,INJURY AND / OR TOW DUE TO CRASH,MONTROSE AVE,41.9616819225,-87.670683254,POINT (-87.670683254044 41.961681922525)
O1825851,NON-MOTOR VEHICLE,7e6d3bf1052d1829f9bd7122095d827cdf9d7a6830661f657a71a804727da455038b8029d34da443e7ea9cca9a3ff945ad98320dbf5cb0e105748bef8a35f58c,05/23/2024 05:53:00 PM,F,26.0,HELMET NOT USED,CROSSING - WITH SIGNAL,IN CROSSWALK,TEST NOT OFFERED,,30,CLEAR,DAYLIGHT,OTHER OBJECT,FOUR WAY,STRAIGHT AND LEVEL,DRY,INJURY AND / OR TOW DUE TO CRASH,ASHLAND AVE,41.8086234246,-87.6648261852,POINT (-87.664826185223 41.808623424602)
O1826482,BICYCLE,cc371e01d539cb7f97763bfc1c706a644831341bc7ac1eb535cd93021cc59b2afede5aae14030bdebc2f6883dca115ab3674a5317ad64811aec152717b758550,05/23/2024 04:45:00 PM,F,36.0,BICYCLE HELMET (PEDACYCLIST INVOLVED ONLY),WITH TRAFFIC,BIKEWAY,TEST NOT OFFERED,,30,CLEAR,DAYLIGHT,PEDALCYCLIST,DIVIDED - W/MEDIAN (NOT RAISED),STRAIGHT AND LEVEL,DRY,INJURY AND / OR TOW DUE TO CRASH,MILWAUKEE AVE,41.8925139616,-87.6498503852,POINT (-87.649850385194 41.892513961648)
O1835084,BICYCLE,327ba00cd5a7f6c9ac6e92738450b56e811879fafc9ef289df310304a698c464cebd3a770cbb56502721539a0c32fa4d20760cc255042950db6011b28812d150,05/23/2024 04:30:00 PM,M,,BICYCLE HELMET (PEDACYCLIST INVOLVED ONLY),WITH TRAFFIC,BIKE LANE,TEST NOT OFFERED,,30,CLEAR,DAYLIGHT,PEDALCYCLIST,FOUR WAY,STRAIGHT AND LEVEL,DRY,INJURY AND / OR TOW DUE TO CRASH,MILWAUKEE AVE,41.8934906417,-87.6509256458,POINT (-87.650925645752 41.89349064168)
O1825663,BICYCLE,80d3daefb0ccdb85fdf82842da303971b238cf91b0f1a23ae25421d85bbe6f85aec267cd294fe4e1db6296da25b4fc05051c1f3b51070cc20a2e15c4d095df76,05/23/2024 04:15:00 PM,M,65.0,HELMET NOT USED,NO ACTION,IN ROADWAY,TEST NOT OFFERED,,30,CLEAR,DAYLIGHT,PEDALCYCLIST,NOT DIVIDED,STRAIGHT AND LEVEL,DRY,INJURY AND / OR TOW DUE TO CRASH,LINCOLN AVE,41.9744364328,-87.6920168877,POINT (-87.692016887739 41.974436432758)
O1826270,BICYCLE,cb675f77a3575d8100101ec995d5e73e580b8cc362d5717af1469d6bd29cdc616e388a676900b45816e0ff1f1c0dcc6ab55f260811922fabc5751ae8da366af0,05/23/2024 03:26:00 PM,M,18.0,HELMET NOT USED,CROSSING - NO CONTROLS (AT INTERSECTION),IN ROADWAY,TEST NOT OFFERED,,30,CLEAR,DAYLIGHT,PEDALCYCLIST,NOT DIVIDED,STRAIGHT AND LEVEL,DRY,INJURY AND / OR TOW DUE TO CRASH,WABANSIA AVE,41.911690903,-87.7361029843,POINT (-87.736102984347 41.911690902992)
O1825959,BICYCLE,c44f7e4c5be8b8b291d8448c6aa0236358ec911ea9327fc5f5da34ec224985c75c121ab99a32f6932931f56d2ccb4a6b3b486f3dcddf15668a2011a49038d89c,05/23/2024 02:10:00 PM,M,46.0,HELMET NOT USED,OTHER ACTION,IN ROADWAY,TEST NOT OFFERED,,30,CLEAR,DAYLIGHT,PEDALCYCLIST,DIVIDED - W/MEDIAN (NOT RAISED),STRAIGHT AND LEVEL,DRY,INJURY AND / OR TOW DUE TO CRASH,ARMITAGE AVE,41.9175589604,-87.7013853861,POINT (-87.701385386139 41.917558960391)
O1825373,BICYCLE,115c0f9eb89de7fe78cc77186eab02858951cd1dfa8621ef90d2836a92d6b594015f79cddfc7950397b1785761bc0a51d5f21d557c6fffb2154bb859d43b3475,05/23/2024 09:15:00 AM,M,68.0,BICYCLE HELMET (PEDACYCLIST INVOLVED ONLY),CROSSING - AGAINST SIGNAL,BIKEWAY,TEST NOT OFFERED,,15,CLEAR,DAYLIGHT,PEDALCYCLIST,ROUNDABOUT,STRAIGHT AND LEVEL,DRY,INJURY AND / OR TOW DUE TO CRASH,LAKE SHORE DR,41.9112245556,-87.6264825724,POINT (-87.626482572426 41.911224555611)
O1825177,BICYCLE,9720eb5490d60eec06f288f0d21f2b3e9fa4833771265e870a32bcbdb8a3943bd09ba023ac4424fb57992ec2ce0b83dec0844e64ca98849618cee317653af387,05/22/2024 08:45:00 PM,M,36.0,HELMET NOT USED,OTHER ACTION,NOT IN ROADWAY,TEST NOT OFFERED,,30,CLEAR,"DARKNESS, LIGHTED ROAD",PEDALCYCLIST,ALLEY,STRAIGHT AND LEVEL,DRY,INJURY AND / OR TOW DUE TO CRASH,AINSLIE ST,41.9702070163,-87.7252109467,POINT (-87.725210946705 41.970207016274)
O1825101,BICYCLE,cff5898aff6d4428c94c62dfc53b2d23e5510cc7907c6cf8cec6e18c33cd3e5247e7743506cd225aef5c423994b19e0fa0892f5bbd0d8f1186a7cf93a8428a17,05/22/2024 07:15:00 PM,M,16.0,HELMET NOT USED,ENTER FROM DRIVE/ALLEY,NOT IN ROADWAY,TEST NOT OFFERED,Y,30,CLEAR,DAYLIGHT,PEDALCYCLIST,ALLEY,STRAIGHT AND LEVEL,UNKNOWN,NO INJURY / DRIVE AWAY,KOSTNER AVE,41.9092007513,-87.7361816644,POINT (-87.736181664436 41.909200751345)
O1825117,NON-MOTOR VEHICLE,46ddd6693d5cfa7e526df1dca8b914373fa047ce54dac8ffeafe564afb081fe44e4e84c2c9fa1e3df572ea4872db8e48b5b6b9151d674c6e227bffb28f48b26c,05/22/2024 06:56:00 PM,M,17.0,NONE PRESENT,,,TEST NOT OFFERED,,20,CLEAR,DAWN,OTHER OBJECT,DIVIDED - W/MEDIAN (NOT RAISED),STRAIGHT AND LEVEL,DRY,INJURY AND / OR TOW DUE TO CRASH,SCHUBERT AVE,41.9290919583,-87.8028186769,POINT (-87.802818676868 41.929091958264)
O1825036,BICYCLE,3680ed406162f871bd6bbbf32ea9d979651bbc854be484f5d18484cd75c2a6c781cc0e74b5954a1917794fb297f9f67df57157522b1c831d360348c1f75c05f1,05/22/2024 06:17:00 PM,F,13.0,HELMET NOT USED,CROSSING - WITH SIGNAL,IN CROSSWALK,TEST NOT OFFERED,,30,CLEAR,DAYLIGHT,PEDALCYCLIST,T-INTERSECTION,STRAIGHT AND LEVEL,DRY,INJURY AND / OR TOW DUE TO CRASH,KILDARE AVE,41.9098779255,-87.7338049102,POINT (-87.73380491017 41.909877925525)
O1825011,BICYCLE,0491233e572ab2313a4225c893d58f9c1969463c6fa5c3cf4709a129ffb4bf85e0e108076a92512f991548b9ad8f1dc07216d81b9179e3d4f6294aed05279562,05/22/2024 06:15:00 PM,M,,HELMET NOT USED,UNKNOWN/NA,UNKNOWN/NA,TEST NOT OFFERED,,30,CLEAR,DAYLIGHT,PEDALCYCLIST,FOUR WAY,STRAIGHT ON GRADE,DRY,NO INJURY / DRIVE AWAY,103RD ST,41.7070263198,-87.6428960074,POINT (-87.642896007418 41.707026319812)
O1824926,BICYCLE,8a3f8e0b94503b8bc5fd6672a1a80eca6595c1fee64146ec78a663f678fbdc7b51d2ff4c700c3df824b0ca0cc1d7af4656472f54cf628d5c24000ccaf7b250fe,05/22/2024 04:25:00 PM,M,,HELMET NOT USED,WITH TRAFFIC,IN ROADWAY,TEST NOT OFFERED,,30,CLEAR,DAYLIGHT,PEDALCYCLIST,T-INTERSECTION,STRAIGHT AND LEVEL,DRY,NO INJURY / DRIVE AWAY,79TH ST,41.7504589467,-87.6489475217,POINT (-87.648947521654 41.750458946688)
O1825346,NON-MOTOR VEHICLE,09df048108218f30e9c99bef22d43d4ac805d3c3ac554cecbbfccd1302b2bb8f2b5fbe864084724e45445b8d9d2fd47485d2188c160d8ee8f000c45ee57aa126,05/22/2024 02:15:00 PM,X,,USAGE UNKNOWN,UNKNOWN/NA,UNKNOWN/NA,,,30,CLEAR,DAYLIGHT,FIXED OBJECT,NOT DIVIDED,STRAIGHT AND LEVEL,DRY,NO INJURY / DRIVE AWAY,DAMEN AVE,41.8842329311,-87.6765720411,POINT (-87.676572041134 41.884232931097)
O1824482,BICYCLE,3d84586db600a7aad17caafc3bcb7383b73e3309ce8b11ee6117b74d9cc7dea3d770705c6653c3f3ada4e4d48ebbd3d7f0e932e4f704039cd003592d568e8be1,05/21/2024 10:30:00 PM,M,57.0,HELMET NOT USED,CROSSING - WITH SIGNAL,IN ROADWAY,TEST NOT OFFERED,,30,CLEAR,"DARKNESS, LIGHTED ROAD",PEDALCYCLIST,FOUR WAY,STRAIGHT AND LEVEL,DRY,INJURY AND / OR TOW DUE TO CRASH,WABASH AVE,41.893255983,-87.6266124637,POINT (-87.62661246369 41.893255982975)
O1824400,BICYCLE,a2a75817412c3b49c4e5a5ff867a573cc923fb69f2ef7ffdfea1dc80a974b23b6b7e1c8a6b50bc2c4a1f79c8877b47fd8c3b7e68b098bab30735cdc34002bdaf,05/21/2024 08:01:00 PM,M,31.0,BICYCLE HELMET (PEDACYCLIST INVOLVED ONLY),NO ACTION,BIKEWAY,TEST NOT OFFERED,,30,CLEAR,DUSK,SIDESWIPE SAME DIRECTION,NOT DIVIDED,STRAIGHT AND LEVEL,UNKNOWN,NO INJURY / DRIVE AWAY,DAMEN AVE,41.9400582285,-87.6785165157,POINT (-87.678516515696 41.940058228527)
O1824396,BICYCLE,c2c3d620a1b2c48c23b0e791d612accf3d1e7afb2e23eda8cb316760dd50efe89a037c626aed49df10800eb5627e2f5a8c8366dee4f0f67c7927dac183985f97,05/21/2024 07:30:00 PM,M,,HELMET NOT USED,WITH TRAFFIC,DRIVEWAY ACCESS,,,5,CLEAR,DAYLIGHT,PEDALCYCLIST,DRIVEWAY,STRAIGHT AND LEVEL,DRY,NO INJURY / DRIVE AWAY,HOYNE AVE,41.9952757201,-87.6825892738,POINT (-87.682589273815 41.99527572009)
O1824288,BICYCLE,198a5a408154d53cf2d4c4a08ccf9363910bdb3a362e920037e5f0609e9fb88cad9e882219b1e4e63009f84b56112b092cc4a1ed1deecfc63e78d3aa655d4e50,05/21/2024 06:40:00 PM,F,28.0,HELMET NOT USED,WITH TRAFFIC,IN ROADWAY,TEST NOT OFFERED,,35,CLEAR,DAYLIGHT,PEDALCYCLIST,NOT DIVIDED,STRAIGHT AND LEVEL,DRY,INJURY AND / OR TOW DUE TO CRASH,ADDISON ST,41.9470608084,-87.6577114472,POINT (-87.657711447248 41.94706080836)
O1824267,BICYCLE,7ce617ef8aba01e820d56867c9a5376781ba4e7ff4c856312653a1718504db147fb9af71d9741924d58ef9f4f9ba3bf8e6a70286cfd4c6820acbe1f4fbaf6871,05/21/2024 05:22:00 PM,M,21.0,HELMET NOT USED,WITH TRAFFIC,BIKE LANE,TEST NOT OFFERED,,30,CLEAR,DAYLIGHT,PEDALCYCLIST,NOT DIVIDED,STRAIGHT AND LEVEL,DRY,NO INJURY / DRIVE AWAY,CERMAK RD,41.8522451856,-87.6784178884,POINT (-87.67841788835 41.852245185595)
O1838565,BICYCLE,499ee9c3db63e60da3a4fcda59ad710472fae723ab5cc8af3d3434d9f68e7ec1910cd7ad91e82664507ffc5e8f2e290f2a036ac29a7e4a9b07fdb3694dd5bdb6,05/21/2024 04:51:00 PM,M,22.0,HELMET NOT USED,UNKNOWN/NA,IN ROADWAY,TEST NOT OFFERED,,30,CLEAR,DAYLIGHT,PEDALCYCLIST,FOUR WAY,STRAIGHT AND LEVEL,DRY,INJURY AND / OR TOW DUE TO CRASH,WABASH AVE,41.8808556845,-87.6260255844,POINT (-87.6260255844 41.880855684475)
O1823908,BICYCLE,0166e4182fa55a2e20350fc6b7432131a04a2aebe04253fafd14a96f7550e08970cf05e8675a1b0eed392bac123e4a16b6880803a15af72789a5876e518a6fff,05/21/2024 11:58:00 AM,M,22.0,HELMET NOT USED,CROSSING - AGAINST SIGNAL,IN ROADWAY,TEST NOT OFFERED,Y,30,CLEAR,DAYLIGHT,PEDALCYCLIST,FOUR WAY,STRAIGHT AND LEVEL,DRY,NO INJURY / DRIVE AWAY,107TH ST,41.6997509413,-87.64266813,POINT (-87.642668129956 41.699750941309)
O1823894,BICYCLE,5f75f770da274a7bd01f0df6e91fc260ae18909731ac608b29a50f689eefce88805f248c2a4da320a37602c65c20524a7bfb52b79559ac7355ab1cc3d532a27e,05/21/2024 10:45:00 AM,F,35.0,BICYCLE HELMET (PEDACYCLIST INVOLVED ONLY),NO ACTION,BIKEWAY,TEST NOT OFFERED,,30,CLEAR,DAYLIGHT,PEDALCYCLIST,NOT DIVIDED,STRAIGHT AND LEVEL,DRY,INJURY AND / OR TOW DUE TO CRASH,CLARK ST,41.9467903561,-87.6563579729,POINT (-87.65635797291 41.946790356055)
O1824732,BICYCLE,96aa3ba74d2161ffdf5f89b66f4ded38f7afca30d013a3f2cf95d78285b4f59078813ecd1b6aad8654490c46e70c8ad5f5c1c5816da79338fcc46143cd6f8b7a,05/21/2024 10:00:00 AM,F,60.0,HELMET NOT USED,CROSSING - NO CONTROLS (AT INTERSECTION),UNKNOWN/NA,TEST NOT OFFERED,,30,CLEAR,DAYLIGHT,PEDALCYCLIST,T-INTERSECTION,STRAIGHT AND LEVEL,DRY,INJURY AND / OR TOW DUE TO CRASH,DIVISION ST,41.9024432983,-87.7338044889,POINT (-87.733804488942 41.902443298335)
O1823820,BICYCLE,36b08c4ceaadd85aa0547fafa9fdd64fb051a4562f6a358e981760f6e0a6b97d107edc707f43e6fca7ffc9dabd492444a7ca4fd7b5502d19a9f5093f95b2c329,05/21/2024 09:00:00 AM,F,,HELMET NOT USED,CROSSING - NO CONTROLS (AT INTERSECTION),IN ROADWAY,TEST NOT OFFERED,Y,30,CLEAR,DAYLIGHT,PEDALCYCLIST,FOUR WAY,STRAIGHT AND LEVEL,DRY,INJURY AND / OR TOW DUE TO CRASH,MILWAUKEE AVE,41.9379947672,-87.7218117479,POINT (-87.721811747927 41.937994767198)