PERSON_ID,PERSON_TYPE,CRASH_RECORD_ID,CRASH_DATE_x,SEX,AGE,SAFETY_EQUIPMENT,PEDPEDAL_ACTION,PEDPEDAL_LOCATION,BAC_RESULT,CRASH_DATE_EST_I,POSTED_SPEED_LIMIT,WEATHER_CONDITION,LIGHTING_CONDITION,FIRST_CRASH_TYPE,TRAFFICWAY_TYPE,ALIGNMENT,ROADWAY_SURFACE_COND,CRASH_TYPE,STREET_NAME,LATITUDE,LONGITUDE,LOCATION
O1823636,BICYCLE,ce8c3089c1e49ca80cedfacb5979cebbe207a4ca75ea149e0f70be7b744f8179cb899690f1c82f10a95bcbc9d6157123d70e58977b258473b8021f4698ab2ace,05/20/2024 11:05:00 PM,M,42.0,HELMET NOT USED,CROSSING - NO CONTROLS (AT INTERSECTION),NOT IN ROADWAY,TEST NOT OFFERED,,35,CLEAR,"DARKNESS, LIGHTED ROAD",PEDALCYCLIST,ONE-WAY,STRAIGHT AND LEVEL,DRY,INJURY AND / OR TOW DUE TO CRASH,DRAKE AVE,41.9684523273,-87.7171821596,POINT (-87.717182159581 41.968452327314)
O1823568,NON-MOTOR VEHICLE,7a51cdc5f31c038a4b7498529e20f244b59fdd416f07f1f4a8d01792068a0ef6bdf968e4666aafb18c1102b3e208908b2f74856851d63c275c6d37047f1e47a4,05/20/2024 05:14:00 PM,M,,USAGE UNKNOWN,UNKNOWN/NA,IN ROADWAY,TEST NOT OFFERED,,35,CLOUDY/OVERCAST,DAYLIGHT,OTHER NONCOLLISION,FOUR WAY,STRAIGHT AND LEVEL,UNKNOWN,NO INJURY / DRIVE AWAY,HALSTED ST,41.7505495594,-87.6441883678,POINT (-87.644188367841 41.750549559439)
O1823437,NON-MOTOR VEHICLE,0a760927294b96e4bfbdf67c0f2183565a82822989f4dc43231bb4bb17498c0f0e4a6dbd30fcc2162b23f566271d29f7d803ea1a5dba3cb44486d1e3fcff89a5,05/20/2024 04:58:00 PM,M,62.0,NONE PRESENT,,,TEST NOT OFFERED,Y,30,CLEAR,DAYLIGHT,FIXED OBJECT,NOT DIVIDED,STRAIGHT AND LEVEL,DRY,NO INJURY / DRIVE AWAY,TOUHY AVE,42.0122593344,-87.6961725235,POINT (-87.696172523509 42.012259334394)
O1823426,NON-MOTOR VEHICLE,bfa8f831f88e8b59e7c9f122965e620db07e6fdec8e137642ec9f3fec4911ecbd974cb9a8c739324d1f905ead7e0c8b0a0595da961ba0d6367e40bce2c6eff2d,05/20/2024 03:00:00 PM,,,,,,,,30,RAIN,DAYLIGHT,OTHER OBJECT,NOT DIVIDED,STRAIGHT AND LEVEL,WET,INJURY AND / OR TOW DUE TO CRASH,CLAREMONT AVE,41.7038492873,-87.6801833779,POINT (-87.680183377904 41.703849287291)
O1823411,BICYCLE,6d33d7b30c2e8d18f698d2851c396c47448bf379296e8b22b6131a915e4c215885e02231f50090fac651ac68314de28a8d6886d1972f2f5ddc2b25df387385ec,05/20/2024 02:40:00 PM,M,17.0,HELMET NOT USED,CROSSING - NO CONTROLS (AT INTERSECTION),IN CROSSWALK,TEST NOT OFFERED,,30,RAIN,DAYLIGHT,PEDALCYCLIST,FOUR WAY,STRAIGHT AND LEVEL,WET,INJURY AND / OR TOW DUE TO CRASH,WACKER DR,41.8883351003,-87.6224415928,POINT (-87.62244159284 41.888335100253)
O1878059,BICYCLE,ffd3d597dbd784e9e25d8e606d2ad001c82e5093875337b8f69500fdaa716e986e47e7433f72810105c0c17e57803e5bb210422fcd42a431f7f84d8eb179f109,05/20/2024 12:00:00 PM,M,29.0,HELMET NOT USED,OTHER ACTION,IN ROADWAY,TEST NOT OFFERED,Y,30,UNKNOWN,UNKNOWN,PEDALCYCLIST,NOT DIVIDED,STRAIGHT AND LEVEL,UNKNOWN,INJURY AND / OR TOW DUE TO CRASH,WASHTENAW AVE,41.9980313634,-87.6973681192,POINT (-87.697368119157 41.998031363426)
O1823094,BICYCLE,a7930a63a0284910db88da409ed05c71edf7ccb46a78cff488d0c4ae7a181c61fe66b57205f5275dab1a4a894e2fc04fc5d9f1f1277bfcd2eb9ef686295b97ba,05/20/2024 11:50:00 AM,F,59.0,HELMET NOT USED,WITH TRAFFIC,BIKE LANE,TEST NOT OFFERED,,30,CLEAR,DAYLIGHT,PEDALCYCLIST,DIVIDED - W/MEDIAN (NOT RAISED),STRAIGHT AND LEVEL,DRY,INJURY AND / OR TOW DUE TO CRASH,BELMONT AVE,41.9392781482,-87.6988019986,POINT (-87.698801998612 41.939278148184)
O1822779,BICYCLE,5ea67b985f32a9e0ce93b517aef3de214c28880292a8b17a8c91cecc988c6907487c1dfec312637234ee7e6cb2893a46b2c299e8dafd8ebd37da1a409e084ccb,05/19/2024 09:14:00 PM,M,73.0,HELMET NOT USED,NO ACTION,NOT IN ROADWAY,TEST NOT OFFERED,,15,CLEAR,"DARKNESS, LIGHTED ROAD",PEDALCYCLIST,ALLEY,STRAIGHT AND LEVEL,DRY,INJURY AND / OR TOW DUE TO CRASH,DEVON AVE,41.997838114,-87.6899485368,POINT (-87.689948536814 41.997838113989)
O1822712,BICYCLE,ab6e4d757b74031a9ecf021c2506a7be6169e4b22f31bfc18514c2a5590bdda9ef9eef6b7362e554ca59130a4ba951e8efa5cc1d40f1e962c8d8118070c80cd8,05/19/2024 07:01:00 PM,M,17.0,HELMET NOT USED,TURNING RIGHT,IN ROADWAY,TEST NOT OFFERED,,30,CLEAR,DAYLIGHT,PEDALCYCLIST,NOT DIVIDED,STRAIGHT AND LEVEL,DRY,INJURY AND / OR TOW DUE TO CRASH,HARLEM AVE,41.9692610412,-87.8069957216,POINT (-87.806995721555 41.969261041182)
O1822643,BICYCLE,aacfa5ce692920a6c9ba0b9fbbda3e8fafe170e5d97a04d5576b17290d422a242a6bd16ffb8e14c6e813f75a30696568dc500db0b4db3d22a1ef11b19f62b95a,05/19/2024 05:14:00 PM,M,35.0,BICYCLE HELMET (PEDACYCLIST INVOLVED ONLY),CROSSING - WITH SIGNAL,BIKEWAY,TEST NOT OFFERED,,30,CLEAR,DAYLIGHT,PEDALCYCLIST,DIVIDED - W/MEDIAN (NOT RAISED),STRAIGHT ON GRADE,DRY,INJURY AND / OR TOW DUE TO CRASH,DAMEN AVE,41.925340963,-87.6780654044,POINT (-87.678065404384 41.925340962997)
O1822440,BICYCLE,b2624b8a7e6bec59f66097d6f6215be7f37242eb4afa43c5a4b3b090e274f57cac54f1d7ac96494e51b3591be5ac712a26af23c5a3fddf759dad1c81b3a6eff3,05/19/2024 12:30:00 PM,M,65.0,BICYCLE HELMET (PEDACYCLIST INVOLVED ONLY),WITH TRAFFIC,BIKEWAY,TEST NOT OFFERED,,30,CLEAR,DAYLIGHT,PEDALCYCLIST,ONE-WAY,STRAIGHT AND LEVEL,DRY,INJURY AND / OR TOW DUE TO CRASH,BERWYN AVE,41.9775833988,-87.6902590028,POINT (-87.69025900276 41.977583398786)
O1822433,BICYCLE,d0122896f4d25e05a488bb29f8cc15098b1bc36ac161506894450b5cfce96d3bed231c4cc2f01bee753fce9316172b549c1bbaeb0a10e54ec449144297124252,05/19/2024 12:05:00 PM,F,33.0,BICYCLE HELMET (PEDACYCLIST INVOLVED ONLY),CROSSING - NO CONTROLS (AT INTERSECTION),BIKE LANE,,,30,CLEAR,DAYLIGHT,PEDALCYCLIST,NOT DIVIDED,STRAIGHT AND LEVEL,DRY,INJURY AND / OR TOW DUE TO CRASH,LAWRENCE AVE,41.9683303551,-87.7096307007,POINT (-87.709630700658 41.968330355052)
O1822431,BICYCLE,0002bc8cec979da0b0cdddb55386df2e29be580ff654b712192e9f0f856e4ac45d3861cce1266dc9d9dd8a5eeb2ffcf05db59977d3d18edebd4b0ff9ef5a265e,05/19/2024 11:51:00 AM,M,11.0,HELMET NOT USED,CROSSING - WITH SIGNAL,IN CROSSWALK,TEST NOT OFFERED,,30,CLEAR,DAYLIGHT,PEDALCYCLIST,FOUR WAY,STRAIGHT AND LEVEL,DRY,NO INJURY / DRIVE AWAY,CLARK ST,41.9975852619,-87.6706121554,POINT (-87.670612155364 41.997585261926)
O1824153,BICYCLE,f1699770c02843ff16719eeb7f17d1199a0716928754ef83fc6fb45c54bc45c77bbb974c88b9622f1fca62b2a57080d5f9a795260535f0f718fed44287963c14,05/19/2024 11:40:00 AM,F,30.0,BICYCLE HELMET (PEDACYCLIST INVOLVED ONLY),NO ACTION,BIKEWAY,TEST NOT OFFERED,,30,CLEAR,DAYLIGHT,PEDALCYCLIST,DIVIDED - W/MEDIAN (NOT RAISED),STRAIGHT AND LEVEL,DRY,INJURY AND / OR TOW DUE TO CRASH,LAWRENCE AVE,41.9683190281,-87.7109804249,POINT (-87.710980424887 41.968319028062)
O1822002,BICYCLE,7999d54dd288ce74c732420081668aba99226cc630a7933133f5668fb437bf3a832af31070c531ce56af756efe5bf20346b822a593b070dd2faff5848edda6d7,05/18/2024 08:39:00 PM,M,31.0,HELMET NOT USED,NOT AT INTERSECTION,IN ROADWAY,TEST NOT OFFERED,,30,CLEAR,"DARKNESS, LIGHTED ROAD",PEDALCYCLIST,ONE-WAY,STRAIGHT AND LEVEL,DRY,INJURY AND / OR TOW DUE TO CRASH,GRAND AVE,41.8917214356,-87.6186150367,POINT (-87.61861503671 41.891721435589)
O1821928,BICYCLE,7304a34e59eb1f4f41705371c1f6703a7d6179cd6f181472261fd62c8e60eb3b0ca1f7f9b7932e05687d46920715921440132415a983cc2d874f53d19779c8f7,05/18/2024 06:50:00 PM,F,27.0,HELMET NOT USED,OTHER ACTION,IN ROADWAY,TEST NOT OFFERED,,30,CLEAR,DAYLIGHT,PEDALCYCLIST,NOT DIVIDED,STRAIGHT AND LEVEL,DRY,INJURY AND / OR TOW DUE TO CRASH,ADDISON ST,41.947185872,-87.6635401129,POINT (-87.663540112873 41.947185872018)
O1821889,BICYCLE,058be0d7ba1fc5398798cc0633cc3e76cf8522498b04d84c197e39ce88bf96dc81bad7d895dd48df4eba5940fae0e6078b7c509e723abcd1aa80ec4834b887c3,05/18/2024 05:39:00 PM,M,,HELMET NOT USED,UNKNOWN/NA,UNKNOWN/NA,TEST NOT OFFERED,,15,CLEAR,DAYLIGHT,PEDALCYCLIST,PARKING LOT,STRAIGHT AND LEVEL,DRY,NO INJURY / DRIVE AWAY,DIVERSEY AVE,41.9316926931,-87.7427817017,POINT (-87.742781701745 41.931692693056)
O1821820,BICYCLE,2b665b2ffae017d1d8282fb05d8fc057fd04bfb5b96db7a6d4afe4d4374c646494b2a022a679c4b6284c30ba0496702f70a1c82a8e7b271a01b5628ada102040,05/18/2024 05:00:00 PM,M,50.0,HELMET NOT USED,UNKNOWN/NA,IN ROADWAY,TEST NOT OFFERED,,35,CLEAR,DAYLIGHT,PEDALCYCLIST,DIVIDED - W/MEDIAN (NOT RAISED),STRAIGHT AND LEVEL,DRY,INJURY AND / OR TOW DUE TO CRASH,CHICAGO AVE,41.8965877221,-87.6267054371,POINT (-87.62670543708 41.89658772206)
O1821794,BICYCLE,202417ea2c3937457c7963d1263bf2eec0e69043a8794641d7c00749fc17c707a5214665dedbfa957347d31fcf67f8aa4eb0c9a36507cf7ec1d3b9223f64d27b,05/18/2024 04:40:00 PM,F,34.0,BICYCLE HELMET (PEDACYCLIST INVOLVED ONLY),WITH TRAFFIC,BIKE LANE,TEST NOT OFFERED,,30,CLEAR,DAYLIGHT,PEDALCYCLIST,NOT DIVIDED,STRAIGHT AND LEVEL,DRY,INJURY AND / OR TOW DUE TO CRASH,LINCOLN AVE,41.9357675187,-87.6629899914,POINT (-87.662989991355 41.93576751873)
O1821865,BICYCLE,974a4dad405c94dbc5cbe6cad408eb2cd6c6481a9fea5d7fb268608dd88b361431e4890710879e22c5650aa42091b38ec1f2ec3a7cd5f4fd9501608fc8bb3dce,05/18/2024 03:27:00 PM,M,47.0,BICYCLE HELMET (PEDACYCLIST INVOLVED ONLY),CROSSING - NO CONTROLS (NOT AT INTERSECTION),IN ROADWAY,TEST NOT OFFERED,,30,CLEAR,DAYLIGHT,PEDALCYCLIST,DIVIDED - W/MEDIAN (NOT RAISED),STRAIGHT AND LEVEL,DRY,INJURY AND / OR TOW DUE TO CRASH,HOWARD ST,42.0193311257,-87.6797284408,POINT (-87.679728440821 42.019331125749)
O1821732,BICYCLE,948b3b555835643a498a9f873ea526262830e89d3133f53a5e26b357ec4e671ae99636fbad99545d4aee1bd75dfdda6d5ecaff36ae0ea7fca4c6f1029d865458,05/18/2024 02:00:00 PM,F,,HELMET NOT USED,UNKNOWN/NA,IN ROADWAY,TEST NOT OFFERED,,30,CLEAR,DAYLIGHT,PEDALCYCLIST,FOUR WAY,STRAIGHT AND LEVEL,UNKNOWN,INJURY AND / OR TOW DUE TO CRASH,WELLS ST,41.8982461817,-87.6341166615,POINT (-87.634116661473 41.898246181666)
O1821555,BICYCLE,afc06b10e00a7b6c7ad3e7b74dd929b992d879edba8103c59b39b314bb6b1c795820b5ca3fd82b6f744fee5705abf533d3f302b27d9d25b1677e96056e1f4df1,05/18/2024 11:34:00 AM,M,49.0,BICYCLE HELMET (PEDACYCLIST INVOLVED ONLY),WITH TRAFFIC,IN ROADWAY,TEST NOT OFFERED,,30,CLEAR,DAYLIGHT,PEDALCYCLIST,DIVIDED - W/MEDIAN (NOT RAISED),STRAIGHT AND LEVEL,DRY,INJURY AND / OR TOW DUE TO CRASH,KIMBALL AVE,41.954331536,-87.7130734165,POINT (-87.713073416534 41.954331535957)
O1821418,BICYCLE,f2bd66b2511c6835c18743e0868610d6618dde7abd43d054969e64329d86bbbfd172070311336fceeab70eadde557e61a93129db15f65809e6b61638f20d8301,05/18/2024 07:13:00 AM,M,15.0,HELMET NOT USED,CROSSING - NO CONTROLS (AT INTERSECTION),IN ROADWAY,TEST NOT OFFERED,,30,CLEAR,DAYLIGHT,PEDALCYCLIST,T-INTERSECTION,STRAIGHT AND LEVEL,DRY,INJURY AND / OR TOW DUE TO CRASH,GRAND AVE,41.9173891969,-87.7589950384,POINT (-87.758995038406 41.917389196915)
O1821912,BICYCLE,c6ef650900cfedfc9b80de0a719bdbd386b25b2c878ed3447c536287926d5325a77a3247c87413d3eda53f55f956812e8956c2f495280fd70d235e7ca358e6ab,05/18/2024 06:20:00 AM,M,16.0,HELMET NOT USED,CROSSING - NO CONTROLS (NOT AT INTERSECTION),BIKEWAY,TEST NOT OFFERED,,30,CLEAR,DAYLIGHT,PEDALCYCLIST,FOUR WAY,STRAIGHT AND LEVEL,DRY,INJURY AND / OR TOW DUE TO CRASH,TROY ST,41.9609298656,-87.7071650555,POINT (-87.707165055517 41.960929865593)
O1823323,BICYCLE,bd03164a728675995e163f55be3841ddf72acf822b78c77499f49879119d5898342320daa138e906e4a111687d51bc1f5ae2a83e71f0db95c9823243283dca9e,05/17/2024 10:30:00 PM,M,41.0,HELMET NOT USED,WITH TRAFFIC,BIKE LANE,TEST NOT OFFERED,,30,CLEAR,"DARKNESS, LIGHTED ROAD",PEDALCYCLIST,DIVIDED - W/MEDIAN BARRIER,STRAIGHT AND LEVEL,DRY,INJURY AND / OR TOW DUE TO CRASH,RANDOLPH ST,41.884588372,-87.6232725611,POINT (-87.623272561055 41.884588371969)
O1821442,BICYCLE,6906cb8bbf61a188fc687f54d8f6bddf6be1744fb8fe31ef9c01b83ca6957f7956aba3a862270bb77e68fa729cae54ad9ac0dbc950176350a4995923ab7d1179,05/17/2024 07:20:00 PM,M,23.0,BICYCLE HELMET (PEDACYCLIST INVOLVED ONLY),WITH TRAFFIC,BIKE LANE,TEST NOT OFFERED,,30,UNKNOWN,"DARKNESS, LIGHTED ROAD",PEDALCYCLIST,NOT DIVIDED,STRAIGHT AND LEVEL,UNKNOWN,INJURY AND / OR TOW DUE TO CRASH,LINCOLN AVE,41.9232364217,-87.6454611606,POINT (-87.645461160595 41.923236421741)
O1821224,BICYCLE,c50aa221c16cb20fb24deff3180d8246e0bbd91ff1d101c3792905ad6f2619897171024328e3b194e0e2e48a35672093316ce77e16993064a5c899139ca879dd,05/17/2024 07:10:00 PM,F,44.0,HELMET NOT USED,AGAINST TRAFFIC,IN ROADWAY,TEST NOT OFFERED,Y,30,CLEAR,DAYLIGHT,PEDALCYCLIST,NOT DIVIDED,STRAIGHT AND LEVEL,DRY,INJURY AND / OR TOW DUE TO CRASH,79TH ST,41.7507469125,-87.6443581423,POINT (-87.644358142309 41.750746912514)
O1821123,BICYCLE,8d24353f64705a5bbd3ba8749cc102ccc67bf3854694211a9700ea18ba3cf9c4be5fe5da90a62f0afbebf7e143c490a96afd66c83da5041369bf85add9a58438,05/17/2024 07:02:00 PM,F,13.0,HELMET NOT USED,TURNING LEFT,IN ROADWAY,TEST NOT OFFERED,,30,CLEAR,DAYLIGHT,PEDALCYCLIST,NOT DIVIDED,STRAIGHT AND LEVEL,DRY,INJURY AND / OR TOW DUE TO CRASH,MARQUETTE RD,41.7750507277,-87.5880442671,POINT (-87.588044267057 41.775050727676)
O1821128,BICYCLE,b3a3b172d4b91b5f1c73476373797d680c8793dc7a868b08f13ef87a6a48c7ed28377cf142069ea78033374f30601e7e01d1ea6799d330c35f3d255f98f2a47a,05/17/2024 06:32:00 PM,M,14.0,HELMET NOT USED,OTHER ACTION,IN CROSSWALK,TEST NOT OFFERED,,30,CLEAR,DAYLIGHT,PEDALCYCLIST,T-INTERSECTION,STRAIGHT AND LEVEL,DRY,INJURY AND / OR TOW DUE TO CRASH,FOSTER AVE,41.97556278,-87.7356984502,POINT (-87.735698450221 41.975562780043)
O1824781,NON-MOTOR VEHICLE,b2784e28f1247debd9ed276bf62da541ecf895a69bf99b9f103fa21fd3a91b1f5b588f75ecb5f7f54cf638a2ba32461bcf64fffabb29da43b95c041a33e151fc,05/17/2024 06:00:00 PM,M,,USAGE UNKNOWN,OTHER ACTION,IN ROADWAY,TEST NOT OFFERED,,30,CLEAR,DAYLIGHT,OTHER OBJECT,ONE-WAY,STRAIGHT AND LEVEL,DRY,NO INJURY / DRIVE AWAY,INDIANA AVE,41.792323172,-87.6206376911,POINT (-87.620637691107 41.792323172048)
O1821910,BICYCLE,fdad38f874e8ff04799e6d109de4f7c9ee8c1611fddd8ace8915ac1979cf892ab8e4dcb865e23de10e3a69a378ce6cf43ce4b4967165a9dd2f833c4c88e11ad0,05/17/2024 06:00:00 PM,F,85.0,HELMET NOT USED,WITH TRAFFIC,IN ROADWAY,TEST NOT OFFERED,,30,CLEAR,DAYLIGHT,PEDALCYCLIST,NOT DIVIDED,STRAIGHT AND LEVEL,DRY,INJURY AND / OR TOW DUE TO CRASH,MILWAUKEE AVE,41.9954937702,-87.7859394981,POINT (-87.785939498087 41.995493770169)
O1821042,BICYCLE,cfcaf62409879af97ef873af868ad9708d35aa3532598b76ed74321a22901b28d9c4f4bfecb194735e2ab0e6b43281e42dc74f3e9643e0862322cdf8f65ce86e,05/17/2024 04:00:00 PM,M,16.0,HELMET NOT USED,UNKNOWN/NA,BIKE LANE,TEST NOT OFFERED,,30,CLEAR,DAYLIGHT,PEDALCYCLIST,NOT DIVIDED,STRAIGHT AND LEVEL,DRY,INJURY AND / OR TOW DUE TO CRASH,ROOSEVELT RD,41.8660601964,-87.7253199444,POINT (-87.725319944405 41.866060196399)
O1821027,NON-MOTOR VEHICLE,f659c8240a62e4ac4d7ba4cbba14cb4d8a91b2d679984c4295d3d001b19ed1156d2e96be4639eb24ed43d49f8f3eed558f61411e486dab13d84671aa39be642a,05/17/2024 04:00:00 PM,M,16.0,NONE PRESENT,UNKNOWN/NA,IN CROSSWALK,TEST NOT OFFERED,,30,CLEAR,DAYLIGHT,OTHER OBJECT,ONE-WAY,STRAIGHT AND LEVEL,DRY,INJURY AND / OR TOW DUE TO CRASH,LAMON AVE,41.9242426844,-87.7489109567,POINT (-87.748910956701 41.924242684378)
O1821061,BICYCLE,885a051a00fcaa05c3cc8a218dcfe3e309452513a56bf74a8a09a90bd935c72224e501b542dcbdd2768e6f0db1467e377fcd5ba4f44073ca51776d68e5ad9226,05/17/2024 03:48:00 PM,M,11.0,HELMET NOT USED,NO ACTION,IN CROSSWALK,TEST NOT OFFERED,,30,CLEAR,DAYLIGHT,PEDALCYCLIST,FOUR WAY,STRAIGHT AND LEVEL,DRY,INJURY AND / OR TOW DUE TO CRASH,CENTRAL AVE,41.9076543754,-87.7659979592,POINT (-87.765997959166 41.90765437542)
O1821397,BICYCLE,e904c9a128185f4bae70c1d3f31f22b6081ee4beaeb8167bc06121e3c352a326f8f7dbcd86dfb94a4c11ee43d53aa80167fcb363e3b8273033629fb59ccc3f69,05/17/2024 02:09:00 PM,M,33.0,HELMET NOT USED,NO ACTION,IN ROADWAY,TEST NOT OFFERED,,30,CLEAR,DAYLIGHT,PEDALCYCLIST,NOT DIVIDED,STRAIGHT AND LEVEL,DRY,INJURY AND / OR TOW DUE TO CRASH,KIMBALL AVE,41.9708190933,-87.7135780972,POINT (-87.713578097176 41.970819093267)
O1820802,BICYCLE,20292a3aa4c83cd3a9386d41f930db88b278e48599db67d82a338dcc343c48644e2e12cdf9ee83787699cc859781e9e3661e184eb4a6944c063675e6597f3323,05/17/2024 01:15:00 PM,M,73.0,HELMET NOT USED,NO ACTION,DRIVEWAY ACCESS,TEST NOT OFFERED,,25,CLEAR,DAYLIGHT,PEDALCYCLIST,DRIVEWAY,STRAIGHT ON GRADE,DRY,INJURY AND / OR TOW DUE TO CRASH,GLENLAKE AVE,41.9923977521,-87.6602395805,POINT (-87.66023958055 41.99239775206)
O1820712,BICYCLE,8d454e073c2897f19a8ffa58eafb7a433345a244f3fbccf6a0c8ba9f0de49f57f0451e667b191a597b18d5d9fe9cdb05b0645ab1ed1a2aa358547c58aea2618d,05/17/2024 10:45:00 AM,M,83.0,BICYCLE HELMET (PEDACYCLIST INVOLVED ONLY),NO ACTION,BIKEWAY,TEST NOT OFFERED,,30,CLEAR,DAYLIGHT,PEDALCYCLIST,FOUR WAY,STRAIGHT AND LEVEL,DRY,INJURY AND / OR TOW DUE TO CRASH,18TH ST,41.8581124293,-87.6529331578,POINT (-87.652933157785 41.858112429304)
O1820453,BICYCLE,0655add71e0825582bd1ea3a42f7c087a767543a1b912e7cd28d728cc076199b5e5d64d83cdf146727680ff9432e2447e7ea0daff957535ebc42c9d6ddd38c03,05/16/2024 08:00:00 PM,M,19.0,HELMET NOT USED,WITH TRAFFIC,IN ROADWAY,TEST NOT OFFERED,,30,CLEAR,DUSK,PEDALCYCLIST,NOT DIVIDED,STRAIGHT AND LEVEL,DRY,INJURY AND / OR TOW DUE TO CRASH,PULASKI RD,41.8042964331,-87.7236292665,POINT (-87.723629266486 41.804296433135)
O1820342,BICYCLE,412c16f16903c76b2864b3977d51a3dd7735b542c78ac8ed44c9ec8b629bb9add9de1454bbc871f12020761e7c7daef2315d8ebe140eb0bd31b373347922f091,05/16/2024 06:20:00 PM,M,69.0,BICYCLE HELMET (PEDACYCLIST INVOLVED ONLY),WITH TRAFFIC,IN ROADWAY,TEST NOT OFFERED,,30,CLEAR,DAYLIGHT,PEDALCYCLIST,NOT DIVIDED,STRAIGHT AND LEVEL,DRY,INJURY AND / OR TOW DUE TO CRASH,FOSTER AVE,41.9744949762,-87.8131607673,POINT (-87.813160767331 41.97449497624)
O1821580,BICYCLE,2786593a37620ee679cff42f67859078508ecb001805d2a095b8d04a3b321d9830a53e498ba3e64fb5e1c6752c857ceb2c194e50805b5e199b9dde47c46b2afe,05/16/2024 06:15:00 PM,M,37.0,BICYCLE HELMET (PEDACYCLIST INVOLVED ONLY),WITH TRAFFIC,BIKEWAY,TEST NOT OFFERED,,30,CLEAR,DAYLIGHT,PEDALCYCLIST,NOT DIVIDED,STRAIGHT AND LEVEL,DRY,NO INJURY / DRIVE AWAY,HALSTED ST,41.8558456819,-87.6467342201,POINT (-87.646734220079 41.85584568186)
O1820320,NON-MOTOR VEHICLE,4318d9cd97fd4d25eeb23b2c67b2a04630112757d8dc4e4301e5b66cf58c7cb35b090fe0ea3149ebf59eb6dd50f58a4d30381458626a81e1beaffc87a20294ad,05/16/2024 05:48:00 PM,,,,,,,,30,CLEAR,DAYLIGHT,FIXED OBJECT,NOT DIVIDED,STRAIGHT AND LEVEL,DRY,INJURY AND / OR TOW DUE TO CRASH,FOREST PRESERVE AVE,41.9395277997,-87.8400399547,POINT (-87.840039954651 41.939527799733)
O1820301,BICYCLE,adda94692f2e84816e39fbbbb852965553064d3373e340cae6f6bcea1046fca46df34dd0131c95a733c7d9ec0387affce0ea82b269c0d3641d84f8d0ef26af55,05/16/2024 05:25:00 PM,M,50.0,HELMET NOT USED,OTHER ACTION,NOT IN ROADWAY,TEST NOT OFFERED,,15,CLEAR,DAYLIGHT,PEDALCYCLIST,ALLEY,STRAIGHT AND LEVEL,DRY,INJURY AND / OR TOW DUE TO CRASH,ST LOUIS AVE,41.8002313999,-87.7109620243,POINT (-87.71096202433 41.80023139992)
O1820236,BICYCLE,df0a077d2fe167022c6248129d8ec7a5fea9323481c97ca238279181d30807d2e11533fa107fc83805199d67e3ca01515e58f49c4e7999da657acd2221e7371e,05/16/2024 05:05:00 PM,M,44.0,BICYCLE HELMET (PEDACYCLIST INVOLVED ONLY),WITH TRAFFIC,BIKE LANE,TEST NOT OFFERED,,30,CLEAR,DAYLIGHT,PEDALCYCLIST,NOT DIVIDED,STRAIGHT AND LEVEL,DRY,INJURY AND / OR TOW DUE TO CRASH,HALSTED ST,41.9362871732,-87.6489901943,POINT (-87.648990194318 41.936287173167)
O1820037,BICYCLE,c66b03e8e3787237c09874a450dc46cfbe8ecff21f6b0cb143d501d2f5a5669eeeaa242e69c79aeea4bbe7d22af43a1263845fbec208c32a5b442b5b103561d3,05/16/2024 12:40:00 PM,M,24.0,HELMET NOT USED,UNKNOWN/NA,BIKE LANE,TEST NOT OFFERED,,30,CLEAR,DAYLIGHT,PEDALCYCLIST,NOT DIVIDED,STRAIGHT AND LEVEL,DRY,INJURY AND / OR TOW DUE TO CRASH,WASHINGTON ST,41.8833340438,-87.6249897142,POINT (-87.624989714182 41.883334043784)
O1819829,BICYCLE,cf5e8b7b5a8516bb23efe6353f77f37b360008f1f2348e6301957b9cb711f074ad9bd80adcbf4df466902dbc569b879bc1f44d24fc0f47ee01ae2800e046ed29,05/16/2024 09:00:00 AM,M,,HELMET NOT USED,UNKNOWN/NA,UNKNOWN/NA,TEST NOT OFFERED,,30,CLEAR,DAYLIGHT,PEDALCYCLIST,OTHER,STRAIGHT AND LEVEL,DRY,INJURY AND / OR TOW DUE TO CRASH,DEARBORN ST,41.8769641442,-87.6291169053,POINT (-87.629116905256 41.876964144249)
O1826255,BICYCLE,60a3937a290cc56b83082e052fb73a3afe22c10af43cc6511ada091e6976f6dd1a8e638e3f702112bd92b26db04135ed8d4361d8860a5a56faeb79de1c0cc020,05/16/2024 07:45:00 AM,M,58.0,BICYCLE HELMET (PEDACYCLIST INVOLVED ONLY),CROSSING - NO CONTROLS (NOT AT INTERSECTION),IN ROADWAY,TEST NOT OFFERED,,30,CLEAR,DAYLIGHT,PEDALCYCLIST,FOUR WAY,STRAIGHT AND LEVEL,DRY,INJURY AND / OR TOW DUE TO CRASH,NEWLAND AVE,41.9235104025,-87.7987576033,POINT (-87.798757603346 41.923510402546)
O1819663,BICYCLE,8deece7b94a64d92aa27542778217b087eb740b21526c52ff9d1d39856053aa366b02f53ded0502d01e1684f155b00e57a9ab4a17fe9365bf76975d9fde12600,05/15/2024 06:37:00 PM,M,42.0,HELMET NOT USED,TURNING LEFT,UNKNOWN/NA,TEST NOT OFFERED,,30,CLEAR,DAYLIGHT,PEDALCYCLIST,FOUR WAY,STRAIGHT AND LEVEL,DRY,INJURY AND / OR TOW DUE TO CRASH,LAKE ST,41.8844470171,-87.7059408434,POINT (-87.70594084341 41.884447017132)