PERSON_ID,PERSON_TYPE,CRASH_RECORD_ID,CRASH_DATE_x,SEX,AGE,SAFETY_EQUIPMENT,PEDPEDAL_ACTION,PEDPEDAL_LOCATION,BAC_RESULT,CRASH_DATE_EST_I,POSTED_SPEED_LIMIT,WEATHER_CONDITION,LIGHTING_CONDITION,FIRST_CRASH_TYPE,TRAFFICWAY_TYPE,ALIGNMENT,ROADWAY_SURFACE_COND,CRASH_TYPE,STREET_NAME,LATITUDE,LONGITUDE,LOCATION
O1819613,BICYCLE,dd729c9d06c0527256594ec019fcf27efd706605df5dc0161d917441c4791e92f1aff0a07db3b72176e57d1cc99a1b5411ee373585c1f3f680f8caf8b7583d95,05/15/2024 06:23:00 PM,M,45.0,BICYCLE HELMET (PEDACYCLIST INVOLVED ONLY),TURNING LEFT,UNKNOWN/NA,TEST NOT OFFERED,,30,CLEAR,DAYLIGHT,PEDALCYCLIST,DIVIDED - W/MEDIAN (NOT RAISED),STRAIGHT AND LEVEL,DRY,INJURY AND / OR TOW DUE TO CRASH,DIVISION ST,41.902626667,-87.7186604171,POINT (-87.718660417092 41.902626667001)
O1819405,BICYCLE,42ea9199e241504c9f05aa145485299b15851333845ca6f087b400dab7e40586e1289073075abd3053890db3da57ebf678b33959b4acfd9fe6ccc6cdd63777c9,05/15/2024 05:00:00 PM,M,33.0,BICYCLE HELMET (PEDACYCLIST INVOLVED ONLY),CROSSING - CONTROLS PRESENT (NOT AT INTERSECTION),BIKEWAY,TEST NOT OFFERED,,30,CLEAR,DAYLIGHT,PEDALCYCLIST,DIVIDED - W/MEDIAN BARRIER,STRAIGHT AND LEVEL,DRY,NO INJURY / DRIVE AWAY,CANAL ST,41.8575640708,-87.6390789106,POINT (-87.639078910579 41.857564070819)
O1819437,BICYCLE,bd5b11544e5deebdec557ef1c8e0e68ccfcb75f1adec4780b3c4c48c651e6821117c039d69652669211c6b2a8f0a04bfcb448bbd27d07b3c75732035f406f09f,05/15/2024 05:00:00 PM,M,,BICYCLE HELMET (PEDACYCLIST INVOLVED ONLY),CROSSING - NO CONTROLS (NOT AT INTERSECTION),IN CROSSWALK,TEST NOT OFFERED,,30,CLEAR,DAYLIGHT,PEDALCYCLIST,DIVIDED - W/MEDIAN (NOT RAISED),STRAIGHT AND LEVEL,UNKNOWN,INJURY AND / OR TOW DUE TO CRASH,STEWART AVE,41.8588111264,-87.6379506387,POINT (-87.637950638679 41.858811126437)
O1819299,BICYCLE,9cf4c21859e4c90ad3b09127e55356528f4c5540b07f09283da2aaf97d111f9a6392360d076e97378841de149b30bb9426d80d74d970311097cd024608a8ea2a,05/15/2024 01:49:00 PM,M,63.0,HELMET NOT USED,CROSSING - WITH SIGNAL,UNKNOWN/NA,TEST NOT OFFERED,,30,CLEAR,DAYLIGHT,PEDALCYCLIST,T-INTERSECTION,STRAIGHT AND LEVEL,DRY,INJURY AND / OR TOW DUE TO CRASH,CALIFORNIA AVE,41.9084852955,-87.6971623005,POINT (-87.697162300515 41.9084852955)
O1819242,BICYCLE,7ede37f6e1fc8953fa3a9f14c26e6fe607f6414d09bce4982ec932b7eba9d6e41aac96137a6b22e789c92a1a048c6279bb666bc89383cfca0387c31aebd0f9b1,05/15/2024 08:10:00 AM,M,,HELMET NOT USED,ENTER FROM DRIVE/ALLEY,IN ROADWAY,TEST NOT OFFERED,,30,CLEAR,DAYLIGHT,PEDALCYCLIST,DIVIDED - W/MEDIAN BARRIER,STRAIGHT AND LEVEL,DRY,NO INJURY / DRIVE AWAY,MORGAN ST,41.8800479701,-87.6518315713,POINT (-87.651831571271 41.880047970125)
O1819016,NON-MOTOR VEHICLE,b524257cc0d365f55a1234ba851e7772095e87179bcbdd666cd7c28a8fe32240d827f2307a193b8b836e6f1771745e2a339205242da92bca1725e8913a30ca5e,05/15/2024 08:10:00 AM,M,,NONE PRESENT,WITH TRAFFIC,IN ROADWAY,,,30,CLEAR,DAYLIGHT,OTHER OBJECT,ONE-WAY,STRAIGHT AND LEVEL,DRY,NO INJURY / DRIVE AWAY,ADAMS ST,41.8792528055,-87.6516521788,POINT (-87.651652178816 41.879252805546)
O1822635,BICYCLE,7a46eaa9417f741f211bae94105d430f88ae2e8af19babd349b2d3c5517f1d5824ea62a95a2c48ba59f99e0c3a953f51f40d18b8a3167eee11eb02aa3e362add,05/15/2024 08:00:00 AM,F,41.0,HELMET NOT USED,WITH TRAFFIC,IN ROADWAY,TEST NOT OFFERED,,30,CLEAR,DAYLIGHT,PEDALCYCLIST,ALLEY,STRAIGHT AND LEVEL,DRY,INJURY AND / OR TOW DUE TO CRASH,AUGUSTA BLVD,41.8992782475,-87.6863550665,POINT (-87.686355066519 41.899278247501)
O1819008,BICYCLE,f9908429de8573636a078d8313ced872dc7ae068f55a5dd5826855cb569ba41a001448ef2eba291df611552cb1d2b808841173b496b42b7cdecefa3763767857,05/15/2024 07:50:00 AM,M,13.0,HELMET NOT USED,OTHER ACTION,IN CROSSWALK,TEST NOT OFFERED,,30,CLEAR,DAYLIGHT,PEDALCYCLIST,FOUR WAY,STRAIGHT AND LEVEL,UNKNOWN,INJURY AND / OR TOW DUE TO CRASH,AVONDALE AVE,41.9828889408,-87.7842611001,POINT (-87.784261100094 41.982888940826)
O1819643,BICYCLE,ea0c421953560d01022b76b407e636266aca0dc5995c726d3d1c111fe9db25862422c36ec8823dfc9d12472541db0421501f7214065931342ae88e07cb99a74e,05/15/2024 06:20:00 AM,M,35.0,BICYCLE HELMET (PEDACYCLIST INVOLVED ONLY),NO ACTION,IN ROADWAY,TEST NOT OFFERED,,30,CLEAR,DAYLIGHT,PEDALCYCLIST,NOT DIVIDED,STRAIGHT AND LEVEL,UNKNOWN,INJURY AND / OR TOW DUE TO CRASH,CLARK ST,41.9733252747,-87.6679216711,POINT (-87.667921671143 41.973325274713)
O1818871,BICYCLE,ed4f5aaad6f0cb95a8356bb49810c799ca61c99bd166a662c7bba6cef2374c7cf6ecc903528aa886da727a9e1aa472459a27f5e1ef8c12c7a0c066a6117f6ab3,05/14/2024 06:30:00 PM,M,,BICYCLE HELMET (PEDACYCLIST INVOLVED ONLY),WITH TRAFFIC,IN ROADWAY,TEST NOT OFFERED,,30,CLEAR,DAYLIGHT,PEDALCYCLIST,DIVIDED - W/MEDIAN (NOT RAISED),STRAIGHT AND LEVEL,DRY,NO INJURY / DRIVE AWAY,WESTERN AVE,41.8997697878,-87.686800524,POINT (-87.686800524017 41.899769787804)
O1818717,BICYCLE,9e2261e80b1e849fe3ba265f93bd6601f3760938cebae23663597f67d9359950ec9e174415d50dde429c957e786671e87e26974262a00b5ff20f6cc8c6ae4cda,05/14/2024 03:55:00 PM,M,28.0,HELMET NOT USED,CROSSING - NO CONTROLS (AT INTERSECTION),IN ROADWAY,TEST NOT OFFERED,,30,CLOUDY/OVERCAST,DAYLIGHT,PEDALCYCLIST,NOT DIVIDED,STRAIGHT AND LEVEL,DRY,INJURY AND / OR TOW DUE TO CRASH,MILWAUKEE AVE,41.9257398807,-87.7017440153,POINT (-87.701744015308 41.925739880692)
O1818601,BICYCLE,8880e47eabec321fafa16181304140d34b4bb9ff9314cb9ed6ea94bc616cebfedd00292c152c17fffcbf16b37f73a2be4294b13adce4246acddf82df6a25daeb,05/14/2024 02:11:00 PM,M,27.0,BICYCLE HELMET (PEDACYCLIST INVOLVED ONLY),NO ACTION,BIKE LANE,TEST NOT OFFERED,,30,CLEAR,DAYLIGHT,PEDALCYCLIST,T-INTERSECTION,STRAIGHT AND LEVEL,DRY,INJURY AND / OR TOW DUE TO CRASH,GLENWOOD AVE,41.9844745048,-87.6651289855,POINT (-87.665128985451 41.984474504846)
O1818420,NON-MOTOR VEHICLE,2e5afa0793f6595695fba19db12ef7e6006d8ae4b4ff8f6e64b80327fe36256ea41fe2bb4204f234964804cc0e1a8ec08cd3cfaac9e5b113875a6388a4aac17d,05/14/2024 08:45:00 AM,X,,USAGE UNKNOWN,,,TEST NOT OFFERED,,25,CLEAR,DAYLIGHT,OTHER OBJECT,UNKNOWN,STRAIGHT AND LEVEL,DRY,NO INJURY / DRIVE AWAY,HOLLAND RD,41.7358299825,-87.6327537472,POINT (-87.632753747238 41.735829982491)
O1818110,BICYCLE,bb29a86a47e7b8e4991763b5411f712e9c60c435f9d1fbcdcf4490788e9a678abb144d55cc979189e8100323068c1b7108aafb17ea80945406a807cbb4d1c050,05/13/2024 05:13:00 PM,M,17.0,HELMET NOT USED,TURNING LEFT,IN ROADWAY,TEST NOT OFFERED,,30,RAIN,DAYLIGHT,PEDALCYCLIST,"FIVE POINT, OR MORE",STRAIGHT AND LEVEL,WET,INJURY AND / OR TOW DUE TO CRASH,HALSTED ST,41.9253595925,-87.6489047986,POINT (-87.648904798581 41.925359592529)
O1818018,NON-MOTOR VEHICLE,26cfe095fc3bdac96f1b0cd64317b1a6b6eac903c3a75693f326c55e628f913c1ff655dbf06342e325f3320d5c23da85df4672e31b6c0f056f7987c547fe6c8b,05/13/2024 03:45:00 PM,F,22.0,NONE PRESENT,CROSSING - WITH SIGNAL,IN CROSSWALK,TEST NOT OFFERED,,30,CLEAR,DAYLIGHT,OTHER OBJECT,T-INTERSECTION,STRAIGHT AND LEVEL,DRY,INJURY AND / OR TOW DUE TO CRASH,NARRAGANSETT AVE,41.9292566877,-87.785795165,POINT (-87.785795165033 41.929256687664)
O1824531,BICYCLE,f4a250aab00ec9aa2213c9ab878e998c7470b9bf6983087e5640524c099fab6f14c68412436c910b6fa249858e2517e69ac15ba63e3b21d6b39f84270fea7992,05/13/2024 09:00:00 AM,M,21.0,BICYCLE HELMET (PEDACYCLIST INVOLVED ONLY),WITH TRAFFIC,BIKE LANE,TEST NOT OFFERED,,30,CLEAR,DAYLIGHT,PEDALCYCLIST,NOT DIVIDED,STRAIGHT AND LEVEL,DRY,INJURY AND / OR TOW DUE TO CRASH,DAMEN AVE,41.9493656755,-87.6784769075,POINT (-87.678476907528 41.949365675502)
O1817520,NON-MOTOR VEHICLE,435baad5596ed19a506c74bc784de24637231d71358de0e18e343f31827fa5ef632c0cf60ed3f9ba7ae42f8ba8545965a3b4cfa66d46ae460423fe7b0cd6cdc4,05/13/2024 08:08:00 AM,M,35.0,NONE PRESENT,UNKNOWN/NA,BIKEWAY,TEST NOT OFFERED,,30,CLEAR,DAYLIGHT,OTHER OBJECT,NOT DIVIDED,STRAIGHT AND LEVEL,DRY,INJURY AND / OR TOW DUE TO CRASH,CENTRAL AVE,41.9311114956,-87.7663875945,POINT (-87.766387594505 41.931111495587)
O1817489,BICYCLE,3558fd43589f8d74554e242b6f64356512653ad30c966116a116c461e3f4d25ea3f94bca598cb61092ace8d846e5630d946ff55da90d97c9496a73db923d0b4b,05/13/2024 07:10:00 AM,M,21.0,HELMET NOT USED,CROSSING - AGAINST SIGNAL,IN ROADWAY,TEST NOT OFFERED,,30,CLEAR,DAWN,PEDALCYCLIST,NOT DIVIDED,STRAIGHT AND LEVEL,DRY,INJURY AND / OR TOW DUE TO CRASH,OGDEN AVE,41.8580532553,-87.705555636,POINT (-87.705555636014 41.858053255297)
O1817407,BICYCLE,aadeddc11619efab2d837419ab48772be489dec97ee9bc5dba205ae2eb195bf74a34106fb921c2417e1c49230f27254a6ff2da4e25c31ce7a65265b976f319a7,05/13/2024 12:16:00 AM,M,35.0,HELMET NOT USED,WITH TRAFFIC,UNKNOWN/NA,TEST NOT OFFERED,,30,CLEAR,"DARKNESS, LIGHTED ROAD",PEDALCYCLIST,DIVIDED - W/MEDIAN (NOT RAISED),STRAIGHT AND LEVEL,DRY,NO INJURY / DRIVE AWAY,SHERIDAN RD,42.0079442531,-87.6615294439,POINT (-87.661529443876 42.007944253129)
O1817352,BICYCLE,de39f86cf4551c6e0cca3228f20ca267e3dbf21ab0694e07e62f5ae163fae45f16b8bdadb22a34da8385586bdcb129f36c44dea455fe9dfab535d666e8c7d374,05/12/2024 09:28:00 PM,M,14.0,HELMET NOT USED,CROSSING - WITH SIGNAL,IN CROSSWALK,TEST NOT OFFERED,Y,30,CLEAR,"DARKNESS, LIGHTED ROAD",PEDALCYCLIST,NOT DIVIDED,STRAIGHT AND LEVEL,DRY,INJURY AND / OR TOW DUE TO CRASH,59TH ST,41.786241183,-87.7107777245,POINT (-87.71077772448 41.786241182984)
O1817327,BICYCLE,c4a60081306dd6d810226457686c8ea5d94f479c02f3f679255c8f7b74152f7661e339465ed7d25b2a067dbe3a39b110bf7b5af28aa1afa97c41e7d863a8fe57,05/12/2024 08:35:00 PM,F,32.0,BICYCLE HELMET (PEDACYCLIST INVOLVED ONLY),CROSSING - NO CONTROLS (AT INTERSECTION),BIKE LANE,TEST NOT OFFERED,Y,30,CLEAR,"DARKNESS, LIGHTED ROAD",PEDALCYCLIST,T-INTERSECTION,STRAIGHT AND LEVEL,DRY,INJURY AND / OR TOW DUE TO CRASH,LAWRENCE AVE,41.968489395,-87.7154352987,POINT (-87.715435298741 41.968489395035)
O1817316,BICYCLE,1058ccbf982fa10a6f2c0e3b7d1c8b68268cb35579c5ee731e86042a0a44b47ed63372811c096d89b151793667882541dd909ba75cab1375cc0d116e52541db4,05/12/2024 08:05:00 PM,M,18.0,HELMET NOT USED,TURNING LEFT,IN ROADWAY,TEST NOT OFFERED,,30,CLEAR,DUSK,PEDALCYCLIST,DIVIDED - W/MEDIAN (NOT RAISED),STRAIGHT AND LEVEL,DRY,INJURY AND / OR TOW DUE TO CRASH,MC CLURG CT,41.8915178945,-87.6178305226,POINT (-87.617830522582 41.891517894531)
O1817123,BICYCLE,307d0ea298095929c30f85de56dc35aaa3d61dd2978697025086d27931038d2e62055761c56277fbbed29cc66e4de98801fbf9726b2a2463a5d2197172292638,05/12/2024 02:30:00 PM,M,34.0,BICYCLE HELMET (PEDACYCLIST INVOLVED ONLY),WITH TRAFFIC,BIKE LANE,TEST NOT OFFERED,,30,CLEAR,DAYLIGHT,PEDALCYCLIST,NOT DIVIDED,STRAIGHT AND LEVEL,UNKNOWN,INJURY AND / OR TOW DUE TO CRASH,CLARK ST,41.9419112393,-87.6520881412,POINT (-87.652088141173 41.94191123931)
O1817136,BICYCLE,335023c6c2db86b1f93f0dfc2072b2de2ebf14e19006016b0fa83128bd367c39591d57533bb36a2bd58889042b61a7bd8fc4654b53a05149a5126528dd9e42a4,05/12/2024 02:30:00 PM,M,,BICYCLE HELMET (PEDACYCLIST INVOLVED ONLY),WITH TRAFFIC,BIKE LANE,TEST NOT OFFERED,Y,30,CLEAR,DAYLIGHT,PEDALCYCLIST,NOT DIVIDED,STRAIGHT AND LEVEL,UNKNOWN,INJURY AND / OR TOW DUE TO CRASH,FULLERTON AVE,41.9254188292,-87.6573961276,POINT (-87.657396127597 41.92541882917)
O1817158,NON-MOTOR VEHICLE,5b8ee4b66bc3e3ee9f1b15481c647d34b353d55b6b76fb784b8221a52ba4357d6217b60955be4d1b6e33afa1f76f96959f5baa9da3fb6489025bb84b06778a27,05/12/2024 02:18:00 PM,M,38.0,BICYCLE HELMET (PEDACYCLIST INVOLVED ONLY),WITH TRAFFIC,BIKE LANE,TEST NOT OFFERED,,25,CLEAR,DAYLIGHT,OTHER OBJECT,NOT DIVIDED,STRAIGHT AND LEVEL,DRY,INJURY AND / OR TOW DUE TO CRASH,HALSTED ST,41.9492745986,-87.6496942748,POINT (-87.64969427477 41.94927459857)
O1816935,BICYCLE,72fbba16b24202bf35e06b0623c1cf6d42029b7bc75937c948af6f8226e38995275009d17f167f71adbd3d982ae949fa5598bd30d2bc4baaa2a0429c9eec2fb6,05/12/2024 10:15:00 AM,M,29.0,BICYCLE HELMET (PEDACYCLIST INVOLVED ONLY),NO ACTION,BIKEWAY,TEST NOT OFFERED,,30,CLEAR,DAYLIGHT,PEDALCYCLIST,DIVIDED - W/MEDIAN (NOT RAISED),STRAIGHT AND LEVEL,DRY,INJURY AND / OR TOW DUE TO CRASH,MONTROSE AVE,41.9616707621,-87.6715060006,POINT (-87.671506000572 41.961670762129)
O1816770,BICYCLE,12c19d9e41d5312230e944202051d6b434720204930b0026533ecd2a7e043b2b7f3afaa19965abd456b0318d692bf679c53f7d6a2f229d113de2a4e01c479aef,05/11/2024 08:53:00 PM,M,18.0,BICYCLE HELMET (PEDACYCLIST INVOLVED ONLY),WITH TRAFFIC,IN ROADWAY,TEST NOT OFFERED,,30,CLEAR,"DARKNESS, LIGHTED ROAD",PEDALCYCLIST,NOT DIVIDED,STRAIGHT AND LEVEL,DRY,INJURY AND / OR TOW DUE TO CRASH,MONTROSE AVE,41.9618661027,-87.6564709909,POINT (-87.656470990925 41.96186610267)
O1816787,BICYCLE,f3998da56bc9e59a081502b2fc63fa638cd6cd6e556726f6742e232ea50b19d073d5c814e3bad98ee0bc9531f37280d0b4425049dfcfd249a435f76fbf0aeb90,05/11/2024 08:00:00 PM,M,32.0,HELMET NOT USED,AGAINST TRAFFIC,IN ROADWAY,TEST NOT OFFERED,,30,CLEAR,DAYLIGHT,PEDALCYCLIST,DIVIDED - W/MEDIAN BARRIER,STRAIGHT AND LEVEL,DRY,NO INJURY / DRIVE AWAY,STONY ISLAND AVE,41.7578056585,-87.586268258,POINT (-87.586268258019 41.757805658543)
O1816532,BICYCLE,bdd0ebe8d59d8b617881c6f8f27594a9364310010419b3975a3316e98e872f550de578260c6bddbfc52c73c7aedda627d3e60a2731abb8f19929565f24df0fe9,05/11/2024 02:06:00 PM,M,45.0,BICYCLE HELMET (PEDACYCLIST INVOLVED ONLY),OTHER ACTION,BIKE LANE,TEST NOT OFFERED,,25,CLEAR,DAYLIGHT,PEDALCYCLIST,T-INTERSECTION,STRAIGHT AND LEVEL,DRY,INJURY AND / OR TOW DUE TO CRASH,CLARK ST,41.9809138573,-87.6685122215,POINT (-87.668512221523 41.980913857304)
O1818617,BICYCLE,42d5e2941a62a41be8471b3bb6ca199e8615519494a976d97c20a2392a8de33137eea40dffb02630e87877efb90376efcf26009f1c95a10e6531b35c0beb9fda,05/11/2024 02:05:00 PM,M,38.0,HELMET NOT USED,NO ACTION,BIKE LANE,TEST NOT OFFERED,N,30,CLEAR,DAYLIGHT,PEDALCYCLIST,NOT DIVIDED,STRAIGHT AND LEVEL,UNKNOWN,INJURY AND / OR TOW DUE TO CRASH,SOUTHPORT AVE,41.9540928842,-87.6643581194,POINT (-87.664358119396 41.954092884184)
O1816433,BICYCLE,fedfa695349f15f3b7d01c63a67617ef78858feb49c119443e8280aa1890bf3f197fbd80479d06e3aa14860da9241e49841bdacb62afcd2869138e8388c987f7,05/11/2024 12:20:00 PM,F,42.0,BICYCLE HELMET (PEDACYCLIST INVOLVED ONLY),CROSSING - NO CONTROLS (AT INTERSECTION),BIKE LANE,TEST NOT OFFERED,,30,CLEAR,DAYLIGHT,PEDALCYCLIST,FOUR WAY,STRAIGHT AND LEVEL,DRY,INJURY AND / OR TOW DUE TO CRASH,HUBBARD ST,41.8897764947,-87.6671558872,POINT (-87.667155887236 41.889776494686)
O1816416,BICYCLE,8a9c32c6fe72aa965f60d8169ca93d34b77f0c0bb2408f941262b8b48e3c789a2bf1b24d31f0725c9542970250e5e1eb3f0bb13bba337e930de30a53cc48647c,05/11/2024 12:15:00 PM,M,44.0,BICYCLE HELMET (PEDACYCLIST INVOLVED ONLY),WITH TRAFFIC,BIKEWAY,TEST NOT OFFERED,,30,CLEAR,DAYLIGHT,PEDALCYCLIST,NOT DIVIDED,STRAIGHT AND LEVEL,DRY,INJURY AND / OR TOW DUE TO CRASH,MONTROSE AVE,41.9610773954,-87.708186162,POINT (-87.708186161951 41.961077395405)
O1816420,BICYCLE,e9a6d1f2050423c5eb5aaa06316143caef73e00b4418173f0563229d74daf73aaa5db9f3af90c8de83cd8506c32298a9cf146aefea2cdc05f9f521c1c800e96a,05/11/2024 11:55:00 AM,F,20.0,BICYCLE HELMET (PEDACYCLIST INVOLVED ONLY),WITH TRAFFIC,BIKE LANE,TEST NOT OFFERED,,30,CLEAR,DAYLIGHT,PEDALCYCLIST,DIVIDED - W/MEDIAN (NOT RAISED),STRAIGHT AND LEVEL,DRY,INJURY AND / OR TOW DUE TO CRASH,DIVERSEY AVE,41.9318492507,-87.7132764886,POINT (-87.713276488634 41.931849250723)
O1817699,BICYCLE,0d01fdefe26cfed08b6570cfec558d725ed4288ac56c473f3f9e42191b06c99b59e67cc579f3c331a0ba52ccc42468380a3956747faaad528d4dcaaf5bdba4c3,05/11/2024 10:20:00 AM,M,50.0,BICYCLE HELMET (PEDACYCLIST INVOLVED ONLY),WITH TRAFFIC,BIKE LANE,TEST NOT OFFERED,,30,CLEAR,DAYLIGHT,PEDALCYCLIST,NOT DIVIDED,STRAIGHT AND LEVEL,DRY,INJURY AND / OR TOW DUE TO CRASH,DAMEN AVE,41.9259944481,-87.6781066785,POINT (-87.678106678542 41.925994448098)
O1817700,BICYCLE,0d01fdefe26cfed08b6570cfec558d725ed4288ac56c473f3f9e42191b06c99b59e67cc579f3c331a0ba52ccc42468380a3956747faaad528d4dcaaf5bdba4c3,05/11/2024 10:20:00 AM,M,55.0,BICYCLE HELMET (PEDACYCLIST INVOLVED ONLY),WITH TRAFFIC,BIKE LANE,TEST NOT OFFERED,,30,CLEAR,DAYLIGHT,PEDALCYCLIST,NOT DIVIDED,STRAIGHT AND LEVEL,DRY,INJURY AND / OR TOW DUE TO CRASH,DAMEN AVE,41.9259944481,-87.6781066785,POINT (-87.678106678542 41.925994448098)
O1816287,BICYCLE,e23c666275c0472e4c21a8bdc8f01a903fefb4eab6b75884e2f1c3d905fb7677fcf0a5de29dab94d3916bd16b48e2d802d5e5584ae8b39a0ad2f4b20e830f069,05/11/2024 08:23:00 AM,M,57.0,HELMET NOT USED,CROSSING - NO CONTROLS (AT INTERSECTION),IN ROADWAY,TEST NOT OFFERED,,15,CLEAR,DAYLIGHT,PEDALCYCLIST,T-INTERSECTION,STRAIGHT AND LEVEL,DRY,INJURY AND / OR TOW DUE TO CRASH,NORTH AVE,41.9094821915,-87.7486983106,POINT (-87.748698310623 41.909482191491)
O1816297,BICYCLE,6af0f576192ed45bdc8818551c4bd1f6848de481bf99d70eb64a415cadbe9fed547206451c05ca234d3918f2f7cd1c7b98865539e41aa901a58b1339f55abdf2,05/11/2024 08:12:00 AM,F,14.0,HELMET NOT USED,CROSSING - NO CONTROLS (AT INTERSECTION),DRIVEWAY ACCESS,TEST NOT OFFERED,,30,CLEAR,DAYLIGHT,PEDALCYCLIST,DRIVEWAY,STRAIGHT AND LEVEL,UNKNOWN,INJURY AND / OR TOW DUE TO CRASH,BELMONT AVE,41.9390093002,-87.7415198828,POINT (-87.741519882818 41.939009300232)
O1816217,BICYCLE,4a0b6f119c38fa5dde1b320cf3499dcf5beea50b9a34478643da1248c88b6cf4f07d15034e6b696afdd2f57075ea2215bd97102a4b68fe4ec039e8defa58740f,05/11/2024 04:26:00 AM,M,30.0,HELMET NOT USED,WITH TRAFFIC,BIKE LANE,TEST NOT OFFERED,,30,CLEAR,"DARKNESS, LIGHTED ROAD",PEDALCYCLIST,NOT DIVIDED,STRAIGHT AND LEVEL,DRY,INJURY AND / OR TOW DUE TO CRASH,NORTH AVE,41.9102999558,-87.6998607714,POINT (-87.699860771397 41.910299955823)
O1818046,BICYCLE,00703200ddf78e78930cc8ce0a1fa0ab3029c2851b9644ab958dfb776143adcd8c47c3d67797097a0b092a61a67033a671ce043b9b20d5d1d7c31fbded680e65,05/10/2024 09:00:00 PM,X,,HELMET NOT USED,WITH TRAFFIC,IN ROADWAY,TEST NOT OFFERED,,30,CLEAR,DARKNESS,PEDALCYCLIST,FOUR WAY,STRAIGHT AND LEVEL,UNKNOWN,NO INJURY / DRIVE AWAY,HALSTED ST,41.8818086816,-87.6475083354,POINT (-87.647508335359 41.881808681646)
O1817910,BICYCLE,4b909c1e70e9c07d90a2a58bd63f665f48930b2e1584d9444e5c1e9c973dd79932a2337ee9f6e4d491b4e019f71da34c36e0be8ab6918e63a7d436ed55a1324b,05/10/2024 04:27:00 PM,F,37.0,BICYCLE HELMET (PEDACYCLIST INVOLVED ONLY),CROSSING - WITH SIGNAL,IN CROSSWALK,TEST NOT OFFERED,,25,CLEAR,DAYLIGHT,PEDALCYCLIST,FOUR WAY,STRAIGHT AND LEVEL,DRY,INJURY AND / OR TOW DUE TO CRASH,MICHIGAN AVE,41.8757910592,-87.6241150123,POINT (-87.624115012282 41.875791059222)
O1815637,BICYCLE,c0872ed4148ba16ea8a53a40fc39a5c15436e35fcabab649ac50d294b785d699e58db34fee0acef12d779d746efd1da7ac39af36ec5eea49f6523725b64af727,05/10/2024 12:11:00 PM,F,23.0,BICYCLE HELMET (PEDACYCLIST INVOLVED ONLY),WITH TRAFFIC,BIKE LANE,TEST NOT OFFERED,,30,CLEAR,DAYLIGHT,PEDALCYCLIST,DIVIDED - W/MEDIAN (NOT RAISED),STRAIGHT AND LEVEL,DRY,INJURY AND / OR TOW DUE TO CRASH,CLARK ST,41.9556845577,-87.6629012635,POINT (-87.662901263547 41.955684557662)
O1815261,BICYCLE,a4e72fcd2fd9bb5063a9772d8528102caab23866bb88af43fa534624de106dcd344a028c692055bbc435acb4d2150a8b9525f44174b571111043eda01149d141,05/09/2024 05:48:00 PM,M,14.0,HELMET NOT USED,WITH TRAFFIC,IN ROADWAY,TEST NOT OFFERED,,30,CLEAR,DAYLIGHT,PEDALCYCLIST,NOT DIVIDED,STRAIGHT AND LEVEL,WET,INJURY AND / OR TOW DUE TO CRASH,PERSHING RD,41.8226757476,-87.7062090646,POINT (-87.706209064577 41.82267574762)
O1815162,BICYCLE,97415b59e6c217c19e3950c5d5503d6c12bf7311c285c4f8080627bf1517c2805da156c3c50ed67aa4b703661000532dd736c9cb37252341fb6ef6d48ae4a6df,05/09/2024 04:23:00 PM,M,,HELMET NOT USED,CROSSING - AGAINST SIGNAL,IN ROADWAY,TEST NOT OFFERED,,30,RAIN,DAYLIGHT,PEDALCYCLIST,T-INTERSECTION,STRAIGHT AND LEVEL,WET,NO INJURY / DRIVE AWAY,GRANVILLE AVE,41.9945481595,-87.670239404,POINT (-87.670239403985 41.994548159452)
O1815325,BICYCLE,8449b2fd260453e21f06a1c6181c10c7a40387e4c5289f76f29f28a46ec48e4dfae95b21b9792daf3c59741ca4590a8de0015efa535135c63278151d1bc60194,05/09/2024 02:15:00 PM,M,17.0,BICYCLE HELMET (PEDACYCLIST INVOLVED ONLY),CROSSING - WITH SIGNAL,IN ROADWAY,TEST NOT OFFERED,,30,CLEAR,DAYLIGHT,PEDALCYCLIST,DIVIDED - W/MEDIAN (NOT RAISED),STRAIGHT AND LEVEL,DRY,INJURY AND / OR TOW DUE TO CRASH,PULASKI RD,41.9190371922,-87.7267631397,POINT (-87.726763139745 41.919037192151)
O1840848,BICYCLE,0c4ea9e0d558449497669c9e23e0de5d0805a1baecae05bb13f9ca33510d09254ca8cb87ce83e51e2012273357444fcbf6446559bc3181688705596b5699459a,05/09/2024 12:22:00 PM,M,43.0,BICYCLE HELMET (PEDACYCLIST INVOLVED ONLY),WITH TRAFFIC,UNKNOWN/NA,,,30,CLOUDY/OVERCAST,DAYLIGHT,PEDALCYCLIST,DIVIDED - W/MEDIAN (NOT RAISED),STRAIGHT AND LEVEL,DRY,INJURY AND / OR TOW DUE TO CRASH,BROADWAY,41.9935210117,-87.6605229896,POINT (-87.660522989605 41.993521011741)
O1814518,NON-MOTOR VEHICLE,5f0e5eed86aa701fcbda4388dad8591ae314266ddea96be8ff107fafb39ca7c098a92ffabfffdf58ef78a9ca30e288cdab4f43275caec5d56419516aa43aa626,05/08/2024 10:30:00 PM,,,,INTOXICATED PED/PEDAL,UNKNOWN/NA,,,35,CLEAR,DARKNESS,FIXED OBJECT,NOT DIVIDED,STRAIGHT AND LEVEL,DRY,INJURY AND / OR TOW DUE TO CRASH,AVERS AVE,41.9121105192,-87.7229207536,POINT (-87.722920753552 41.912110519217)