PERSON_ID,PERSON_TYPE,CRASH_RECORD_ID,CRASH_DATE_x,SEX,AGE,SAFETY_EQUIPMENT,PEDPEDAL_ACTION,PEDPEDAL_LOCATION,BAC_RESULT,CRASH_DATE_EST_I,POSTED_SPEED_LIMIT,WEATHER_CONDITION,LIGHTING_CONDITION,FIRST_CRASH_TYPE,TRAFFICWAY_TYPE,ALIGNMENT,ROADWAY_SURFACE_COND,CRASH_TYPE,STREET_NAME,LATITUDE,LONGITUDE,LOCATION
O1814466,BICYCLE,bd31dd893a71032cbab6afd9bc286285dd1c4f7a6d3dec92e41a5a40af22860a8cccba5c1279b4808e8a2d92ca6e17ea2da266d2e583547725b4fc6bbb809723,05/08/2024 07:57:00 PM,M,16.0,HELMET NOT USED,WITH TRAFFIC,BIKE LANE,TEST NOT OFFERED,,30,CLEAR,DUSK,PEDALCYCLIST,NOT DIVIDED,STRAIGHT AND LEVEL,DRY,INJURY AND / OR TOW DUE TO CRASH,HALSTED ST,41.8389853919,-87.6461539463,POINT (-87.646153946314 41.838985391947)
O1814315,BICYCLE,f532fda19d65573bc3403c4a0e90d897f5c1cbfcf5ade6cbe42bdcc1c9b34947d94b3bb264fd86e074bcb7a3ef69c3cb6fed18bc1c522d681b58248b8a754727,05/08/2024 05:00:00 PM,F,37.0,BICYCLE HELMET (PEDACYCLIST INVOLVED ONLY),CROSSING - NO CONTROLS (NOT AT INTERSECTION),BIKE LANE,TEST NOT OFFERED,,30,CLEAR,DAYLIGHT,PEDALCYCLIST,NOT DIVIDED,STRAIGHT AND LEVEL,DRY,NO INJURY / DRIVE AWAY,MILWAUKEE AVE,41.9090376541,-87.6751459225,POINT (-87.67514592249 41.909037654061)
O1814445,BICYCLE,9a9a1931be4937386d6086eaccbed138ba6586c4f5a7ce62a3f8439443c384539d4881843fcb32751007714a5f7077cb3eddd7de8370cc5531d14357d6acc3fd,05/08/2024 03:50:00 PM,M,31.0,BICYCLE HELMET (PEDACYCLIST INVOLVED ONLY),WITH TRAFFIC,IN ROADWAY,TEST NOT OFFERED,,30,CLEAR,DAYLIGHT,PEDALCYCLIST,NOT DIVIDED,STRAIGHT AND LEVEL,DRY,NO INJURY / DRIVE AWAY,CHICAGO AVE,41.8962261353,-87.6511551495,POINT (-87.651155149547 41.896226135283)
O1814137,BICYCLE,7bfa982e16dada732b7cd9c1f3420c035c9efcd5aefd53536a04e5b38d3ac565c7c33829cdfed9242e658017f03ed61aaf04a9d2ad0b1034c491dc9839bb57f2,05/08/2024 02:15:00 PM,M,,HELMET NOT USED,UNKNOWN/NA,IN CROSSWALK,TEST NOT OFFERED,,30,CLEAR,DAYLIGHT,PEDALCYCLIST,Y-INTERSECTION,STRAIGHT AND LEVEL,DRY,NO INJURY / DRIVE AWAY,WESTERN AVE,41.9322934156,-87.687745294,POINT (-87.687745294028 41.932293415575)
O1814073,BICYCLE,1357cd0d67127e93f2b03a57aad09dbc1999ca0d4c1000352d58288055b4f9809621b2dbc9ba52dbe8f01c7f9e7a88592dfd8f9a9d30e10d74068611a237140d,05/08/2024 01:44:00 PM,M,27.0,HELMET NOT USED,WITH TRAFFIC,IN ROADWAY,"TEST PERFORMED, RESULTS UNKNOWN",,30,CLEAR,DAYLIGHT,PEDALCYCLIST,DIVIDED - W/MEDIAN (NOT RAISED),STRAIGHT AND LEVEL,DRY,INJURY AND / OR TOW DUE TO CRASH,SIMONDS DR,41.9769372005,-87.649575133,POINT (-87.649575133047 41.976937200496)
O1814011,BICYCLE,1d261bd6a8860b4381014fdcb8cefc6f708c6b457e3e0c38f4bead1a2c6dc69d438a52a4f8f397e928af5fd6090776043bf40e1d3ccd98d3d9765e0c79992a26,05/08/2024 12:32:00 PM,M,,BICYCLE HELMET (PEDACYCLIST INVOLVED ONLY),WITH TRAFFIC,IN ROADWAY,TEST NOT OFFERED,,30,CLEAR,DAYLIGHT,PEDALCYCLIST,NOT DIVIDED,STRAIGHT AND LEVEL,DRY,INJURY AND / OR TOW DUE TO CRASH,BROADWAY,41.9469462173,-87.6468664049,POINT (-87.64686640491 41.946946217288)
O1813996,BICYCLE,78446c1a7931d6b6b12dcdc39b437db9fa0793b5155253df32eb53e22c9ae699aedd27d02cafa4e516585b5db3bc667d829f9706000613dd5df8cc83b1c02a4b,05/08/2024 12:30:00 PM,M,28.0,BICYCLE HELMET (PEDACYCLIST INVOLVED ONLY),CROSSING - AGAINST SIGNAL,IN CROSSWALK,TEST NOT OFFERED,,30,CLEAR,DAYLIGHT,PEDALCYCLIST,DIVIDED - W/MEDIAN BARRIER,STRAIGHT AND LEVEL,DRY,INJURY AND / OR TOW DUE TO CRASH,MICHIGAN AVE,41.8693385225,-87.6242787272,POINT (-87.62427872723 41.869338522503)
O1813995,BICYCLE,44d1bada55d8577b2a90a30172a3a2c79ea66b343213eae8e843459241e14a2f529cf8db742925a0bc177d1b8b7c2d94174d427aa3e15267822c3b56a7709aca,05/08/2024 11:38:00 AM,M,29.0,HELMET NOT USED,WITH TRAFFIC,IN ROADWAY,TEST NOT OFFERED,,30,CLEAR,DAYLIGHT,PEDALCYCLIST,ONE-WAY,STRAIGHT AND LEVEL,DRY,INJURY AND / OR TOW DUE TO CRASH,WELLS ST,41.8794211806,-87.6338994139,POINT (-87.63389941393 41.879421180569)
O1813770,BICYCLE,14bdb1b11fbd0f9185c94d383b52186ae1bf898a018354270250a90a95f4bf37a472c589c709e21a300634084af83e57d5b92464852a3cc320c9cdb541c5b89d,05/08/2024 07:45:00 AM,F,34.0,BICYCLE HELMET (PEDACYCLIST INVOLVED ONLY),WITH TRAFFIC,IN ROADWAY,TEST NOT OFFERED,,30,CLEAR,DAYLIGHT,PEDALCYCLIST,NOT DIVIDED,STRAIGHT AND LEVEL,DRY,INJURY AND / OR TOW DUE TO CRASH,HALSTED ST,41.9281122395,-87.6487091158,POINT (-87.648709115754 41.928112239456)
O1813687,BICYCLE,f0283f42ecacd3b9f450e19b7f050bef7f7e33f79a4588e93f56040ca755e9f4f5a449159e074aa7893770174f2d018d2befa87c027e685a9c35c99ce8c243de,05/07/2024 11:47:00 PM,F,35.0,HELMET NOT USED,CROSSING - AGAINST SIGNAL,IN ROADWAY,TEST NOT OFFERED,,30,CLEAR,"DARKNESS, LIGHTED ROAD",PEDALCYCLIST,DIVIDED - W/MEDIAN BARRIER,STRAIGHT AND LEVEL,UNKNOWN,INJURY AND / OR TOW DUE TO CRASH,MICHIGAN AVE,41.8877502986,-87.6244108678,POINT (-87.624410867821 41.887750298554)
O1813635,BICYCLE,46d19ff5c8b18c6d16498ceaf03e520bdde779b68c456c2af0573d82a8b6f4409933134c4cad058874b9240402bfd7fa78c75ec6f880dc41f56ba084aa31d5c9,05/07/2024 09:00:00 PM,M,26.0,HELMET NOT USED,CROSSING - NO CONTROLS (NOT AT INTERSECTION),IN ROADWAY,TEST NOT OFFERED,,25,CLEAR,"DARKNESS, LIGHTED ROAD",PEDALCYCLIST,DIVIDED - W/MEDIAN BARRIER,STRAIGHT AND LEVEL,WET,INJURY AND / OR TOW DUE TO CRASH,STATE ST,41.7215707064,-87.6238733539,POINT (-87.623873353867 41.721570706446)
O1813534,BICYCLE,c5126e278c1e6d541395a7d976177dad56877f6dc4d3ecfe54c2d8d4af8d506074babda1ce06cbc3533c7f045b52fe4fa59a7743c00b67db2f6b6c8aa550d51b,05/07/2024 05:51:00 PM,F,13.0,HELMET NOT USED,ENTER FROM DRIVE/ALLEY,UNKNOWN/NA,TEST NOT OFFERED,,15,CLEAR,DAYLIGHT,PEDALCYCLIST,NOT DIVIDED,STRAIGHT AND LEVEL,DRY,INJURY AND / OR TOW DUE TO CRASH,NATOMA AVE,41.977078939,-87.7925467023,POINT (-87.792546702272 41.977078938978)
O1813507,BICYCLE,bc36b699ed7e8a9ef38a19ae7cd9724e397532e6c4d8cd72d0fee435fa27a3496282d8553bf27cda2241b7f51ac9a3ed4b88f809ed7d05aaacfe923ebd148d7b,05/07/2024 05:44:00 PM,M,17.0,HELMET NOT USED,NO ACTION,IN CROSSWALK,TEST NOT OFFERED,,30,CLEAR,DAYLIGHT,PEDALCYCLIST,NOT DIVIDED,STRAIGHT AND LEVEL,DRY,INJURY AND / OR TOW DUE TO CRASH,BROADWAY,41.981887333,-87.6601674062,POINT (-87.660167406249 41.981887333036)
O1813481,BICYCLE,5447b4dc00c7fba93277ffa14a6a2d3bbe75dcf74378af50c85b15dc7093e8c31826e3a868aa8149e93eafdf792292846aa2226e708a21568aef30ac0c68db08,05/07/2024 05:32:00 PM,F,26.0,BICYCLE HELMET (PEDACYCLIST INVOLVED ONLY),NO ACTION,IN ROADWAY,TEST NOT OFFERED,,30,CLEAR,DAYLIGHT,PEDALCYCLIST,DIVIDED - W/MEDIAN (NOT RAISED),STRAIGHT AND LEVEL,DRY,INJURY AND / OR TOW DUE TO CRASH,WESTERN AVE,41.9158722945,-87.687219833,POINT (-87.687219832952 41.91587229452)
O1813476,BICYCLE,9fcee6ca43b39d77f786367e7972f658915be46ebbab467df43427afe50d46cb0158c2a19bb21f53d3810cff812a960803c703b80881e7baa8d23e8c14b089d2,05/07/2024 04:49:00 PM,M,13.0,HELMET NOT USED,OTHER ACTION,IN CROSSWALK,TEST NOT OFFERED,,30,CLEAR,DAYLIGHT,PEDALCYCLIST,DIVIDED - W/MEDIAN BARRIER,STRAIGHT AND LEVEL,DRY,INJURY AND / OR TOW DUE TO CRASH,NORTH AVE,41.9099252471,-87.7315572163,POINT (-87.731557216324 41.909925247058)
O1820966,BICYCLE,f05f18bc990f9bcb38bf13011fb2fc6e4e56ece6fb5f7f04a8f2b13479e063167943441609a5767d61e5fa16a7c0cc78c9338c1885dfbce8ecf2bf605aa5614a,05/07/2024 04:30:00 PM,M,,HELMET NOT USED,WITH TRAFFIC,UNKNOWN/NA,TEST NOT OFFERED,,30,CLEAR,DAYLIGHT,PEDALCYCLIST,DIVIDED - W/MEDIAN (NOT RAISED),STRAIGHT AND LEVEL,DRY,NO INJURY / DRIVE AWAY,KEDZIE AVE,41.9557799679,-87.7082167121,POINT (-87.708216712138 41.955779967878)
O1813263,BICYCLE,36c976368575174b74949dab11601febcd4f317a68df6d6363be4fa319b590afa1a741632aee8692d11cd840cd8d6a14278cac781fc05258a6bad500e95b028d,05/07/2024 01:50:00 PM,M,55.0,HELMET NOT USED,UNKNOWN/NA,IN ROADWAY,TEST NOT OFFERED,,20,RAIN,DAYLIGHT,PEDALCYCLIST,NOT DIVIDED,STRAIGHT AND LEVEL,WET,INJURY AND / OR TOW DUE TO CRASH,HOMAN AVE,41.7897134178,-87.7084982525,POINT (-87.708498252505 41.789713417819)
O1813257,BICYCLE,1a8621a8f17cb1a6f66c3c05072fbd131ce6c0c757a5b77c86a2e3cf8472d7dcb944ab0f6771cb624e1ae8298c9d64cb43f8c0c22880e7feffa1799a233b61d1,05/07/2024 01:30:00 PM,M,31.0,HELMET NOT USED,WITH TRAFFIC,IN ROADWAY,TEST NOT OFFERED,,30,CLEAR,DAYLIGHT,PEDALCYCLIST,FOUR WAY,STRAIGHT AND LEVEL,DRY,INJURY AND / OR TOW DUE TO CRASH,CLARK ST,41.9752407065,-87.6681657075,POINT (-87.668165707455 41.975240706547)
O1813082,BICYCLE,a20072c39b8feb235ff1a5fd08bf877a99aa298c4b22e1a17fe64c3d2bfb7a2637415c090df1e0b32a37a39db7dafc97eb3609724eca5ab93886634db00d854e,05/07/2024 07:48:00 AM,M,35.0,HELMET NOT USED,NOT AT INTERSECTION,IN ROADWAY,TEST NOT OFFERED,,30,CLEAR,DAYLIGHT,PEDALCYCLIST,DIVIDED - W/MEDIAN (NOT RAISED),STRAIGHT AND LEVEL,DRY,INJURY AND / OR TOW DUE TO CRASH,LAWRENCE AVE,41.9686401666,-87.6989011811,POINT (-87.698901181101 41.968640166586)
O1814569,BICYCLE,1839032f45986002c5a7271994a5e598e2c47fb6e20bf4acfcb7887fab87d6be4723197db30a7d3946c80994e2d103f52760c67d8d495a41fd8e386e9f00e154,05/06/2024 08:24:00 PM,F,31.0,HELMET NOT USED,UNKNOWN/NA,IN ROADWAY,TEST NOT OFFERED,,30,CLEAR,"DARKNESS, LIGHTED ROAD",PEDALCYCLIST,ONE-WAY,STRAIGHT AND LEVEL,DRY,INJURY AND / OR TOW DUE TO CRASH,SAWYER AVE,41.8646478199,-87.7069826381,POINT (-87.706982638102 41.864647819897)
O1812809,BICYCLE,bceddd114a04df694fb53e375e07efc7444e5995ac26b50726c22433d39bf959f716ef58f08aab891cdb337872629b7335d744d6c6580e7f324fe3d6afefdae0,05/06/2024 06:00:00 PM,F,,HELMET NOT USED,CROSSING - NO CONTROLS (NOT AT INTERSECTION),IN ROADWAY,TEST NOT OFFERED,,30,CLEAR,DAYLIGHT,PEDALCYCLIST,NOT DIVIDED,STRAIGHT AND LEVEL,UNKNOWN,NO INJURY / DRIVE AWAY,91ST ST,41.7295314264,-87.5844552371,POINT (-87.584455237082 41.729531426365)
O1812804,NON-MOTOR VEHICLE,19dbca69f04590545fa72102d46bf6e5920f6eb6d3aa2dcdfe63677dcfc11b183bdfb5c6bf3151c8b71814c096648a60ad3b340b4bfbad7b405f0c8994e38f38,05/06/2024 05:26:00 PM,M,29.0,NONE PRESENT,TURNING LEFT,IN ROADWAY,TEST NOT OFFERED,,30,CLEAR,DAYLIGHT,OTHER OBJECT,FOUR WAY,STRAIGHT AND LEVEL,DRY,INJURY AND / OR TOW DUE TO CRASH,MICHIGAN AVE,41.6852712229,-87.6209471584,POINT (-87.620947158386 41.685271222904)
O1812687,BICYCLE,a976f7a67d4d0c007e79c0bd79f9253e36f52bc74371f7f82395c2ec12a35ec7667ae5fd67de10c19b3b68c2b19f5d0194667d33e06da73c340138ccf47020e8,05/06/2024 04:00:00 PM,M,76.0,BICYCLE HELMET (PEDACYCLIST INVOLVED ONLY),CROSSING - WITH SIGNAL,NOT IN ROADWAY,TEST NOT OFFERED,,25,CLEAR,DAYLIGHT,PEDALCYCLIST,NOT DIVIDED,STRAIGHT AND LEVEL,DRY,INJURY AND / OR TOW DUE TO CRASH,107TH ST,41.6989881902,-87.6776871268,POINT (-87.677687126838 41.698988190248)
O1812510,BICYCLE,e842f6024de32a760e47885aad2e1e6e0988f5840ffe3e9cf1b9000cf8ed5391a8167cd3bfa41c0da0df7317ceab788b1ab787ac69c7d36702b092e648f7896e,05/06/2024 01:30:00 PM,M,18.0,HELMET NOT USED,OTHER ACTION,BIKE LANE,TEST NOT OFFERED,,35,CLEAR,DAYLIGHT,PEDALCYCLIST,NOT DIVIDED,STRAIGHT AND LEVEL,DRY,NO INJURY / DRIVE AWAY,HALSTED ST,41.924567606,-87.6488751819,POINT (-87.648875181947 41.924567605971)
O1825370,BICYCLE,efabdb68fc7d11ffede299b5f93b9720c22541a055de48693c702b9b427769dd394e46d20317dc2384d2f0151db3a858efd9325a9563b8ad59ce687514229c5f,05/05/2024 11:00:00 PM,M,50.0,HELMET NOT USED,CROSSING - NO CONTROLS (NOT AT INTERSECTION),IN CROSSWALK,TEST NOT OFFERED,,30,CLEAR,DUSK,PEDALCYCLIST,NOT DIVIDED,STRAIGHT AND LEVEL,DRY,INJURY AND / OR TOW DUE TO CRASH,BELMONT AVE,41.9381443545,-87.7899272433,POINT (-87.789927243349 41.938144354538)
O1812759,BICYCLE,bf2d1e0c08a579ef11bdda4d4a3cbf66e2d72609a99cbf08b1a16cc58c9e9fe4777bc8081ac5060968d0781720984b8f875f0878f220fe5a9138d2ab64e01b4b,05/05/2024 07:47:00 PM,M,15.0,HELMET NOT USED,WITH TRAFFIC,IN CROSSWALK,TEST NOT OFFERED,,30,CLEAR,DARKNESS,PEDALCYCLIST,NOT DIVIDED,STRAIGHT AND LEVEL,DRY,INJURY AND / OR TOW DUE TO CRASH,CALIFORNIA AVE,41.899224596,-87.696642375,POINT (-87.696642374961 41.899224596015)
O1818598,BICYCLE,d8904a56c866a7ecf1c8e5d633b6ed4e48b6aaaba5859d4452cfb549a9c6b26dc314771455d833816703bd4750dd169e5e9a4d98cdc8803b7ba1607ce649c21c,05/05/2024 05:40:00 PM,M,51.0,HELMET NOT USED,PARKED VEHICLE,BIKE LANE,TEST NOT OFFERED,,30,CLEAR,DAYLIGHT,PEDALCYCLIST,NOT DIVIDED,STRAIGHT AND LEVEL,DRY,INJURY AND / OR TOW DUE TO CRASH,ROSCOE ST,41.9433246123,-87.6785978831,POINT (-87.678597883106 41.943324612339)
O1812152,BICYCLE,2c260cc7545eb86997936cf283c21dbbb8bae1289671c63b7f3e01cedb09eb301445f4986db6181815a503f1232b6a8d19cca3027b8c7505d13efaa688add1ba,05/05/2024 05:20:00 PM,M,,HELMET NOT USED,PARKED VEHICLE,BIKEWAY,TEST NOT OFFERED,Y,30,CLEAR,DAYLIGHT,PEDALCYCLIST,NOT DIVIDED,STRAIGHT AND LEVEL,DRY,NO INJURY / DRIVE AWAY,LA SALLE DR,41.8892326581,-87.6323804778,POINT (-87.632380477825 41.889232658083)
O1817960,BICYCLE,22b0ffd3700b0f97a41fbb6f9ff9a11eb29302ddd103972345ae1716ada6fcdbb32502e1b2829a0cb956f3ec9c4530b1adc47efbac0acb2e48a78e9f189bea78,05/05/2024 02:43:00 AM,M,30.0,HELMET NOT USED,CROSSING - WITH SIGNAL,IN ROADWAY,,,25,CLEAR,"DARKNESS, LIGHTED ROAD",PEDALCYCLIST,FOUR WAY,STRAIGHT AND LEVEL,DRY,INJURY AND / OR TOW DUE TO CRASH,WAVELAND AVE,41.9488200959,-87.6615793513,POINT (-87.661579351306 41.948820095926)
O1811507,BICYCLE,cf48be8d16b2852dc4bc2eb9c70fffc49e218948029c87eb336f73828093a8996d2bf32cfd08e946426fdf088922c68a0c6974560111e9a60908a173c4eb9872,05/04/2024 10:50:00 PM,M,15.0,HELMET NOT USED,WITH TRAFFIC,IN ROADWAY,TEST NOT OFFERED,,30,CLEAR,"DARKNESS, LIGHTED ROAD",PEDALCYCLIST,ALLEY,STRAIGHT AND LEVEL,WET,NO INJURY / DRIVE AWAY,ROSEMONT AVE,41.9962867574,-87.6695699296,POINT (-87.669569929604 41.996286757373)
O1811572,BICYCLE,e770f8acbe203973d0fb8a3e640f3c8cc79ea11e0eb44cbd7a061670a6b7565fc932f62ac82ebb87e63bcc9511115b209586c7fdbcb08aa2ea2a044dc764336a,05/04/2024 09:36:00 PM,M,43.0,HELMET NOT USED,CROSSING - NO CONTROLS (AT INTERSECTION),IN CROSSWALK,,,30,UNKNOWN,UNKNOWN,PEDALCYCLIST,UNKNOWN INTERSECTION TYPE,STRAIGHT AND LEVEL,UNKNOWN,INJURY AND / OR TOW DUE TO CRASH,PULASKI RD,41.8779327373,-87.7257240638,POINT (-87.725724063844 41.877932737326)
O1811856,BICYCLE,42466d4f05643f0531cdcc48fcea96559aa4d92c481b3a27904ee814dc0ae51e8137876d1901c724b4488f7aff3ae9a6cfb3c192824734f54ac14304395f952d,05/04/2024 07:45:00 PM,M,16.0,BICYCLE HELMET (PEDACYCLIST INVOLVED ONLY),CROSSING - AGAINST SIGNAL,IN ROADWAY,TEST NOT OFFERED,Y,15,RAIN,UNKNOWN,PEDALCYCLIST,DIVIDED - W/MEDIAN (NOT RAISED),STRAIGHT AND LEVEL,WET,INJURY AND / OR TOW DUE TO CRASH,LAWNDALE AVE,41.7412118247,-87.7141927462,POINT (-87.714192746249 41.741211824651)
O1811408,BICYCLE,41e4978aa8ca7fa77ed15006be5ef913dedaab859d738bfb492e8e60e0496c172c9f3de3e3241553078e6e82332022b8f0c1d8d49da44256a583eae947771f4e,05/04/2024 07:39:00 PM,M,,HELMET NOT USED,TURNING LEFT,IN ROADWAY,,,30,RAIN,"DARKNESS, LIGHTED ROAD",REAR END,NOT DIVIDED,STRAIGHT AND LEVEL,WET,INJURY AND / OR TOW DUE TO CRASH,KOSTNER AVE,41.866987673,-87.734851097,POINT (-87.734851096954 41.866987673005)
O1811335,BICYCLE,79140323517aaac6ba33784ef7246a24c776239a9c6eda9144d1c3a609298d42b0fb717982be86c7f03d99f7362ba19ba9ccae7e9be84cc89ef3e8aaa0c1bf96,05/04/2024 06:06:00 PM,M,16.0,HELMET NOT USED,CROSSING - WITH SIGNAL,BIKE LANE,TEST NOT OFFERED,,20,CLEAR,DAYLIGHT,PEDALCYCLIST,FOUR WAY,STRAIGHT AND LEVEL,DRY,INJURY AND / OR TOW DUE TO CRASH,WRIGHTWOOD AVE,41.9275932801,-87.7759038604,POINT (-87.775903860397 41.927593280108)
O1811375,BICYCLE,7de19b7b4dcf668470e53b8e4d3a9339130939b22c1a7c00aabf4176a15f6928649f8a6e83882b5f8dfe46545f5d073d97baa053ea94bab8cec72cbfa4d26ad8,05/04/2024 05:50:00 PM,M,16.0,BICYCLE HELMET (PEDACYCLIST INVOLVED ONLY),UNKNOWN/NA,IN ROADWAY,TEST NOT OFFERED,,30,RAIN,DUSK,PEDALCYCLIST,NOT DIVIDED,STRAIGHT AND LEVEL,WET,INJURY AND / OR TOW DUE TO CRASH,ADDISON ST,41.9457655953,-87.7668756233,POINT (-87.766875623324 41.945765595305)
O1811284,BICYCLE,15d18dad7e1c59ed9edeeeafe00c5880d94ac60784d5d75d6a87ad93ee9fe71ba126e5a12b5e97199cb3b01da13eae850a414a4d819a51d988c21368b55c71f8,05/04/2024 05:25:00 PM,M,18.0,BICYCLE HELMET (PEDACYCLIST INVOLVED ONLY),WITH TRAFFIC,IN ROADWAY,TEST NOT OFFERED,,30,CLEAR,DAYLIGHT,PEDALCYCLIST,NOT DIVIDED,STRAIGHT AND LEVEL,DRY,NO INJURY / DRIVE AWAY,SHEFFIELD AVE,41.9483418475,-87.6542157492,POINT (-87.654215749247 41.948341847453)
O1811366,BICYCLE,75120cc9d61edca6399b4e9e9eb6f1269dc11a7e42b699e1b79f837d4b8bdddaf8f991ef6a1f77fe04598aae23d96c1c8ba32f764d1677963ca9049773d582cf,05/04/2024 05:18:00 PM,F,,HELMET NOT USED,UNKNOWN/NA,IN ROADWAY,TEST NOT OFFERED,,30,CLEAR,DAYLIGHT,PEDALCYCLIST,FOUR WAY,STRAIGHT AND LEVEL,DRY,INJURY AND / OR TOW DUE TO CRASH,YATES BLVD,41.7574181899,-87.5664868468,POINT (-87.56648684683 41.757418189879)
O1812380,BICYCLE,efa64e6e0ba3c28f64ffde8a6bb8890ddb044f7d9c4876dd9100fbacb1ad201422c8bb55b192f0942b5b92417e6bba4eda43b7210df42226ab88ccfbe5fb42d1,05/04/2024 05:15:00 PM,M,36.0,HELMET NOT USED,UNKNOWN/NA,UNKNOWN/NA,TEST NOT OFFERED,,30,CLEAR,DAYLIGHT,PEDALCYCLIST,NOT DIVIDED,STRAIGHT AND LEVEL,DRY,INJURY AND / OR TOW DUE TO CRASH,KINGSBURY ST,41.9138127579,-87.656746878,POINT (-87.656746877977 41.913812757863)
O1814880,BICYCLE,64ebd5c418672bb8b0f3df22c82c0697f25b8e1118135bd6f5aa4475b41bc740b28aa68f4cd24613eccf6d7265808a8cb0f64ec55d22b9a5f5e246b90c6ab011,05/04/2024 03:30:00 PM,M,,HELMET NOT USED,TURNING LEFT,IN ROADWAY,TEST NOT OFFERED,,25,CLEAR,DAYLIGHT,PEDALCYCLIST,FOUR WAY,STRAIGHT AND LEVEL,DRY,INJURY AND / OR TOW DUE TO CRASH,ASHLAND AVE,41.9104065679,-87.6675390779,POINT (-87.667539077927 41.910406567875)
O1812846,BICYCLE,029e1f3cd0a32af423793d355d37a3c851bda9752811c1ad19dae4098ad6336873f11c65b1145d2ae88e058a32653e6fb7083a40cd55958845195a7c10f72515,05/04/2024 02:01:00 PM,M,0.0,HELMET NOT USED,CROSSING - WITH SIGNAL,IN CROSSWALK,TEST NOT OFFERED,,30,CLEAR,DAYLIGHT,PEDALCYCLIST,FOUR WAY,STRAIGHT AND LEVEL,DRY,INJURY AND / OR TOW DUE TO CRASH,STATE ST,41.8874416979,-87.6281476395,POINT (-87.628147639483 41.887441697944)
O1811106,BICYCLE,2f21f1f013406ffdf59f40ccb2332a340b1508e783e5d13c15d7baa23f2afb965f2ab34dda71097cd44d0019b742edad30a664be7a1602b33646f7ef4abc9074,05/04/2024 01:21:00 PM,M,34.0,BICYCLE HELMET (PEDACYCLIST INVOLVED ONLY),AGAINST TRAFFIC,IN ROADWAY,TEST NOT OFFERED,,30,CLEAR,DAYLIGHT,PEDALCYCLIST,NOT DIVIDED,STRAIGHT AND LEVEL,DRY,INJURY AND / OR TOW DUE TO CRASH,IRVING PARK RD,41.9545693813,-87.656257743,POINT (-87.656257742971 41.954569381317)
O1811064,BICYCLE,e7b968ad48ce39dcfc9b751a306931ea292c67697cc67147e5a3dd188262532063b77422ae308249b6bf1c371c315ad93ad788ca9d4aaf2a02012fc64c6cfa8d,05/04/2024 10:50:00 AM,M,24.0,HELMET NOT USED,CROSSING - CONTROLS PRESENT (NOT AT INTERSECTION),IN CROSSWALK,TEST NOT OFFERED,,25,CLEAR,DAYLIGHT,PEDALCYCLIST,NOT DIVIDED,STRAIGHT AND LEVEL,DRY,NO INJURY / DRIVE AWAY,ST CLAIR ST,41.8934753577,-87.6225746736,POINT (-87.622574673578 41.893475357701)
O1810995,BICYCLE,a9284ec01fd6d3aec668a88ca000f1f3f5481f091f32a0009e8b3a104144b68fa5a4ed76cb435fa7b1645b4911cf1aef371fed310087a91eeeb3d85291f996cc,05/04/2024 09:46:00 AM,M,26.0,BICYCLE HELMET (PEDACYCLIST INVOLVED ONLY),WITH TRAFFIC,IN ROADWAY,TEST NOT OFFERED,,30,CLEAR,DAYLIGHT,PEDALCYCLIST,NOT DIVIDED,STRAIGHT AND LEVEL,DRY,INJURY AND / OR TOW DUE TO CRASH,VAN BUREN ST,41.8768747935,-87.6400719634,POINT (-87.640071963405 41.876874793488)
O1810933,BICYCLE,d7a2465c025d12b11f631a4bf2e2c6ac3418d127397db775e239ca8a8f86dfc54132c97b95937f96a675073514508eecdf1162d71da9bdcdf887c3301425ddc6,05/04/2024 08:15:00 AM,M,53.0,HELMET NOT USED,TURNING LEFT,UNKNOWN/NA,TEST NOT OFFERED,,30,CLEAR,UNKNOWN,PEDALCYCLIST,UNKNOWN,STRAIGHT AND LEVEL,UNKNOWN,NO INJURY / DRIVE AWAY,DORCHESTER AVE,41.8024542044,-87.5919993964,POINT (-87.591999396424 41.802454204395)
O1810931,BICYCLE,54f3ab41c188d67622f7776f27a61a1f50a5ded435cc4c550be7b78ccc1e772b5acc7ce35c37c5b81456ab3e6977dff0713acfe45abecd054ba1a132b6de2bf7,05/04/2024 08:05:00 AM,M,17.0,HELMET NOT USED,CROSSING - NO CONTROLS (AT INTERSECTION),IN ROADWAY,TEST NOT OFFERED,,30,CLEAR,DAYLIGHT,PEDALCYCLIST,FOUR WAY,STRAIGHT AND LEVEL,DRY,INJURY AND / OR TOW DUE TO CRASH,CAMPBELL AVE,41.7973499292,-87.6867245665,POINT (-87.686724566519 41.797349929212)
O1810917,BICYCLE,9beb673d8c17a4e8334a09a25b2579d15b5def35f012107eb0e10b4b06e39c4280b4e87e7f4b75f267a44a634056575999809c6d1d337a9229dc00220529a067,05/04/2024 07:40:00 AM,F,27.0,HELMET NOT USED,WITH TRAFFIC,BIKE LANE,TEST NOT OFFERED,,30,CLEAR,DAYLIGHT,PEDALCYCLIST,T-INTERSECTION,STRAIGHT AND LEVEL,DRY,INJURY AND / OR TOW DUE TO CRASH,WELLS ST,41.9021400865,-87.6345606582,POINT (-87.634560658167 41.902140086501)