PERSON_ID,PERSON_TYPE,CRASH_RECORD_ID,CRASH_DATE_x,SEX,AGE,SAFETY_EQUIPMENT,PEDPEDAL_ACTION,PEDPEDAL_LOCATION,BAC_RESULT,CRASH_DATE_EST_I,POSTED_SPEED_LIMIT,WEATHER_CONDITION,LIGHTING_CONDITION,FIRST_CRASH_TYPE,TRAFFICWAY_TYPE,ALIGNMENT,ROADWAY_SURFACE_COND,CRASH_TYPE,STREET_NAME,LATITUDE,LONGITUDE,LOCATION
O1810750,BICYCLE,c6d670030c5afd5eb084ea774b9c5b2432b45aa945f2b4853ee2e6f2ce96a5a0becb4dccf92e70def316d77b8f65a09ea61fef03a2c82c8bfe627ef182555d35,05/03/2024 09:50:00 PM,M,18.0,HELMET NOT USED,WITH TRAFFIC,IN ROADWAY,,,30,CLEAR,"DARKNESS, LIGHTED ROAD",PEDALCYCLIST,DIVIDED - W/MEDIAN (NOT RAISED),STRAIGHT AND LEVEL,DRY,INJURY AND / OR TOW DUE TO CRASH,SHERIDAN RD,41.9865369189,-87.6551381759,POINT (-87.655138175859 41.986536918913)
O1810692,BICYCLE,a9c88b1b53a5312c4117ee4f1835a344fa570243a195f0e3a6233904764c5382fcf8587e04df71c32e7db350cf163ffbb9ed92a1d16a87e6d2b63bf6563c2cee,05/03/2024 06:55:00 PM,M,,HELMET NOT USED,UNKNOWN/NA,IN ROADWAY,,,30,CLEAR,DAYLIGHT,PEDALCYCLIST,NOT DIVIDED,STRAIGHT AND LEVEL,DRY,NO INJURY / DRIVE AWAY,LAWRENCE AVE,41.9683844202,-87.7250709511,POINT (-87.725070951129 41.968384420217)
O1810279,BICYCLE,40cb316c5040ea148c948191acf948b80855335ac6f297a929275d734947dee3cfb840263464dc26363143b5bf94d222f62d9a831c39c49fbee795a96625f6db,05/03/2024 12:00:00 PM,M,23.0,HELMET NOT USED,WITH TRAFFIC,BIKE LANE,TEST NOT OFFERED,,30,CLEAR,DAYLIGHT,PEDALCYCLIST,NOT DIVIDED,STRAIGHT AND LEVEL,DRY,INJURY AND / OR TOW DUE TO CRASH,HALSTED ST,41.8591089913,-87.6465339832,POINT (-87.646533983242 41.859108991315)
O1810299,BICYCLE,3787bbca234e4e87e37409eee3b08135d2f29fb0d007547477fcd86e5e7d089bb992fe329f76cfb1bd7af1c2a3dfa0c41746718caa3c6ea0ce9221d1723ec964,05/03/2024 11:57:00 AM,F,31.0,HELMET NOT USED,OTHER ACTION,DRIVEWAY ACCESS,TEST NOT OFFERED,,25,CLEAR,DAYLIGHT,PEDALCYCLIST,DRIVEWAY,STRAIGHT AND LEVEL,DRY,INJURY AND / OR TOW DUE TO CRASH,KENMORE AVE,41.9857089257,-87.6568258474,POINT (-87.656825847439 41.985708925732)
O1810189,BICYCLE,3810b326b607b1948ebaaddd336cd28fee852712bf5deb6f6aa60eb5dc062a2efe19e26954a4cd2b188ecd3d8358bb544d355813fac62d378f0fbb25f47f44df,05/03/2024 10:25:00 AM,M,29.0,HELMET NOT USED,CROSSING - NO CONTROLS (AT INTERSECTION),NOT IN ROADWAY,TEST NOT OFFERED,,30,CLOUDY/OVERCAST,DAYLIGHT,PEDALCYCLIST,NOT DIVIDED,STRAIGHT AND LEVEL,DRY,NO INJURY / DRIVE AWAY,HALSTED ST,41.8850669836,-87.647601534,POINT (-87.647601534035 41.885066983627)
O1810174,BICYCLE,2a1988fe43b0c7d58d9876562f8e862f80cef1f40a3c1dec283e9d6ac5eee9a2eee1cc88561cbece48ecca986bcbd8d46294e4ef56a98e42992dc34486753359,05/03/2024 10:16:00 AM,F,17.0,BICYCLE HELMET (PEDACYCLIST INVOLVED ONLY),NOT AT INTERSECTION,DRIVEWAY ACCESS,TEST NOT OFFERED,,30,RAIN,DAYLIGHT,PEDALCYCLIST,PARKING LOT,STRAIGHT AND LEVEL,WET,INJURY AND / OR TOW DUE TO CRASH,NARRAGANSETT AVE,41.9276598957,-87.7854476193,POINT (-87.78544761935 41.927659895705)
O1809933,BICYCLE,9b75d40cb72630c3334ab6ddb022fa08623fd5779c451d8ed492b01e4399a612cedbbebdfc4d1cc09ada65ce29ebf9b7aa5373cd3cddb29714607f679ad971b9,05/02/2024 09:41:00 PM,M,28.0,BICYCLE HELMET (PEDACYCLIST INVOLVED ONLY),CROSSING - WITH SIGNAL,IN ROADWAY,TEST NOT OFFERED,,35,CLEAR,"DARKNESS, LIGHTED ROAD",PEDALCYCLIST,NOT DIVIDED,STRAIGHT AND LEVEL,DRY,INJURY AND / OR TOW DUE TO CRASH,KINZIE ST,41.8892748439,-87.634083718,POINT (-87.634083717969 41.889274843852)
O1809845,BICYCLE,7efa975281c04f51010670db8d24d5258401463e8701ea8071e686aebeb43aa49dc158624bb07467156216bf5d278433955881121d265a3cdcafc16bf712623c,05/02/2024 06:25:00 PM,F,,HELMET NOT USED,CROSSING - NO CONTROLS (AT INTERSECTION),IN ROADWAY,TEST NOT OFFERED,,30,CLEAR,DAYLIGHT,PEDALCYCLIST,NOT DIVIDED,STRAIGHT AND LEVEL,WET,NO INJURY / DRIVE AWAY,WESTERN AVE,41.9011577184,-87.6868312804,POINT (-87.686831280429 41.901157718412)
O1809742,BICYCLE,6d5351019b8ed478fbbcb411782c9135175517829933f65a61ba1f283780c640dda1da8ef6c4f5de9a465f92e437a630b351b14f2f4163b9befe7a4f4c63d682,05/02/2024 05:15:00 PM,M,,HELMET NOT USED,OTHER ACTION,IN ROADWAY,TEST NOT OFFERED,,20,CLEAR,DAYLIGHT,PEDALCYCLIST,DIVIDED - W/MEDIAN BARRIER,STRAIGHT AND LEVEL,DRY,NO INJURY / DRIVE AWAY,BROADWAY,41.9584835633,-87.6532144892,POINT (-87.653214489169 41.958483563302)
O1809695,BICYCLE,dd67156d4b7cd080fcf6d9291f0f56733a0370a794dc8cdfa9b6f43f51f8bb49be28f35360481bef6d7d90fe2f721e2a2b9393a7a5d438611bc0067c71b85415,05/02/2024 04:00:00 PM,F,41.0,HELMET NOT USED,CROSSING - NO CONTROLS (AT INTERSECTION),IN CROSSWALK,TEST NOT OFFERED,,35,RAIN,DAYLIGHT,PEDALCYCLIST,ONE-WAY,STRAIGHT AND LEVEL,WET,INJURY AND / OR TOW DUE TO CRASH,BELMONT AVE,41.9378569347,-87.8140154278,POINT (-87.814015427818 41.937856934703)
O1809472,BICYCLE,7462428bc97ffce47ee7e1eda9dcc2be8bbc2da034d5405aa54b5edd8aea57736bc6c0148998c5fb53c7f3125b540f0ac4bb29d8de5f4855aabcfaa1a6d38ca5,05/02/2024 10:50:00 AM,M,,HELMET NOT USED,PARKED VEHICLE,IN ROADWAY,TEST NOT OFFERED,,30,CLEAR,DAYLIGHT,PEDALCYCLIST,NOT DIVIDED,STRAIGHT AND LEVEL,DRY,INJURY AND / OR TOW DUE TO CRASH,62ND ST,41.781354981,-87.6678401377,POINT (-87.667840137652 41.781354981028)
O1809373,BICYCLE,e67b6172000bd1ec50e24ebcd0cfedaa3bb05926c217ec17ee4643d5ceb6ee3d4b5bac90ded7b0da76d77e72fbcd5b9a2412616e4159cb5f2d6a80200d63c26c,05/02/2024 07:43:00 AM,F,42.0,BICYCLE HELMET (PEDACYCLIST INVOLVED ONLY),TURNING LEFT,IN ROADWAY,TEST NOT OFFERED,,30,CLEAR,DAYLIGHT,PEDALCYCLIST,FOUR WAY,STRAIGHT AND LEVEL,DRY,INJURY AND / OR TOW DUE TO CRASH,LAWRENCE AVE,41.9682669785,-87.7157454718,POINT (-87.715745471834 41.968266978458)
O1809249,BICYCLE,607bd4910537c71c204368adfcc78d154cc66bbc73e01da54cf9d8e8e71529938f1cbe9e1dc8f32c71042c95fed883087bfa5d3503f115897177923ddeb7aa20,05/01/2024 09:15:00 PM,M,27.0,BICYCLE HELMET (PEDACYCLIST INVOLVED ONLY),NO ACTION,BIKE LANE,TEST NOT OFFERED,,30,CLEAR,DARKNESS,PEDALCYCLIST,NOT DIVIDED,STRAIGHT AND LEVEL,DRY,NO INJURY / DRIVE AWAY,LARRABEE ST,41.9134180013,-87.6433630852,POINT (-87.643363085156 41.913418001323)
O1809157,BICYCLE,eace706f085de66763ec36cca1ffbaa5f0b3bb992b77a4f976bf174afbe16adbaca3f5c05e3d66b826477034b3293e06cf90e668a9b7013a364149dd21f50553,05/01/2024 06:43:00 PM,M,30.0,HELMET NOT USED,CROSSING - WITH SIGNAL,IN ROADWAY,TEST NOT OFFERED,,30,CLEAR,DAYLIGHT,PEDALCYCLIST,NOT DIVIDED,STRAIGHT AND LEVEL,DRY,NO INJURY / DRIVE AWAY,DAMEN AVE,41.9214221431,-87.6779001087,POINT (-87.677900108728 41.921422143149)
O1809208,BICYCLE,88342de8a3e21ffce75f48a67ad14f60fd8f66f357c81ad7fda77d4c3832cd044b34583bfdac05a6224312a9cb3ccf91f143bb3dd2025fe2ddfd3c5aa287e692,05/01/2024 06:42:00 PM,F,14.0,HELMET NOT USED,CROSSING - AGAINST SIGNAL,IN CROSSWALK,TEST NOT OFFERED,,30,CLEAR,DAYLIGHT,PEDALCYCLIST,NOT DIVIDED,STRAIGHT AND LEVEL,DRY,INJURY AND / OR TOW DUE TO CRASH,HARRISON ST,41.8737367309,-87.7109060035,POINT (-87.710906003482 41.873736730932)
O1810635,BICYCLE,6994eb4ca98db6c09061c4741da1bed866c2056c81b78669caa527dd75a4e32aa1cf06ec7e0a476c53c1848f9f803718492562a8c86eee22f42c83ab53b2696b,05/01/2024 05:42:00 PM,M,20.0,HELMET NOT USED,CROSSING - AGAINST SIGNAL,IN ROADWAY,TEST NOT OFFERED,,35,CLEAR,DAYLIGHT,PEDALCYCLIST,FOUR WAY,STRAIGHT AND LEVEL,DRY,INJURY AND / OR TOW DUE TO CRASH,ONTARIO ST,41.8935606729,-87.6176001788,POINT (-87.617600178786 41.893560672864)
O1809053,BICYCLE,b9d4244617547c928f4f100c48ca1ffcdf31facc8965bd6eeae6b5bc337be955e4fd841e478b20b74258c38dfcd2cb7fb18196454367cea334b70439768e1edf,05/01/2024 04:35:00 PM,M,27.0,HELMET NOT USED,WITH TRAFFIC,IN ROADWAY,TEST NOT OFFERED,,30,CLEAR,DAYLIGHT,PEDALCYCLIST,NOT DIVIDED,STRAIGHT AND LEVEL,DRY,INJURY AND / OR TOW DUE TO CRASH,BROADWAY,41.9382939864,-87.6444881625,POINT (-87.64448816245 41.938293986409)
O1809022,BICYCLE,05fc4a46d7fc0af025c17c6a95798d609672f4d1b132fbf2749495498e33f556e98db5c932ced7384b25710d2afe16ce3230f4c2acf68dea4c6df04b7c08c8e2,05/01/2024 04:00:00 PM,F,34.0,BICYCLE HELMET (PEDACYCLIST INVOLVED ONLY),CROSSING - NO CONTROLS (AT INTERSECTION),BIKE LANE,TEST NOT OFFERED,,30,CLEAR,DAYLIGHT,PEDALCYCLIST,NOT DIVIDED,STRAIGHT AND LEVEL,DRY,NO INJURY / DRIVE AWAY,KEDZIE AVE,41.9120282438,-87.7069497335,POINT (-87.70694973345 41.912028243829)
O1808990,BICYCLE,3b9695e34b711db22dc60fcd7ed13fb9b32de7e580e7e05435e15c8f07c9cd26b4191fbd6e5ddfcc64e98b7e0fee1e6cf06aa3e9dc78a0d9618c04adccb267cb,05/01/2024 04:00:00 PM,M,25.0,HELMET NOT USED,WITH TRAFFIC,IN ROADWAY,TEST NOT OFFERED,,25,CLEAR,DAYLIGHT,PEDALCYCLIST,NOT DIVIDED,STRAIGHT AND LEVEL,DRY,INJURY AND / OR TOW DUE TO CRASH,WILSON AVE,41.9652730765,-87.6587876548,POINT (-87.65878765482 41.965273076526)
O1808991,BICYCLE,fb4758853a7460e5e8042ee798f990703e62b1afcbbed9ab16054aba55a0110f92dd8578387518b94cd9e43569f9dd4c0e6ea9ee8743a51981db1d84b80ad0bb,05/01/2024 03:23:00 PM,M,28.0,HELMET NOT USED,TURNING LEFT,IN ROADWAY,TEST NOT OFFERED,,30,CLEAR,DAYLIGHT,PEDALCYCLIST,NOT DIVIDED,STRAIGHT AND LEVEL,DRY,INJURY AND / OR TOW DUE TO CRASH,KILPATRICK AVE,41.8760041142,-87.7425193444,POINT (-87.74251934436 41.876004114175)
O1808956,BICYCLE,d77375dd07e8c1925432c79afe4a3ad8fc874149a0d6c24adf5aa4864b0ce3a8e5a0b464f2557526688ca2042c2435b134c83eb58d3b8159ed17b8c4f880fd6d,05/01/2024 03:22:00 PM,M,34.0,BICYCLE HELMET (PEDACYCLIST INVOLVED ONLY),CROSSING - WITH SIGNAL,IN CROSSWALK,TEST NOT OFFERED,,20,CLEAR,DAYLIGHT,PEDALCYCLIST,NOT DIVIDED,STRAIGHT AND LEVEL,DRY,INJURY AND / OR TOW DUE TO CRASH,WASHTENAW AVE,41.866632426,-87.6932888644,POINT (-87.69328886437 41.866632426012)
O1808938,BICYCLE,a985b185e06779cb16fe7be77947837061a937ea3a594c021f48de00d1340b2e2a310f952fc1fc50292fa78fde0dced3a6b1bdef6af9c152c482f22d84edad75,05/01/2024 03:17:00 PM,M,19.0,HELMET NOT USED,AGAINST TRAFFIC,UNKNOWN/NA,TEST NOT OFFERED,,30,CLEAR,DAYLIGHT,PEDALCYCLIST,NOT DIVIDED,STRAIGHT AND LEVEL,DRY,INJURY AND / OR TOW DUE TO CRASH,ARCHER AVE,41.794924777,-87.7682578225,POINT (-87.768257822504 41.794924777031)
O1808626,BICYCLE,55e5302bf2d2b2597b6d4e8c474a3aaa740aa3b7bf2167b6d1fe43df1c0bdee06b53ccabc368ac73d137ba37e98fe7f8aad1ffa64768c254249e8ef16dc07891,05/01/2024 07:50:00 AM,X,,BICYCLE HELMET (PEDACYCLIST INVOLVED ONLY),CROSSING - NO CONTROLS (NOT AT INTERSECTION),UNKNOWN/NA,,,30,CLEAR,DAYLIGHT,PEDALCYCLIST,ALLEY,STRAIGHT AND LEVEL,UNKNOWN,NO INJURY / DRIVE AWAY,WALDEN PKWY,41.7101446089,-87.668768664,POINT (-87.668768663968 41.710144608883)
O1808488,BICYCLE,12881ee89218779f2ce6e33f7ca7e9defb8fe282ef3270214a1e02c967951094fc24a531afce3797649c739e521c1e13baf0b3d7937f3eb4fd2dec23915afea0,04/30/2024 07:14:00 PM,M,26.0,HELMET NOT USED,WITH TRAFFIC,IN ROADWAY,TEST NOT OFFERED,,30,CLEAR,DAYLIGHT,PEDALCYCLIST,ONE-WAY,STRAIGHT AND LEVEL,DRY,INJURY AND / OR TOW DUE TO CRASH,ILLINOIS ST,41.8909657462,-87.6285425687,POINT (-87.628542568684 41.890965746155)
O1808403,BICYCLE,21eff29353ae783e0c1a2e867ac4248508ba7c0854c058ac19ecac4acce7940581c84d798f4ca18c9ebab82df08f8059e3c66e1c32bc320150b2d92573dcb861,04/30/2024 05:45:00 PM,M,18.0,HELMET NOT USED,WITH TRAFFIC,BIKEWAY,TEST NOT OFFERED,,30,CLEAR,DAYLIGHT,PEDALCYCLIST,NOT DIVIDED,STRAIGHT AND LEVEL,DRY,INJURY AND / OR TOW DUE TO CRASH,ELSTON AVE,41.9524303621,-87.7175246487,POINT (-87.717524648663 41.952430362071)
O1808327,BICYCLE,ed7af92d5bcde880c8770782802e0c1a0af81c21444fe3f2293312cb970d87d917cdedec3b4427f7f2bf1198411954f4b3a432ae9e2acab4d550633c60960ada,04/30/2024 04:55:00 PM,M,41.0,HELMET NOT USED,CROSSING - WITH SIGNAL,IN CROSSWALK,TEST NOT OFFERED,,20,CLEAR,DAYLIGHT,PEDALCYCLIST,"FIVE POINT, OR MORE",STRAIGHT AND LEVEL,DRY,INJURY AND / OR TOW DUE TO CRASH,WESTERN AVE,41.8647450693,-87.6858404547,POINT (-87.685840454681 41.864745069282)
O1808123,BICYCLE,d47e344433d0350db19ef27fe9eb416300c433938a1ecc812fe448e631d0eea963c5278b25283e1557eb590911e8cb41fa9efc9decbe6e21c55ae7761e05c548,04/30/2024 08:30:00 AM,M,29.0,USAGE UNKNOWN,UNKNOWN/NA,IN CROSSWALK,TEST NOT OFFERED,Y,25,CLEAR,DAYLIGHT,PEDALCYCLIST,NOT DIVIDED,STRAIGHT AND LEVEL,DRY,INJURY AND / OR TOW DUE TO CRASH,RIDGE BLVD,42.0049988292,-87.6802304501,POINT (-87.680230450119 42.004998829195)
O1808723,BICYCLE,d47e344433d0350db19ef27fe9eb416300c433938a1ecc812fe448e631d0eea963c5278b25283e1557eb590911e8cb41fa9efc9decbe6e21c55ae7761e05c548,04/30/2024 08:30:00 AM,M,29.0,HELMET NOT USED,UNKNOWN/NA,IN CROSSWALK,TEST NOT OFFERED,Y,25,CLEAR,DAYLIGHT,PEDALCYCLIST,NOT DIVIDED,STRAIGHT AND LEVEL,DRY,INJURY AND / OR TOW DUE TO CRASH,RIDGE BLVD,42.0049988292,-87.6802304501,POINT (-87.680230450119 42.004998829195)
O1807733,BICYCLE,aea53956d3ed4d59364e2c7b8cc27de80b9d6b9d294e174a6c419dac720a8d666c1c93081bdd985c94a99f46b0e1a823b91568d326ae6905b3f32ea077d6b988,04/29/2024 05:15:00 PM,M,,HELMET NOT USED,ENTER FROM DRIVE/ALLEY,UNKNOWN/NA,TEST NOT OFFERED,,30,UNKNOWN,UNKNOWN,PEDALCYCLIST,NOT DIVIDED,STRAIGHT AND LEVEL,UNKNOWN,NO INJURY / DRIVE AWAY,ROSCOE ST,41.9425993553,-87.7460535944,POINT (-87.746053594391 41.942599355261)
O1807780,BICYCLE,0fea69c9f3debf7504adf685cedb2e72b7f87451aad06206d295b4d884fdc2c96bd749d47dd65eaf9c1974af31e66bbd22316f708b69cc8b53806b2cadd814b3,04/29/2024 04:50:00 PM,M,16.0,BICYCLE HELMET (PEDACYCLIST INVOLVED ONLY),WITH TRAFFIC,IN ROADWAY,TEST NOT OFFERED,,15,CLEAR,DAYLIGHT,PEDALCYCLIST,ALLEY,STRAIGHT AND LEVEL,DRY,INJURY AND / OR TOW DUE TO CRASH,HARDING AVE,41.9166360356,-87.7254659588,POINT (-87.72546595882 41.91663603557)
O1808020,BICYCLE,fa29c66e706e3fbe61cfb1a306eba4bf5e58cdc950beffbb4502df6265b0c686f38f885f39804c4c5d8f225232759d1c2833a540ed3d3d2d8b3896eff5b5ffe4,04/29/2024 04:00:00 PM,M,18.0,BICYCLE HELMET (PEDACYCLIST INVOLVED ONLY),TURNING LEFT,IN ROADWAY,TEST NOT OFFERED,,30,CLEAR,DAYLIGHT,PEDALCYCLIST,DIVIDED - W/MEDIAN (NOT RAISED),STRAIGHT AND LEVEL,UNKNOWN,INJURY AND / OR TOW DUE TO CRASH,CARPENTER ST,41.8579631275,-87.6533577348,POINT (-87.653357734764 41.857963127451)
O1807503,BICYCLE,55830ebd567d812109bd5b234dec01384022e288ad3a30a97d32bf43420a0688b2f4df031b2f25c529a326fda502cb200f5379584f772f3d00a831dad905afaa,04/29/2024 03:15:00 PM,M,,BICYCLE HELMET (PEDACYCLIST INVOLVED ONLY),TURNING LEFT,IN ROADWAY,TEST NOT OFFERED,,30,CLEAR,DAYLIGHT,PEDALCYCLIST,T-INTERSECTION,STRAIGHT AND LEVEL,DRY,NO INJURY / DRIVE AWAY,18TH ST,41.85791166,-87.6515953949,POINT (-87.651595394851 41.85791166)
O1807513,BICYCLE,832262d3aafcd92b8755cddaf5954e940eb96b6146a2797b6aef051b93132158d76c480a810c23d77ecfa45086d56d275372de47eeee4bfe6bf9c55561c57214,04/29/2024 02:41:00 PM,M,35.0,HELMET NOT USED,AGAINST TRAFFIC,IN ROADWAY,TEST NOT OFFERED,,30,CLOUDY/OVERCAST,DAYLIGHT,PEDALCYCLIST,FOUR WAY,STRAIGHT AND LEVEL,DRY,INJURY AND / OR TOW DUE TO CRASH,PULASKI RD,41.9682677087,-87.7278812305,POINT (-87.727881230535 41.968267708748)
O1807224,BICYCLE,7cec8ca38aa71946370b2a3853dd02c253208041f7367437946f9df4594fa347593b41dcd871ca10ebe34517d75731f371bc60ff26ead6e45c38f6c9f3b14847,04/29/2024 07:57:00 AM,M,24.0,HELMET NOT USED,TURNING LEFT,BIKE LANE,TEST NOT OFFERED,,30,RAIN,DAYLIGHT,PEDALCYCLIST,FOUR WAY,STRAIGHT AND LEVEL,WET,INJURY AND / OR TOW DUE TO CRASH,WASHINGTON ST,41.8833286097,-87.6269769955,POINT (-87.626976995455 41.883328609655)
O1807638,BICYCLE,522e6ae36fb88353601babe20b677b93a6ff495d6a74835c6c7cf3cbf34f5fc516e4fc4d5d3b91f0d0e6c906e7942ac2f750da6cf6ce540901c23f894ae80b93,04/29/2024 06:40:00 AM,M,,HELMET NOT USED,CROSSING - AGAINST SIGNAL,BIKE LANE,TEST NOT OFFERED,,20,RAIN,"DARKNESS, LIGHTED ROAD",PEDALCYCLIST,FOUR WAY,STRAIGHT AND LEVEL,WET,NO INJURY / DRIVE AWAY,ROSCOE ST,41.94284611,-87.7071407237,POINT (-87.707140723713 41.942846110019)
O1807078,BICYCLE,054c436a9e9fac65c6d87cb72aff769661fc844b363e83dddf1b08f598cd1ecaed15d84e41160e3a836531c8a48aa316e2a33d7980b36fecac063c515a3eb152,04/28/2024 10:57:00 PM,M,30.0,HELMET NOT USED,CROSSING - NO CONTROLS (NOT AT INTERSECTION),UNKNOWN/NA,,,30,CLEAR,DARKNESS,PEDALCYCLIST,NOT DIVIDED,STRAIGHT AND LEVEL,DRY,INJURY AND / OR TOW DUE TO CRASH,WESTERN AVE,41.7773252728,-87.6837383935,POINT (-87.683738393495 41.777325272828)
O1806885,BICYCLE,436014e2bfe6300911cccce83cb0a67248f9846768f67a297862a4c1867ec75e1155e8c13d87e5087fd051101364738deb586c4116bd8025f2c1be544d656d0f,04/28/2024 03:45:00 PM,M,38.0,BICYCLE HELMET (PEDACYCLIST INVOLVED ONLY),WITH TRAFFIC,BIKE LANE,TEST NOT OFFERED,,30,CLEAR,DAYLIGHT,PEDALCYCLIST,FOUR WAY,STRAIGHT AND LEVEL,DRY,INJURY AND / OR TOW DUE TO CRASH,MILWAUKEE AVE,41.8896403136,-87.6454186555,POINT (-87.645418655508 41.889640313571)
O1807481,BICYCLE,59f0d895b53f74929053bcd984dbb2105933425d17990fce11d666ee3b1d27fbe81bab27a82f1fa10360359381c013411445e366d5a81fc1ae85b443e2446e83,04/28/2024 03:00:00 PM,M,63.0,BICYCLE HELMET (PEDACYCLIST INVOLVED ONLY),NO ACTION,BIKEWAY,TEST NOT OFFERED,,25,CLEAR,DAYLIGHT,PEDALCYCLIST,FOUR WAY,STRAIGHT AND LEVEL,DRY,NO INJURY / DRIVE AWAY,WRIGHTWOOD AVE,41.9283515295,-87.7180971041,POINT (-87.718097104081 41.928351529514)
O1806946,BICYCLE,2170540ed5c4e1cf46fa945a7c0d57d0432e0d06bfdd93d4427f8ccf9f5befa3744a8e94f50910cfc12dab7f00bd1b702f4443605add90a3964c58fb51904c33,04/28/2024 02:15:00 PM,M,21.0,BICYCLE HELMET (PEDACYCLIST INVOLVED ONLY),OTHER ACTION,DRIVEWAY ACCESS,TEST NOT OFFERED,,10,CLEAR,DAYLIGHT,PEDALCYCLIST,DRIVEWAY,STRAIGHT AND LEVEL,DRY,INJURY AND / OR TOW DUE TO CRASH,FOSTER AVE,41.9752598896,-87.7442136774,POINT (-87.744213677351 41.975259889615)
O1806404,BICYCLE,dc0ac0b2f1e70433a7462c7d4e86075606f3dad5b796a8c9083e61fb8093046414354461aac4f3c4f6e4335c9baab55bb84cbab5eb26f33596d904b1178605b9,04/27/2024 08:20:00 PM,M,24.0,HELMET NOT USED,UNKNOWN/NA,IN ROADWAY,TEST NOT OFFERED,Y,30,CLEAR,"DARKNESS, LIGHTED ROAD",PEDALCYCLIST,NOT DIVIDED,STRAIGHT AND LEVEL,DRY,INJURY AND / OR TOW DUE TO CRASH,SHEFFIELD AVE,41.9374609271,-87.6538767058,POINT (-87.653876705756 41.937460927081)
O1836935,BICYCLE,f01db5e4001e77db09b8af12278f727d5db45660e9828b3cea2cbc9e209548ab82bf2c0ad07baf6f49a487fa67f37a8dc92daceba9d4b13f7c86939a57b5edd6,04/27/2024 07:15:00 PM,M,73.0,BICYCLE HELMET (PEDACYCLIST INVOLVED ONLY),WITH TRAFFIC,IN CROSSWALK,TEST NOT OFFERED,,30,CLEAR,"DARKNESS, LIGHTED ROAD",PEDALCYCLIST,FOUR WAY,STRAIGHT AND LEVEL,DRY,INJURY AND / OR TOW DUE TO CRASH,ROGERS AVE,41.9895268816,-87.7330980752,POINT (-87.73309807522 41.989526881552)
O1806301,BICYCLE,90403c4a5e7beb9dd01252b1afe96db89e1b3acd256bf93216224393ed021ed5f0124e302f90679eb9c3c8ea0b94db89e4f35c5d14ab07e3ce5e406906f60271,04/27/2024 06:00:00 PM,M,20.0,HELMET NOT USED,NO ACTION,IN ROADWAY,TEST NOT OFFERED,,25,CLEAR,DAYLIGHT,PEDALCYCLIST,NOT DIVIDED,STRAIGHT AND LEVEL,DRY,INJURY AND / OR TOW DUE TO CRASH,BRYN MAWR AVE,41.9837408245,-87.6595660109,POINT (-87.659566010853 41.983740824529)
O1806287,BICYCLE,b51e8348590190dd3ff96086818e3644035ac284591315091c4a077b4ca2646708ccd2d06d375886d02b4a7458383dd9296c8b8908118ed7b61457cce055ce18,04/27/2024 05:50:00 PM,M,63.0,BICYCLE HELMET (PEDACYCLIST INVOLVED ONLY),CROSSING - WITH SIGNAL,BIKEWAY,TEST NOT OFFERED,,30,CLEAR,DAYLIGHT,PEDALCYCLIST,FOUR WAY,STRAIGHT AND LEVEL,UNKNOWN,NO INJURY / DRIVE AWAY,DIVISION ST,41.903986409,-87.6330022048,POINT (-87.633002204832 41.903986409044)
O1807311,BICYCLE,627c6e4ada4079421f1b32fca210aee14f37af9353ef53152b41fcd3c398985ec65ee7eae9a557000f0ea40ff86cf2ccb1ad10a1ac080c67addbee7a7ca48e32,04/27/2024 02:18:00 PM,M,,BICYCLE HELMET (PEDACYCLIST INVOLVED ONLY),CROSSING - WITH SIGNAL,IN CROSSWALK,TEST NOT OFFERED,,30,CLEAR,DAYLIGHT,PEDALCYCLIST,FOUR WAY,STRAIGHT AND LEVEL,DRY,INJURY AND / OR TOW DUE TO CRASH,GRAND AVE,41.8912954209,-87.6475278747,POINT (-87.647527874697 41.891295420894)
O1806792,BICYCLE,35e8be0aa3bff1ec166bd4a75eb10295d4364df5bc2a70d2e4d4ff7ac75f4218771ada624bc6130b8866ba363171c6aeaaef943e2752c9f8fc0f1bc0b69b8c63,04/27/2024 01:55:00 PM,F,26.0,HELMET NOT USED,UNKNOWN/NA,BIKEWAY,TEST NOT OFFERED,,30,UNKNOWN,DAYLIGHT,PEDALCYCLIST,NOT DIVIDED,STRAIGHT AND LEVEL,UNKNOWN,INJURY AND / OR TOW DUE TO CRASH,CLARK ST,41.9305534466,-87.6436487851,POINT (-87.643648785065 41.930553446632)
O1806141,BICYCLE,629740a554dfeccca17919f41fefc2d312aaade7d134044b87c125d43bb52d4fd126c3e48034d3392b1738a7128a839593c5f5148f1c50537267572b4959f392,04/27/2024 01:38:00 PM,M,16.0,HELMET NOT USED,UNKNOWN/NA,UNKNOWN/NA,TEST NOT OFFERED,,30,CLEAR,DAYLIGHT,PEDALCYCLIST,NOT DIVIDED,STRAIGHT AND LEVEL,DRY,INJURY AND / OR TOW DUE TO CRASH,29TH ST,41.8415166703,-87.6467686191,POINT (-87.646768619149 41.841516670261)
O1805842,NON-MOTOR VEHICLE,5cd398d596a8dcb8521b790b2c21f8e9dfa6d892e41fb2a2ae5aca71a11d7429d3b81786e45205f74d92ba89776a2bb528379216263b687c90e0cbbb550ea31b,04/27/2024 02:18:00 AM,M,,NONE PRESENT,,,,,30,RAIN,"DARKNESS, LIGHTED ROAD",FIXED OBJECT,NOT DIVIDED,STRAIGHT AND LEVEL,WET,INJURY AND / OR TOW DUE TO CRASH,83RD ST,41.7427764973,-87.6774180173,POINT (-87.677418017289 41.742776497302)