PERSON_ID,PERSON_TYPE,CRASH_RECORD_ID,CRASH_DATE_x,SEX,AGE,SAFETY_EQUIPMENT,PEDPEDAL_ACTION,PEDPEDAL_LOCATION,BAC_RESULT,CRASH_DATE_EST_I,POSTED_SPEED_LIMIT,WEATHER_CONDITION,LIGHTING_CONDITION,FIRST_CRASH_TYPE,TRAFFICWAY_TYPE,ALIGNMENT,ROADWAY_SURFACE_COND,CRASH_TYPE,STREET_NAME,LATITUDE,LONGITUDE,LOCATION
O1805313,BICYCLE,762f74d8154a86777d080e679d664cb7c90d0685dd97e942cc8e37a2837f54778fb3141542f97837b053d7b9484e31c18d35adb0f1202568ff7109424f4cb3cf,04/26/2024 12:36:00 PM,M,29.0,BICYCLE HELMET (PEDACYCLIST INVOLVED ONLY),UNKNOWN/NA,IN ROADWAY,TEST NOT OFFERED,,25,CLEAR,DAYLIGHT,PEDALCYCLIST,DIVIDED - W/MEDIAN (NOT RAISED),STRAIGHT AND LEVEL,DRY,NO INJURY / DRIVE AWAY,LA SALLE DR,41.9039692113,-87.6330707107,POINT (-87.633070710665 41.903969211265)
O1805153,NON-MOTOR VEHICLE,b1921fd8c7ba40b829f0755f869617c42bc702f1bd0f25ec5790e3b3d385cbd2985747f53b64faeac543a352fe314733873e8dbf097d02104b3a405eef30efe3,04/26/2024 07:00:00 AM,M,43.0,NONE PRESENT,WITH TRAFFIC,IN ROADWAY,TEST NOT OFFERED,Y,30,CLEAR,DAYLIGHT,OTHER OBJECT,NOT DIVIDED,STRAIGHT AND LEVEL,DRY,NO INJURY / DRIVE AWAY,BLUE ISLAND AVE,41.8506511899,-87.6705788573,POINT (-87.670578857298 41.850651189918)
O1804958,NON-MOTOR VEHICLE,9788921ad72ee86d81325fa5393dbddb75b633cbd490910330abc1f07b809742ebfafc48ed7676e4b291298f362c31b0cef85d962fd184f4fea0496fe75be3df,04/25/2024 07:45:00 PM,X,,NONE PRESENT,,,TEST NOT OFFERED,,30,CLEAR,"DARKNESS, LIGHTED ROAD",ANIMAL,DIVIDED - W/MEDIAN (NOT RAISED),STRAIGHT AND LEVEL,DRY,INJURY AND / OR TOW DUE TO CRASH,CICERO AVE,41.9792537624,-87.7482693438,POINT (-87.748269343787 41.979253762439)
O1805537,BICYCLE,46e26d3d42d1b8da42c8256639678f31efc1b65abfb863ca4b374214a6f2b6dbec0dac1464c48b499b3518108603e0e00ef068f959000356e92a5afb8157c17f,04/25/2024 05:00:00 PM,M,45.0,BICYCLE HELMET (PEDACYCLIST INVOLVED ONLY),WITH TRAFFIC,BIKE LANE,TEST NOT OFFERED,,30,CLEAR,DAYLIGHT,PEDALCYCLIST,OTHER,STRAIGHT AND LEVEL,DRY,INJURY AND / OR TOW DUE TO CRASH,ELSTON AVE,41.9680393614,-87.7402838945,POINT (-87.74028389449 41.968039361437)
O1804783,BICYCLE,ac8aa4f387fce8da0057774c9cb42bdeb8a1f1dd47f3a713a176b7661127c80d7666217d5eb012286b969cafa27f2c3ecda99cd5d8e1ed49ab9604fc6e4ee63e,04/25/2024 07:48:00 AM,M,46.0,BICYCLE HELMET (PEDACYCLIST INVOLVED ONLY),WITH TRAFFIC,BIKE LANE,TEST NOT OFFERED,,20,CLEAR,DAYLIGHT,PEDALCYCLIST,NOT DIVIDED,STRAIGHT AND LEVEL,DRY,INJURY AND / OR TOW DUE TO CRASH,ROSCOE ST,41.9430202752,-87.6853269716,POINT (-87.685326971604 41.943020275151)
O1804232,NON-MOTOR VEHICLE,be1a3b765243762ecad86e870ab9b5913d02c19ab149032366370c56cd432ed596f1ee5545cfa3dc75cbeabe5b80fa04b2b4dc0a0ffb6c8593411a467f02c521,04/24/2024 07:30:00 PM,F,12.0,USAGE UNKNOWN,CROSSING - NO CONTROLS (AT INTERSECTION),IN CROSSWALK,TEST NOT OFFERED,,30,CLEAR,UNKNOWN,OTHER OBJECT,DIVIDED - W/MEDIAN (NOT RAISED),STRAIGHT AND LEVEL,UNKNOWN,INJURY AND / OR TOW DUE TO CRASH,JACKSON BLVD,41.8772494212,-87.7022792929,POINT (-87.70227929285 41.877249421163)
O1804190,BICYCLE,5798ea479a49f607379afe124373a19d13a6952a537793e5d9d50c07e8b020a3c53d53af2d417a04652cc23880c3aafefecded9fdd0196180fc2e5556eecad78,04/24/2024 06:58:00 PM,M,34.0,HELMET NOT USED,TURNING LEFT,IN ROADWAY,TEST NOT OFFERED,,30,CLEAR,DAYLIGHT,PEDALCYCLIST,NOT DIVIDED,STRAIGHT AND LEVEL,DRY,INJURY AND / OR TOW DUE TO CRASH,MILWAUKEE AVE,41.9221136664,-87.695840376,POINT (-87.695840376028 41.922113666397)
O1805174,BICYCLE,da71e156576edcd562e5d72d6b796f875ddc6e520f051270bad80230e91ebe0b9ca5203c2861b247035995ff81666368eca81f0b27c126f4e9c5298cf510ea8a,04/24/2024 06:55:00 PM,M,28.0,BICYCLE HELMET (PEDACYCLIST INVOLVED ONLY),WITH TRAFFIC,IN CROSSWALK,TEST NOT OFFERED,,25,CLEAR,DAYLIGHT,PEDALCYCLIST,NOT DIVIDED,STRAIGHT AND LEVEL,DRY,INJURY AND / OR TOW DUE TO CRASH,STOCKTON DR,41.9308680584,-87.6390304109,POINT (-87.639030410855 41.930868058417)
O1804148,BICYCLE,0b107e306ee8148a1f9812220f68edb8ae87d9fc14f0b7d68a3dcd341448fa32a2b901018dacd6a9dc9de3119f50c3a9d1874c977b4c60a7eb99354e56a08e87,04/24/2024 05:36:00 PM,F,39.0,BICYCLE HELMET (PEDACYCLIST INVOLVED ONLY),CROSSING - WITH SIGNAL,IN CROSSWALK,TEST NOT OFFERED,,30,CLEAR,DAYLIGHT,PEDALCYCLIST,FOUR WAY,STRAIGHT AND LEVEL,DRY,NO INJURY / DRIVE AWAY,9TH ST,41.8706442671,-87.6275442816,POINT (-87.627544281582 41.870644267082)
O1804080,BICYCLE,0f215de682f1fcaf5b3bfd2afc0a8fe4845e6b0ef2399f78340c626b3be11f4d86df1b41fb2bd80f6ae58ad44006d9cacdbd48e16b9acaa9d75cd8a440cba040,04/24/2024 05:30:00 PM,F,31.0,HELMET NOT USED,UNKNOWN/NA,IN ROADWAY,TEST NOT OFFERED,,15,CLEAR,DAYLIGHT,OTHER OBJECT,NOT DIVIDED,STRAIGHT AND LEVEL,DRY,INJURY AND / OR TOW DUE TO CRASH,WASHTENAW AVE,41.9410515544,-87.6954269597,POINT (-87.695426959714 41.941051554418)
O1804279,BICYCLE,0c7cd9bd7ccd9671526e9af7aea99e32eaaead55bcfb2a833f9fed11036664c712bdd18a21c4ca658404f4c3ee0258d1da7a0368d20b929aa86fbde630674404,04/24/2024 05:00:00 PM,M,,BICYCLE HELMET (PEDACYCLIST INVOLVED ONLY),CROSSING - AGAINST SIGNAL,BIKEWAY,TEST NOT OFFERED,,30,CLEAR,DAYLIGHT,PEDALCYCLIST,ONE-WAY,STRAIGHT AND LEVEL,DRY,NO INJURY / DRIVE AWAY,DEARBORN ST,41.8945249006,-87.629872691,POINT (-87.629872691026 41.894524900629)
O1804103,BICYCLE,255e051589c34ec35e98e28bdae5eb3a3f0cf77d6d95d1065ffc8f61ab2ac4617a9d43a139073def2b23b2d6ca15b9a3e7aa650eabf0106df117a3c327192591,04/24/2024 03:30:00 PM,M,24.0,BICYCLE HELMET (PEDACYCLIST INVOLVED ONLY),WITH TRAFFIC,BIKEWAY,TEST NOT OFFERED,,30,CLEAR,DAYLIGHT,PEDALCYCLIST,ONE-WAY,STRAIGHT AND LEVEL,DRY,NO INJURY / DRIVE AWAY,DEARBORN ST,41.8947407186,-87.6295789209,POINT (-87.62957892094 41.894740718616)
O1806269,NON-MOTOR VEHICLE,1d32c91f899694cb68e7495a833c99f8b2c4ca6375f43388900d7cce1e5f53bf99630592c40e8f10153ff096c90867bb2ea05614d6c4b6b0961c7021b52b3c2a,04/24/2024 12:00:00 PM,X,,USAGE UNKNOWN,UNKNOWN/NA,UNKNOWN/NA,TEST NOT OFFERED,,30,UNKNOWN,UNKNOWN,OTHER OBJECT,NOT DIVIDED,STRAIGHT AND LEVEL,UNKNOWN,NO INJURY / DRIVE AWAY,LA SALLE ST,41.6807923832,-87.6265236339,POINT (-87.626523633936 41.68079238318)
O1803585,BICYCLE,05f7e8ae6291c2ab3bb681fa5fc317e76578f699677851197b467b6db03d89c4f989240d249f2eddcc09b0c02ed0fc503605276f23058b08f97ed988d5cdeaab,04/23/2024 05:29:00 PM,M,62.0,HELMET NOT USED,WITH TRAFFIC,IN ROADWAY,TEST NOT OFFERED,,20,CLEAR,DAYLIGHT,PEDALCYCLIST,ONE-WAY,STRAIGHT AND LEVEL,DRY,INJURY AND / OR TOW DUE TO CRASH,KARLOV AVE,41.9062929673,-87.729005242,POINT (-87.729005242018 41.906292967263)
O1803479,NON-MOTOR VEHICLE,557a6a3c9905c5bd453ebc80c15ee1673dd9272cdd0104dc35879d41895c027fc3c5128f584d12ca5b7c8f6e6fa4730d0c576c81992848af35cd4f8eb70261ff,04/23/2024 04:25:00 PM,M,29.0,USAGE UNKNOWN,UNKNOWN/NA,BIKE LANE,TEST NOT OFFERED,,30,CLEAR,DAYLIGHT,OTHER OBJECT,ONE-WAY,STRAIGHT AND LEVEL,DRY,INJURY AND / OR TOW DUE TO CRASH,DEARBORN ST,41.8884137431,-87.629410813,POINT (-87.629410812998 41.888413743062)
O1803423,BICYCLE,4171d01d16244ef2c921c1ad60950fc0d56ac072aa4dd18f487e06e9c6573fd6c1aaa7e81e48f2f90e4e4b0199ba3807757b49cce2417d757503acf158b8a950,04/23/2024 04:10:00 PM,M,28.0,HELMET NOT USED,NO ACTION,BIKE LANE,TEST NOT OFFERED,,30,CLEAR,DAYLIGHT,PEDALCYCLIST,NOT DIVIDED,STRAIGHT AND LEVEL,DRY,INJURY AND / OR TOW DUE TO CRASH,MONTROSE AVE,41.9613389001,-87.679692409,POINT (-87.679692409029 41.961338900106)
O1803649,NON-MOTOR VEHICLE,6b173636c0c7f0f4e6353283c16dab0b45bfbe1b648baab013f798dafb67aba1c9e2133afc9f487a716043b5e58dfde0bda2ecbda603ed2f9e7feeed6c89e2fd,04/23/2024 03:30:00 PM,M,60.0,,,,,,30,CLEAR,DAYLIGHT,FIXED OBJECT,NOT DIVIDED,STRAIGHT AND LEVEL,DRY,NO INJURY / DRIVE AWAY,MICHIGAN AVE,41.6680799691,-87.6204394125,POINT (-87.620439412534 41.668079969113)
O1803261,BICYCLE,74a64adaf9e458e14531d713183e4d60e27593d3afac099b456275d0a90f1405b369aa8a6b1b145b5466c85f912c3d711c3c473cd0d7e5fd22db1ba84adf99f7,04/23/2024 11:56:00 AM,M,25.0,HELMET NOT USED,AGAINST TRAFFIC,IN ROADWAY,TEST NOT OFFERED,,30,CLOUDY/OVERCAST,DAYLIGHT,PEDALCYCLIST,FOUR WAY,STRAIGHT AND LEVEL,DRY,INJURY AND / OR TOW DUE TO CRASH,IDA B WELLS DR,41.8757963712,-87.6261397631,POINT (-87.62613976308 41.875796371188)
O1803021,BICYCLE,0545896cb60c441ee00aee6ee19fb5faef0552ac8058e01d3df5483ccdf7edc5823acfebc93ceeea60e2b553754110bb62d6e905c3edb09db749faaa7f525bce,04/22/2024 08:43:00 PM,M,48.0,HELMET NOT USED,WITH TRAFFIC,IN ROADWAY,TEST NOT OFFERED,Y,30,CLEAR,"DARKNESS, LIGHTED ROAD",PEDALCYCLIST,NOT DIVIDED,STRAIGHT AND LEVEL,DRY,NO INJURY / DRIVE AWAY,ARCHER AVE,41.8230896542,-87.6893483121,POINT (-87.689348312112 41.823089654242)
O1802437,BICYCLE,db75df532991a4567cbbadaa36ec70b045ff8a0c402173925b09ae1ec8d4e40c1f0eb15663f8ef9f88c4ac15753617e4518b5ff9a5581c6c74eea93553e045f0,04/22/2024 06:35:00 AM,M,43.0,BICYCLE HELMET (PEDACYCLIST INVOLVED ONLY),NO ACTION,IN ROADWAY,TEST NOT OFFERED,,30,CLEAR,DAYLIGHT,PEDALCYCLIST,FOUR WAY,STRAIGHT AND LEVEL,DRY,NO INJURY / DRIVE AWAY,FULLERTON AVE,41.9245930218,-87.7268192684,POINT (-87.726819268403 41.924593021753)
O1802769,BICYCLE,a752fbf23c0edb7b2631bac01562168c3ef41dc0af4ca38ba3603d31f7ac984200044ac6294ad08ee7a046d50364e253ca5385e3b782d474c3b2720d382b1e84,04/21/2024 06:30:00 PM,F,27.0,HELMET NOT USED,CROSSING - WITH SIGNAL,BIKE LANE,TEST NOT OFFERED,,30,UNKNOWN,UNKNOWN,PEDALCYCLIST,"FIVE POINT, OR MORE",STRAIGHT AND LEVEL,UNKNOWN,INJURY AND / OR TOW DUE TO CRASH,CLYBOURN AVE,41.9240503535,-87.6680068764,POINT (-87.668006876428 41.924050353518)
O1802243,BICYCLE,bd8e643833a19be727fce9c04e160ec23c77ba1e2c5f31e366a5e9e2add64f23e498870f334abdedd70ea8aaa18c33ef398a08e5d6a5befd8bf63b2effb0f881,04/21/2024 04:50:00 PM,F,19.0,BICYCLE HELMET (PEDACYCLIST INVOLVED ONLY),CROSSING - NO CONTROLS (AT INTERSECTION),IN CROSSWALK,TEST NOT OFFERED,,30,CLEAR,DAYLIGHT,PEDALCYCLIST,NOT DIVIDED,STRAIGHT AND LEVEL,DRY,NO INJURY / DRIVE AWAY,BELMONT AVE,41.9392100697,-87.7088187145,POINT (-87.708818714455 41.939210069696)
O1802312,BICYCLE,c4f04558743d93b9d9893da70aa1f5e63e79318a08a94ff0ac41dae411bb4d60f779aa6da3c9315472ab219e54b9fa63cb8878f1d6e6a22e29bcdd0b5d0ddd03,04/21/2024 04:17:00 PM,M,34.0,HELMET NOT USED,WITH TRAFFIC,IN ROADWAY,TEST NOT OFFERED,,30,CLEAR,DAYLIGHT,PEDALCYCLIST,ONE-WAY,STRAIGHT AND LEVEL,UNKNOWN,INJURY AND / OR TOW DUE TO CRASH,PIERCE AVE,41.9094727989,-87.6779394569,POINT (-87.677939456855 41.909472798861)
O1802583,BICYCLE,c7023702b044892d0cae6cc7721440240b8842a2989c17e1851752e6787f5097b742a0dd0b28db5bb4aa5efa8c3b0020b0166609ebf044478bde27e85dd04613,04/21/2024 10:55:00 AM,M,,HELMET NOT USED,WITH TRAFFIC,BIKE LANE,,,30,CLEAR,DAYLIGHT,PEDALCYCLIST,NOT DIVIDED,STRAIGHT ON GRADE,DRY,INJURY AND / OR TOW DUE TO CRASH,DAMEN AVE,41.913283896,-87.6773802783,POINT (-87.677380278332 41.913283895965)
O1801825,BICYCLE,67794a5843da3971659f0b7dc08c359afd2d86aca32a124d474b1e4228601204d6832ef4108cc5a4326ad9449bb1b6638ef50e9c59e6df5813d05166e104bfa7,04/20/2024 10:05:00 PM,M,30.0,HELMET NOT USED,OTHER ACTION,DRIVEWAY ACCESS,TEST NOT OFFERED,,30,CLEAR,DARKNESS,PEDALCYCLIST,OTHER,STRAIGHT AND LEVEL,DRY,INJURY AND / OR TOW DUE TO CRASH,BROADWAY,41.9762763893,-87.6600122932,POINT (-87.660012293217 41.97627638926)
O1801760,BICYCLE,716511bb9893dc8b9d9481b0cb3ed4b268459013ebc606a26325dc6ab38e7b72ad565447488780f558375c69198d6a51748edb4d82f43f53ab2dc485ff6765b4,04/20/2024 07:16:00 PM,M,14.0,HELMET NOT USED,OTHER ACTION,IN ROADWAY,TEST NOT OFFERED,,30,CLEAR,DUSK,PEDALCYCLIST,CENTER TURN LANE,STRAIGHT AND LEVEL,DRY,NO INJURY / DRIVE AWAY,LAWRENCE AVE,41.968647402,-87.6791085586,POINT (-87.679108558643 41.968647401955)
O1801560,BICYCLE,259ed3236753060c6d92619d9bf31f77f3c4baac9f151b8ba3628edad37ab26393a0b8abf7e3cc09a9d109e29b33452b41b4a26d6805a1a1f0be526aa1246362,04/20/2024 01:37:00 PM,M,33.0,BICYCLE HELMET (PEDACYCLIST INVOLVED ONLY),NO ACTION,IN ROADWAY,TEST NOT OFFERED,,30,CLEAR,DAYLIGHT,PEDALCYCLIST,NOT DIVIDED,STRAIGHT AND LEVEL,DRY,INJURY AND / OR TOW DUE TO CRASH,FOSTER AVE,41.9760691724,-87.6691471166,POINT (-87.669147116564 41.97606917244)
O1801393,BICYCLE,80d6c81637d3a3bbe6719459c486a797bed02f2e4540b0577cf79711345530656beff59286cf3cf80b6bfff7dbf28410446d9fa5864b029ed7944550eeee7351,04/20/2024 08:00:00 AM,M,22.0,BICYCLE HELMET (PEDACYCLIST INVOLVED ONLY),UNKNOWN/NA,BIKEWAY,"TEST PERFORMED, RESULTS UNKNOWN",Y,30,CLEAR,DAYLIGHT,PEDALCYCLIST,NOT DIVIDED,STRAIGHT AND LEVEL,DRY,NO INJURY / DRIVE AWAY,HALSTED ST,41.8583881402,-87.6465125135,POINT (-87.646512513505 41.858388140151)
O1801157,BICYCLE,385460206801069eb703daf6c36ff2880de11bbfb9c4bec91d00b247d307b6fd0a40d5f36ff1d077e14c011f70f437ab5bc389a88172140296cb7c4f52053b08,04/19/2024 06:24:00 PM,M,38.0,HELMET NOT USED,UNKNOWN/NA,BIKE LANE,TEST NOT OFFERED,,30,CLEAR,DAYLIGHT,PEDALCYCLIST,NOT DIVIDED,STRAIGHT AND LEVEL,DRY,INJURY AND / OR TOW DUE TO CRASH,WILSON AVE,41.9653066027,-87.6561179694,POINT (-87.656117969368 41.965306602684)
O1801100,BICYCLE,d3ad1bc7131c12105b9727898cacf5da840d1a5509726a76c21654c5e81dd04f8085342f4403489714bc8d9074e9682f0a340dcce7d7d36c04395d7c4a32141c,04/19/2024 05:10:00 PM,M,44.0,HELMET NOT USED,CROSSING - NO CONTROLS (AT INTERSECTION),IN CROSSWALK,TEST NOT OFFERED,,30,CLEAR,DAYLIGHT,PEDALCYCLIST,T-INTERSECTION,STRAIGHT AND LEVEL,DRY,INJURY AND / OR TOW DUE TO CRASH,CONGRESS PKWY,41.875011964,-87.7060863217,POINT (-87.706086321664 41.875011963968)
O1801123,BICYCLE,083e9f279434acce281fdc9e407ef1eb15417641d74bbc22dcf976a5761fc57d71343122207e9acf870f8188fd0026edcd122cccc42344aadd53f03a32a88ef7,04/19/2024 04:59:00 PM,M,17.0,HELMET NOT USED,AGAINST TRAFFIC,IN ROADWAY,,,20,CLEAR,DAYLIGHT,PEDALCYCLIST,ONE-WAY,STRAIGHT AND LEVEL,DRY,NO INJURY / DRIVE AWAY,WRIGHTWOOD AVE,41.9277023144,-87.7686122121,POINT (-87.768612212148 41.927702314445)
O1800989,BICYCLE,ba8677e73dbc2e88804f9862a3fe50fb8a36dae9441d58e48c5c803b22d5ce487f905ff2d81d2d4b0bb0ee7fa73c5e91022c10c6a0732d064566239892e67271,04/19/2024 02:56:00 PM,M,42.0,BICYCLE HELMET (PEDACYCLIST INVOLVED ONLY),WITH TRAFFIC,BIKEWAY,TEST NOT OFFERED,,30,CLEAR,DAYLIGHT,PEDALCYCLIST,NOT DIVIDED,STRAIGHT AND LEVEL,DRY,NO INJURY / DRIVE AWAY,CLARK ST,41.9765755063,-87.6682636441,POINT (-87.668263644092 41.976575506301)
O1800764,BICYCLE,146baf47508f2d7f1740fc5785f085c3494f995521f7595775a0726441cdf2229565776f79b5a93bc2e23f90d67310a3b49d2d763248d07e643b1ecf961ff3cc,04/19/2024 09:31:00 AM,F,69.0,HELMET NOT USED,INTOXICATED PED/PEDAL,BIKE LANE,TEST NOT OFFERED,,25,CLEAR,DAYLIGHT,PEDALCYCLIST,NOT DIVIDED,STRAIGHT ON GRADE,DRY,INJURY AND / OR TOW DUE TO CRASH,LOOMIS ST,41.8418115244,-87.6578761082,POINT (-87.657876108223 41.841811524371)
O1800744,BICYCLE,60a3adf8a68c6cd004deec8ffab349b384bdac10447e52049cf3697af8418e2b72cbe7d2a7aa61e58b79b626070668393e0835d5b6e6a2cef227281eada33bc8,04/19/2024 08:10:00 AM,M,34.0,BICYCLE HELMET (PEDACYCLIST INVOLVED ONLY),CROSSING - NO CONTROLS (NOT AT INTERSECTION),BIKE LANE,TEST NOT OFFERED,,30,CLEAR,DAYLIGHT,OTHER NONCOLLISION,FOUR WAY,STRAIGHT AND LEVEL,DRY,INJURY AND / OR TOW DUE TO CRASH,NORTH AVE,41.909600386,-87.7393564665,POINT (-87.739356466533 41.909600386011)
O1800241,BICYCLE,82255cd14209ed0ee8d093f66616fcddf80659ec5caf24d13851768ecb5c43b93d3cadb9ce1e43d4b2573b5f7a0e6dcb879438cfa837e638a6304ee82504f2e7,04/18/2024 01:45:00 PM,M,24.0,HELMET NOT USED,WITH TRAFFIC,IN CROSSWALK,TEST NOT OFFERED,,30,CLEAR,DAYLIGHT,TURNING,DIVIDED - W/MEDIAN (NOT RAISED),STRAIGHT AND LEVEL,DRY,INJURY AND / OR TOW DUE TO CRASH,HALSTED ST,41.9086395917,-87.6483601527,POINT (-87.648360152682 41.908639591728)
O1800161,BICYCLE,fc1a60717264a3eb67649fe5684b015a77183ed0a21aba5bf4515d93089d6d799b1b27950adb366f6a6670e27cbe302cf8221c2c66de4ffa07fcccddf16ecfcc,04/18/2024 11:18:00 AM,M,19.0,HELMET NOT USED,OTHER ACTION,NOT IN ROADWAY,TEST NOT OFFERED,,25,CLEAR,DAYLIGHT,PEDALCYCLIST,ALLEY,STRAIGHT AND LEVEL,DRY,INJURY AND / OR TOW DUE TO CRASH,HOWARD ST,42.0193698261,-87.6841272381,POINT (-87.684127238054 42.019369826085)
O1799933,BICYCLE,746c4d0cdacc497f15c7c50397999ce2f6daba5a1d72575f9ad777c2c6fbaaab5f618485ff8e55cd555136d9822056bb1f2d851eddf9418b39df65b546a9bc9d,04/18/2024 03:50:00 AM,M,36.0,HELMET NOT USED,TURNING RIGHT,IN ROADWAY,TEST NOT OFFERED,Y,30,CLEAR,"DARKNESS, LIGHTED ROAD",PEDALCYCLIST,NOT DIVIDED,STRAIGHT AND LEVEL,DRY,INJURY AND / OR TOW DUE TO CRASH,CLARK ST,41.9833998281,-87.6685891327,POINT (-87.668589132659 41.983399828126)
O1799895,BICYCLE,1e068e736f3d34cfdb52acf3e235666f345c94450a65bf9e2f2100a762c4c627686f7b5175dbc8ef3ec2be5bd0b5c1eaed28b43b8e207f3f1b77e6a50522063f,04/17/2024 09:21:00 PM,M,26.0,HELMET NOT USED,NO ACTION,IN ROADWAY,TEST NOT OFFERED,,30,CLEAR,"DARKNESS, LIGHTED ROAD",PEDALCYCLIST,NOT DIVIDED,STRAIGHT AND LEVEL,DRY,NO INJURY / DRIVE AWAY,WATERSIDE DR,41.887053116,-87.6157378164,POINT (-87.615737816417 41.887053115971)
O1799867,BICYCLE,ca4e0ec5873b2c45ba6f533d7a501d4e7c809887bb4c74d2999bbc605d82e407cf19fb9a208ef3e8d62bf4d59a622eabfa78315a740510a196e003e36b047336,04/17/2024 07:37:00 PM,M,61.0,BICYCLE HELMET (PEDACYCLIST INVOLVED ONLY),WITH TRAFFIC,SHOULDER,TEST NOT OFFERED,,30,CLEAR,"DARKNESS, LIGHTED ROAD",PEDALCYCLIST,NOT DIVIDED,STRAIGHT AND LEVEL,DRY,INJURY AND / OR TOW DUE TO CRASH,CENTRAL PARK AVE,41.9137153904,-87.7165137428,POINT (-87.716513742832 41.913715390359)
O1799860,BICYCLE,91897ee8113025f5e6aaee7d6d1a7e50ddf8bc7ac85076510fe048b14ae432d0c9381e83f1b4100d370ed74af8353e10b7f848ee8beafbb87f0b73b7a26ef83d,04/17/2024 07:20:00 PM,M,18.0,HELMET NOT USED,CROSSING - WITH SIGNAL,IN ROADWAY,TEST NOT OFFERED,,30,CLEAR,DUSK,PEDALCYCLIST,FOUR WAY,STRAIGHT AND LEVEL,DRY,INJURY AND / OR TOW DUE TO CRASH,BROADWAY,41.9659199471,-87.6579688369,POINT (-87.65796883689 41.965919947086)
O1799750,BICYCLE,753c6aac81038a4c64d73b4cff79da086d2dd331dc6704ee1d5f1c89f91008c86ea1c5fd03071c59028a5ae43fa895fb2a567d18e0358498b3a86e705c029556,04/17/2024 04:10:00 PM,,,HELMET NOT USED,AGAINST TRAFFIC,IN ROADWAY,TEST NOT OFFERED,Y,25,CLOUDY/OVERCAST,DAYLIGHT,PEDALCYCLIST,T-INTERSECTION,STRAIGHT AND LEVEL,DRY,NO INJURY / DRIVE AWAY,LAFLIN ST,41.8568881749,-87.6635876773,POINT (-87.663587677275 41.856888174883)
O1799699,BICYCLE,e1196781ddf9993080d6120fe83a1603f477465b9a005f1812da5de1055a44e3288d5e7989d7c3f43df9523568c9d7f766597c6f980dc1d5f17ef4d5998a246a,04/17/2024 08:30:00 AM,F,57.0,HELMET NOT USED,WITH TRAFFIC,BIKEWAY,TEST NOT OFFERED,,30,CLEAR,DAYLIGHT,PEDALCYCLIST,DIVIDED - W/MEDIAN (NOT RAISED),STRAIGHT AND LEVEL,DRY,INJURY AND / OR TOW DUE TO CRASH,LINCOLN AVE,41.9162458615,-87.6361077489,POINT (-87.636107748883 41.916245861478)
O1799374,NON-MOTOR VEHICLE,22d69a6206ca29838971052e287274cd327c555d84e52c162de02862f86062e6fb473c275a0e8da33ca58e652b2b3424782f9837a0a00307b419d30604a0c530,04/17/2024 07:51:00 AM,F,27.0,HELMET NOT USED,OTHER ACTION,DRIVEWAY ACCESS,TEST NOT OFFERED,,30,CLEAR,DAYLIGHT,OTHER OBJECT,NOT DIVIDED,STRAIGHT AND LEVEL,DRY,INJURY AND / OR TOW DUE TO CRASH,CALIFORNIA AVE,41.9901209351,-87.6992458945,POINT (-87.699245894493 41.990120935136)
O1799315,BICYCLE,c543ae971dc3e3c1bc936fc6dd67820151d481c92bc755c78bb8bdcddff8565abcedd479af3880cc970eed7e59f5c35c616effb382c189718aebc4083ffa3e6d,04/17/2024 07:30:00 AM,F,18.0,HELMET NOT USED,OTHER ACTION,IN CROSSWALK,TEST NOT OFFERED,,15,CLEAR,DAYLIGHT,PEDALCYCLIST,ALLEY,STRAIGHT AND LEVEL,DRY,INJURY AND / OR TOW DUE TO CRASH,CICERO AVE,41.9571141338,-87.747563559,POINT (-87.747563558957 41.957114133755)
O1799134,NON-MOTOR VEHICLE,584646bee461b7d1bc04fce87356380ec0e1a796cc77f050a5f824cd747e524dbe0b9f30b558ec421b0dd2263ae39cc43b7a94c8b1790c04112826d3fde4d440,04/16/2024 06:41:00 PM,M,33.0,NONE PRESENT,CROSSING - NO CONTROLS (AT INTERSECTION),BIKEWAY,TEST NOT OFFERED,,30,RAIN,DAYLIGHT,OTHER OBJECT,NOT DIVIDED,STRAIGHT AND LEVEL,WET,INJURY AND / OR TOW DUE TO CRASH,DIVERSEY PKWY,41.9324275975,-87.6598542248,POINT (-87.659854224757 41.932427597536)
O1799007,BICYCLE,5dc86c7dc40aa883e9153ef3e7b75852f1481e832fa2062033a7fe9b8802c6c7b6294445dd46abd8e4c27d3b35e5a0b6e52433190d2d9d9d1d7cc4c0064273e7,04/16/2024 05:23:00 PM,M,21.0,HELMET NOT USED,WITH TRAFFIC,BIKEWAY,TEST NOT OFFERED,,30,RAIN,DAYLIGHT,PEDALCYCLIST,NOT DIVIDED,STRAIGHT AND LEVEL,WET,INJURY AND / OR TOW DUE TO CRASH,ELSTON AVE,41.9587169011,-87.7267021843,POINT (-87.726702184259 41.958716901052)
O1799027,BICYCLE,df48ca6d4b574c9a8f2754eb93acec5137d3eb8dd17d01998446f71ba51140c90f5b3655fa76097713ed4edd37162ebdd35ebf5ace549a58369df782695e7a35,04/16/2024 04:30:00 PM,M,25.0,HELMET NOT USED,UNKNOWN/NA,UNKNOWN/NA,TEST NOT OFFERED,,30,CLOUDY/OVERCAST,DAYLIGHT,PEDALCYCLIST,FOUR WAY,STRAIGHT AND LEVEL,DRY,INJURY AND / OR TOW DUE TO CRASH,ROOSEVELT RD,41.867105475,-87.6567450119,POINT (-87.656745011924 41.867105475026)