PERSON_ID,PERSON_TYPE,CRASH_RECORD_ID,CRASH_DATE_x,SEX,AGE,SAFETY_EQUIPMENT,PEDPEDAL_ACTION,PEDPEDAL_LOCATION,BAC_RESULT,CRASH_DATE_EST_I,POSTED_SPEED_LIMIT,WEATHER_CONDITION,LIGHTING_CONDITION,FIRST_CRASH_TYPE,TRAFFICWAY_TYPE,ALIGNMENT,ROADWAY_SURFACE_COND,CRASH_TYPE,STREET_NAME,LATITUDE,LONGITUDE,LOCATION
O1799024,BICYCLE,415f2fed8b147db44ccae77e455a16c2516643a1711635b90f0573e592278013f01b93789d0a41310604428b5797b8cd27fd70c7e5eb2327b3766b818c6f6d1d,04/16/2024 03:19:00 PM,M,59.0,BICYCLE HELMET (PEDACYCLIST INVOLVED ONLY),WITH TRAFFIC,IN ROADWAY,TEST NOT OFFERED,,30,CLEAR,DAYLIGHT,PEDALCYCLIST,DIVIDED - W/MEDIAN (NOT RAISED),STRAIGHT AND LEVEL,DRY,INJURY AND / OR TOW DUE TO CRASH,DIVISION ST,41.9035617365,-87.6606889921,POINT (-87.660688992137 41.903561736471)
O1798890,BICYCLE,26b660d4d17e0dee4555e20287d423fe38ea33579fc3d3b57c5ba6e7e8a9b588837f7fccc70f4a36894e67be803b148925b4812067584406fc74ed8a1d0d96c9,04/16/2024 02:00:00 PM,F,29.0,BICYCLE HELMET (PEDACYCLIST INVOLVED ONLY),OTHER ACTION,IN CROSSWALK,TEST NOT OFFERED,,30,CLEAR,DAYLIGHT,PEDALCYCLIST,ALLEY,STRAIGHT AND LEVEL,DRY,INJURY AND / OR TOW DUE TO CRASH,ARMITAGE AVE,41.9177127263,-87.6855650803,POINT (-87.685565080312 41.917712726325)
O1798829,BICYCLE,f8bc7e7be3a96847e19a0a5a04b537265689cf8a62054d941efdfae2bb3a5db171f5e4ca968c15537af4b97e543cf11c8de366744e66d9be665bcbce2e347591,04/16/2024 01:35:00 PM,M,,HELMET NOT USED,OTHER ACTION,IN ROADWAY,TEST NOT OFFERED,,35,CLOUDY/OVERCAST,DAYLIGHT,PEDALCYCLIST,FOUR WAY,STRAIGHT AND LEVEL,DRY,NO INJURY / DRIVE AWAY,119TH ST,41.6776306491,-87.6624507112,POINT (-87.662450711185 41.677630649115)
O1798716,BICYCLE,4452e2c5200dec41728aba4e4d4014658929fe8ffbe46a11ec69295cb18bad3264dc368c3fa420a26b70316679e4e426062e1347742c4f2cafb61939a56bd49d,04/16/2024 11:45:00 AM,M,53.0,HELMET NOT USED,CROSSING - WITH SIGNAL,IN ROADWAY,TEST NOT OFFERED,,30,CLEAR,DAYLIGHT,PEDALCYCLIST,FOUR WAY,STRAIGHT AND LEVEL,DRY,NO INJURY / DRIVE AWAY,INDIANA AVE,41.8561831199,-87.6224399557,POINT (-87.622439955652 41.856183119923)
O1798631,BICYCLE,44463c8688f3072d9fb2cd0d3b34b53ca89cb636f73403072470e4abe3de1782b3a178af39fbb41c4865e5feb588f820081374127f01999aa89138dd3fb04c34,04/16/2024 08:56:00 AM,M,40.0,HELMET NOT USED,AGAINST TRAFFIC,IN ROADWAY,TEST NOT OFFERED,,35,CLEAR,DAYLIGHT,PEDALCYCLIST,NOT DIVIDED,STRAIGHT AND LEVEL,DRY,INJURY AND / OR TOW DUE TO CRASH,DREXEL AVE,41.7493961592,-87.6025587172,POINT (-87.602558717164 41.74939615917)
O1798592,BICYCLE,e721e135fa1889685a1462b9d1591fe6a4699881b7e463c545bbbb3c593b0a9d3ec4ff5b6f39f62b3785e5fc857c7061d6bd9398b04428eb4ed6da5d17c9b3c7,04/16/2024 06:25:00 AM,M,53.0,BICYCLE HELMET (PEDACYCLIST INVOLVED ONLY),NO ACTION,IN ROADWAY,TEST NOT OFFERED,,30,CLEAR,DAYLIGHT,PEDALCYCLIST,T-INTERSECTION,STRAIGHT AND LEVEL,DRY,INJURY AND / OR TOW DUE TO CRASH,SACRAMENTO BLVD,41.8920311014,-87.7021505534,POINT (-87.702150553396 41.892031101411)
O1798452,BICYCLE,f7b48347111f0e4189fb0b6c526bed55107f49743e23bf5b030e9a573ec980a51a386b8e802b4c4405f237b656fd2fa79a3beb9a6f874f64acb4a505e23363e7,04/15/2024 10:01:00 PM,M,17.0,HELMET NOT USED,UNKNOWN/NA,UNKNOWN/NA,TEST NOT OFFERED,,30,CLEAR,"DARKNESS, LIGHTED ROAD",OTHER OBJECT,PARKING LOT,STRAIGHT AND LEVEL,DRY,INJURY AND / OR TOW DUE TO CRASH,HOMAN BLVD,41.882211292,-87.710898608,POINT (-87.710898608036 41.882211292041)
O1797930,BICYCLE,786cc6e7d4d8c01293a6a21bf2ab29124e650fe547fa00bb11a42669c6d7da4b28a055fc990fbe1a91e680eb34be71be7bc367bd14e882040efe5ccc52cf26e3,04/15/2024 09:35:00 AM,M,12.0,HELMET NOT USED,CROSSING - NO CONTROLS (AT INTERSECTION),IN CROSSWALK,TEST NOT OFFERED,,15,CLEAR,DAYLIGHT,PEDALCYCLIST,FOUR WAY,STRAIGHT AND LEVEL,DRY,INJURY AND / OR TOW DUE TO CRASH,SEMINARY AVE,41.9336101775,-87.6564674066,POINT (-87.656467406617 41.933610177531)
O1797836,BICYCLE,1992949b0b2c479027f1eee0bb4c59d9968ae74fe817add8eedf2435f75319e56bee13ab5466c7aaab0ca27137db278da2bdf15d0085636f6f97c00b40cddb1c,04/15/2024 07:50:00 AM,M,0.0,BICYCLE HELMET (PEDACYCLIST INVOLVED ONLY),UNKNOWN/NA,BIKE LANE,TEST NOT OFFERED,,30,CLEAR,DAYLIGHT,PEDALCYCLIST,NOT DIVIDED,STRAIGHT AND LEVEL,DRY,INJURY AND / OR TOW DUE TO CRASH,WELLS ST,41.8981616719,-87.6344073368,POINT (-87.634407336843 41.898161671925)
O1797685,BICYCLE,f7ae5dc7975c4f06c58191b81ff260e6a6ee1f9712751500f07515a3a1d795c6bd9df95be1705c24ab6552e48465a085a9c275f3d1036830a3314093c5f6e52f,04/14/2024 10:05:00 PM,M,43.0,HELMET NOT USED,OTHER ACTION,NOT IN ROADWAY,TEST NOT OFFERED,,30,CLEAR,DUSK,PEDALCYCLIST,PARKING LOT,STRAIGHT AND LEVEL,DRY,INJURY AND / OR TOW DUE TO CRASH,KEDZIE AVE,41.7888914342,-87.7032795922,POINT (-87.703279592166 41.788891434222)
O1797556,NON-MOTOR VEHICLE,1aa8fb80579a5d3375a39ec14c10ad56ebea33e75b33706ddd9e9f0dceeb6ffb705566c311fc5e0e24794bf158a6adc6c04d88e27a7ea576e959234bc2581c72,04/14/2024 02:55:00 PM,M,19.0,NONE PRESENT,OTHER ACTION,IN ROADWAY,TEST NOT OFFERED,,30,CLEAR,DAYLIGHT,OTHER OBJECT,ONE-WAY,STRAIGHT AND LEVEL,DRY,INJURY AND / OR TOW DUE TO CRASH,MANN DR,41.7713340599,-87.7055225773,POINT (-87.705522577331 41.771334059867)
O1797429,NON-MOTOR VEHICLE,93ca309cdb2936040f4cafd4c526254f0930be90b882f09940ffe182fea13aab96731e40b28fdf6832e84918d838424aae85c3997a08888185089331e93005b2,04/14/2024 02:50:00 PM,F,19.0,HELMET NOT USED,CROSSING - AGAINST SIGNAL,IN ROADWAY,TEST NOT OFFERED,,25,CLEAR,DAYLIGHT,OTHER OBJECT,"FIVE POINT, OR MORE",STRAIGHT AND LEVEL,DRY,INJURY AND / OR TOW DUE TO CRASH,DIVERSEY PKWY,41.9330187815,-87.6394289802,POINT (-87.639428980205 41.933018781455)
O1797287,BICYCLE,573e627bc2a72f622af0693d25605621f23bfe883bea13aade095b74ce95ea3d834e2beebbad41d868d430a563b903da073d108aaf71aeaa589b7d05be0c6ff4,04/14/2024 12:10:00 PM,F,35.0,HELMET NOT USED,UNKNOWN/NA,NOT IN ROADWAY,TEST NOT OFFERED,,30,CLEAR,DAYLIGHT,PEDALCYCLIST,OTHER,STRAIGHT AND LEVEL,DRY,INJURY AND / OR TOW DUE TO CRASH,HARRISON ST,41.873050422,-87.7445652087,POINT (-87.744565208686 41.873050422045)
O1797201,BICYCLE,7711bdc9fec8593ffbad1c9ed79cff23a7a48600de56f6d2c6bfc5fd57271c7c7cff171818595a080069e8102f1e78d80cf5aefd694c8842c9f07701dbb47c9c,04/14/2024 08:28:00 AM,M,46.0,HELMET NOT USED,CROSSING - NO CONTROLS (AT INTERSECTION),IN ROADWAY,TEST NOT OFFERED,Y,15,CLEAR,DAYLIGHT,PEDALCYCLIST,FOUR WAY,STRAIGHT AND LEVEL,DRY,INJURY AND / OR TOW DUE TO CRASH,GRACE ST,41.9509032349,-87.6616353388,POINT (-87.66163533881 41.950903234932)
O1797198,NON-MOTOR VEHICLE,78f6cdb9342195f1eb25c5170bb49e7c9f2ba9a597460b4f2084d25797c04954bf4464ded9654eeaf83edc752f1266b8aafbe04a80c756b9377375a1af2b6cf2,04/14/2024 07:55:00 AM,,,,,,,,30,CLEAR,UNKNOWN,FIXED OBJECT,DIVIDED - W/MEDIAN (NOT RAISED),STRAIGHT AND LEVEL,UNKNOWN,INJURY AND / OR TOW DUE TO CRASH,63RD ST,41.7779894814,-87.7593975435,POINT (-87.759397543533 41.777989481384)
O1797040,BICYCLE,0874898ef31d9e0727ed50049c9d6558fa1c005c7da9013da501cb29df327dace08c8536a351b3889359b57234c6f3f9bc95885f944ac1235cf33cd364fb3769,04/14/2024 03:00:00 AM,M,29.0,BICYCLE HELMET (PEDACYCLIST INVOLVED ONLY),WITH TRAFFIC,BIKE LANE,TEST NOT OFFERED,N,30,CLEAR,"DARKNESS, LIGHTED ROAD",PEDALCYCLIST,NOT DIVIDED,STRAIGHT AND LEVEL,DRY,NO INJURY / DRIVE AWAY,KINZIE ST,41.8890667845,-87.6332174466,POINT (-87.633217446553 41.889066784471)
O1796886,BICYCLE,f47e9e28a0ec7fadc4e0e0973023f3bfb341e3ebcf0fe178e956e890caa4b327c364d47d46a5748b13a9a2df26369b6bd640185cd4444fd54f5e2d9b69514462,04/13/2024 07:36:00 PM,M,51.0,HELMET NOT USED,CROSSING - WITH SIGNAL,IN CROSSWALK,TEST NOT OFFERED,,35,CLEAR,"DARKNESS, LIGHTED ROAD",PEDALCYCLIST,DIVIDED - W/MEDIAN (NOT RAISED),STRAIGHT AND LEVEL,DRY,INJURY AND / OR TOW DUE TO CRASH,UNION AVE,41.8671196607,-87.6452815,POINT (-87.645281499953 41.86711966073)
O1796839,NON-MOTOR VEHICLE,85abad09fd668c7d8cbf036a94b2164e002f4c18b483754e187565dc95a89371075f7ce745b1746765b3c12f1de13d717014dd88a6dd3edecaa1ad07c3383eec,04/13/2024 06:43:00 PM,M,,NONE PRESENT,WITH TRAFFIC,IN ROADWAY,TEST NOT OFFERED,,30,CLEAR,DAYLIGHT,OTHER OBJECT,NOT DIVIDED,STRAIGHT AND LEVEL,DRY,NO INJURY / DRIVE AWAY,JEFFERY BLVD,41.7587838191,-87.5762866492,POINT (-87.576286649151 41.758783819129)
O1796854,BICYCLE,a9f4ed80664fbd14ad980239d5dec4640076589e7c05938080ff6780d07ac36417819c8daa4423a99497c51c3ddeb3381a0db64367818959bc3346feaf4534ef,04/13/2024 06:40:00 PM,,,HELMET NOT USED,UNKNOWN/NA,IN ROADWAY,TEST NOT OFFERED,,30,CLEAR,DAYLIGHT,PEDALCYCLIST,NOT DIVIDED,STRAIGHT AND LEVEL,DRY,NO INJURY / DRIVE AWAY,WINCHESTER AVE,41.801152347,-87.6734385279,POINT (-87.673438527935 41.801152346988)
O1796823,BICYCLE,366300ed914952526df6a10f6f316ea0a1c57afba02b85ce6f76a089da02f6cd283f662bd801ba2c2d9b87e0100c01851a620ff25760033b598c620b2f096d2f,04/13/2024 06:34:00 PM,M,70.0,HELMET NOT USED,NO ACTION,IN ROADWAY,TEST NOT OFFERED,,30,CLEAR,DAYLIGHT,PEDALCYCLIST,NOT DIVIDED,STRAIGHT AND LEVEL,DRY,INJURY AND / OR TOW DUE TO CRASH,OAKLEY BLVD,41.8926317714,-87.6844532122,POINT (-87.684453212196 41.892631771426)
O1796781,BICYCLE,af9b7a8200921e746e3c9ae69a244ab594ddf7081104f48947eb030261e034dcc48958c6150e766495959e8c2362175f92c9efbb4a46c67aa6047c713c0f1cf3,04/13/2024 04:08:00 PM,M,16.0,HELMET NOT USED,CROSSING - NO CONTROLS (AT INTERSECTION),IN CROSSWALK,TEST NOT OFFERED,,10,CLEAR,DAYLIGHT,PEDALCYCLIST,DIVIDED - W/MEDIAN BARRIER,STRAIGHT AND LEVEL,DRY,INJURY AND / OR TOW DUE TO CRASH,PULASKI RD,41.8173162376,-87.7240592905,POINT (-87.724059290489 41.817316237608)
O1796674,BICYCLE,89b8e3d3217254c27af449fc3fd631e3c843b934a9af159b1d3c994f684976889fde3b925f7eb34ca88bd8150c1bf88cece5c59851611b9eeddae813a75080b1,04/13/2024 03:14:00 PM,M,36.0,HELMET NOT USED,OTHER ACTION,BIKE LANE,TEST NOT OFFERED,,30,CLEAR,DAYLIGHT,PEDALCYCLIST,NOT DIVIDED,STRAIGHT AND LEVEL,DRY,NO INJURY / DRIVE AWAY,HALSTED ST,41.8463078077,-87.6463181969,POINT (-87.646318196878 41.846307807659)
O1796305,BICYCLE,9b8492d36bd99f6c370049945315d3d8f73b42bcb30f91232b61ef1b925ccc9bc6782847ecb3823f49e4e76b824a387d26b7a598a9c6584411e41ea0a3775973,04/12/2024 11:55:00 PM,M,27.0,HELMET NOT USED,WITH TRAFFIC,BIKE LANE,TEST NOT OFFERED,,20,CLEAR,"DARKNESS, LIGHTED ROAD",PEDALCYCLIST,"FIVE POINT, OR MORE",STRAIGHT AND LEVEL,DRY,NO INJURY / DRIVE AWAY,MILWAUKEE AVE,41.9104029044,-87.6772623614,POINT (-87.677262361395 41.910402904423)
O1796256,BICYCLE,3620aab5898c373bb77b05e263f6b007334006a773d4abf0fb18ee2ed77ecab9e54d78467e52a85ec161199e2d8cea1360e710ce653f73ccbee6c4a27af57de0,04/12/2024 09:48:00 PM,F,31.0,HELMET NOT USED,CROSSING - AGAINST SIGNAL,IN CROSSWALK,TEST NOT OFFERED,,30,CLEAR,"DARKNESS, LIGHTED ROAD",PEDALCYCLIST,FOUR WAY,STRAIGHT AND LEVEL,DRY,INJURY AND / OR TOW DUE TO CRASH,CALIFORNIA AVE,41.9228854503,-87.6972137434,POINT (-87.697213743413 41.922885450338)
O1804399,BICYCLE,f490effe31a46cccacc0dadc1209e1f75cbeb61cdabd6c5ff84414928fc99954a952532962d6511da0f87673aae772e1d2b667142a7738c04a52baf98df24e8a,04/12/2024 06:52:00 PM,M,17.0,HELMET NOT USED,WITH TRAFFIC,IN ROADWAY,TEST NOT OFFERED,,30,CLEAR,DAYLIGHT,PEDALCYCLIST,DIVIDED - W/MEDIAN (NOT RAISED),STRAIGHT AND LEVEL,DRY,INJURY AND / OR TOW DUE TO CRASH,HALSTED ST,41.8940140448,-87.6478433169,POINT (-87.64784331693 41.894014044828)
O1796017,BICYCLE,88ff8660936b4f61ff3dc7ec1ff71f25c010c796222e5c75c242b3c66eef8eb154215fdeab2d48d93906eb697a3f87e41f9925b9d3e6d2246a0fbd9101daa64f,04/12/2024 04:46:00 PM,M,41.0,BICYCLE HELMET (PEDACYCLIST INVOLVED ONLY),UNKNOWN/NA,UNKNOWN/NA,TEST NOT OFFERED,,30,RAIN,DAYLIGHT,PEDALCYCLIST,DIVIDED - W/MEDIAN (NOT RAISED),STRAIGHT AND LEVEL,WET,INJURY AND / OR TOW DUE TO CRASH,PULASKI RD,41.7844788132,-87.7227750926,POINT (-87.722775092565 41.784478813152)
O1796020,NON-MOTOR VEHICLE,744a0ad871f707daf203354f1c3041952c8fc19840f3274f4486ef3dadd16d30b5025300cea4403b325604a3936f32faeb0698bd908856ec06a52fa2044c23b6,04/12/2024 04:45:00 PM,F,,USAGE UNKNOWN,CROSSING - NO CONTROLS (AT INTERSECTION),IN CROSSWALK,TEST NOT OFFERED,,30,CLEAR,DAYLIGHT,OTHER OBJECT,NOT DIVIDED,STRAIGHT AND LEVEL,UNKNOWN,NO INJURY / DRIVE AWAY,MASSASOIT AVE,41.9091846748,-87.7693957087,POINT (-87.769395708703 41.90918467476)
O1795992,BICYCLE,84eef9a4289eea1932dd3a250f65ce1afe95715ddc99139b1cc6457c52fd486c93a21e167f0a44975e877fcad3ddea520db01d49fde5f6d39f001c1f71cc3764,04/12/2024 12:50:00 PM,M,28.0,HELMET NOT USED,OTHER ACTION,IN CROSSWALK,TEST NOT OFFERED,,30,CLEAR,DAYLIGHT,PEDALCYCLIST,NOT DIVIDED,STRAIGHT AND LEVEL,DRY,INJURY AND / OR TOW DUE TO CRASH,HARRISON ST,41.8739602109,-87.6900427251,POINT (-87.690042725104 41.873960210913)
O1795814,BICYCLE,72fbdcc2b36d76c1fc3c8098fab54c581ca2e6d5cdfc7337d344442507c6a4059486507ad7981b50cdab71f1c1943a530cbe482400fe6c8ecd444461bae9e7bf,04/12/2024 12:34:00 PM,F,27.0,HELMET NOT USED,WITH TRAFFIC,BIKE LANE,TEST NOT OFFERED,,30,CLEAR,DAYLIGHT,PEDALCYCLIST,DIVIDED - W/MEDIAN (NOT RAISED),STRAIGHT AND LEVEL,DRY,INJURY AND / OR TOW DUE TO CRASH,DEARBORN ST,41.9007620184,-87.6297478751,POINT (-87.629747875056 41.900762018382)
O1795718,BICYCLE,573e98be0ffe689b0be709f252a1c14b45abf9a770db25b870f0985b9e801b4f21c9f6a9468c47bd1ca496300b516c6b5e24260a948c0585e19c80dc03de59d1,04/12/2024 10:35:00 AM,M,44.0,HELMET NOT USED,OTHER ACTION,NOT IN ROADWAY,TEST NOT OFFERED,,30,CLEAR,DAYLIGHT,PEDALCYCLIST,NOT DIVIDED,STRAIGHT AND LEVEL,DRY,INJURY AND / OR TOW DUE TO CRASH,CLARK ST,42.0054884883,-87.6732996185,POINT (-87.673299618538 42.00548848827)
O1801383,BICYCLE,444830da5bf9b2bc8d3525134e3011378af1883de8414c39fed7daf643ef83e8f621ccb4324507e3ab4b044e2358267d685043b9c6c32c970bb87676e89ba0d3,04/12/2024 08:20:00 AM,F,53.0,BICYCLE HELMET (PEDACYCLIST INVOLVED ONLY),NO ACTION,BIKE LANE,TEST NOT OFFERED,,30,CLEAR,DAYLIGHT,PEDALCYCLIST,NOT DIVIDED,STRAIGHT AND LEVEL,DRY,INJURY AND / OR TOW DUE TO CRASH,ARMITAGE AVE,41.9182500251,-87.6511696207,POINT (-87.651169620745 41.918250025093)
O1795118,BICYCLE,d8e23c2bb5c4e5b8dbd64ecd3e2ce36e885edb8ec8ad5f5a60019e2ddfb257e318ec208ffe852801596e7872ddceecbaac4a503a6b6fd4e9fec7919298689f7b,04/11/2024 12:26:00 PM,F,30.0,BICYCLE HELMET (PEDACYCLIST INVOLVED ONLY),TURNING LEFT,IN ROADWAY,TEST NOT OFFERED,,30,CLOUDY/OVERCAST,DAYLIGHT,PEDALCYCLIST,T-INTERSECTION,STRAIGHT AND LEVEL,WET,INJURY AND / OR TOW DUE TO CRASH,WABASH AVE,41.8983019942,-87.6270484496,POINT (-87.627048449593 41.898301994152)
O1795364,BICYCLE,2f4ef34451a43b00d228f10aae42dd26c947789a37ef5a796e9f178be9027cd4da648520506d6c8d3e9f945a70944a5fdd79e8263dab9b08edec2448579e7b76,04/10/2024 09:00:00 PM,M,26.0,HELMET NOT USED,WITH TRAFFIC,IN ROADWAY,TEST NOT OFFERED,,30,CLEAR,"DARKNESS, LIGHTED ROAD",PEDALCYCLIST,DIVIDED - W/MEDIAN (NOT RAISED),STRAIGHT AND LEVEL,DRY,INJURY AND / OR TOW DUE TO CRASH,PULASKI RD,41.9488842719,-87.7273248847,POINT (-87.727324884705 41.948884271863)
O1794678,BICYCLE,cb80a96043e867c6e60e4cfd861829b658e9ecd059b39a1f2e8b749c68a8d7fb97e1eea68acdcd430d0f388443fc33b464ce691f6a28aea71605a7f97736fd06,04/10/2024 04:17:00 PM,M,35.0,BICYCLE HELMET (PEDACYCLIST INVOLVED ONLY),CROSSING - NO CONTROLS (AT INTERSECTION),IN ROADWAY,TEST NOT OFFERED,,30,CLEAR,DAYLIGHT,PEDALCYCLIST,T-INTERSECTION,STRAIGHT AND LEVEL,DRY,INJURY AND / OR TOW DUE TO CRASH,IRVING PARK RD,41.9541396398,-87.6873137517,POINT (-87.687313751661 41.954139639773)
O1794989,BICYCLE,e44042b7ba01ee5220f083837b0879676223a903a4623e772588e87c1b636549e85412e43b67151985ea4a3596c53e8f32e5b9c59385fa3e190ba6e1421a9830,04/10/2024 03:13:00 PM,M,51.0,HELMET NOT USED,WITH TRAFFIC,BIKE LANE,TEST NOT OFFERED,,30,CLEAR,DAYLIGHT,PEDALCYCLIST,DIVIDED - W/MEDIAN (NOT RAISED),STRAIGHT AND LEVEL,DRY,INJURY AND / OR TOW DUE TO CRASH,47TH ST,41.8086235972,-87.6742912048,POINT (-87.674291204835 41.808623597201)
O1794698,BICYCLE,886a943b75b489173e78373f9eeafac7810e2f5da5c360eb74da0f0e83d577eaf81b8a32fc0c2484463eb0b83a3a9d0c31419de912f15d9bf74f5300a9879b48,04/10/2024 01:53:00 PM,F,49.0,BICYCLE HELMET (PEDACYCLIST INVOLVED ONLY),WITH TRAFFIC,BIKE LANE,TEST NOT OFFERED,,30,CLEAR,DAYLIGHT,PEDALCYCLIST,DIVIDED - W/MEDIAN (NOT RAISED),STRAIGHT AND LEVEL,DRY,INJURY AND / OR TOW DUE TO CRASH,LINCOLN AVE,41.9629668594,-87.6846946537,POINT (-87.684694653667 41.962966859428)
O1794321,BICYCLE,0013292edf0f0f44c583529b82c5530e222521ddcfcda3bfb135d9d5acb7da2bb52415bd28fab31f5110769e380120337903b3b99c14dde22c6e4f1f0521442d,04/10/2024 07:01:00 AM,M,46.0,HELMET NOT USED,WITH TRAFFIC,IN ROADWAY,TEST NOT OFFERED,,30,CLEAR,DAYLIGHT,PEDALCYCLIST,DIVIDED - W/MEDIAN (NOT RAISED),STRAIGHT AND LEVEL,UNKNOWN,INJURY AND / OR TOW DUE TO CRASH,51ST ST,41.8012593984,-87.660704616,POINT (-87.660704615964 41.801259398414)
O1794194,BICYCLE,8957ba461f9f75d2f342098d6c9fdae725e4e514aa7ab207ad51ccfd80b3b7f096ffeccd27575b58c3186cea23422e106b823cfa8fd762f27781b3139a21361b,04/09/2024 07:50:00 PM,F,48.0,BICYCLE HELMET (PEDACYCLIST INVOLVED ONLY),OTHER ACTION,IN CROSSWALK,TEST NOT OFFERED,,30,CLEAR,DUSK,PEDALCYCLIST,NOT DIVIDED,STRAIGHT AND LEVEL,DRY,INJURY AND / OR TOW DUE TO CRASH,54TH ST,41.7949110011,-87.7268286106,POINT (-87.72682861056 41.794911001111)
O1794038,BICYCLE,87da69d9f9f65e56678720fa612f6ac07cb006432085f6b146fc12615ad4b2aeeefd5fe49d7940c7fc1441427586164f54ebbba591c00cd56421500c8aa7912b,04/09/2024 06:05:00 PM,F,,BICYCLE HELMET (PEDACYCLIST INVOLVED ONLY),WITH TRAFFIC,BIKE LANE,TEST NOT OFFERED,,30,CLEAR,DAYLIGHT,PEDALCYCLIST,DIVIDED - W/MEDIAN (NOT RAISED),STRAIGHT AND LEVEL,DRY,NO INJURY / DRIVE AWAY,DEARBORN ST,41.9006344839,-87.6300377446,POINT (-87.630037744621 41.900634483896)
O1794551,BICYCLE,88f70a327d7226bc13ecfd229846f1d1b28ddba47f58170f8c4c12387331148ce5556d58394e84b618b1bd9b030961a737291d69fb890c0d974b1b90bf9cdc2a,04/09/2024 06:04:00 PM,M,21.0,BICYCLE HELMET (PEDACYCLIST INVOLVED ONLY),NO ACTION,BIKEWAY,TEST NOT OFFERED,,30,CLEAR,DAYLIGHT,PEDALCYCLIST,DIVIDED - W/MEDIAN (NOT RAISED),STRAIGHT AND LEVEL,DRY,NO INJURY / DRIVE AWAY,31ST ST,41.8369132254,-87.7314112956,POINT (-87.731411295602 41.836913225394)
O1794048,BICYCLE,131fd9a6cc3f8ccfcb70d44761532ab264c1cb72b0385ffe257a79b3479ba6ed36f97421d08d65d2e968347a3c3b5675519b38fad514773b6db9714b2f87303e,04/09/2024 05:35:00 PM,M,7.0,HELMET NOT USED,CROSSING - NO CONTROLS (NOT AT INTERSECTION),IN ROADWAY,TEST NOT OFFERED,,30,CLEAR,DAYLIGHT,PEDALCYCLIST,NOT DIVIDED,STRAIGHT AND LEVEL,DRY,INJURY AND / OR TOW DUE TO CRASH,LITUANICA AVE,41.8376116735,-87.648842673,POINT (-87.648842672983 41.837611673471)
O1793831,BICYCLE,bd08d497703312706205df061816c43ce32753e9fb5594fb7355fc853867aef3eeb7eb4faeaeb1254d94afed1936be3fb7a76a851f12b381471004d1146ae25a,04/09/2024 02:00:00 PM,M,46.0,HELMET NOT USED,UNKNOWN/NA,IN ROADWAY,TEST NOT OFFERED,,30,CLEAR,DAYLIGHT,PEDALCYCLIST,ONE-WAY,STRAIGHT AND LEVEL,DRY,INJURY AND / OR TOW DUE TO CRASH,CLARK ST,41.8915835503,-87.6312722986,POINT (-87.631272298612 41.891583550299)
O1793828,NON-MOTOR VEHICLE,aafff4436e1c1dec2eaca9d2f68f9fa3dc6961f06697df546f8767a004721c25a4998b859d43ce141f90284178a3d13a33b9082891f5b181a83b7f0645d9125f,04/09/2024 01:59:00 PM,F,,NONE PRESENT,OTHER ACTION,DRIVEWAY ACCESS,TEST NOT OFFERED,,30,CLEAR,DAYLIGHT,ANGLE,PARKING LOT,STRAIGHT AND LEVEL,DRY,NO INJURY / DRIVE AWAY,MADISON ST,41.8801681736,-87.7625390921,POINT (-87.762539092099 41.880168173617)
O1793634,BICYCLE,77cb63f8a76dae1f182613e7da1bfa5b285e6f5304416148407f3380f65d5b4fac26813e28393e3eefaf40696725de284f12c730c6c831aa3b6c271980fb0242,04/09/2024 08:34:00 AM,F,29.0,BICYCLE HELMET (PEDACYCLIST INVOLVED ONLY),CROSSING - NO CONTROLS (NOT AT INTERSECTION),IN ROADWAY,TEST NOT OFFERED,,30,CLEAR,DAYLIGHT,PEDALCYCLIST,FOUR WAY,STRAIGHT AND LEVEL,DRY,NO INJURY / DRIVE AWAY,UNION AVE,41.8288602711,-87.6437674937,POINT (-87.643767493658 41.828860271125)
O1793531,BICYCLE,19f40ae92903fa42efb88fa51cfd25149058b6374be5e052f376a2335e8db7c938b48c29c5446325cdbc2bc5b51913344f0e374b4a91629088dc352ce7085d6d,04/08/2024 09:33:00 PM,M,18.0,HELMET NOT USED,CROSSING - CONTROLS PRESENT (NOT AT INTERSECTION),IN CROSSWALK,TEST NOT OFFERED,,30,CLEAR,"DARKNESS, LIGHTED ROAD",PEDALCYCLIST,FOUR WAY,STRAIGHT AND LEVEL,DRY,INJURY AND / OR TOW DUE TO CRASH,HOMAN AVE,41.8919326883,-87.7114755606,POINT (-87.711475560617 41.891932688252)
O1793496,BICYCLE,ecdd168b029f46e80eec72daf08a7ecaecc1a36c2bf3a41a3da835f8d11a583620e1635957d7e5c0174a92a9cec8c2fc5b2b3f7f9ad88a062e8307f30eca950d,04/08/2024 08:30:00 PM,M,25.0,HELMET NOT USED,OTHER ACTION,NOT IN ROADWAY,TEST NOT OFFERED,,30,CLEAR,"DARKNESS, LIGHTED ROAD",PEDALCYCLIST,NOT DIVIDED,STRAIGHT AND LEVEL,UNKNOWN,INJURY AND / OR TOW DUE TO CRASH,WESTERN AVE,42.0141820295,-87.6900839861,POINT (-87.690083986099 42.014182029503)