PERSON_ID,PERSON_TYPE,CRASH_RECORD_ID,CRASH_DATE_x,SEX,AGE,SAFETY_EQUIPMENT,PEDPEDAL_ACTION,PEDPEDAL_LOCATION,BAC_RESULT,CRASH_DATE_EST_I,POSTED_SPEED_LIMIT,WEATHER_CONDITION,LIGHTING_CONDITION,FIRST_CRASH_TYPE,TRAFFICWAY_TYPE,ALIGNMENT,ROADWAY_SURFACE_COND,CRASH_TYPE,STREET_NAME,LATITUDE,LONGITUDE,LOCATION
O1793413,BICYCLE,5624264b552f870a333422416ae577317b8b87582d1b1addf9e9bb8edec3d093493e3bb784f52572b6cd4af74134438204644cb8874f2dcbfa2240450958b078,04/08/2024 05:07:00 PM,M,51.0,BICYCLE HELMET (PEDACYCLIST INVOLVED ONLY),WITH TRAFFIC,IN ROADWAY,TEST NOT OFFERED,,30,CLEAR,DAYLIGHT,PEDALCYCLIST,NOT DIVIDED,STRAIGHT AND LEVEL,UNKNOWN,NO INJURY / DRIVE AWAY,MONTROSE AVE,41.9617655799,-87.6478841101,POINT (-87.647884110116 41.961765579856)
O1793264,BICYCLE,68d783ee668d3d25fdb31b1d1243b105690b0820f544402354a4d6694e81c1c861cee2007f27c4336979967a9f3ae1bdb2a348d498fad2c9174f829a39782476,04/08/2024 04:05:00 PM,M,55.0,BICYCLE HELMET (PEDACYCLIST INVOLVED ONLY),NO ACTION,BIKE LANE,TEST NOT OFFERED,,25,CLEAR,DAYLIGHT,PEDALCYCLIST,FOUR WAY,STRAIGHT AND LEVEL,DRY,INJURY AND / OR TOW DUE TO CRASH,CLARK ST,41.979884283,-87.6684294847,POINT (-87.668429484682 41.979884282976)
O1796597,BICYCLE,617e6cffc3f4924b70e229cbe304dfe7be0a677778ed3b40859d70e6d9676548c0235689162993d45735d23b116ef7b3a129f8b5bfaaa543e13a5078f81d13af,04/08/2024 02:10:00 PM,M,53.0,BICYCLE HELMET (PEDACYCLIST INVOLVED ONLY),NO ACTION,BIKE LANE,TEST NOT OFFERED,,30,CLEAR,DAYLIGHT,PEDALCYCLIST,DIVIDED - W/MEDIAN (NOT RAISED),STRAIGHT AND LEVEL,DRY,NO INJURY / DRIVE AWAY,IRVING PARK RD,41.9533349966,-87.7448614581,POINT (-87.744861458095 41.953334996619)
O1793204,BICYCLE,519d7d7b0c1c29990ee68632bafcebafd5bb667a043183d33ec85e5672d52f4671824fec91b1575be0a94677d03a17b5a86a0048556680acc073020cef513f93,04/08/2024 02:08:00 PM,M,77.0,HELMET NOT USED,CROSSING - CONTROLS PRESENT (NOT AT INTERSECTION),IN ROADWAY,TEST NOT OFFERED,,30,CLEAR,DAYLIGHT,PEDALCYCLIST,NOT DIVIDED,STRAIGHT AND LEVEL,DRY,INJURY AND / OR TOW DUE TO CRASH,GUNNISON ST,41.9685973852,-87.7818952107,POINT (-87.781895210711 41.968597385239)
O1793090,BICYCLE,2e4e4227ed96b1af911a541afa28084639a930d6dc3b3a73e40ce9d1d61a8e4a6cdf98f920292d1735093a3b0e7a429d0152d3709b082d2fac37108dd8d805af,04/08/2024 12:21:00 PM,M,27.0,HELMET NOT USED,WITH TRAFFIC,BIKE LANE,TEST NOT OFFERED,,30,CLEAR,DAYLIGHT,PEDALCYCLIST,NOT DIVIDED,STRAIGHT AND LEVEL,DRY,INJURY AND / OR TOW DUE TO CRASH,BELMONT AVE,41.9398288351,-87.6669668815,POINT (-87.666966881457 41.939828835086)
O1792989,BICYCLE,36a682776918f82258c5a1b79133f54fb057f9e2d116c4d9cd17044418f720cad99492580d84f8faec8392e2003516999457406cfe63698ea163bd1109ae8055,04/08/2024 09:00:00 AM,F,37.0,BICYCLE HELMET (PEDACYCLIST INVOLVED ONLY),WITH TRAFFIC,IN ROADWAY,TEST NOT OFFERED,,30,CLEAR,DAYLIGHT,PEDALCYCLIST,NOT DIVIDED,STRAIGHT AND LEVEL,DRY,INJURY AND / OR TOW DUE TO CRASH,CERMAK RD,41.8523106816,-87.6610354777,POINT (-87.661035477654 41.852310681622)
O1792971,BICYCLE,f298f29ca5750fd40075cf28dc9bfda08ad2ca95148a24687bb64cb79ee32f9d9f4301d00b05fe5a67a645caf76b0dc8b97c9cccc5eda90b291b4af7ad173cf3,04/08/2024 08:15:00 AM,M,41.0,HELMET NOT USED,CROSSING - AGAINST SIGNAL,IN ROADWAY,TEST NOT OFFERED,,30,CLEAR,DAYLIGHT,PEDALCYCLIST,FOUR WAY,STRAIGHT AND LEVEL,DRY,NO INJURY / DRIVE AWAY,DIVERSEY AVE,41.9309925577,-87.7955288567,POINT (-87.795528856684 41.930992557711)
O1792525,BICYCLE,88efca504bd8469696016ea7349602104a962c5ad2cd0b22e92e2a8a5e5dcc7cca25a0e7f085c18031ee500ff9159a589482194f362bb80d6b43dbc39954fbe7,04/07/2024 11:05:00 AM,F,28.0,BICYCLE HELMET (PEDACYCLIST INVOLVED ONLY),OTHER ACTION,IN CROSSWALK,TEST NOT OFFERED,,30,RAIN,DAYLIGHT,PEDALCYCLIST,NOT DIVIDED,STRAIGHT AND LEVEL,WET,INJURY AND / OR TOW DUE TO CRASH,79TH ST,41.7518006489,-87.5528808849,POINT (-87.552880884876 41.751800648917)
O1792374,BICYCLE,23ddf1ab3b2b0d0f11c5a0c1dd721034638b194096751e82d19f20e10b1c6c6c10b86239376eaeeccc2b3885616e9583b4130b4ebb3167a4effc6c80e27ecfa2,04/07/2024 01:10:00 AM,M,37.0,BICYCLE HELMET (PEDACYCLIST INVOLVED ONLY),NO ACTION,NOT IN ROADWAY,TEST NOT OFFERED,Y,30,CLEAR,"DARKNESS, LIGHTED ROAD",PEDALCYCLIST,PARKING LOT,STRAIGHT AND LEVEL,DRY,INJURY AND / OR TOW DUE TO CRASH,BROADWAY,41.9648159651,-87.6569380015,POINT (-87.656938001472 41.964815965138)
O1794807,BICYCLE,77663071c630e879b67795e122f715c951a4b66565e4d2889b3861cf1e05b189bb2910f0cbdc9a8c8724eacbfc2c7bdf2348f08d5b28d915dbab8c6c70cfe59f,04/06/2024 03:48:00 PM,M,24.0,BICYCLE HELMET (PEDACYCLIST INVOLVED ONLY),OTHER ACTION,BIKEWAY,TEST NOT OFFERED,,30,CLEAR,DAYLIGHT,PEDALCYCLIST,NOT DIVIDED,STRAIGHT AND LEVEL,DRY,NO INJURY / DRIVE AWAY,CHICAGO AVE,41.8957965124,-87.6773227997,POINT (-87.67732279972 41.895796512442)
O1792056,BICYCLE,f27836cfe0e87144d7795bc2a754f35734ff6785af567102e89766d3bf94df8af165ea88639476c3793b4e3399db487f91ffbc0d767f78a9f526ca8f0f970211,04/06/2024 02:39:00 PM,M,15.0,HELMET NOT USED,UNKNOWN/NA,IN CROSSWALK,TEST NOT OFFERED,,30,CLEAR,DAYLIGHT,PEDALCYCLIST,OTHER,STRAIGHT AND LEVEL,DRY,INJURY AND / OR TOW DUE TO CRASH,47TH ST,41.8096743832,-87.6039235623,POINT (-87.603923562288 41.809674383183)
O1791577,BICYCLE,4f01f9a84977571bbe238bf6a2b4d02b23c5fb567bfa4529d263a051762bcd7d4043e39bd71248841ee9f703c72935eee6eaaefaa006bccf50cae5fe7c0cd5a9,04/05/2024 04:35:00 PM,M,30.0,HELMET NOT USED,UNKNOWN/NA,UNKNOWN/NA,TEST NOT OFFERED,,30,CLEAR,DAYLIGHT,PEDALCYCLIST,T-INTERSECTION,STRAIGHT AND LEVEL,DRY,INJURY AND / OR TOW DUE TO CRASH,KEDZIE AVE,41.8056087323,-87.7040530939,POINT (-87.704053093945 41.805608732347)
O1796599,BICYCLE,714d9b9bdf59e8cdf2ea7094e8e72d2b8b8c35e79e4a2d3f7428d59809e2f1c621b27c5d83e55b705695943212973dda0a78e769c8f415d4d4cf9eb61258c253,04/05/2024 11:45:00 AM,F,25.0,BICYCLE HELMET (PEDACYCLIST INVOLVED ONLY),WITH TRAFFIC,IN ROADWAY,TEST NOT OFFERED,,30,CLEAR,DAYLIGHT,PEDALCYCLIST,DIVIDED - W/MEDIAN (NOT RAISED),STRAIGHT AND LEVEL,DRY,INJURY AND / OR TOW DUE TO CRASH,31ST ST,41.8379872888,-87.6420670659,POINT (-87.642067065895 41.837987288795)
O1791285,BICYCLE,131b89f09705dff82795b4cc60f808100e8c1178b8d2f6bce3b09f09987f1d1d9eb534d067e17ebe832d7c789f36bf5f51791a7f342a063fac5749fe6e789ada,04/05/2024 09:15:00 AM,F,53.0,HELMET NOT USED,WITH TRAFFIC,IN ROADWAY,TEST NOT OFFERED,,30,CLEAR,DAYLIGHT,PEDALCYCLIST,NOT DIVIDED,STRAIGHT AND LEVEL,DRY,INJURY AND / OR TOW DUE TO CRASH,BROADWAY,41.997249288,-87.6606262829,POINT (-87.660626282913 41.997249288021)
O1791118,BICYCLE,e61c35a3f5e9f20316115023c5ea64f701dcaf2b7a66b8b59f117ebeab2cee45e54e1302d55f8dd16fc5ebdcae8e49d8cb72b6149b9e4cb783ee260cfe692d50,04/05/2024 07:12:00 AM,M,35.0,HELMET NOT USED,CROSSING - AGAINST SIGNAL,IN ROADWAY,TEST NOT OFFERED,,30,CLEAR,DAYLIGHT,PEDALCYCLIST,NOT DIVIDED,STRAIGHT AND LEVEL,DRY,INJURY AND / OR TOW DUE TO CRASH,LA SALLE DR,41.8915668944,-87.6324334307,POINT (-87.632433430714 41.891566894424)
O1790986,BICYCLE,00610068c800cfed33f72de5975b97d76dc3d35f608dc3f7e618f84e79e6a55d006ebb7e78b7c244ece89af3ce0df1117acdeb2c09b3837bb4ba164b16e18894,04/04/2024 07:21:00 PM,F,24.0,HELMET NOT USED,UNKNOWN/NA,IN ROADWAY,TEST NOT OFFERED,,30,CLEAR,"DARKNESS, LIGHTED ROAD",PEDALCYCLIST,NOT DIVIDED,STRAIGHT AND LEVEL,DRY,NO INJURY / DRIVE AWAY,CLARK ST,41.979884283,-87.6684294847,POINT (-87.668429484682 41.979884282976)
O1794000,BICYCLE,5a94a9527d3958a02920ec1ce367025e57f5b540642009533efe6f716506e73cf4dba68e5f7bd3f9b74810d3eda31167764027ae4ceeadc2b557f6435c082d6a,04/04/2024 05:10:00 PM,M,22.0,BICYCLE HELMET (PEDACYCLIST INVOLVED ONLY),WITH TRAFFIC,UNKNOWN/NA,TEST NOT OFFERED,,30,UNKNOWN,UNKNOWN,PEDALCYCLIST,NOT DIVIDED,STRAIGHT AND LEVEL,UNKNOWN,NO INJURY / DRIVE AWAY,CERMAK RD,41.8529837725,-87.6271151474,POINT (-87.627115147352 41.852983772522)
O1790793,BICYCLE,95b02371090034fab16a0439fbcfa38ac49c393f2e0645118deba36355e4eb1ccc745f23b381385b9b1a76da4f63b1d382caba86d40379f03c4add61507df297,04/04/2024 03:44:00 PM,F,43.0,HELMET NOT USED,AGAINST TRAFFIC,BIKE LANE,TEST NOT OFFERED,,30,CLEAR,DAYLIGHT,PEDALCYCLIST,NOT DIVIDED,STRAIGHT AND LEVEL,DRY,INJURY AND / OR TOW DUE TO CRASH,CLYBOURN AVE,41.9263312972,-87.6711862919,POINT (-87.671186291876 41.926331297155)
O1790553,BICYCLE,d31041715666989be1f0e8725a3ad178c530fe0af5ee11fa8867452eefe5bd9f395d8d5b9faec9cc93a438b65d0a712727176025cd8a25d4a236e3c65db770e5,04/04/2024 10:20:00 AM,M,,HELMET NOT USED,CROSSING - AGAINST SIGNAL,IN ROADWAY,TEST NOT OFFERED,,30,FREEZING RAIN/DRIZZLE,DAYLIGHT,PEDALCYCLIST,ONE-WAY,STRAIGHT AND LEVEL,WET,NO INJURY / DRIVE AWAY,RANDOLPH ST,41.8843259845,-87.6414323557,POINT (-87.641432355726 41.884325984485)
O1789264,BICYCLE,129e0d3b4287f7104d10a4e08e049f2c4522cc1df09b8886e5f87ac4bf031f14a35aa70aecceb0399d8ff93cebe8d3e069c07aff3c68f69a3ebaebc7fe651302,04/02/2024 01:53:00 PM,M,54.0,HELMET NOT USED,CROSSING - CONTROLS PRESENT (NOT AT INTERSECTION),IN CROSSWALK,TEST NOT OFFERED,,30,RAIN,DAYLIGHT,PEDALCYCLIST,NOT DIVIDED,STRAIGHT AND LEVEL,WET,INJURY AND / OR TOW DUE TO CRASH,BROADWAY,41.951276866,-87.6497656218,POINT (-87.649765621759 41.951276866019)
O1788889,BICYCLE,eaedc15789cd394e184d4a117f83892582cc32394f08bf35ab7101240f184a2e94c07c0cd317843ca90bac5198bf71c4069e3906431845dbf3b36c04c7291bf8,04/01/2024 08:45:00 PM,M,61.0,HELMET NOT USED,CROSSING - NO CONTROLS (NOT AT INTERSECTION),IN ROADWAY,TEST NOT OFFERED,,35,RAIN,"DARKNESS, LIGHTED ROAD",PEDALCYCLIST,DIVIDED - W/MEDIAN (NOT RAISED),STRAIGHT AND LEVEL,WET,INJURY AND / OR TOW DUE TO CRASH,47TH ST,41.8084218772,-87.6721910211,POINT (-87.672191021113 41.808421877215)
O1788916,BICYCLE,38088f86d4c643d3a3445c88b0177fbb18c89d3a558c6eb1b13029c8c2d8568d43882332b3994fd0e8db994001273d79f78dc47af6c98d34342d2a6f53ccf547,04/01/2024 07:20:00 PM,M,17.0,BICYCLE HELMET (PEDACYCLIST INVOLVED ONLY),CROSSING - WITH SIGNAL,BIKE LANE,TEST NOT OFFERED,,30,RAIN,"DARKNESS, LIGHTED ROAD",PEDALCYCLIST,FOUR WAY,STRAIGHT AND LEVEL,WET,INJURY AND / OR TOW DUE TO CRASH,ARMITAGE AVE,41.9175110229,-87.7070536389,POINT (-87.70705363888 41.917511022919)
O1788720,BICYCLE,e54af70e521828a1fc9da2c8366088843f7de39bca28c3bbab586af94a2b1ea2e50bd737385f30b3f829ec545d029e1982175cdd3961297b5bdf13bc2e350b47,04/01/2024 05:00:00 PM,F,38.0,HELMET NOT USED,CROSSING - WITH SIGNAL,IN ROADWAY,TEST NOT OFFERED,,20,RAIN,DAYLIGHT,PEDALCYCLIST,FOUR WAY,STRAIGHT AND LEVEL,WET,INJURY AND / OR TOW DUE TO CRASH,ELM ST,41.9032731896,-87.6293848364,POINT (-87.629384836372 41.903273189631)
O1788762,BICYCLE,6796641785a0fe1cc7b9497de445931211735fabd6dc2166674eb057ba67764cf91f4fcbad1d262e3c998d00b813fd4ca898930542bb0b3e7b1f747363014d65,04/01/2024 04:46:00 PM,F,27.0,HELMET NOT USED,CROSSING - WITH SIGNAL,IN CROSSWALK,TEST NOT OFFERED,,20,RAIN,DAYLIGHT,PEDALCYCLIST,DIVIDED - W/MEDIAN (NOT RAISED),STRAIGHT AND LEVEL,WET,INJURY AND / OR TOW DUE TO CRASH,ROCKWELL ST,41.9464585843,-87.6942798858,POINT (-87.694279885804 41.94645858426)
O1788619,BICYCLE,915b6422f121fecece2c2bbaacffe8d6e095275604c9d46ae4ee976ac011f9e8cb85bf0d77befad26f336926def80e8d3bb55d6e3098dc1ed0627df8918284ca,04/01/2024 04:10:00 PM,M,21.0,HELMET NOT USED,WITH TRAFFIC,IN ROADWAY,TEST NOT OFFERED,,30,RAIN,UNKNOWN,PEDALCYCLIST,FOUR WAY,STRAIGHT AND LEVEL,WET,INJURY AND / OR TOW DUE TO CRASH,WESTERN AVE,41.9159307173,-87.687515578,POINT (-87.68751557795 41.91593071729)
O1788430,BICYCLE,9b11b397bd5b6e260fbc8b7dedf28ebfd25836812df6e9daf4c17888faf5be7f9b542437ae43f1ebd2ceae1e17c194cec5c619b1d31e6fe993637a33e20cec4c,04/01/2024 11:34:00 AM,F,28.0,BICYCLE HELMET (PEDACYCLIST INVOLVED ONLY),WITH TRAFFIC,IN ROADWAY,TEST NOT OFFERED,,30,CLEAR,DAYLIGHT,PEDALCYCLIST,DIVIDED - W/MEDIAN (NOT RAISED),STRAIGHT AND LEVEL,DRY,INJURY AND / OR TOW DUE TO CRASH,IRVING PARK RD,41.9543501166,-87.6562406688,POINT (-87.65624066881 41.954350116551)
O1787444,BICYCLE,78050fc70bcdb4dadcc06f9e1efb49ee7899a2eaa3ca40b01cf9e1432c13420deab855fe765e039d3f6aac088526d6ab03d1bac166287d77ea86be63efd26c7c,03/30/2024 03:25:00 PM,M,27.0,HELMET NOT USED,OTHER ACTION,IN ROADWAY,TEST NOT OFFERED,,30,CLEAR,DAYLIGHT,PEDALCYCLIST,NOT DIVIDED,STRAIGHT AND LEVEL,DRY,INJURY AND / OR TOW DUE TO CRASH,CLARK ST,41.9356038967,-87.6473294651,POINT (-87.647329465104 41.935603896729)
O1787351,BICYCLE,851d0cceda2a9e780f1d2d3c60dc35ea24ac43bf289f3629d5ff1c893ab3b7809e2be9d51b73787a44b12a3c89eb8a48ac8963db300338a7eee11f10a6f4359b,03/30/2024 11:26:00 AM,M,28.0,BICYCLE HELMET (PEDACYCLIST INVOLVED ONLY),UNKNOWN/NA,IN CROSSWALK,TEST NOT OFFERED,,30,CLEAR,DAYLIGHT,PEDALCYCLIST,ALLEY,STRAIGHT AND LEVEL,DRY,INJURY AND / OR TOW DUE TO CRASH,AUGUSTA BLVD,41.8994846387,-87.6872153291,POINT (-87.687215329054 41.899484638688)
O1786822,BICYCLE,06c31f9d4bf693561d7cdf02d4785ac989251a39df97d85b7897875b93cba57e779dc742d4460200205ca5149900ef0862a6dc446dd185f80548b9efc1630103,03/29/2024 03:19:00 PM,M,37.0,HELMET NOT USED,WITH TRAFFIC,UNKNOWN/NA,TEST NOT OFFERED,,30,CLEAR,DAYLIGHT,PEDALCYCLIST,NOT DIVIDED,STRAIGHT AND LEVEL,DRY,INJURY AND / OR TOW DUE TO CRASH,87TH ST,41.7359113162,-87.6416605873,POINT (-87.641660587277 41.735911316206)
O1788569,BICYCLE,fb7ff26841918c6070971a6942624e15cfefd976ad198eb7a4cf495d0b6d233d6019ff2a5d4eb03afcd7376fb0891f5b26b4da621d277c52af2bcb8120100240,03/29/2024 02:39:00 PM,F,28.0,BICYCLE HELMET (PEDACYCLIST INVOLVED ONLY),TURNING RIGHT,IN ROADWAY,,Y,30,CLEAR,DAYLIGHT,PEDALCYCLIST,NOT DIVIDED,STRAIGHT AND LEVEL,DRY,INJURY AND / OR TOW DUE TO CRASH,WESTERN AVE,41.8538282529,-87.6858339647,POINT (-87.685833964746 41.853828252932)
O1786641,BICYCLE,ec608e6243ef8915f04c6e2e376f8d0aeefbc5baac24c7b47a01565e0fe26bbf49ca121135ba41c7f8142c8b2e3373935e18df7133fa24431d8b0447850119c7,03/29/2024 11:51:00 AM,M,15.0,HELMET NOT USED,UNKNOWN/NA,IN ROADWAY,TEST NOT OFFERED,Y,30,CLEAR,DAYLIGHT,OTHER OBJECT,NOT DIVIDED,STRAIGHT AND LEVEL,DRY,INJURY AND / OR TOW DUE TO CRASH,JACKSON BLVD,41.8776307311,-87.6888332481,POINT (-87.688833248099 41.877630731084)
O1786370,BICYCLE,54fc844bc373c37ff60b6d6eb0efd5877180be80b2c2818855e648b4514f31736c56661586b04103bef4b28a0c6eab75b00b8ed4d65145c1120f17e9f4252f48,03/28/2024 07:41:00 PM,M,53.0,HELMET NOT USED,NO ACTION,IN ROADWAY,TEST NOT OFFERED,,30,CLEAR,DARKNESS,PEDALCYCLIST,NOT DIVIDED,STRAIGHT AND LEVEL,DRY,INJURY AND / OR TOW DUE TO CRASH,ORCHARD ST,41.9291745123,-87.6463132787,POINT (-87.646313278711 41.929174512304)
O1786382,BICYCLE,9f55345ae81820f455762bb4bcf09cbe9beae8d11326fac87a698730eea57f41ce11d593a3f5083ff616a9b0f509f4900ad3ccd542687b9414c77ec7c79e7541,03/28/2024 04:20:00 PM,M,,HELMET NOT USED,OTHER ACTION,IN ROADWAY,TEST NOT OFFERED,,30,CLEAR,"DARKNESS, LIGHTED ROAD",PEDALCYCLIST,NOT DIVIDED,STRAIGHT AND LEVEL,DRY,NO INJURY / DRIVE AWAY,RAVENSWOOD AVE,41.9532852077,-87.6736251474,POINT (-87.673625147361 41.953285207714)
O1786295,BICYCLE,0f0f2d50c87699d76fa962e0daa8dfbfd2cc084087ad4fc705dc0cad96e0e787b643ee6593e43976533bf447d292cf3ad42a801e8aa389207004c66cfe97e481,03/28/2024 01:50:00 PM,M,55.0,HELMET NOT USED,CROSSING - WITH SIGNAL,IN CROSSWALK,TEST NOT OFFERED,,30,CLEAR,DAYLIGHT,PEDALCYCLIST,NOT DIVIDED,STRAIGHT AND LEVEL,UNKNOWN,INJURY AND / OR TOW DUE TO CRASH,CENTRAL AVE,41.9313713149,-87.7661026335,POINT (-87.766102633534 41.931371314905)
O1785909,BICYCLE,03856201da919efd55245c166b535cd64c239d9bf5eb4e8bab442e7b441999df5ce86e554415c0b55ff0a9ea104eefc4eb08a1bb7cc8c5465596248611a47e87,03/28/2024 07:49:00 AM,M,37.0,HELMET NOT USED,OTHER ACTION,IN ROADWAY,TEST NOT OFFERED,,35,CLEAR,DAYLIGHT,PEDALCYCLIST,FOUR WAY,STRAIGHT AND LEVEL,DRY,NO INJURY / DRIVE AWAY,MONROE ST,41.8804479088,-87.6418389753,POINT (-87.641838975344 41.880447908792)
O1785880,NON-MOTOR VEHICLE,8e4c9f852769e19eaa5bab3ecf5350416288c63701f0a9c75165e96e275730d57653502e747d5e60de13b666c8e7ac6a2adb30b5b1b6a35b8c34e9b81321ff31,03/28/2024 03:30:00 AM,F,82.0,USAGE UNKNOWN,,,TEST NOT OFFERED,,20,CLEAR,"DARKNESS, LIGHTED ROAD",FIXED OBJECT,NOT DIVIDED,STRAIGHT AND LEVEL,DRY,INJURY AND / OR TOW DUE TO CRASH,HOYNE AVE,41.7739480274,-87.6763462788,POINT (-87.676346278846 41.773948027374)
O1785703,BICYCLE,c0d5307182aec82a386414690e2a43433fac3c9a6b2de4e0975323b9aa7caf757fa5a6e60ab89ae8a0140cb5c6762863c6199a8b393cbd12b354dd800bdfd44a,03/27/2024 04:55:00 PM,M,30.0,BICYCLE HELMET (PEDACYCLIST INVOLVED ONLY),UNKNOWN/NA,IN ROADWAY,TEST NOT OFFERED,Y,30,CLEAR,DAYLIGHT,PEDALCYCLIST,FOUR WAY,STRAIGHT AND LEVEL,DRY,INJURY AND / OR TOW DUE TO CRASH,KEDZIE AVE,42.019095965,-87.7085154682,POINT (-87.70851546823 42.019095964969)
O1785499,BICYCLE,9726e578bb482b97ee808b211cdb3abaef0ea5e7327db6f814876d80c8de82e9acff2b689ceff50f6ca19f73eefdd9e154b6441d25586f4e130175f46ea158b8,03/27/2024 12:32:00 PM,M,45.0,BICYCLE HELMET (PEDACYCLIST INVOLVED ONLY),TURNING RIGHT,BIKEWAY,TEST NOT OFFERED,,30,CLEAR,DAYLIGHT,PEDALCYCLIST,FOUR WAY,STRAIGHT AND LEVEL,DRY,NO INJURY / DRIVE AWAY,MILWAUKEE AVE,41.9152540794,-87.6847664863,POINT (-87.684766486344 41.915254079423)
O1785381,BICYCLE,75f6831145303fa2a9e11827c6e497f842445b4876100ff9a231403f30ee61b0eb093c71a89d8df101eca6db5b5e5b9b69c683aa4985c292db104bb57efe9d86,03/27/2024 07:25:00 AM,M,35.0,BICYCLE HELMET (PEDACYCLIST INVOLVED ONLY),CROSSING - AGAINST SIGNAL,IN ROADWAY,TEST NOT OFFERED,,30,CLEAR,DAYLIGHT,PEDALCYCLIST,ONE-WAY,STRAIGHT AND LEVEL,DRY,INJURY AND / OR TOW DUE TO CRASH,MONROE ST,41.8805316746,-87.6352052649,POINT (-87.635205264906 41.880531674589)
O1785297,BICYCLE,1b66bce623cf37d6d239e3a609c482ff7f01b3319ee77028986337fc1ab6ebe3007d8cabc2132ba9ba4a041eb39f1df40d91ce46e62228aa82d23afe900fd87a,03/26/2024 08:05:00 PM,M,73.0,HELMET NOT USED,WITH TRAFFIC,IN ROADWAY,TEST NOT OFFERED,,30,CLEAR,"DARKNESS, LIGHTED ROAD",PEDALCYCLIST,ONE-WAY,STRAIGHT AND LEVEL,DRY,INJURY AND / OR TOW DUE TO CRASH,LEAVITT ST,41.9081902999,-87.6824329435,POINT (-87.682432943528 41.9081902999)
O1785235,BICYCLE,2b84ab8c140de54da17f4fbf7dc8de9a5a1f584faa6b4ae00d26c20a2b139a5981e2876053f36f4b81cf1f94f2f3620ef6cdb5d87f057576d3a2aa2c4b19fd63,03/26/2024 05:13:00 PM,M,16.0,HELMET NOT USED,AGAINST TRAFFIC,IN ROADWAY,TEST NOT OFFERED,,15,CLEAR,DAYLIGHT,PEDALCYCLIST,ONE-WAY,STRAIGHT AND LEVEL,UNKNOWN,INJURY AND / OR TOW DUE TO CRASH,HAMLIN AVE,41.9250329611,-87.7217481017,POINT (-87.721748101734 41.925032961142)
O1785142,NON-MOTOR VEHICLE,f31402b19a42c8e207c5e227265701b608ec7d642aa65376bb173cf8c39bdb5f9fd4a9243e8b1864f516fd778d348c0694734631bf27b2b807abb46ec93557b3,03/26/2024 03:05:00 PM,F,20.0,HELMET NOT USED,CROSSING - NO CONTROLS (AT INTERSECTION),IN ROADWAY,TEST NOT OFFERED,,30,CLOUDY/OVERCAST,DAYLIGHT,OTHER OBJECT,FOUR WAY,STRAIGHT AND LEVEL,UNKNOWN,INJURY AND / OR TOW DUE TO CRASH,FOREST GLEN AVE,41.9914792975,-87.7410898589,POINT (-87.741089858925 41.991479297539)
O1794097,BICYCLE,78c87a93741fb0b8d48604e8d5f5e802feaf3da4dddda23495e21de2146869c01fdfdf44dfd8c54a9bfd7d748877c6c212384c346bf8b1e867007902961635df,03/26/2024 12:35:00 PM,X,,HELMET NOT USED,INTOXICATED PED/PEDAL,IN ROADWAY,TEST NOT OFFERED,,30,UNKNOWN,UNKNOWN,PEDALCYCLIST,ONE-WAY,STRAIGHT AND LEVEL,UNKNOWN,NO INJURY / DRIVE AWAY,WASHINGTON ST,41.8831152214,-87.6251725087,POINT (-87.625172508734 41.883115221385)
O1784937,BICYCLE,99f9d7066d6e659a66ca8d9fccef920ca36d1d019ce340c156e962faebe3723945a2f6e5be78f2fdd7fc8e42de23ea95e819df565165f62908712c96cc160210,03/26/2024 10:00:00 AM,F,26.0,HELMET NOT USED,NO ACTION,IN ROADWAY,TEST NOT OFFERED,,30,CLEAR,DAYLIGHT,PEDALCYCLIST,NOT DIVIDED,STRAIGHT AND LEVEL,DRY,INJURY AND / OR TOW DUE TO CRASH,HALSTED ST,41.8424419781,-87.6462393671,POINT (-87.646239367051 41.84244197806)
O1784911,NON-MOTOR VEHICLE,b139b7d0e2c925cc28b84a0aca290c6804f35266a26fac5de0790a7c651c111513d795c06dc2bd11a674192a8165d7b58ebc6708809a5f11fb72a04b19251fd6,03/26/2024 08:52:00 AM,F,21.0,NONE PRESENT,,,TEST NOT OFFERED,,30,CLEAR,DAYLIGHT,OTHER OBJECT,DRIVEWAY,STRAIGHT AND LEVEL,WET,INJURY AND / OR TOW DUE TO CRASH,JEFFERSON ST,41.8797628885,-87.6424464564,POINT (-87.642446456356 41.879762888454)
O1784988,NON-MOTOR VEHICLE,9658baa9af91fbd43a1aa8d20d3112e2953bc5a278fe2407059029d9c256d0101600ee500e98a574625a797ec752a6bcc7729c08cff3dcb81b065fd06a04f8e0,03/26/2024 08:50:00 AM,M,33.0,NONE PRESENT,CROSSING - WITH SIGNAL,IN ROADWAY,TEST NOT OFFERED,,30,CLEAR,DAYLIGHT,OTHER NONCOLLISION,NOT DIVIDED,STRAIGHT AND LEVEL,DRY,INJURY AND / OR TOW DUE TO CRASH,WACKER DR,41.8800134271,-87.6365723845,POINT (-87.636572384507 41.880013427132)
O1784862,BICYCLE,56f4efdecda7192cfb72642cb4616cd01fde6f2eed3a21625e77481fe542a956adf32330261aa3084dd7de768fcbed4b91f79f71b366be03e953006cef6eb05e,03/26/2024 06:08:00 AM,M,56.0,BICYCLE HELMET (PEDACYCLIST INVOLVED ONLY),WITH TRAFFIC,BIKEWAY,TEST NOT OFFERED,Y,30,CLOUDY/OVERCAST,"DARKNESS, LIGHTED ROAD",PEDALCYCLIST,NOT DIVIDED,STRAIGHT AND LEVEL,WET,INJURY AND / OR TOW DUE TO CRASH,WESTERN AVE,41.8112076879,-87.6846609141,POINT (-87.684660914147 41.811207687856)