PERSON_ID,PERSON_TYPE,CRASH_RECORD_ID,CRASH_DATE_x,SEX,AGE,SAFETY_EQUIPMENT,PEDPEDAL_ACTION,PEDPEDAL_LOCATION,BAC_RESULT,CRASH_DATE_EST_I,POSTED_SPEED_LIMIT,WEATHER_CONDITION,LIGHTING_CONDITION,FIRST_CRASH_TYPE,TRAFFICWAY_TYPE,ALIGNMENT,ROADWAY_SURFACE_COND,CRASH_TYPE,STREET_NAME,LATITUDE,LONGITUDE,LOCATION
O1784578,NON-MOTOR VEHICLE,e041c4f47bd64e134a96c65aac96d3cfb9c0998934f53e993a6b6f53a912589e51a81d27d88977af8e0d81bc90d41020d1af47e0a69b2806eb5f3c90deaaac1c,03/25/2024 04:00:00 PM,F,40.0,NONE PRESENT,UNKNOWN/NA,UNKNOWN/NA,TEST NOT OFFERED,,25,UNKNOWN,UNKNOWN,FIXED OBJECT,FOUR WAY,STRAIGHT AND LEVEL,UNKNOWN,NO INJURY / DRIVE AWAY,HALSTED ST,41.7095648477,-87.6427549161,POINT (-87.642754916055 41.70956484767)
O1784581,BICYCLE,b525c58d3afee2587585ce1645f4ed885e492980ea3d3a4268a4e37c22e72c2f4d5d2bc952fedae9b5586f67d4c0b731a305ae2a45190deb2a3ec422bf811fb2,03/25/2024 02:55:00 PM,M,28.0,BICYCLE HELMET (PEDACYCLIST INVOLVED ONLY),WITH TRAFFIC,IN ROADWAY,TEST NOT OFFERED,,30,UNKNOWN,DAYLIGHT,PEDALCYCLIST,NOT DIVIDED,STRAIGHT AND LEVEL,UNKNOWN,NO INJURY / DRIVE AWAY,CHICAGO AVE,41.8967732154,-87.6291983112,POINT (-87.629198311188 41.89677321535)
O1784394,BICYCLE,dcb576713a242c5730af3a44748760f0de771cd933962d602db0a0e3da3a9bc155c0f99f1afe40f8f3d50d0e33c9a52a3bd0deec801472511158bfb295927a22,03/25/2024 11:16:00 AM,M,32.0,HELMET NOT USED,WORKING IN ROADWAY,IN ROADWAY,TEST NOT OFFERED,,30,CLEAR,DAYLIGHT,PEDALCYCLIST,ONE-WAY,STRAIGHT AND LEVEL,DRY,INJURY AND / OR TOW DUE TO CRASH,JACKSON BLVD,41.8780517092,-87.6297068059,POINT (-87.629706805879 41.87805170921)
O1784596,BICYCLE,9680961ca7ed53cb0da2b3aead8fe9ff37e8e012e935a0f4b111b121ddc4433bcd10b4d7d8f036b30e350340f0340c6df1d1a333c2cea75f0cafb9434f7a79f9,03/25/2024 07:50:00 AM,F,26.0,HELMET NOT USED,CROSSING - WITH SIGNAL,BIKE LANE,TEST NOT OFFERED,,30,CLEAR,DAYLIGHT,PEDALCYCLIST,FOUR WAY,STRAIGHT AND LEVEL,UNKNOWN,INJURY AND / OR TOW DUE TO CRASH,HARRISON ST,41.8743821158,-87.6326949952,POINT (-87.632694995162 41.874382115838)
O1785024,NON-MOTOR VEHICLE,1380580f3cfb28cb19f5cf03a9d85024b6baa57ae29ed0eb899115f487782518a66b84793c6ab5175c72760161ed79a8bbc0361926c43bc46f6cc75d2e7e4c2f,03/25/2024 07:00:00 AM,,,NONE PRESENT,,,TEST NOT OFFERED,,15,UNKNOWN,UNKNOWN,FIXED OBJECT,NOT DIVIDED,STRAIGHT AND LEVEL,DRY,NO INJURY / DRIVE AWAY,FULLERTON AVE,41.9241891458,-87.7582297412,POINT (-87.758229741226 41.924189145832)
O1783879,NON-MOTOR VEHICLE,291cd1f6bd2447dcdd812bf00f527ce30a07ac1ec0e01034ce1ee7938c8bdec8493e27a7a78eed31d93d664f72d83a4b423c0aaba39db24cf36108b25525e6f0,03/24/2024 08:55:00 AM,M,31.0,,,,TEST NOT OFFERED,,30,CLEAR,DAYLIGHT,OTHER OBJECT,DIVIDED - W/MEDIAN (NOT RAISED),STRAIGHT AND LEVEL,DRY,INJURY AND / OR TOW DUE TO CRASH,BLUE ISLAND AVE,41.8639502324,-87.6557899192,POINT (-87.655789919178 41.863950232399)
O1783678,BICYCLE,0c08fc9ad421bc217342fe2b70a71dc42a7a5e7eb919a43ef7d1c10d4f7bd188f24fbfd5c55af36c85d0b2ecee437602ed67351b1033296536e25fd7b289b148,03/23/2024 08:00:00 PM,M,27.0,BICYCLE HELMET (PEDACYCLIST INVOLVED ONLY),UNKNOWN/NA,IN ROADWAY,TEST NOT OFFERED,,25,CLEAR,"DARKNESS, LIGHTED ROAD",PEDALCYCLIST,DIVIDED - W/MEDIAN (NOT RAISED),STRAIGHT AND LEVEL,DRY,INJURY AND / OR TOW DUE TO CRASH,DIVERSEY AVE,41.9320877474,-87.7123858295,POINT (-87.712385829513 41.932087747379)
O1784969,NON-MOTOR VEHICLE,49daf1bc6d0c78f76e8bbf40f58dbda8eef95502f832fdc589da2db5d221b437c7f15e3647eec6fdd0fa9dd9348be69aeda0a9a1b728c751fa8cbf9d8a80f846,03/23/2024 07:19:00 PM,,,NONE PRESENT,UNKNOWN/NA,UNKNOWN/NA,,,30,UNKNOWN,UNKNOWN,FIXED OBJECT,UNKNOWN,STRAIGHT AND LEVEL,UNKNOWN,NO INJURY / DRIVE AWAY,CULLERTON ST,41.8548799499,-87.6711429774,POINT (-87.671142977384 41.854879949855)
O1783611,BICYCLE,69ee3536506e6194a5f6e980212b99b8ce6519606ddefda3c80c87a2a6315a16917cecd8488eefdbe8b6890a3acda16a0a579c0e11be2af117a2eb933ed0b6cf,03/23/2024 06:00:00 PM,M,15.0,HELMET NOT USED,WITH TRAFFIC,BIKE LANE,TEST NOT OFFERED,,30,CLEAR,DAYLIGHT,PEDALCYCLIST,NOT DIVIDED,STRAIGHT AND LEVEL,DRY,INJURY AND / OR TOW DUE TO CRASH,CHICAGO AVE,41.8956517673,-87.6857298996,POINT (-87.685729899584 41.895651767277)
O1784635,BICYCLE,8b70a57f2d856c77a246aeebee0969efdd2818d7adfa1b926b099ff68755a4df74aa5a633f949c479e31768927565d1678be406154fcde454bbaf71f18fdde91,03/23/2024 12:30:00 AM,M,25.0,HELMET NOT USED,UNKNOWN/NA,BIKEWAY,TEST NOT OFFERED,Y,30,CLEAR,DARKNESS,PEDALCYCLIST,FOUR WAY,STRAIGHT AND LEVEL,UNKNOWN,INJURY AND / OR TOW DUE TO CRASH,ROOSEVELT RD,41.8670865559,-87.6438722331,POINT (-87.643872233083 41.867086555936)
O1783152,BICYCLE,c18d3a9079bac05959f01140bd1941232d0c23627640a009fe2f9b6773f31557bc6284e7be83a51aaa49578e5954f96dce508f42477512eb5d400f0eceb88cd3,03/23/2024 12:05:00 AM,F,63.0,HELMET NOT USED,CROSSING - AGAINST SIGNAL,IN CROSSWALK,TEST NOT OFFERED,,30,CLEAR,"DARKNESS, LIGHTED ROAD",PEDALCYCLIST,RAMP,STRAIGHT AND LEVEL,DRY,NO INJURY / DRIVE AWAY,CERMAK RD,41.8529769859,-87.6309693986,POINT (-87.630969398558 41.85297698594)
O1782953,BICYCLE,168838304c22afdde5705a419acadc747849dd9971f443d451e6492d01ca820feccdcb0de730a763281c3ae3b1fd05ce17eba79e3a16ca3ab45b5c88a415e992,03/22/2024 05:26:00 PM,M,51.0,BICYCLE HELMET (PEDACYCLIST INVOLVED ONLY),CROSSING - WITH SIGNAL,BIKE LANE,TEST NOT OFFERED,,30,SNOW,DUSK,PEDALCYCLIST,T-INTERSECTION,STRAIGHT AND LEVEL,WET,NO INJURY / DRIVE AWAY,FOSTER AVE,41.9753218123,-87.7377419616,POINT (-87.737741961612 41.975321812334)
O1782947,BICYCLE,2eb2e5eac28c5b7d31618f2389ebfd8c3ed07a7f51c980d77d86f8a9f0e806ea5784ec5abbf8b6eae5e0ac14bb2085c86c955874dfc00c3b0f0502ccf40be78b,03/22/2024 04:06:00 PM,M,28.0,HELMET NOT USED,UNKNOWN/NA,IN ROADWAY,TEST NOT OFFERED,,30,SNOW,DAYLIGHT,PEDALCYCLIST,FOUR WAY,STRAIGHT AND LEVEL,SNOW OR SLUSH,INJURY AND / OR TOW DUE TO CRASH,ESTES AVE,42.0113042406,-87.6743288099,POINT (-87.674328809942 42.011304240578)
O1782805,BICYCLE,9b5252171f5a47155a1714eac245d1e32e1a8b08efb02ec9cc39a0cd77435f1277b847538c0a79e966db71905cee1c678e66fadf1d71d3aad5e24ded09560067,03/22/2024 03:25:00 PM,M,40.0,BICYCLE HELMET (PEDACYCLIST INVOLVED ONLY),CROSSING - NO CONTROLS (NOT AT INTERSECTION),IN CROSSWALK,,,30,SNOW,DAYLIGHT,PEDALCYCLIST,NOT DIVIDED,STRAIGHT AND LEVEL,DRY,NO INJURY / DRIVE AWAY,HALSTED ST,41.8377364586,-87.6464167637,POINT (-87.646416763692 41.837736458648)
O1782851,NON-MOTOR VEHICLE,4fb172e282106d2d18eddc7304c253c39b893f0fd48a63482661f69b7f2cdc4b6211a1fbf0cc663b610d6618764e6d58f9ed0635b075ee7bf056002544d9235b,03/22/2024 02:09:00 PM,M,43.0,NONE PRESENT,NO ACTION,IN ROADWAY,TEST NOT OFFERED,,30,UNKNOWN,DAYLIGHT,SIDESWIPE SAME DIRECTION,NOT DIVIDED,STRAIGHT AND LEVEL,UNKNOWN,INJURY AND / OR TOW DUE TO CRASH,PULASKI RD,41.9107144764,-87.7262104228,POINT (-87.726210422815 41.910714476418)
O1782732,BICYCLE,db2dcb842ab5988c367a8da0908e5825e522cf03df31b02129bc9dda5e1d9e35dec94d9dc6195c92a7e8bcc016cccee5af867436ad441167e65f88ac0fee13c6,03/21/2024 06:30:00 PM,M,,HELMET NOT USED,WITH TRAFFIC,BIKE LANE,TEST NOT OFFERED,,30,CLEAR,DAYLIGHT,PEDALCYCLIST,NOT DIVIDED,STRAIGHT AND LEVEL,UNKNOWN,NO INJURY / DRIVE AWAY,WILSON AVE,41.9655519118,-87.6539298563,POINT (-87.65392985631 41.965551911825)
O1782335,BICYCLE,1c8de9038e56bf7160235c62f5d8871b444781bc222982705071d14a1816a806dce0c8d2c01eb77ad678ae5e046d9f1b42730c066eeee3bdaedb577b7c1a80a0,03/21/2024 05:20:00 PM,M,,HELMET NOT USED,ENTER FROM DRIVE/ALLEY,IN ROADWAY,TEST NOT OFFERED,,25,CLEAR,DAYLIGHT,PEDALCYCLIST,ONE-WAY,STRAIGHT AND LEVEL,DRY,NO INJURY / DRIVE AWAY,BYRON ST,41.9522171355,-87.6791812831,POINT (-87.67918128313 41.952217135522)
O1782267,BICYCLE,c59070bd8bf9eefaaab0c326e9aed1bd5dc32c9e4d32d04f6de81815bd42cca3cc5dfc059cbb7acc85440d3912be4991739cfbbe498dee017e8a247d49f3f9b5,03/21/2024 05:06:00 PM,M,42.0,HELMET NOT USED,CROSSING - NO CONTROLS (NOT AT INTERSECTION),IN ROADWAY,TEST NOT OFFERED,,30,CLEAR,DAYLIGHT,PEDALCYCLIST,DIVIDED - W/MEDIAN (NOT RAISED),STRAIGHT AND LEVEL,DRY,INJURY AND / OR TOW DUE TO CRASH,DAMEN AVE,41.890379269,-87.6767489318,POINT (-87.676748931808 41.890379269014)
O1782011,NON-MOTOR VEHICLE,108b07a0629f047e78979d3b01039a8a19a736e9f63dd3e8e5048ac5c34c456783a46f9395a3075ed696c7d8eccaeb44d7df3c4f09a8e37911fee192225f141f,03/21/2024 08:15:00 AM,F,,NONE PRESENT,CROSSING - NO CONTROLS (AT INTERSECTION),IN CROSSWALK,TEST NOT OFFERED,,30,CLEAR,DAYLIGHT,OTHER OBJECT,ONE-WAY,STRAIGHT AND LEVEL,DRY,INJURY AND / OR TOW DUE TO CRASH,CHRISTIANA AVE,41.786277977,-87.7071678928,POINT (-87.707167892784 41.786277977027)
O1782012,NON-MOTOR VEHICLE,108b07a0629f047e78979d3b01039a8a19a736e9f63dd3e8e5048ac5c34c456783a46f9395a3075ed696c7d8eccaeb44d7df3c4f09a8e37911fee192225f141f,03/21/2024 08:15:00 AM,F,9.0,NONE PRESENT,CROSSING - NO CONTROLS (AT INTERSECTION),IN CROSSWALK,TEST NOT OFFERED,,30,CLEAR,DAYLIGHT,OTHER OBJECT,ONE-WAY,STRAIGHT AND LEVEL,DRY,INJURY AND / OR TOW DUE TO CRASH,CHRISTIANA AVE,41.786277977,-87.7071678928,POINT (-87.707167892784 41.786277977027)
O1782041,BICYCLE,0e7825d20950ba2f325af6ca144ad71380be18eeba2aca898b41816d0350d1d30aa1d3bfda75b623b31e7d216551d1be623c239dcffc208dd7edf800f82768a4,03/21/2024 07:20:00 AM,M,,HELMET NOT USED,UNKNOWN/NA,IN CROSSWALK,TEST NOT OFFERED,,25,CLOUDY/OVERCAST,DAYLIGHT,PEDALCYCLIST,ONE-WAY,STRAIGHT AND LEVEL,DRY,NO INJURY / DRIVE AWAY,NEW ENGLAND AVE,41.9090822409,-87.797354071,POINT (-87.797354070992 41.909082240886)
O1782429,BICYCLE,4ade2f3bb3f1fb324c5eebb68a74fd77aa184cf6ca5f74ff08938bb673ce597042521983093661c11914fce5cf6285167266af263bddd850e9b1d7702ee5bb3e,03/20/2024 01:33:00 PM,M,24.0,HELMET NOT USED,ENTER FROM DRIVE/ALLEY,IN ROADWAY,TEST NOT OFFERED,,30,CLEAR,DAYLIGHT,PEDALCYCLIST,ONE-WAY,STRAIGHT AND LEVEL,DRY,INJURY AND / OR TOW DUE TO CRASH,SANGAMON ST,41.7505805414,-87.6475352516,POINT (-87.647535251621 41.750580541374)
O1781400,BICYCLE,2e220309502c633965b4e98331c1c5eb3fe1f0ed921198e334c5fad9dcae9d7611a784b62514edc46e847d4903240bfaea4dae9f71526983ea36a3d3db0c1c7b,03/20/2024 10:22:00 AM,M,33.0,HELMET NOT USED,UNKNOWN/NA,UNKNOWN/NA,TEST NOT OFFERED,,30,CLEAR,DAYLIGHT,PEDALCYCLIST,ALLEY,STRAIGHT AND LEVEL,UNKNOWN,INJURY AND / OR TOW DUE TO CRASH,GARFIELD BLVD,41.7948202079,-87.6216162386,POINT (-87.621616238585 41.794820207892)
O1781208,NON-MOTOR VEHICLE,048b6ca8a503c11ae1f24d46e20d6e34e45208d808e20ab229f5ff0bf079c777c2b8c4ea22a6c8349d1bf3d1d1fb78163fa03a88725f4bf6e920f361f1a16a60,03/20/2024 03:15:00 AM,,,,,,,,30,CLEAR,DARKNESS,OTHER OBJECT,OTHER,STRAIGHT AND LEVEL,DRY,NO INJURY / DRIVE AWAY,STONY ISLAND AVE,41.7634897118,-87.5857087083,POINT (-87.585708708293 41.763489711842)
O1781096,BICYCLE,e3e57570fec221257e53c3647ab4a5bdf38ff17fd755163babb2edcc8ad8a97e143ff546fccfb6e952b01d201a633ab5c78b7728b11f270589d041fc521db0c7,03/19/2024 07:30:00 PM,M,68.0,HELMET NOT USED,CROSSING - NO CONTROLS (AT INTERSECTION),IN CROSSWALK,TEST NOT OFFERED,,30,CLEAR,"DARKNESS, LIGHTED ROAD",PEDALCYCLIST,FOUR WAY,STRAIGHT AND LEVEL,DRY,NO INJURY / DRIVE AWAY,AINSLIE ST,41.9701821722,-87.7273986454,POINT (-87.727398645407 41.970182172155)
O1781098,BICYCLE,d21555d046d88b1e65ddb2333d3c9c6d3f75e22d10910ddeb7dde86a77f7e3f1fa51136f5143a4a1840077d00495dd9ab90a54b1bb3377224e58457cc2701c97,03/19/2024 05:30:00 PM,M,24.0,HELMET NOT USED,WITH TRAFFIC,BIKE LANE,TEST NOT OFFERED,,30,CLEAR,DAYLIGHT,PEDALCYCLIST,NOT DIVIDED,STRAIGHT AND LEVEL,DRY,NO INJURY / DRIVE AWAY,MILWAUKEE AVE,41.9377713337,-87.7219098455,POINT (-87.721909845526 41.937771333668)
O1780829,BICYCLE,836944016f36d69a36ef5f5636ac6ebe202e30dfb5d7a73de6ecaa5837dfce506c30b940063894dfab0ac0987b5fe91e83848150192768290adf9a03248651df,03/19/2024 01:40:00 PM,F,,HELMET NOT USED,UNKNOWN/NA,UNKNOWN/NA,TEST NOT OFFERED,,10,CLEAR,DAYLIGHT,PEDALCYCLIST,ALLEY,STRAIGHT AND LEVEL,DRY,NO INJURY / DRIVE AWAY,BELLE PLAINE AVE,41.9558777413,-87.702024849,POINT (-87.702024849037 41.95587774129)
O1788993,BICYCLE,93b2f7cf50ae5b576a13bcd88d314ce203fbe8001ea6e0a14d2f012597139dad67809c639dea72b78a7a485c8390a491de2ee9f372277d555cb01117ff171ff1,03/19/2024 11:10:00 AM,M,28.0,HELMET NOT USED,NO ACTION,SHOULDER,TEST NOT OFFERED,,30,CLEAR,DAYLIGHT,PEDALCYCLIST,NOT DIVIDED,STRAIGHT AND LEVEL,DRY,INJURY AND / OR TOW DUE TO CRASH,PULASKI RD,41.8947655404,-87.7259174034,POINT (-87.725917403434 41.894765540366)
O1780590,BICYCLE,9f27faccb4c528e167be461f79b90422f54ce275254435363c41fd31494de4d87e4f0e8a2c228519a45d65d4eeef9e71dc695ac4605e1bd53767b54c93882f36,03/19/2024 07:45:00 AM,M,39.0,BICYCLE HELMET (PEDACYCLIST INVOLVED ONLY),WITH TRAFFIC,BIKE LANE,TEST NOT OFFERED,,30,CLEAR,DAYLIGHT,PEDALCYCLIST,ONE-WAY,STRAIGHT AND LEVEL,DRY,INJURY AND / OR TOW DUE TO CRASH,GRACE ST,41.9506400791,-87.6771161188,POINT (-87.677116118789 41.950640079093)
O1780240,BICYCLE,9cd8f35e23a4fe63e200d16e8089286f62d152842e08ede65330d0b1f8ed8ab1cac9d444187b86c239373899fa7d522526f0d6d61473a1fcf94c347882df5465,03/18/2024 04:00:00 PM,F,22.0,HELMET NOT USED,AGAINST TRAFFIC,UNKNOWN/NA,TEST NOT OFFERED,,30,CLEAR,DAYLIGHT,PEDALCYCLIST,NOT DIVIDED,STRAIGHT AND LEVEL,DRY,NO INJURY / DRIVE AWAY,ADDISON ST,41.9465425148,-87.7024758312,POINT (-87.702475831209 41.946542514774)
O1781371,BICYCLE,94403f03e89e666d2dd710322470cc913126c1333b11013ca39d5bd5230bc0e8a8a60bc1a37f052737a9046e6fe4d0ec0d1ee866acdf17eff09c2f041edb70f6,03/17/2024 09:00:00 PM,M,42.0,HELMET NOT USED,WITH TRAFFIC,BIKEWAY,TEST NOT OFFERED,Y,30,UNKNOWN,"DARKNESS, LIGHTED ROAD",PEDALCYCLIST,NOT DIVIDED,STRAIGHT AND LEVEL,UNKNOWN,INJURY AND / OR TOW DUE TO CRASH,HALSTED ST,41.9439802544,-87.6492385995,POINT (-87.649238599474 41.943980254412)
O1779426,NON-MOTOR VEHICLE,97e6898c9f59f7665065542c1ec04e23f1128d58240a20ba787d106b8b4fb51c1daaa849bbf0e869026cafbdc4af13a628be5bc3c2b22e72bce16b11b78e1696,03/17/2024 12:50:00 PM,X,,NONE PRESENT,UNKNOWN/NA,UNKNOWN/NA,TEST NOT OFFERED,,30,CLEAR,DAYLIGHT,PARKED MOTOR VEHICLE,ONE-WAY,STRAIGHT AND LEVEL,DRY,INJURY AND / OR TOW DUE TO CRASH,28TH ST,41.8404937677,-87.7220680834,POINT (-87.722068083391 41.840493767677)
O1779406,BICYCLE,33b784f9a1a95a136306880780ee31163f215f153c0a8af48d8d56175aa3bee73734e076284ff147a721ce42ee71265a838a5225e737553f785b0982c55d51e9,03/17/2024 11:50:00 AM,M,,BICYCLE HELMET (PEDACYCLIST INVOLVED ONLY),WITH TRAFFIC,BIKEWAY,TEST NOT OFFERED,,30,CLEAR,DAYLIGHT,PEDALCYCLIST,NOT DIVIDED,STRAIGHT AND LEVEL,DRY,INJURY AND / OR TOW DUE TO CRASH,MILWAUKEE AVE,41.907970608,-87.6734763954,POINT (-87.67347639535 41.907970607999)
O1779059,BICYCLE,02250526f444759ee092abff4d4d612a825703303589c036748013280ff8bc05910634c322bc8808ed25e1ac0968a2c9a32af5cf095d25c226c71b183c9ade32,03/17/2024 12:24:00 AM,M,42.0,BICYCLE HELMET (PEDACYCLIST INVOLVED ONLY),PARKED VEHICLE,IN ROADWAY,TEST NOT OFFERED,,30,CLEAR,"DARKNESS, LIGHTED ROAD",PEDALCYCLIST,NOT DIVIDED,STRAIGHT AND LEVEL,DRY,INJURY AND / OR TOW DUE TO CRASH,SOUTHPORT AVE,41.9321168258,-87.6636988156,POINT (-87.663698815589 41.932116825833)
O1778974,BICYCLE,3c43c8d4279b5dff4329572a23a87a976bf4e28afb8872d9f9788acc861d1e82be18d8375b2ba1bfab79d2f8a0ef93a86403dd22e4b96bc102d1146749ff432f,03/16/2024 08:35:00 PM,M,,HELMET NOT USED,STANDING IN ROADWAY,IN ROADWAY,TEST NOT OFFERED,,30,CLEAR,DARKNESS,PEDALCYCLIST,ONE-WAY,STRAIGHT AND LEVEL,DRY,NO INJURY / DRIVE AWAY,LONG AVE,41.9516943471,-87.7621716918,POINT (-87.762171691841 41.951694347068)
O1778932,BICYCLE,8351ea4696b57cbbf87114e85019781b83fa4dddf5b2bbeb01ba417032772769b5eedd58aa7b0b5af0c3280cb60e60aa865c5aeafc9c6489aebd083c7845339d,03/16/2024 07:15:00 PM,F,37.0,BICYCLE HELMET (PEDACYCLIST INVOLVED ONLY),WITH TRAFFIC,BIKE LANE,TEST NOT OFFERED,,25,CLEAR,DUSK,PEDALCYCLIST,NOT DIVIDED,STRAIGHT AND LEVEL,DRY,NO INJURY / DRIVE AWAY,MILWAUKEE AVE,41.9091269881,-87.6752852022,POINT (-87.675285202161 41.909126988092)
O1779368,BICYCLE,5a981e01f3be59b71696e0e738306e46f7a940d4d4bd46bf6eb2dcd261c316e1ef3bf95d28527c8da20ef55d4ad718b0e09174c0d7d9e4fe33e9083f8a4e022a,03/16/2024 07:00:00 PM,X,,BICYCLE HELMET (PEDACYCLIST INVOLVED ONLY),WITH TRAFFIC,UNKNOWN/NA,TEST NOT OFFERED,,30,UNKNOWN,"DARKNESS, LIGHTED ROAD",PEDALCYCLIST,NOT DIVIDED,STRAIGHT AND LEVEL,UNKNOWN,NO INJURY / DRIVE AWAY,MILWAUKEE AVE,41.9126661833,-87.6807807836,POINT (-87.680780783648 41.912666183278)
O1778927,BICYCLE,d77e193f0fa88d70ff51c7bf69cc3a80b8a6be7c818fbbcb699d0cd0b4e93d3fd73213ae1c6c897b032f94f273cebeca8049a6e3162c42a87f483e17f78c1fc6,03/16/2024 06:58:00 PM,M,,HELMET NOT USED,WITH TRAFFIC,BIKE LANE,TEST NOT OFFERED,,30,CLEAR,DUSK,PEDALCYCLIST,NOT DIVIDED,STRAIGHT AND LEVEL,UNKNOWN,NO INJURY / DRIVE AWAY,CLARK ST,41.9249723127,-87.640252154,POINT (-87.640252154022 41.924972312718)
O1778905,BICYCLE,1d3ad2809c6519813c81c0d3f4f647defbb3882b53e36b79e001a9d95411e1601c50e51435dad56299e09cca3404b221b046382996f584c05a8bf1570a5e995f,03/16/2024 06:22:00 PM,M,17.0,HELMET NOT USED,WITH TRAFFIC,BIKE LANE,TEST NOT OFFERED,,30,CLEAR,DAYLIGHT,PEDALCYCLIST,NOT DIVIDED,STRAIGHT AND LEVEL,DRY,INJURY AND / OR TOW DUE TO CRASH,18TH ST,41.8580685427,-87.6561164662,POINT (-87.656116466222 41.858068542719)
O1778824,BICYCLE,414c3eac50f3d09110a2033f1b2521c4e471ab1fdac6f11cc9fb8b72c10e60b4423fc92c32cad10154b9553ae452c04fccad704f25bd968338e9afd9e624d032,03/16/2024 03:00:00 PM,F,34.0,HELMET NOT USED,UNKNOWN/NA,IN CROSSWALK,TEST NOT OFFERED,,30,CLOUDY/OVERCAST,DAYLIGHT,PEDALCYCLIST,NOT DIVIDED,STRAIGHT AND LEVEL,DRY,INJURY AND / OR TOW DUE TO CRASH,CERMAK RD,41.852207529,-87.6808074147,POINT (-87.680807414749 41.852207528974)
O1778532,BICYCLE,9b587abc9ffa404874e745a086f52cdc1df18c30400bcf108c18e8ef772681bd365f16e1da5b9d8734deb3def9a9fd3bbdd644cbf8efca059f7f9ebbf8454918,03/16/2024 10:45:00 AM,M,24.0,HELMET NOT USED,WITH TRAFFIC,BIKE LANE,TEST NOT OFFERED,,30,CLEAR,DAYLIGHT,PEDALCYCLIST,DIVIDED - W/MEDIAN (NOT RAISED),STRAIGHT AND LEVEL,DRY,INJURY AND / OR TOW DUE TO CRASH,LAWRENCE AVE,41.9686506799,-87.6788572746,POINT (-87.678857274624 41.968650679929)
O1779581,NON-MOTOR VEHICLE,251c52d1d39de73c9f0489dd5d93f538e0332b82e1fa49f15b2af65ebab4dcdb0390380fb1e2d48627d1630769814d2817ef780c96428a3a6381c857b522e655,03/16/2024 10:00:00 AM,M,16.0,NONE PRESENT,,IN CROSSWALK,TEST NOT OFFERED,,30,CLEAR,DAYLIGHT,OTHER OBJECT,ONE-WAY,STRAIGHT AND LEVEL,DRY,INJURY AND / OR TOW DUE TO CRASH,AVERS AVE,41.9610116243,-87.724305878,POINT (-87.724305878031 41.961011624251)
O1778488,BICYCLE,3df476a38e26f87b1af5c943e85c8814ee6f9f8dc300c9fb748b5eb1cf312dd826bb50be4f102f2cbf4f2039effc468a2c4c5a50893a376f617d5824c2333cfd,03/16/2024 09:32:00 AM,F,33.0,BICYCLE HELMET (PEDACYCLIST INVOLVED ONLY),CROSSING - WITH SIGNAL,IN ROADWAY,TEST NOT OFFERED,,25,CLEAR,DAYLIGHT,PEDALCYCLIST,T-INTERSECTION,STRAIGHT AND LEVEL,DRY,INJURY AND / OR TOW DUE TO CRASH,OGDEN AVE,41.8963213282,-87.6547501874,POINT (-87.654750187434 41.896321328222)
O1778344,BICYCLE,4b6a082695d26cfc9a6c77844b890feac53d01b4a8597e73877684351062a9c690e9ba29999f2dcf77986432dd644e4d6e48dfa93e41062bc092855539650588,03/16/2024 01:35:00 AM,M,32.0,HELMET NOT USED,WITH TRAFFIC,BIKE LANE,TEST NOT OFFERED,,30,CLEAR,"DARKNESS, LIGHTED ROAD",PEDALCYCLIST,DIVIDED - W/MEDIAN (NOT RAISED),STRAIGHT AND LEVEL,DRY,INJURY AND / OR TOW DUE TO CRASH,DAMEN AVE,41.896005356,-87.6772019335,POINT (-87.677201933472 41.896005356031)
O1778665,BICYCLE,7fd5470706a5aad8c69c642de112f1f9161dba03a6c59fac9e537f40c5cef05067d88f854ab8ce7947ef4d2d2a233e8b2c510ce7edbdffea182120347847e8a5,03/15/2024 10:12:00 PM,M,17.0,HELMET NOT USED,WITH TRAFFIC,BIKEWAY,TEST NOT OFFERED,,30,CLEAR,"DARKNESS, LIGHTED ROAD",PEDALCYCLIST,DIVIDED - W/MEDIAN (NOT RAISED),STRAIGHT AND LEVEL,DRY,INJURY AND / OR TOW DUE TO CRASH,HALSTED ST,41.8902837845,-87.6474583858,POINT (-87.647458385782 41.890283784478)
O1778256,NON-MOTOR VEHICLE,e960f54a2755c48298c7d5de22632d7779f5244c5abc299f931fadd544b93f23e99f6fe30ecbfcc4896c84c60c79c4658e23709983689d4bcf6c985accca4d99,03/15/2024 09:06:00 PM,M,35.0,NONE PRESENT,CROSSING - NO CONTROLS (AT INTERSECTION),IN ROADWAY,TEST NOT OFFERED,,30,CLEAR,DARKNESS,OTHER OBJECT,NOT DIVIDED,STRAIGHT AND LEVEL,DRY,INJURY AND / OR TOW DUE TO CRASH,CHICAGO AVE,41.8966975103,-87.6353593118,POINT (-87.635359311784 41.89669751035)
O1778122,BICYCLE,3ca4c14d8ab20ad52123cac9e7792f23f1772bbfcc61ec5ddb89da95a1779a8f4b849231bf8eb6e8a71bed22a71b0898e8742980fd6ce67ceba8fab0348ecd92,03/15/2024 05:40:00 PM,,,BICYCLE HELMET (PEDACYCLIST INVOLVED ONLY),UNKNOWN/NA,IN ROADWAY,TEST NOT OFFERED,,35,CLEAR,DAYLIGHT,PEDALCYCLIST,DIVIDED - W/MEDIAN BARRIER,STRAIGHT AND LEVEL,DRY,NO INJURY / DRIVE AWAY,HALSTED ST,41.8318158454,-87.6462779286,POINT (-87.646277928607 41.831815845388)