PERSON_ID,PERSON_TYPE,CRASH_RECORD_ID,CRASH_DATE_x,SEX,AGE,SAFETY_EQUIPMENT,PEDPEDAL_ACTION,PEDPEDAL_LOCATION,BAC_RESULT,CRASH_DATE_EST_I,POSTED_SPEED_LIMIT,WEATHER_CONDITION,LIGHTING_CONDITION,FIRST_CRASH_TYPE,TRAFFICWAY_TYPE,ALIGNMENT,ROADWAY_SURFACE_COND,CRASH_TYPE,STREET_NAME,LATITUDE,LONGITUDE,LOCATION
O1779525,BICYCLE,44b3d809d443c660feae3f65a6b99d09fb3e2a3ea421a49a9d83cccc9fd11ea93b7332d76ff08f0a25830efe914db4c693713654e63bee6751966aca6a769967,03/14/2024 10:08:00 PM,M,22.0,HELMET NOT USED,CROSSING - WITH SIGNAL,IN CROSSWALK,,,30,CLEAR,"DARKNESS, LIGHTED ROAD",PEDALCYCLIST,T-INTERSECTION,STRAIGHT AND LEVEL,DRY,INJURY AND / OR TOW DUE TO CRASH,PERSHING RD,41.8232207071,-87.6751544847,POINT (-87.675154484737 41.823220707077)
O1777560,BICYCLE,d902e9c620f04c001b170c0f7d3aa311c78d55dfd25c1953f4cbbe3f4c1786b45c2c121affa64c0057c838e4720df38967481b25daf871fe5277a6fcbc67f634,03/14/2024 07:12:00 PM,M,15.0,HELMET NOT USED,AGAINST TRAFFIC,IN CROSSWALK,TEST NOT OFFERED,,30,CLEAR,DARKNESS,PEDALCYCLIST,NOT DIVIDED,STRAIGHT AND LEVEL,DRY,INJURY AND / OR TOW DUE TO CRASH,MARQUETTE RD,41.7715657852,-87.7029028648,POINT (-87.702902864829 41.771565785245)
O1777527,BICYCLE,ed2677cc6817ce2c293065e0661d532265d788e5bb5b6233aa72999e9d7e0fe2ec330f116ed44cc02ec95b52706046e8a79e4362ea5023c862f4d1c83fb6145a,03/14/2024 05:02:00 PM,F,27.0,BICYCLE HELMET (PEDACYCLIST INVOLVED ONLY),WITH TRAFFIC,IN CROSSWALK,TEST NOT OFFERED,,30,CLEAR,DAYLIGHT,PEDALCYCLIST,NOT DIVIDED,STRAIGHT AND LEVEL,UNKNOWN,NO INJURY / DRIVE AWAY,GREENVIEW AVE,41.9540992983,-87.6676489221,POINT (-87.667648922138 41.954099298294)
O1777196,BICYCLE,b0b4e89324437c1cb342de655f29dfc99cf35c73eff55eb2a32b3ecaf43620d0359963e5f5601bdf980f0522a540693cbdf0f106431f4e0502b36a13e78d9066,03/14/2024 11:15:00 AM,M,37.0,BICYCLE HELMET (PEDACYCLIST INVOLVED ONLY),CROSSING - CONTROLS PRESENT (NOT AT INTERSECTION),IN CROSSWALK,TEST NOT OFFERED,,30,CLEAR,DAYLIGHT,PEDALCYCLIST,NOT DIVIDED,STRAIGHT AND LEVEL,WET,INJURY AND / OR TOW DUE TO CRASH,DIVISION ST,41.9033417952,-87.6746742112,POINT (-87.674674211155 41.903341795159)
O1785816,NON-MOTOR VEHICLE,7d2c8d44e52e18a8d1932b87af3a518cfc11bea0eea63ef41e7ae1f491e6672375a78017a3b20ae7572caffb327656c932a38533137750ac2016fa3020367ee2,03/13/2024 07:44:00 PM,,,,,,,,30,CLEAR,"DARKNESS, LIGHTED ROAD",OTHER OBJECT,NOT DIVIDED,STRAIGHT AND LEVEL,DRY,NO INJURY / DRIVE AWAY,MAYPOLE AVE,41.8846645501,-87.7365342898,POINT (-87.7365342898 41.884664550093)
O1776868,BICYCLE,67defcbae1293b3775d995d63734b1503e7814088d81eda3dae9b87512ec46aff0a13e7f6bad343b12d0ac95445e135eb439f13488086fd80171d943acf05f25,03/13/2024 06:40:00 PM,F,24.0,BICYCLE HELMET (PEDACYCLIST INVOLVED ONLY),WITH TRAFFIC,IN ROADWAY,TEST NOT OFFERED,,30,CLEAR,DAYLIGHT,PEDALCYCLIST,NOT DIVIDED,STRAIGHT AND LEVEL,DRY,INJURY AND / OR TOW DUE TO CRASH,HALSTED ST,41.9175480337,-87.6483352264,POINT (-87.648335226351 41.917548033737)
O1777283,BICYCLE,ee382f8fdb4511410a1286ae5dca4e6dfaf1f03c46324be136e298e514e6a33e06d6d93bdb3945cfee3ca4f2127206392a24ccd6b9fd2fd2ce7c6717fa65d8aa,03/13/2024 06:00:00 PM,M,,BICYCLE HELMET (PEDACYCLIST INVOLVED ONLY),WITH TRAFFIC,SHOULDER,TEST NOT OFFERED,,30,CLEAR,DUSK,PEDALCYCLIST,NOT DIVIDED,STRAIGHT AND LEVEL,DRY,NO INJURY / DRIVE AWAY,RACINE AVE,41.8800877024,-87.6569451868,POINT (-87.65694518679 41.880087702367)
O1776818,BICYCLE,7b85fe148c49350e94302d4a8aa6c03c9a1158a7b49dd2b5b1b01e068e006d333992bb09e93c5fe9efd7a69734bd3249e856bad9ee6b358933f5690f8f8f99fd,03/13/2024 05:18:00 PM,M,,HELMET NOT USED,UNKNOWN/NA,NOT IN ROADWAY,TEST NOT OFFERED,,10,CLEAR,DAYLIGHT,PEDALCYCLIST,PARKING LOT,STRAIGHT AND LEVEL,DRY,NO INJURY / DRIVE AWAY,NORTH AVE,41.9096650487,-87.7516091991,POINT (-87.751609199148 41.909665048658)
O1777686,BICYCLE,f925a5299a6a0d00298bfbe3c8f0d9cc17c3e7955d8936ed9ca001370eb0049fcc8ed8697ec80c16802ac3c33afdf68d5f306e3f646bf93f4089af3d46f16e60,03/13/2024 05:10:00 PM,M,46.0,BICYCLE HELMET (PEDACYCLIST INVOLVED ONLY),WITH TRAFFIC,IN ROADWAY,TEST NOT OFFERED,,30,UNKNOWN,UNKNOWN,PEDALCYCLIST,NOT DIVIDED,STRAIGHT AND LEVEL,UNKNOWN,INJURY AND / OR TOW DUE TO CRASH,RACINE AVE,41.8811058718,-87.6572717875,POINT (-87.657271787537 41.881105871847)
O1778066,BICYCLE,eefe3646d2633c3730b2bfbcd642abd419bf64a4972725d1f723e42844debf85de17bf2ce8d478fa297ee7ad5c3131f41511c30697c393589ff2182f233274d9,03/13/2024 04:45:00 PM,M,,HELMET NOT USED,CROSSING - WITH SIGNAL,BIKEWAY,TEST NOT OFFERED,,30,CLEAR,DAYLIGHT,PEDALCYCLIST,DIVIDED - W/MEDIAN (NOT RAISED),STRAIGHT AND LEVEL,DRY,INJURY AND / OR TOW DUE TO CRASH,RHODES AVE,41.8380346506,-87.6133408341,POINT (-87.61334083414 41.838034650645)
O1776304,BICYCLE,f83ed8758a605211b4f519ce0f6d99a6839bd71c6e5bb843e83ef6325081b39b0166c7dd2517344dacbeedead20b989ac31096b1a816348ed06ee4f69a1914c0,03/12/2024 09:33:00 PM,F,27.0,BICYCLE HELMET (PEDACYCLIST INVOLVED ONLY),UNKNOWN/NA,IN ROADWAY,TEST NOT OFFERED,,30,CLEAR,"DARKNESS, LIGHTED ROAD",PEDALCYCLIST,FOUR WAY,STRAIGHT AND LEVEL,DRY,INJURY AND / OR TOW DUE TO CRASH,BELLE PLAINE AVE,41.9557166517,-87.6933141272,POINT (-87.693314127206 41.955716651724)
O1776281,BICYCLE,1c99217438cbc1a827b7d0f4d3d0ffe682dcadccf7216dfaba15e4f4cf8d1927f2cc10b7e13f7822ad0b1e37575e1edc554d488ad252b4e7b628b9e39eb4ae78,03/12/2024 09:22:00 PM,M,37.0,HELMET NOT USED,WITH TRAFFIC,BIKEWAY,TEST NOT OFFERED,,30,CLEAR,"DARKNESS, LIGHTED ROAD",PEDALCYCLIST,FOUR WAY,STRAIGHT AND LEVEL,DRY,INJURY AND / OR TOW DUE TO CRASH,KEDZIE AVE,41.9685462289,-87.7083281083,POINT (-87.708328108293 41.968546228935)
O1812838,BICYCLE,f83e991e3ad482fd1d189cf6fe3716d97d65c91d62a32203591f1206c29363a89cd3440972bc1058a19eadad97b3dacf362cbabcfe99c9aa12727a2de7812018,03/12/2024 09:15:00 PM,M,39.0,HELMET NOT USED,WITH TRAFFIC,IN ROADWAY,TEST NOT OFFERED,,30,CLEAR,"DARKNESS, LIGHTED ROAD",PEDALCYCLIST,NOT DIVIDED,STRAIGHT AND LEVEL,UNKNOWN,INJURY AND / OR TOW DUE TO CRASH,RAVENSWOOD AVE,41.9758050243,-87.6742522583,POINT (-87.674252258267 41.975805024322)
O1776218,BICYCLE,be48d02152f602b55e7f1a1e084208b8fd8b98ee575b9c03aa3ac8bbd3cd57fb6ceef11a3d34628d2032aa4c7a90998bdc355ff55613a0e79a513ddf4d01edbf,03/12/2024 06:41:00 PM,M,32.0,BICYCLE HELMET (PEDACYCLIST INVOLVED ONLY),WITH TRAFFIC,BIKEWAY,TEST NOT OFFERED,,30,CLEAR,DUSK,PEDALCYCLIST,ONE-WAY,STRAIGHT AND LEVEL,DRY,INJURY AND / OR TOW DUE TO CRASH,WINTHROP AVE,41.9871619721,-87.6579779852,POINT (-87.65797798525 41.987161972131)
O1776179,BICYCLE,b5847a0378a38dff14b9cdd91eb2fc15c6a6401bed827f3c46ba74062e5c55e9838378ba065aef29866547ac0f6fdac246833595f2e0c84fbd54932ea2c87d60,03/12/2024 06:20:00 PM,M,16.0,HELMET NOT USED,CROSSING - WITH SIGNAL,IN CROSSWALK,TEST NOT OFFERED,,30,CLEAR,DAYLIGHT,PEDALCYCLIST,DIVIDED - W/MEDIAN (NOT RAISED),STRAIGHT AND LEVEL,DRY,INJURY AND / OR TOW DUE TO CRASH,ARCHER AVE,41.8443513539,-87.6521186762,POINT (-87.652118676234 41.844351353902)
O1776577,BICYCLE,a4504e06fc6733ee42277e1cf2019ffcc7af519495b7942fefd43cc654dea367d4014bbb65daa5bc6102d3dac17f57cc485ba27fa042d8f51e2dac1589836e94,03/12/2024 03:00:00 PM,M,65.0,HELMET NOT USED,UNKNOWN/NA,IN ROADWAY,TEST NOT OFFERED,,30,UNKNOWN,DAYLIGHT,PEDALCYCLIST,UNKNOWN,STRAIGHT AND LEVEL,UNKNOWN,INJURY AND / OR TOW DUE TO CRASH,STONY ISLAND AVE,41.7822353879,-87.5866511531,POINT (-87.586651153112 41.782235387903)
O1776010,BICYCLE,09c1c590c2679166158be0a2a37ae6c188e864ec1ad356598ff12b10b156d3e6f0190cf950dde14f2bcbd73f430a798ac8f0691ef379153064a150ea8416676d,03/12/2024 02:13:00 PM,M,53.0,BICYCLE HELMET (PEDACYCLIST INVOLVED ONLY),NO ACTION,IN ROADWAY,TEST NOT OFFERED,,25,CLEAR,DAYLIGHT,PEDALCYCLIST,DIVIDED - W/MEDIAN (NOT RAISED),STRAIGHT AND LEVEL,DRY,INJURY AND / OR TOW DUE TO CRASH,CLARK ST,41.9662196297,-87.6667870067,POINT (-87.666787006719 41.966219629742)
O1775766,BICYCLE,a13fc6db76079929606b47643fc9df4e8ff87a5b064a9710a2636bbfae6ced3fd3600203b323192d3a0d68a1c38731006ff454d6e7e31b1802508cd3bbbf29cf,03/12/2024 09:50:00 AM,M,43.0,HELMET NOT USED,WITH TRAFFIC,IN ROADWAY,TEST NOT OFFERED,,30,CLEAR,DAYLIGHT,PEDALCYCLIST,NOT DIVIDED,STRAIGHT AND LEVEL,DRY,NO INJURY / DRIVE AWAY,POLK ST,41.871587772,-87.6763691609,POINT (-87.676369160878 41.871587772024)
O1777426,BICYCLE,aac104bdaea8f6ed082371510187965c0c8fc38b7ddd3e2906bd67019f10203c8b6cab593075a674b883d28f524f61465d1e6c30f7856e143ea34bf97f9ed308,03/11/2024 10:30:00 PM,M,27.0,BICYCLE HELMET (PEDACYCLIST INVOLVED ONLY),WITH TRAFFIC,IN ROADWAY,TEST NOT OFFERED,,30,CLEAR,DARKNESS,PEDALCYCLIST,DIVIDED - W/MEDIAN (NOT RAISED),STRAIGHT AND LEVEL,DRY,INJURY AND / OR TOW DUE TO CRASH,SURF ST,41.9343787188,-87.6433339072,POINT (-87.643333907156 41.934378718767)
O1775399,BICYCLE,5d0e36069a225fb12f57205ba9fca312694acc977445333756029f0e336098d5dade83e6f36dd177f95bf7c75b0c19db09f3c9bb9ee507ad4c030c5019a59cc4,03/11/2024 05:13:00 PM,M,33.0,BICYCLE HELMET (PEDACYCLIST INVOLVED ONLY),CROSSING - WITH SIGNAL,IN CROSSWALK,TEST NOT OFFERED,,30,CLEAR,DAYLIGHT,PEDALCYCLIST,FOUR WAY,STRAIGHT AND LEVEL,DRY,INJURY AND / OR TOW DUE TO CRASH,DIVISION ST,41.9035398755,-87.6617147496,POINT (-87.661714749563 41.903539875488)
O1775345,BICYCLE,cc38372c5f29c3cfe98e3b6421d0ac0cb9144ab6906fdda48b0fbcea58e3fdc0b2a19a6f8278b42b860251a8aab7524afca1032507def7f6886e63805569e014,03/11/2024 04:27:00 PM,M,20.0,HELMET NOT USED,CROSSING - NO CONTROLS (NOT AT INTERSECTION),IN ROADWAY,TEST NOT OFFERED,,30,CLEAR,DAYLIGHT,PEDALCYCLIST,ONE-WAY,STRAIGHT AND LEVEL,DRY,INJURY AND / OR TOW DUE TO CRASH,JACKSON BLVD,41.8774469102,-87.6857866208,POINT (-87.68578662078 41.877446910218)
O1774970,BICYCLE,984a6a27a3b7879c94c6ac0e4f7bf0fdc148378aa90d6770b8ff2ecd26a3fd7039f55b332d8a85e3683b53c37583ebdb37856dd77ce9339d70da08bd61cd45e3,03/11/2024 08:55:00 AM,M,14.0,HELMET NOT USED,NO ACTION,IN ROADWAY,TEST NOT OFFERED,,30,CLEAR,DAYLIGHT,PEDALCYCLIST,NOT DIVIDED,STRAIGHT AND LEVEL,DRY,INJURY AND / OR TOW DUE TO CRASH,LARAMIE AVE,41.9091687135,-87.7557311297,POINT (-87.755731129732 41.909168713451)
O1774763,BICYCLE,054cd858c3da9601d3ab804838b18b261aeeaa3c2e5732e11b4217fc5add1172487fc73d974d7f237fb14d363b49d30c1f3c1e84a715fb4d8ab36d8172d28fc3,03/10/2024 06:30:00 PM,M,64.0,HELMET NOT USED,UNKNOWN/NA,IN ROADWAY,TEST NOT OFFERED,,30,CLEAR,DAYLIGHT,PEDALCYCLIST,FOUR WAY,STRAIGHT AND LEVEL,DRY,INJURY AND / OR TOW DUE TO CRASH,MILWAUKEE AVE,41.9034135016,-87.6663453165,POINT (-87.666345316512 41.903413501569)
O1774175,BICYCLE,09ed32b89cf2750785e15492d962f656ef90b92d21e51f0e43d81c290da8ee3115fe49b4e6b43f40b8f023d088189e884fb8af4b87cfe91a86815d600f326e14,03/09/2024 05:45:00 PM,M,16.0,HELMET NOT USED,UNKNOWN/NA,DRIVEWAY ACCESS,,,30,UNKNOWN,UNKNOWN,PEDALCYCLIST,UNKNOWN,STRAIGHT AND LEVEL,UNKNOWN,NO INJURY / DRIVE AWAY,HARLEM AVE,41.9803417191,-87.8071247151,POINT (-87.80712471507 41.980341719074)
O1774171,BICYCLE,1a7eeecbd0b734dc776a221d301fc35fbcd7ec0185e39a07dc51ffd46df3ce1c815b7d99f73e97e2d2b534aaa98a72b5fabc5056ad9d56f42721839004c50b76,03/09/2024 02:43:00 PM,M,18.0,HELMET NOT USED,CROSSING - CONTROLS PRESENT (NOT AT INTERSECTION),IN CROSSWALK,TEST NOT OFFERED,,25,CLEAR,DAYLIGHT,PEDALCYCLIST,FOUR WAY,STRAIGHT AND LEVEL,DRY,INJURY AND / OR TOW DUE TO CRASH,CALIFORNIA AVE,41.9124292858,-87.6971962528,POINT (-87.697196252818 41.912429285791)
O1774076,BICYCLE,f28b65602feb00c70bba1e4bb0d4b0fde89f3e174b74c328c70f7cfec951474eb3b798626d7a3c6375591c72e2e4559f9632e55db9218285028c63df4d55a2c1,03/09/2024 01:33:00 PM,M,48.0,BICYCLE HELMET (PEDACYCLIST INVOLVED ONLY),WITH TRAFFIC,IN ROADWAY,TEST NOT OFFERED,,25,CLEAR,DAYLIGHT,PEDALCYCLIST,DIVIDED - W/MEDIAN (NOT RAISED),STRAIGHT AND LEVEL,DRY,INJURY AND / OR TOW DUE TO CRASH,ASHLAND BLVD,42.0060922978,-87.669825665,POINT (-87.669825665011 42.006092297822)
O1773961,BICYCLE,a886aea2438efdf3fd15e6a51b4531baeaa7610334a55fefe2fa143abc0475257475e6851ed78242ea4dae319cb7138fe3fb8edccf8d2f1b476535aca4727c05,03/08/2024 09:55:00 PM,F,,HELMET NOT USED,TURNING LEFT,UNKNOWN/NA,TEST NOT OFFERED,,30,RAIN,"DARKNESS, LIGHTED ROAD",PEDALCYCLIST,NOT DIVIDED,STRAIGHT AND LEVEL,WET,NO INJURY / DRIVE AWAY,WILSON AVE,41.9654503145,-87.6615178789,POINT (-87.661517878934 41.96545031452)
O1777787,BICYCLE,6c459f08b93fd1e6e5ccd2df706da463faeffb8913ceb90c93b3fc176ec594ecb5e22033d9c0f7a895dcef1918949cde2b120713572b7bd8bcec8ff2ebee6150,03/08/2024 05:00:00 PM,F,59.0,BICYCLE HELMET (PEDACYCLIST INVOLVED ONLY),WITH TRAFFIC,IN ROADWAY,TEST NOT OFFERED,,20,RAIN,DUSK,PEDALCYCLIST,NOT DIVIDED,STRAIGHT AND LEVEL,WET,NO INJURY / DRIVE AWAY,LONG AVE,41.959731127,-87.7624351177,POINT (-87.762435117671 41.959731126982)
O1773071,NON-MOTOR VEHICLE,ea71176d80b66df10fc95ce9f85ae1c0ce96cba4207274bb32c43e14a2171aa09b00d9cac5d18377dd0cf3c43e48e07153858b5be7c1650504f22951a42c0f12,03/08/2024 10:27:00 AM,M,33.0,NONE PRESENT,OTHER ACTION,UNKNOWN/NA,TEST NOT OFFERED,,30,RAIN,DAYLIGHT,OTHER NONCOLLISION,ONE-WAY,STRAIGHT AND LEVEL,WET,NO INJURY / DRIVE AWAY,CHRISTIANA AVE,41.9488910465,-87.7114094387,POINT (-87.711409438744 41.948891046503)
O1772873,BICYCLE,81220942ffbe948d9686250a37ae94b27994245f727ea3502928408cc2c925a45afeaeada59f4e98a8bc7153398b48b126a112828da220e6f26335a6f7f57f15,03/07/2024 07:24:00 PM,M,53.0,HELMET NOT USED,UNKNOWN/NA,UNKNOWN/NA,TEST NOT OFFERED,,30,CLEAR,DARKNESS,PEDALCYCLIST,NOT DIVIDED,STRAIGHT AND LEVEL,DRY,INJURY AND / OR TOW DUE TO CRASH,WESTERN AVE,41.7646089122,-87.6833870533,POINT (-87.683387053281 41.764608912236)
O1772825,BICYCLE,cc828086e31074c486f7a73a2f03cb874596251422ced0c570a9887dad4e89d069cb6aa6ca919f873a779ab81bf1f116882e3e15b7d1757081ee1d6cc92096c1,03/07/2024 06:30:00 PM,M,29.0,HELMET NOT USED,CROSSING - WITH SIGNAL,IN CROSSWALK,TEST NOT OFFERED,,30,CLEAR,DUSK,PEDALCYCLIST,DRIVEWAY,STRAIGHT AND LEVEL,UNKNOWN,INJURY AND / OR TOW DUE TO CRASH,WESTERN AVE,41.804641245,-87.6845169054,POINT (-87.684516905411 41.804641245012)
O1773340,BICYCLE,c88dd133a716067199d1e5bd20135f75b5e6bb9e92bd5f3e395db744e4c848996e4762e7c133fcb3ba339478ba22dac1175b3a4d32bbc22c6979edb9dc333671,03/07/2024 06:29:00 PM,M,39.0,BICYCLE HELMET (PEDACYCLIST INVOLVED ONLY),NO ACTION,IN ROADWAY,TEST NOT OFFERED,,30,CLEAR,DAYLIGHT,PEDALCYCLIST,NOT DIVIDED,STRAIGHT AND LEVEL,DRY,INJURY AND / OR TOW DUE TO CRASH,BROADWAY,41.9952114602,-87.6602779929,POINT (-87.660277992909 41.995211460222)
O1772589,BICYCLE,76778a35d7a1958f8b86e9a5fed1657bc224b71371cadaa75eca04137832f9d846c3554864967b90d757e90501a878619783a34c0ad09753049a1b15260ea507,03/07/2024 12:20:00 PM,F,41.0,HELMET NOT USED,WITH TRAFFIC,BIKE LANE,TEST NOT OFFERED,,30,CLEAR,DAYLIGHT,PEDALCYCLIST,NOT DIVIDED,STRAIGHT AND LEVEL,DRY,INJURY AND / OR TOW DUE TO CRASH,MILWAUKEE AVE,41.9092359592,-87.6754555411,POINT (-87.675455541103 41.909235959216)
O1772531,BICYCLE,95af5e9cdfda01c303a353b75e03399438c983a0954a45caf40e0dae43a8044100ae52c9802f23f0949cc92f8cc599428120e6eb0e4080e87c307facea1ed200,03/07/2024 11:45:00 AM,M,33.0,HELMET NOT USED,CROSSING - NO CONTROLS (AT INTERSECTION),UNKNOWN/NA,TEST NOT OFFERED,,35,CLEAR,DAYLIGHT,PEDALCYCLIST,T-INTERSECTION,STRAIGHT AND LEVEL,DRY,NO INJURY / DRIVE AWAY,MICHIGAN AVE,41.7071821754,-87.6203614922,POINT (-87.620361492183 41.707182175387)
O1772212,BICYCLE,90f237ab75ae8b1a05a8cef377a9cdf248f6a508f49cf3d328b0b9067a0b8b48ad865bfc0e3c64f5cba3bba56052918f3af6319bf7aeb802ecebb69fd033fa3f,03/06/2024 06:14:00 PM,M,17.0,HELMET NOT USED,TURNING RIGHT,IN ROADWAY,TEST NOT OFFERED,,30,CLEAR,DARKNESS,PEDALCYCLIST,NOT DIVIDED,STRAIGHT AND LEVEL,DRY,NO INJURY / DRIVE AWAY,HUMBOLDT DR,41.9029192028,-87.702412734,POINT (-87.702412733963 41.902919202792)
O1772169,BICYCLE,a49e84f616ca5c95e6333cf0a41838fa7a53dbbfa218051cea5043fffe8f0f532b99b775c0dac6f8b2100d4cecc4df2b985cc0f2b07e39a3512f5f91a50d9958,03/06/2024 05:30:00 PM,M,45.0,HELMET NOT USED,OTHER ACTION,IN CROSSWALK,TEST NOT OFFERED,,35,CLEAR,DUSK,PEDALCYCLIST,PARKING LOT,STRAIGHT AND LEVEL,DRY,NO INJURY / DRIVE AWAY,ARCHER AVE,41.8335352531,-87.6727490303,POINT (-87.672749030311 41.833535253067)
O1772140,BICYCLE,633fe1aba7c379b16bc6375f31005933ae1372cc0fe75e76aeb910b6f6ca1c4f9a17172f03396d60326598c066afb4ad369146c7133b18b739d205ec8bfefc24,03/06/2024 04:28:00 PM,M,57.0,HELMET NOT USED,OTHER ACTION,IN CROSSWALK,TEST NOT OFFERED,,30,CLEAR,DAYLIGHT,PEDALCYCLIST,T-INTERSECTION,STRAIGHT AND LEVEL,DRY,INJURY AND / OR TOW DUE TO CRASH,HARLEM AVE,41.9701148967,-87.806966653,POINT (-87.806966653037 41.97011489673)
O1772273,BICYCLE,22359fb96fa3688fae7304c069ce209626455b3dd0b1fa49be26020663074b8a3db61018f6fca425fef9b420309c68dd6cc3a36f16e37059db1dbbfaca17587c,03/06/2024 02:11:00 PM,M,34.0,HELMET NOT USED,OTHER ACTION,IN CROSSWALK,TEST NOT OFFERED,,30,CLEAR,DAYLIGHT,PEDALCYCLIST,T-INTERSECTION,STRAIGHT AND LEVEL,DRY,INJURY AND / OR TOW DUE TO CRASH,ADAMS ST,41.8786717753,-87.6740670682,POINT (-87.674067068204 41.878671775334)
O1771775,BICYCLE,48d0c1d94f8bd1c0db3a872d0b3504f30680010830fabc98b1341904f863a53f320ad2348ae8f2b8d1196b562f8d1732bc8fd18976fcff155f3c61e1ecd9b1f7,03/06/2024 07:29:00 AM,M,16.0,HELMET NOT USED,CROSSING - NO CONTROLS (NOT AT INTERSECTION),IN CROSSWALK,TEST NOT OFFERED,,30,CLEAR,DAYLIGHT,PEDALCYCLIST,ALLEY,STRAIGHT AND LEVEL,DRY,INJURY AND / OR TOW DUE TO CRASH,DIVISION ST,41.9027417081,-87.728828429,POINT (-87.728828428989 41.90274170809)
O1771589,BICYCLE,7f543ca4e2230f0ca2b48637cc5028097d80f62e10504586d7e167c89c6182955bfc301f91118b7423b27201bee7ba9351bf289c08755ebfa044fa4fd3e60bf2,03/05/2024 04:31:00 PM,M,18.0,HELMET NOT USED,OTHER ACTION,IN ROADWAY,TEST NOT OFFERED,,30,CLEAR,DAYLIGHT,PEDALCYCLIST,DIVIDED - W/MEDIAN BARRIER,STRAIGHT AND LEVEL,DRY,INJURY AND / OR TOW DUE TO CRASH,ASHLAND AVE,41.8763914131,-87.6665186348,POINT (-87.666518634825 41.87639141306)
O1771232,BICYCLE,af30ebe22e9a70ada4950a0bd8da954eabd9db38d3021e6872efd5008ed61610204334339ec2f88e51d33b0088d1fd2163702706fa1305a0223f538098061250,03/05/2024 07:45:00 AM,M,16.0,HELMET NOT USED,CROSSING - NO CONTROLS (AT INTERSECTION),IN CROSSWALK,TEST NOT OFFERED,,30,CLEAR,DAWN,PEDALCYCLIST,ALLEY,STRAIGHT AND LEVEL,WET,INJURY AND / OR TOW DUE TO CRASH,NARRAGANSETT AVE,41.7918607034,-87.781642301,POINT (-87.781642300986 41.791860703369)
O1771069,BICYCLE,a3a718c5ba7f7b84f591e519334577af69d52ddb8d2a997bfce48c9a5ec08ae8322b0a81004232ccb9a06a5f522a822aed91a6eb79601b4d2e3a3f45d7ad6a57,03/05/2024 05:55:00 AM,M,64.0,HELMET NOT USED,UNKNOWN/NA,IN CROSSWALK,,,30,RAIN,DAWN,PEDALCYCLIST,ONE-WAY,STRAIGHT AND LEVEL,WET,NO INJURY / DRIVE AWAY,NAGLE AVE,41.9900976844,-87.787748427,POINT (-87.787748427031 41.990097684448)
O1770900,BICYCLE,2c1292d0a240d48a1fd438aff1acbb134e5bc82062403b0d8022e8e348bc419bd7164809fb69c515a5740476be9de04c3efa5ba2043b49b8d3fb7433dd80c6db,03/04/2024 07:05:00 PM,M,,HELMET NOT USED,AGAINST TRAFFIC,IN ROADWAY,TEST NOT OFFERED,,30,CLEAR,DARKNESS,PEDALCYCLIST,NOT DIVIDED,STRAIGHT AND LEVEL,DRY,NO INJURY / DRIVE AWAY,OZANAM AVE,41.9413455192,-87.8216907333,POINT (-87.821690733346 41.941345519202)
O1771906,BICYCLE,0ee05cfb12660377c461279d9c2bd2408656eeb46356f34910bc7b48e5baa3375a8e37f1e7299004839bae97d8a9966612bb818b842c2d1360b01dc1b95f9676,03/04/2024 05:39:00 PM,M,23.0,BICYCLE HELMET (PEDACYCLIST INVOLVED ONLY),WITH TRAFFIC,UNKNOWN/NA,TEST NOT OFFERED,,30,CLEAR,DAYLIGHT,PEDALCYCLIST,DIVIDED - W/MEDIAN BARRIER,STRAIGHT AND LEVEL,DRY,NO INJURY / DRIVE AWAY,CANNON DR,41.9266957847,-87.6343064499,POINT (-87.634306449945 41.926695784661)
O1770896,BICYCLE,e707b18c6c378a2ed9040ef4c5c00883d9b8e3295742b51c33a4867b6b1b43ab9ca56ce3d4c153d50dd6229f14f3f3526aac62193a06af8ca44f04457375064e,03/04/2024 05:30:00 PM,M,32.0,HELMET NOT USED,CROSSING - CONTROLS PRESENT (NOT AT INTERSECTION),IN CROSSWALK,TEST NOT OFFERED,,30,CLEAR,DAYLIGHT,PEDALCYCLIST,NOT DIVIDED,STRAIGHT AND LEVEL,DRY,INJURY AND / OR TOW DUE TO CRASH,KEDZIE AVE,41.7624637242,-87.7029045137,POINT (-87.702904513708 41.76246372415)
O1770862,BICYCLE,2eea0fc02419ded2a9a7c84c75e68abd7c7d427dab339187e3f4a5777670a89106535a8c1a94f3da6cac9663993a0404826bf140941d4eb870675d92dcdad4a7,03/04/2024 05:22:00 PM,M,,HELMET NOT USED,OTHER ACTION,BIKE LANE,TEST NOT OFFERED,,30,CLEAR,DAYLIGHT,PEDALCYCLIST,ONE-WAY,STRAIGHT AND LEVEL,DRY,INJURY AND / OR TOW DUE TO CRASH,DEARBORN ST,41.8932105944,-87.6295484191,POINT (-87.629548419114 41.893210594384)
O1770813,BICYCLE,deb6723ee19d28204d99c28bcfb8a9f6846569253ba4cbe597b1af36c6920f9c7310432e795eae3f10dc6531bb9c64af1d66d46705a78325d2475a4e16f676ac,03/04/2024 04:40:00 PM,M,22.0,BICYCLE HELMET (PEDACYCLIST INVOLVED ONLY),NO ACTION,UNKNOWN/NA,TEST NOT OFFERED,,25,CLEAR,DAYLIGHT,PEDALCYCLIST,DIVIDED - W/MEDIAN (NOT RAISED),STRAIGHT AND LEVEL,UNKNOWN,INJURY AND / OR TOW DUE TO CRASH,HOWARD ST,42.0193809867,-87.6920735316,POINT (-87.692073531624 42.019380986681)