PERSON_ID,PERSON_TYPE,CRASH_RECORD_ID,CRASH_DATE_x,SEX,AGE,SAFETY_EQUIPMENT,PEDPEDAL_ACTION,PEDPEDAL_LOCATION,BAC_RESULT,CRASH_DATE_EST_I,POSTED_SPEED_LIMIT,WEATHER_CONDITION,LIGHTING_CONDITION,FIRST_CRASH_TYPE,TRAFFICWAY_TYPE,ALIGNMENT,ROADWAY_SURFACE_COND,CRASH_TYPE,STREET_NAME,LATITUDE,LONGITUDE,LOCATION
O1770724,BICYCLE,56e3b2a5831a167bef70f34f94c9698d64815789b3c48662712b40dd5548e7bb72347959fbc899d09bf9b05d8612a9df8a4af82c8d705cb0a6699c236402c3e8,03/04/2024 03:08:00 PM,M,30.0,HELMET NOT USED,CROSSING - NO CONTROLS (NOT AT INTERSECTION),IN ROADWAY,TEST NOT OFFERED,,30,CLEAR,DAYLIGHT,PEDALCYCLIST,NOT DIVIDED,STRAIGHT AND LEVEL,UNKNOWN,NO INJURY / DRIVE AWAY,63RD ST,41.778517416,-87.7434476997,POINT (-87.743447699707 41.77851741603)
O1770594,NON-MOTOR VEHICLE,a4010b881e26993abb5f6378be7d53b1b9dbf2f0d230fd787a892e977bbdc6053caf643be23b407b5384ec37922608834d61aacf19c1ee57a3642aea04808b8d,03/04/2024 10:00:00 AM,M,56.0,USAGE UNKNOWN,,,TEST NOT OFFERED,,10,CLEAR,DAYLIGHT,OTHER OBJECT,ONE-WAY,STRAIGHT AND LEVEL,DRY,NO INJURY / DRIVE AWAY,LAKE SHORE DR,41.7914202821,-87.5801477687,POINT (-87.580147768689 41.791420282098)
O1771947,BICYCLE,f40cfae00cb4b56d80bc8862b1fceb8ecde4a597c3070770357dffa5af949067143c3f872ce22538ce8a2e0d4d9c5360eb432f1c96bccf714f2cb2a983893c43,03/04/2024 09:45:00 AM,M,41.0,BICYCLE HELMET (PEDACYCLIST INVOLVED ONLY),NO ACTION,BIKE LANE,TEST NOT OFFERED,,30,CLEAR,DAYLIGHT,PEDALCYCLIST,NOT DIVIDED,STRAIGHT AND LEVEL,DRY,INJURY AND / OR TOW DUE TO CRASH,MILWAUKEE AVE,41.9121880517,-87.6804907156,POINT (-87.680490715628 41.912188051721)
O1770599,NON-MOTOR VEHICLE,cae003d1df97aa8b2466b7a958d585b832447ca42f92883866efa26b7465593dbeb388e3aeb4e3ae9fd9056a07c0146a2b2a3f3521efdb4632f763a7c243a9f4,03/03/2024 11:00:00 PM,X,,USAGE UNKNOWN,NO ACTION,NOT IN ROADWAY,TEST NOT OFFERED,Y,15,CLEAR,"DARKNESS, LIGHTED ROAD",FIXED OBJECT,ALLEY,STRAIGHT AND LEVEL,DRY,NO INJURY / DRIVE AWAY,21ST ST,41.8541760825,-87.6718033096,POINT (-87.671803309588 41.854176082513)
O1770386,BICYCLE,8db4802151b9ef5bb2b73920fced59bab459bf42f70824da4a690a53e3222296e615fe275d33f5e323a430656c90c3d637652d9e87ac88743387327156733e0d,03/03/2024 08:39:00 PM,M,,BICYCLE HELMET (PEDACYCLIST INVOLVED ONLY),UNKNOWN/NA,UNKNOWN/NA,TEST NOT OFFERED,,30,CLEAR,DARKNESS,PEDALCYCLIST,UNKNOWN,STRAIGHT AND LEVEL,DRY,INJURY AND / OR TOW DUE TO CRASH,LAKE PARK AVE,41.8025973582,-87.5877461394,POINT (-87.587746139448 41.802597358198)
O1770299,BICYCLE,c5459b479ce9413f73412e3a49294f8b6b3e3dc46a976aebb463111fbd3d66bb445981e781cdf30afd655b423a3b71f96244264cbee4e356f5009b95abe4fbb1,03/03/2024 07:12:00 PM,F,23.0,HELMET NOT USED,CROSSING - AGAINST SIGNAL,IN ROADWAY,TEST NOT OFFERED,,30,CLEAR,DARKNESS,PEDALCYCLIST,FOUR WAY,STRAIGHT AND LEVEL,DRY,INJURY AND / OR TOW DUE TO CRASH,OHIO ST,41.8924518014,-87.622566449,POINT (-87.622566448964 41.892451801387)
O1770198,BICYCLE,510a331693ee6735aeebbe62da8f5971dea0584ced36cf92f1e276f53a437cc8d111b2b45da6be82abdcd23e8cb163263efc57c653b31de5a6d112b3d6c8ca82,03/03/2024 04:50:00 PM,M,37.0,HELMET NOT USED,WITH TRAFFIC,IN ROADWAY,TEST NOT OFFERED,,30,UNKNOWN,UNKNOWN,TURNING,FOUR WAY,STRAIGHT AND LEVEL,UNKNOWN,INJURY AND / OR TOW DUE TO CRASH,POINT ST,41.9175341533,-87.6942422488,POINT (-87.694242248831 41.917534153347)
O1770016,BICYCLE,09b06087a2a3d854e7cd920a04303f2e4154cd2b10f4f2b3e1ebb3aae9ada277cbc2e951d7c449e5176e5316e32b4601353a8fdbaaeb637a09b016bbc6f233e8,03/03/2024 12:45:00 PM,M,51.0,BICYCLE HELMET (PEDACYCLIST INVOLVED ONLY),OTHER ACTION,IN ROADWAY,TEST NOT OFFERED,,30,CLEAR,DAYLIGHT,PEDALCYCLIST,FOUR WAY,STRAIGHT AND LEVEL,DRY,INJURY AND / OR TOW DUE TO CRASH,TOUHY AVE,42.0128595515,-87.6681395498,POINT (-87.668139549827 42.012859551452)
O1769648,BICYCLE,2e0d03fa9935365395bc511c1a65ee2eac3cc3804279fe340cfeaf852492f0acd9475c899066bd811fb0007ebdb806934bb6f2139e3df4e3bd7ad4f63bab4af8,03/02/2024 08:50:00 PM,M,26.0,BICYCLE HELMET (PEDACYCLIST INVOLVED ONLY),CROSSING - NO CONTROLS (AT INTERSECTION),NOT IN ROADWAY,TEST NOT OFFERED,,30,CLEAR,"DARKNESS, LIGHTED ROAD",PEDALCYCLIST,UNKNOWN INTERSECTION TYPE,STRAIGHT AND LEVEL,DRY,INJURY AND / OR TOW DUE TO CRASH,HERMITAGE AVE,41.899714227,-87.671209124,POINT (-87.67120912402 41.899714226969)
O1770059,BICYCLE,418428fc38042f59803432df52f5776e5fabb916116e5303ce8e6ae7b8c72c86f5f1f5e45f0a44ee557c325db09dbd07a1729090585832c6b37563908ab8b881,03/02/2024 06:00:00 PM,M,34.0,HELMET NOT USED,CROSSING - NO CONTROLS (AT INTERSECTION),IN CROSSWALK,TEST NOT OFFERED,Y,30,UNKNOWN,UNKNOWN,PEDALCYCLIST,T-INTERSECTION,STRAIGHT AND LEVEL,UNKNOWN,INJURY AND / OR TOW DUE TO CRASH,ABERDEEN ST,41.8087162085,-87.6529627404,POINT (-87.652962740441 41.808716208508)
O1769556,BICYCLE,6be8071c13b649481d5c6572d0ad823e0d023b0ddd897901b7c1ecd25225df39d5104d6f078e151ba50b3299889e3d3e5e30eda9b4a86980d17a8b9d151e8ef5,03/02/2024 05:57:00 PM,M,48.0,HELMET NOT USED,WITH TRAFFIC,IN ROADWAY,TEST NOT OFFERED,,30,CLEAR,DARKNESS,PEDALCYCLIST,FOUR WAY,STRAIGHT AND LEVEL,DRY,INJURY AND / OR TOW DUE TO CRASH,83RD ST,41.7428446314,-87.6876960361,POINT (-87.687696036056 41.742844631417)
O1769576,NON-MOTOR VEHICLE,fcfdb7b859ecd15677caa390a440b4ad33af80afb4cc77e6fbda16f9de1542d5eabd64bb8da738a65a42d2dcaa9365c0e51f1b18cb714c7e07104676de2738aa,03/02/2024 04:37:00 PM,M,34.0,USAGE UNKNOWN,AGAINST TRAFFIC,IN ROADWAY,TEST NOT OFFERED,,30,CLEAR,DAYLIGHT,OTHER OBJECT,FOUR WAY,STRAIGHT AND LEVEL,DRY,INJURY AND / OR TOW DUE TO CRASH,LARAMIE AVE,41.9523034643,-87.7572639558,POINT (-87.757263955752 41.952303464349)
O1769469,BICYCLE,275b56b893d66744d9b96b1234f5ecae2e5893bf9d49f9562a67630c170063563ba25c49cfea0c0baa05c2f67d28a4045fc1287df3d929d9bdddd50063c97cd9,03/02/2024 03:40:00 PM,M,2.0,HELMET NOT USED,CROSSING - WITH SIGNAL,IN ROADWAY,TEST NOT OFFERED,,30,CLEAR,DAYLIGHT,PEDALCYCLIST,FOUR WAY,STRAIGHT AND LEVEL,DRY,INJURY AND / OR TOW DUE TO CRASH,71ST ST,41.7657205926,-87.6201809103,POINT (-87.620180910327 41.765720592634)
O1775461,BICYCLE,ca46fdf01e30ef48994c5a4a3e5bfe1c184242739f97aa3f099bb47dcd245ff579a5ff235b6421b847d45dcccdb7efbfb57e45e68d4b99402b955d19a38d4ba7,03/02/2024 02:50:00 PM,M,,BICYCLE HELMET (PEDACYCLIST INVOLVED ONLY),WITH TRAFFIC,BIKE LANE,TEST NOT OFFERED,,30,CLEAR,DAYLIGHT,PEDALCYCLIST,DIVIDED - W/MEDIAN (NOT RAISED),STRAIGHT AND LEVEL,DRY,NO INJURY / DRIVE AWAY,NORTH AVE,41.9101887003,-87.7096376399,POINT (-87.709637639891 41.910188700305)
O1769328,BICYCLE,d6b259a73d57dfdc5b9a361802b6ec584ce60a34f5001cbb7f3d99cb8fd6a1858c8202b702e4c5eebbbcb5e393572b8462234527f575fe08d23e03878c79dd91,03/02/2024 12:10:00 PM,M,24.0,BICYCLE HELMET (PEDACYCLIST INVOLVED ONLY),UNKNOWN/NA,BIKEWAY,TEST NOT OFFERED,,30,CLEAR,DAYLIGHT,PEDALCYCLIST,NOT DIVIDED,STRAIGHT AND LEVEL,DRY,INJURY AND / OR TOW DUE TO CRASH,MARQUETTE DR,41.7756790279,-87.5717136642,POINT (-87.57171366417 41.775679027941)
O1770742,BICYCLE,ff7b771a4b062d6f8264be1dfec98f53dbd6bae36b0aa49f11c6299220402ad81618fde4ca967a5040b5eff19f216f369cb94714580180f8c02755aea77ff344,03/01/2024 11:08:00 AM,M,21.0,HELMET NOT USED,CROSSING - NO CONTROLS (AT INTERSECTION),IN ROADWAY,TEST NOT OFFERED,,20,UNKNOWN,DAYLIGHT,PEDALCYCLIST,T-INTERSECTION,STRAIGHT AND LEVEL,UNKNOWN,NO INJURY / DRIVE AWAY,ASHLAND AVE,41.977036891,-87.6697840799,POINT (-87.669784079907 41.97703689097)
O1768452,BICYCLE,d81977d93dc90c090b514977e235535c91f4f57a310f67f8184a7b3c82f8718ad7f7f70abc3636ef568fdbd41d67437fd221552ee245f8630ca1b22df826640e,02/29/2024 11:45:00 PM,M,32.0,HELMET NOT USED,OTHER ACTION,IN ROADWAY,TEST NOT OFFERED,,30,CLEAR,"DARKNESS, LIGHTED ROAD",PEDALCYCLIST,NOT DIVIDED,STRAIGHT AND LEVEL,DRY,NO INJURY / DRIVE AWAY,MILWAUKEE AVE,41.9055404926,-87.6696640663,POINT (-87.669664066324 41.905540492626)
O1768300,BICYCLE,30a1c426187b0f9eb41816c7bc7fb24b7696daa3fec2db110aff13be5cfb9ac66152025e873ad84e1bda0fe0bb9bbe913310c112b4f394568b827bf058be997b,02/29/2024 04:50:00 PM,M,24.0,BICYCLE HELMET (PEDACYCLIST INVOLVED ONLY),WITH TRAFFIC,IN ROADWAY,TEST NOT OFFERED,,25,CLEAR,DAYLIGHT,PEDALCYCLIST,NOT DIVIDED,STRAIGHT AND LEVEL,DRY,INJURY AND / OR TOW DUE TO CRASH,MADISON ST,41.881497628,-87.6576011742,POINT (-87.657601174206 41.881497627982)
O1768225,BICYCLE,d23bf1f10c742b1d9234a39e887046da8c3c9d05e3cfcb7bf68f1465ab8d075f86befb714640f843570d93870df2de245cdd28420e96307ac0ef1777726d3d60,02/29/2024 04:21:00 PM,M,62.0,HELMET NOT USED,OTHER ACTION,UNKNOWN/NA,TEST NOT OFFERED,,30,CLEAR,DAYLIGHT,PEDALCYCLIST,FOUR WAY,STRAIGHT AND LEVEL,DRY,INJURY AND / OR TOW DUE TO CRASH,FOSTER AVE,41.975907604,-87.7015003167,POINT (-87.701500316657 41.975907604031)
O1768231,BICYCLE,ae59fc10633ef1f4f05980a2c193f58dc9afd0c9c51fe1882053261e4ef7f0a725ac6c4a9c61c138a9358484a52386d0dd85cf7218af16addd28092122a7ab0c,02/29/2024 04:20:00 PM,M,19.0,HELMET NOT USED,CROSSING - AGAINST SIGNAL,DRIVEWAY ACCESS,TEST NOT OFFERED,,20,CLEAR,DAYLIGHT,PEDALCYCLIST,FOUR WAY,STRAIGHT AND LEVEL,DRY,NO INJURY / DRIVE AWAY,CHICAGO AVE,41.8956315573,-87.6869627211,POINT (-87.686962721068 41.895631557318)
O1768045,BICYCLE,56975ad408305712fcb7a196b5725ba9e06c60685928b21faaf16e4714e5a15f1fa8322c712b0f6c72f43982d05440ef5b4e8c63cf8bee60f7eedc947be4fc21,02/29/2024 09:30:00 AM,M,39.0,HELMET NOT USED,TURNING RIGHT,IN ROADWAY,TEST NOT OFFERED,Y,30,CLEAR,DAYLIGHT,PEDALCYCLIST,NOT DIVIDED,STRAIGHT AND LEVEL,DRY,INJURY AND / OR TOW DUE TO CRASH,26TH ST,41.8442814192,-87.7143858642,POINT (-87.714385864166 41.844281419155)
O1767739,BICYCLE,4fb1cbc3bfbb2c7d908686e02cdd9f2d7c8911f4eb7d888cc617e0a7e7a70e32a42530c807657e2a8c4ffd5c20b6743ce9160a9cffa03521150c2bb4ba2166e7,02/28/2024 05:55:00 PM,F,35.0,BICYCLE HELMET (PEDACYCLIST INVOLVED ONLY),WITH TRAFFIC,BIKE LANE,TEST REFUSED,,25,CLEAR,DAYLIGHT,PEDALCYCLIST,ONE-WAY,STRAIGHT AND LEVEL,DRY,INJURY AND / OR TOW DUE TO CRASH,HUBBARD ST,41.8899179324,-87.6533713394,POINT (-87.65337133943 41.889917932363)
O1767709,BICYCLE,b6d224aef10348781896300c091f314336ba4ed18e7939627b230d772257a02180220d1eb877ae82605c17c3414578791cf0c478b558b68b40fbbc3c71ee8019,02/28/2024 05:50:00 PM,M,29.0,BICYCLE HELMET (PEDACYCLIST INVOLVED ONLY),NOT AT INTERSECTION,DRIVEWAY ACCESS,TEST NOT OFFERED,,25,CLEAR,DUSK,PEDALCYCLIST,RAMP,STRAIGHT AND LEVEL,DRY,NO INJURY / DRIVE AWAY,LAKE ST,41.8856314367,-87.6301580795,POINT (-87.63015807953 41.885631436678)
O1767283,BICYCLE,eabb6f7fe68cd0613e60b56fddedd1ea63f35c59ed187b6e9da331024aa4e62bd2ef22c6c0226535398a7680b3d2300cd3ac8ad06a985f93d5cbee973ecbb816,02/28/2024 07:50:00 AM,M,68.0,HELMET NOT USED,CROSSING - NO CONTROLS (AT INTERSECTION),IN CROSSWALK,TEST NOT OFFERED,,30,CLEAR,DAYLIGHT,PEDALCYCLIST,T-INTERSECTION,STRAIGHT AND LEVEL,DRY,NO INJURY / DRIVE AWAY,ARCHER AVE,41.8451388194,-87.650496738,POINT (-87.650496737972 41.845138819359)
O1767218,BICYCLE,ebe54ae4fc3ef4b72011e8c0a67ace9b549669681cc9083c063e45a0daae2c129a5212104eeda930cdf10f0fbc9c8180ab4f931fae32e0a437edd8289da30a9e,02/27/2024 11:52:00 PM,M,20.0,HELMET NOT USED,CROSSING - AGAINST SIGNAL,IN ROADWAY,TEST NOT OFFERED,,30,CLEAR,"DARKNESS, LIGHTED ROAD",PEDALCYCLIST,FOUR WAY,STRAIGHT AND LEVEL,WET,INJURY AND / OR TOW DUE TO CRASH,MARSHFIELD AVE,41.7759102618,-87.6652452609,POINT (-87.665245260911 41.775910261799)
O1768023,BICYCLE,6a626edc246a5cc63f56ed3d9b23b5e197af5eb5273f67c058515662016ff379fd343133fc501193f0ff8ffc33b43f9d0ba0b09b45863dfedb4e1d2867841a8f,02/27/2024 05:00:00 PM,M,,HELMET NOT USED,UNKNOWN/NA,UNKNOWN/NA,TEST NOT OFFERED,,30,UNKNOWN,DAYLIGHT,PEDALCYCLIST,ONE-WAY,STRAIGHT AND LEVEL,UNKNOWN,NO INJURY / DRIVE AWAY,WENTWORTH AVE,41.8577437509,-87.6320390628,POINT (-87.632039062819 41.857743750896)
O1772697,BICYCLE,bd17e76dd17473c371865b3a29bf2c84ff652088194e6ab51b6a1f653023459fef0665992c782600b01848d30a0b9d0f2c088badfa8514e5eb3ece44d1e627cd,02/27/2024 03:45:00 PM,M,46.0,BICYCLE HELMET (PEDACYCLIST INVOLVED ONLY),CROSSING - CONTROLS PRESENT (NOT AT INTERSECTION),IN ROADWAY,TEST NOT OFFERED,,30,UNKNOWN,DAYLIGHT,PEDALCYCLIST,NOT DIVIDED,STRAIGHT AND LEVEL,UNKNOWN,INJURY AND / OR TOW DUE TO CRASH,HALSTED ST,41.9386652721,-87.6493770147,POINT (-87.649377014697 41.938665272146)
O1766938,BICYCLE,686e0b8ae6f0b320d1bd811052616d3df71aaa918899100637c4fcc5a00db4859b5dfc3518ce93fa01ac51c3d8f3b09e4743e940fb512de85e0f6568a8bb5579,02/27/2024 03:25:00 PM,M,17.0,HELMET NOT USED,CROSSING - NO CONTROLS (NOT AT INTERSECTION),IN ROADWAY,TEST NOT OFFERED,,30,CLEAR,DAYLIGHT,PEDALCYCLIST,NOT DIVIDED,STRAIGHT AND LEVEL,DRY,INJURY AND / OR TOW DUE TO CRASH,MILWAUKEE AVE,41.9388657031,-87.7232592147,POINT (-87.72325921472 41.938865703094)
O1766904,BICYCLE,bf67857f454b63b3efa1dbf690b31754a2ea66450275455bff50bb1167cd3dbbbe779464a8051ef94d23e67a8f197bc701766728b11fdcb2017fc817f4ac35ac,02/27/2024 02:30:00 PM,M,40.0,HELMET NOT USED,PLAYING IN ROADWAY,UNKNOWN/NA,TEST NOT OFFERED,,30,UNKNOWN,UNKNOWN,PEDALCYCLIST,PARKING LOT,STRAIGHT AND LEVEL,UNKNOWN,NO INJURY / DRIVE AWAY,CLYBOURN AVE,41.9085601354,-87.6464526857,POINT (-87.646452685725 41.908560135368)
O1766746,BICYCLE,750ddd3377ac5acbafdc109718664295bb835b4e32a301b75ae463c3a6a92b8d53a3c9f7df46952b7d23827643094daa44aa9bb1590518cf5a33d5d0befbf548,02/27/2024 11:50:00 AM,M,29.0,HELMET NOT USED,NO ACTION,IN ROADWAY,TEST NOT OFFERED,,30,CLEAR,DAYLIGHT,PEDALCYCLIST,DIVIDED - W/MEDIAN (NOT RAISED),STRAIGHT AND LEVEL,DRY,INJURY AND / OR TOW DUE TO CRASH,KOSTNER AVE,41.9218166482,-87.7366172503,POINT (-87.736617250337 41.921816648181)
O1769204,BICYCLE,9d95692a2f268689272d97d162986c44fbb5efd4ebc76c53f3b3757b1a10824c5817ef2f5730ef00e1926b50ea18fe26bdc43c8fb8fc99d70aca9276e031effe,02/27/2024 07:50:00 AM,M,40.0,BICYCLE HELMET (PEDACYCLIST INVOLVED ONLY),WITH TRAFFIC,IN ROADWAY,TEST NOT OFFERED,,30,CLEAR,DAYLIGHT,PEDALCYCLIST,DIVIDED - W/MEDIAN (NOT RAISED),STRAIGHT AND LEVEL,WET,INJURY AND / OR TOW DUE TO CRASH,35TH ST,41.8305093308,-87.6558076891,POINT (-87.655807689135 41.830509330812)
O1766442,BICYCLE,66f138c55ff98d35f00e46a916fe31eedbac83a39ad07f474e6a96224f239203c1cbfdf92d6d0b28d6f8ab88c94dcaaf8bdc2f649d0e1bc4ee504d334772235e,02/26/2024 07:02:00 PM,X,,HELMET NOT USED,CROSSING - NO CONTROLS (AT INTERSECTION),IN ROADWAY,TEST NOT OFFERED,,30,CLEAR,DARKNESS,PEDALCYCLIST,NOT DIVIDED,STRAIGHT AND LEVEL,DRY,INJURY AND / OR TOW DUE TO CRASH,LARAMIE AVE,41.9223273591,-87.7559467183,POINT (-87.75594671834 41.922327359059)
O1766459,NON-MOTOR VEHICLE,3798c748c3c95482986f9144e5950e1fb287147b4f56828e7e1c7c09c62b3ae303fd7fb11956df2ac98524170d9c88e5349f467f6541202c3d20881a1b7d06c4,02/26/2024 04:41:00 PM,F,11.0,NONE PRESENT,CROSSING - NO CONTROLS (NOT AT INTERSECTION),IN ROADWAY,TEST NOT OFFERED,,30,CLEAR,DAYLIGHT,OTHER OBJECT,DIVIDED - W/MEDIAN (NOT RAISED),STRAIGHT AND LEVEL,DRY,INJURY AND / OR TOW DUE TO CRASH,BALTIMORE AVE,41.7423199353,-87.5515974321,POINT (-87.551597432087 41.742319935268)
O1772244,BICYCLE,019a3a953ecf4ecbad384a0245f9def729e9abf183981822c79576c67221ec1bda3f972b40763fce30d8561bd600d60fd5ffc433cc0e57615e6b0e95af6dcb90,02/26/2024 04:30:00 PM,M,29.0,BICYCLE HELMET (PEDACYCLIST INVOLVED ONLY),OTHER ACTION,IN ROADWAY,TEST NOT OFFERED,,30,CLEAR,DAYLIGHT,PEDALCYCLIST,NOT DIVIDED,STRAIGHT AND LEVEL,DRY,INJURY AND / OR TOW DUE TO CRASH,BELMONT AVE,41.9379747264,-87.8007497846,POINT (-87.800749784558 41.937974726388)
O1766284,BICYCLE,ac5da9b3a088d7915898f63562c27f95484294dbe37791fc957915151db323d23f54e5053366ab3037d105ef5f9556a50be2bc50cf7f5ac15297bd809ad6c7ac,02/26/2024 04:08:00 PM,F,24.0,BICYCLE HELMET (PEDACYCLIST INVOLVED ONLY),CROSSING - NO CONTROLS (AT INTERSECTION),BIKEWAY,TEST NOT OFFERED,,30,CLEAR,DAYLIGHT,PEDALCYCLIST,NOT DIVIDED,STRAIGHT AND LEVEL,DRY,INJURY AND / OR TOW DUE TO CRASH,LAWRENCE AVE,41.9687514741,-87.6710947904,POINT (-87.671094790427 41.968751474114)
O1767620,BICYCLE,807985936e850424987d980c134e0b22bbf28d7c3c2a312e6c230cb6e6161d1338e3965b0cb5b00ed48d6dbc1cad328321e5d81c14a3fa6861998e41175cfa1f,02/26/2024 03:20:00 PM,M,14.0,HELMET NOT USED,CROSSING - WITH SIGNAL,IN CROSSWALK,TEST NOT OFFERED,,30,CLEAR,DAYLIGHT,PEDALCYCLIST,NOT DIVIDED,STRAIGHT AND LEVEL,DRY,INJURY AND / OR TOW DUE TO CRASH,ARCHER AVE,41.8200587622,-87.6947386527,POINT (-87.694738652658 41.82005876222)
O1766173,NON-MOTOR VEHICLE,048a0d8fb887b1ee179c579eaeb0736727ec5158adb0f3ca509440b4499bf23bfcbe87d17bbaf2df63a263c75977a66c1a31416b4ee0ab94d8cb74eb12f801a0,02/26/2024 02:20:00 PM,X,,NONE PRESENT,,,,,20,CLEAR,DAYLIGHT,OTHER OBJECT,PARKING LOT,STRAIGHT AND LEVEL,DRY,NO INJURY / DRIVE AWAY,ASHLAND AVE,41.845341821,-87.6657393232,POINT (-87.665739323172 41.845341821042)
O1766513,BICYCLE,3f82a0d97071110a10df89894c977182d62ec77254292dbfd29a7adc34ca1090976494a7445c33012f661f0a78500aaa7fd6ca03a8d6230807a68ab01e7fd47d,02/26/2024 11:19:00 AM,M,32.0,BICYCLE HELMET (PEDACYCLIST INVOLVED ONLY),NOT AT INTERSECTION,IN ROADWAY,,,20,CLEAR,"DARKNESS, LIGHTED ROAD",PEDALCYCLIST,NOT DIVIDED,STRAIGHT AND LEVEL,DRY,NO INJURY / DRIVE AWAY,LEAVITT ST,41.9359604328,-87.6832579844,POINT (-87.683257984426 41.935960432776)
O1765973,BICYCLE,023bde362b6995584694dbfe9a4c92f1dedb1f1d074d2ab12eb51fd02cc457de955aad58e9b3fc4af07bd176ec7f147bad142c393f5d6a06b65f993462efa108,02/26/2024 10:10:00 AM,M,63.0,HELMET NOT USED,TURNING RIGHT,BIKEWAY,TEST NOT OFFERED,,30,CLEAR,DAYLIGHT,PEDALCYCLIST,NOT DIVIDED,STRAIGHT AND LEVEL,DRY,INJURY AND / OR TOW DUE TO CRASH,18TH ST,41.8578360901,-87.6710064727,POINT (-87.671006472722 41.857836090112)
O1766014,BICYCLE,64dc737c7a44fe59265442a78f4f4de5d72f2b340875ed0b59d4e153c4ccf53fd5f44eae0c5d8537d807607faca5fd266bd7111b9340f3d27abf1e3efb35f7f0,02/26/2024 09:45:00 AM,M,21.0,HELMET NOT USED,WITH TRAFFIC,BIKE LANE,TEST NOT OFFERED,,20,CLEAR,DAYLIGHT,PEDALCYCLIST,ONE-WAY,STRAIGHT AND LEVEL,DRY,INJURY AND / OR TOW DUE TO CRASH,DEARBORN ST,41.8765584525,-87.6294013408,POINT (-87.629401340801 41.876558452452)
O1765753,BICYCLE,cb5fde29429e216f0f78a05489bba005801c2636fb23b20ba3d1abce28f78804d9a7b7835e89633fd8d983aa5e490e1d6f6439fca8284d91a24e05a114ee0c38,02/25/2024 06:50:00 PM,M,39.0,BICYCLE HELMET (PEDACYCLIST INVOLVED ONLY),OTHER ACTION,IN ROADWAY,TEST NOT OFFERED,,35,CLEAR,"DARKNESS, LIGHTED ROAD",PEDALCYCLIST,FOUR WAY,STRAIGHT AND LEVEL,DRY,INJURY AND / OR TOW DUE TO CRASH,DR MARTIN LUTHER KING JR DR,41.8364982196,-87.61758874,POINT (-87.617588739996 41.836498219642)
O1765490,BICYCLE,5ab519dda411e637447a56fa9862ed37e7f62f7440a9fc9dd24d37e8c3c68a4d683b3fa9fb48e06ee5d836765b0626fe55ab5d2de29936bda9e7852253278115,02/25/2024 11:20:00 AM,M,74.0,BICYCLE HELMET (PEDACYCLIST INVOLVED ONLY),WITH TRAFFIC,IN CROSSWALK,TEST NOT OFFERED,Y,30,CLEAR,DAYLIGHT,PEDALCYCLIST,NOT DIVIDED,STRAIGHT AND LEVEL,DRY,NO INJURY / DRIVE AWAY,ARCHER AVE,41.8260400172,-87.6849673999,POINT (-87.684967399868 41.826040017229)
O1802294,BICYCLE,34da2ef1cf3dcd7f585f4d91f017714ef6018be4fa6cf107bef91dddefe82d08687e819556d667f98903c108f08c66ec7445b679f345dc2358c645d76326c321,02/24/2024 06:30:00 PM,M,15.0,BICYCLE HELMET (PEDACYCLIST INVOLVED ONLY),UNKNOWN/NA,BIKE LANE,TEST NOT OFFERED,Y,30,UNKNOWN,UNKNOWN,PEDALCYCLIST,UNKNOWN,STRAIGHT AND LEVEL,UNKNOWN,INJURY AND / OR TOW DUE TO CRASH,DAMEN AVE,41.9207615969,-87.6775834761,POINT (-87.677583476143 41.920761596852)
O1765015,BICYCLE,63cc7963b32a6b95eea77d9c7040a50b0fe5d09858588ed0b9e6e52f0ca9e2e4192f611206eb24db3d8fa38237c1e1ffac01a9789bb5a8ad9657261ba0612551,02/24/2024 02:07:00 PM,M,22.0,HELMET NOT USED,WITH TRAFFIC,IN ROADWAY,TEST NOT OFFERED,,30,CLEAR,DAYLIGHT,PEDALCYCLIST,ONE-WAY,STRAIGHT AND LEVEL,UNKNOWN,INJURY AND / OR TOW DUE TO CRASH,ROSCOE ST,41.9435648688,-87.6616194711,POINT (-87.661619471068 41.943564868838)
O1765018,BICYCLE,2d6f2f32397f23e29e255a2f87f342ba383c8d9f27b371d39e4072dba0577e2df8c38fa7d52c7d5f20c6fc07dc769ed5871178bd0241bd45863dbbc9d0b5825d,02/24/2024 01:27:00 PM,M,52.0,BICYCLE HELMET (PEDACYCLIST INVOLVED ONLY),CROSSING - AGAINST SIGNAL,UNKNOWN/NA,TEST NOT OFFERED,,30,CLEAR,DAYLIGHT,PEDALCYCLIST,UNKNOWN,STRAIGHT AND LEVEL,DRY,INJURY AND / OR TOW DUE TO CRASH,DEVON AVE,41.9971383409,-87.7373595094,POINT (-87.737359509377 41.997138340885)
O1764910,BICYCLE,ba78b07bfedf1ce077fe1efd0dd3e3886665e88b2bc2483bbcef7128631a1ce7b7f55f2e46cbbda4f70befeec51e6e3d8584f3ae2ad4de11bd404d31db721574,02/24/2024 12:30:00 PM,M,,HELMET NOT USED,CROSSING - AGAINST SIGNAL,IN CROSSWALK,TEST NOT OFFERED,,30,CLEAR,DAYLIGHT,PEDALCYCLIST,NOT DIVIDED,STRAIGHT AND LEVEL,DRY,NO INJURY / DRIVE AWAY,MILWAUKEE AVE,41.9247274618,-87.700552669,POINT (-87.70055266896 41.924727461841)