PERSON_ID,PERSON_TYPE,CRASH_RECORD_ID,CRASH_DATE_x,SEX,AGE,SAFETY_EQUIPMENT,PEDPEDAL_ACTION,PEDPEDAL_LOCATION,BAC_RESULT,CRASH_DATE_EST_I,POSTED_SPEED_LIMIT,WEATHER_CONDITION,LIGHTING_CONDITION,FIRST_CRASH_TYPE,TRAFFICWAY_TYPE,ALIGNMENT,ROADWAY_SURFACE_COND,CRASH_TYPE,STREET_NAME,LATITUDE,LONGITUDE,LOCATION
O1764690,NON-MOTOR VEHICLE,bf800d2914a0f27968b1d9c75885dfffe61a943b5decba1ab1848fb174c85d241f54ee2ac678c8aadbde981a8af5eb08b73b2ad280c11e9ab434dee215a56dff,02/24/2024 06:00:00 AM,M,22.0,NONE PRESENT,CROSSING - NO CONTROLS (NOT AT INTERSECTION),IN CROSSWALK,TEST NOT OFFERED,,30,CLEAR,DAWN,OTHER OBJECT,NOT DIVIDED,STRAIGHT AND LEVEL,SNOW OR SLUSH,INJURY AND / OR TOW DUE TO CRASH,DEVON AVE,41.9976471722,-87.7009245452,POINT (-87.700924545225 41.997647172249)
O1764481,BICYCLE,0e9afa6cc03fee5fb3e756804034dd8f7dac1afc58357755c5fa8424676c9d2dc3be7a9733f97523214b6eea63de93e5bbd9d15011be168fe664db2b82d37f1f,02/23/2024 05:30:00 PM,M,18.0,HELMET NOT USED,OTHER ACTION,IN ROADWAY,TEST NOT OFFERED,,25,SNOW,"DARKNESS, LIGHTED ROAD",PEDALCYCLIST,NOT DIVIDED,STRAIGHT AND LEVEL,WET,INJURY AND / OR TOW DUE TO CRASH,LONG AVE,41.9497366237,-87.7621104819,POINT (-87.762110481857 41.949736623652)
O1764194,BICYCLE,55c77523b6fe5bbae6741b490162721aa0ed116c080e7f37b54dfd927b06445f7c735ebbe9753c8d582ef92aa737b3ae6c1b75f1747aaac7cbf9a951516e1417,02/23/2024 02:00:00 PM,M,60.0,BICYCLE HELMET (PEDACYCLIST INVOLVED ONLY),CROSSING - CONTROLS PRESENT (NOT AT INTERSECTION),IN CROSSWALK,TEST NOT OFFERED,,30,CLEAR,DAYLIGHT,PEDALCYCLIST,FOUR WAY,STRAIGHT AND LEVEL,DRY,NO INJURY / DRIVE AWAY,WOOD ST,41.8690845189,-87.671558184,POINT (-87.671558184031 41.869084518911)
O1763991,BICYCLE,d12270877ee49f1fd7ba2bfde31e8a2529408a2636829d847cc3f57b4aae64cf2a676d7592dd9d8e4f70c1c43923c7a562bc09d29ce3a525acab681531e212f1,02/23/2024 08:10:00 AM,M,12.0,HELMET NOT USED,CROSSING - WITH SIGNAL,IN CROSSWALK,TEST NOT OFFERED,,20,CLEAR,DAYLIGHT,PEDALCYCLIST,ONE-WAY,STRAIGHT AND LEVEL,DRY,INJURY AND / OR TOW DUE TO CRASH,OLCOTT AVE,41.9414925572,-87.8143490431,POINT (-87.814349043082 41.941492557182)
O1763902,BICYCLE,ff61ead613da297d2b5ce5c8c84fe6c56261a32a9b10c2ed4e914de1cdc7bbe8085245924ef9569164390fbd8f0a150f14dd49703d6534054f412cb8e4a948bc,02/22/2024 08:12:00 PM,M,20.0,HELMET NOT USED,OTHER ACTION,IN ROADWAY,TEST NOT OFFERED,,30,CLEAR,"DARKNESS, LIGHTED ROAD",PEDALCYCLIST,FOUR WAY,STRAIGHT AND LEVEL,DRY,NO INJURY / DRIVE AWAY,CERMAK RD,41.8527784759,-87.6446196405,POINT (-87.644619640483 41.852778475949)
O1763839,BICYCLE,a0316f10f5232354e7b2fee29b28a0f92452ce52e2df936a9e7985fe91890e56ec8528c60c7133c3b564379e508838837ec185437b68fcd3e3c813dd16fee06f,02/22/2024 05:30:00 PM,M,53.0,HELMET NOT USED,UNKNOWN/NA,IN ROADWAY,TEST NOT OFFERED,,30,UNKNOWN,"DARKNESS, LIGHTED ROAD",PEDALCYCLIST,FOUR WAY,STRAIGHT AND LEVEL,UNKNOWN,NO INJURY / DRIVE AWAY,ORLEANS ST,41.8902024618,-87.6368469746,POINT (-87.636846974582 41.89020246182)
O1763785,BICYCLE,6f14af7385c89b6f7ccf74d7412c77f71eb14760a86140e32640cec65855faefb276ec886fa0b6fe04c0f957557c53ac8e3cdbfca232cdbcbe6c0fbd72d020b6,02/22/2024 04:24:00 PM,M,52.0,HELMET NOT USED,UNKNOWN/NA,IN ROADWAY,TEST NOT OFFERED,,30,UNKNOWN,UNKNOWN,PEDALCYCLIST,DIVIDED - W/MEDIAN (NOT RAISED),STRAIGHT AND LEVEL,UNKNOWN,INJURY AND / OR TOW DUE TO CRASH,CHICAGO AVE,41.8954321441,-87.707714015,POINT (-87.707714014958 41.895432144084)
O1763329,BICYCLE,0e898d76472c57d6c1dbe1c5999842f1a7e7da1796029e400e5e298ac81dbdd583b50003fe947367653b3957ee6132c04ebea450ea3e3e52b44a79512ac2562e,02/21/2024 07:27:00 PM,M,56.0,HELMET NOT USED,WITH TRAFFIC,IN ROADWAY,TEST NOT OFFERED,,30,CLEAR,"DARKNESS, LIGHTED ROAD",PEDALCYCLIST,RAMP,STRAIGHT AND LEVEL,DRY,INJURY AND / OR TOW DUE TO CRASH,KIMBALL AVE,41.9416270479,-87.7124271338,POINT (-87.712427133832 41.941627047889)
O1763290,BICYCLE,41b7bdcdf85bfe4e8c1dd414758bad04663d1a96170f5d393fbf4bdba2d3b17662f8766948d8005bd572b9832caa32ef2fb43644ce4b27262a016a7e911f9edd,02/21/2024 06:07:00 PM,M,13.0,HELMET NOT USED,AGAINST TRAFFIC,IN ROADWAY,TEST NOT OFFERED,,30,CLEAR,"DARKNESS, LIGHTED ROAD",PEDALCYCLIST,NOT DIVIDED,STRAIGHT AND LEVEL,DRY,INJURY AND / OR TOW DUE TO CRASH,CANAL ST,41.8694574896,-87.6394136534,POINT (-87.639413653426 41.869457489586)
O1763059,BICYCLE,5974e31701f3139c59d27232c1a30147bd50637d25a4d84934c085b52d03b7203ca4c8a2e67aa7a14127a54b3efd62277f7e723bf79eb52dcaa948f85787de4e,02/21/2024 10:44:00 AM,M,19.0,HELMET NOT USED,WITH TRAFFIC,BIKEWAY,TEST NOT OFFERED,,30,CLEAR,DAYLIGHT,PEDALCYCLIST,DIVIDED - W/MEDIAN BARRIER,CURVE ON GRADE,DRY,INJURY AND / OR TOW DUE TO CRASH,DAMEN AVE,41.9321600479,-87.6779870871,POINT (-87.677987087117 41.932160047854)
O1763023,BICYCLE,ad6c8165fc9769d615a7b14b56781c72962644d1533371ea69307193dde8d5bd79604727ac4c722cd49f8170cbbe8fe1990545c2d879ac0474ce1f4fb2e4ef35,02/21/2024 09:45:00 AM,M,18.0,HELMET NOT USED,CROSSING - WITH SIGNAL,IN CROSSWALK,TEST NOT OFFERED,,25,CLEAR,DAYLIGHT,PEDALCYCLIST,FOUR WAY,STRAIGHT AND LEVEL,DRY,INJURY AND / OR TOW DUE TO CRASH,RANDOLPH ST,41.8842792889,-87.6485417803,POINT (-87.648541780275 41.884279288855)
O1763125,NON-MOTOR VEHICLE,8adfe285dd009fe64da43c579572b40ab03916fbab01a53cc3174f55a7917c19cc57b5738353df652493e81eb29633fb5f1d7e755d6493470a76b037b1ffd050,02/21/2024 08:00:00 AM,,,NONE PRESENT,,,,,25,CLEAR,DAYLIGHT,FIXED OBJECT,ALLEY,STRAIGHT AND LEVEL,DRY,NO INJURY / DRIVE AWAY,ASHLAND AVE,41.8470693387,-87.6657816925,POINT (-87.665781692487 41.847069338651)
O1762804,BICYCLE,c38facb9fc5db313ce8d65602c492a747411083f71d50c28a42c55eca0ca4d29d7d19b4eee4dd93ccfe6cb69116354d58e4b05baf15ec3b3cd2b16f98ab123e9,02/20/2024 09:43:00 PM,M,35.0,HELMET NOT USED,INTOXICATED PED/PEDAL,IN ROADWAY,TEST NOT OFFERED,,25,CLEAR,"DARKNESS, LIGHTED ROAD",PEDALCYCLIST,DIVIDED - W/MEDIAN (NOT RAISED),STRAIGHT AND LEVEL,DRY,INJURY AND / OR TOW DUE TO CRASH,DAMEN AVE,41.9172209142,-87.6774548921,POINT (-87.677454892075 41.917220914191)
O1762461,BICYCLE,68cd3ad0ee9b02bae8a2a5364ba01c04ea921f338d15949308a177f5d0ed4382f7a77e86d6c711e2992732a1445db8877eaf6a1b60dcb500dedf028d12230c44,02/20/2024 12:30:00 PM,M,53.0,HELMET NOT USED,CROSSING - NO CONTROLS (NOT AT INTERSECTION),IN ROADWAY,TEST NOT OFFERED,,10,CLEAR,DAYLIGHT,PEDALCYCLIST,PARKING LOT,STRAIGHT AND LEVEL,DRY,NO INJURY / DRIVE AWAY,63RD ST,41.7799048562,-87.6418581458,POINT (-87.641858145754 41.779904856232)
O1762435,BICYCLE,002c1ac0b8ed2ca181d2ac7440bac64bda331f5f95ef1d23e4289adfde09f90f4886929689c2dcd0d0cdbad34a49e8f3ac4d6a1eb34251480509b5ae7a99d8a3,02/20/2024 11:20:00 AM,M,49.0,HELMET NOT USED,CROSSING - WITH SIGNAL,IN CROSSWALK,TEST NOT OFFERED,,30,CLEAR,DAYLIGHT,PEDALCYCLIST,FOUR WAY,STRAIGHT AND LEVEL,DRY,NO INJURY / DRIVE AWAY,42ND ST,41.8172567114,-87.6944031819,POINT (-87.694403181913 41.817256711448)
O1762335,BICYCLE,6b762c233ca045dbebd85b28f7d7d5bd034271d71e5ee911c07a081d297bf2be2aac3efbbf049af41e468eb13fa67e3350bcaffa05e77de414944acfe0769557,02/20/2024 08:20:00 AM,M,37.0,HELMET NOT USED,WITH TRAFFIC,BIKE LANE,TEST NOT OFFERED,,30,CLEAR,DAYLIGHT,PEDALCYCLIST,ONE-WAY,STRAIGHT AND LEVEL,DRY,INJURY AND / OR TOW DUE TO CRASH,WASHINGTON ST,41.8831000298,-87.6343782452,POINT (-87.634378245247 41.883100029814)
O1762824,BICYCLE,9ab53587ea0292301a1fc9a20370598ea880e14374ea19ce5d3723d766eb89026cb723879abca43cd094e0fb232d49fa8288d7971392d94fa7435e842fb3910e,02/19/2024 09:00:00 PM,M,38.0,BICYCLE HELMET (PEDACYCLIST INVOLVED ONLY),WITH TRAFFIC,IN ROADWAY,,,25,CLEAR,"DARKNESS, LIGHTED ROAD",PEDALCYCLIST,ONE-WAY,STRAIGHT AND LEVEL,UNKNOWN,NO INJURY / DRIVE AWAY,HUMBOLDT BLVD,41.9157690038,-87.7021867997,POINT (-87.702186799675 41.915769003755)
O1764091,BICYCLE,e065b1ce4fb4a38a6c7020bed91d3b533c285ac62b36a30abfbdfb9b94c0b031958d519abecdd50184417ac31bbd13b67939958b456b880cf6f12527f2da0dc2,02/19/2024 06:30:00 PM,M,44.0,HELMET NOT USED,NO ACTION,IN ROADWAY,TEST NOT OFFERED,,30,UNKNOWN,"DARKNESS, LIGHTED ROAD",PEDALCYCLIST,ONE-WAY,STRAIGHT AND LEVEL,UNKNOWN,INJURY AND / OR TOW DUE TO CRASH,KILDARE AVE,41.9077531622,-87.7339634583,POINT (-87.733963458266 41.907753162175)
O1762399,BICYCLE,dede186700efd5adf03c2faa1398bc5636d3dc0abbcdbf99a503f3f8594abdf6e43069e0a6791b5646f93b401471376dbbc9594030386866430100a25dbefeb6,02/19/2024 05:40:00 AM,M,35.0,HELMET NOT USED,TURNING LEFT,IN ROADWAY,TEST NOT OFFERED,,30,CLEAR,"DARKNESS, LIGHTED ROAD",PEDALCYCLIST,NOT DIVIDED,STRAIGHT AND LEVEL,DRY,INJURY AND / OR TOW DUE TO CRASH,WELLS ST,41.9005002729,-87.6344989575,POINT (-87.634498957519 41.900500272925)
O1761650,BICYCLE,71af551eca988c8e5f60204dd93fa3caf09d15ec9d2cbbcdbf81a259897f94b556291b08df36b56769a5541c064d609b193abc06734bebbb728ad83a90b4f4b3,02/18/2024 07:30:00 PM,M,19.0,HELMET NOT USED,STANDING IN ROADWAY,IN ROADWAY,TEST NOT OFFERED,,30,CLEAR,"DARKNESS, LIGHTED ROAD",PEDALCYCLIST,FOUR WAY,STRAIGHT AND LEVEL,DRY,INJURY AND / OR TOW DUE TO CRASH,DAMEN AVE,41.8540345213,-87.6760425249,POINT (-87.676042524938 41.854034521286)
O1761587,BICYCLE,54d9d4456ff1c883485c9e39bfcbbc14ed989239260c6097faae5d0a9bead63ccc2c757973f803d41b996ceaf5b5698868715164fd09f64418cabf7b91ae5f0a,02/18/2024 05:07:00 PM,M,73.0,HELMET NOT USED,OTHER ACTION,IN ROADWAY,TEST REFUSED,,30,CLEAR,DUSK,PEDALCYCLIST,NOT DIVIDED,STRAIGHT AND LEVEL,DRY,INJURY AND / OR TOW DUE TO CRASH,44TH ST,41.8138191579,-87.6956621814,POINT (-87.695662181441 41.813819157925)
O1761592,BICYCLE,f3d0660ba543d4aa1e6dc70d0f7c4e82096e393f8032fb3a27dfeb00d0030c62df757f266539bbd52cdb72b36a7a0c188d2477dc322de0915b6eacb3cf7312fe,02/18/2024 04:50:00 PM,M,15.0,HELMET NOT USED,WITH TRAFFIC,IN ROADWAY,TEST NOT OFFERED,,30,CLEAR,DAYLIGHT,PEDALCYCLIST,DIVIDED - W/MEDIAN (NOT RAISED),STRAIGHT AND LEVEL,DRY,INJURY AND / OR TOW DUE TO CRASH,ARCHER AVE,41.8542351539,-87.6317112259,POINT (-87.631711225946 41.854235153937)
O1760988,BICYCLE,7d0a09d1abb4b7c551961e08be04af3eff6bc19f6e8cfe1a183ade1c7b4d47e70e66a116c4efc099fa81e28079a284856cf62e45ac9a75976ca883f5025d745e,02/17/2024 03:06:00 PM,M,32.0,BICYCLE HELMET (PEDACYCLIST INVOLVED ONLY),WITH TRAFFIC,IN ROADWAY,TEST NOT OFFERED,,30,CLEAR,DAYLIGHT,PEDALCYCLIST,NOT DIVIDED,STRAIGHT AND LEVEL,DRY,NO INJURY / DRIVE AWAY,LINCOLN AVE,41.9734123927,-87.6918174637,POINT (-87.691817463705 41.973412392669)
O1760701,NON-MOTOR VEHICLE,83ccc64caae32f8e97665784ff3a618b744d770e16be342f3efa4d67f2741158b00f03ccbf80ed3c835fee9ff64f93cbfdd899e86adcaebaadd26f7207fdf3a3,02/17/2024 02:50:00 AM,,,NONE PRESENT,NOT AT INTERSECTION,IN ROADWAY,,,30,CLEAR,"DARKNESS, LIGHTED ROAD",FIXED OBJECT,NOT DIVIDED,STRAIGHT AND LEVEL,DRY,INJURY AND / OR TOW DUE TO CRASH,TORRENCE AVE,41.6922496851,-87.5593232745,POINT (-87.559323274508 41.69224968515)
O1760647,BICYCLE,6cfbdeb30a95cbe8addd94114a58cf7b9931eda415d27b4e99220366804336c95ec792677406952342e16e064d0ecb0f33a81295d63f0bcacdc0a1c4247ff7f9,02/16/2024 09:10:00 PM,M,30.0,HELMET NOT USED,CROSSING - AGAINST SIGNAL,IN ROADWAY,TEST NOT OFFERED,,30,CLEAR,"DARKNESS, LIGHTED ROAD",PEDALCYCLIST,NOT DIVIDED,STRAIGHT AND LEVEL,DRY,INJURY AND / OR TOW DUE TO CRASH,ARCHER AVE,41.8069227381,-87.7161906744,POINT (-87.716190674394 41.806922738073)
O1760831,BICYCLE,ba66c634d40369250e61f45456765db8a37d4dcdbca51fa1be866d2aa5a95d689f07cc62ca701b772a7dad4f85028e86928b0a6c7e0c025e0c5f49127c1f1b19,02/16/2024 06:34:00 PM,M,60.0,BICYCLE HELMET (PEDACYCLIST INVOLVED ONLY),UNKNOWN/NA,UNKNOWN/NA,TEST NOT OFFERED,,30,CLEAR,"DARKNESS, LIGHTED ROAD",PEDALCYCLIST,NOT DIVIDED,STRAIGHT AND LEVEL,DRY,INJURY AND / OR TOW DUE TO CRASH,LINCOLN AVE,41.9562916004,-87.6800880801,POINT (-87.680088080137 41.956291600358)
O1760157,NON-MOTOR VEHICLE,0e3743445dca47f24de6b28c1cc8609440f9fb5ec324d040ed8239bf8bc55886aabcf817a4e821c0a38b6ac02d232ed7b78cdcd59afd42ac702a587b20222ef5,02/16/2024 04:55:00 AM,M,50.0,USAGE UNKNOWN,,,TEST NOT OFFERED,,30,CLEAR,"DARKNESS, LIGHTED ROAD",TURNING,ONE-WAY,STRAIGHT AND LEVEL,DRY,NO INJURY / DRIVE AWAY,LEXINGTON ST,41.8710299851,-87.7465542228,POINT (-87.746554222779 41.871029985086)
O1760122,BICYCLE,a691e54b622cb5894d9a2450ebf8a87c6016e39b7679b184c0ff8a33d71c88e5e46ae15c35759e50700faac6637575b7c070a9bd911885d04b883ed92fb63d86,02/15/2024 11:28:00 PM,M,15.0,HELMET NOT USED,WITH TRAFFIC,IN ROADWAY,TEST NOT OFFERED,,30,CLEAR,"DARKNESS, LIGHTED ROAD",PEDALCYCLIST,NOT DIVIDED,STRAIGHT AND LEVEL,DRY,INJURY AND / OR TOW DUE TO CRASH,DREXEL AVE,41.751164224,-87.6028998076,POINT (-87.602899807596 41.751164224045)
O1759530,BICYCLE,fc5afb0783c7df215a9c2aa91bfc02538d0c0a0c57355f7d6bcbb955a99864226ed734b79d6c63012bb6951837ac959dafa1d7a86ba07d86a0a5e850d51319d8,02/14/2024 11:10:00 PM,M,18.0,HELMET NOT USED,PARKED VEHICLE,IN ROADWAY,,,25,CLEAR,DARKNESS,PEDALCYCLIST,T-INTERSECTION,STRAIGHT AND LEVEL,DRY,NO INJURY / DRIVE AWAY,CALIFORNIA AVE,41.8425062918,-87.6952970587,POINT (-87.695297058659 41.842506291778)
O1759416,BICYCLE,5a1812d3dacb415e38554f628856f055b25b3ec92a11ef5e5e8f8f3ad519d89fe58015263902e6d5ec829ccd35ba35f8a3d6ed1aa819e9b3e047ed7682bf66a9,02/14/2024 03:10:00 PM,M,21.0,HELMET NOT USED,UNKNOWN/NA,IN ROADWAY,TEST NOT OFFERED,,30,UNKNOWN,UNKNOWN,PEDALCYCLIST,UNKNOWN,STRAIGHT AND LEVEL,UNKNOWN,NO INJURY / DRIVE AWAY,STATE ST,41.8819951976,-87.6276472452,POINT (-87.62764724523 41.881995197635)
O1759191,BICYCLE,2eb1de8fb913b7d1a1fdfc19c6e9253b0ea5134ba65791f7dbf974d8ad5e6d2998a437a13a42d62e85172212b03fc210640022f5b7555c63f43171ee8a99c879,02/14/2024 11:55:00 AM,M,18.0,HELMET NOT USED,CROSSING - AGAINST SIGNAL,IN CROSSWALK,TEST NOT OFFERED,,30,CLEAR,DAYLIGHT,PEDALCYCLIST,T-INTERSECTION,STRAIGHT AND LEVEL,DRY,INJURY AND / OR TOW DUE TO CRASH,LOTUS AVE,41.8797858891,-87.7619533537,POINT (-87.761953353705 41.879785889129)
O1759052,BICYCLE,d27cb194dd439d395f3adefbc93a0a554095a79b4b265145ed298a4b7b341b035572ff88004beea470e03c6db74d4884f8426bf237ba38bd9abb2a75c6c85d0a,02/14/2024 08:42:00 AM,F,20.0,HELMET NOT USED,OTHER ACTION,IN ROADWAY,TEST NOT OFFERED,,30,CLEAR,DAYLIGHT,PEDALCYCLIST,FOUR WAY,STRAIGHT AND LEVEL,DRY,INJURY AND / OR TOW DUE TO CRASH,ASHLAND AVE,41.8066890453,-87.6650650029,POINT (-87.665065002859 41.806689045263)
O1758649,BICYCLE,854c554ab119d07586872564bd5d2b5c2d2137f120157f3ee213b86254cd7bee1b3a96f2923b360ad060fa8acd241a3f9ffb80cb9414a3df2022ad4caef05b6b,02/13/2024 12:55:00 PM,M,,BICYCLE HELMET (PEDACYCLIST INVOLVED ONLY),CROSSING - CONTROLS PRESENT (NOT AT INTERSECTION),IN ROADWAY,TEST NOT OFFERED,,30,CLEAR,DAYLIGHT,PEDALCYCLIST,NOT DIVIDED,STRAIGHT AND LEVEL,DRY,NO INJURY / DRIVE AWAY,PULASKI RD,41.800531295,-87.7232259176,POINT (-87.723225917632 41.800531294982)
O1758333,BICYCLE,a9f179150c1429d90c54c71383c161c286bfde5644d2c9d864bf65d9004d7da832316d21f9566830208bc9405004e183855b698592aa94886f58ba05ae4a55ab,02/12/2024 06:53:00 PM,,,BICYCLE HELMET (PEDACYCLIST INVOLVED ONLY),WITH TRAFFIC,BIKEWAY,TEST NOT OFFERED,,30,CLEAR,"DARKNESS, LIGHTED ROAD",PEDALCYCLIST,DIVIDED - W/MEDIAN (NOT RAISED),STRAIGHT AND LEVEL,DRY,INJURY AND / OR TOW DUE TO CRASH,MILWAUKEE AVE,41.895733428,-87.6544060951,POINT (-87.654406095142 41.895733428027)
O1758286,BICYCLE,e03450295672915dccacfda8c2b6829e5935b3149e8b2483a2896b0cbc342c72f949d36d578a3446fe277f2618e3f40185ecb8cbfe78dc76e1781dd08a8dcb16,02/12/2024 06:00:00 PM,M,58.0,HELMET NOT USED,CROSSING - WITH SIGNAL,IN CROSSWALK,TEST NOT OFFERED,,30,CLEAR,"DARKNESS, LIGHTED ROAD",PEDALCYCLIST,DIVIDED - W/MEDIAN (NOT RAISED),STRAIGHT AND LEVEL,DRY,INJURY AND / OR TOW DUE TO CRASH,BROADWAY,41.9456022843,-87.6460475675,POINT (-87.646047567458 41.945602284303)
O1758198,BICYCLE,3228fc050ea2d46c8ff803b47793adbe835442c1a0769668093bc5eeb00ded49e2af5788fd4f841b1796696da781977b37aec19f24108d2de6d13eb31410c4d1,02/12/2024 03:57:00 PM,M,54.0,HELMET NOT USED,UNKNOWN/NA,IN ROADWAY,TEST NOT OFFERED,,30,CLEAR,DAYLIGHT,PEDALCYCLIST,OTHER,STRAIGHT AND LEVEL,DRY,NO INJURY / DRIVE AWAY,WELLS ST,41.8832420942,-87.634006821,POINT (-87.634006820981 41.88324209419)
O1757679,NON-MOTOR VEHICLE,e15f643ba68ac65876b681237b76dcbcbf566fc27190224b2159130fe38f347059c981bd0dda337fa960d2ae68572a8089d9d28e92c603dcd5b2eb3182ce9b14,02/11/2024 06:04:00 PM,,,NONE PRESENT,,,TEST NOT OFFERED,,15,CLEAR,"DARKNESS, LIGHTED ROAD",FIXED OBJECT,OTHER,STRAIGHT AND LEVEL,UNKNOWN,NO INJURY / DRIVE AWAY,GRAND AVE,41.9236732565,-87.7996266459,POINT (-87.799626645945 41.923673256513)
O1757644,BICYCLE,42e06afc3f439a5730da055e991118c4f94e8aa040d5e93a355e0177ea75adfd21f13858cfdaca98de3be5d4f9b147cdd9babf78fa4d3f5513a4bd904265a895,02/11/2024 05:20:00 PM,M,35.0,HELMET NOT USED,WITH TRAFFIC,IN ROADWAY,,,35,CLEAR,DAWN,PEDALCYCLIST,UNKNOWN INTERSECTION TYPE,STRAIGHT AND LEVEL,DRY,INJURY AND / OR TOW DUE TO CRASH,LEAVITT ST,41.8985105389,-87.682169355,POINT (-87.682169355004 41.898510538931)
O1757608,BICYCLE,a1acf1b10e802f0da71a92e77e12cac2a04254ce9f2f1f0c0f79418e6c6228a0d3012ab3f7121bfecd139ad699e0be69fcf25b8cfff1e20743d8d25816433192,02/11/2024 04:52:00 PM,M,23.0,HELMET NOT USED,NOT AT INTERSECTION,IN CROSSWALK,TEST NOT OFFERED,,30,CLEAR,DAYLIGHT,PEDALCYCLIST,OTHER,STRAIGHT AND LEVEL,DRY,NO INJURY / DRIVE AWAY,CICERO AVE,41.9235496884,-87.7461338753,POINT (-87.746133875298 41.923549688404)
O1757396,BICYCLE,13c028b1ea8d0b87da81a6e208c3eadd72e90b837181cb3ae4844aa05cd67b1945ff97e29c721934b1f15bae36d587d88e2c5e4fca418c0e94ea7d49905cc914,02/10/2024 11:56:00 AM,M,50.0,BICYCLE HELMET (PEDACYCLIST INVOLVED ONLY),WITH TRAFFIC,IN ROADWAY,TEST NOT OFFERED,,30,CLEAR,DAYLIGHT,PEDALCYCLIST,ONE-WAY,STRAIGHT AND LEVEL,DRY,INJURY AND / OR TOW DUE TO CRASH,RUSH ST,41.8934245461,-87.6255695664,POINT (-87.625569566365 41.893424546102)
O1756882,BICYCLE,30b64a5002885843718cb7cc45e6d7ca5c414e8c345b77e860248158d0ce5708f1cf817bb97d14851abf6f7033a35d137b839d84a5dde817e2a10c533fe9be74,02/10/2024 10:53:00 AM,M,44.0,HELMET NOT USED,NO ACTION,SHOULDER,TEST NOT OFFERED,,30,CLEAR,DAYLIGHT,PEDALCYCLIST,DIVIDED - W/MEDIAN (NOT RAISED),STRAIGHT AND LEVEL,DRY,INJURY AND / OR TOW DUE TO CRASH,PULASKI RD,41.9045692873,-87.7265083748,POINT (-87.726508374767 41.904569287335)
O1756348,BICYCLE,706078736d9572b74c0a91d50de556a0a3b9d21983fdbb8f64bfac622e108adc1e8c4c9b568a3be307d04c50c3198dec73aaf2d384eb313a1dabd9ffd81c30ca,02/09/2024 01:12:00 PM,M,48.0,HELMET NOT USED,CROSSING - NO CONTROLS (NOT AT INTERSECTION),BIKE LANE,TEST NOT OFFERED,,25,CLEAR,DAYLIGHT,PEDALCYCLIST,NOT DIVIDED,STRAIGHT AND LEVEL,DRY,INJURY AND / OR TOW DUE TO CRASH,AUGUSTA BLVD,41.8995123814,-87.6854486649,POINT (-87.685448664923 41.899512381412)
O1756247,BICYCLE,468d537aefb369d18097998063123b88f78d13d6ae39aaabb6a3a708239f081859926cc81cf702bd4d5553ce36bc6fb0eb69a5f02c3b078351a5d51cdd3703f0,02/09/2024 08:30:00 AM,,,BICYCLE HELMET (PEDACYCLIST INVOLVED ONLY),WITH TRAFFIC,IN ROADWAY,TEST NOT OFFERED,,30,CLEAR,DAYLIGHT,PEDALCYCLIST,NOT DIVIDED,STRAIGHT AND LEVEL,DRY,NO INJURY / DRIVE AWAY,WOOD ST,41.8998151912,-87.6721409316,POINT (-87.672140931615 41.899815191227)
O1756003,BICYCLE,e588882555fbee43729cfbe51d2fd4ac601b43b8a07905a7566ffa8413d6b83b5f4f94b45d10c8008e9c207149ecee64f328f2266c67092b70d98df7ff7cb543,02/08/2024 05:30:00 PM,M,58.0,BICYCLE HELMET (PEDACYCLIST INVOLVED ONLY),CROSSING - NO CONTROLS (NOT AT INTERSECTION),BIKEWAY,TEST NOT OFFERED,,30,CLEAR,DAWN,PEDALCYCLIST,NOT DIVIDED,STRAIGHT AND LEVEL,DRY,INJURY AND / OR TOW DUE TO CRASH,ELSTON AVE,41.9203548859,-87.6704625437,POINT (-87.670462543704 41.920354885901)
O1759397,BICYCLE,9928e4f0323252911abb2212f2b834d1caba287b481b121c4f90519d928b729b6d6d4248d028d3a5784fe91f46857fbb8b076dac846039805970937210f45da2,02/08/2024 01:37:00 PM,F,30.0,HELMET NOT USED,WITH TRAFFIC,BIKE LANE,TEST NOT OFFERED,Y,30,UNKNOWN,DAYLIGHT,PEDALCYCLIST,NOT DIVIDED,STRAIGHT AND LEVEL,UNKNOWN,INJURY AND / OR TOW DUE TO CRASH,WELLS ST,41.8742429872,-87.6334765303,POINT (-87.633476530273 41.874242987184)
O1755407,BICYCLE,325a00c053d94c47ab82accb1368a32c2a7aa97d938cc9fcbc2dea58aa746ddec8856e75b1e9753f95518c9eef70819333849c7b9addfc0635a63a4a12fa1521,02/07/2024 06:35:00 PM,M,42.0,BICYCLE HELMET (PEDACYCLIST INVOLVED ONLY),NO ACTION,IN ROADWAY,TEST NOT OFFERED,,25,UNKNOWN,"DARKNESS, LIGHTED ROAD",PEDALCYCLIST,DIVIDED - W/MEDIAN (NOT RAISED),STRAIGHT AND LEVEL,UNKNOWN,INJURY AND / OR TOW DUE TO CRASH,CLARK ST,42.0108480237,-87.6741954421,POINT (-87.674195442128 42.010848023657)
O1755064,BICYCLE,547e7fda0b9ef6e92cb9678e2a9ef965f40ee8f133ef09a8a5c9c0fa58d4f886dc50f8ce30a9ebc494ffbc81e5614c4c47cfec09647bf9ddc28d4676d246b58c,02/07/2024 08:45:00 AM,F,39.0,BICYCLE HELMET (PEDACYCLIST INVOLVED ONLY),WITH TRAFFIC,IN ROADWAY,TEST NOT OFFERED,,25,CLEAR,DAYLIGHT,PEDALCYCLIST,FOUR WAY,STRAIGHT AND LEVEL,DRY,INJURY AND / OR TOW DUE TO CRASH,RACINE AVE,41.8661004618,-87.6565108733,POINT (-87.65651087334 41.866100461794)