PERSON_ID,PERSON_TYPE,CRASH_RECORD_ID,CRASH_DATE_x,SEX,AGE,SAFETY_EQUIPMENT,PEDPEDAL_ACTION,PEDPEDAL_LOCATION,BAC_RESULT,CRASH_DATE_EST_I,POSTED_SPEED_LIMIT,WEATHER_CONDITION,LIGHTING_CONDITION,FIRST_CRASH_TYPE,TRAFFICWAY_TYPE,ALIGNMENT,ROADWAY_SURFACE_COND,CRASH_TYPE,STREET_NAME,LATITUDE,LONGITUDE,LOCATION
O1754828,BICYCLE,f4f608ab754e4f2e10e39f79cffbba1cc45b3564bde8c84abd51d5495318a79fd0a852bd4bf04f394f3fca06f41204f18c370fd94c420c86ee6e4d82edbed4a5,02/06/2024 04:10:00 PM,M,37.0,HELMET NOT USED,WITH TRAFFIC,IN ROADWAY,TEST NOT OFFERED,,35,CLEAR,DAYLIGHT,PEDALCYCLIST,OTHER,STRAIGHT AND LEVEL,DRY,INJURY AND / OR TOW DUE TO CRASH,ARCHER AVE,41.8120121572,-87.7073986953,POINT (-87.707398695298 41.812012157213)
O1754690,BICYCLE,1b6743484f4649b4d258be34be9b02d04e389258b91ffb1a91da14afca5d4de123e60b2f738bf644bd34b8926f9df5d7352a28412db8177b4d095b0476487053,02/06/2024 12:32:00 PM,M,23.0,BICYCLE HELMET (PEDACYCLIST INVOLVED ONLY),NOT AT INTERSECTION,IN ROADWAY,TEST NOT OFFERED,,30,CLEAR,DAYLIGHT,PEDALCYCLIST,FOUR WAY,STRAIGHT AND LEVEL,DRY,NO INJURY / DRIVE AWAY,LA SALLE ST,41.884818904,-87.6325769625,POINT (-87.632576962473 41.884818903985)
O1754588,BICYCLE,f4e4cdf335e11c877f7453095084fb7686cae37c005942019517ea554f10f504cb0ef8567d6b5ee25cdaf97548e727899303c7a0b787f98776bc5c8676c4340c,02/06/2024 07:40:00 AM,M,25.0,HELMET NOT USED,NO ACTION,IN ROADWAY,TEST NOT OFFERED,,30,CLEAR,DAYLIGHT,PEDALCYCLIST,NOT DIVIDED,STRAIGHT AND LEVEL,DRY,NO INJURY / DRIVE AWAY,MILWAUKEE AVE,41.8975100919,-87.6576021228,POINT (-87.657602122759 41.897510091927)
O1754408,BICYCLE,4f72810555a80d3bf8a44bd4938fd61f95b97449c047d13ae81ba3dae549caacc24a5c7fb12ec76712430341290899deb5d77c1be3216631fe104762dab781d6,02/05/2024 10:40:00 PM,M,59.0,HELMET NOT USED,NO ACTION,BIKE LANE,TEST NOT OFFERED,,30,CLEAR,"DARKNESS, LIGHTED ROAD",PEDALCYCLIST,DIVIDED - W/MEDIAN (NOT RAISED),STRAIGHT AND LEVEL,DRY,NO INJURY / DRIVE AWAY,HALSTED ST,41.9036983077,-87.6482453506,POINT (-87.648245350626 41.90369830765)
O1754209,BICYCLE,7063e470f8c459ecffc2f3b5b0ca4f395cc3700cf99f9da946ded3050f553c6d1b8017ba5a8e7ecec9132e128111cd6b251a70266839f205c1eaa4e1ab19232a,02/05/2024 02:55:00 PM,M,,BICYCLE HELMET (PEDACYCLIST INVOLVED ONLY),CROSSING - WITH SIGNAL,IN CROSSWALK,TEST NOT OFFERED,,30,CLEAR,DAYLIGHT,PEDALCYCLIST,FOUR WAY,STRAIGHT AND LEVEL,DRY,NO INJURY / DRIVE AWAY,KOSTNER AVE,41.895228577,-87.7360927298,POINT (-87.736092729846 41.89522857701)
O1753653,BICYCLE,ff6860b950fc17504a2c6d18a797f402d3a97db154f061937e4092d4de8dde83894b2d0df2290bff389c8aafb82e058058f6bf016a9cf765588388c35e3d11bb,02/04/2024 04:04:00 PM,M,59.0,BICYCLE HELMET (PEDACYCLIST INVOLVED ONLY),CROSSING - CONTROLS PRESENT (NOT AT INTERSECTION),IN CROSSWALK,TEST NOT OFFERED,,30,CLEAR,DAYLIGHT,PEDALCYCLIST,Y-INTERSECTION,STRAIGHT AND LEVEL,DRY,INJURY AND / OR TOW DUE TO CRASH,GEORGE ST,41.9339712321,-87.6805644505,POINT (-87.680564450493 41.933971232138)
O1753556,BICYCLE,fdfb148a0044249b74736ffa0ff136f33bc221aa8f81311bef0feee0546c5b55de37960abcabeae120e117d4716fc3d6f03695e11726cf02dc29f605f83405c2,02/04/2024 11:40:00 AM,M,17.0,HELMET NOT USED,CROSSING - WITH SIGNAL,NOT IN ROADWAY,TEST NOT OFFERED,,30,CLEAR,DAYLIGHT,PEDALCYCLIST,NOT DIVIDED,STRAIGHT AND LEVEL,DRY,INJURY AND / OR TOW DUE TO CRASH,VAN BUREN ST,41.8767380146,-87.6337624608,POINT (-87.633762460767 41.876738014628)
O1753196,BICYCLE,a2fce728ddb9247142caa92c5b38002135bfe6a6d8836276abd355c8c0a4a5fa7fade9c58507362d2bdcb7ecbb1c62a86d6ebd8e759102ceb0c36ecc6fe19155,02/03/2024 07:40:00 PM,F,24.0,HELMET NOT USED,WITH TRAFFIC,BIKEWAY,,,30,CLEAR,DARKNESS,PEDALCYCLIST,NOT DIVIDED,STRAIGHT AND LEVEL,DRY,NO INJURY / DRIVE AWAY,CHICAGO AVE,41.8964236103,-87.6385475975,POINT (-87.638547597532 41.896423610262)
O1753170,BICYCLE,2564e9495c1e6ca15d166bc2e32826178d445b288b80117e84748e2789f6f7e37765d58c1f444c9698210fc6930d3facc27761d78e749d37786df737eb755e90,02/03/2024 05:50:00 PM,M,16.0,HELMET NOT USED,WITH TRAFFIC,BIKE LANE,,,30,CLEAR,"DARKNESS, LIGHTED ROAD",PEDALCYCLIST,NOT DIVIDED,STRAIGHT AND LEVEL,DRY,INJURY AND / OR TOW DUE TO CRASH,KEDZIE AVE,41.9467192597,-87.7079719507,POINT (-87.707971950739 41.946719259657)
O1753020,BICYCLE,0a45c91435fa93c67a7ec65b5c02a7f390b9cc55d521d1e3a6c77e30cb0f6f2c4ad318ddec3a76c512f95cb21dae75a99de7e99f61e4317b32a7f4d0c995493c,02/03/2024 03:15:00 PM,M,19.0,BICYCLE HELMET (PEDACYCLIST INVOLVED ONLY),WITH TRAFFIC,BIKE LANE,TEST NOT OFFERED,,30,CLEAR,DAYLIGHT,PEDALCYCLIST,NOT DIVIDED,STRAIGHT AND LEVEL,DRY,INJURY AND / OR TOW DUE TO CRASH,MILWAUKEE AVE,41.9098171404,-87.6763640158,POINT (-87.67636401582 41.909817140442)
O1752778,BICYCLE,09fbe4a66a88ad715d552657b7acdc7a04684c1b0bec312f33d57bb028cf36b99a12d9e4e0ac8282ecc497661846b8c1e4a5a112372a958fd20dd9ef381ebb6f,02/03/2024 09:10:00 AM,M,65.0,HELMET NOT USED,CROSSING - NO CONTROLS (NOT AT INTERSECTION),IN CROSSWALK,TEST NOT OFFERED,,30,CLEAR,DAYLIGHT,PEDALCYCLIST,OTHER,STRAIGHT AND LEVEL,DRY,INJURY AND / OR TOW DUE TO CRASH,GRAND AVE,41.9236732565,-87.7996266459,POINT (-87.799626645945 41.923673256513)
O1756625,BICYCLE,0cd77e3059bc2ed094357149d3dc81dd79aa408d0f46de00633664e9b2076167873ab074c22c8bead04dfcbc5d543cfd08e3e314f04ebd6483cb8fc2832b45d4,02/03/2024 12:30:00 AM,M,43.0,HELMET NOT USED,OTHER ACTION,NOT IN ROADWAY,TEST NOT OFFERED,,30,UNKNOWN,UNKNOWN,PEDALCYCLIST,NOT DIVIDED,STRAIGHT AND LEVEL,UNKNOWN,NO INJURY / DRIVE AWAY,MADISON ST,41.8812414568,-87.674282534,POINT (-87.674282533953 41.881241456803)
O1752965,BICYCLE,de93161a897f2d6cd609e4ca94ea975f0914b6f9850d56a39c474c39d38efcdbd7bebba2eebbba19761233f903cf707810b801701d2bb1bbfae2f0861b655057,02/02/2024 08:30:00 PM,M,,BICYCLE HELMET (PEDACYCLIST INVOLVED ONLY),UNKNOWN/NA,IN ROADWAY,TEST NOT OFFERED,,30,UNKNOWN,UNKNOWN,PEDALCYCLIST,NOT DIVIDED,STRAIGHT AND LEVEL,UNKNOWN,NO INJURY / DRIVE AWAY,HALSTED ST,41.9263521501,-87.6489397734,POINT (-87.648939773385 41.926352150101)
O1751991,BICYCLE,e8b9d8641d658dea576769d0c4f7a99b9f881f89234fe088c6fc1fc0d06c10610bddb5e620a62eb012154f6c5816619b274ba1c1f2166ec54e1dd35b91329d5a,02/01/2024 07:50:00 PM,M,18.0,HELMET NOT USED,UNKNOWN/NA,IN ROADWAY,TEST NOT OFFERED,,35,CLEAR,"DARKNESS, LIGHTED ROAD",PEDALCYCLIST,NOT DIVIDED,STRAIGHT AND LEVEL,UNKNOWN,INJURY AND / OR TOW DUE TO CRASH,BROADWAY,41.9885365428,-87.6600725608,POINT (-87.660072560846 41.988536542764)
O1751775,BICYCLE,624962b075e79a95f473379ab97a5735df5f50f19edc6cd6482b39b75418a3ea08555f781433736e8f0dccc4765fc0b0c107dcc4b7fe12971674faef49c1d306,02/01/2024 01:45:00 PM,,64.0,HELMET NOT USED,AGAINST TRAFFIC,NOT IN ROADWAY,TEST NOT OFFERED,,25,CLEAR,DAYLIGHT,PEDALCYCLIST,DRIVEWAY,STRAIGHT AND LEVEL,DRY,INJURY AND / OR TOW DUE TO CRASH,BROADWAY,41.997315437,-87.6603356606,POINT (-87.660335660577 41.997315436987)
O1751525,BICYCLE,5b32ed357b5e5eeb3cd0df27148be4b045231b0814fe995ed9b5377e63e7b18dc19e96b83013e4ebfcdb26010d4f60a4dc2580c04604dba3f31eda9601a1caf7,02/01/2024 08:55:00 AM,F,44.0,BICYCLE HELMET (PEDACYCLIST INVOLVED ONLY),WITH TRAFFIC,IN ROADWAY,TEST NOT OFFERED,,30,CLEAR,DAYLIGHT,PEDALCYCLIST,FOUR WAY,STRAIGHT AND LEVEL,DRY,NO INJURY / DRIVE AWAY,FULTON ST,41.8866637508,-87.6766667328,POINT (-87.676666732798 41.886663750838)
O1751553,BICYCLE,08139f8764a8ae0666881191ff58a93003a5ad8eae62f3fe580f6d2e54cd35e4dfaafbce8cfd7961850c55d887723033a938f1917e2001f5de54fa532fdd1bf4,02/01/2024 08:30:00 AM,M,17.0,HELMET NOT USED,OTHER ACTION,BIKEWAY,TEST NOT OFFERED,,30,CLEAR,DAYLIGHT,PEDALCYCLIST,OTHER,STRAIGHT AND LEVEL,DRY,INJURY AND / OR TOW DUE TO CRASH,ARMITAGE AVE,41.9181955063,-87.6548068343,POINT (-87.654806834298 41.918195506273)
O1753030,BICYCLE,fd829cae77b12b1677b0d203adceae36f58e04a8e4e80b2eb58d8933ea04722235cabc7e69e92cf1783358d900f67f9d12ad94874e4f4deafc7d261edebf5bbf,01/31/2024 06:30:00 PM,M,30.0,HELMET NOT USED,PARKED VEHICLE,IN ROADWAY,TEST NOT OFFERED,,30,CLEAR,"DARKNESS, LIGHTED ROAD",PEDALCYCLIST,NOT DIVIDED,STRAIGHT AND LEVEL,DRY,NO INJURY / DRIVE AWAY,LINCOLN AVE,41.935725468,-87.6629310039,POINT (-87.662931003886 41.935725468035)
O1751337,BICYCLE,e10ff64fce83a252d6a7c228a1215fdca32ab446bd4da67524f9b7055d6c2a0ea6d41fd844d07669e70ac4d347676c20d13df159e335a594fb70623c4e682665,01/31/2024 06:10:00 PM,F,35.0,HELMET NOT USED,WITH TRAFFIC,IN ROADWAY,TEST NOT OFFERED,,30,CLEAR,"DARKNESS, LIGHTED ROAD",PEDALCYCLIST,NOT DIVIDED,STRAIGHT AND LEVEL,DRY,NO INJURY / DRIVE AWAY,HALSTED ST,41.8767016922,-87.6473500516,POINT (-87.64735005163 41.876701692227)
O1751344,BICYCLE,c095522f093fe026297f9a6b0e46a6d56f458b6655e8f569f7202c051fa0bc7f2b63fdebb42d6439420ab69e158a3b1b26c449885fbfc132b45fd70999e17ac4,01/31/2024 05:10:00 PM,F,58.0,BICYCLE HELMET (PEDACYCLIST INVOLVED ONLY),TURNING LEFT,DRIVEWAY ACCESS,TEST NOT OFFERED,,20,CLEAR,"DARKNESS, LIGHTED ROAD",PEDALCYCLIST,NOT DIVIDED,STRAIGHT AND LEVEL,DRY,NO INJURY / DRIVE AWAY,DAMEN AVE,41.973204147,-87.6794650501,POINT (-87.679465050073 41.97320414697)
O1751219,BICYCLE,01f50f7ae3b995a51a0671a6c4216f8b99cbc63fabb331daae7ba5d35950288dd1809e70d5554d57ae17900caf30705ba3c243ff2e0536db4898138ba60b51ae,01/31/2024 03:10:00 PM,M,,HELMET NOT USED,NO ACTION,NOT IN ROADWAY,TEST NOT OFFERED,,10,CLEAR,DAYLIGHT,PEDALCYCLIST,ALLEY,STRAIGHT AND LEVEL,DRY,NO INJURY / DRIVE AWAY,AUGUSTA BLVD,41.8994040163,-87.6949454323,POINT (-87.694945432281 41.899404016322)
O1751496,BICYCLE,155080248cdaacb404ddc56e7e548d1f78023a9e20c7a8e30e5f475e8eca042ecce28b2a31c7c270225b780be76bc5b5bae381d83936dbaf586aecc1a9c7b1bc,01/31/2024 12:00:00 PM,M,,BICYCLE HELMET (PEDACYCLIST INVOLVED ONLY),UNKNOWN/NA,IN ROADWAY,TEST NOT OFFERED,,30,CLEAR,DAYLIGHT,PEDALCYCLIST,NOT DIVIDED,STRAIGHT AND LEVEL,DRY,NO INJURY / DRIVE AWAY,ARMITAGE AVE,41.9172750694,-87.7266227464,POINT (-87.726622746448 41.917275069409)
O1750761,BICYCLE,015d381acaafee8dfd69afac2c8aa809183d41a0ee947d58ffe4749df2b59e8c751d46e3b987af8076b5d28f63a9b134e8c0fcfd7051fa64ae48c2cfd0826a0b,01/30/2024 06:41:00 PM,M,19.0,HELMET NOT USED,CROSSING - AGAINST SIGNAL,IN ROADWAY,TEST NOT OFFERED,,30,CLEAR,"DARKNESS, LIGHTED ROAD",PEDALCYCLIST,DIVIDED - W/MEDIAN (NOT RAISED),STRAIGHT AND LEVEL,DRY,INJURY AND / OR TOW DUE TO CRASH,CENTRAL PARK AVE,41.9172624306,-87.7166244293,POINT (-87.716624429322 41.917262430557)
O1750753,BICYCLE,2b58c00b951586ac5a3ca8b45e0105baa249f3961b31a3d36ffea764184ea2e5c3ef81c81aafebaf2352c623aad968b8e32506760a9efacb403fc86bbdb62ac8,01/30/2024 05:45:00 PM,M,21.0,BICYCLE HELMET (PEDACYCLIST INVOLVED ONLY),TURNING LEFT,IN ROADWAY,TEST NOT OFFERED,,30,CLEAR,"DARKNESS, LIGHTED ROAD",PEDALCYCLIST,FOUR WAY,STRAIGHT AND LEVEL,DRY,NO INJURY / DRIVE AWAY,COLUMBUS DR,41.8845853706,-87.6207921526,POINT (-87.620792152563 41.884585370634)
O1750957,BICYCLE,4b2ad096e899a4be04f7c1949c7388839ee780773887dc9c376d31585867ca9b01dd99972e74bdefbd3708c9e217ea0a4678362ea72cca2525c8ec30ad67fe57,01/30/2024 12:00:00 PM,M,,HELMET NOT USED,OTHER ACTION,NOT IN ROADWAY,TEST NOT OFFERED,,30,CLEAR,DAYLIGHT,PEDALCYCLIST,PARKING LOT,STRAIGHT AND LEVEL,DRY,NO INJURY / DRIVE AWAY,WESTERN AVE,42.0040270458,-87.6898985345,POINT (-87.689898534476 42.004027045834)
O1750545,BICYCLE,763b21f0bed4d897006953060f8ef0260917b8c8bd4a2e55ecb4797894d33b6ebb6453fbc67f5811d7fdcfc9522e4102e98d4196fa3e8ab7d0b153409806ece9,01/30/2024 11:50:00 AM,M,76.0,BICYCLE HELMET (PEDACYCLIST INVOLVED ONLY),CROSSING - AGAINST SIGNAL,IN ROADWAY,,,25,CLEAR,DAYLIGHT,PEDALCYCLIST,NOT DIVIDED,STRAIGHT AND LEVEL,WET,INJURY AND / OR TOW DUE TO CRASH,SHEFFIELD AVE,41.9353157609,-87.6538029394,POINT (-87.653802939354 41.935315760894)
O1750358,BICYCLE,e50d730b7a96eba529c3c2fa4df942a2fdb48dd2dc13a4016ff76bb637c0b293511a08bc4956e8220054e92e2064af4247fd75bc960e134e49697a4e46eed90b,01/30/2024 07:05:00 AM,M,22.0,BICYCLE HELMET (PEDACYCLIST INVOLVED ONLY),UNKNOWN/NA,BIKEWAY,TEST NOT OFFERED,,30,CLEAR,DAYLIGHT,PEDALCYCLIST,DIVIDED - W/MEDIAN (NOT RAISED),STRAIGHT AND LEVEL,WET,NO INJURY / DRIVE AWAY,LAWRENCE AVE,41.9683897212,-87.7245257258,POINT (-87.724525725802 41.968389721175)
O1750242,BICYCLE,f7b5ef987d2c63f54af1105fb8db7fd49f4c6367d2e561af23415628d28eb52190044956546991c6112b510471d53f0ec4e5baa9b789550235720c46e81083c9,01/29/2024 06:25:00 PM,M,16.0,HELMET NOT USED,CROSSING - WITH SIGNAL,IN CROSSWALK,TEST NOT OFFERED,,30,CLEAR,DARKNESS,PEDALCYCLIST,FOUR WAY,STRAIGHT AND LEVEL,DRY,INJURY AND / OR TOW DUE TO CRASH,FULLERTON AVE,41.9235689927,-87.785379196,POINT (-87.78537919603 41.923568992727)
O1752332,BICYCLE,f243c0b28e695498eeaa4ea9b3d28e1dca45652e579ced4189397969584b3347e216e66f03f87b445dd13b8ddea71852f3d5b275499f5b54a94c93b7c021c57d,01/29/2024 05:50:00 PM,M,58.0,BICYCLE HELMET (PEDACYCLIST INVOLVED ONLY),WITH TRAFFIC,BIKE LANE,TEST NOT OFFERED,,30,CLEAR,"DARKNESS, LIGHTED ROAD",PEDALCYCLIST,NOT DIVIDED,STRAIGHT AND LEVEL,DRY,NO INJURY / DRIVE AWAY,DAMEN AVE,41.9089214003,-87.6775677955,POINT (-87.677567795523 41.908921400283)
O1749528,BICYCLE,1a776e99281e43e5127842270add9dd7eed594cc70898915e535b57537c34a64482b5d3239187dc109838a81ab1a955fddc413fcf4410ff39908ef25e177b68a,01/28/2024 12:49:00 PM,M,28.0,BICYCLE HELMET (PEDACYCLIST INVOLVED ONLY),TURNING LEFT,IN ROADWAY,TEST NOT OFFERED,,30,RAIN,"DARKNESS, LIGHTED ROAD",PEDALCYCLIST,NOT DIVIDED,STRAIGHT AND LEVEL,WET,NO INJURY / DRIVE AWAY,MILWAUKEE AVE,41.91358779,-87.6822028354,POINT (-87.682202835425 41.913587790048)
O1749463,BICYCLE,f19df14d908c2f3c356d31b98ebae1e2ed1081f0753310c2bb482103169fea1b7ad1062970e3db3ad300955847c024dbc5e410e04acea8529a6df6659effdfb5,01/28/2024 11:25:00 AM,M,32.0,BICYCLE HELMET (PEDACYCLIST INVOLVED ONLY),CROSSING - AGAINST SIGNAL,IN CROSSWALK,TEST NOT OFFERED,,30,CLEAR,DAYLIGHT,PEDALCYCLIST,DIVIDED - W/MEDIAN (NOT RAISED),STRAIGHT AND LEVEL,WET,INJURY AND / OR TOW DUE TO CRASH,ELSTON AVE,41.9658595462,-87.736650415,POINT (-87.736650415023 41.965859546249)
O1748595,BICYCLE,c7b5646105b20d2e0bf742151f895eec9fc7a26c580796b93c7ca637e5f318a7940cfabc99ade689ccf1f257a52de90e47e972320bb6b4826e8f1ee4e7748754,01/26/2024 06:04:00 PM,M,16.0,HELMET NOT USED,NO ACTION,IN ROADWAY,TEST NOT OFFERED,,30,RAIN,"DARKNESS, LIGHTED ROAD",PEDALCYCLIST,NOT DIVIDED,STRAIGHT AND LEVEL,WET,INJURY AND / OR TOW DUE TO CRASH,DAMEN AVE,41.9126581471,-87.6776602876,POINT (-87.677660287575 41.912658147053)
O1750123,NON-MOTOR VEHICLE,495df40dc3fd01ad201172edffd1ea2f1d4c333a61347b35ceabb7b982b0ecf154ccb1e7f7408023ec91915ef66bbc23c5332e176a38a326e945a25ebc37d535,01/26/2024 06:00:00 PM,M,,USAGE UNKNOWN,AGAINST TRAFFIC,,TEST NOT OFFERED,,15,RAIN,"DARKNESS, LIGHTED ROAD",OTHER OBJECT,PARKING LOT,STRAIGHT AND LEVEL,WET,NO INJURY / DRIVE AWAY,CLYBOURN AVE,41.9310210058,-87.6768640181,POINT (-87.676864018134 41.931021005798)
O1748604,BICYCLE,adeba42c3fdcaa211e5c1243752fc28b830dfa7f491a371f90458721cdfd1488cb4442b8588caccf6a8f1378fc7828a8c6abde123ec8112871bf76eab1abe487,01/26/2024 05:57:00 PM,M,53.0,HELMET NOT USED,TURNING RIGHT,UNKNOWN/NA,TEST NOT OFFERED,,30,RAIN,"DARKNESS, LIGHTED ROAD",PEDALCYCLIST,Y-INTERSECTION,STRAIGHT AND LEVEL,WET,INJURY AND / OR TOW DUE TO CRASH,18TH ST,41.8579898922,-87.6610720101,POINT (-87.661072010136 41.85798989218)
O1748483,BICYCLE,526b941e6f9eda046b932cbd97726439fd5e1a55d0a4b61632edac0689925ec30228184cebbd8d71ce3ab125b4561c4f38ff072c0ff0b4afc3134b43fbe99e89,01/26/2024 03:50:00 PM,M,,HELMET NOT USED,UNKNOWN/NA,IN ROADWAY,TEST NOT OFFERED,,30,UNKNOWN,UNKNOWN,PEDALCYCLIST,NOT DIVIDED,STRAIGHT AND LEVEL,UNKNOWN,NO INJURY / DRIVE AWAY,PETERSON AVE,41.9906773114,-87.6707217846,POINT (-87.670721784581 41.990677311374)
O1753451,BICYCLE,52ee1d714ddad66e43b2242f32a5292ebbc656b64db26bbf6184857be0e97e2faa9cdeadcb12e2345b0a6332e2f00d7fef1ebf0a0a70df2a59803d6808c32bce,01/26/2024 08:30:00 AM,F,48.0,BICYCLE HELMET (PEDACYCLIST INVOLVED ONLY),OTHER ACTION,IN ROADWAY,TEST NOT OFFERED,,15,FOG/SMOKE/HAZE,DAYLIGHT,PEDALCYCLIST,ALLEY,STRAIGHT AND LEVEL,WET,INJURY AND / OR TOW DUE TO CRASH,LE MOYNE ST,41.9085949758,-87.6877895892,POINT (-87.687789589174 41.908594975808)
O1748079,BICYCLE,7a76aa76c4bed6dc59e04cb18c6bcca4154745d90134b92e2f1244475883fdb2a3ad7af9b45c593da336fa93e175f9b6a7ae14a40e6186241072d79ad650f7f7,01/26/2024 05:35:00 AM,M,62.0,HELMET NOT USED,CROSSING - WITH SIGNAL,IN ROADWAY,TEST NOT OFFERED,,30,CLEAR,"DARKNESS, LIGHTED ROAD",PEDALCYCLIST,FOUR WAY,STRAIGHT AND LEVEL,WET,INJURY AND / OR TOW DUE TO CRASH,WESTERN AVE,41.8448203764,-87.6855931141,POINT (-87.685593114094 41.84482037639)
O1751574,NON-MOTOR VEHICLE,11b04e93fa929b67b5e73171b65112b402c4199b5f236d24436e19921e473a93172d9147cf8141a78aaaea8049b39a6c36f4ce7c58c924c2dd516d5ef2011764,01/25/2024 09:30:00 PM,X,,USAGE UNKNOWN,UNKNOWN/NA,UNKNOWN/NA,TEST NOT OFFERED,,30,RAIN,"DARKNESS, LIGHTED ROAD",FIXED OBJECT,ONE-WAY,STRAIGHT AND LEVEL,WET,INJURY AND / OR TOW DUE TO CRASH,CONGRESS PKWY,41.875431892,-87.658143676,POINT (-87.658143676003 41.875431892003)
O1747981,BICYCLE,8799fbeab0e7bb4defa7c6f9b55266d60858989deae5c89193c517806af81deaf82968c77793c500770b272ba394fc96346f6a1ad20cbe2cd7a8a609c035b28f,01/25/2024 09:08:00 PM,M,52.0,HELMET NOT USED,CROSSING - WITH SIGNAL,IN ROADWAY,TEST NOT OFFERED,N,30,RAIN,"DARKNESS, LIGHTED ROAD",PEDALCYCLIST,NOT DIVIDED,STRAIGHT AND LEVEL,WET,INJURY AND / OR TOW DUE TO CRASH,63RD ST,41.7796534715,-87.6593043329,POINT (-87.659304332939 41.779653471503)
O1747921,BICYCLE,7513149e7d5fcb40633a265757688273604c1ad1bb03ad6726d5ad3da53b849b18da3dc2896a3827afc4a052f579ed82c476067c8aced2a7e8b4627336a1bef2,01/25/2024 07:16:00 PM,M,71.0,HELMET NOT USED,OTHER ACTION,IN CROSSWALK,TEST NOT OFFERED,,30,RAIN,"DARKNESS, LIGHTED ROAD",PEDALCYCLIST,ONE-WAY,STRAIGHT AND LEVEL,WET,NO INJURY / DRIVE AWAY,PETERSON AVE,41.9906295125,-87.6883775454,POINT (-87.68837754542 41.99062951249)
O1747940,BICYCLE,f7d8f2571b0c275c4b753f951c65a509cc42c0026fd09b4741098b2aa3251597ed0099eaf06df77c8eae739c1f373f3049570a8cbfe060b23094893d43c2b242,01/25/2024 07:10:00 PM,M,67.0,HELMET NOT USED,CROSSING - NO CONTROLS (AT INTERSECTION),IN CROSSWALK,TEST NOT OFFERED,,30,RAIN,"DARKNESS, LIGHTED ROAD",PEDALCYCLIST,FOUR WAY,STRAIGHT AND LEVEL,WET,INJURY AND / OR TOW DUE TO CRASH,76TH ST,41.7569062849,-87.5798314525,POINT (-87.579831452482 41.75690628492)
O1747888,BICYCLE,bff84a6ebc529498ad49937dff7addcf7c9ac776764bbc663ae0d77f131b73fe05c419b77d5920cd4f7e6c521a88155b306eeea1ac58baaf3fca35386979e540,01/24/2024 01:30:00 PM,M,26.0,BICYCLE HELMET (PEDACYCLIST INVOLVED ONLY),WITH TRAFFIC,IN ROADWAY,TEST NOT OFFERED,,30,UNKNOWN,UNKNOWN,PEDALCYCLIST,NOT DIVIDED,STRAIGHT AND LEVEL,UNKNOWN,INJURY AND / OR TOW DUE TO CRASH,LAWRENCE AVE,41.9685532241,-87.7091262747,POINT (-87.709126274693 41.968553224065)
O1744669,BICYCLE,7b89ae287097005bb1591070f89446dc1a872a3b42c2d7b2c3801865787479dcb2e86e2d389ae2c8e97a5753544b218d67f290b246d376690e8bc680ef639c4b,01/20/2024 05:53:00 PM,M,22.0,BICYCLE HELMET (PEDACYCLIST INVOLVED ONLY),NO ACTION,BIKEWAY,TEST NOT OFFERED,,25,CLEAR,DUSK,PEDALCYCLIST,NOT DIVIDED,STRAIGHT AND LEVEL,DRY,NO INJURY / DRIVE AWAY,CLARK ST,41.9269010044,-87.6411114794,POINT (-87.641111479422 41.926901004396)
O1744385,NON-MOTOR VEHICLE,29e0f878888c7a9a6f28b1573442da7cb64d3cdf3b05c1f5c47b1bc0504bc5f7920130eb2cef4ac5e6e3186a9c81f5e0600dc3e0f14ba9013cd82f34f507d97e,01/20/2024 12:00:00 PM,X,,NONE PRESENT,NO ACTION,IN CROSSWALK,TEST NOT OFFERED,,30,SNOW,DAYLIGHT,FIXED OBJECT,DIVIDED - W/MEDIAN (NOT RAISED),STRAIGHT AND LEVEL,WET,INJURY AND / OR TOW DUE TO CRASH,ELIZABETH ST,41.7360091803,-87.6544120312,POINT (-87.65441203122 41.736009180275)
O1742906,BICYCLE,a4ffba41a2d7e35c548cd20d4b4f154f387d293cb2859af2f62cc1ea1f322ac243636e78f2c363e8195d8cc2baf2cc9958e0a85b7fad9a325a62adff46d0eac9,01/18/2024 09:59:00 AM,M,,HELMET NOT USED,WITH TRAFFIC,BIKEWAY,TEST NOT OFFERED,,30,SNOW,DAYLIGHT,PEDALCYCLIST,DIVIDED - W/MEDIAN (NOT RAISED),STRAIGHT AND LEVEL,WET,INJURY AND / OR TOW DUE TO CRASH,PULASKI RD,41.9971490774,-87.7287631015,POINT (-87.728763101513 41.997149077446)
O1739868,BICYCLE,ab84945ad8043cfbc62a3780457f2cf200d7d956b06d8e1b194c4114808d44fa7b4acde8715b11905905c353af64bc9fe0aff0f70fcd24d4f5ca41851343a759,01/12/2024 09:30:00 PM,M,,HELMET NOT USED,TURNING LEFT,IN ROADWAY,TEST NOT OFFERED,,30,FREEZING RAIN/DRIZZLE,"DARKNESS, LIGHTED ROAD",PEDALCYCLIST,FOUR WAY,STRAIGHT AND LEVEL,SNOW OR SLUSH,NO INJURY / DRIVE AWAY,KINZIE ST,41.8891405887,-87.6281817397,POINT (-87.628181739685 41.889140588692)