PERSON_ID,PERSON_TYPE,CRASH_RECORD_ID,CRASH_DATE_x,SEX,AGE,SAFETY_EQUIPMENT,PEDPEDAL_ACTION,PEDPEDAL_LOCATION,BAC_RESULT,CRASH_DATE_EST_I,POSTED_SPEED_LIMIT,WEATHER_CONDITION,LIGHTING_CONDITION,FIRST_CRASH_TYPE,TRAFFICWAY_TYPE,ALIGNMENT,ROADWAY_SURFACE_COND,CRASH_TYPE,STREET_NAME,LATITUDE,LONGITUDE,LOCATION
O1740149,NON-MOTOR VEHICLE,b9ee97162f762adfb76dfd538aa1431d2488e74b4841eba41214a6d71f0173b7de2cc3bb42bca16e9f9e00506fb2e29b3d3cadca2e49a5876bc641330f7ce423,01/12/2024 08:30:00 PM,M,28.0,NONE PRESENT,AGAINST TRAFFIC,IN ROADWAY,TEST NOT OFFERED,,30,RAIN,"DARKNESS, LIGHTED ROAD",OTHER OBJECT,NOT DIVIDED,STRAIGHT AND LEVEL,WET,INJURY AND / OR TOW DUE TO CRASH,CLARK ST,41.9040519578,-87.6313027858,POINT (-87.631302785829 41.904051957791)
O1739553,NON-MOTOR VEHICLE,bb8adc3aef04cbc0ddf40d47050744074fcd846180338aa549d00855b3697ef2001fa6130a4a7c978771f8424df7ce8b68878553438e49ec6660e5d6dd0de24c,01/12/2024 11:55:00 AM,M,45.0,USAGE UNKNOWN,,,TEST NOT OFFERED,,10,SNOW,DAYLIGHT,OTHER OBJECT,PARKING LOT,STRAIGHT AND LEVEL,SNOW OR SLUSH,NO INJURY / DRIVE AWAY,WAYNE AVE,41.9274217172,-87.6623277275,POINT (-87.662327727539 41.927421717216)
O1739322,BICYCLE,72796ebf3069e4b6616dcd6fc8570653fc90b0d6b189defdfc5a27dcf44c8ded23b4dd9190b388a5c65b79a5343563052dfde76848590e283048cca6c004fcf7,01/12/2024 03:50:00 AM,M,52.0,HELMET NOT USED,NO ACTION,IN ROADWAY,TEST NOT OFFERED,,30,CLEAR,"DARKNESS, LIGHTED ROAD",PEDALCYCLIST,DIVIDED - W/MEDIAN (NOT RAISED),STRAIGHT AND LEVEL,WET,INJURY AND / OR TOW DUE TO CRASH,STONY ISLAND AVE,41.7232178597,-87.5849969229,POINT (-87.584996922856 41.72321785968)
O1738889,BICYCLE,3361fd332bbf670b8c9fb8679b5ee92ce79c39d60188d7dd952f7c339e0f16f34e8da862cd6c4712aceea262774a12d6efebe9477ef72400f5368f2e6aad8bdb,01/11/2024 01:00:00 PM,M,48.0,HELMET NOT USED,TURNING LEFT,IN CROSSWALK,TEST NOT OFFERED,,30,CLEAR,DAYLIGHT,PEDALCYCLIST,NOT DIVIDED,STRAIGHT AND LEVEL,DRY,INJURY AND / OR TOW DUE TO CRASH,WESTERN AVE,41.9124133927,-87.6874214944,POINT (-87.687421494408 41.912413392722)
O1744646,BICYCLE,2cb5a32d3917319b8252861db3c0fc4d7812fce3f887a1ee125490fbc3a1c8f964da9b3b0823d83983ab6fe565c2c359984335512280ae50cbe5109de79b2cca,01/11/2024 08:49:00 AM,M,28.0,BICYCLE HELMET (PEDACYCLIST INVOLVED ONLY),CROSSING - NO CONTROLS (AT INTERSECTION),UNKNOWN/NA,TEST NOT OFFERED,,25,UNKNOWN,UNKNOWN,PEDALCYCLIST,FOUR WAY,STRAIGHT AND LEVEL,UNKNOWN,NO INJURY / DRIVE AWAY,MILWAUKEE AVE,41.8918455097,-87.6488178364,POINT (-87.648817836369 41.891845509736)
O1738382,BICYCLE,6e9acb0e0cb0509dac6a3031211d1406a2d54c99b7cece47dd9cf086a9dbbbae32ea4a7b0fac0c64f3c38e93c5a13ec82cddcca0bdcfb62948c0a6906b271738,01/10/2024 02:15:00 PM,M,17.0,HELMET NOT USED,CROSSING - NO CONTROLS (NOT AT INTERSECTION),IN ROADWAY,TEST NOT OFFERED,,25,CLOUDY/OVERCAST,DAYLIGHT,PEDALCYCLIST,NOT DIVIDED,STRAIGHT AND LEVEL,WET,INJURY AND / OR TOW DUE TO CRASH,BERTEAU AVE,41.9569246747,-87.7684103579,POINT (-87.768410357875 41.956924674725)
O1738306,BICYCLE,d0eb4eefb760124db5b78642ff1d1e6f21d919d2406f35e6ab049470625b16bb9986afecac55059b13c2b66559348de68c95e8a17600b93a4931ae74e915b336,01/10/2024 11:45:00 AM,M,,HELMET NOT USED,CROSSING - AGAINST SIGNAL,IN ROADWAY,TEST NOT OFFERED,,30,CLEAR,DAYLIGHT,PEDALCYCLIST,FOUR WAY,STRAIGHT AND LEVEL,SNOW OR SLUSH,INJURY AND / OR TOW DUE TO CRASH,ADDISON ST,41.9452768923,-87.8217523381,POINT (-87.82175233812 41.945276892318)
O1738666,NON-MOTOR VEHICLE,c08c327bba94159efec1285609119e0a48996b3a186bb6b4d5cfc2eea33d2b2a96a8dc1230f6e1348f5434e4fe55c571614574c79929733518a106a55f76dc7c,01/10/2024 10:21:00 AM,X,,USAGE UNKNOWN,UNKNOWN/NA,UNKNOWN/NA,TEST NOT OFFERED,,30,UNKNOWN,UNKNOWN,ANIMAL,NOT DIVIDED,STRAIGHT AND LEVEL,UNKNOWN,NO INJURY / DRIVE AWAY,KIMBARK AVE,41.802310031,-87.5952384163,POINT (-87.595238416275 41.802310030986)
O1738092,NON-MOTOR VEHICLE,3a0696ab50d29d8773550f6b044ece1aa23dc7f598ec1a1b4d23af03ef32174bed8cab9cf4e2bf689e8c1804bc0347ccf2453957b22286329f0ab494ab1e0aeb,01/09/2024 10:00:00 PM,,,,,,,,15,SNOW,"DARKNESS, LIGHTED ROAD",FIXED OBJECT,PARKING LOT,STRAIGHT AND LEVEL,SNOW OR SLUSH,NO INJURY / DRIVE AWAY,PARKING LOT A ST,,,
O1737866,BICYCLE,406eae45c0304c6ea6b89e34ac775959e967437eeb5e2955e251fa94b1001879edf916709fe7b8f1ef223ff563932205fae20269627fe71b513bfa6ad015be03,01/09/2024 03:50:00 PM,M,30.0,HELMET NOT USED,AGAINST TRAFFIC,IN ROADWAY,TEST NOT OFFERED,,30,SNOW,"DARKNESS, LIGHTED ROAD",PEDALCYCLIST,DIVIDED - W/MEDIAN (NOT RAISED),STRAIGHT AND LEVEL,WET,NO INJURY / DRIVE AWAY,KEDZIE AVE,41.9643875286,-87.7084924784,POINT (-87.708492478441 41.964387528635)
O1737567,BICYCLE,e995f273d915100355612caa0015200bcef354c1ab51bfa2d98be712a06ee39cbf39ce5d252090563caec4a679cbbbbedb69d67a1f518384d0fafee70e18dcbc,01/09/2024 08:21:00 AM,M,30.0,HELMET NOT USED,CROSSING - WITH SIGNAL,IN ROADWAY,TEST NOT OFFERED,,30,RAIN,DAYLIGHT,PEDALCYCLIST,FOUR WAY,STRAIGHT AND LEVEL,WET,INJURY AND / OR TOW DUE TO CRASH,DIVERSEY PKWY,41.9326117977,-87.6489401766,POINT (-87.648940176555 41.932611797695)
O1737564,NON-MOTOR VEHICLE,8d52b0db082321ae3266308f94b57c4fa5c140d9afdf02e6597a7586668e53cddfe99bafafe69197f98f246a56cd5e53356b95bfdd86b587f4627825be998cdb,01/09/2024 06:09:00 AM,,,,OTHER ACTION,,,,55,SNOW,DAYLIGHT,OTHER OBJECT,DIVIDED - W/MEDIAN BARRIER,STRAIGHT AND LEVEL,WET,INJURY AND / OR TOW DUE TO CRASH,CHICAGO SKYWAY OB,41.7743226849,-87.6194160071,POINT (-87.619416007121 41.774322684922)
O1737528,BICYCLE,aace88acceb0097dde2f3a1e9d12b62b67f8adee2a929c4ccfa2775157b3801a0701c2d7097c3b86fa53a0573aab78c4fe18a4fa45403faf0ead0c462d2278dd,01/09/2024 05:30:00 AM,M,31.0,HELMET NOT USED,TURNING LEFT,BIKEWAY,TEST NOT OFFERED,Y,30,SNOW,"DARKNESS, LIGHTED ROAD",PEDALCYCLIST,T-INTERSECTION,STRAIGHT AND LEVEL,SNOW OR SLUSH,NO INJURY / DRIVE AWAY,PAYNE DR,41.7949472131,-87.6075404082,POINT (-87.607540408161 41.794947213124)
O1737178,BICYCLE,dd1695e0f107fe63fb6ea4ebebbea249dee836ffdcd95510b22406d60e6cb68bec81ce235b07c9907e44826fd495b18476e77da00e06b863390c4f30a5fb4433,01/08/2024 12:30:00 PM,M,,HELMET NOT USED,ENTER FROM DRIVE/ALLEY,IN ROADWAY,TEST NOT OFFERED,,30,CLOUDY/OVERCAST,DAYLIGHT,PEDALCYCLIST,ONE-WAY,STRAIGHT AND LEVEL,DRY,NO INJURY / DRIVE AWAY,ST LOUIS AVE,41.9532766207,-87.7154932909,POINT (-87.715493290935 41.953276620669)
O1737060,BICYCLE,666860cbac7630c9d481cb48d0e928639dedf35c113e4342ab5f208a611c8d377645ea6d760e96ec19bea3289e504d60c097e1041b28a7f8476da9cdddba636c,01/08/2024 08:50:00 AM,M,30.0,HELMET NOT USED,UNKNOWN/NA,DRIVEWAY ACCESS,TEST NOT OFFERED,N,30,CLOUDY/OVERCAST,DAYLIGHT,PEDALCYCLIST,DRIVEWAY,STRAIGHT AND LEVEL,UNKNOWN,INJURY AND / OR TOW DUE TO CRASH,CICERO AVE,41.9457232406,-87.7471975312,POINT (-87.747197531232 41.945723240617)
O1736906,BICYCLE,93f25645a89de12315e555781bf7a8a15f925aecef4097d2ecfa715ea2746becac4cf1d652ac4d1719dad9116d68ee826941ddcd2b8837baa303210e4519e413,01/07/2024 07:05:00 PM,M,32.0,HELMET NOT USED,WITH TRAFFIC,IN ROADWAY,TEST TAKEN,,30,CLEAR,"DARKNESS, LIGHTED ROAD",PEDALCYCLIST,DIVIDED - W/MEDIAN (NOT RAISED),STRAIGHT AND LEVEL,DRY,INJURY AND / OR TOW DUE TO CRASH,DIVERSEY PKWY,41.9327055568,-87.6441630635,POINT (-87.644163063507 41.932705556771)
O1739647,BICYCLE,0124a489517317b0753dedbd51c588c1c0a87a992709ed1ec52048b51ea717316887efdb50bbfda9bf563cc6dbc7c989177e0d5d353d20d714a18eb2c0df455a,01/07/2024 04:30:00 PM,M,62.0,BICYCLE HELMET (PEDACYCLIST INVOLVED ONLY),WITH TRAFFIC,IN ROADWAY,TEST NOT OFFERED,,30,UNKNOWN,"DARKNESS, LIGHTED ROAD",PEDALCYCLIST,NOT DIVIDED,STRAIGHT AND LEVEL,UNKNOWN,INJURY AND / OR TOW DUE TO CRASH,MONTROSE AVE,41.9616020107,-87.6599842279,POINT (-87.65998422795 41.961602010732)
O1736976,BICYCLE,eaa422148f8bbdef9c0e253226613845471b7c4d8dc53e5ca91f8f78657ad9e8db423709b111ca27e4c7d250a23e8ff0f56267548fd4c43515632d3fd53a3332,01/07/2024 03:00:00 PM,F,27.0,HELMET NOT USED,OTHER ACTION,BIKE LANE,TEST NOT OFFERED,Y,30,CLEAR,DAYLIGHT,PEDALCYCLIST,NOT DIVIDED,STRAIGHT AND LEVEL,DRY,INJURY AND / OR TOW DUE TO CRASH,WELLS ST,41.8956420433,-87.6343236028,POINT (-87.634323602801 41.895642043258)
O1736091,NON-MOTOR VEHICLE,658b0594382b1af4d21481162a9b9cd9a8816614577bb65a925784fca4725d3d664cd334179daadd99f69571d6feaa9213e98e78329a9a03117ca44f20f2d75d,01/06/2024 10:40:00 AM,M,,USAGE UNKNOWN,TURNING RIGHT,IN ROADWAY,TEST NOT OFFERED,,30,SNOW,DAYLIGHT,OTHER OBJECT,DIVIDED - W/MEDIAN (NOT RAISED),STRAIGHT AND LEVEL,WET,NO INJURY / DRIVE AWAY,MORGAN ST,41.7937996748,-87.6498611518,POINT (-87.649861151817 41.793799674834)
O1736075,BICYCLE,f6fd0972529813e34737dfb358b205e28f46b5f75b2cc1af111c80de2499252150295cac08ccf4e5c114a6fafd65bac73048cf52a430a7c61c12c5a816efae96,01/06/2024 09:48:00 AM,M,29.0,HELMET NOT USED,NO ACTION,IN ROADWAY,TEST NOT OFFERED,,30,SNOW,DAYLIGHT,PEDALCYCLIST,ONE-WAY,STRAIGHT AND LEVEL,SNOW OR SLUSH,NO INJURY / DRIVE AWAY,ERIE ST,41.8940853807,-87.62040431,POINT (-87.620404310022 41.894085380663)
O1735573,BICYCLE,fb17188713ceb176c530aa13eea50eff5f011b74d6c06e93f3fe4f07781e0d5920475ad2779f1a6e5e7c1056ce9528b8c0f7cbafb9a99a4b4a26984203260943,01/05/2024 12:00:00 PM,M,,HELMET NOT USED,UNKNOWN/NA,IN ROADWAY,TEST NOT OFFERED,,30,CLEAR,DAYLIGHT,PEDALCYCLIST,T-INTERSECTION,STRAIGHT AND LEVEL,DRY,NO INJURY / DRIVE AWAY,ASHLAND AVE,41.8194414263,-87.6653755449,POINT (-87.665375544909 41.819441426296)
O1739019,BICYCLE,f91841bb6baafbf70a674256af3ab943a070ba43b0ad7e15c75daac70a99ca9abf7454abbdd0b3153a39934e0acc5a9e99b47245ab3c943ea153ae50078569bc,01/04/2024 06:20:00 PM,M,22.0,BICYCLE HELMET (PEDACYCLIST INVOLVED ONLY),CROSSING - NO CONTROLS (AT INTERSECTION),IN ROADWAY,TEST NOT OFFERED,,30,UNKNOWN,UNKNOWN,PEDALCYCLIST,FOUR WAY,STRAIGHT AND LEVEL,UNKNOWN,INJURY AND / OR TOW DUE TO CRASH,DEVON AVE,41.9973204238,-87.7069990839,POINT (-87.706999083936 41.997320423808)
O1735401,BICYCLE,7eb899de4756fc82550c5a43f6d0633e95d5cc7ff45a28fba01c1a4fbd21150f8c768ab2b305d161fb4fa03a08740dcb2e9a6b2d1497fded863bbcde44acb96e,01/04/2024 06:13:00 PM,F,27.0,HELMET NOT USED,CROSSING - WITH SIGNAL,BIKE LANE,TEST NOT OFFERED,,35,CLEAR,DUSK,PEDALCYCLIST,FOUR WAY,STRAIGHT AND LEVEL,DRY,INJURY AND / OR TOW DUE TO CRASH,LA SALLE DR,41.891682324,-87.6327307134,POINT (-87.632730713447 41.891682323987)
O1735429,BICYCLE,ed996c4709abe23c4b768fb5c80a9d2318a42e577c6592b211aea935c4a2dc2858b53c9a19fed3a9022bb985fd2390eee3d20ca9f059e5894b7c04eab202ad65,01/04/2024 02:30:00 PM,M,51.0,HELMET NOT USED,OTHER ACTION,UNKNOWN/NA,TEST NOT OFFERED,,30,CLEAR,DAYLIGHT,PEDALCYCLIST,NOT DIVIDED,STRAIGHT AND LEVEL,UNKNOWN,INJURY AND / OR TOW DUE TO CRASH,LAKE ST,41.8855652751,-87.6600495897,POINT (-87.660049589669 41.885565275055)
O1734843,BICYCLE,0822481fba9cfc508b9389ca3fd3f72ec40c871278a17dad6c91dda587c44b2556392302eef6191a08f58df58cf94f191e4ac6080a4a9c14f2262563c7a27314,01/03/2024 05:45:00 PM,M,69.0,HELMET NOT USED,AGAINST TRAFFIC,IN ROADWAY,TEST NOT OFFERED,N,30,CLEAR,"DARKNESS, LIGHTED ROAD",PEDALCYCLIST,T-INTERSECTION,STRAIGHT AND LEVEL,DRY,INJURY AND / OR TOW DUE TO CRASH,LINCOLN AVE,41.9705502181,-87.6899365076,POINT (-87.689936507581 41.970550218072)
O1734828,BICYCLE,27859fd23b1ce91e9fe5692b765de9e344d0149f89ec8a349b4fcbf5945e2d974705d84e89e54bf0a073f5a3145c3dd6885c82b83d9cce64bf5daaf7a8999683,01/03/2024 05:17:00 PM,M,18.0,BICYCLE HELMET (PEDACYCLIST INVOLVED ONLY),CROSSING - AGAINST SIGNAL,IN ROADWAY,TEST NOT OFFERED,,30,CLEAR,DARKNESS,PEDALCYCLIST,FOUR WAY,STRAIGHT AND LEVEL,DRY,INJURY AND / OR TOW DUE TO CRASH,OAKLEY BLVD,41.8907352927,-87.6843971132,POINT (-87.684397113168 41.890735292681)
O1734823,BICYCLE,2fc557327faa65003302ae80ac2e0afab1621691766f9c0083906d69c6940e6f53d5c6be91309f450fb410ba8f99fd8908a14f062cfd66d3ef55f041729260c9,01/03/2024 04:55:00 PM,M,14.0,HELMET NOT USED,ENTER FROM DRIVE/ALLEY,IN ROADWAY,TEST NOT OFFERED,,30,CLEAR,"DARKNESS, LIGHTED ROAD",PEDALCYCLIST,FOUR WAY,STRAIGHT AND LEVEL,DRY,NO INJURY / DRIVE AWAY,39TH PL,41.8218548053,-87.6903568257,POINT (-87.690356825695 41.821854805279)
O1734562,NON-MOTOR VEHICLE,a4e6712e22b2a6a2e24ddeb9d57918fab754c97345edffd11639903d31d19a5dca13cbeca43c1dedf9b172e633ff3531a343964b10de7a6d6e4ddaa1c97ff7d0,01/03/2024 08:30:00 AM,X,,USAGE UNKNOWN,NO ACTION,UNKNOWN/NA,TEST NOT OFFERED,,30,RAIN,DAYLIGHT,FIXED OBJECT,DIVIDED - W/MEDIAN BARRIER,STRAIGHT ON HILLCREST,WET,INJURY AND / OR TOW DUE TO CRASH,HALSTED ST,41.8507832866,-87.6465847471,POINT (-87.646584747116 41.85078328657)
O1733783,BICYCLE,0e8c27021d97eab1bda3a29e80c79f24b2d6fb5e50d1a45bc0336a3b54023faba8a0b0498ec546565cace7cbaf69e7f92fee6fb733ad665ef762200f4813b184,01/01/2024 05:44:00 PM,M,49.0,HELMET NOT USED,WITH TRAFFIC,IN ROADWAY,"TEST PERFORMED, RESULTS UNKNOWN",,25,CLEAR,"DARKNESS, LIGHTED ROAD",PEDALCYCLIST,NOT DIVIDED,STRAIGHT AND LEVEL,DRY,INJURY AND / OR TOW DUE TO CRASH,CICERO AVE,41.9169831126,-87.7459665849,POINT (-87.745966584887 41.916983112634)
O1733512,BICYCLE,de578a34bf570d06afe618dd7eccaa3d21647294e625d2cac5d7ab2a152ec5fb35c19b645ee84ef4460aece8adf1e4b4d3080424b586fc9a0ddefafbf5c18ea3,01/01/2024 09:45:00 AM,,,HELMET NOT USED,CROSSING - AGAINST SIGNAL,NOT IN ROADWAY,,,30,CLEAR,DAYLIGHT,PEDALCYCLIST,NOT DIVIDED,STRAIGHT AND LEVEL,DRY,NO INJURY / DRIVE AWAY,CENTRAL PARK AVE,41.9101599361,-87.716808968,POINT (-87.716808967969 41.910159936126)
O1732814,BICYCLE,09f44eb6e4805bfc2aceb87fc489436a0a009dac70e7abceded0e9491ad52feadf4a19c27a26860b8944aaf484fe8f0c3444fc579476c134608e1caf31162bc9,12/30/2023 09:53:00 PM,M,32.0,BICYCLE HELMET (PEDACYCLIST INVOLVED ONLY),UNKNOWN/NA,BIKE LANE,TEST NOT OFFERED,,30,CLEAR,"DARKNESS, LIGHTED ROAD",PEDALCYCLIST,"FIVE POINT, OR MORE",STRAIGHT AND LEVEL,DRY,INJURY AND / OR TOW DUE TO CRASH,HALSTED ST,,,
O1732771,NON-MOTOR VEHICLE,6baef8d726d1bfd4daeed82ef55b54b8d7be487233687b6556b5737367f39537bd3b8f622973586843d5298f8ede1e8a07b173d09169c2967f78a2861968693d,12/30/2023 06:51:00 PM,,,,,,,,30,CLEAR,DARKNESS,TURNING,NOT DIVIDED,STRAIGHT AND LEVEL,DRY,INJURY AND / OR TOW DUE TO CRASH,ARMITAGE AVE,41.9176663805,-87.6895524171,POINT (-87.689552417069 41.917666380471)
O1732707,BICYCLE,a16946ff895b6bd97ea39f614d88f6e3c33398965f6fc76fc8312e2adfeaadb27f22ed03de86de9db86c116dc7cdc1d009df3c96f6d89758a7027d41f93f94f0,12/30/2023 04:44:00 PM,M,24.0,HELMET NOT USED,WITH TRAFFIC,IN ROADWAY,TEST NOT OFFERED,,30,CLEAR,"DARKNESS, LIGHTED ROAD",PEDALCYCLIST,NOT DIVIDED,STRAIGHT AND LEVEL,DRY,INJURY AND / OR TOW DUE TO CRASH,NORTH AVE,41.9104296259,-87.6739416811,POINT (-87.673941681121 41.910429625867)
O1732414,BICYCLE,820ae9179ac44d2e1f477b496f3e6dab58fb2f33839f6e7047290a1041dfab6fa54962d887a8d94bc36967187fc426b494eaa05415f09733ca30c257f05f6e14,12/30/2023 02:34:00 AM,M,47.0,HELMET NOT USED,CROSSING - AGAINST SIGNAL,UNKNOWN/NA,TEST NOT OFFERED,,30,CLEAR,"DARKNESS, LIGHTED ROAD",PEDALCYCLIST,NOT DIVIDED,STRAIGHT AND LEVEL,DRY,INJURY AND / OR TOW DUE TO CRASH,BALBO AVE,41.8730182018,-87.6258726889,POINT (-87.62587268894 41.873018201801)
O1732244,BICYCLE,163b82a1552430093fd22a682572b25b820476db870954041e5dfdbca1a109e54b34f2bdc0bcc49bb31ef304b80a26ac5483241a29112ec3e824ea9a7590d94d,12/29/2023 06:00:00 PM,M,23.0,HELMET NOT USED,ENTER FROM DRIVE/ALLEY,IN ROADWAY,TEST NOT OFFERED,,30,CLEAR,"DARKNESS, LIGHTED ROAD",PEDALCYCLIST,NOT DIVIDED,STRAIGHT AND LEVEL,DRY,INJURY AND / OR TOW DUE TO CRASH,CHICAGO AVE,41.8965175596,-87.6318281632,POINT (-87.631828163182 41.896517559578)
O1737183,BICYCLE,1257acf63a0280e741c3041bbb7fefc1c63646b37141dde07986626bf4f79b8c2cfcbe79547d9e170d073d35534f796c1d460445fc611e3cd868048c4c40511f,12/29/2023 10:00:00 AM,M,,HELMET NOT USED,UNKNOWN/NA,IN ROADWAY,TEST NOT OFFERED,,25,UNKNOWN,UNKNOWN,PEDALCYCLIST,DIVIDED - W/MEDIAN (NOT RAISED),STRAIGHT AND LEVEL,UNKNOWN,NO INJURY / DRIVE AWAY,LINCOLN AVE,41.9748992286,-87.6924071632,POINT (-87.692407163199 41.974899228633)
O1731547,BICYCLE,21977ead45a7eff1b5e569b67d45840ddf1226c0f0074bcbab8683d795db862d4f0223e35f7bfe3b901f3faca45492be4c2cdf47f2e9dae9a6424bb0a55287f5,12/28/2023 05:39:00 PM,F,38.0,HELMET NOT USED,CROSSING - WITH SIGNAL,IN CROSSWALK,TEST NOT OFFERED,,30,RAIN,"DARKNESS, LIGHTED ROAD",TURNING,FOUR WAY,STRAIGHT AND LEVEL,WET,INJURY AND / OR TOW DUE TO CRASH,ARCHER AVE,41.8511978333,-87.6385403033,POINT (-87.638540303313 41.851197833308)
O1731310,BICYCLE,817bd711a90110f5d730dfe3434a34d5af7c0c4e49d2b1c3ccbcb78e5bbc050a5806697899a7f1c5727491611d146f717820c7a7928b8076e895e63721aa4323,12/28/2023 11:55:00 AM,M,,HELMET NOT USED,WITH TRAFFIC,IN ROADWAY,TEST NOT OFFERED,N,30,CLOUDY/OVERCAST,DAYLIGHT,PEDALCYCLIST,DIVIDED - W/MEDIAN (NOT RAISED),STRAIGHT AND LEVEL,DRY,NO INJURY / DRIVE AWAY,ADDISON ST,41.946795837,-87.6976285849,POINT (-87.697628584896 41.946795836969)
O1731596,BICYCLE,37605960bdf6e6c18898567458843f377a8689e5516021f4356dbbfe9bf44cd09537d46f7430735b61bb89cd245c86fc4fb11c8f31c7b120c6f6f6f5c1ced72c,12/27/2023 05:45:00 PM,M,36.0,BICYCLE HELMET (PEDACYCLIST INVOLVED ONLY),WITH TRAFFIC,IN ROADWAY,TEST NOT OFFERED,,30,CLEAR,DUSK,PEDALCYCLIST,NOT DIVIDED,STRAIGHT AND LEVEL,DRY,INJURY AND / OR TOW DUE TO CRASH,BRYN MAWR AVE,41.9828695356,-87.7156911907,POINT (-87.715691190681 41.982869535646)
O1730896,BICYCLE,8772ea61a1c429c8e2b7065846e5a9efdfbbae6154982470986305900d0a04f17d8faaa3dc01e7bb4f387c0ab38b99eba78e6e0add009aa4276e06ee6b19422c,12/27/2023 02:45:00 PM,M,60.0,BICYCLE HELMET (PEDACYCLIST INVOLVED ONLY),CROSSING - NO CONTROLS (AT INTERSECTION),IN CROSSWALK,TEST NOT OFFERED,,25,CLEAR,DAYLIGHT,PEDALCYCLIST,NOT DIVIDED,STRAIGHT AND LEVEL,DRY,NO INJURY / DRIVE AWAY,95TH ST,41.7209018682,-87.6771558625,POINT (-87.677155862478 41.720901868227)
O1730128,BICYCLE,d367f3df512c96e61e67a4fb0021b1a10e647a0b9cc30420471646e1b504df8d4fb8368334ed9eeb025762ba073de34e41c1eb7d460456cfbf20af8c75588216,12/25/2023 11:44:00 PM,M,33.0,HELMET NOT USED,AGAINST TRAFFIC,IN ROADWAY,TEST NOT OFFERED,Y,30,RAIN,"DARKNESS, LIGHTED ROAD",PEDALCYCLIST,FOUR WAY,STRAIGHT AND LEVEL,WET,INJURY AND / OR TOW DUE TO CRASH,MORGAN ST,41.8670011433,-87.6511897831,POINT (-87.65118978311 41.867001143327)
O1730006,BICYCLE,1567d56afa330004b9189ea3f9517fbf34000c46c293853c93cdeb948c36eedaf37391003116d6a76097aae6ffdada19fb44b93f718a1b9089760659b9ff2ade,12/25/2023 05:50:00 PM,F,53.0,HELMET NOT USED,UNKNOWN/NA,IN CROSSWALK,TEST NOT OFFERED,,30,RAIN,"DARKNESS, LIGHTED ROAD",PEDALCYCLIST,NOT REPORTED,STRAIGHT AND LEVEL,WET,INJURY AND / OR TOW DUE TO CRASH,75TH ST,41.758293487,-87.6246828681,POINT (-87.624682868086 41.758293487033)
O1729873,BICYCLE,7bd904eff5f7e5c163ca414122727cf9841a7336f1df453eb5ae8540e0ac09b75d70de36ecac4564976e1e9e6979467056d4a5139f99b08f578794497b2d99da,12/25/2023 01:00:00 PM,M,65.0,HELMET NOT USED,UNKNOWN/NA,IN ROADWAY,TEST NOT OFFERED,,25,CLEAR,DAYLIGHT,PEDALCYCLIST,NOT DIVIDED,STRAIGHT AND LEVEL,DRY,INJURY AND / OR TOW DUE TO CRASH,WILSON AVE,41.9654906525,-87.6589857176,POINT (-87.658985717568 41.965490652494)
O1729332,BICYCLE,6c5dd7d7f02623e4d9e9e4fe52c9eacb6c30ec92bfbcf9ff759d0b99a8db92c8795e99944e5e8c03a8a17ec814666bc8eb8a644ceda0b57e82b3b031fb6ed18f,12/24/2023 03:25:00 AM,M,62.0,HELMET NOT USED,CROSSING - WITH SIGNAL,IN ROADWAY,TEST NOT OFFERED,,30,FOG/SMOKE/HAZE,"DARKNESS, LIGHTED ROAD",PEDALCYCLIST,FOUR WAY,STRAIGHT AND LEVEL,WET,NO INJURY / DRIVE AWAY,LAWRENCE AVE,41.9683528111,-87.727969344,POINT (-87.727969343981 41.96835281106)
O1729320,NON-MOTOR VEHICLE,f81566e159aee5f56c49a0b03ca7615d7f2a5f90b174c7ff86dc95f250258a76e955287429ba5d3e26f6bfc3e9d0d0fe6ff33063828124642bfac1ed1ecac0b4,12/24/2023 01:14:00 AM,M,72.0,,,,,,30,FOG/SMOKE/HAZE,"DARKNESS, LIGHTED ROAD",PARKED MOTOR VEHICLE,NOT DIVIDED,STRAIGHT AND LEVEL,WET,INJURY AND / OR TOW DUE TO CRASH,AUSTIN AVE,41.9543207435,-87.7766708363,POINT (-87.776670836333 41.954320743532)
O1729193,BICYCLE,a44ea902e92a3a14cf0fbf93c34c337c92797ca94c3cf40dd47e4638a9a9d20d1bf9e74bd86eecde698755de529137af32762bf83fa1da80542fbf7b3b16e841,12/23/2023 07:19:00 PM,M,28.0,HELMET NOT USED,NOT AT INTERSECTION,NOT IN ROADWAY,TEST NOT OFFERED,,30,FOG/SMOKE/HAZE,"DARKNESS, LIGHTED ROAD",PEDALCYCLIST,DIVIDED - W/MEDIAN (NOT RAISED),STRAIGHT AND LEVEL,WET,INJURY AND / OR TOW DUE TO CRASH,DR MARTIN LUTHER KING JR DR,41.6926489746,-87.6132273003,POINT (-87.613227300322 41.692648974572)
O1729101,BICYCLE,352c86cd8e721ed0c16cc75e4ac65b7d9ba938c4b5fe7018e43a1c0976b39896609a525f436336aa2c2c2e9ccfd99b538913240b4f45783d569ede74b91537d5,12/23/2023 05:00:00 PM,M,,HELMET NOT USED,CROSSING - AGAINST SIGNAL,IN ROADWAY,TEST NOT OFFERED,,25,FOG/SMOKE/HAZE,"DARKNESS, LIGHTED ROAD",PEDALCYCLIST,ONE-WAY,STRAIGHT AND LEVEL,WET,NO INJURY / DRIVE AWAY,EMERALD AVE,41.8343236181,-87.6451218429,POINT (-87.645121842884 41.834323618147)