PERSON_ID,PERSON_TYPE,CRASH_RECORD_ID,CRASH_DATE_x,SEX,AGE,SAFETY_EQUIPMENT,PEDPEDAL_ACTION,PEDPEDAL_LOCATION,BAC_RESULT,CRASH_DATE_EST_I,POSTED_SPEED_LIMIT,WEATHER_CONDITION,LIGHTING_CONDITION,FIRST_CRASH_TYPE,TRAFFICWAY_TYPE,ALIGNMENT,ROADWAY_SURFACE_COND,CRASH_TYPE,STREET_NAME,LATITUDE,LONGITUDE,LOCATION
O1729064,BICYCLE,5fd14c2e86c55b1006df8abc6a16bbd07d46ec648e5e90cc3d2663aed0948177c8511b3c51ac092f63fc8a898ad81a39b3e21d6706f0993704371249623bde01,12/23/2023 02:35:00 PM,M,,BICYCLE HELMET (PEDACYCLIST INVOLVED ONLY),CROSSING - WITH SIGNAL,IN ROADWAY,TEST NOT OFFERED,,30,CLOUDY/OVERCAST,DAYLIGHT,PEDALCYCLIST,FOUR WAY,STRAIGHT AND LEVEL,WET,NO INJURY / DRIVE AWAY,ADDISON ST,41.946788878,-87.675947031,POINT (-87.675947031019 41.946788878023)
O1729238,BICYCLE,7554d0bc6f27e896e158ac15f3af135cb3883227652c6ee5dde26d5161b83bbb6a1b206be31704fe03eead816fd861682a69022e6ea2f1e59b887ccdc1a7a550,12/23/2023 02:00:00 PM,M,52.0,HELMET NOT USED,TURNING LEFT,IN ROADWAY,,,30,CLEAR,DAYLIGHT,PEDALCYCLIST,NOT DIVIDED,STRAIGHT AND LEVEL,DRY,NO INJURY / DRIVE AWAY,DAMEN AVE,41.917793041,-87.6777697677,POINT (-87.677769767737 41.917793041023)
O1728896,BICYCLE,aad61da6c6dae1a9eb0d8f0e089f6bc03d58afdb21709e87788fc9245c581cedf885b994d44ffd267f2698312fbe37676259226ed20a16d90a50105997afd5cb,12/23/2023 11:18:00 AM,F,36.0,BICYCLE HELMET (PEDACYCLIST INVOLVED ONLY),WITH TRAFFIC,BIKE LANE,TEST NOT OFFERED,,30,CLEAR,DAYLIGHT,PEDALCYCLIST,DIVIDED - W/MEDIAN (NOT RAISED),STRAIGHT AND LEVEL,WET,INJURY AND / OR TOW DUE TO CRASH,KEDZIE AVE,41.9643875286,-87.7084924784,POINT (-87.708492478441 41.964387528635)
O1728828,BICYCLE,b9faf653f28cec57d9a228ea70b0f47818f21f3010e95deece5572d4a3858675525c08b8b4e391ddad25e7c787c6bf49e0b9f5ed8fade2d2f79ea5700c1a6c51,12/23/2023 09:53:00 AM,F,54.0,HELMET NOT USED,CROSSING - NO CONTROLS (NOT AT INTERSECTION),IN ROADWAY,TEST NOT OFFERED,,25,CLEAR,DAYLIGHT,PEDALCYCLIST,NOT DIVIDED,STRAIGHT AND LEVEL,DRY,INJURY AND / OR TOW DUE TO CRASH,DAMEN AVE,41.7702109317,-87.6738128799,POINT (-87.673812879939 41.77021093167)
O1729876,BICYCLE,16a8c918092dff26ff7b4511725aaecb2262830835001fef282fdb1094bf974132ae7815a29c934b8f043c9a9ee35c1ea1b6a4d7042ee5c59b5eb20255bdf5a5,12/22/2023 07:45:00 PM,M,,BICYCLE HELMET (PEDACYCLIST INVOLVED ONLY),UNKNOWN/NA,BIKEWAY,TEST NOT OFFERED,,30,UNKNOWN,UNKNOWN,PEDALCYCLIST,FOUR WAY,STRAIGHT AND LEVEL,UNKNOWN,INJURY AND / OR TOW DUE TO CRASH,WABASH AVE,41.8654541292,-87.6259385369,POINT (-87.625938536904 41.865454129196)
O1744236,BICYCLE,826df47aebca62052e0820cc30ab3054a5026a63de2f485df0bc4f470de0f259eaf84e4912fdc6f6a82319f34d60c005f8496622b90faa263f55c9d40ee4d104,12/22/2023 06:15:00 PM,M,29.0,HELMET NOT USED,NO ACTION,BIKEWAY,TEST NOT OFFERED,,30,RAIN,"DARKNESS, LIGHTED ROAD",PEDALCYCLIST,DIVIDED - W/MEDIAN (NOT RAISED),STRAIGHT AND LEVEL,WET,INJURY AND / OR TOW DUE TO CRASH,NORTH AVE,41.9102673039,-87.6835007433,POINT (-87.683500743273 41.910267303947)
O1728283,BICYCLE,5cb7d81f6a15bc99ed24e43b23e1df4b1186146210d1a013c000bcfa05501bf252f06a7ad53eb41cea4e7d9c5b2df84767f1c247f3e7bc5d3d4fbff0c83cf2f1,12/22/2023 05:45:00 PM,X,,HELMET NOT USED,UNKNOWN/NA,UNKNOWN/NA,TEST NOT OFFERED,,30,RAIN,"DARKNESS, LIGHTED ROAD",PEDALCYCLIST,NOT DIVIDED,STRAIGHT AND LEVEL,WET,NO INJURY / DRIVE AWAY,NORTH AVE,41.9103385959,-87.6959075193,POINT (-87.695907519329 41.910338595926)
O1728248,BICYCLE,037366f881c603d49f34d3951d4cf6491d131b27e0f08860ab9dea0fc3ed89a0767bae247edb2cf3968371527703b537a22b627a46cc477dfc7c4c1046917b45,12/22/2023 05:15:00 PM,M,21.0,HELMET NOT USED,AGAINST TRAFFIC,IN ROADWAY,TEST NOT OFFERED,,30,RAIN,"DARKNESS, LIGHTED ROAD",PEDALCYCLIST,FOUR WAY,STRAIGHT AND LEVEL,WET,INJURY AND / OR TOW DUE TO CRASH,CALIFORNIA AVE,41.8956095832,-87.6965542665,POINT (-87.696554266492 41.895609583222)
O1728103,BICYCLE,fcf691aa6a7d4d9ae5f4d3f8d0d0a8ee49b1f9724eb84bda8d27be9de08796de1b5b27c997fcc423bb0b4901b74e0703029f1e7343b94cf31fb7b6a6b2d20641,12/22/2023 03:16:00 PM,M,,BICYCLE HELMET (PEDACYCLIST INVOLVED ONLY),WITH TRAFFIC,IN ROADWAY,TEST NOT OFFERED,,30,RAIN,DAYLIGHT,PEDALCYCLIST,NOT DIVIDED,STRAIGHT AND LEVEL,WET,INJURY AND / OR TOW DUE TO CRASH,LINCOLN AVE,41.955474353,-87.6798462512,POINT (-87.679846251244 41.955474353021)
O1728346,BICYCLE,54cf3ecb1ea54cbe26b78810753abd7a4a803b379c1051146ceabf9d9f2f7d266c3a33c85b3b6efc69a2d7573376655449cf563a419f97d4aacf2a9d8ee2ad56,12/22/2023 03:10:00 PM,M,21.0,HELMET NOT USED,AGAINST TRAFFIC,IN CROSSWALK,TEST NOT OFFERED,,30,CLEAR,DAYLIGHT,PEDALCYCLIST,NOT DIVIDED,STRAIGHT AND LEVEL,DRY,NO INJURY / DRIVE AWAY,LAWRENCE AVE,41.9685847551,-87.7060949316,POINT (-87.706094931616 41.968584755116)
O1727985,BICYCLE,e47bcc23083f2370f52be345c9136b589a74f89476e083889ec2848cfd5ea59132bb43ffddce4370b5c5420e2ed51f9e07b48cbd3cf68977454f5d3b5cd770df,12/22/2023 02:03:00 PM,M,28.0,BICYCLE HELMET (PEDACYCLIST INVOLVED ONLY),CROSSING - WITH SIGNAL,BIKEWAY,TEST NOT OFFERED,,30,RAIN,DAYLIGHT,PEDALCYCLIST,FOUR WAY,STRAIGHT AND LEVEL,WET,NO INJURY / DRIVE AWAY,TAYLOR ST,41.8698052221,-87.6437763018,POINT (-87.643776301838 41.869805222061)
O1727618,BICYCLE,1c650b3558bad4d312c456735768eb4bd6c695039b49947b84342771b0b6fac7a400b7b5fb6709e9a699b7b0d1d6842c0225d830504438c681864929fcdf8771,12/21/2023 07:33:00 PM,M,48.0,HELMET NOT USED,NO ACTION,IN ROADWAY,TEST NOT OFFERED,,30,CLEAR,"DARKNESS, LIGHTED ROAD",PEDALCYCLIST,NOT DIVIDED,STRAIGHT AND LEVEL,WET,INJURY AND / OR TOW DUE TO CRASH,DIVISION ST,41.9037816711,-87.6319905716,POINT (-87.631990571594 41.903781671123)
O1727569,NON-MOTOR VEHICLE,e7657af76d172b39cb98c487c61ab6b1dee7f6432e5536c8b198ecb06f11360de39a58ca4d73ce5b05080f684bc155fd742b9b2db8d67fbabeaea03e33bb1dcc,12/21/2023 06:44:00 PM,X,,NONE PRESENT,,,TEST NOT OFFERED,,30,RAIN,DARKNESS,OTHER OBJECT,NOT DIVIDED,STRAIGHT AND LEVEL,WET,INJURY AND / OR TOW DUE TO CRASH,MICHIGAN AVE,41.6805762951,-87.6204468302,POINT (-87.620446830212 41.680576295087)
O1727594,BICYCLE,6236adf8683e3901aa5348f5ffd146ef3c063b7314124ade093ea38bab002581fc8d2f6257812bdcf3a1190750ecb250217ff1fbf13f36164eeaa0417823d1e8,12/21/2023 05:08:00 PM,M,14.0,HELMET NOT USED,NOT AT INTERSECTION,IN CROSSWALK,TEST NOT OFFERED,,30,RAIN,"DARKNESS, LIGHTED ROAD",PEDALCYCLIST,ONE-WAY,STRAIGHT AND LEVEL,WET,INJURY AND / OR TOW DUE TO CRASH,PULASKI RD,41.786801583,-87.7228419503,POINT (-87.722841950267 41.786801582955)
O1727458,BICYCLE,98628b69c57898050003d0dc862a0893cd9e1dce869452db7c9810cb1c4999362debe535b4483116a4d7199c1f88921a62e4f9fc8e382ffededc80a6cbf8123c,12/21/2023 03:46:00 PM,M,,BICYCLE HELMET (PEDACYCLIST INVOLVED ONLY),CROSSING - WITH SIGNAL,BIKE LANE,TEST NOT OFFERED,,35,CLEAR,DAYLIGHT,PEDALCYCLIST,OTHER,STRAIGHT AND LEVEL,DRY,INJURY AND / OR TOW DUE TO CRASH,STATE ST,41.8924213661,-87.6282348711,POINT (-87.628234871137 41.892421366131)
O1727197,BICYCLE,1cc43f3936725847d6d40aa2ce5dcab4e5437b30da1022fea999be0f88daf7c97c649fc197e38999de7f2fcc83521c0cb3c481949b13fbc90cfa6bc7ee251b5f,12/21/2023 09:50:00 AM,M,39.0,BICYCLE HELMET (PEDACYCLIST INVOLVED ONLY),WITH TRAFFIC,BIKE LANE,TEST NOT OFFERED,,30,CLEAR,DAYLIGHT,PEDALCYCLIST,NOT DIVIDED,STRAIGHT AND LEVEL,DRY,NO INJURY / DRIVE AWAY,BELMONT AVE,41.9395664325,-87.6701397028,POINT (-87.670139702785 41.939566432526)
O1743288,BICYCLE,cffdc80acb3ba4708216d372e5c9b96b2e56bfcced8ea1da39a280d065264fee8f239a3f8656ad42988f8b82b74ea606576ca39ce87dc0d4d791eac9186be5c9,12/20/2023 08:15:00 PM,F,13.0,HELMET NOT USED,CROSSING - CONTROLS PRESENT (NOT AT INTERSECTION),IN ROADWAY,TEST NOT OFFERED,,30,CLEAR,"DARKNESS, LIGHTED ROAD",PEDALCYCLIST,DIVIDED - W/MEDIAN (NOT RAISED),STRAIGHT AND LEVEL,DRY,INJURY AND / OR TOW DUE TO CRASH,NORTH AVE,41.9101322404,-87.6946003939,POINT (-87.694600393866 41.910132240414)
O1726904,BICYCLE,0912b84aea5c152114334e9058ae78df1802253f3841a0d17027cc36cd1c054861480c3a45619da89f87ed10d775216f0558afe61edcf6544dbf94efd4a4fac4,12/20/2023 03:34:00 PM,F,34.0,BICYCLE HELMET (PEDACYCLIST INVOLVED ONLY),OTHER ACTION,BIKE LANE,TEST REFUSED,,30,CLEAR,DAYLIGHT,PEDALCYCLIST,OTHER,STRAIGHT AND LEVEL,DRY,INJURY AND / OR TOW DUE TO CRASH,LAWRENCE AVE,41.9681812205,-87.7439339467,POINT (-87.743933946737 41.968181220484)
O1726767,BICYCLE,3c2076a05c78dd8320afb19dd33427d3600c837d911b3185d46f89dafc76d3589dcf4c238dc29f7d20ff0baa2681df5752ddf81664c84c9c86f0b8b30ce4f31a,12/20/2023 02:35:00 PM,M,17.0,HELMET NOT USED,TURNING LEFT,BIKE LANE,TEST NOT OFFERED,,30,CLEAR,DAYLIGHT,PEDALCYCLIST,NOT DIVIDED,STRAIGHT AND LEVEL,DRY,NO INJURY / DRIVE AWAY,MILWAUKEE AVE,41.9616287068,-87.7555171972,POINT (-87.755517197229 41.961628706763)
O1731411,BICYCLE,eaa26bfc49b0b72541026c63c3ba2014451b2f3ea3d2016d7172fa8e91166b2ba5f5faac61bfe46c59b9a233933135b2a5269aeecbeceb98b9228bdffedc5acb,12/20/2023 02:30:00 PM,M,0.0,HELMET NOT USED,WITH TRAFFIC,BIKE LANE,TEST NOT OFFERED,,30,CLEAR,DAYLIGHT,PEDALCYCLIST,NOT DIVIDED,STRAIGHT AND LEVEL,DRY,INJURY AND / OR TOW DUE TO CRASH,DAMEN AVE,41.9091920591,-87.6772829073,POINT (-87.677282907276 41.909192059084)
O1726681,BICYCLE,cac1bacab92a803511967ec53ff9571a8f8d8b5bc3268daedf13c0905ebceb8b3bb6cd864e3fa6b938826dc6af713c2ef2ceb727d1b0eecd3201dab26d3d565d,12/20/2023 11:00:00 AM,M,24.0,BICYCLE HELMET (PEDACYCLIST INVOLVED ONLY),WITH TRAFFIC,IN ROADWAY,TEST NOT OFFERED,,30,CLEAR,DAYLIGHT,PEDALCYCLIST,NOT DIVIDED,STRAIGHT AND LEVEL,DRY,INJURY AND / OR TOW DUE TO CRASH,CLARK ST,41.9244846123,-87.6396352927,POINT (-87.639635292705 41.924484612315)
O1726542,NON-MOTOR VEHICLE,c826c1a011300ee6312cf25c37fd5d746eb69897f9d0a977d20359830a616c3e236e9a1531f54922c196f4b58ffd570c1cae6c6be788bed403ec9bd7eb319860,12/20/2023 07:25:00 AM,M,,,NOT AT INTERSECTION,NOT IN ROADWAY,,,30,CLEAR,DAYLIGHT,OTHER OBJECT,ALLEY,STRAIGHT AND LEVEL,DRY,NO INJURY / DRIVE AWAY,WESTERN AVE,41.8895104075,-87.6868014344,POINT (-87.686801434366 41.889510407479)
O1727214,NON-MOTOR VEHICLE,a3c9a27ca0258232491b5b7cf263bb782e63b895bc1c0ec1498b4f754fb26e131ce69876791181159464814c11382aa42d0c95c78bac378c5bdc86562742885c,12/19/2023 11:05:00 AM,,,,,,,,25,CLEAR,DAYLIGHT,FIXED OBJECT,NOT DIVIDED,STRAIGHT AND LEVEL,DRY,NO INJURY / DRIVE AWAY,ELIZABETH ST,41.7303632415,-87.6542466482,POINT (-87.654246648186 41.730363241531)
O1731393,BICYCLE,e187afd070eec4268fb7e628d4c3507eae0ae835ff4e01545d8c2a7412b1daadf51eacd361e34746c480e064f0fb8162448f300381903a3e5b4148bb8b9be975,12/18/2023 05:00:00 PM,M,40.0,HELMET NOT USED,TURNING RIGHT,IN ROADWAY,TEST NOT OFFERED,,30,CLEAR,DUSK,PEDALCYCLIST,OTHER,STRAIGHT AND LEVEL,DRY,NO INJURY / DRIVE AWAY,WASHTENAW AVE,41.6916213952,-87.688676988,POINT (-87.688676988024 41.691621395156)
O1726520,BICYCLE,c5c1d43389e38c3c58c3d2518985e0b8e1e935cd05faca7b0b4f4cd4a306bab987129d9913381f043cb537f500699e6caa048c65979fdea2905d8b698dc8d305,12/18/2023 04:45:00 PM,M,32.0,BICYCLE HELMET (PEDACYCLIST INVOLVED ONLY),NO ACTION,BIKE LANE,TEST NOT OFFERED,,30,CLEAR,DARKNESS,PEDALCYCLIST,NOT DIVIDED,STRAIGHT AND LEVEL,DRY,INJURY AND / OR TOW DUE TO CRASH,PAULINA ST,41.872506272,-87.6689153031,POINT (-87.668915303062 41.872506271984)
O1773412,BICYCLE,8aef00211912d35808b709b3946f6c30783cc25ecd4d66167ebc2f6de4c6b303f1c0aaceab32286de3989b141f8d2e0c9c98994432c28a15b0536e2427ea9343,12/18/2023 04:30:00 PM,M,18.0,HELMET NOT USED,WITH TRAFFIC,IN ROADWAY,TEST NOT OFFERED,N,25,UNKNOWN,DUSK,PEDALCYCLIST,ONE-WAY,STRAIGHT AND LEVEL,UNKNOWN,INJURY AND / OR TOW DUE TO CRASH,MAPLEWOOD AVE,41.9977560029,-87.6936929569,POINT (-87.693692956911 41.997756002851)
O1725564,BICYCLE,669d5419ab0d3b325df17ac072c33a34919026d52ba812364aeee772eaeb25befd929ff7eb60239848ccb5dc3718ddbd51bbb657390e4f84a7590892cc6523bf,12/18/2023 01:55:00 PM,F,34.0,BICYCLE HELMET (PEDACYCLIST INVOLVED ONLY),NO ACTION,BIKE LANE,TEST NOT OFFERED,,30,CLEAR,DAYLIGHT,PEDALCYCLIST,ONE-WAY,STRAIGHT AND LEVEL,DRY,NO INJURY / DRIVE AWAY,DESPLAINES ST,41.8817591511,-87.6439776472,POINT (-87.643977647215 41.88175915108)
O1725336,BICYCLE,47995b24d77f35e6b8dc3947fbdf80bf644e982162e5959ff2f83f8dd40f467a363ab3cfdc4c5f2c4d9c1c7f2022afa79328a2982f79f04443a495c3cb33e74a,12/18/2023 08:10:00 AM,M,39.0,BICYCLE HELMET (PEDACYCLIST INVOLVED ONLY),WITH TRAFFIC,BIKE LANE,TEST NOT OFFERED,,30,CLOUDY/OVERCAST,DAYLIGHT,PEDALCYCLIST,Y-INTERSECTION,STRAIGHT AND LEVEL,DRY,INJURY AND / OR TOW DUE TO CRASH,MILWAUKEE AVE,41.8918455097,-87.6488178364,POINT (-87.648817836369 41.891845509736)
O1725385,BICYCLE,17a08e25fe1937eac1956cced3955ad87e3be78524c1ff422e663ba19cb4afc812d6a4401337d8828b6dabb34b201fc4f2b2cb6685bbda65b979d0ccba550587,12/18/2023 07:40:00 AM,M,44.0,BICYCLE HELMET (PEDACYCLIST INVOLVED ONLY),NO ACTION,IN ROADWAY,TEST NOT OFFERED,,30,CLEAR,DAYLIGHT,PEDALCYCLIST,DIVIDED - W/MEDIAN (NOT RAISED),STRAIGHT AND LEVEL,DRY,INJURY AND / OR TOW DUE TO CRASH,PULASKI RD,41.9552736131,-87.7275165578,POINT (-87.727516557761 41.955273613134)
O1728736,BICYCLE,d783d34e1a6b524a7a5e4afe7405550307f72d3c52180bba1ad50d32cd1f16683be32233668fdf2ba78e36ebea15f2d9e420209a6d0f4798cdc0619cb337d2a8,12/18/2023 06:55:00 AM,M,31.0,HELMET NOT USED,CROSSING - AGAINST SIGNAL,IN ROADWAY,TEST NOT OFFERED,,30,CLEAR,"DARKNESS, LIGHTED ROAD",PEDALCYCLIST,FOUR WAY,STRAIGHT AND LEVEL,DRY,NO INJURY / DRIVE AWAY,LAKE ST,41.8858382483,-87.6365161241,POINT (-87.636516124143 41.885838248346)
O1725075,BICYCLE,7a37417f2d48b00b08563df8d0e0fc85adfe56f523161c329d5e5d49d4b8ac0d2e1cc05ef66d6ec7cc61bd2724ad403d8458c9543f50875220b6a7715a1eb2ac,12/17/2023 05:20:00 PM,M,68.0,BICYCLE HELMET (PEDACYCLIST INVOLVED ONLY),UNKNOWN/NA,IN CROSSWALK,TEST NOT OFFERED,,30,UNKNOWN,"DARKNESS, LIGHTED ROAD",PEDALCYCLIST,T-INTERSECTION,STRAIGHT AND LEVEL,UNKNOWN,INJURY AND / OR TOW DUE TO CRASH,LAKE SHORE DR,41.9311097871,-87.6369364586,POINT (-87.6369364586 41.931109787141)
O1725034,BICYCLE,d62aaa25470b77e7c9f50e1f2b5e0eaa17a0526cfd9f87358412a2281933da3dc1e3f5455c4490e215ad2bd3ba5f9fefe40f39200cad14a1fb7461543755e609,12/17/2023 05:11:00 PM,M,21.0,BICYCLE HELMET (PEDACYCLIST INVOLVED ONLY),OTHER ACTION,IN ROADWAY,TEST NOT OFFERED,,30,RAIN,"DARKNESS, LIGHTED ROAD",PEDALCYCLIST,FOUR WAY,STRAIGHT AND LEVEL,WET,INJURY AND / OR TOW DUE TO CRASH,SOUTH SHORE DR,41.7569151775,-87.553534773,POINT (-87.553534773022 41.756915177471)
O1725396,BICYCLE,6a2910871ea0741883deb38eb2aeb45e02a575b5d7888a185b51d2205cb664afa1460bb90932caa00227e5b21b8860a44f43645e2460c9f4d38db8eaa2b6683f,12/17/2023 02:30:00 PM,M,26.0,BICYCLE HELMET (PEDACYCLIST INVOLVED ONLY),CROSSING - WITH SIGNAL,IN ROADWAY,TEST NOT OFFERED,,30,CLEAR,DAYLIGHT,PEDALCYCLIST,NOT DIVIDED,STRAIGHT AND LEVEL,DRY,NO INJURY / DRIVE AWAY,ASHLAND AVE,41.8551086636,-87.666221271,POINT (-87.666221270951 41.85510866355)
O1724826,BICYCLE,55bd2348bb4925d53a2a633795019f2623baa1f77d70a7ca8fc16bddd0e93766db5cd70fd8775376e02f43f4b46b7366e402484ebcad3c8a1f38d84a47f19d11,12/17/2023 10:27:00 AM,F,23.0,HELMET NOT USED,CROSSING - NO CONTROLS (AT INTERSECTION),IN CROSSWALK,TEST NOT OFFERED,,30,CLEAR,DAYLIGHT,PEDALCYCLIST,ONE-WAY,STRAIGHT AND LEVEL,WET,NO INJURY / DRIVE AWAY,53RD ST,41.7956512755,-87.8015411542,POINT (-87.801541154166 41.795651275476)
O1724858,NON-MOTOR VEHICLE,eea1aadaca556c4bb76d4d77111641135c9eb45cea4154ef7388b80d419dbd5e02209e67e94e8515466cc74df12366c7ba3c3a54a2cf37ffb1de5cd3d881dd42,12/17/2023 09:02:00 AM,M,36.0,NONE PRESENT,NO ACTION,UNKNOWN/NA,TEST NOT OFFERED,,30,CLEAR,DAYLIGHT,PARKED MOTOR VEHICLE,NOT DIVIDED,STRAIGHT AND LEVEL,WET,INJURY AND / OR TOW DUE TO CRASH,LAKE PARK AVE,41.8117264535,-87.5946717693,POINT (-87.594671769263 41.811726453494)
O1724486,BICYCLE,899264c10c181cc77fc82bd31cfd2719d432f966fb2fc1e1a5f9f76ac126e3bd74594d59a59b1ee73bf12b77d1c04adf8586f015f9f335e729977fea03f4e61c,12/16/2023 07:56:00 PM,M,23.0,HELMET NOT USED,TURNING RIGHT,IN ROADWAY,TEST NOT OFFERED,,20,RAIN,"DARKNESS, LIGHTED ROAD",PEDALCYCLIST,ONE-WAY,STRAIGHT AND LEVEL,WET,INJURY AND / OR TOW DUE TO CRASH,MILLARD AVE,41.8426250905,-87.7161068356,POINT (-87.716106835613 41.842625090529)
O1724009,BICYCLE,247da48480e2d208c086cd5715585ac19c8539520bcc01f0e3b961a8bc16e08405b809cf92ad9bda3df09d67dcdf8ff09c9fb8e973e20edd8b2658433115d670,12/16/2023 08:50:00 AM,M,,HELMET NOT USED,UNKNOWN/NA,IN ROADWAY,TEST NOT OFFERED,,20,RAIN,DAYLIGHT,PEDALCYCLIST,FOUR WAY,STRAIGHT AND LEVEL,WET,NO INJURY / DRIVE AWAY,BYRON ST,41.9524408425,-87.6787658236,POINT (-87.67876582362 41.952440842522)
O1723968,BICYCLE,1bd1c7cee043aca23b2c4c91ebf08e898bc33717d485b7858d3fe2d345ec489922626925711cab0998e0d58923d3879ae05d6f6e103c9c2e3b85477534e8e5f8,12/16/2023 07:39:00 AM,M,29.0,HELMET NOT USED,CROSSING - WITH SIGNAL,IN CROSSWALK,TEST NOT OFFERED,,30,CLEAR,DAYLIGHT,PEDALCYCLIST,FOUR WAY,STRAIGHT AND LEVEL,DRY,INJURY AND / OR TOW DUE TO CRASH,LAKE SHORE DR SB,41.9261607198,-87.6315146648,POINT (-87.631514664826 41.926160719812)
O1723705,BICYCLE,1651a6849617805bf771c51dd583d06897337bdb9675508dd9f8b635c829de62bf4024e88b8f0cc5f9fa4e4dcfcf6acc988ef3efecf5ecb4982ca84b3662d4de,12/15/2023 08:25:00 PM,M,24.0,HELMET NOT USED,TURNING LEFT,IN ROADWAY,TEST NOT OFFERED,,30,CLEAR,DARKNESS,PEDALCYCLIST,T-INTERSECTION,STRAIGHT AND LEVEL,DRY,INJURY AND / OR TOW DUE TO CRASH,MILWAUKEE AVE,41.9075343921,-87.6727932131,POINT (-87.672793213119 41.907534392148)
O1730318,BICYCLE,b2ffcaddb8e625fa7a672431aac841e51698ae94294fe951f91640159b9b7428e81b0180b9abed57adcb00c3960874d4b4490043fb58c17bd210bf3a0312de5f,12/15/2023 04:30:00 PM,F,26.0,HELMET NOT USED,CROSSING - WITH SIGNAL,BIKE LANE,TEST NOT OFFERED,,30,CLEAR,DUSK,PEDALCYCLIST,FOUR WAY,STRAIGHT AND LEVEL,DRY,INJURY AND / OR TOW DUE TO CRASH,RACINE AVE,41.9474845038,-87.6593187979,POINT (-87.659318797908 41.947484503839)
O1723428,BICYCLE,81423e318f453085f701cdc654bf8cf08b7c1ae3165dc8f9177a3da9f4e3b659320d949a87fede0dea727af34c5e64ff6c31f7bf909a65b25a99a23841dc4495,12/15/2023 03:40:00 PM,M,,HELMET NOT USED,AGAINST TRAFFIC,IN CROSSWALK,TEST NOT OFFERED,,25,CLEAR,DAYLIGHT,PEDALCYCLIST,NOT DIVIDED,STRAIGHT AND LEVEL,DRY,NO INJURY / DRIVE AWAY,KENTON AVE,41.880501694,-87.7407606639,POINT (-87.740760663931 41.880501694046)
O1723943,BICYCLE,2899f7113428fa9edbf26b92f97acfebf3f5f6a1c46791511dad9438e9bf7e5c936bd8969e771fc9f0971c428ab01230d9757ef7922dd8c30cb2a6d0e1eb3708,12/15/2023 02:20:00 PM,M,26.0,BICYCLE HELMET (PEDACYCLIST INVOLVED ONLY),WITH TRAFFIC,BIKE LANE,TEST NOT OFFERED,,25,CLEAR,DAYLIGHT,PEDALCYCLIST,ONE-WAY,STRAIGHT AND LEVEL,DRY,INJURY AND / OR TOW DUE TO CRASH,DEARBORN ST,41.8933593542,-87.6298451468,POINT (-87.629845146787 41.893359354192)
O1723747,BICYCLE,50741b98dcde5caf6b3ed088f72be1513d1da81026db0049486e921d88cfcd719a2028754949f470f6fb9ac3f64e08c44bc04df8499aace1a75e61665faf9292,12/15/2023 01:55:00 PM,M,,HELMET NOT USED,TURNING LEFT,IN ROADWAY,TEST NOT OFFERED,,30,CLEAR,DAYLIGHT,PEDALCYCLIST,FOUR WAY,STRAIGHT AND LEVEL,DRY,NO INJURY / DRIVE AWAY,DEARBORN ST,41.8932075351,-87.6298422078,POINT (-87.62984220776 41.893207535146)
O1723014,BICYCLE,cd9763836867eafcd3d92e9f03f7965f315a7e3ec7b45f49239cb248b7c3a73b72f0a2e3ec0a3d001d477220fc9b215c046ec70a1a5b4e966c9ffbfa8d518032,12/14/2023 11:50:00 PM,M,30.0,HELMET NOT USED,AGAINST TRAFFIC,SHOULDER,TEST NOT OFFERED,,30,CLEAR,"DARKNESS, LIGHTED ROAD",PEDALCYCLIST,NOT DIVIDED,STRAIGHT AND LEVEL,DRY,NO INJURY / DRIVE AWAY,CORLISS AVE,41.7074364499,-87.6041600097,POINT (-87.604160009748 41.707436449917)
O1723030,BICYCLE,364b7b33a7861968ff31d993b85f3438f0fab5401fcb541ae7f22c4356eeb5d6cce5dea3d90b46c6eb273ad468ed5a13cfdcb5bb9f0f80f0d34ea1917cfc3a2a,12/14/2023 10:15:00 PM,M,47.0,HELMET NOT USED,CROSSING - AGAINST SIGNAL,IN CROSSWALK,TEST NOT OFFERED,,30,CLEAR,"DARKNESS, LIGHTED ROAD",PEDALCYCLIST,UNKNOWN INTERSECTION TYPE,STRAIGHT AND LEVEL,DRY,INJURY AND / OR TOW DUE TO CRASH,CHESTNUT ST,41.8978697368,-87.6303807625,POINT (-87.630380762521 41.897869736836)
O1722958,BICYCLE,43214c40af8055de25bac4b8b6d8958c24e17b08b69fe795ec30658e274777b42e66e8d86bd585d5e82f8d86c871f7102ebdf6085c6c61d91eb9bb6f1ec0cf84,12/14/2023 07:30:00 PM,X,17.0,HELMET NOT USED,CROSSING - WITH SIGNAL,IN CROSSWALK,TEST NOT OFFERED,,30,CLEAR,DARKNESS,PEDALCYCLIST,FOUR WAY,STRAIGHT AND LEVEL,DRY,INJURY AND / OR TOW DUE TO CRASH,POLK ST,41.8714740738,-87.6837835958,POINT (-87.683783595812 41.871474073792)
O1722920,BICYCLE,6659f94eb9edab7809989b93c01f21ea666cb8e1e913df58a5820003382181c266a93a578af8a752b916ba8c58bb329cf7ab63a8a4dfa3c8fa2feaa036d602ae,12/14/2023 07:10:00 PM,M,26.0,BICYCLE HELMET (PEDACYCLIST INVOLVED ONLY),WITH TRAFFIC,BIKEWAY,TEST NOT OFFERED,,30,CLEAR,"DARKNESS, LIGHTED ROAD",PEDALCYCLIST,DIVIDED - W/MEDIAN BARRIER,STRAIGHT AND LEVEL,DRY,INJURY AND / OR TOW DUE TO CRASH,MORGAN DR,41.7930401856,-87.6102600198,POINT (-87.610260019775 41.793040185552)