PERSON_ID,PERSON_TYPE,CRASH_RECORD_ID,CRASH_DATE_x,SEX,AGE,SAFETY_EQUIPMENT,PEDPEDAL_ACTION,PEDPEDAL_LOCATION,BAC_RESULT,CRASH_DATE_EST_I,POSTED_SPEED_LIMIT,WEATHER_CONDITION,LIGHTING_CONDITION,FIRST_CRASH_TYPE,TRAFFICWAY_TYPE,ALIGNMENT,ROADWAY_SURFACE_COND,CRASH_TYPE,STREET_NAME,LATITUDE,LONGITUDE,LOCATION
O1722861,BICYCLE,4e4dc2a54daf1a157631f301da2c9890634e4cf01a82384c8eb60079f58d22e338b6ae18ef2164cbeea7872b2aed64fb300002e513d2cbcc0ca572a077d8ba6c,12/14/2023 04:52:00 PM,M,41.0,HELMET NOT USED,WITH TRAFFIC,IN ROADWAY,TEST NOT OFFERED,,30,CLEAR,"DARKNESS, LIGHTED ROAD",PEDALCYCLIST,T-INTERSECTION,STRAIGHT AND LEVEL,DRY,INJURY AND / OR TOW DUE TO CRASH,ASHLAND AVE,41.8413792208,-87.6659747261,POINT (-87.66597472606 41.841379220774)
O1723934,BICYCLE,1507582c3fc24d9d8df91db57957494a4682b2f3e47c6b8112e2fb01b8e2d8ea8d7c1a434f76075b940cfa15a3366d445d8521d011d8f176d5a9953bf0f43106,12/14/2023 04:00:00 PM,M,,HELMET NOT USED,UNKNOWN/NA,IN ROADWAY,TEST NOT OFFERED,,35,UNKNOWN,UNKNOWN,PEDALCYCLIST,DIVIDED - W/MEDIAN (NOT RAISED),STRAIGHT AND LEVEL,UNKNOWN,NO INJURY / DRIVE AWAY,ASHLAND AVE,41.8408371818,-87.6659703317,POINT (-87.665970331742 41.840837181762)
O1722867,BICYCLE,8b12ee0d9f1a4accd9c2565c64c8926efcb67d53ca6a0b3b8d036ebb9f0a0cfff627f78b32da9688a13aa75d5d87855862c94199d5617d57910bd6862b99deab,12/14/2023 03:30:00 PM,M,16.0,BICYCLE HELMET (PEDACYCLIST INVOLVED ONLY),WITH TRAFFIC,BIKE LANE,TEST NOT OFFERED,,30,CLEAR,DAYLIGHT,PEDALCYCLIST,NOT DIVIDED,STRAIGHT AND LEVEL,DRY,INJURY AND / OR TOW DUE TO CRASH,WILSON AVE,41.9645859552,-87.7085732008,POINT (-87.708573200794 41.964585955151)
O1723524,NON-MOTOR VEHICLE,248482b3da3f5b9c4fbaadf364108d80374729bfed36cb084b81694a01a032dfb244a4aa14596c26e31ed7a2906855f1bf42d459b86229761eda0d5d7edc2554,12/14/2023 12:00:00 PM,M,35.0,USAGE UNKNOWN,TURNING LEFT,IN ROADWAY,TEST NOT OFFERED,,30,CLEAR,DAYLIGHT,OTHER OBJECT,ONE-WAY,STRAIGHT AND LEVEL,DRY,INJURY AND / OR TOW DUE TO CRASH,JACKSON BLVD,41.8783882924,-87.6243991664,POINT (-87.624399166392 41.878388292432)
O1724042,BICYCLE,eceab9ed4b30245779d6c285fce057804647e0cffc549995c43245915ae4c429f19f9fb239652a46450958bf8c80c2ca5714af9e5e4b27a0e848de3c0288c923,12/14/2023 09:30:00 AM,F,60.0,BICYCLE HELMET (PEDACYCLIST INVOLVED ONLY),NO ACTION,IN ROADWAY,,,30,CLEAR,DAYLIGHT,PEDALCYCLIST,ONE-WAY,STRAIGHT AND LEVEL,UNKNOWN,NO INJURY / DRIVE AWAY,MANOR AVE,41.9658495137,-87.7005261945,POINT (-87.700526194471 41.965849513699)
O1722480,BICYCLE,a60d13f239f006544b46a9a3de9e5b7bc35398479657053a6d44f08bbf6fea54199815302718b774495e4d5ce5cb8fee0c6721ae5399512ad84861b4b50cce1c,12/14/2023 09:02:00 AM,M,75.0,HELMET NOT USED,UNKNOWN/NA,IN ROADWAY,TEST NOT OFFERED,,25,CLEAR,DAYLIGHT,PEDALCYCLIST,ONE-WAY,STRAIGHT AND LEVEL,DRY,INJURY AND / OR TOW DUE TO CRASH,ADA ST,41.8077476121,-87.6587219552,POINT (-87.658721955171 41.807747612055)
O1722469,BICYCLE,ae64ff362f0c9844a23fdf06a6bb16a1821b410cc5d3a365a954e4543ccde19934fdd5e979cc5aca507516869d64c57c327e2921920f0dc6a86fd407ce02c135,12/14/2023 06:56:00 AM,,,HELMET NOT USED,WITH TRAFFIC,UNKNOWN/NA,TEST NOT OFFERED,,25,CLEAR,DAYLIGHT,PEDALCYCLIST,NOT DIVIDED,STRAIGHT AND LEVEL,DRY,NO INJURY / DRIVE AWAY,LAWRENCE AVE,41.9687709178,-87.6687833671,POINT (-87.668783367091 41.968770917787)
O1722440,BICYCLE,e1923e5baa77546ac717c63ef0fb8b8cac9ba733ec97cdd08efe263e43e6f2970feaa54374de0ae8cf60f6df186cc26fcaf5afdb21414ed2b864d9f1661d257b,12/14/2023 06:32:00 AM,M,15.0,HELMET NOT USED,NO ACTION,IN CROSSWALK,TEST NOT OFFERED,N,30,CLEAR,UNKNOWN,PEDALCYCLIST,FOUR WAY,STRAIGHT AND LEVEL,DRY,INJURY AND / OR TOW DUE TO CRASH,WESTERN AVE,41.9941865253,-87.6896200233,POINT (-87.689620023342 41.99418652525)
O1721899,BICYCLE,d6ee89e50cf38b8504e8283c08cd3b0af13cc9c336c223f6e77d613d51464c33223d0e07d4059454bc1cc9471280a2bc980db47224b1be8f06593e24a0fa2258,12/13/2023 10:20:00 AM,M,24.0,BICYCLE HELMET (PEDACYCLIST INVOLVED ONLY),CROSSING - CONTROLS PRESENT (NOT AT INTERSECTION),IN CROSSWALK,TEST NOT OFFERED,,30,CLEAR,DAYLIGHT,PEDALCYCLIST,NOT DIVIDED,STRAIGHT AND LEVEL,DRY,INJURY AND / OR TOW DUE TO CRASH,KEDZIE AVE,41.9064291697,-87.7070487908,POINT (-87.707048790816 41.906429169686)
O1722116,NON-MOTOR VEHICLE,38f21e004fc9f62967f111bfdbb919fe12cda628c7322922b0efb9a361861c68bce8f649eafe0ecc65bcc97116df103d10b27c07a92ed0c20d24cb100e29634e,12/13/2023 08:30:00 AM,F,37.0,,,,,,30,CLEAR,DAYLIGHT,OTHER OBJECT,ALLEY,STRAIGHT AND LEVEL,DRY,NO INJURY / DRIVE AWAY,WELLINGTON AVE,41.9344726449,-87.7915233364,POINT (-87.791523336412 41.934472644871)
O1721617,BICYCLE,1cdbc21b574ac7431816f4db4478c8a9eead14401beb54a772b3bfb3b54453ad6751a9dfca5ba7364aec393547cd37135f36da68cce50e17d5e0c620180dd3e6,12/12/2023 06:55:00 PM,M,38.0,BICYCLE HELMET (PEDACYCLIST INVOLVED ONLY),WITH TRAFFIC,BIKEWAY,TEST NOT OFFERED,,30,CLEAR,"DARKNESS, LIGHTED ROAD",PEDALCYCLIST,NOT DIVIDED,STRAIGHT AND LEVEL,DRY,INJURY AND / OR TOW DUE TO CRASH,CHICAGO AVE,41.8959048519,-87.6838218009,POINT (-87.683821800948 41.895904851861)
O1721476,BICYCLE,bf44a37c1762731195321dc003001654a81e4965a71b5ce95556fa82503215a5ed3c7e3a38902047cf35c14ee65bf635f274e4cc09608ad64844110ecc45a0a1,12/12/2023 05:01:00 PM,M,38.0,BICYCLE HELMET (PEDACYCLIST INVOLVED ONLY),WITH TRAFFIC,IN ROADWAY,TEST NOT OFFERED,,20,CLEAR,DARKNESS,PEDALCYCLIST,FOUR WAY,STRAIGHT AND LEVEL,DRY,NO INJURY / DRIVE AWAY,WENTWORTH AVE,41.8577437509,-87.6320390628,POINT (-87.632039062819 41.857743750896)
O1721390,BICYCLE,3d60ebcd408f83d6215029e02ccbf5703102988b4956ef722ddb3ce9d36fe5a355dcb12b93732358d36d468511a104fd97159d0ed4986a3ba4d2395f9e12858e,12/12/2023 03:27:00 PM,M,,HELMET NOT USED,OTHER ACTION,NOT IN ROADWAY,TEST NOT OFFERED,,30,CLEAR,DAYLIGHT,PEDALCYCLIST,OTHER,STRAIGHT AND LEVEL,DRY,NO INJURY / DRIVE AWAY,HARDING AVE,41.9591231105,-87.7264014053,POINT (-87.726401405334 41.959123110527)
O1720981,BICYCLE,ca572665b5271101055a32049ed3a8bb869bf766a605ce558364a7158ff76c7324848b3033cd768fa4610c5f9ec2b5e3150836d26d723a7b91b32e251aeffcb6,12/11/2023 05:57:00 PM,M,34.0,HELMET NOT USED,UNKNOWN/NA,IN ROADWAY,TEST NOT OFFERED,,30,CLEAR,"DARKNESS, LIGHTED ROAD",PEDALCYCLIST,NOT DIVIDED,STRAIGHT AND LEVEL,DRY,INJURY AND / OR TOW DUE TO CRASH,CALIFORNIA AVE,41.7735441443,-87.6933956507,POINT (-87.693395650731 41.773544144314)
O1720777,BICYCLE,ed15c520a588d70b0ac183782343413c2e743246319c2d0595fde389d9dfb5c95fc1a6e3187f58be479d7ffc936db3870d8e613cb1fcb9b53fa0253434a59ad9,12/11/2023 02:15:00 PM,M,60.0,HELMET NOT USED,UNKNOWN/NA,IN CROSSWALK,TEST NOT OFFERED,,30,CLEAR,DAYLIGHT,PEDALCYCLIST,DIVIDED - W/MEDIAN (NOT RAISED),STRAIGHT AND LEVEL,DRY,INJURY AND / OR TOW DUE TO CRASH,VANDERPOEL AVE,41.7211026729,-87.6666883933,POINT (-87.66668839328 41.721102672872)
O1720628,BICYCLE,51b20c5e75e36b43cc6d9d5490ae24b7653f1d4884f21f2a52f1d2ac2803b28103df232a28ca69e2186363a5b4990f192e3458d1887b45c21c4fee430d4d2601,12/11/2023 12:22:00 PM,M,58.0,HELMET NOT USED,CROSSING - NO CONTROLS (AT INTERSECTION),UNKNOWN/NA,TEST NOT OFFERED,,30,CLEAR,DAYLIGHT,PEDALCYCLIST,UNKNOWN INTERSECTION TYPE,STRAIGHT AND LEVEL,DRY,INJURY AND / OR TOW DUE TO CRASH,RACINE AVE,41.7776977974,-87.6545943507,POINT (-87.654594350716 41.777697797438)
O1719641,BICYCLE,6685bd1c431124ad71f6005118b7cdb348eebbe3905f0989f53f35dc713f58c3714fa04a8e3c677f4fd164e218b282851355a298d5642ee2779d493afe64192a,12/09/2023 05:08:00 PM,F,36.0,BICYCLE HELMET (PEDACYCLIST INVOLVED ONLY),WITH TRAFFIC,BIKE LANE,TEST NOT OFFERED,,30,CLEAR,DARKNESS,PEDALCYCLIST,NOT DIVIDED,STRAIGHT AND LEVEL,DRY,INJURY AND / OR TOW DUE TO CRASH,BELMONT AVE,41.9399918671,-87.6559745011,POINT (-87.655974501065 41.939991867074)
O1835319,BICYCLE,4b798b383482f0bc9c600b081b9a43c5372eee320365b4b373e1d65b908d71e208c81f00cb547d0de15add06dcb0a5f95b47eeafd06da4e15cea7e13a77722ad,12/09/2023 04:50:00 PM,M,26.0,HELMET NOT USED,WITH TRAFFIC,IN ROADWAY,TEST NOT OFFERED,,30,CLEAR,"DARKNESS, LIGHTED ROAD",PEDALCYCLIST,DIVIDED - W/MEDIAN (NOT RAISED),STRAIGHT AND LEVEL,DRY,INJURY AND / OR TOW DUE TO CRASH,SHERIDAN RD,41.9547002432,-87.6546975876,POINT (-87.654697587574 41.954700243184)
O1719684,NON-MOTOR VEHICLE,fb3212fa3cc496e8763730d7dec5b8ea1393d38a87b5080510311d921ff1fe52e24727f810565e70a1d41c5f1eef7c7dca76ef4fc01270ec630c5b0b78d4dd89,12/09/2023 04:30:00 PM,,,,,,,,30,CLEAR,DARKNESS,FIXED OBJECT,DIVIDED - W/MEDIAN BARRIER,STRAIGHT AND LEVEL,DRY,NO INJURY / DRIVE AWAY,47TH DR,41.8097954827,-87.5923738666,POINT (-87.592373866633 41.809795482717)
O1719581,BICYCLE,04a13ab40f641e7f5a30f4beedc2a3d12d4c3e62de14286f54b80899d3b43f76924a430c9c2d4a884ed04f8747106e85adf850dfedb14f7d20763e1a9989a702,12/09/2023 03:34:00 PM,M,34.0,HELMET NOT USED,WITH TRAFFIC,IN ROADWAY,TEST NOT OFFERED,,30,CLEAR,DAYLIGHT,PEDALCYCLIST,NOT DIVIDED,STRAIGHT AND LEVEL,DRY,NO INJURY / DRIVE AWAY,LELAND AVE,41.9666390253,-87.6932116629,POINT (-87.693211662898 41.966639025337)
O1720088,BICYCLE,2b466c9b613d06a804dc0d52f9b89891fede1229e992131610f3c113ab72dfa0cfa8b0cb58abd63235aaedf1c96f3cbacce5128ee43955b28d52f03d59ec72a8,12/09/2023 02:30:00 PM,F,35.0,BICYCLE HELMET (PEDACYCLIST INVOLVED ONLY),CROSSING - NO CONTROLS (AT INTERSECTION),BIKE LANE,TEST NOT OFFERED,,30,CLEAR,DAYLIGHT,PEDALCYCLIST,DIVIDED - W/MEDIAN (NOT RAISED),STRAIGHT AND LEVEL,DRY,INJURY AND / OR TOW DUE TO CRASH,KEDZIE AVE,41.94451377,-87.7079155661,POINT (-87.707915566068 41.944513769958)
O1719558,BICYCLE,eca839d02e06575a02a0304ee2ec660d29991e7c962595a2ec8d68d6a565a70ac44f226c7a71eb184289938cbb05eebc44f054f3d7e5abdfda0418eb47d93e35,12/09/2023 02:30:00 PM,F,41.0,HELMET NOT USED,WITH TRAFFIC,IN ROADWAY,TEST NOT OFFERED,,25,CLEAR,DAYLIGHT,PEDALCYCLIST,NOT DIVIDED,STRAIGHT AND LEVEL,DRY,INJURY AND / OR TOW DUE TO CRASH,MONTROSE AVE,41.961398949,-87.6923267696,POINT (-87.692326769554 41.961398949031)
O1719481,BICYCLE,4c41f0c789387fd268c61ab92b299ee7127483735145d568ca081016ae619fb5ee7ea6622d4baf031ce0687abe4821c2dc7f19a0af425d233b6f935d016e6ad1,12/09/2023 12:53:00 PM,M,49.0,BICYCLE HELMET (PEDACYCLIST INVOLVED ONLY),WITH TRAFFIC,IN ROADWAY,TEST NOT OFFERED,,20,CLEAR,DAYLIGHT,PEDALCYCLIST,NOT DIVIDED,STRAIGHT AND LEVEL,DRY,INJURY AND / OR TOW DUE TO CRASH,MADISON ST,41.8818263018,-87.6508078182,POINT (-87.650807818241 41.881826301772)
O1719229,NON-MOTOR VEHICLE,9930b7d999aa1c2690ea8a641271b5fdf0e6cfb027856ed65655f4581cb9a36597b10aeb9201e15ffc6755c92ce1f0e7eae31c679a22794344ee7dab1243991b,12/08/2023 11:48:00 PM,,,NONE PRESENT,,,,,30,RAIN,DARKNESS,OTHER OBJECT,DIVIDED - W/MEDIAN BARRIER,STRAIGHT AND LEVEL,WET,NO INJURY / DRIVE AWAY,KOSTNER AVE,41.869019716,-87.7352147061,POINT (-87.735214706069 41.869019715998)
O1719069,BICYCLE,28a06afba3d9f47a07a509844c74d3000c013e5c741f9bf7272d20c61287515eb3f24087526cef5c9fa2cd92b252346b6cfb376040d0907996ac68a56cf97bb8,12/08/2023 07:05:00 PM,M,39.0,BICYCLE HELMET (PEDACYCLIST INVOLVED ONLY),WITH TRAFFIC,IN ROADWAY,TEST NOT OFFERED,,30,CLEAR,"DARKNESS, LIGHTED ROAD",PEDALCYCLIST,DIVIDED - W/MEDIAN (NOT RAISED),STRAIGHT AND LEVEL,DRY,INJURY AND / OR TOW DUE TO CRASH,CICERO AVE,41.909252413,-87.7459682386,POINT (-87.745968238585 41.909252412982)
O1718975,BICYCLE,9da1090a24c53fdda91a3a29e968aa77bc91e6b46fc7b1d0d77b4f647232f4bf390891bbc416499e089ca9f8ab3e4d69b14e2edd1e96d4be76ea97f97e419018,12/08/2023 05:16:00 PM,M,14.0,HELMET NOT USED,CROSSING - NO CONTROLS (NOT AT INTERSECTION),IN ROADWAY,TEST NOT OFFERED,,30,CLEAR,"DARKNESS, LIGHTED ROAD",PEDALCYCLIST,NOT DIVIDED,STRAIGHT AND LEVEL,DRY,INJURY AND / OR TOW DUE TO CRASH,CORTLAND ST,41.9157184014,-87.7024646561,POINT (-87.702464656089 41.915718401423)
O1718926,BICYCLE,effdbbe03c92246de5a9b6edeedcc5e856dd5f6ae3a240dc455dfb234bb540cc51b9b117f8531c0eb5ea943e7fb06baf3aee947f87bd1abdf9640d2aad0a6393,12/08/2023 04:51:00 PM,M,53.0,HELMET NOT USED,CROSSING - CONTROLS PRESENT (NOT AT INTERSECTION),IN ROADWAY,TEST NOT OFFERED,,30,CLEAR,DAYLIGHT,PEDALCYCLIST,FOUR WAY,STRAIGHT AND LEVEL,DRY,INJURY AND / OR TOW DUE TO CRASH,73RD ST,41.7627300395,-87.5663746415,POINT (-87.566374641487 41.762730039531)
O1721726,BICYCLE,9471ae00ca55afb25906c608b29d602f9d1eeb637236c3ce8fa82678f79b2febfada4be26560137f2ee4eee69adb78b48a1987a5044abc93fbda5568d55c432a,12/08/2023 01:00:00 PM,M,67.0,HELMET NOT USED,NOT AT INTERSECTION,IN CROSSWALK,TEST NOT OFFERED,,30,CLEAR,DAYLIGHT,PEDALCYCLIST,PARKING LOT,STRAIGHT AND LEVEL,DRY,INJURY AND / OR TOW DUE TO CRASH,LINCOLN AVE,41.9946189012,-87.7140204444,POINT (-87.714020444446 41.994618901167)
O1718167,BICYCLE,792616fe993e6f5d38ffb451f1abbad1c6e7791a16e6530339bf9cc30aea3adce1650b39478b2c493a2f11f1207de27a710a0d18643d0cff17527a5685a5d703,12/07/2023 04:18:00 PM,M,39.0,HELMET NOT USED,CROSSING - CONTROLS PRESENT (NOT AT INTERSECTION),IN ROADWAY,TEST NOT OFFERED,,20,CLEAR,DAYLIGHT,PEDALCYCLIST,ONE-WAY,STRAIGHT AND LEVEL,DRY,INJURY AND / OR TOW DUE TO CRASH,24TH ST,41.8480148388,-87.7062990861,POINT (-87.706299086102 41.848014838842)
O1717993,NON-MOTOR VEHICLE,f8403f59d110a5be2e1c6629c90c9270148425a726df5fa7a58e01abb1011ec8bebf94556880464d32ec6c116fe707011a266d7ffdffba5f8629026c455ee6e0,12/07/2023 11:56:00 AM,M,,,,,,,30,CLEAR,DAYLIGHT,FIXED OBJECT,DIVIDED - W/MEDIAN BARRIER,STRAIGHT AND LEVEL,DRY,NO INJURY / DRIVE AWAY,79TH ST,41.7496302246,-87.7021455222,POINT (-87.702145522207 41.749630224584)
O1717851,BICYCLE,e6217678fe331fd352084b36922d6ccba8d6bc08de2aa39f2d80c66b97f1772c8f6037ed595aae5deb75add4b3c81c9b87c3096568f1158dbcfd7a2e648f315c,12/07/2023 08:55:00 AM,M,26.0,HELMET NOT USED,AGAINST TRAFFIC,IN ROADWAY,TEST NOT OFFERED,,30,CLEAR,DAYLIGHT,PEDALCYCLIST,T-INTERSECTION,STRAIGHT AND LEVEL,DRY,NO INJURY / DRIVE AWAY,CENTRAL AVE,41.7908047728,-87.7623834628,POINT (-87.76238346284 41.79080477277)
O1717680,BICYCLE,117586ad9e7f0463a002bdc36b60788ed375b52defc7a6d217f098f15b82d8a74fd9a9b5ac07e786435b566801b378318e0c6618fb67ff2dd8563800e4f0ce7e,12/06/2023 06:50:00 PM,M,26.0,HELMET NOT USED,WITH TRAFFIC,BIKE LANE,TEST NOT OFFERED,,30,CLEAR,"DARKNESS, LIGHTED ROAD",PEDALCYCLIST,NOT DIVIDED,STRAIGHT AND LEVEL,DRY,INJURY AND / OR TOW DUE TO CRASH,ILLINOIS ST,41.8907628925,-87.6275490058,POINT (-87.627549005802 41.890762892533)
O1717666,BICYCLE,10c41a30abd09fea1b927a7e9406a4fbec86c1e5056bbfc9adf14fcaec75b42c72f82ba7e84cd7158e4907ec4d3ed5b9ec782339c56d327dfc925ec777439745,12/06/2023 04:57:00 PM,M,55.0,HELMET NOT USED,CROSSING - CONTROLS PRESENT (NOT AT INTERSECTION),IN ROADWAY,TEST NOT OFFERED,,30,CLEAR,"DARKNESS, LIGHTED ROAD",PEDALCYCLIST,FOUR WAY,STRAIGHT AND LEVEL,DRY,INJURY AND / OR TOW DUE TO CRASH,LARAMIE AVE,41.9332688464,-87.7566361302,POINT (-87.756636130243 41.933268846391)
O1717564,BICYCLE,8a8f2f18aee3150582ff8453bc6e3de1800478b974e456a2f712387f6e61cc66cc48922c8ce00abb31941b29e8de2d3a07841b09e1e6b22bd8e304ac8d69dd22,12/06/2023 04:20:00 PM,M,77.0,HELMET NOT USED,WITH TRAFFIC,IN ROADWAY,TEST NOT OFFERED,,30,CLEAR,DAWN,PEDALCYCLIST,NOT DIVIDED,STRAIGHT AND LEVEL,DRY,INJURY AND / OR TOW DUE TO CRASH,MELVINA AVE,41.9457633837,-87.7815221439,POINT (-87.781522143912 41.945763383672)
O1716997,BICYCLE,7a7667a140839afc2e91f378a9c21d5986996209ab7a6f2d550f286b2ec0df25f390c962654ae65d004096d5467a6f14f3c24a7c368091c6dc19a4511742f55f,12/05/2023 05:07:00 PM,M,60.0,HELMET NOT USED,CROSSING - WITH SIGNAL,IN ROADWAY,TEST NOT OFFERED,,30,RAIN,"DARKNESS, LIGHTED ROAD",PEDALCYCLIST,DIVIDED - W/MEDIAN (NOT RAISED),STRAIGHT AND LEVEL,WET,INJURY AND / OR TOW DUE TO CRASH,ARCHER AVE,41.8023659733,-87.7235767661,POINT (-87.72357676611 41.802365973339)
O1716851,BICYCLE,b4aa8941b6e78a2273bb6db02bf4630e387cc47741248d6761e97a64ff884d543dff9f77ff39054b73e466f7d06cd5792eea6e63220fac0dd55da89587f2a189,12/05/2023 03:25:00 PM,M,,BICYCLE HELMET (PEDACYCLIST INVOLVED ONLY),CROSSING - WITH SIGNAL,IN CROSSWALK,TEST NOT OFFERED,,30,RAIN,DAYLIGHT,ANGLE,FOUR WAY,STRAIGHT AND LEVEL,WET,INJURY AND / OR TOW DUE TO CRASH,PULASKI RD,41.8770392438,-87.7256913586,POINT (-87.725691358578 41.877039243763)
O1716572,BICYCLE,088034d881688ff307ed1a4cc55a62a2b9cca49d4c4bebf48e61a93fa800f2d0290c34704836ceb4188580c2a448863f060cf81903a36adfb05b6d516c717e46,12/05/2023 10:05:00 AM,M,22.0,HELMET NOT USED,CROSSING - AGAINST SIGNAL,IN ROADWAY,TEST NOT OFFERED,,30,SNOW,DAYLIGHT,PEDALCYCLIST,FOUR WAY,STRAIGHT AND LEVEL,WET,INJURY AND / OR TOW DUE TO CRASH,FRANKLIN BLVD,41.8899591607,-87.7065100768,POINT (-87.706510076836 41.889959160694)
O1715655,BICYCLE,2345103091a155694f4cc0053c168f6d3a293bff83049edb9aa49f8d40b660e43fe0be99ebe953f3bd4288db0acb1a24c2055d7764d868570512a4d2839c869d,12/03/2023 07:25:00 PM,M,64.0,BICYCLE HELMET (PEDACYCLIST INVOLVED ONLY),CROSSING - AGAINST SIGNAL,IN ROADWAY,TEST NOT OFFERED,,30,CLEAR,"DARKNESS, LIGHTED ROAD",PEDALCYCLIST,FOUR WAY,STRAIGHT AND LEVEL,DRY,INJURY AND / OR TOW DUE TO CRASH,ST CLAIR ST,41.8947847791,-87.6226058409,POINT (-87.622605840856 41.894784779144)
O1715465,BICYCLE,ac7c74d20105536afbf66c49779004fa8d5a59900ebbe40c6d8dbf73e5045e01c1ba0ef12b2c10cc8bb8f16ed7808b8cccad83d4e882dfd0c8df60760cb47ff0,12/03/2023 02:40:00 PM,F,36.0,BICYCLE HELMET (PEDACYCLIST INVOLVED ONLY),CROSSING - NO CONTROLS (AT INTERSECTION),BIKE LANE,TEST NOT OFFERED,,30,CLEAR,DAYLIGHT,PEDALCYCLIST,NOT DIVIDED,STRAIGHT AND LEVEL,DRY,INJURY AND / OR TOW DUE TO CRASH,AVONDALE AVE,41.9393767085,-87.7086935472,POINT (-87.708693547247 41.939376708484)
O1715589,BICYCLE,3bf9d157defcb34820cdd8eef5f97d088890320d22005bd2248331d90494e146965b9207ca4dda019be052a6c60acd6e3db55659edae69537230f9dd70f3ff54,12/03/2023 02:36:00 PM,M,17.0,HELMET NOT USED,NO ACTION,IN ROADWAY,TEST NOT OFFERED,,30,CLEAR,DAYLIGHT,PEDALCYCLIST,NOT DIVIDED,STRAIGHT AND LEVEL,WET,NO INJURY / DRIVE AWAY,CENTRAL PARK AVE,41.9106394664,-87.7164336224,POINT (-87.716433622367 41.910639466358)
O1715339,BICYCLE,6537a5d05e022224e1d9d5e116657ceb6d9657e5d4c78a5ec9433194b9d82dc209f1491ba3b9dc91c3f8c771fbb0ca0519bcfad50fa171cb1ae95e5aa6d33653,12/03/2023 09:15:00 AM,M,49.0,BICYCLE HELMET (PEDACYCLIST INVOLVED ONLY),OTHER ACTION,NOT IN ROADWAY,TEST NOT OFFERED,,30,RAIN,DAYLIGHT,PEDALCYCLIST,PARKING LOT,STRAIGHT AND LEVEL,WET,INJURY AND / OR TOW DUE TO CRASH,IRVING PARK RD,41.9532864854,-87.7673790701,POINT (-87.767379070142 41.9532864854)
O1715976,BICYCLE,a310a1f8d9447faed5f8368913bc4ef41d393c1e0fc431e43b476de49db6208b82cb98ed847c76af8529a2dace0ff611a7b47b265aee792b9522a7665bca241f,12/03/2023 06:00:00 AM,M,,HELMET NOT USED,CROSSING - AGAINST SIGNAL,IN ROADWAY,TEST NOT OFFERED,,30,CLEAR,DAYLIGHT,PEDALCYCLIST,T-INTERSECTION,STRAIGHT AND LEVEL,DRY,NO INJURY / DRIVE AWAY,BRYN MAWR AVE,41.9837128996,-87.6614074132,POINT (-87.661407413231 41.983712899561)
O1718183,BICYCLE,3f331e4d8f827de6df3dce188badc82b3af3fb19bd18d4ea28a2b729bf151143133a8ab2ff66f9c27b0ac3f6a660469434423c23c69c08da06c9289b2930aa8b,12/02/2023 05:20:00 PM,M,,HELMET NOT USED,CROSSING - NO CONTROLS (AT INTERSECTION),IN CROSSWALK,TEST NOT OFFERED,,30,CLOUDY/OVERCAST,DUSK,PEDALCYCLIST,DIVIDED - W/MEDIAN (NOT RAISED),STRAIGHT AND LEVEL,UNKNOWN,NO INJURY / DRIVE AWAY,NORTH AVE,41.9100281927,-87.7235137036,POINT (-87.723513703642 41.910028192695)
O1714780,BICYCLE,064d6e6b606539075ffbe4e87cfbdcd347991e541cd6c5de7dc0b012025ad1184796f3f77292f75e9bb622b78610a2d2004a32c010686c13da977343e5c3e91a,12/02/2023 02:20:00 PM,M,,BICYCLE HELMET (PEDACYCLIST INVOLVED ONLY),WITH TRAFFIC,UNKNOWN/NA,TEST NOT OFFERED,,30,CLEAR,DAYLIGHT,PEDALCYCLIST,ONE-WAY,STRAIGHT AND LEVEL,DRY,INJURY AND / OR TOW DUE TO CRASH,ADAMS ST,41.8793258889,-87.6473418683,POINT (-87.647341868296 41.879325888902)
O1715583,BICYCLE,3ac787c96b7f487fbee88404736616dae1d43ff6a83ce2eca0be1fd9aea253a71e341ecede40d1c0d858b2f094dac739221e383354f67f0d80a2762af5a0f481,12/02/2023 02:10:00 PM,M,18.0,HELMET NOT USED,UNKNOWN/NA,IN ROADWAY,TEST NOT OFFERED,,30,UNKNOWN,UNKNOWN,PEDALCYCLIST,NOT DIVIDED,STRAIGHT AND LEVEL,UNKNOWN,NO INJURY / DRIVE AWAY,NORTH AVE,41.9105889523,-87.6628410894,POINT (-87.662841089433 41.910588952288)
O1714634,BICYCLE,629bb3204f4d9c0a91a0b41ea81317bfc8de9fa2ea8a34d77d0c5aade26214c3c12c2026678d41371b743ec7277887977c67380fa0ee4a82e113c13ca2892c09,12/02/2023 10:30:00 AM,M,,HELMET NOT USED,NOT AT INTERSECTION,IN ROADWAY,TEST NOT OFFERED,,30,CLEAR,DAYLIGHT,PEDALCYCLIST,NOT DIVIDED,STRAIGHT AND LEVEL,UNKNOWN,NO INJURY / DRIVE AWAY,IRVING PARK RD,41.9539117716,-87.7167310814,POINT (-87.716731081359 41.953911771619)