PERSON_ID,PERSON_TYPE,CRASH_RECORD_ID,CRASH_DATE_x,SEX,AGE,SAFETY_EQUIPMENT,PEDPEDAL_ACTION,PEDPEDAL_LOCATION,BAC_RESULT,CRASH_DATE_EST_I,POSTED_SPEED_LIMIT,WEATHER_CONDITION,LIGHTING_CONDITION,FIRST_CRASH_TYPE,TRAFFICWAY_TYPE,ALIGNMENT,ROADWAY_SURFACE_COND,CRASH_TYPE,STREET_NAME,LATITUDE,LONGITUDE,LOCATION
O1714525,NON-MOTOR VEHICLE,b07191ff0b2a4b16b0f2da4e2f0a607939f9b16b5483f0eb50b6a28993b091a6f0d6c85f531e383c94bbcb2220d75bba92bdaf026ca91b9d6352a71bb342a2ac,12/02/2023 03:06:00 AM,,,USAGE UNKNOWN,,,,,30,CLEAR,"DARKNESS, LIGHTED ROAD",FIXED OBJECT,DIVIDED - W/MEDIAN (NOT RAISED),STRAIGHT AND LEVEL,WET,NO INJURY / DRIVE AWAY,DIVERSEY AVE,41.9317700477,-87.7368781028,POINT (-87.736878102753 41.931770047674)
O1714110,BICYCLE,cf37cf25e7d7667f9ae7aa60f58628fe7d550e7891ec60acfc2fbaba0c33dbf7d3975edadc1f7f724c38c8122868524cd542bf9869512bf3ad57d3a99f597c2a,12/01/2023 05:35:00 PM,M,39.0,BICYCLE HELMET (PEDACYCLIST INVOLVED ONLY),UNKNOWN/NA,IN ROADWAY,TEST NOT OFFERED,,30,RAIN,"DARKNESS, LIGHTED ROAD",PEDALCYCLIST,FOUR WAY,STRAIGHT AND LEVEL,WET,INJURY AND / OR TOW DUE TO CRASH,HALSTED ST,41.8625862249,-87.6469322167,POINT (-87.646932216697 41.86258622495)
O1718791,BICYCLE,c0700cfd730b83fd7561e4b853e2f886cdc3d7fa2e5ae2f36474f0977e7c829f95ce75e7a5fda19bfe616c2965f007687e3c2e415a9560a2d26f52301af159e4,12/01/2023 05:30:00 PM,M,24.0,BICYCLE HELMET (PEDACYCLIST INVOLVED ONLY),NO ACTION,IN ROADWAY,TEST NOT OFFERED,,30,RAIN,"DARKNESS, LIGHTED ROAD",PEDALCYCLIST,NOT DIVIDED,STRAIGHT AND LEVEL,WET,INJURY AND / OR TOW DUE TO CRASH,BROADWAY,41.9522076593,-87.6494892359,POINT (-87.64948923588 41.952207659296)
O1714083,BICYCLE,684e9a8caba2d77608f957368fcbc7b2ce2ddb1a7443f3888f8a9964982e64a3e153a97f9465ae12f50e5cbb237a6de222ba89932a03e71a7ff22af5c6ec0852,12/01/2023 04:13:00 PM,M,41.0,HELMET NOT USED,WITH TRAFFIC,BIKE LANE,TEST NOT OFFERED,,30,RAIN,"DARKNESS, LIGHTED ROAD",PEDALCYCLIST,NOT DIVIDED,STRAIGHT AND LEVEL,WET,NO INJURY / DRIVE AWAY,DIVERSEY AVE,41.9319935668,-87.7192639547,POINT (-87.719263954665 41.931993566798)
O1713930,BICYCLE,bd298406dfc575339f904b10fe430ece607f78dc2706e0509a7f8a8cf9f21ed8e19af39f0e591c3b7c55522924531cf9b1647b699bac8a0da9995e264722817b,12/01/2023 03:00:00 PM,F,61.0,BICYCLE HELMET (PEDACYCLIST INVOLVED ONLY),WITH TRAFFIC,IN CROSSWALK,TEST NOT OFFERED,,30,RAIN,DUSK,PEDALCYCLIST,FOUR WAY,STRAIGHT AND LEVEL,WET,NO INJURY / DRIVE AWAY,LOOMIS ST,41.86149697,-87.6615647878,POINT (-87.661564787762 41.861496970028)
O1714755,NON-MOTOR VEHICLE,213eaa3c859512606767aa7e9b51b13d0946ba365124148f43f80d7b42a83ae51309fd238635eb1ee3d8c60c56479496e708d49cdb57a5a49a8b185d4cf741e0,12/01/2023 02:30:00 PM,,,NONE PRESENT,UNKNOWN/NA,UNKNOWN/NA,TEST NOT OFFERED,,10,RAIN,DAYLIGHT,OTHER OBJECT,ALLEY,STRAIGHT AND LEVEL,WET,NO INJURY / DRIVE AWAY,BISHOP ST,41.7382110715,-87.659333153,POINT (-87.659333153011 41.738211071522)
O1713757,BICYCLE,9c9d369ccdd836bd09a070ef743b28bcac298a48cea6ade1a5eee7e17bf081dda33a9111b561116b96aad27f899a9a638f57d5616347d364d43ebe7b6e7b1ba6,12/01/2023 07:55:00 AM,M,19.0,HELMET NOT USED,UNKNOWN/NA,IN ROADWAY,TEST NOT OFFERED,,25,RAIN,UNKNOWN,PEDALCYCLIST,NOT DIVIDED,STRAIGHT AND LEVEL,WET,NO INJURY / DRIVE AWAY,BLUE ISLAND AVE,41.8632607034,-87.6567290467,POINT (-87.656729046723 41.863260703434)
O1713614,BICYCLE,ff1f751a95fbff87be1214cbc581cc4f641b78c502f5c2f1da26d782c4d4f4c51db68f1bc514eb1fccfe6595fda046e4a412dc24bb354ea28c77865e45a9a1e2,12/01/2023 07:50:00 AM,M,32.0,BICYCLE HELMET (PEDACYCLIST INVOLVED ONLY),CROSSING - WITH SIGNAL,IN ROADWAY,TEST NOT OFFERED,,30,RAIN,DAYLIGHT,PEDALCYCLIST,FOUR WAY,STRAIGHT AND LEVEL,WET,INJURY AND / OR TOW DUE TO CRASH,HALSTED ST,41.8831127692,-87.6472574041,POINT (-87.647257404063 41.883112769192)
O1713381,BICYCLE,74b08824b5704f3d3d6a3b72eacc901ad5c0696e824849449af254557be9a1f7e825d2eed3a09182660baf8f58a77c924e4125c92abad5aad94e649367b1119a,11/30/2023 06:05:00 PM,M,35.0,BICYCLE HELMET (PEDACYCLIST INVOLVED ONLY),CROSSING - NO CONTROLS (AT INTERSECTION),BIKE LANE,TEST NOT OFFERED,,30,CLEAR,DARKNESS,PEDALCYCLIST,DIVIDED - W/MEDIAN BARRIER,STRAIGHT AND LEVEL,DRY,NO INJURY / DRIVE AWAY,ELSTON AVE,41.9382500817,-87.6964439683,POINT (-87.696443968308 41.938250081726)
O1713373,BICYCLE,c918d58621fe2660e7a85e39870a29a903157cf7c6bcd5e8ae0bc30700c731ccdae11214ac8aefd3e7aff6a735d5739f90a45194545f65740773c9154b9c0f0b,11/30/2023 05:47:00 PM,M,28.0,HELMET NOT USED,TURNING LEFT,IN ROADWAY,TEST NOT OFFERED,,30,CLEAR,DAYLIGHT,PEDALCYCLIST,FOUR WAY,STRAIGHT AND LEVEL,DRY,NO INJURY / DRIVE AWAY,STATE ST,41.8745452159,-87.6274640991,POINT (-87.627464099076 41.874545215885)
O1713281,BICYCLE,062be2683d12e4149a153a8bf997950b3cb31af2eef7f9c15d88c886bca88e27b2cb0ee3dc7e168f34e6d3af90669bc7af64e7c24fbc2d439d6eb181223c7e46,11/30/2023 04:19:00 PM,,,BICYCLE HELMET (PEDACYCLIST INVOLVED ONLY),UNKNOWN/NA,IN ROADWAY,TEST NOT OFFERED,,30,CLEAR,"DARKNESS, LIGHTED ROAD",PEDALCYCLIST,NOT DIVIDED,STRAIGHT AND LEVEL,DRY,NO INJURY / DRIVE AWAY,MONTROSE AVE,41.9619098449,-87.6531273785,POINT (-87.653127378543 41.961909844903)
O1715349,BICYCLE,15606d1fd31ae5bade9c7a19c5830206f0a3d0611d039683538a3958102a6c08cd86f4b22714402e93d2daae557c08d998b44b424a23e3abcf4f8c34385729ec,11/30/2023 10:00:00 AM,F,36.0,HELMET NOT USED,CROSSING - WITH SIGNAL,BIKE LANE,TEST NOT OFFERED,,30,CLEAR,DAYLIGHT,PEDALCYCLIST,DIVIDED - W/MEDIAN (NOT RAISED),STRAIGHT AND LEVEL,DRY,NO INJURY / DRIVE AWAY,ASHLAND AVE,41.8990050577,-87.6675198895,POINT (-87.667519889457 41.899005057673)
O1721064,BICYCLE,6b10a4de230590f90e96d200eb06d3e35e8ef1ecc046e0163b18b8067c250d58f974f73c030cc3c3f6c40713c1490a845065c00193bff250bf8431b7c96e3c4a,11/30/2023 08:10:00 AM,F,28.0,HELMET NOT USED,CROSSING - WITH SIGNAL,IN ROADWAY,TEST NOT OFFERED,,30,CLEAR,DAYLIGHT,PEDALCYCLIST,FOUR WAY,STRAIGHT AND LEVEL,DRY,INJURY AND / OR TOW DUE TO CRASH,STATE ST,41.8940358122,-87.6279861898,POINT (-87.627986189795 41.894035812211)
O1712987,NON-MOTOR VEHICLE,56f3e9c9936222fe15b96357da80ab14216fd2c5648bf9f92fa8a0471c962476fba71ff85723a8e9d74f5d61e769918a91c57ebb9ed5788e9c39fc3179dc1c8b,11/29/2023 06:30:00 PM,F,62.0,USAGE UNKNOWN,UNKNOWN/NA,UNKNOWN/NA,TEST NOT OFFERED,,35,UNKNOWN,UNKNOWN,OTHER OBJECT,PARKING LOT,STRAIGHT AND LEVEL,UNKNOWN,INJURY AND / OR TOW DUE TO CRASH,ASHLAND AVE,41.7657907704,-87.6639668865,POINT (-87.663966886455 41.765790770432)
O1712662,BICYCLE,75cc920d928985e60b078ba70a4e98c9473207468bb5eded723f561b13fed0c8a45fc3b904b3f24e669b75ec2b1d9cd6113771e9686f3c7c4ed3a342232f0ca5,11/29/2023 06:13:00 PM,M,25.0,HELMET NOT USED,WITH TRAFFIC,IN ROADWAY,TEST NOT OFFERED,,30,CLEAR,"DARKNESS, LIGHTED ROAD",PEDALCYCLIST,NOT DIVIDED,STRAIGHT AND LEVEL,DRY,INJURY AND / OR TOW DUE TO CRASH,BROADWAY,41.9565642031,-87.6519872598,POINT (-87.651987259839 41.956564203139)
O1757350,BICYCLE,1e47752a6e5ef4bf88cad14768828e11e96de6f8364726604e03abb6706eb4d48438bba65e9060d6cee9ce7f60160d7d24d1ba295408e5b7040f578703ba0e1d,11/29/2023 06:03:00 PM,M,26.0,BICYCLE HELMET (PEDACYCLIST INVOLVED ONLY),WITH TRAFFIC,BIKE LANE,TEST NOT OFFERED,,25,CLEAR,"DARKNESS, LIGHTED ROAD",PEDALCYCLIST,NOT DIVIDED,STRAIGHT AND LEVEL,DRY,INJURY AND / OR TOW DUE TO CRASH,CALIFORNIA AVE,41.9210802269,-87.6971572491,POINT (-87.697157249089 41.921080226936)
O1712634,BICYCLE,468b3899140fdf48408b3fbab8015301bf40366a909cb9f42eca1b0a256723062f580e218a2a6839c60590a41ff926961e935e285c01bc6a7f2fd2b95eeb304b,11/29/2023 05:55:00 PM,M,12.0,HELMET NOT USED,CROSSING - NO CONTROLS (AT INTERSECTION),BIKE LANE,TEST NOT OFFERED,,30,CLEAR,"DARKNESS, LIGHTED ROAD",PEDALCYCLIST,FOUR WAY,STRAIGHT AND LEVEL,UNKNOWN,NO INJURY / DRIVE AWAY,LAWRENCE AVE,41.9681446145,-87.7267513842,POINT (-87.726751384218 41.96814461455)
O1712773,BICYCLE,5b72d4ffeb1b60bb3a1768f6685084ed7a2b94a566026c6fbc275f5ae45b88f5fe41b1368e2ef29d1ae58e006c2f79fcfe3c0d70e9dda368a3cf8a4fb416240d,11/29/2023 03:24:00 PM,F,11.0,HELMET NOT USED,OTHER ACTION,IN ROADWAY,TEST NOT OFFERED,,30,CLEAR,"DARKNESS, LIGHTED ROAD",PEDALCYCLIST,NOT DIVIDED,STRAIGHT AND LEVEL,DRY,INJURY AND / OR TOW DUE TO CRASH,122ND ST,41.6723366108,-87.6505532058,POINT (-87.650553205828 41.672336610781)
O1712793,BICYCLE,525610a43251be4ffa7c287932e301f30fcd5f652b2414075d123b17bd55a7a4d33fc230383566241707ee8863bfe1d7703404a38213d4648b48c5882feae75f,11/29/2023 02:45:00 PM,M,35.0,BICYCLE HELMET (PEDACYCLIST INVOLVED ONLY),UNKNOWN/NA,UNKNOWN/NA,TEST NOT OFFERED,,30,CLEAR,DAYLIGHT,PEDALCYCLIST,NOT DIVIDED,STRAIGHT AND LEVEL,DRY,NO INJURY / DRIVE AWAY,LINCOLN AVE,41.9757634605,-87.6921998627,POINT (-87.692199862726 41.975763460477)
O1712519,BICYCLE,b520a18312bb8d791ff32e113ba09a1a55247affd3775be1d0128b1029be6120ece881ca27b255830c84ce7e12a62e874e17ae0dd5e4f983ca5b7d4938e2ac6a,11/29/2023 02:32:00 PM,M,58.0,HELMET NOT USED,WITH TRAFFIC,IN ROADWAY,TEST NOT OFFERED,,30,CLEAR,DAYLIGHT,PEDALCYCLIST,UNKNOWN,STRAIGHT AND LEVEL,DRY,INJURY AND / OR TOW DUE TO CRASH,TAYLOR ST,41.86980688,-87.6436700931,POINT (-87.643670093094 41.869806880037)
O1714879,BICYCLE,2d40a53f1c0ac68b341f6b26e0952229b79d01d574ee6ad89eeeb6e03474996de23b37e0fe1292643fbff101836d37fb798db81aae2945fee8304f67628d5b33,11/29/2023 06:30:00 AM,F,35.0,HELMET NOT USED,CROSSING - WITH SIGNAL,BIKEWAY,TEST NOT OFFERED,,30,CLEAR,DAYLIGHT,PEDALCYCLIST,FOUR WAY,STRAIGHT AND LEVEL,DRY,NO INJURY / DRIVE AWAY,HALSTED ST,41.8856896157,-87.6476217315,POINT (-87.647621731544 41.88568961566)
O1718129,BICYCLE,b73017ff6c14f5d01d259b3ad15519361b245700220e4ad99e3a5a3ebb2940df0cc3a5b10d0e5b1babf3cad35b2914c01bbd6e306803b3287971be8a93658753,11/28/2023 04:58:00 PM,M,58.0,BICYCLE HELMET (PEDACYCLIST INVOLVED ONLY),CROSSING - AGAINST SIGNAL,BIKE LANE,TEST NOT OFFERED,,30,CLEAR,"DARKNESS, LIGHTED ROAD",PEDALCYCLIST,T-INTERSECTION,STRAIGHT AND LEVEL,DRY,INJURY AND / OR TOW DUE TO CRASH,LA SALLE DR,41.8892253716,-87.632674115,POINT (-87.632674114985 41.88922537162)
O1712076,NON-MOTOR VEHICLE,074ce937eb2b09799bcbb1347f25341edce9cef474d852771bd5ea12baadec12356dadb6fb33d7640dde4ef326f26acfc3f346b095a9a8ae9b9e73b126269841,11/27/2023 06:26:00 PM,X,,USAGE UNKNOWN,,,TEST NOT OFFERED,,30,CLEAR,DAYLIGHT,OTHER OBJECT,OTHER,STRAIGHT AND LEVEL,DRY,NO INJURY / DRIVE AWAY,PERSHING RD,41.8230264797,-87.67336189,POINT (-87.673361890031 41.82302647975)
O1711289,BICYCLE,d90ee5503d4d2e0a1ccc52928104a0b4e42306a482de9f86c5be14403b665aaf0cc34b0599d1133c78922353db5e1624923aeb0e1bf91fae69e090d357a2cd28,11/27/2023 01:51:00 PM,F,39.0,HELMET NOT USED,WITH TRAFFIC,IN ROADWAY,TEST NOT OFFERED,,30,CLEAR,DAYLIGHT,PEDALCYCLIST,DIVIDED - W/MEDIAN (NOT RAISED),STRAIGHT AND LEVEL,DRY,INJURY AND / OR TOW DUE TO CRASH,LA SALLE ST,41.8807051043,-87.6324763051,POINT (-87.632476305146 41.880705104318)
O1710903,NON-MOTOR VEHICLE,2accc0610b1610843a598008ec4a8e10ab02b6078ea1db1a05daee52cc8239542e40a813af7d035dd3d13b51902495da89f2ed07a1586834dcc184a81bd15da6,11/27/2023 07:15:00 AM,,,,,,,,15,CLEAR,DAYLIGHT,FIXED OBJECT,T-INTERSECTION,STRAIGHT AND LEVEL,DRY,NO INJURY / DRIVE AWAY,BIRCHWOOD AVE,42.0180839891,-87.6665431877,POINT (-87.66654318769 42.018083989104)
O1711426,BICYCLE,18524f6f7b83c4a1a53f4e2e94bd251ba70a8c3f0e14cc9a0772c37d8f3e7f73e80aa3ac4ee0951865c809b43549e3cd90543f0203d631850e0d85c206ea6c75,11/26/2023 08:00:00 PM,M,39.0,HELMET NOT USED,UNKNOWN/NA,IN CROSSWALK,TEST NOT OFFERED,,30,UNKNOWN,UNKNOWN,PEDALCYCLIST,ALLEY,STRAIGHT AND LEVEL,UNKNOWN,NO INJURY / DRIVE AWAY,DEVON AVE,41.9978489727,-87.6894024741,POINT (-87.689402474063 41.997848972704)
O1713202,BICYCLE,40bf7094b57ec657046ffe2f49f362ac507445004bc4db232cdb1536a40d7945e71594a019b69e8948b380000f7d40f03c8de1e67d71527c54a1fc3ef280e1b3,11/26/2023 03:30:00 PM,M,,HELMET NOT USED,UNKNOWN/NA,IN ROADWAY,TEST NOT OFFERED,,30,RAIN,DAYLIGHT,PEDALCYCLIST,NOT DIVIDED,STRAIGHT ON HILLCREST,WET,NO INJURY / DRIVE AWAY,ROGERS AVE,42.0146822539,-87.6783821082,POINT (-87.678382108183 42.014682253883)
O1710584,BICYCLE,008e212f0f584b1ef36e341b6e39e9013e9dfe170e1337e2a7be60bc0f1bf4ae0bbf7313d97cc2a55fb8f970d6a5d2cb11dc8287f7442e006fa9f3dd4c43135a,11/26/2023 11:45:00 AM,M,63.0,BICYCLE HELMET (PEDACYCLIST INVOLVED ONLY),CROSSING - WITH SIGNAL,IN CROSSWALK,TEST NOT OFFERED,,30,SNOW,DAYLIGHT,PEDALCYCLIST,NOT DIVIDED,STRAIGHT AND LEVEL,WET,NO INJURY / DRIVE AWAY,CICERO AVE,41.8711963272,-87.7450724656,POINT (-87.745072465564 41.871196327219)
O1710377,BICYCLE,f3e7d2f35f4257c396f1e19f7df4a690dfdc8ed5e2060ad02391d6bac18d7357db11f4f4953637e81c14391b0cd981ae1afe1a1202d3edb5b98e41f1150623c1,11/26/2023 12:00:00 AM,M,30.0,HELMET NOT USED,CROSSING - CONTROLS PRESENT (NOT AT INTERSECTION),BIKE LANE,TEST NOT OFFERED,Y,30,CLEAR,"DARKNESS, LIGHTED ROAD",PEDALCYCLIST,DIVIDED - W/MEDIAN (NOT RAISED),STRAIGHT AND LEVEL,DRY,INJURY AND / OR TOW DUE TO CRASH,WESTERN AVE,41.7718840277,-87.6835884021,POINT (-87.683588402063 41.771884027712)
O1711287,BICYCLE,1cbc0cdf29047e919adc5e4fdecdd45342c06f2735d27458aef8aaf5661a165e5afa989d5470c5f3b53c27b1db7a809a8beb9917291950c7f6442bd48d6f9365,11/24/2023 06:30:00 PM,M,32.0,HELMET NOT USED,WITH TRAFFIC,BIKE LANE,TEST NOT OFFERED,,30,CLEAR,"DARKNESS, LIGHTED ROAD",PEDALCYCLIST,NOT DIVIDED,STRAIGHT AND LEVEL,DRY,INJURY AND / OR TOW DUE TO CRASH,CLARK ST,41.946280811,-87.6556031281,POINT (-87.655603128083 41.94628081101)
O1709538,BICYCLE,d4e1f3056efb60e71912ab160a21ce056f6b98f1accebddcf5aae1e304fb6b33774e7e1a1df30c964d6ad81e5191d30d39a73f220faef4a18b28b825fa0c20ab,11/24/2023 11:05:00 AM,M,,HELMET NOT USED,NO ACTION,UNKNOWN/NA,TEST NOT OFFERED,,30,CLEAR,DAYLIGHT,PEDALCYCLIST,ONE-WAY,STRAIGHT AND LEVEL,DRY,NO INJURY / DRIVE AWAY,ROCKWELL ST,41.9906107384,-87.6946851928,POINT (-87.694685192819 41.990610738417)
O1709303,BICYCLE,194ae7a2d6875536214f677462c7aff0319d3717145f39017357b7d2beb905f8f50c07d9c28c117c8ab44d41f495b776bc17b8c73b5a609677bc465a45d9ec4a,11/23/2023 05:05:00 PM,M,16.0,HELMET NOT USED,CROSSING - AGAINST SIGNAL,IN CROSSWALK,,,30,CLEAR,"DARKNESS, LIGHTED ROAD",PEDALCYCLIST,NOT DIVIDED,STRAIGHT AND LEVEL,DRY,INJURY AND / OR TOW DUE TO CRASH,47TH ST,41.8083895872,-87.6942693207,POINT (-87.694269320714 41.808389587198)
O1709126,BICYCLE,bf23ba8dcb93fa0fdf4ff5d02e0a840a4a378caff402a95010ef4e86e4d0e0d2631b03a939e6db0568a1211e6e098357e931d6ea78982076486d4c02e4163a4f,11/23/2023 09:00:00 AM,M,56.0,BICYCLE HELMET (PEDACYCLIST INVOLVED ONLY),CROSSING - NO CONTROLS (AT INTERSECTION),IN ROADWAY,TEST NOT OFFERED,,20,CLEAR,DAYLIGHT,PEDALCYCLIST,FOUR WAY,STRAIGHT AND LEVEL,DRY,NO INJURY / DRIVE AWAY,HOYNE AVE,41.7082058348,-87.6754155258,POINT (-87.67541552576 41.708205834825)
O1709122,BICYCLE,4d9f34ef799962ad9a72de7389d9d8dcc6704abb7774819719aa09a7fa12d13a2087120ef0ce3a7a62356bea424ab24474a79aa98d37dd5ade918cfaba337014,11/23/2023 08:25:00 AM,M,41.0,HELMET NOT USED,CROSSING - NO CONTROLS (NOT AT INTERSECTION),IN CROSSWALK,TEST NOT OFFERED,,15,CLEAR,DAYLIGHT,PEDALCYCLIST,FOUR WAY,STRAIGHT AND LEVEL,DRY,INJURY AND / OR TOW DUE TO CRASH,LELAND AVE,41.9665783459,-87.7233991539,POINT (-87.723399153855 41.966578345928)
O1708935,NON-MOTOR VEHICLE,87adb3a9ef271f303e0eca18dab47d02db64c3e43691dc111d9a04fb0ebbf6fb6964b99a7cf00754b40d70d9b369215cb4e033bfbb58c9262f609f96d17f4afc,11/22/2023 07:15:00 PM,F,70.0,NONE PRESENT,NO ACTION,NOT IN ROADWAY,TEST NOT OFFERED,,30,CLEAR,"DARKNESS, LIGHTED ROAD",ANIMAL,NOT DIVIDED,STRAIGHT AND LEVEL,DRY,NO INJURY / DRIVE AWAY,COTTAGE GROVE AVE,41.8263705668,-87.6082867641,POINT (-87.608286764121 41.826370566755)
O1708864,BICYCLE,e374bd3f4b43ce77e06f26bb949edbf47882085eb32c65e76ba654f2fca5e77a75b1c8f2f1fdafffa2eda8f5215cca18747e631e5c135ec5bc2875a12feef0c9,11/22/2023 06:22:00 PM,M,56.0,BICYCLE HELMET (PEDACYCLIST INVOLVED ONLY),CROSSING - NO CONTROLS (NOT AT INTERSECTION),IN ROADWAY,TEST NOT OFFERED,,30,CLEAR,"DARKNESS, LIGHTED ROAD",PEDALCYCLIST,NOT DIVIDED,STRAIGHT AND LEVEL,DRY,INJURY AND / OR TOW DUE TO CRASH,ARCHER AVE,41.8394423123,-87.6622526176,POINT (-87.662252617617 41.839442312313)
O1708717,BICYCLE,9e56ccbeeb04a835eb1765a44726582e454b82c8562825533f21a05c3d72e2f31821472cfe73fd29838e3aa22e7a0d27e1e844420e0931e6a814e2420c643cf2,11/22/2023 03:20:00 PM,M,24.0,HELMET NOT USED,WITH TRAFFIC,IN ROADWAY,TEST NOT OFFERED,,25,CLEAR,DAYLIGHT,PEDALCYCLIST,NOT DIVIDED,STRAIGHT AND LEVEL,DRY,INJURY AND / OR TOW DUE TO CRASH,SHEFFIELD AVE,41.951490092,-87.6546026203,POINT (-87.654602620285 41.951490091955)
O1708634,BICYCLE,970ee2b8ff04a8495cf0ab08e92b1e7afa286907c8eb75eff751f277044d5f3ea2308f4b4149b46a1f5a30f96b7365dc2848c49babdf57661b622596646abb63,11/22/2023 01:54:00 PM,M,27.0,HELMET NOT USED,CROSSING - NO CONTROLS (AT INTERSECTION),IN ROADWAY,TEST NOT OFFERED,,30,CLEAR,DAYLIGHT,PEDALCYCLIST,T-INTERSECTION,STRAIGHT AND LEVEL,DRY,INJURY AND / OR TOW DUE TO CRASH,BELDEN AVE,41.922268106,-87.7659873524,POINT (-87.765987352443 41.922268105983)
O1709269,BICYCLE,c3c798b2904962eeef701b4eb7e125d83586de8aae6dadad9d13fea94e36e5c0d6aae73849b9b96670348e8e941ca5285be6c5a9dadcaf8171bd187a50d921d7,11/22/2023 11:45:00 AM,M,,HELMET NOT USED,NO ACTION,BIKE LANE,TEST NOT OFFERED,,30,CLEAR,DAYLIGHT,PEDALCYCLIST,DIVIDED - W/MEDIAN BARRIER,STRAIGHT AND LEVEL,UNKNOWN,NO INJURY / DRIVE AWAY,HARRISON ST,41.8742057455,-87.6548210119,POINT (-87.654821011861 41.874205745501)
O1708339,BICYCLE,47abe2a9933c52757e4f51d38063b1817171303b2f7fd1827dc7d6db69d07ea574657f74f38e87063145547cb5d26e67f57ff71f46181f99c3a29f6433945b57,11/21/2023 09:00:00 PM,M,23.0,HELMET NOT USED,CROSSING - WITH SIGNAL,IN CROSSWALK,TEST NOT OFFERED,,25,CLEAR,"DARKNESS, LIGHTED ROAD",PEDALCYCLIST,DIVIDED - W/MEDIAN (NOT RAISED),STRAIGHT AND LEVEL,DRY,INJURY AND / OR TOW DUE TO CRASH,LAKE ST,41.8852155901,-87.6670776859,POINT (-87.667077685891 41.885215590125)
O1712343,BICYCLE,5a0380151378f3d3e87ff40d88ca216b6f53b38dceed1fae94d527d213f06604806a308a8573f6f8140f82feaebcc771398d7bab729b3d4a09f7fcfd31044e2d,11/21/2023 05:15:00 PM,M,53.0,HELMET NOT USED,AGAINST TRAFFIC,IN ROADWAY,TEST NOT OFFERED,,30,UNKNOWN,DARKNESS,PEDALCYCLIST,NOT DIVIDED,STRAIGHT AND LEVEL,UNKNOWN,NO INJURY / DRIVE AWAY,GRAND AVE,41.8911706932,-87.6590527423,POINT (-87.659052742264 41.891170693232)
O1708107,BICYCLE,63e9692e33ec9b22d8d22a40dd0578897d55e7e155e2f0307c08bdfb6ca5f776020ec01be58c6ae55e6c517f4df22533c67e3b198946e0b03916119b88646ab7,11/21/2023 12:30:00 PM,M,37.0,HELMET NOT USED,WITH TRAFFIC,BIKE LANE,TEST NOT OFFERED,,30,CLEAR,DAYLIGHT,PEDALCYCLIST,FOUR WAY,STRAIGHT AND LEVEL,WET,INJURY AND / OR TOW DUE TO CRASH,WOOD ST,41.8994567204,-87.6721300654,POINT (-87.672130065366 41.899456720417)
O1707945,BICYCLE,09a75832430e6ec46a726f49975a553bfc203edb2a54368286ea8e8f58666290f2bc0d90e4abedc34123f0814160bedc0a0d35781b1e8970c768059bc7bab10c,11/21/2023 09:58:00 AM,M,20.0,HELMET NOT USED,WITH TRAFFIC,IN ROADWAY,TEST NOT OFFERED,,25,CLOUDY/OVERCAST,DAYLIGHT,PEDALCYCLIST,NOT DIVIDED,STRAIGHT AND LEVEL,WET,NO INJURY / DRIVE AWAY,LOYOLA AVE,42.001673295,-87.6583567095,POINT (-87.658356709466 42.001673295003)
O1707833,NON-MOTOR VEHICLE,b69541d19a00c1c11e6f1f1ebc73767eb24202206dae0bf66efc92443954621ff5973faf8a7a4840847cf66be6415ad907e38e7ad3b6287616d3152502919921,11/21/2023 01:50:00 AM,M,33.0,USAGE UNKNOWN,OTHER ACTION,IN ROADWAY,TEST NOT OFFERED,Y,30,RAIN,"DARKNESS, LIGHTED ROAD",OTHER OBJECT,FOUR WAY,STRAIGHT AND LEVEL,WET,INJURY AND / OR TOW DUE TO CRASH,CLARK ST,41.8892498019,-87.6312078202,POINT (-87.631207820201 41.889249801889)
O1708900,BICYCLE,9f29e8b2502f747bc0248f75f8594417304dd79af513676f1ff4d7e1ec97b5363a807d193749849bc6279a813b1e2946c44bdeb54024acc17e0d18cede558999,11/20/2023 08:45:00 PM,M,27.0,BICYCLE HELMET (PEDACYCLIST INVOLVED ONLY),CROSSING - AGAINST SIGNAL,IN ROADWAY,TEST NOT OFFERED,,30,RAIN,"DARKNESS, LIGHTED ROAD",PEDALCYCLIST,NOT DIVIDED,STRAIGHT AND LEVEL,WET,NO INJURY / DRIVE AWAY,CENTRAL PARK AVE,41.9346722187,-87.7171164431,POINT (-87.717116443148 41.934672218661)
O1707559,BICYCLE,c5a2bda10e7ae035fe8c5509fa418a9958744078bc05ae340b157e3117626184cd9697d8cb25a0e6dcbbd23bd515e50964d1e31562fcb6d36e9a8e960c470daa,11/20/2023 06:15:00 PM,M,25.0,HELMET NOT USED,ENTER FROM DRIVE/ALLEY,NOT IN ROADWAY,TEST NOT OFFERED,,10,RAIN,DARKNESS,PEDALCYCLIST,PARKING LOT,STRAIGHT AND LEVEL,WET,INJURY AND / OR TOW DUE TO CRASH,WESTERN AVE,41.9905912645,-87.6895282896,POINT (-87.689528289597 41.990591264485)
O1706869,BICYCLE,82ea655522606f9327ea61b0bf8884b7f0ecfabe6c926b131bcf0aaa37c4c00fdf47742a38be4bec4775cb038902dc8cb6f273d3d93023dde47abcf2b52499b0,11/19/2023 03:17:00 PM,M,,HELMET NOT USED,WITH TRAFFIC,IN ROADWAY,TEST NOT OFFERED,,30,CLEAR,DAYLIGHT,PEDALCYCLIST,NOT DIVIDED,STRAIGHT AND LEVEL,DRY,NO INJURY / DRIVE AWAY,HIRSCH ST,41.9064866105,-87.7164105538,POINT (-87.716410553785 41.906486610454)