PERSON_ID,PERSON_TYPE,CRASH_RECORD_ID,CRASH_DATE_x,SEX,AGE,SAFETY_EQUIPMENT,PEDPEDAL_ACTION,PEDPEDAL_LOCATION,BAC_RESULT,CRASH_DATE_EST_I,POSTED_SPEED_LIMIT,WEATHER_CONDITION,LIGHTING_CONDITION,FIRST_CRASH_TYPE,TRAFFICWAY_TYPE,ALIGNMENT,ROADWAY_SURFACE_COND,CRASH_TYPE,STREET_NAME,LATITUDE,LONGITUDE,LOCATION
O1706856,BICYCLE,e1c4deb08166603e0fa030ae4a82e62c9ab99709c7f30c6e97b363677c7061fb5f411df8de95c216c14963ea2c4553bb1ddd0ee57b46b88878fddcca9b1c506f,11/19/2023 12:50:00 PM,M,,BICYCLE HELMET (PEDACYCLIST INVOLVED ONLY),WITH TRAFFIC,IN ROADWAY,TEST NOT OFFERED,,30,CLEAR,DAYLIGHT,PEDALCYCLIST,NOT DIVIDED,STRAIGHT AND LEVEL,DRY,INJURY AND / OR TOW DUE TO CRASH,FOSTER AVE,41.9757259386,-87.696680113,POINT (-87.696680112956 41.975725938602)
O1711210,BICYCLE,8f52e0a53b6c86477373af7cc8e417b705bdf3477adad7670cec7729dedb54717a444fee76bbdc93079ceccbaf7b8590f823d1b38c13bb410f0b6e7f52884e40,11/19/2023 10:30:00 AM,M,59.0,HELMET NOT USED,TURNING RIGHT,IN ROADWAY,TEST NOT OFFERED,,30,UNKNOWN,DAYLIGHT,PEDALCYCLIST,FOUR WAY,STRAIGHT AND LEVEL,UNKNOWN,INJURY AND / OR TOW DUE TO CRASH,MERRION AVE,41.7224726946,-87.5700955071,POINT (-87.570095507081 41.722472694565)
O1706367,BICYCLE,c6c20295ab70fa790bd1c0bc2c02ba7d8837208f131cada198baf8d7d60f14ea8d7d4dae0fcc5debd4f19d8a7b4ac17ca29d9f7cc7e299695e4b7e5fe6348c46,11/18/2023 07:15:00 PM,M,28.0,HELMET NOT USED,WITH TRAFFIC,IN CROSSWALK,TEST NOT OFFERED,,25,CLEAR,"DARKNESS, LIGHTED ROAD",PEDALCYCLIST,NOT DIVIDED,STRAIGHT AND LEVEL,DRY,INJURY AND / OR TOW DUE TO CRASH,WALLACE ST,41.8380136803,-87.6415594381,POINT (-87.641559438084 41.838013680252)
O1706393,BICYCLE,b892bafad98d30d5d5ae8df8e907f8cf578ef34598f24c5908b1ce71fe0c03c34c599c1c8da51a8f8690aeeea843ca7b66ea12db5608fbf4663f5e39128a97ce,11/18/2023 05:10:00 PM,M,89.0,HELMET NOT USED,CROSSING - NO CONTROLS (AT INTERSECTION),IN CROSSWALK,TEST NOT OFFERED,,25,CLEAR,DARKNESS,PEDALCYCLIST,FOUR WAY,STRAIGHT AND LEVEL,DRY,INJURY AND / OR TOW DUE TO CRASH,MEADE AVE,41.9383671085,-87.7787896089,POINT (-87.778789608864 41.938367108469)
O1706005,BICYCLE,35e917a7583cb032dc7bdf94624f7665b5541fe029e26366b184254861054ad85dc964399170586d62c1c0868de4f3a0eada592702727b4c014c604da1458fbf,11/18/2023 10:27:00 AM,M,78.0,HELMET NOT USED,CROSSING - NO CONTROLS (AT INTERSECTION),IN CROSSWALK,TEST NOT OFFERED,,30,CLEAR,DAYLIGHT,PEDALCYCLIST,NOT DIVIDED,STRAIGHT AND LEVEL,DRY,INJURY AND / OR TOW DUE TO CRASH,CENTRAL PARK AVE,41.8426421089,-87.7148882794,POINT (-87.714888279388 41.842642108893)
O1705903,BICYCLE,7acb7e42ad40ef3c877494fe352ea243e2e73d01e51b33e5a3cbd9e3b8374d1a1ead81e45abba01836a6c4211219ec3a3279a7082cda622179a334a2476567b1,11/18/2023 06:10:00 AM,M,57.0,BICYCLE HELMET (PEDACYCLIST INVOLVED ONLY),WITH TRAFFIC,UNKNOWN/NA,TEST NOT OFFERED,,30,CLEAR,DAWN,PEDALCYCLIST,T-INTERSECTION,STRAIGHT AND LEVEL,DRY,INJURY AND / OR TOW DUE TO CRASH,BELMONT AVE,41.9388021792,-87.7407151788,POINT (-87.74071517877 41.938802179246)
O1705630,BICYCLE,0f9a896216842ee63e3f74b93a074b6d26db6fdf7631c05a61ef79d87722bef76231e6ae9eb9e2b9414c7fb73af911637c8db293b42aad4d744edc84f36d2f99,11/17/2023 03:45:00 PM,M,41.0,BICYCLE HELMET (PEDACYCLIST INVOLVED ONLY),NO ACTION,IN ROADWAY,TEST NOT OFFERED,,30,CLEAR,DAYLIGHT,REAR END,OTHER,STRAIGHT AND LEVEL,WET,INJURY AND / OR TOW DUE TO CRASH,BELMONT AVE,41.9394706402,-87.7032594962,POINT (-87.70325949623 41.939470640223)
O1705511,BICYCLE,5b77462a89fb12373ce4a7ea6873c9ab278b5e2666db87875b32bec13e976dfa199ce61f53c7cb63b0d366428f6be52bd56c19280f65fa5553499382a593020c,11/17/2023 03:20:00 PM,M,42.0,HELMET NOT USED,NO ACTION,BIKE LANE,TEST NOT OFFERED,,25,CLEAR,DAYLIGHT,PEDALCYCLIST,DIVIDED - W/MEDIAN (NOT RAISED),STRAIGHT AND LEVEL,DRY,NO INJURY / DRIVE AWAY,KILBOURN AVE,41.9460668599,-87.7398487468,POINT (-87.7398487468 41.946066859941)
O1705303,BICYCLE,c6b1aecc6914586472098931dd20ea4678b9137c35e86e2a1e7087a317f60ce8de731f1fd1fd3e251787483ffba7a6c7bb5378e48e9ecc36b322b5af4779a348,11/17/2023 12:50:00 PM,M,64.0,BICYCLE HELMET (PEDACYCLIST INVOLVED ONLY),CROSSING - NO CONTROLS (NOT AT INTERSECTION),IN ROADWAY,TEST NOT OFFERED,,30,CLEAR,DAYLIGHT,PEDALCYCLIST,T-INTERSECTION,STRAIGHT AND LEVEL,DRY,INJURY AND / OR TOW DUE TO CRASH,KOMENSKY AVE,41.8441415419,-87.7259078774,POINT (-87.725907877352 41.844141541879)
O1705489,BICYCLE,c83f8d9a1100a920735e47d80d1bba1a83232fc234c91c59e74e40378b756f607f94395b66f23602674edbb09712622f2a909e7febe6c095fdff4f2010cf5e13,11/17/2023 12:35:00 PM,M,29.0,HELMET NOT USED,WITH TRAFFIC,IN ROADWAY,TEST NOT OFFERED,,25,CLEAR,DAYLIGHT,PEDALCYCLIST,NOT DIVIDED,STRAIGHT AND LEVEL,DRY,NO INJURY / DRIVE AWAY,MILWAUKEE AVE,41.9076798364,-87.6730207551,POINT (-87.673020755059 41.907679836412)
O1705071,BICYCLE,7b337fb5b07b709774a5387559ccc2667865e308ef0bfd88dd1b621789abed24439fbfc89ba10a310205b500aa757c2de6e90ab3fc1366bea73a7f26af94f60a,11/17/2023 05:40:00 AM,M,52.0,HELMET NOT USED,WITH TRAFFIC,BIKE LANE,TEST NOT OFFERED,,30,UNKNOWN,"DARKNESS, LIGHTED ROAD",PEDALCYCLIST,NOT DIVIDED,STRAIGHT AND LEVEL,UNKNOWN,INJURY AND / OR TOW DUE TO CRASH,DAMEN AVE,41.888768579,-87.6769941391,POINT (-87.676994139116 41.888768578988)
O1704856,NON-MOTOR VEHICLE,4be29c62991f8bc9a5daf72335081e7fbab58fe32058def4a5a1a41c0b2f4e5bd29b1c7a669cf348e68d8e3ae5acd55714a52917028ed560b09de7a43358f90d,11/16/2023 04:21:00 PM,M,12.0,NONE PRESENT,UNKNOWN/NA,IN CROSSWALK,TEST NOT OFFERED,,30,CLEAR,"DARKNESS, LIGHTED ROAD",OTHER OBJECT,ALLEY,STRAIGHT AND LEVEL,DRY,INJURY AND / OR TOW DUE TO CRASH,CHICAGO AVE,41.894748897,-87.7645621535,POINT (-87.764562153538 41.894748896989)
O1704755,BICYCLE,6bfec05eb757efbeff70462adf273675aada45ddcc9f3de59891ebc0ad29e49edbb11e1a6dbb5f14f8be97594c1bd31ced1125e5a9196d1f1c089425acae14a3,11/16/2023 03:30:00 PM,M,55.0,HELMET NOT USED,UNKNOWN/NA,IN CROSSWALK,TEST NOT OFFERED,,30,CLEAR,DAYLIGHT,PEDALCYCLIST,UNKNOWN INTERSECTION TYPE,STRAIGHT AND LEVEL,DRY,INJURY AND / OR TOW DUE TO CRASH,PULASKI RD,41.7951395437,-87.7233624082,POINT (-87.723362408186 41.795139543682)
O1704707,BICYCLE,ace6cba9cdc6f679f66edda4162ff935f8da1199424ca899131278499c28da36b13eb07a5ac77d52a99f408f28c8becc3b96f11683d3570c29ab51d5500cba2b,11/16/2023 01:55:00 PM,M,33.0,HELMET NOT USED,WITH TRAFFIC,IN ROADWAY,TEST NOT OFFERED,,30,CLEAR,DAYLIGHT,PEDALCYCLIST,NOT DIVIDED,STRAIGHT AND LEVEL,UNKNOWN,NO INJURY / DRIVE AWAY,HUBBARD ST,41.8897492636,-87.681894201,POINT (-87.681894201008 41.889749263598)
O1704428,BICYCLE,335f54dfd03a9f1d599b665343c7c7d95b2728c04863be16ba2579b72a36e7d40e734c83e5393d1907f41de9cedb097a0f6359f56bd93dbab9bd9bd53c0831e8,11/16/2023 08:50:00 AM,M,,BICYCLE HELMET (PEDACYCLIST INVOLVED ONLY),CROSSING - CONTROLS PRESENT (NOT AT INTERSECTION),IN ROADWAY,TEST NOT OFFERED,,30,CLEAR,DAYLIGHT,PEDALCYCLIST,FOUR WAY,STRAIGHT AND LEVEL,DRY,NO INJURY / DRIVE AWAY,HALSTED ST,41.8939587626,-87.6478411876,POINT (-87.647841187649 41.893958762604)
O1704385,BICYCLE,507db00c94e07d6ec86197b5e4298b8e19b27ddd67330abdc32425d715181dff0afa44deb6cd891176f5a5a87e800ff2ce3eded5abf2e39cbb67015fd513914b,11/16/2023 06:08:00 AM,M,28.0,HELMET NOT USED,CROSSING - AGAINST SIGNAL,IN ROADWAY,TEST NOT OFFERED,,30,CLEAR,"DARKNESS, LIGHTED ROAD",PEDALCYCLIST,FOUR WAY,STRAIGHT AND LEVEL,DRY,INJURY AND / OR TOW DUE TO CRASH,CORTLAND ST,41.9162353375,-87.6678377721,POINT (-87.66783777213 41.916235337469)
O1704060,BICYCLE,711f8c488b219a139ae9d5247478ee1af5d4a40dfdf14852e33803b0044ad5671808d578708a2e68d7a48e8568041d8adb6eccebd06a6dfeff1c7621f2ee8342,11/15/2023 03:00:00 PM,M,17.0,HELMET NOT USED,NO ACTION,BIKE LANE,TEST NOT OFFERED,,30,CLEAR,DAYLIGHT,PEDALCYCLIST,DIVIDED - W/MEDIAN (NOT RAISED),STRAIGHT AND LEVEL,DRY,INJURY AND / OR TOW DUE TO CRASH,DIVISION ST,41.9030725062,-87.6777551839,POINT (-87.677755183941 41.903072506192)
O1704581,BICYCLE,2c841dbd9cddf7e90ab7e1632d79e79215a94e5b745b0460d0112dc382970ec22091344e73ee17538c21507d08ea63434678461271e897534f0f7808f5bd701e,11/15/2023 01:50:00 PM,M,33.0,HELMET NOT USED,OTHER ACTION,UNKNOWN/NA,TEST NOT OFFERED,,30,CLEAR,DAYLIGHT,PEDALCYCLIST,T-INTERSECTION,STRAIGHT AND LEVEL,DRY,INJURY AND / OR TOW DUE TO CRASH,STATE ST,41.7490285683,-87.6246230458,POINT (-87.624623045796 41.749028568338)
O1703894,BICYCLE,3ad228c85bd09b71a2a09ed5d76da10da66483031a9a6cb6f106c356f4848a102970abc04aaa485ae4d2746368191e1f29e2247d22f8102dd4b81222ba112d87,11/15/2023 12:30:00 PM,M,27.0,BICYCLE HELMET (PEDACYCLIST INVOLVED ONLY),UNKNOWN/NA,IN ROADWAY,TEST NOT OFFERED,Y,30,CLEAR,DAYLIGHT,PEDALCYCLIST,DIVIDED - W/MEDIAN (NOT RAISED),STRAIGHT AND LEVEL,DRY,INJURY AND / OR TOW DUE TO CRASH,PULASKI RD,41.914414198,-87.7263297242,POINT (-87.726329724161 41.914414197995)
O1703907,BICYCLE,606fd169d3af8cab506e745adb19fd55ca90d7e2cee6ebd25fb5123db2c48b5375b85828bb480699f65acf38f5d04036ce95836e9ea73d12204b61bb9749ab69,11/15/2023 12:15:00 PM,M,61.0,HELMET NOT USED,UNKNOWN/NA,BIKEWAY,TEST NOT OFFERED,,30,CLEAR,DAYLIGHT,PEDALCYCLIST,NOT DIVIDED,STRAIGHT AND LEVEL,DRY,INJURY AND / OR TOW DUE TO CRASH,CLARK ST,41.9250143435,-87.6399550831,POINT (-87.639955083101 41.92501434348)
O1704205,BICYCLE,de7121f57738257cebdbe1a5f4bf6ce9d8818c607604e1382a709ad08442beaae9c3d0166a92bd27ad84f3880b90aff86258da0fef5ad4a864cfed53fc311e70,11/14/2023 10:30:00 PM,X,,HELMET NOT USED,UNKNOWN/NA,IN ROADWAY,TEST NOT OFFERED,,30,UNKNOWN,UNKNOWN,PEDALCYCLIST,NOT DIVIDED,STRAIGHT AND LEVEL,UNKNOWN,NO INJURY / DRIVE AWAY,MADISON ST,41.8819943382,-87.6397586849,POINT (-87.639758684881 41.881994338205)
O1703594,BICYCLE,590d23f735ee3eb261d5ff515be6458d346b33bb5b40396bf94b9ac7f5869afb74ac3e3d09ce1c291cf7e9f3424ae0a2a5166182aac9e001f9dbf0a4c00aac4f,11/14/2023 09:30:00 PM,M,36.0,HELMET NOT USED,NO ACTION,IN ROADWAY,TEST NOT OFFERED,,30,CLEAR,"DARKNESS, LIGHTED ROAD",PEDALCYCLIST,NOT DIVIDED,STRAIGHT AND LEVEL,DRY,NO INJURY / DRIVE AWAY,BELMONT AVE,41.9393413877,-87.7161284025,POINT (-87.716128402526 41.939341387678)
O1703460,BICYCLE,e94db93010ac30653c8d95b5060446e7513a1ab90f31ebff637facf8440f1661198b32ee5d5e13cf3990509dfa54f25fa184d77cfbbd6433aaeb69516ca03ebd,11/14/2023 05:59:00 PM,M,23.0,HELMET NOT USED,NOT AT INTERSECTION,IN ROADWAY,TEST NOT OFFERED,,30,CLEAR,DARKNESS,PEDALCYCLIST,ONE-WAY,STRAIGHT AND LEVEL,UNKNOWN,INJURY AND / OR TOW DUE TO CRASH,KEATING AVE,41.9460775986,-87.7452535828,POINT (-87.745253582751 41.946077598596)
O1703391,BICYCLE,fe2a695d199c59b01c6f0181f51282927c882b17afed442b6d234f86ba0b649986234fe6677e4e9ce06afbaac77a34f93c626ec8af6661769530b2ba4fd98031,11/14/2023 05:15:00 PM,M,33.0,BICYCLE HELMET (PEDACYCLIST INVOLVED ONLY),NO ACTION,IN ROADWAY,TEST NOT OFFERED,,30,CLEAR,"DARKNESS, LIGHTED ROAD",PEDALCYCLIST,OTHER,STRAIGHT AND LEVEL,DRY,INJURY AND / OR TOW DUE TO CRASH,CLARK ST,41.8739252797,-87.6308034013,POINT (-87.630803401311 41.873925279687)
O1703515,BICYCLE,25c38d3455b44be55edfdb0600d9d756a1387d950173f5aeae5f06aa519aaad96e5990fb2d59810caeafd57fe82068601e903cd60044a96967acbc999b28494e,11/14/2023 05:03:00 PM,M,28.0,BICYCLE HELMET (PEDACYCLIST INVOLVED ONLY),WITH TRAFFIC,IN ROADWAY,TEST NOT OFFERED,,30,CLEAR,"DARKNESS, LIGHTED ROAD",PEDALCYCLIST,NOT DIVIDED,STRAIGHT AND LEVEL,DRY,INJURY AND / OR TOW DUE TO CRASH,CRILLY DR,41.7221368592,-87.533411617,POINT (-87.533411617036 41.722136859172)
O1703459,BICYCLE,8885bed45d84985698b9c2d6285c678501668597e267ca201519f94890697388d579d43bcf404de317a6977f5d1981cda5b1022ffa8e639bae42e0ad5ecbd290,11/14/2023 04:58:00 PM,M,44.0,HELMET NOT USED,WITH TRAFFIC,BIKEWAY,TEST NOT OFFERED,,30,UNKNOWN,"DARKNESS, LIGHTED ROAD",PEDALCYCLIST,ONE-WAY,STRAIGHT AND LEVEL,UNKNOWN,INJURY AND / OR TOW DUE TO CRASH,RANDOLPH ST,41.8845530189,-87.6396825824,POINT (-87.639682582397 41.884553018863)
O1703254,BICYCLE,adddd7fb6f7e6516442cd41ef85255b7b3b8517b82a76d107a396dd4c3b51c8b4b587da6172f76e4e1042b92c70163a2cf67c7bb2d81cb10da1aabd233f78dc4,11/14/2023 03:15:00 PM,M,10.0,BICYCLE HELMET (PEDACYCLIST INVOLVED ONLY),OTHER ACTION,BIKE LANE,TEST NOT OFFERED,,30,CLEAR,DAYLIGHT,PEDALCYCLIST,NOT DIVIDED,STRAIGHT AND LEVEL,DRY,INJURY AND / OR TOW DUE TO CRASH,DIVERSEY PKWY,41.9323717358,-87.6635038547,POINT (-87.663503854675 41.932371735807)
O1703148,BICYCLE,9c3079d54326b23e2b6fb981d92b4f9974b7f8985a0913be8b6195041dbf788ca797e00d4c2910f8d6abced9121df42860a4d3750b6b7e0361938a4cc512703a,11/14/2023 11:51:00 AM,M,27.0,HELMET NOT USED,CROSSING - AGAINST SIGNAL,IN ROADWAY,TEST NOT OFFERED,,30,CLEAR,DAYLIGHT,PEDALCYCLIST,FOUR WAY,STRAIGHT AND LEVEL,DRY,INJURY AND / OR TOW DUE TO CRASH,RANDOLPH ST,41.884584272,-87.6244702969,POINT (-87.624470296902 41.884584272017)
O1703145,BICYCLE,a80c34859ce75f46212678d28c032ee173f5708ac78ca4ae82ad3baec384814b9f59ee7462d3240035efdc58217baab191d12d3a21031c92acc8972c0bf88d45,11/14/2023 11:25:00 AM,M,20.0,HELMET NOT USED,NO ACTION,BIKEWAY,,,39,CLEAR,DAYLIGHT,PEDALCYCLIST,NOT DIVIDED,STRAIGHT AND LEVEL,DRY,INJURY AND / OR TOW DUE TO CRASH,BROADWAY,41.9501666287,-87.6491409212,POINT (-87.649140921155 41.950166628727)
O1702906,BICYCLE,a3bcf9bf5bc9ed24484e954ad12fc1cdfec5dd4d509bee54dfa002f01580ff0d48612a528e2587f241d8caebe9e4a7f64ce5c8a843ed71beb25d17db1b3fae13,11/13/2023 09:37:00 PM,M,17.0,HELMET NOT USED,WITH TRAFFIC,IN ROADWAY,TEST NOT OFFERED,,25,CLEAR,"DARKNESS, LIGHTED ROAD",PEDALCYCLIST,ONE-WAY,STRAIGHT AND LEVEL,DRY,NO INJURY / DRIVE AWAY,ROSCOE ST,41.9425281075,-87.7345367545,POINT (-87.734536754463 41.942528107515)
O1703576,BICYCLE,31196584f09bf1d977b12690231cf587744ce4e468204244c6bfdeb0acbe6c31b99cf18331bb23438c13edc5a12b30ea769e4689c7db5d6fe395cc86f91918f2,11/13/2023 08:30:00 PM,F,20.0,HELMET NOT USED,CROSSING - WITH SIGNAL,IN CROSSWALK,TEST NOT OFFERED,,30,CLEAR,DARKNESS,PEDALCYCLIST,NOT DIVIDED,STRAIGHT AND LEVEL,DRY,NO INJURY / DRIVE AWAY,ROOSEVELT RD,41.8672871622,-87.6452469415,POINT (-87.645246941532 41.867287162218)
O1705483,BICYCLE,352d419259c96fc200735ca0479526c02ea6ff802484b35463800bafcfe0aeb5c11f2165b0e0ea91efa10ab9f377592d82fac559ef12c4397a93fbfaf686c2e7,11/13/2023 04:15:00 PM,M,16.0,HELMET NOT USED,UNKNOWN/NA,UNKNOWN/NA,TEST NOT OFFERED,,30,CLEAR,DAYLIGHT,PEDALCYCLIST,DIVIDED - W/MEDIAN (NOT RAISED),STRAIGHT AND LEVEL,DRY,INJURY AND / OR TOW DUE TO CRASH,BELMONT AVE,41.9390719366,-87.7369859429,POINT (-87.736985942945 41.939071936552)
O1718705,BICYCLE,0cac083e6449ca88a49b834a5e6d77e53ab90f340374fdace4e6ea21b703ba33f5d525ec606a152d75c098dc975cb560e85e2b7f1534ea4508924b23aaa373f7,11/13/2023 10:15:00 AM,M,67.0,BICYCLE HELMET (PEDACYCLIST INVOLVED ONLY),WITH TRAFFIC,IN ROADWAY,TEST NOT OFFERED,Y,30,CLEAR,DAYLIGHT,PEDALCYCLIST,NOT DIVIDED,STRAIGHT AND LEVEL,UNKNOWN,INJURY AND / OR TOW DUE TO CRASH,GRACE ST,41.9505487603,-87.6839903942,POINT (-87.683990394156 41.950548760346)
O1702347,BICYCLE,563ea7d6d5b99a01dbc078061d31309734f93b58adf47ae33e133346346e96c0c3f4d914aacf7db6ad9e289cb160a5e5c5939effb456b993f4ba0bc8bc344585,11/13/2023 08:05:00 AM,F,,HELMET NOT USED,WITH TRAFFIC,IN ROADWAY,TEST NOT OFFERED,,30,CLEAR,DAYLIGHT,PEDALCYCLIST,NOT DIVIDED,STRAIGHT AND LEVEL,DRY,NO INJURY / DRIVE AWAY,DAMEN AVE,41.8774128376,-87.6766908959,POINT (-87.676690895903 41.877412837573)
O1702270,BICYCLE,2059551b34214e65b20b43e9f020c4c96fc05e1b80387f03f2949560e598e39ab5c2b93036c67aacc8a56d6ababad9d521e70b26fe8637bf18fc768f4a5be068,11/13/2023 06:55:00 AM,M,,HELMET NOT USED,OTHER ACTION,NOT IN ROADWAY,TEST NOT OFFERED,,15,CLEAR,DAYLIGHT,PEDALCYCLIST,OTHER,STRAIGHT AND LEVEL,DRY,INJURY AND / OR TOW DUE TO CRASH,63RD ST,41.7790966877,-87.7021514676,POINT (-87.702151467631 41.77909668773)
O1701987,BICYCLE,798602fa88336b99e3c8bf9499d524793d4b5f254b55a2f181787ef8e26d402bce98a3d0660f3df79a4a0c3937ab5f299e71e761242c1946744f936f6d74438e,11/12/2023 03:40:00 PM,M,,BICYCLE HELMET (PEDACYCLIST INVOLVED ONLY),CROSSING - CONTROLS PRESENT (NOT AT INTERSECTION),IN ROADWAY,TEST NOT OFFERED,,30,CLEAR,DAYLIGHT,PEDALCYCLIST,NOT DIVIDED,STRAIGHT AND LEVEL,UNKNOWN,NO INJURY / DRIVE AWAY,DEVON AVE,41.9974614091,-87.7878582447,POINT (-87.787858244695 41.997461409149)
O1701929,BICYCLE,10367e4884459d163e7b0e54678f97289d6fb769a730182510641be34098a8024380e6b76792a4103a4c18cb4c5bd03a0af878549dc45df66d41d6acd88c1dd8,11/12/2023 02:30:00 PM,,29.0,BICYCLE HELMET (PEDACYCLIST INVOLVED ONLY),WITH TRAFFIC,BIKE LANE,TEST NOT OFFERED,,30,CLEAR,DAYLIGHT,PEDALCYCLIST,DIVIDED - W/MEDIAN (NOT RAISED),STRAIGHT AND LEVEL,DRY,INJURY AND / OR TOW DUE TO CRASH,WOOD ST,41.9106497138,-87.6727258138,POINT (-87.672725813834 41.91064971383)
O1702099,BICYCLE,15a17d05b0a8842ee17948bcee7bfd6e04ee46768bd5d77a6ce72571ceb153c2ab4e79298cb665f23de5478233d109e96aabed7ca79fae6a58a3738c725b86ab,11/11/2023 10:20:00 PM,M,19.0,HELMET NOT USED,OTHER ACTION,IN CROSSWALK,TEST NOT OFFERED,,20,CLEAR,"DARKNESS, LIGHTED ROAD",PEDALCYCLIST,NOT DIVIDED,STRAIGHT AND LEVEL,DRY,INJURY AND / OR TOW DUE TO CRASH,ROOSEVELT RD,41.8671430129,-87.6544262587,POINT (-87.654426258673 41.867143012933)
O1702422,BICYCLE,5df6e3d358890ca3e188ea6783a6a5fb97922887f9ed6d8a98e9d42ba55d686b7098c494f6ab3367769feb994f57aab62fd693751a84b6f1ce61fcfc68c67b09,11/11/2023 08:15:00 PM,M,,BICYCLE HELMET (PEDACYCLIST INVOLVED ONLY),WITH TRAFFIC,IN ROADWAY,TEST NOT OFFERED,,30,CLEAR,DARKNESS,PEDALCYCLIST,NOT DIVIDED,STRAIGHT AND LEVEL,DRY,NO INJURY / DRIVE AWAY,WELLS ST,41.9108451894,-87.6345541152,POINT (-87.634554115232 41.910845189402)
O1701456,BICYCLE,ea940a153cf8c1c8b418c0207b696482f17e0167a71b685f43c71cebd624f31a8288bf8e0b910207e7c745bbe763c327e7d9eb7564b7b81cca3fff77e4ce5918,11/11/2023 07:20:00 PM,M,31.0,HELMET NOT USED,NO ACTION,UNKNOWN/NA,TEST NOT OFFERED,,30,CLEAR,"DARKNESS, LIGHTED ROAD",PEDALCYCLIST,ONE-WAY,STRAIGHT AND LEVEL,DRY,NO INJURY / DRIVE AWAY,AINSLIE ST,41.9703179,-87.714857634,POINT (-87.714857634044 41.970317900045)
O1732236,BICYCLE,169fd98fe58de5f852c409a2a38b6e6f3fb1753e2bb61c0c4217106922b027404fbcc1e70a85e9a78f14e06ca546c638d2ce029b12629c7aa75d7d48819cce71,11/11/2023 06:55:00 PM,M,69.0,BICYCLE HELMET (PEDACYCLIST INVOLVED ONLY),NO ACTION,IN ROADWAY,TEST NOT OFFERED,,25,CLEAR,"DARKNESS, LIGHTED ROAD",PEDALCYCLIST,NOT DIVIDED,STRAIGHT AND LEVEL,DRY,INJURY AND / OR TOW DUE TO CRASH,LOOMIS ST,41.8395902542,-87.655953191,POINT (-87.655953191028 41.839590254219)
O1701308,BICYCLE,fda9da7047d58561abd42266862d6f80b517d0be77c7215bdd0a9d2204cae50cbaa765a16aaad245e603f42cba6cd7fd9a17a518a1b0ad4d67064a49f679faef,11/11/2023 03:45:00 PM,M,,HELMET NOT USED,OTHER ACTION,IN ROADWAY,TEST NOT OFFERED,,30,CLEAR,DAYLIGHT,PEDALCYCLIST,NOT DIVIDED,STRAIGHT AND LEVEL,UNKNOWN,NO INJURY / DRIVE AWAY,ARMITAGE AVE,41.9169344398,-87.7363871475,POINT (-87.736387147508 41.916934439845)
O1701009,BICYCLE,11fadf0c788c1da1ba127402e6eb3f59dc08cb50198e9d6473535f1a095ad6251b34f9b24bb5280c179d1dc7e367a0aef1959d6ce06f0b82a980716d6a47b025,11/11/2023 02:15:00 AM,M,23.0,HELMET NOT USED,CROSSING - WITH SIGNAL,IN CROSSWALK,TEST NOT OFFERED,,30,CLEAR,"DARKNESS, LIGHTED ROAD",PEDALCYCLIST,FOUR WAY,STRAIGHT AND LEVEL,DRY,INJURY AND / OR TOW DUE TO CRASH,CLARK ST,41.9473149757,-87.6564354377,POINT (-87.656435437725 41.947314975736)
O1700926,BICYCLE,48e06f2b72a67a4294169074ca154722145f1857924260bc5a6740ae5482740bd9f89856ea7752129b7fec134291808d208aeb0c624ffe001e30cd3f4d9e3ea1,11/10/2023 09:40:00 PM,F,18.0,HELMET NOT USED,NO ACTION,IN ROADWAY,TEST NOT OFFERED,,30,CLEAR,"DARKNESS, LIGHTED ROAD",PEDALCYCLIST,NOT DIVIDED,STRAIGHT AND LEVEL,DRY,NO INJURY / DRIVE AWAY,WESTERN AVE,41.8689511035,-87.6859549393,POINT (-87.6859549393 41.868951103526)
O1700787,BICYCLE,1fbad2e846282518ba85c3ca1ef8998b5b39e006f80d5c986a1a19927273699f7bcfca4f5798de2df60cbc59d4a3bea970bfbdaf88f64424c5f745fa2a02c79c,11/10/2023 05:08:00 PM,F,32.0,BICYCLE HELMET (PEDACYCLIST INVOLVED ONLY),OTHER ACTION,IN ROADWAY,TEST NOT OFFERED,,30,CLEAR,"DARKNESS, LIGHTED ROAD",PEDALCYCLIST,NOT DIVIDED,STRAIGHT AND LEVEL,DRY,INJURY AND / OR TOW DUE TO CRASH,LOWE AVE,41.8343490612,-87.6426795013,POINT (-87.642679501327 41.834349061168)
O1700752,BICYCLE,37769e392517039c623da2a80584dc6b1e11d1ac481cd51be853edfb2e9da05c5bc3c2c6d65d8f98dc3a2d651dc2f46b87174c6fbe78dad1df45288caccd9d19,11/10/2023 04:35:00 PM,F,30.0,BICYCLE HELMET (PEDACYCLIST INVOLVED ONLY),TURNING LEFT,IN ROADWAY,TEST NOT OFFERED,,30,CLEAR,DAYLIGHT,PEDALCYCLIST,NOT DIVIDED,STRAIGHT AND LEVEL,DRY,INJURY AND / OR TOW DUE TO CRASH,MILWAUKEE AVE,41.9174966079,-87.6887196084,POINT (-87.688719608399 41.917496607937)