PERSON_ID,PERSON_TYPE,CRASH_RECORD_ID,CRASH_DATE_x,SEX,AGE,SAFETY_EQUIPMENT,PEDPEDAL_ACTION,PEDPEDAL_LOCATION,BAC_RESULT,CRASH_DATE_EST_I,POSTED_SPEED_LIMIT,WEATHER_CONDITION,LIGHTING_CONDITION,FIRST_CRASH_TYPE,TRAFFICWAY_TYPE,ALIGNMENT,ROADWAY_SURFACE_COND,CRASH_TYPE,STREET_NAME,LATITUDE,LONGITUDE,LOCATION
O1700754,BICYCLE,81a2544f81392943b42c8be555571cde5efb4d8fedfd213d1e50e89e0ca7b52f2d9c2dbe987a95879af567fc6c9aed017199c2c3d48b358d1d17821b6b356fa7,11/10/2023 04:30:00 PM,M,22.0,HELMET NOT USED,NO ACTION,IN ROADWAY,TEST NOT OFFERED,,30,UNKNOWN,UNKNOWN,PEDALCYCLIST,NOT DIVIDED,STRAIGHT AND LEVEL,UNKNOWN,INJURY AND / OR TOW DUE TO CRASH,NORTH AVE,41.9111074769,-87.6439801029,POINT (-87.643980102911 41.911107476912)
O1703008,BICYCLE,c93ec0182be5c7b15d0610a06b7925160d2192d07c625fe2650a194bd240265c9ccae64953fcb3cb692d5fc817ddc76f6035c81cecb5426b557924f1a4d57d45,11/10/2023 03:35:00 PM,M,,HELMET NOT USED,WITH TRAFFIC,BIKE LANE,TEST NOT OFFERED,,30,CLEAR,DAYLIGHT,PEDALCYCLIST,NOT DIVIDED,STRAIGHT AND LEVEL,DRY,NO INJURY / DRIVE AWAY,KINZIE ST,41.8891416946,-87.6280989663,POINT (-87.628098966295 41.889141694614)
O1700545,NON-MOTOR VEHICLE,08607cfe473f0965fd8f7ad0971d32ee7b5c08fc81c847cc9f80981ff52f4533b9d17ce4527526611f32c6fd856ed9c2c3da7363017445412fc172637e4ca81f,11/10/2023 12:10:00 PM,M,,NONE PRESENT,,,,,20,CLEAR,DAYLIGHT,OTHER OBJECT,NOT DIVIDED,STRAIGHT AND LEVEL,DRY,NO INJURY / DRIVE AWAY,CAMPBELL AVE,41.6939431188,-87.6835720008,POINT (-87.683572000773 41.693943118803)
O1700529,BICYCLE,1885e3baa83fc049c54e82b777543e3e68a008c2e34a94625b28d0bda0a168625e9594be8e54793aef0e458b7fe0b9274f7e27c2b14324af08932ce95bfa8ce3,11/10/2023 10:45:00 AM,M,21.0,BICYCLE HELMET (PEDACYCLIST INVOLVED ONLY),NO ACTION,SHOULDER,TEST NOT OFFERED,,35,CLEAR,DAYLIGHT,PEDALCYCLIST,NOT DIVIDED,STRAIGHT AND LEVEL,DRY,INJURY AND / OR TOW DUE TO CRASH,ARCHER AVE,41.8103822843,-87.7100506726,POINT (-87.710050672636 41.810382284271)
O1700412,BICYCLE,d128c4c515a55b259a2ccdb94cd731330417fd28390527df4d5bffb08f76dea0e85f294a280fe31c2ca77457a9645c7e960828113d3a58f233813d9a669bf8e1,11/10/2023 06:30:00 AM,M,32.0,BICYCLE HELMET (PEDACYCLIST INVOLVED ONLY),CROSSING - WITH SIGNAL,IN ROADWAY,TEST NOT OFFERED,,30,CLEAR,DAYLIGHT,PEDALCYCLIST,FOUR WAY,STRAIGHT AND LEVEL,DRY,INJURY AND / OR TOW DUE TO CRASH,TOUHY AVE,42.0128595515,-87.6681395498,POINT (-87.668139549827 42.012859551452)
O1700225,BICYCLE,4b3e88d58258f4e4bbfcbd02a3ce9128f79f050a836d200bc6bdb7723a9c2f0ee5a7496c27c72078d40a6a3c42de463322500c929cf6822254118bd0ecc16445,11/09/2023 06:14:00 PM,F,27.0,HELMET NOT USED,WITH TRAFFIC,IN ROADWAY,,,25,CLEAR,"DARKNESS, LIGHTED ROAD",PEDALCYCLIST,DIVIDED - W/MEDIAN (NOT RAISED),STRAIGHT AND LEVEL,DRY,INJURY AND / OR TOW DUE TO CRASH,HALSTED ST,41.8833839752,-87.6475552045,POINT (-87.647555204452 41.883383975182)
O1700054,BICYCLE,b4fcfece059725c83a04fa737926876ac462aab35d73055752f0d82f60d6b9331a6767b3a3bb5e13f0dbeb76e08c7cb20ba0e2f56f10793541fcb2bac4f2b6fd,11/09/2023 03:22:00 PM,M,33.0,BICYCLE HELMET (PEDACYCLIST INVOLVED ONLY),UNKNOWN/NA,IN ROADWAY,,,30,CLEAR,DAYLIGHT,PEDALCYCLIST,FOUR WAY,STRAIGHT AND LEVEL,DRY,NO INJURY / DRIVE AWAY,WABANSIA AVE,41.9118404909,-87.705860217,POINT (-87.705860217012 41.911840490884)
O1699985,NON-MOTOR VEHICLE,86a61dae817d94677a4b0b27baac9a182410f7a54e9a66dc55a1ca19dd5c35479b58711427d4b0a0337eaea720447b30b469ffafc9cfdee0f7f8ff8fe4b8a828,11/09/2023 12:15:00 PM,,,,,,,,25,CLEAR,DAYLIGHT,FIXED OBJECT,PARKING LOT,STRAIGHT AND LEVEL,DRY,INJURY AND / OR TOW DUE TO CRASH,PARK TER,41.8714598029,-87.6297274762,POINT (-87.629727476204 41.871459802919)
O1699642,BICYCLE,61433f80c5d53b97488eab315e18bcb2bb64d9cc52f3c9fc72523d8854f97c1909c6b9831fe2827e6a6949fd712d8844b1fd44bb4ae25ac73caa2ac108421e42,11/09/2023 08:05:00 AM,F,38.0,BICYCLE HELMET (PEDACYCLIST INVOLVED ONLY),WITH TRAFFIC,IN ROADWAY,TEST NOT OFFERED,,30,CLEAR,DAYLIGHT,PEDALCYCLIST,ONE-WAY,STRAIGHT AND LEVEL,DRY,INJURY AND / OR TOW DUE TO CRASH,WELLINGTON AVE,41.9359770184,-87.6657658254,POINT (-87.665765825386 41.935977018361)
O1699677,BICYCLE,7830219ee3aa9e81314d425629c236eae790b307af02042a30ce43adabe8a8355503230b5d41eaec78a42feddb1d61898556480511932d1796d390c8278b92b7,11/09/2023 07:25:00 AM,M,34.0,HELMET NOT USED,AGAINST TRAFFIC,SHOULDER,TEST NOT OFFERED,,30,CLEAR,DAYLIGHT,PEDALCYCLIST,FOUR WAY,STRAIGHT AND LEVEL,DRY,INJURY AND / OR TOW DUE TO CRASH,63RD PL,41.7771474887,-87.7713432066,POINT (-87.771343206642 41.777147488683)
O1699957,BICYCLE,5c88d68c3d01273d387d78ae622f880b39422e1ff1f1d6473d4d0297a3df1b6685997f778ff9ee7aaf5c0ae1bfe637d3df7981f840ed1303ef847f4719eaa4a9,11/09/2023 02:05:00 AM,M,59.0,HELMET NOT USED,NO ACTION,IN ROADWAY,TEST NOT OFFERED,,30,CLEAR,DAYLIGHT,PEDALCYCLIST,FOUR WAY,STRAIGHT AND LEVEL,DRY,INJURY AND / OR TOW DUE TO CRASH,PETERSON AVE,41.9905081606,-87.7067186782,POINT (-87.706718678176 41.9905081606)
O1699329,BICYCLE,91d0da5c029fcc89447dfc2287a4b3637bce021af88c0c78f253eb767a3649d0ada8cc1d5234fec8650620ec32d5bba7938a420c34ce8be21afb37edbd11f483,11/08/2023 04:44:00 PM,M,53.0,HELMET NOT USED,OTHER ACTION,NOT IN ROADWAY,TEST NOT OFFERED,,30,RAIN,DARKNESS,PEDALCYCLIST,NOT DIVIDED,STRAIGHT AND LEVEL,WET,INJURY AND / OR TOW DUE TO CRASH,DIVERSEY AVE,41.931149085,-87.7675988698,POINT (-87.767598869758 41.931149085038)
O1699278,BICYCLE,6b6d290200dc1a74afc5da5c4687475e95a8171f525cf9028e376347ad6637426a18af2694e34ae4b07a02615e777aa3eecd0f1d2bc2f4dd026078cc06224f5c,11/08/2023 03:14:00 PM,M,47.0,HELMET NOT USED,WITH TRAFFIC,BIKE LANE,TEST NOT OFFERED,,30,CLEAR,DAYLIGHT,PEDALCYCLIST,NOT DIVIDED,STRAIGHT AND LEVEL,DRY,INJURY AND / OR TOW DUE TO CRASH,26TH ST,41.8443511079,-87.7254551895,POINT (-87.725455189525 41.844351107853)
O1699231,NON-MOTOR VEHICLE,0ce5692b596f3e73b7b5f0b70f3148ef7130c8d4339944f4fdcffc874d4ee1f4eae68522b33c10b1594ef047eab639a485d6c911d7d03371c70ebca0209e5deb,11/08/2023 02:30:00 PM,M,,NOT DOT COMPLIANT MOTORCYCLE HELMET,UNKNOWN/NA,IN ROADWAY,TEST NOT OFFERED,,30,CLEAR,DAYLIGHT,OTHER OBJECT,NOT DIVIDED,STRAIGHT AND LEVEL,DRY,INJURY AND / OR TOW DUE TO CRASH,47TH ST,41.8080294548,-87.7196487879,POINT (-87.719648787948 41.808029454774)
O1699358,BICYCLE,e501f7e9646ca8d2aca0c6cdcb3a5d72025b69f5a831ccc9fb1ec7c5def795be6f0665e2d7832edc1566a8e55dd46737906910df9f5358fe4dff2c6080b9fdc9,11/08/2023 02:00:00 PM,M,19.0,HELMET NOT USED,AGAINST TRAFFIC,BIKEWAY,TEST NOT OFFERED,,30,CLEAR,DAYLIGHT,PEDALCYCLIST,FOUR WAY,STRAIGHT AND LEVEL,DRY,INJURY AND / OR TOW DUE TO CRASH,OGDEN AVE,41.8616400311,-87.6951817458,POINT (-87.695181745849 41.861640031067)
O1699027,BICYCLE,57988f2f2b00f99cd4dea712e9a320d3934ad97698a8c90cf55223367ae754994d8e66645b62a27521f2b9df91eababbf1fbf349d71c1a11afc34f4f28b647ec,11/08/2023 08:50:00 AM,M,38.0,BICYCLE HELMET (PEDACYCLIST INVOLVED ONLY),WITH TRAFFIC,BIKEWAY,TEST NOT OFFERED,,30,CLEAR,DAYLIGHT,PEDALCYCLIST,NOT DIVIDED,STRAIGHT AND LEVEL,WET,INJURY AND / OR TOW DUE TO CRASH,CLYBOURN AVE,41.9226055156,-87.6659901697,POINT (-87.665990169748 41.922605515596)
O1698993,BICYCLE,2f49878d11d83c459081ba54fe1526525ff5b73c84b80aaefe834506f4c56c292502092ecac174058ef3e57370269af4aaab32236947b9b199dd3353d0d7fc81,11/08/2023 08:20:00 AM,F,32.0,HELMET NOT USED,WITH TRAFFIC,IN ROADWAY,TEST NOT OFFERED,,25,RAIN,DAYLIGHT,PEDALCYCLIST,ONE-WAY,STRAIGHT AND LEVEL,WET,INJURY AND / OR TOW DUE TO CRASH,WINONA ST,41.9752964258,-87.6742707493,POINT (-87.674270749326 41.975296425778)
O1698989,BICYCLE,257f86a15c1649315faa24ca8434581bcdd023082a44afec0b8ede78c64b59ee3f92d19552813c224dc486c00c05765ac3ca28b7dd974c9d56d262b25db34b6b,11/08/2023 07:50:00 AM,M,16.0,BICYCLE HELMET (PEDACYCLIST INVOLVED ONLY),NO ACTION,IN CROSSWALK,TEST NOT OFFERED,,30,RAIN,DAYLIGHT,PEDALCYCLIST,ONE-WAY,STRAIGHT AND LEVEL,WET,INJURY AND / OR TOW DUE TO CRASH,NOTTINGHAM AVE,41.9828621014,-87.8038761482,POINT (-87.803876148196 41.982862101395)
O1698861,BICYCLE,2af41068ea230816648236b96f9b688fe80caa131cace2931b1174ae3a2772c68576a29114f0c622cddc04f83d396893914bd46e7a67d215fad2cd22c5a4513c,11/07/2023 08:00:00 PM,M,36.0,HELMET NOT USED,NO ACTION,BIKE LANE,TEST NOT OFFERED,,30,CLEAR,"DARKNESS, LIGHTED ROAD",PEDALCYCLIST,DIVIDED - W/MEDIAN (NOT RAISED),STRAIGHT AND LEVEL,DRY,INJURY AND / OR TOW DUE TO CRASH,MILWAUKEE AVE,41.9247274618,-87.700552669,POINT (-87.70055266896 41.924727461841)
O1698819,BICYCLE,6fc004a2f9fb3f6bab1f82b21eb307d0d5ddc366d74ccc93a9eed3a3fef9d593be9f58e650a5018dbd5a53b15e031f66b993605953a213a22d3756075944a161,11/07/2023 06:13:00 PM,M,23.0,HELMET NOT USED,WITH TRAFFIC,IN ROADWAY,,,30,CLEAR,"DARKNESS, LIGHTED ROAD",PEDALCYCLIST,ONE-WAY,STRAIGHT AND LEVEL,DRY,INJURY AND / OR TOW DUE TO CRASH,GRAND AVE,41.8919135793,-87.6201915347,POINT (-87.620191534695 41.891913579316)
O1698764,NON-MOTOR VEHICLE,396de12485cb1b30da4abca9e9b2ba85c0f4d03752522e0e108a8f3b5c2452a7246e97c55f22279897d181d8156ee4dfa6bb95aaba037ad04eb525a884811c92,11/07/2023 05:41:00 PM,M,16.0,HELMET NOT USED,NOT AT INTERSECTION,IN CROSSWALK,TEST NOT OFFERED,,30,CLEAR,DARKNESS,OTHER OBJECT,NOT DIVIDED,STRAIGHT AND LEVEL,DRY,NO INJURY / DRIVE AWAY,HAMILTON AVE,41.9469045561,-87.6823446039,POINT (-87.682344603922 41.946904556119)
O1698865,BICYCLE,885ad427b4b383382d1db690514aa4661c068f01c310fe87332fc530497629d895e6c47f87348d5a2facbe5c80f902d6bfd282ecb385298da8c1488555b2d7e0,11/07/2023 05:30:00 PM,M,28.0,BICYCLE HELMET (PEDACYCLIST INVOLVED ONLY),WITH TRAFFIC,BIKE LANE,TEST NOT OFFERED,,30,CLEAR,DAYLIGHT,PEDALCYCLIST,DIVIDED - W/MEDIAN (NOT RAISED),STRAIGHT AND LEVEL,DRY,INJURY AND / OR TOW DUE TO CRASH,MILWAUKEE AVE,41.9266350269,-87.7031992526,POINT (-87.703199252593 41.926635026916)
O1698871,BICYCLE,98aca02401a7ddebb61c7fec12fdf9170f601969f5d995fba8e206138a57f8aa0ec8923b6724326d10ae09a9301ee40ed3a6e7df7327819821ddb0d155f83f3f,11/07/2023 05:30:00 PM,M,27.0,HELMET NOT USED,CROSSING - WITH SIGNAL,IN CROSSWALK,TEST NOT OFFERED,,35,CLEAR,DAYLIGHT,PEDALCYCLIST,FOUR WAY,STRAIGHT AND LEVEL,DRY,NO INJURY / DRIVE AWAY,LA SALLE ST,41.8819900738,-87.6322128759,POINT (-87.632212875914 41.881990073783)
O1698564,NON-MOTOR VEHICLE,978695e475fec3c9511ff9ed011f614f740f4fb4492530620204c48ff009040d4e3a0a7b86499dbc9064aee387bcb1ff6bd0d4acae0d5d83c4e943fdea67227a,11/07/2023 12:40:00 PM,M,23.0,NONE PRESENT,CROSSING - WITH SIGNAL,BIKE LANE,TEST NOT OFFERED,,30,CLOUDY/OVERCAST,DAYLIGHT,OTHER OBJECT,FOUR WAY,STRAIGHT AND LEVEL,DRY,NO INJURY / DRIVE AWAY,JEFFERSON ST,41.8672698928,-87.6420425001,POINT (-87.64204250005 41.867269892832)
O1698425,BICYCLE,c413e42aeb54e3035d48ac40c8ad1a4c221a4eeadc0e44a81854df0be902134235c84315f4e71f16d234e6a9700fb7aa0b4ddb07b1577ab23e354dd7c7dfd271,11/07/2023 09:14:00 AM,F,25.0,HELMET NOT USED,WITH TRAFFIC,SHOULDER,TEST NOT OFFERED,,30,CLEAR,DAYLIGHT,PEDALCYCLIST,DIVIDED - W/MEDIAN (NOT RAISED),STRAIGHT AND LEVEL,DRY,NO INJURY / DRIVE AWAY,HARLEM AVE,41.993581646,-87.8066894896,POINT (-87.806689489643 41.993581645957)
O1701852,BICYCLE,53cfefb02b448923cef831bb04d249ee9a91738271b3b2d817f7849b047767679421c1dd4d5e8d212c5e3774afe08438daa97fab399440048967b206a51ca5cd,11/07/2023 08:45:00 AM,F,46.0,BICYCLE HELMET (PEDACYCLIST INVOLVED ONLY),WITH TRAFFIC,BIKE LANE,TEST NOT OFFERED,,30,CLEAR,DAYLIGHT,PEDALCYCLIST,DIVIDED - W/MEDIAN (NOT RAISED),STRAIGHT AND LEVEL,DRY,INJURY AND / OR TOW DUE TO CRASH,KIMBALL AVE,41.9448810738,-87.7128050888,POINT (-87.712805088759 41.944881073845)
O1698416,BICYCLE,5e269efe61940293eb16d0a0a2d9d57f45f3b5f6f3c5a003a35055cadb03f00f1840deb24a976c7e5ec534a614f909f4423c4cb0d5a7c28abd4d0cf71c1413af,11/07/2023 08:00:00 AM,M,14.0,HELMET NOT USED,CROSSING - AGAINST SIGNAL,IN CROSSWALK,TEST NOT OFFERED,,30,CLEAR,DAYLIGHT,PEDALCYCLIST,FOUR WAY,STRAIGHT AND LEVEL,DRY,INJURY AND / OR TOW DUE TO CRASH,MONITOR AVE,41.9215702022,-87.7721333925,POINT (-87.772133392504 41.921570202229)
O1698403,BICYCLE,d9a8803394504aa0f3e540d4e2e60757bb3908654f6ac0db740f0c6e84682746553219f99a2b3455d99c9333d0393632f78a1c34ba4d11d5c69de703df2ebfcf,11/07/2023 07:51:00 AM,M,16.0,BICYCLE HELMET (PEDACYCLIST INVOLVED ONLY),UNKNOWN/NA,DRIVEWAY ACCESS,TEST NOT OFFERED,,15,CLEAR,DAYLIGHT,PEDALCYCLIST,ALLEY,STRAIGHT AND LEVEL,DRY,INJURY AND / OR TOW DUE TO CRASH,VIRGINIA AVE,41.9678339256,-87.6993004576,POINT (-87.699300457555 41.967833925562)
O1698249,BICYCLE,5d93a1a37d63945d4b5220f4629e81f794785ba369bcdcdc9e82f853b8a5a9f8a8686dcff203fe95f7edb9186dbbf6867e136d2faf25b55ccc3df2af7a44c3ef,11/06/2023 08:15:00 PM,M,44.0,HELMET NOT USED,WITH TRAFFIC,IN ROADWAY,TEST NOT OFFERED,,30,CLEAR,"DARKNESS, LIGHTED ROAD",PEDALCYCLIST,NOT DIVIDED,STRAIGHT AND LEVEL,DRY,INJURY AND / OR TOW DUE TO CRASH,ONTARIO ST,41.8931598993,-87.628190111,POINT (-87.628190111022 41.893159899315)
O1698237,BICYCLE,e2bb05892571af0033c024c767645adb2f5f508f2a4041c9bd9dbfea277a2fcf6135797701de425d82f6ef9fe1ccbf9865f837fad6565d36edf3f5d0f633186c,11/06/2023 07:24:00 PM,M,40.0,HELMET NOT USED,CROSSING - WITH SIGNAL,BIKE LANE,TEST NOT OFFERED,,20,CLEAR,"DARKNESS, LIGHTED ROAD",PEDALCYCLIST,DIVIDED - W/MEDIAN (NOT RAISED),STRAIGHT AND LEVEL,DRY,INJURY AND / OR TOW DUE TO CRASH,16TH ST,41.8590295093,-87.7201287153,POINT (-87.720128715317 41.859029509296)
O1698216,BICYCLE,ba34b51783096eb45668c8f7ea8ec28e3bc12a91c8a83623034020675bf5b435c0347d6ff162264491ba98869968c70c9ce46c25bb25fb75bb5db77f8028d165,11/06/2023 06:18:00 PM,M,36.0,BICYCLE HELMET (PEDACYCLIST INVOLVED ONLY),NO ACTION,IN ROADWAY,TEST NOT OFFERED,,30,CLEAR,"DARKNESS, LIGHTED ROAD",PEDALCYCLIST,T-INTERSECTION,STRAIGHT AND LEVEL,DRY,INJURY AND / OR TOW DUE TO CRASH,PULASKI RD,41.9457741696,-87.7275284732,POINT (-87.72752847324 41.945774169615)
O1698180,BICYCLE,6403b0b02b881bc1f39200b19169cbb7a6d43b7c60af5bb3c6a4129df98f89e34db0b0691a6443664e550ee4919494cef9e84153a6d0f04cf0d6aee4321fb378,11/06/2023 06:00:00 PM,M,50.0,HELMET NOT USED,OTHER ACTION,IN CROSSWALK,TEST NOT OFFERED,,30,CLEAR,"DARKNESS, LIGHTED ROAD",PEDALCYCLIST,FOUR WAY,STRAIGHT AND LEVEL,DRY,INJURY AND / OR TOW DUE TO CRASH,36TH PL,41.8272993323,-87.6921650133,POINT (-87.692165013325 41.827299332281)
O1698121,BICYCLE,f24f8ba28ad59397c4dd7bd3342f840cb2dc48c0484811122df16072295412645617b9ca05cbf04c1de8b130c7b08908d3f7ba0bec9013434bd43545a072ac0e,11/06/2023 05:49:00 PM,M,19.0,BICYCLE HELMET (PEDACYCLIST INVOLVED ONLY),OTHER ACTION,IN ROADWAY,TEST NOT OFFERED,,30,CLEAR,"DARKNESS, LIGHTED ROAD",PEDALCYCLIST,T-INTERSECTION,STRAIGHT AND LEVEL,DRY,NO INJURY / DRIVE AWAY,PULASKI RD,41.9660534171,-87.728114561,POINT (-87.728114561023 41.966053417064)
O1698224,BICYCLE,d073b30007ac9ffdc26dd30ddcfe4338b977ced87c694c442b1da4afb46ca47c2cd1236c1b5fc604b82cd6ff61312c14ae8b65f5342042bb017a6e8acd347334,11/06/2023 05:48:00 PM,M,13.0,HELMET NOT USED,CROSSING - NO CONTROLS (NOT AT INTERSECTION),IN CROSSWALK,TEST NOT OFFERED,,35,CLEAR,"DARKNESS, LIGHTED ROAD",PEDALCYCLIST,NOT DIVIDED,STRAIGHT AND LEVEL,DRY,INJURY AND / OR TOW DUE TO CRASH,MARQUETTE RD,41.7713814093,-87.7311662288,POINT (-87.731166228795 41.771381409253)
O1698127,BICYCLE,43096573e6ba61125246cbb2522b3c97f2619cebe2b3b9f9370c55bfe2c0f67103b7dfcd65b0d14dd1d970ba012888adf308c9d09c3490bab3893fee240c02a7,11/06/2023 03:59:00 PM,F,51.0,HELMET NOT USED,CROSSING - CONTROLS PRESENT (NOT AT INTERSECTION),IN CROSSWALK,TEST NOT OFFERED,,20,CLEAR,DAYLIGHT,PEDALCYCLIST,ONE-WAY,STRAIGHT AND LEVEL,DRY,INJURY AND / OR TOW DUE TO CRASH,NORA AVE,41.9516270984,-87.8021816928,POINT (-87.80218169281 41.951627098364)
O1697890,BICYCLE,911f176c14fa820d47e7363407b337738b907ae9f7c29299606de0b978d95698a60bc2f988c489cda92cf2a97e8ad4f177378329155bfe8852b341aca15a4beb,11/06/2023 11:48:00 AM,M,23.0,HELMET NOT USED,OTHER ACTION,NOT IN ROADWAY,TEST NOT OFFERED,,30,CLEAR,DAYLIGHT,PEDALCYCLIST,FOUR WAY,STRAIGHT AND LEVEL,DRY,INJURY AND / OR TOW DUE TO CRASH,LOWER MICHIGAN AVE,41.88673056,-87.6244239173,POINT (-87.62442391727 41.886730560036)
O1697858,BICYCLE,6f986c075ee370444023d11ef0145d268f5a11eff809da711669711414eae15ce4e8636fe6112bf6b35877ea4dab2afd04015bfe0f52e54adc057fa00ae15ee9,11/06/2023 11:20:00 AM,M,19.0,BICYCLE HELMET (PEDACYCLIST INVOLVED ONLY),UNKNOWN/NA,BIKE LANE,TEST NOT OFFERED,,30,CLEAR,DAYLIGHT,PEDALCYCLIST,NOT DIVIDED,STRAIGHT AND LEVEL,DRY,INJURY AND / OR TOW DUE TO CRASH,MILWAUKEE AVE,41.9558066979,-87.7504784159,POINT (-87.75047841589 41.955806697924)
O1940664,BICYCLE,9846f753c78c8f5b43ded4aec0b2dc58a75aecbc776b0ac0548f8915d07dd201a6053cb27924d67f7203262b2b089352a4b17d0d1dacb46207d7dd6cd6bcc7a7,11/06/2023 08:00:00 AM,M,16.0,HELMET NOT USED,WITH TRAFFIC,BIKE LANE,TEST NOT OFFERED,,30,CLEAR,DAYLIGHT,PEDALCYCLIST,NOT DIVIDED,STRAIGHT AND LEVEL,DRY,INJURY AND / OR TOW DUE TO CRASH,KEDZIE AVE,41.976290841,-87.7088407901,POINT (-87.708840790104 41.97629084099)
O1697565,BICYCLE,5e7e72cb65a66f0e21fa03152e03a79af7add3f9a103a08b25fbded5fea66f4a443f562f225576ae5607912bdcf42eb73451b3433818eebf891f1b0d222f84d0,11/05/2023 07:25:00 PM,M,23.0,HELMET NOT USED,WITH TRAFFIC,IN ROADWAY,TEST NOT OFFERED,,30,CLEAR,"DARKNESS, LIGHTED ROAD",PEDALCYCLIST,FOUR WAY,STRAIGHT AND LEVEL,DRY,NO INJURY / DRIVE AWAY,STATE ST,41.8577494208,-87.6270477872,POINT (-87.627047787153 41.85774942081)
O1697522,BICYCLE,c25c68dc780cec1807f024fa1fd91e6082d9d0d3142b7d6c7bb6e349d95a4614f21fd7dc9f4c5542f053b68f7d19a5b84537c86e75a6c1734dfd2b3d8cc6e516,11/05/2023 05:30:00 PM,M,13.0,BICYCLE HELMET (PEDACYCLIST INVOLVED ONLY),CROSSING - WITH SIGNAL,BIKE LANE,TEST NOT OFFERED,,30,CLEAR,"DARKNESS, LIGHTED ROAD",PEDALCYCLIST,FOUR WAY,STRAIGHT AND LEVEL,DRY,INJURY AND / OR TOW DUE TO CRASH,AUGUSTA BLVD,41.8992459018,-87.6892711501,POINT (-87.689271150052 41.899245901802)
O1697375,BICYCLE,6cb3a8877190493c51e937639284ebccc26d4a7c1b35ef0aa23d3fe0105f481677dac4cc748e5e22fb4c18b248955a6686b1bd512cef91b71424ec9edda82e07,11/05/2023 12:44:00 PM,M,19.0,HELMET NOT USED,OTHER ACTION,BIKE LANE,TEST NOT OFFERED,,30,CLEAR,DAYLIGHT,PEDALCYCLIST,NOT DIVIDED,STRAIGHT AND LEVEL,DRY,INJURY AND / OR TOW DUE TO CRASH,MILWAUKEE AVE,41.9114428702,-87.6793344718,POINT (-87.679334471847 41.911442870211)
O1697364,BICYCLE,bc4f82b8d2ae9bb3ba13f83050c20a9bea7b3bb7ca22a5d212735c31cdfa52552b5c6f2d3fd7223c80d07abcef4f89d42e007742ac6cdf96421967a4278e2e5f,11/05/2023 12:40:00 PM,F,36.0,BICYCLE HELMET (PEDACYCLIST INVOLVED ONLY),WITH TRAFFIC,IN ROADWAY,TEST NOT OFFERED,,30,CLEAR,DAYLIGHT,PEDALCYCLIST,NOT DIVIDED,STRAIGHT AND LEVEL,DRY,INJURY AND / OR TOW DUE TO CRASH,31ST ST,41.8380029008,-87.6410988691,POINT (-87.641098869079 41.838002900798)
O1697361,BICYCLE,a20ad3fc648a71fdfe014c9b4ce4aa8cd3f0586a820bd2b44eece9703144cb6edd66df936a795c0c39760a4168b60dab9708ab8b01d6c269f76d32cbffef2650,11/05/2023 11:30:00 AM,M,40.0,BICYCLE HELMET (PEDACYCLIST INVOLVED ONLY),WITH TRAFFIC,IN ROADWAY,TEST NOT OFFERED,,30,CLEAR,DAYLIGHT,PEDALCYCLIST,NOT DIVIDED,STRAIGHT AND LEVEL,DRY,INJURY AND / OR TOW DUE TO CRASH,MADISON ST,41.8818042316,-87.6523547213,POINT (-87.65235472135 41.881804231586)
O1697285,BICYCLE,0416e9a31f5345e8ec2b5f98c9e618eaea05b272334035acf096c2c5fa0362668953a1100513408f3fd8b4ce42a06972fa2cca007ee93bf69a981d90a0b6ae42,11/04/2023 09:47:00 PM,F,27.0,BICYCLE HELMET (PEDACYCLIST INVOLVED ONLY),WITH TRAFFIC,BIKE LANE,TEST NOT OFFERED,,30,CLEAR,DARKNESS,PEDALCYCLIST,FOUR WAY,STRAIGHT AND LEVEL,UNKNOWN,INJURY AND / OR TOW DUE TO CRASH,MILWAUKEE AVE,41.9053256309,-87.6693219967,POINT (-87.669321996738 41.905325630923)
O1696974,NON-MOTOR VEHICLE,41b44a37b9903c65b91a5f5ed17644ddcaf5a0abdb6f4544819b3d9742a57d56f4752396429d0e890ef6f64c8aeae9ca0003ba8bacb031b0f6b9ed0c32018f3f,11/04/2023 09:40:00 PM,M,29.0,NONE PRESENT,CROSSING - NO CONTROLS (AT INTERSECTION),IN ROADWAY,TEST NOT OFFERED,,30,CLEAR,DARKNESS,OTHER OBJECT,NOT DIVIDED,STRAIGHT AND LEVEL,DRY,NO INJURY / DRIVE AWAY,EGGLESTON AVE,41.6996472966,-87.634311431,POINT (-87.634311431002 41.699647296587)
O1696924,NON-MOTOR VEHICLE,7a5312973215abe0871d2c7cb228d2f0d733c0cc68ecf30b938b4532e7ba6cea66351fc51f74c0b2b383e5b0081555982851bda99555d500b044a645f02aacb5,11/04/2023 05:44:00 PM,,,USAGE UNKNOWN,,,TEST NOT OFFERED,,25,CLEAR,DAYLIGHT,FIXED OBJECT,NOT DIVIDED,STRAIGHT AND LEVEL,DRY,INJURY AND / OR TOW DUE TO CRASH,ROCKWELL ST,41.9364604198,-87.693008018,POINT (-87.693008017956 41.936460419793)
O1697845,BICYCLE,5945ec11219c5baf5f704d0b42a3ef026f512a6537382b8f8c0ba03e278bd9d015dba5810619e6b6cc48bc78e0607ca3ec4ee3e44f8bc908662e9019cff5f5a9,11/04/2023 05:20:00 PM,F,,HELMET NOT USED,UNKNOWN/NA,NOT IN ROADWAY,TEST NOT OFFERED,,25,UNKNOWN,UNKNOWN,PEDALCYCLIST,ALLEY,STRAIGHT AND LEVEL,UNKNOWN,INJURY AND / OR TOW DUE TO CRASH,HALSTED ST,41.8642743821,-87.6466890712,POINT (-87.646689071155 41.864274382133)