PERSON_ID,PERSON_TYPE,CRASH_RECORD_ID,CRASH_DATE_x,SEX,AGE,SAFETY_EQUIPMENT,PEDPEDAL_ACTION,PEDPEDAL_LOCATION,BAC_RESULT,CRASH_DATE_EST_I,POSTED_SPEED_LIMIT,WEATHER_CONDITION,LIGHTING_CONDITION,FIRST_CRASH_TYPE,TRAFFICWAY_TYPE,ALIGNMENT,ROADWAY_SURFACE_COND,CRASH_TYPE,STREET_NAME,LATITUDE,LONGITUDE,LOCATION
O1696791,NON-MOTOR VEHICLE,3f99eccd6d1e9998479a8953047f36b72d642f0376d9c88b973fffbfbbdb7ef3032bf5635857a1a56f0a06baf877018dd80249bb7b3e5517ad81678846531c76,11/04/2023 04:30:00 PM,M,39.0,HELMET NOT USED,OTHER ACTION,IN ROADWAY,TEST NOT OFFERED,,30,CLEAR,DAYLIGHT,OTHER OBJECT,FOUR WAY,STRAIGHT AND LEVEL,DRY,INJURY AND / OR TOW DUE TO CRASH,NORTH AVE,41.9093627913,-87.7756436607,POINT (-87.775643660723 41.909362791269)
O1696798,BICYCLE,6d34e73fa3f68edd884a04a123dc4a34bc3f2134455a038a48007e37630a3c76ea679933676d5b6f32ac7136d63febbeb5276a83e48bbbe5c7df163b02255eaf,11/04/2023 04:24:00 PM,M,23.0,HELMET NOT USED,CROSSING - AGAINST SIGNAL,IN CROSSWALK,TEST NOT OFFERED,,30,CLEAR,DAYLIGHT,PEDALCYCLIST,DIVIDED - W/MEDIAN BARRIER,STRAIGHT AND LEVEL,DRY,INJURY AND / OR TOW DUE TO CRASH,GARFIELD BLVD,41.7940915382,-87.6304664415,POINT (-87.630466441501 41.794091538248)
O1696874,BICYCLE,b81af8d2f4dc1e4b4c1154d12f818b647780bce59d0679af84f090df282ff7ccb0f06b29e412b9f58768c202f021e5820aa5b7d99a89ef608d2c4a1e6a3873d6,11/04/2023 03:51:00 PM,M,70.0,HELMET NOT USED,OTHER ACTION,IN ROADWAY,TEST NOT OFFERED,,30,CLEAR,DAYLIGHT,PEDALCYCLIST,NOT DIVIDED,STRAIGHT AND LEVEL,DRY,INJURY AND / OR TOW DUE TO CRASH,ROOSEVELT RD,41.8662747052,-87.7256727726,POINT (-87.725672772601 41.866274705186)
O1700764,BICYCLE,dc1e84cb99e49a944857dc2dab10922699d7bf93167399e5e86df62cbfcd0b844fe9b82e476d9acd9d975b07fccdb0e00fce50ce1c1719c7588252ee0710acf4,11/04/2023 03:30:00 PM,M,28.0,HELMET NOT USED,CROSSING - WITH SIGNAL,BIKEWAY,TEST NOT OFFERED,,30,CLEAR,DAYLIGHT,PEDALCYCLIST,FOUR WAY,STRAIGHT AND LEVEL,DRY,INJURY AND / OR TOW DUE TO CRASH,LAWRENCE DR,41.9695099356,-87.6478286015,POINT (-87.647828601514 41.969509935589)
O1696872,BICYCLE,6fcd8bf0a115c802181fdf92a89c6c33d23138dab394276df68a7ee73ffb666e599a1957bf1a34da538218cf71f7963763733653380f68a1fbf905db0e9f0386,11/04/2023 02:00:00 PM,M,21.0,HELMET NOT USED,WITH TRAFFIC,IN ROADWAY,TEST NOT OFFERED,N,30,CLEAR,DAYLIGHT,PEDALCYCLIST,NOT DIVIDED,STRAIGHT AND LEVEL,UNKNOWN,INJURY AND / OR TOW DUE TO CRASH,LEAVITT ST,41.7214565224,-87.6770858682,POINT (-87.677085868227 41.721456522449)
O1697359,BICYCLE,ff14c6a204aa11b8e5f05f361d60bd85d88e09065e8b809638214365d7e255d16dbe46bc0b32875dc7d81d3cb040812cd462340b42610af0b4ee5d57061a2384,11/04/2023 01:45:00 PM,M,56.0,HELMET NOT USED,UNKNOWN/NA,IN ROADWAY,,,30,UNKNOWN,UNKNOWN,PEDALCYCLIST,NOT DIVIDED,STRAIGHT AND LEVEL,UNKNOWN,INJURY AND / OR TOW DUE TO CRASH,RASCHER AVE,41.9806563244,-87.6678114753,POINT (-87.667811475273 41.98065632445)
O1700029,BICYCLE,65ed4072c6eb06a3da024409ddfb8e49d88aafba8212d5733e6c75e9e041c0be060ee70a7a8ccafaabebbec4adcc921d85dbbbad2b8bf48f4d65d6f2e3e50eb7,11/03/2023 05:10:00 PM,M,25.0,HELMET NOT USED,TURNING RIGHT,IN ROADWAY,TEST NOT OFFERED,,30,UNKNOWN,UNKNOWN,PEDALCYCLIST,FOUR WAY,STRAIGHT AND LEVEL,UNKNOWN,NO INJURY / DRIVE AWAY,HALSTED ST,41.8860483963,-87.6476323383,POINT (-87.647632338276 41.886048396337)
O1697316,BICYCLE,f90688d042060f597671d18700ccc1473284b33e920825b8dd74fb73f1b3b0c5fe32488e6c7226b7355f9588cc03b3240c05262f7365a813e1b22d73858d3735,11/03/2023 04:55:00 PM,M,25.0,BICYCLE HELMET (PEDACYCLIST INVOLVED ONLY),CROSSING - WITH SIGNAL,BIKEWAY,TEST NOT OFFERED,,30,CLEAR,DAYLIGHT,PEDALCYCLIST,DIVIDED - W/MEDIAN (NOT RAISED),STRAIGHT AND LEVEL,DRY,INJURY AND / OR TOW DUE TO CRASH,HALSTED ST,41.8860483963,-87.6476323383,POINT (-87.647632338276 41.886048396337)
O1696048,BICYCLE,0aaef06c911b189de8375752fc1fcb40bbc906cb6ad7ce19f5db4b0ce0249a4bb4ceb18dfbaa9b35eca2536c536d17f0bf0e469bc7685ba29bde6ac13db0c60a,11/03/2023 03:50:00 PM,M,45.0,HELMET NOT USED,OTHER ACTION,BIKE LANE,TEST NOT OFFERED,,30,CLEAR,DAYLIGHT,PEDALCYCLIST,DIVIDED - W/MEDIAN (NOT RAISED),STRAIGHT AND LEVEL,DRY,INJURY AND / OR TOW DUE TO CRASH,ELSTON AVE,41.9559154474,-87.722174037,POINT (-87.722174036962 41.955915447376)
O1695801,NON-MOTOR VEHICLE,71b31da10a76ecfd44c87db83bcf0457e62a4a3346926606e9884b277c1db8f032a47a72513cf9b6a1c88754bb09fda24452d5b75f9c493b683edc2dd1fb450c,11/03/2023 09:30:00 AM,M,,USAGE UNKNOWN,UNKNOWN/NA,IN ROADWAY,TEST NOT OFFERED,,30,CLEAR,DAYLIGHT,OTHER OBJECT,NOT DIVIDED,STRAIGHT AND LEVEL,UNKNOWN,NO INJURY / DRIVE AWAY,CANAL ST,41.8675483282,-87.6393473333,POINT (-87.639347333274 41.867548328236)
O1695820,NON-MOTOR VEHICLE,e2e5134538a12d339c7c24f1c140085205b039de31fb49ae3643b53845c8a5ef11e508c3f249a301c763ebf24fd5c0f18249659efe37dc35a87e1eac397bc348,11/03/2023 08:43:00 AM,F,,NONE PRESENT,,,,,15,CLEAR,DAYLIGHT,FIXED OBJECT,NOT DIVIDED,STRAIGHT AND LEVEL,"SAND, MUD, DIRT",NO INJURY / DRIVE AWAY,STONY ISLAND AVE,41.6605303791,-87.5788169602,POINT (-87.578816960162 41.660530379111)
O1695734,NON-MOTOR VEHICLE,39f0e21d34e9147859181220c2ab41612474986f3b1043cce3a1069d55ec94b4c5a0c35da5d7b0a47be21652a9403d1bc3ccf03b28b53d6814b0c5b3b4d6199f,11/03/2023 08:07:00 AM,F,19.0,NONE PRESENT,CROSSING - CONTROLS PRESENT (NOT AT INTERSECTION),IN CROSSWALK,TEST NOT OFFERED,,30,CLEAR,DAYLIGHT,OTHER OBJECT,OTHER,STRAIGHT AND LEVEL,DRY,INJURY AND / OR TOW DUE TO CRASH,DOUGLAS BLVD,41.8623867633,-87.7067112401,POINT (-87.706711240076 41.862386763307)
O1695627,BICYCLE,e98e2df2ed61ebc898791e12badc185697ca871a0937a767f38ada3fd9faa6c7f8069ac19112fd1561904274b0604e069e39dd7a825ec1a5c0b50ea21d1c687a,11/02/2023 10:45:00 PM,M,,HELMET NOT USED,CROSSING - AGAINST SIGNAL,BIKE LANE,TEST NOT OFFERED,,30,CLEAR,"DARKNESS, LIGHTED ROAD",PEDALCYCLIST,Y-INTERSECTION,STRAIGHT AND LEVEL,DRY,INJURY AND / OR TOW DUE TO CRASH,CLYBOURN AVE,41.9037895847,-87.6398207738,POINT (-87.639820773757 41.903789584668)
O1695630,BICYCLE,2cc00d5ee094209ba8460c90f65f9c82c1295dc953468d816bc790da32d2a7801583739ee7336261505b484369bd3f2cad71211bc8b9bafb3e19090ddc0d5804,11/02/2023 10:34:00 PM,M,13.0,HELMET NOT USED,UNKNOWN/NA,IN ROADWAY,TEST NOT OFFERED,,35,CLEAR,"DARKNESS, LIGHTED ROAD",PEDALCYCLIST,NOT DIVIDED,STRAIGHT AND LEVEL,DRY,INJURY AND / OR TOW DUE TO CRASH,CHICAGO AVE,41.8956158505,-87.7114985896,POINT (-87.711498589633 41.895615850546)
O1695530,BICYCLE,c079aa4e364436038a5e84cdbed2944b4b783a0c94c41649b8b3e469acec4caf665a7dcfa8655c20742938544e17289135bb7032b045639d27ac584f9c22c0fe,11/02/2023 07:17:00 PM,M,28.0,BICYCLE HELMET (PEDACYCLIST INVOLVED ONLY),CROSSING - WITH SIGNAL,BIKE LANE,TEST NOT OFFERED,,30,CLEAR,"DARKNESS, LIGHTED ROAD",PEDALCYCLIST,FOUR WAY,STRAIGHT AND LEVEL,DRY,INJURY AND / OR TOW DUE TO CRASH,CENTRAL AVE,41.9421791342,-87.7667734934,POINT (-87.766773493439 41.942179134229)
O1695510,BICYCLE,d5d29d7a19591e5fefcde18d8af7b95701f91b5d804ed02fae36d5fa7936bd09d7b01bf6f7695ddc8e7e9e4f25e7e00797f66af9383d854676e4673ae43168a3,11/02/2023 06:30:00 PM,M,38.0,BICYCLE HELMET (PEDACYCLIST INVOLVED ONLY),CROSSING - WITH SIGNAL,BIKE LANE,TEST NOT OFFERED,,30,CLEAR,DARKNESS,PEDALCYCLIST,NOT DIVIDED,STRAIGHT AND LEVEL,DRY,INJURY AND / OR TOW DUE TO CRASH,WENTWORTH AVE,41.8577437509,-87.6320390628,POINT (-87.632039062819 41.857743750896)
O1695427,BICYCLE,1da47fd7571eb37fbd18bc1cd7c27b860c56c58a6b6026cc30eceba08e9cfbe0c152d11f553184c5b39994a5a653dc22136bc35fc680a5de164f4bf2ea7658c6,11/02/2023 04:39:00 PM,M,28.0,HELMET NOT USED,WITH TRAFFIC,BIKE LANE,TEST NOT OFFERED,,15,CLEAR,DAYLIGHT,PEDALCYCLIST,ALLEY,STRAIGHT AND LEVEL,DRY,INJURY AND / OR TOW DUE TO CRASH,ASHLAND AVE,41.9111754014,-87.6675582448,POINT (-87.667558244839 41.911175401417)
O1695462,BICYCLE,edc0225adc0374b3df35a99107a87e89447dcc01ef4ac5723a526cc0f034cd9ea71f540c3fc5ced609fb2df29c28fe3b914262b7a3c5411b0e3cff9e6dcb824c,11/02/2023 03:05:00 PM,M,,HELMET NOT USED,AGAINST TRAFFIC,IN ROADWAY,TEST NOT OFFERED,,30,CLEAR,DAYLIGHT,PEDALCYCLIST,NOT DIVIDED,STRAIGHT AND LEVEL,DRY,NO INJURY / DRIVE AWAY,43RD ST,41.815761862,-87.6650772497,POINT (-87.665077249696 41.815761862031)
O1694747,BICYCLE,b5eea1be7617deaa6ee16c81b75100e7ae3ada9f724e6509860e5f7a9937ba6f1378e0959841bed1ff6a151be42d82ca7978ae908dde2312ec0e02d674d354c7,11/01/2023 06:28:00 PM,F,54.0,BICYCLE HELMET (PEDACYCLIST INVOLVED ONLY),CROSSING - WITH SIGNAL,IN ROADWAY,TEST NOT OFFERED,,30,CLEAR,"DARKNESS, LIGHTED ROAD",PEDALCYCLIST,Y-INTERSECTION,STRAIGHT AND LEVEL,WET,INJURY AND / OR TOW DUE TO CRASH,BROADWAY,41.9511797416,-87.6494426182,POINT (-87.64944261819 41.95117974161)
O1694498,NON-MOTOR VEHICLE,fc6cdfdaf01186ff28e3a8357873152650786df2701e58f7dcc7644803b11ea5ff67b4afe754da0490274aa6f3ba2fbe2c087f236efc95a54a30c2304136fbbb,11/01/2023 01:30:00 PM,F,,WHEELCHAIR,CROSSING - NO CONTROLS (NOT AT INTERSECTION),NOT IN ROADWAY,TEST NOT OFFERED,,30,CLEAR,DAYLIGHT,OTHER NONCOLLISION,NOT DIVIDED,STRAIGHT AND LEVEL,DRY,NO INJURY / DRIVE AWAY,NAGLE AVE,41.9959852861,-87.7876371171,POINT (-87.787637117071 41.995985286062)
O1694435,BICYCLE,d64959f57437dc4414d7b2fce1885ef291f959308954ab13ef4d3b49a1b5b234b54e6025c83a64794e4acc77a93d0cbbbd2521158b3fadd32e9f478908d6cc9e,11/01/2023 12:02:00 PM,M,73.0,BICYCLE HELMET (PEDACYCLIST INVOLVED ONLY),TURNING LEFT,IN ROADWAY,TEST NOT OFFERED,,15,CLEAR,DAYLIGHT,PEDALCYCLIST,FOUR WAY,STRAIGHT AND LEVEL,WET,INJURY AND / OR TOW DUE TO CRASH,DIVISION ST,41.9034221692,-87.6553767114,POINT (-87.655376711408 41.903422169228)
O1694165,BICYCLE,a529bc59cb38110990b54bb1b6e0b0e6f94836996e35a0cf258ab1110f6e4cbb1d9323dd13c916781e7a7a0ba4ba0bf72a00738bd759b6d30f3e711cd5324145,11/01/2023 08:05:00 AM,M,17.0,HELMET NOT USED,OTHER ACTION,DRIVEWAY ACCESS,TEST NOT OFFERED,,30,OTHER,DAYLIGHT,PEDALCYCLIST,DRIVEWAY,STRAIGHT AND LEVEL,ICE,INJURY AND / OR TOW DUE TO CRASH,BELMONT AVE,41.9382557091,-87.7965195034,POINT (-87.796519503363 41.938255709148)
O1694276,BICYCLE,55483bf7e99464e7952b0af919c98fcb03f5a6cea413ea91cfd254776ec16efcbbc84fa442f4b89cedb02f1bb00828ddd65741b2bac94175cb46b91e8dd4327d,11/01/2023 07:35:00 AM,M,20.0,HELMET NOT USED,NO ACTION,IN ROADWAY,TEST NOT OFFERED,,15,CLEAR,DAYLIGHT,PEDALCYCLIST,ALLEY,STRAIGHT AND LEVEL,ICE,INJURY AND / OR TOW DUE TO CRASH,CANAL ST,41.8495067014,-87.6385941239,POINT (-87.638594123899 41.849506701356)
O1693958,BICYCLE,3d4df4c20bfc738c04d17e6c3f6ecdc51c14ead4332036cd1c44b7b23e1a075acfd6c56f226968175fa806f08f1d26204681a45be65b8f0619dac7711d96cf06,10/31/2023 03:45:00 PM,M,,HELMET NOT USED,CROSSING - WITH SIGNAL,IN CROSSWALK,TEST NOT OFFERED,,30,SNOW,DAYLIGHT,PEDALCYCLIST,ONE-WAY,STRAIGHT AND LEVEL,SNOW OR SLUSH,NO INJURY / DRIVE AWAY,ADAMS ST,41.8791719377,-87.6417080952,POINT (-87.641708095185 41.879171937674)
O1693797,BICYCLE,d0dd62de41bc3043545b01937e985cfaaa32cc44ebb28a628119a1771fd76482d5a140fbed80f091a5543a50502aebf2b2e6530d9bf2535346eb4153d2bd9367,10/31/2023 03:30:00 PM,M,34.0,BICYCLE HELMET (PEDACYCLIST INVOLVED ONLY),CROSSING - WITH SIGNAL,BIKE LANE,TEST NOT OFFERED,,30,FREEZING RAIN/DRIZZLE,DAYLIGHT,PEDALCYCLIST,FOUR WAY,STRAIGHT AND LEVEL,WET,INJURY AND / OR TOW DUE TO CRASH,CHICAGO AVE,41.8963617568,-87.6561699481,POINT (-87.656169948087 41.896361756816)
O1694549,BICYCLE,f6fc969eb063b70a7da296ad851e932d7a1f384788cb586a754c3cf9c8de524dff5cd755cb45a2cd84477f349794318929bf927dfb21a73bee7b2b780d0853cd,10/31/2023 01:30:00 PM,M,,BICYCLE HELMET (PEDACYCLIST INVOLVED ONLY),OTHER ACTION,BIKE LANE,,,30,SNOW,DAYLIGHT,PEDALCYCLIST,ALLEY,STRAIGHT AND LEVEL,SNOW OR SLUSH,INJURY AND / OR TOW DUE TO CRASH,BROADWAY,41.9954942794,-87.6602863708,POINT (-87.660286370815 41.995494279444)
O1693598,BICYCLE,133b8e53cffee55c31deb1407c336926af4fd9bb728fff9b2fe86ab030048bdcda8b5dddea1954cda848d09058e96465ac4c279f9ce2db5e642a4b89d569bc2d,10/31/2023 12:56:00 PM,M,21.0,HELMET NOT USED,TURNING LEFT,IN ROADWAY,TEST NOT OFFERED,,30,SNOW,DAYLIGHT,PEDALCYCLIST,NOT DIVIDED,STRAIGHT AND LEVEL,WET,INJURY AND / OR TOW DUE TO CRASH,HALSTED ST,41.8671252507,-87.6470648083,POINT (-87.647064808299 41.867125250673)
O1693569,NON-MOTOR VEHICLE,ed700fb73a86a213c28d8f320d9685988c69beabd737c65750081ac37a740244fddd488538c49a0cad1e8d58cb8975a487ed1a52791bec53ce129882d71d46a1,10/31/2023 12:25:00 PM,F,28.0,USAGE UNKNOWN,CROSSING - AGAINST SIGNAL,IN ROADWAY,,,30,SNOW,DAYLIGHT,OTHER OBJECT,NOT DIVIDED,STRAIGHT AND LEVEL,UNKNOWN,INJURY AND / OR TOW DUE TO CRASH,CHICAGO AVE,41.8950441424,-87.755665329,POINT (-87.755665329048 41.895044142418)
O1693216,BICYCLE,5b889a5500f3936a0edd26adc769fdece52e3f2c801ccc411d25c5bc9dc69cc2a1bc32c43e5c7ea20f86f7eb839942216f3703dbe0c42af7162d7dce4fac8eab,10/30/2023 07:40:00 PM,M,18.0,BICYCLE HELMET (PEDACYCLIST INVOLVED ONLY),TURNING LEFT,IN ROADWAY,TEST NOT OFFERED,,25,CLEAR,DARKNESS,PEDALCYCLIST,NOT DIVIDED,STRAIGHT AND LEVEL,DRY,NO INJURY / DRIVE AWAY,HALSTED ST,41.8856389185,-87.6473262383,POINT (-87.647326238258 41.885638918531)
O1693080,BICYCLE,e9b4ac31bb7d40a545cb99efc908b712b2dad036b09a9e1945270c3eb2a60b4699523bc041ef2deb57e9d4868f04bb3c79738040df95095bb0dbae027273e16c,10/30/2023 04:56:00 PM,M,38.0,BICYCLE HELMET (PEDACYCLIST INVOLVED ONLY),WITH TRAFFIC,IN ROADWAY,TEST NOT OFFERED,,30,CLEAR,DAYLIGHT,PEDALCYCLIST,ONE-WAY,STRAIGHT AND LEVEL,DRY,INJURY AND / OR TOW DUE TO CRASH,ORLEANS ST,41.8899882099,-87.6368377253,POINT (-87.636837725269 41.889988209901)
O1692780,BICYCLE,626f8a6528fe742b08e26bf01be83bc07026166307f06a98fbfd18eb28945657b60a380af20fbf16f530b97f16a1c8c10474f1026a5ac5badcebe81137213f4a,10/30/2023 11:30:00 AM,F,20.0,BICYCLE HELMET (PEDACYCLIST INVOLVED ONLY),CROSSING - WITH SIGNAL,IN CROSSWALK,TEST NOT OFFERED,,30,CLEAR,DAYLIGHT,PEDALCYCLIST,NOT DIVIDED,STRAIGHT AND LEVEL,DRY,INJURY AND / OR TOW DUE TO CRASH,52ND ST,41.8009182886,-87.5875832037,POINT (-87.587583203731 41.800918288622)
O1692807,NON-MOTOR VEHICLE,574d1fe1a7205b8173eb759ee428e6a49e630fb24e6b7187ba9a7d38bcb9af581a510df5f0bb57c7a1eddbe05a5cec317b6641af602e08b625cbc93d240703c9,10/30/2023 10:30:00 AM,F,32.0,HELMET NOT USED,CROSSING - NO CONTROLS (NOT AT INTERSECTION),DRIVEWAY ACCESS,TEST NOT OFFERED,,30,CLEAR,DAYLIGHT,OTHER OBJECT,PARKING LOT,STRAIGHT AND LEVEL,DRY,INJURY AND / OR TOW DUE TO CRASH,ASHLAND AVE,41.805395273,-87.6647368549,POINT (-87.664736854863 41.805395272975)
O1692644,BICYCLE,b525d82ea47587f3b7c5b53a22077762dbca1717d647b81a3443847cbf51ae7beaff5a4e5cdac0755014e12f97c0e82350744e01f8d28772b14655a030abdece,10/30/2023 08:15:00 AM,M,19.0,HELMET NOT USED,CROSSING - WITH SIGNAL,IN CROSSWALK,TEST NOT OFFERED,,30,CLEAR,DAYLIGHT,PEDALCYCLIST,NOT DIVIDED,STRAIGHT AND LEVEL,DRY,INJURY AND / OR TOW DUE TO CRASH,WESTERN AVE,41.9905912645,-87.6895282896,POINT (-87.689528289597 41.990591264485)
O1692199,BICYCLE,f68c71be26f85b2da779629160443cd9fa21298a884993360d7949e0cbfdcdaa7cddbaadae32acd2a689058653e49c51b64e6f0a24660aa04ae5090706a181d7,10/29/2023 01:00:00 PM,F,11.0,HELMET NOT USED,CROSSING - NO CONTROLS (AT INTERSECTION),IN CROSSWALK,TEST NOT OFFERED,,30,FOG/SMOKE/HAZE,DAYLIGHT,PEDALCYCLIST,T-INTERSECTION,STRAIGHT AND LEVEL,WET,NO INJURY / DRIVE AWAY,28TH ST,41.8436193216,-87.646352231,POINT (-87.646352231042 41.843619321553)
O1692017,BICYCLE,0fe522bdd6adcfbe3464cff5bc806499decc29599e78b41f053a88ed6437ad8b8e425019350405c25fc30a8391732740c1bf199f023e9fb06ceff1504d68c963,10/29/2023 04:30:00 AM,M,54.0,HELMET NOT USED,UNKNOWN/NA,IN ROADWAY,TEST NOT OFFERED,,20,CLEAR,"DARKNESS, LIGHTED ROAD",PEDALCYCLIST,FOUR WAY,STRAIGHT AND LEVEL,DRY,INJURY AND / OR TOW DUE TO CRASH,ASHLAND AVE,42.0000159129,-87.6705909927,POINT (-87.670590992685 42.000015912943)
O1693066,BICYCLE,93b6e411f1025bae1e456094a52340a986b7f7ebaeb23500dc84171a6c8b038e92e31d2d8e27f9d2ad83bafb80f796976262b0c5bb35a186eadc397a0dcf4566,10/28/2023 03:00:00 PM,M,29.0,BICYCLE HELMET (PEDACYCLIST INVOLVED ONLY),NO ACTION,BIKEWAY,TEST NOT OFFERED,,30,UNKNOWN,DAYLIGHT,PEDALCYCLIST,DIVIDED - W/MEDIAN (NOT RAISED),STRAIGHT AND LEVEL,UNKNOWN,INJURY AND / OR TOW DUE TO CRASH,MILWAUKEE AVE,41.9241431737,-87.6996031756,POINT (-87.699603175591 41.924143173715)
O1691507,BICYCLE,6c7af41e8849cc4862272a12b01deb310f1706bfaa8f62490b89ed542e5e9d293b11546f8b39037a3d831a7bd5aa458033a1ce5fb5020add8261b585bdcb077b,10/28/2023 01:05:00 PM,F,48.0,HELMET NOT USED,CROSSING - AGAINST SIGNAL,IN CROSSWALK,TEST NOT OFFERED,,30,CLEAR,DAYLIGHT,PEDALCYCLIST,FOUR WAY,STRAIGHT AND LEVEL,DRY,INJURY AND / OR TOW DUE TO CRASH,71ST ST,41.7647997332,-87.663734792,POINT (-87.663734791989 41.764799733203)
O1692242,BICYCLE,616cca10d7e04955d798337ef726bd078dda87e34ff0b1909e854d52c5d1c628651fb573d9eeeffe3879bee88239906d538a097271b8bc6d77e37c3c4a873652,10/28/2023 11:11:00 AM,M,,HELMET NOT USED,CROSSING - NO CONTROLS (NOT AT INTERSECTION),IN ROADWAY,TEST NOT OFFERED,Y,30,CLEAR,DAYLIGHT,PEDALCYCLIST,"FIVE POINT, OR MORE",STRAIGHT AND LEVEL,DRY,INJURY AND / OR TOW DUE TO CRASH,OGDEN AVE,41.8511195666,-87.7243009044,POINT (-87.724300904448 41.851119566636)
O1696520,BICYCLE,c7e703cb0c9edc47e8f689cb7c27780f193ae07619d7dc7184425bcf2634477a27ff75d1a34fef37112500bde8f038936bcbff3bfc2c9c3ec004a6991ffc28b3,10/28/2023 10:35:00 AM,M,49.0,BICYCLE HELMET (PEDACYCLIST INVOLVED ONLY),WITH TRAFFIC,BIKEWAY,TEST NOT OFFERED,,30,CLEAR,DAYLIGHT,PEDALCYCLIST,DIVIDED - W/MEDIAN (NOT RAISED),STRAIGHT AND LEVEL,DRY,INJURY AND / OR TOW DUE TO CRASH,DAMEN AVE,41.934151762,-87.6783277267,POINT (-87.678327726731 41.934151762035)
O1691607,BICYCLE,93ad9040068b02def79925fe9beffec7b4fba4cae07c581eb1a2b2f61240fabf1aa2b06aabe79705802379ff9b81cf9ab0478295777143e4e2e5187e187da891,10/28/2023 01:30:00 AM,F,32.0,HELMET NOT USED,UNKNOWN/NA,BIKEWAY,TEST NOT OFFERED,,30,RAIN,DARKNESS,PEDALCYCLIST,ALLEY,STRAIGHT AND LEVEL,WET,INJURY AND / OR TOW DUE TO CRASH,CLINTON ST,41.8800235216,-87.6409885748,POINT (-87.640988574801 41.880023521645)
O1691766,BICYCLE,92f7e8c75e42e1569e3b7c8ca9b36f9953ec5b676ea3d09a5214f8a76e6d721e04700707c20d673aa184da8ada18d0dfe4d63dc9885d2b58deab1f2878fe777f,10/27/2023 11:00:00 PM,F,19.0,HELMET NOT USED,NO ACTION,IN ROADWAY,TEST NOT OFFERED,,35,CLEAR,"DARKNESS, LIGHTED ROAD",PEDALCYCLIST,FOUR WAY,STRAIGHT AND LEVEL,DRY,INJURY AND / OR TOW DUE TO CRASH,WABASH AVE,41.8756225408,-87.6261727387,POINT (-87.626172738716 41.875622540805)
O1691275,BICYCLE,fc82012cf24da74f24db0e1d676ed5146f73821d2d562d40a332ca734af5b3ce0f6400ba5bb88ad536760663729dbefccc32ef92eacafc4aa551c91f06a1be9f,10/27/2023 10:45:00 PM,M,,BICYCLE HELMET (PEDACYCLIST INVOLVED ONLY),TURNING LEFT,IN ROADWAY,TEST NOT OFFERED,,30,CLEAR,"DARKNESS, LIGHTED ROAD",PEDALCYCLIST,DIVIDED - W/MEDIAN (NOT RAISED),STRAIGHT AND LEVEL,DRY,INJURY AND / OR TOW DUE TO CRASH,HALSTED ST,41.6631821012,-87.6415652652,POINT (-87.641565265157 41.663182101231)
O1691152,BICYCLE,d089bc512b964b1a2e959724db3c613fec402bd9791e17e7db04f3e0f92796d0f621eb82adedbdd90c5880bd20bb32b3bfc7862c568863a7284e9de150ec4daa,10/27/2023 07:33:00 PM,M,27.0,HELMET NOT USED,OTHER ACTION,BIKE LANE,TEST NOT OFFERED,,30,RAIN,"DARKNESS, LIGHTED ROAD",PEDALCYCLIST,DIVIDED - W/MEDIAN (NOT RAISED),STRAIGHT AND LEVEL,WET,INJURY AND / OR TOW DUE TO CRASH,WESTERN AVE,41.9108590813,-87.6873821797,POINT (-87.687382179696 41.910859081291)
O1692823,BICYCLE,bad68e95966057fb65da9a3525b48ae36a18a8a37dbd83706d112a252242c16b4b0ffa96c49650d6e7f979c26efbc5538e7b756d004437ea38d9f715a05b81e5,10/27/2023 07:31:00 PM,M,29.0,BICYCLE HELMET (PEDACYCLIST INVOLVED ONLY),WITH TRAFFIC,BIKE LANE,TEST NOT OFFERED,Y,30,CLOUDY/OVERCAST,DUSK,PEDALCYCLIST,NOT DIVIDED,STRAIGHT AND LEVEL,WET,INJURY AND / OR TOW DUE TO CRASH,DAMEN AVE,41.9665829464,-87.6789753506,POINT (-87.678975350596 41.966582946351)
O1691810,BICYCLE,89e8a85abdc623e7c980d049127fdcc5cdba49f66f1f5df80574a24504fb4fcda1e78bb70202865c72f22fe3b50fc7edd5f3ef9e548f7f6bb5521902a3953be2,10/27/2023 06:30:00 PM,M,12.0,HELMET NOT USED,CROSSING - CONTROLS PRESENT (NOT AT INTERSECTION),IN CROSSWALK,TEST NOT OFFERED,,30,CLEAR,DARKNESS,PEDALCYCLIST,ONE-WAY,STRAIGHT AND LEVEL,DRY,INJURY AND / OR TOW DUE TO CRASH,47TH ST,41.8082790693,-87.701394329,POINT (-87.701394328986 41.808279069324)
O1691079,BICYCLE,0bd11221be6a24a1664e7970ccf665c56752dfef7ff6f51c302a107aa7405e2a8acfe1472cbb348c2624edade581a582bb4940e093e37ad8437226a9d9a2d94b,10/27/2023 04:03:00 PM,M,,HELMET NOT USED,WITH TRAFFIC,UNKNOWN/NA,TEST NOT OFFERED,,30,CLOUDY/OVERCAST,DAYLIGHT,PEDALCYCLIST,FOUR WAY,STRAIGHT AND LEVEL,DRY,NO INJURY / DRIVE AWAY,KEDZIE AVE,41.7497239717,-87.7025395717,POINT (-87.702539571674 41.749723971726)