PERSON_ID,PERSON_TYPE,CRASH_RECORD_ID,CRASH_DATE_x,SEX,AGE,SAFETY_EQUIPMENT,PEDPEDAL_ACTION,PEDPEDAL_LOCATION,BAC_RESULT,CRASH_DATE_EST_I,POSTED_SPEED_LIMIT,WEATHER_CONDITION,LIGHTING_CONDITION,FIRST_CRASH_TYPE,TRAFFICWAY_TYPE,ALIGNMENT,ROADWAY_SURFACE_COND,CRASH_TYPE,STREET_NAME,LATITUDE,LONGITUDE,LOCATION
O1690921,BICYCLE,a63b6d4ad96a0d7d9478d5e77b8db3f391ff8c65cc866184a48171765bedb072171a5ad0b5562a913ee03ef81f0cf5decc883e34bd9a58ffa367f3b2bb4a57d2,10/27/2023 02:30:00 PM,M,53.0,BICYCLE HELMET (PEDACYCLIST INVOLVED ONLY),CROSSING - WITH SIGNAL,IN ROADWAY,TEST NOT OFFERED,,30,RAIN,DAYLIGHT,PEDALCYCLIST,FOUR WAY,STRAIGHT AND LEVEL,WET,INJURY AND / OR TOW DUE TO CRASH,JEFFERSON ST,41.8867587292,-87.6426576282,POINT (-87.642657628213 41.886758729249)
O1690875,BICYCLE,750f8e6f2484885f7f5f8a4c790567092ff3040cc1069a2abe51281b1765898d3ba1c6ae1456b68a6b693e1b46882f5c350c8ee9ce1f819d295e50473d8c9a97,10/27/2023 09:50:00 AM,M,22.0,HELMET NOT USED,CROSSING - WITH SIGNAL,IN CROSSWALK,TEST NOT OFFERED,,30,CLEAR,DAYLIGHT,PEDALCYCLIST,NOT DIVIDED,STRAIGHT AND LEVEL,DRY,INJURY AND / OR TOW DUE TO CRASH,ROOSEVELT RD,41.8672266215,-87.6491634852,POINT (-87.649163485157 41.867226621531)
O1690493,BICYCLE,ba02033fe8aba98a1bee5d16e22a669c86ae64020589cf63bd4b94bcfca5a13bb0ed0e89895fe9e702c1880df2fe4391c8eb98ab450eda6a700d3b1785b4d14a,10/26/2023 10:40:00 PM,M,,HELMET NOT USED,CROSSING - NO CONTROLS (NOT AT INTERSECTION),UNKNOWN/NA,TEST NOT OFFERED,,35,RAIN,"DARKNESS, LIGHTED ROAD",PEDALCYCLIST,NOT DIVIDED,STRAIGHT AND LEVEL,WET,NO INJURY / DRIVE AWAY,MICHIGAN AVE,41.7942992629,-87.6223096698,POINT (-87.622309669765 41.794299262858)
O1690303,NON-MOTOR VEHICLE,10142e0709edb8e0693107feea00bad74a2dfca16d187bc0add28a20a41d2a3aad0c4a47b5ec94446d175e9f0aef5a40d1b02607395cb29c42e9beec224c74a4,10/26/2023 04:55:00 PM,M,21.0,,,,,,30,RAIN,DAYLIGHT,ANIMAL,DIVIDED - W/MEDIAN (NOT RAISED),STRAIGHT AND LEVEL,WET,NO INJURY / DRIVE AWAY,NORMAL BLVD,41.7675622557,-87.6370589648,POINT (-87.637058964757 41.767562255695)
O1690298,BICYCLE,077a03915ad6132e0632d6a5cecac1e2c4d0c0abc6e11612674b116fbe7ef76cf04500b2fb027cf3b02b5acff955a2b6fd50129729067c982aaa4c9a921b5ca2,10/26/2023 04:52:00 PM,M,23.0,HELMET NOT USED,CROSSING - WITH SIGNAL,IN CROSSWALK,TEST NOT OFFERED,,30,CLEAR,DAYLIGHT,PEDALCYCLIST,T-INTERSECTION,STRAIGHT AND LEVEL,DRY,INJURY AND / OR TOW DUE TO CRASH,WESTERN AVE,41.8433172396,-87.6852088506,POINT (-87.685208850593 41.843317239638)
O1690545,BICYCLE,4804bae41bca94bccb83ac0b9782e919d23873b9ade82ef8f719e6d4ad0490bae2bfefb9668dae63bb79bed3d7585affbf52e8207ae76fdf3209b2d65d4a3c13,10/26/2023 03:00:00 PM,M,43.0,BICYCLE HELMET (PEDACYCLIST INVOLVED ONLY),AGAINST TRAFFIC,BIKE LANE,TEST NOT OFFERED,,30,RAIN,DAYLIGHT,PEDALCYCLIST,DIVIDED - W/MEDIAN (NOT RAISED),STRAIGHT AND LEVEL,WET,INJURY AND / OR TOW DUE TO CRASH,WESTERN AVE,41.8301304744,-87.6851760975,POINT (-87.685176097529 41.830130474359)
O1690220,BICYCLE,844de551ff17e76ae5f6d43f57a80e0a1b146f316a5a64d74d625f7f301ced7e089cfef850ebba5d23b80288600c18070314ec1126120010d8377ee8ba60b293,10/26/2023 02:25:00 PM,M,17.0,HELMET NOT USED,CROSSING - AGAINST SIGNAL,IN ROADWAY,TEST NOT OFFERED,,30,RAIN,DAYLIGHT,PEDALCYCLIST,NOT DIVIDED,STRAIGHT AND LEVEL,WET,NO INJURY / DRIVE AWAY,KOSTNER AVE,41.7932108504,-87.7328203373,POINT (-87.732820337256 41.793210850383)
O1689865,BICYCLE,637a388a80ee0aea35ed78fb470e166459b1b6ba1191778ac96881e120d4df1b79d0914dc0521f99d9efd14cbecd6427ecff8e78e895be5c8098c9f70cb93d07,10/26/2023 07:00:00 AM,M,26.0,HELMET NOT USED,CROSSING - WITH SIGNAL,BIKE LANE,TEST NOT OFFERED,,30,RAIN,DAYLIGHT,PEDALCYCLIST,NOT DIVIDED,STRAIGHT AND LEVEL,WET,INJURY AND / OR TOW DUE TO CRASH,WESTERN AVE,41.8846863716,-87.6866766609,POINT (-87.68667666091 41.884686371563)
O1689792,BICYCLE,c3d062f7789cabbcbafc1c36af1441f3eda8a48b3128d13de35ef43befcd116e8dedc83fd2cd085c9868370376f660f8a4d0f73d553b6f9785e92a20fea36cd7,10/25/2023 10:33:00 PM,M,24.0,HELMET NOT USED,WITH TRAFFIC,SHOULDER,TEST NOT OFFERED,,30,RAIN,DARKNESS,PEDALCYCLIST,"FIVE POINT, OR MORE",STRAIGHT AND LEVEL,WET,NO INJURY / DRIVE AWAY,MILWAUKEE AVE,41.9289885594,-87.7075003469,POINT (-87.70750034695 41.928988559427)
O1689747,BICYCLE,4f57ab195ccf21f2137edc9d04afa96a007fd2818e35b67094b4d2b4560a87e515d14e6a498f7584854a36b94f42bb6468f89b61de1b85a2b43846f8a660d3a3,10/25/2023 09:00:00 PM,M,,HELMET NOT USED,UNKNOWN/NA,IN ROADWAY,TEST NOT OFFERED,,30,CLOUDY/OVERCAST,"DARKNESS, LIGHTED ROAD",PEDALCYCLIST,DIVIDED - W/MEDIAN (NOT RAISED),STRAIGHT AND LEVEL,WET,NO INJURY / DRIVE AWAY,BLACKSTONE AVE,41.7659062534,-87.5887012329,POINT (-87.588701232876 41.765906253415)
O1698519,BICYCLE,8e91b1facc569bcab52efc6244aa6b19b92521c9f1875d8d0b0be3c5d9bb93c99bfc1f57e12256670a2d41c9606d88214d11865065f521f0d7a2bf705409da7d,10/25/2023 07:29:00 PM,M,34.0,BICYCLE HELMET (PEDACYCLIST INVOLVED ONLY),WITH TRAFFIC,BIKE LANE,TEST NOT OFFERED,,25,CLEAR,"DARKNESS, LIGHTED ROAD",PEDALCYCLIST,OTHER,STRAIGHT AND LEVEL,DRY,NO INJURY / DRIVE AWAY,PAULINA ST,41.872506272,-87.6689153031,POINT (-87.668915303062 41.872506271984)
O1689554,BICYCLE,4a00f6150b2e32a8e4e8bd7f368ca86b94180d00ceec7a0137ef5c6c90891f68eea0cbca13faa8ac49a562fd9b09f9dd635bdb43c7c0c66aa8807f17c72e5487,10/25/2023 03:48:00 PM,F,36.0,BICYCLE HELMET (PEDACYCLIST INVOLVED ONLY),NO ACTION,BIKE LANE,TEST NOT OFFERED,,30,CLEAR,DAYLIGHT,PEDALCYCLIST,FOUR WAY,STRAIGHT AND LEVEL,DRY,INJURY AND / OR TOW DUE TO CRASH,MILWAUKEE AVE,41.8978563615,-87.6581396399,POINT (-87.658139639912 41.89785636148)
O1689312,NON-MOTOR VEHICLE,7477398b54fc3c3ff4420c31196073b9085fe87b2e130d2cd98557c304d9f5ba899aa66541363448222c87bb0c75c6a8bad7453450f9d9a26b1a8dd2febfae68,10/25/2023 12:35:00 PM,,,,,,,,15,RAIN,DAYLIGHT,FIXED OBJECT,ONE-WAY,STRAIGHT AND LEVEL,WET,NO INJURY / DRIVE AWAY,OHARE ST,,,
O1689066,BICYCLE,7383cdbbfad96a6e574142634ffc1af89402730e3f6c0902bd2321c87abe4cf01bc8b9c061a50b1f3527dc8e0e3d3f1ff8db34728ab7a95a3e88c2af7eb82485,10/25/2023 07:13:00 AM,M,29.0,HELMET NOT USED,CROSSING - WITH SIGNAL,IN CROSSWALK,TEST NOT OFFERED,Y,30,RAIN,DARKNESS,PEDALCYCLIST,CENTER TURN LANE,STRAIGHT AND LEVEL,WET,INJURY AND / OR TOW DUE TO CRASH,WESTERN AVE,41.7864371748,-87.6839752465,POINT (-87.683975246481 41.786437174774)
O1688953,BICYCLE,d7184f34753dfca357502b68f9114f558acc099d2b10074b56c95874c428507acc6996ff5259950c133274bc9b776383000732cc840ed5b92422510e5ef01de3,10/24/2023 10:50:00 PM,,,HELMET NOT USED,AGAINST TRAFFIC,UNKNOWN/NA,,,15,CLEAR,"DARKNESS, LIGHTED ROAD",PARKED MOTOR VEHICLE,FOUR WAY,STRAIGHT AND LEVEL,DRY,INJURY AND / OR TOW DUE TO CRASH,NEWPORT AVE,41.9434388787,-87.7517390858,POINT (-87.751739085822 41.943438878722)
O1688865,BICYCLE,c78cd25def3c60cb776259901169b5bab96d7cb5f8d6be05a5c63c0598877e6b36f591583583c6e1097cb20f73c535cb94832a64c7522a2458b6626c458113fb,10/24/2023 07:16:00 PM,M,27.0,HELMET NOT USED,NO ACTION,BIKE LANE,TEST NOT OFFERED,,30,CLEAR,"DARKNESS, LIGHTED ROAD",PEDALCYCLIST,OTHER,STRAIGHT AND LEVEL,DRY,INJURY AND / OR TOW DUE TO CRASH,IRVING PARK RD,41.9538103828,-87.7079524703,POINT (-87.707952470268 41.953810382768)
O1688838,BICYCLE,f8e055cfae50f6ec2a9a4bcd6de587531069b1b0ddfc6b18de3921abdd804ba6db9da2cf1b563a989d46e038ac22eabae1af4fb639dfed41e460b0c76f6eaf3e,10/24/2023 07:05:00 PM,M,,HELMET NOT USED,NO ACTION,BIKE LANE,TEST NOT OFFERED,,30,CLEAR,"DARKNESS, LIGHTED ROAD",PEDALCYCLIST,DIVIDED - W/MEDIAN (NOT RAISED),STRAIGHT AND LEVEL,UNKNOWN,INJURY AND / OR TOW DUE TO CRASH,BROADWAY,41.972213557,-87.6596091001,POINT (-87.659609100107 41.972213556991)
O1688803,BICYCLE,fac27ca544e38c4df02d02e7328ae94bbe83bfcb7b15c4c6a10c4aca0e8f847b4445c624b9e709f471cef99e55fea7698a77fbc4f3987d5ce7f80fd307124217,10/24/2023 05:43:00 PM,M,22.0,BICYCLE HELMET (PEDACYCLIST INVOLVED ONLY),WITH TRAFFIC,BIKE LANE,TEST NOT OFFERED,,30,CLEAR,DUSK,PEDALCYCLIST,NOT DIVIDED,STRAIGHT AND LEVEL,DRY,INJURY AND / OR TOW DUE TO CRASH,LINCOLN AVE,41.9648709914,-87.6859329953,POINT (-87.685932995295 41.964870991382)
O1688769,BICYCLE,9db82be5eb3e8dfb17d800e5bfd3ffd21f3ea8c2c73006f0f5902001a0b3a7e740c5c6ac6f7d2bac9cf13f45f0acdaa16124996f502e7c01643425ba001e0d31,10/24/2023 05:36:00 PM,M,33.0,HELMET NOT USED,WITH TRAFFIC,IN ROADWAY,TEST NOT OFFERED,,30,CLEAR,DUSK,PEDALCYCLIST,NOT DIVIDED,STRAIGHT AND LEVEL,DRY,NO INJURY / DRIVE AWAY,BRYN MAWR AVE,41.9828695356,-87.7156911907,POINT (-87.715691190681 41.982869535646)
O1690201,BICYCLE,9ab0dc3df816132ee2c6527f48a165cef90472f7ec8980ad81a65566216364e7f9d986541d63fc5044393f48a91c9985de3d3ff74b77f6fe0326805bd02fea5d,10/24/2023 05:31:00 PM,M,48.0,HELMET NOT USED,WITH TRAFFIC,IN ROADWAY,TEST NOT OFFERED,,30,CLEAR,DAYLIGHT,PEDALCYCLIST,NOT DIVIDED,STRAIGHT AND LEVEL,DRY,NO INJURY / DRIVE AWAY,CENTRAL AVE,41.8857915254,-87.7652061683,POINT (-87.765206168337 41.88579152541)
O1690728,BICYCLE,e166801535f4a44c330c245d02893d72dd5143514c5f77dad970cc32a7ee87d5fd07a1712a11fff9d4648ae7720bebbdc0326e3511cdf04079e2b0417269679f,10/24/2023 01:00:00 PM,F,64.0,BICYCLE HELMET (PEDACYCLIST INVOLVED ONLY),CROSSING - WITH SIGNAL,IN CROSSWALK,TEST NOT OFFERED,,30,CLEAR,DAYLIGHT,PEDALCYCLIST,FOUR WAY,STRAIGHT AND LEVEL,DRY,NO INJURY / DRIVE AWAY,COLUMBUS DR,41.8782655778,-87.620822303,POINT (-87.620822302974 41.878265577833)
O1692135,BICYCLE,7b9678055b5d398700799b8723287597c13ee254c1cced9fe8c02ab57a19bd8ced4c75153e01c7d78753ee7d023f35496f26c8c823c495b493066ed454ed658a,10/24/2023 10:55:00 AM,M,39.0,HELMET NOT USED,CROSSING - NO CONTROLS (AT INTERSECTION),UNKNOWN/NA,TEST NOT OFFERED,,30,CLEAR,UNKNOWN,PEDALCYCLIST,FOUR WAY,STRAIGHT AND LEVEL,UNKNOWN,NO INJURY / DRIVE AWAY,GLENWOOD AVE,41.9963841455,-87.6651913625,POINT (-87.665191362545 41.996384145519)
O1688795,BICYCLE,2edc357f5727af363ee50dea09d5faa645eb5556ca29d101eca93b73e103a6cd67a545a7fc82bc93b60788ef9910007b72ebd1c6afd2f39db4e05593656ca537,10/24/2023 07:45:00 AM,M,,BICYCLE HELMET (PEDACYCLIST INVOLVED ONLY),WITH TRAFFIC,BIKE LANE,TEST NOT OFFERED,,30,CLEAR,DAYLIGHT,PEDALCYCLIST,ONE-WAY,STRAIGHT AND LEVEL,DRY,NO INJURY / DRIVE AWAY,WRIGHTWOOD AVE,41.9283597855,-87.7174670275,POINT (-87.717467027464 41.928359785489)
O1689522,BICYCLE,fafe361583d22b3e05be153111853ac909e52c5679b3528a85116c639dd2d5586cd6356d79a4c7438a0138bf72ce7f0fb7e969c99b7c8162f06372cf1fa2ce4c,10/24/2023 07:45:00 AM,M,,HELMET NOT USED,WITH TRAFFIC,BIKE LANE,TEST NOT OFFERED,,30,CLEAR,DAWN,PEDALCYCLIST,NOT DIVIDED,STRAIGHT AND LEVEL,DRY,INJURY AND / OR TOW DUE TO CRASH,GRAND AVE,41.9207016918,-87.7769950855,POINT (-87.776995085503 41.920701691782)
O1688160,BICYCLE,4b48eb0595ee6bde192fe1040379284081e96b3a811c0cf1ffb8c41aac24a8fc594b356bb4ab977f4a9cdfdfd438021ac1cc7940650f23845de1d96ca4733506,10/23/2023 08:40:00 PM,F,50.0,HELMET NOT USED,WITH TRAFFIC,BIKE LANE,TEST NOT OFFERED,,30,CLEAR,"DARKNESS, LIGHTED ROAD",PEDALCYCLIST,DIVIDED - W/MEDIAN (NOT RAISED),STRAIGHT AND LEVEL,DRY,INJURY AND / OR TOW DUE TO CRASH,MADISON ST,41.8816818838,-87.646206131,POINT (-87.64620613102 41.881681883804)
O1692436,BICYCLE,8060171a59c6cd7a7506c65f3535c70f5e57f481ec265543f7a28f63cd0d7c5cfe578eb4d42555dd720eb40522ca6a3064fc3a9e3d233d7fa60ea0f4417e1c66,10/23/2023 07:54:00 PM,M,59.0,HELMET NOT USED,UNKNOWN/NA,BIKE LANE,TEST NOT OFFERED,,30,CLEAR,"DARKNESS, LIGHTED ROAD",PEDALCYCLIST,NOT DIVIDED,STRAIGHT AND LEVEL,DRY,INJURY AND / OR TOW DUE TO CRASH,DAMEN AVE,41.9752109653,-87.6792314606,POINT (-87.679231460626 41.975210965273)
O1688139,BICYCLE,3d0deeac1b94aa59ee2cca3c96eb77e38ef21123da99a0b5b86a9e846cd6a1a7c6addf00455e5f4aa5e2d26b1b56bec6eacd5e31b780167d3faa0709ab0fd0ac,10/23/2023 05:27:00 PM,M,64.0,HELMET NOT USED,WITH TRAFFIC,IN ROADWAY,TEST NOT OFFERED,,30,CLEAR,DUSK,PEDALCYCLIST,NOT DIVIDED,STRAIGHT AND LEVEL,DRY,INJURY AND / OR TOW DUE TO CRASH,CICERO AVE,41.9034154507,-87.7458366603,POINT (-87.745836660299 41.903415450692)
O1688105,BICYCLE,6f7dba3a9c0f46c63670ec0cf4f8fa59b84ea4e2d01a682448b3b41509437bffe18e0d479be78e5a28aa36e688888d5b6648415f6c658ad7fbe2bcc7fc75c5d3,10/23/2023 05:20:00 PM,M,,HELMET NOT USED,OTHER ACTION,IN ROADWAY,TEST NOT OFFERED,,30,UNKNOWN,DUSK,PEDALCYCLIST,NOT DIVIDED,STRAIGHT AND LEVEL,UNKNOWN,INJURY AND / OR TOW DUE TO CRASH,CICERO AVE,41.905032967,-87.7461717861,POINT (-87.746171786063 41.905032966964)
O1687936,BICYCLE,a945ec3e1097d21b8a0153fe30b600abcd89e48474e830c3f0de05beb25baba6863a34e8376049e72e7a0c88d1083bcf8b50c60c9b3c863596f7cb1b00d08d84,10/23/2023 04:25:00 PM,M,,BICYCLE HELMET (PEDACYCLIST INVOLVED ONLY),CROSSING - NO CONTROLS (AT INTERSECTION),IN CROSSWALK,TEST NOT OFFERED,,30,CLEAR,DAYLIGHT,PEDALCYCLIST,FOUR WAY,STRAIGHT AND LEVEL,DRY,INJURY AND / OR TOW DUE TO CRASH,63RD ST,41.7776737523,-87.7885344984,POINT (-87.788534498359 41.777673752266)
O1687972,BICYCLE,4ccdcdff15b57507d465cc3a1b5a304488565e559fd334e1794e052ff0f7fc5a48560ca5d9b03743ab09f34bd8ab5f94c66e4f0a63cc9344d0dd99b990cd22de,10/23/2023 04:15:00 PM,M,79.0,HELMET NOT USED,UNKNOWN/NA,UNKNOWN/NA,TEST NOT OFFERED,,30,CLEAR,DAYLIGHT,PEDALCYCLIST,NOT DIVIDED,STRAIGHT AND LEVEL,DRY,NO INJURY / DRIVE AWAY,FOSTER AVE,41.9757695493,-87.7830007574,POINT (-87.783000757441 41.975769549282)
O1687914,BICYCLE,36207d8d182cb6277366077ef7fb6ebfc749347f076dacebc6aef18c7013be3d7d5e2fa84da62e5a976632ae7b872be51530cd162c47e0083956c98d457ef083,10/23/2023 03:45:00 PM,,,HELMET NOT USED,UNKNOWN/NA,IN ROADWAY,TEST NOT OFFERED,,30,CLEAR,DAYLIGHT,PEDALCYCLIST,NOT DIVIDED,STRAIGHT AND LEVEL,DRY,NO INJURY / DRIVE AWAY,AUGUSTA BLVD,41.8992091767,-87.7173202023,POINT (-87.717320202298 41.899209176729)
O1687956,BICYCLE,66ccb5a7fefad763a37e3945bca9f0d28ba0ff9c8d797d71e98f7f58173a63f6419090b326b1a3e7bdf1c5217b9b247cf521d04a5323092d3f13374e36c3a723,10/23/2023 03:24:00 PM,M,30.0,HELMET NOT USED,AGAINST TRAFFIC,BIKE LANE,TEST NOT OFFERED,,30,CLEAR,DAYLIGHT,PEDALCYCLIST,CENTER TURN LANE,STRAIGHT AND LEVEL,DRY,INJURY AND / OR TOW DUE TO CRASH,DAMEN AVE,41.9297207035,-87.6784495822,POINT (-87.678449582181 41.929720703454)
O1687772,BICYCLE,b09bf9f1d72430a5bfe7f42ba13d8f02d365880723fe63ef5a007ab734c01334a7c0ff2b9ddf03768894a6ba2583e9828ae1e427d8e7edfe30807756f2e2bfda,10/23/2023 12:20:00 PM,M,75.0,BICYCLE HELMET (PEDACYCLIST INVOLVED ONLY),CROSSING - NO CONTROLS (NOT AT INTERSECTION),IN CROSSWALK,TEST NOT OFFERED,,15,CLEAR,DAYLIGHT,PEDALCYCLIST,ALLEY,STRAIGHT AND LEVEL,DRY,INJURY AND / OR TOW DUE TO CRASH,47TH ST,41.8086257716,-87.6740388792,POINT (-87.674038879222 41.808625771648)
O1687849,BICYCLE,526da6a107894ed849ee652e84a7679f8bcd2695cd58822b58cef5b304f2de92a0bd4881dd51cc99e7196c88d7855d6409798cec5f2fc37c35cf1816233a947b,10/23/2023 11:50:00 AM,M,29.0,BICYCLE HELMET (PEDACYCLIST INVOLVED ONLY),WITH TRAFFIC,BIKEWAY,TEST NOT OFFERED,,25,CLEAR,DAYLIGHT,PEDALCYCLIST,NOT DIVIDED,STRAIGHT AND LEVEL,DRY,NO INJURY / DRIVE AWAY,CLARK ST,41.9051930912,-87.6316340947,POINT (-87.631634094654 41.905193091239)
O1687614,BICYCLE,62dc834935e3e15d399d38ed12be3f40a23f6db24a5f72bb855c0fb853016eddd8a89370817f39bad38a4c4000a1cbb0c92d0631ef9e49fd81bc88e6ad7429f6,10/23/2023 08:24:00 AM,M,76.0,BICYCLE HELMET (PEDACYCLIST INVOLVED ONLY),NO ACTION,IN ROADWAY,TEST NOT OFFERED,,30,CLEAR,DAYLIGHT,PEDALCYCLIST,NOT DIVIDED,STRAIGHT AND LEVEL,DRY,INJURY AND / OR TOW DUE TO CRASH,FRANCISCO AVE,41.8241729859,-87.6972414236,POINT (-87.69724142361 41.824172985883)
O1687530,NON-MOTOR VEHICLE,c8599c059c8b395d7ba7429a9ba428a1a076da6e54b500aaa54ab7f523c56f8219e8e39d93d035e70f68d3bc20905501f937add18d16d82de7198a9bced7f17d,10/23/2023 06:50:00 AM,,,NONE PRESENT,,,TEST NOT OFFERED,,30,CLEAR,DAWN,FIXED OBJECT,NOT DIVIDED,STRAIGHT AND LEVEL,DRY,NO INJURY / DRIVE AWAY,LAWRENCE AVE,41.9679057629,-87.7487352652,POINT (-87.748735265162 41.967905762853)
O1687456,BICYCLE,5e89a90016e58d9ef9c9a29b713bb19b521ee6c88082dcc21e7c3d484bf29e59b5170516977fd59d07227bdd702d4b333c9d5c1be9f9a99fa8b4d4e5837e14a0,10/22/2023 11:18:00 PM,M,8.0,HELMET NOT USED,WITH TRAFFIC,IN ROADWAY,TEST NOT OFFERED,,25,CLEAR,"DARKNESS, LIGHTED ROAD",PEDALCYCLIST,DIVIDED - W/MEDIAN (NOT RAISED),STRAIGHT AND LEVEL,DRY,INJURY AND / OR TOW DUE TO CRASH,MILWAUKEE AVE,41.9112576353,-87.678600584,POINT (-87.678600583999 41.911257635269)
O1687473,BICYCLE,8f02337ee398e6a75c23b21b1992ecaee32a8f5305442ec72e318d7ebfd6bc2fe9c68b6dea38c1d0b2c67bc94bf8b5502c3ae00e5cd3dafefa3a7fe60ce199d7,10/22/2023 07:12:00 PM,M,27.0,HELMET NOT USED,OTHER ACTION,IN ROADWAY,TEST NOT OFFERED,,30,UNKNOWN,"DARKNESS, LIGHTED ROAD",PEDALCYCLIST,NOT DIVIDED,STRAIGHT AND LEVEL,UNKNOWN,INJURY AND / OR TOW DUE TO CRASH,MARQUETTE RD,41.7730814018,-87.6153098746,POINT (-87.615309874636 41.773081401767)
O1687374,BICYCLE,3b78c43f8efb4d646e92207694112d0f5a0ba04e4e7e642bea127e0b49a0c1577624094a7109da834cbf5602a7b24c9395b55a722731de1b4e21e68e6b9867d5,10/22/2023 07:10:00 PM,M,,HELMET NOT USED,NOT AT INTERSECTION,IN ROADWAY,TEST NOT OFFERED,,30,CLEAR,DARKNESS,PEDALCYCLIST,NOT DIVIDED,STRAIGHT AND LEVEL,DRY,INJURY AND / OR TOW DUE TO CRASH,MARQUETTE RD,41.7728589081,-87.6155291502,POINT (-87.615529150239 41.772858908112)
O1687352,BICYCLE,17f86f9da4f740c0eac5d4c5e883174582680d5462f8054528b76e2864b0239c32f72b7bcaccb332f966a16fb3081178f34bf4705e9237959ef047eecb19705b,10/22/2023 04:40:00 PM,F,34.0,BICYCLE HELMET (PEDACYCLIST INVOLVED ONLY),STANDING IN ROADWAY,IN ROADWAY,,,30,CLEAR,DAWN,PEDALCYCLIST,FOUR WAY,STRAIGHT AND LEVEL,DRY,INJURY AND / OR TOW DUE TO CRASH,KINZIE ST,41.8889382585,-87.6399870217,POINT (-87.639987021709 41.888938258468)
O1687335,BICYCLE,59ca91c0bae9ec0f3a532a07d9f5cbbd2efc84d4d15c134e36484cb4c8b9ddf7892000c837355723a84f4cd3df4941987a26d7507aaff68574ef609048a5f016,10/22/2023 04:30:00 PM,M,58.0,HELMET NOT USED,NO ACTION,NOT IN ROADWAY,TEST NOT OFFERED,,35,CLOUDY/OVERCAST,DAYLIGHT,ANGLE,T-INTERSECTION,STRAIGHT AND LEVEL,DRY,INJURY AND / OR TOW DUE TO CRASH,87TH ST,41.7368615923,-87.5974451031,POINT (-87.597445103106 41.736861592332)
O1687197,BICYCLE,2ced04f826d5c60684f7dda9087a3f69ed64536ac47618f7b7f558df16442954bf1e272d4a1cda397a00a18b4f3f6febc47ec0b61adcf2858d7acf0517933159,10/22/2023 03:15:00 PM,M,67.0,HELMET NOT USED,CROSSING - WITH SIGNAL,IN CROSSWALK,TEST NOT OFFERED,,30,CLEAR,DAYLIGHT,PEDALCYCLIST,FOUR WAY,STRAIGHT AND LEVEL,DRY,INJURY AND / OR TOW DUE TO CRASH,ORCHARD ST,41.9327116021,-87.6464324195,POINT (-87.646432419521 41.932711602066)
O1687587,BICYCLE,370a6d2ca48795f44ea0e754c6daf2c37e6d06c76d8e727e210e03af146bdd62b83b91f3ac157eaa9743ac648833eb2b71a5d579c995eda8f2866c33943e3719,10/22/2023 03:00:00 PM,M,,HELMET NOT USED,UNKNOWN/NA,IN ROADWAY,TEST NOT OFFERED,,35,UNKNOWN,UNKNOWN,PEDALCYCLIST,UNKNOWN,STRAIGHT AND LEVEL,UNKNOWN,NO INJURY / DRIVE AWAY,61ST ST,41.7829130604,-87.6906626133,POINT (-87.690662613311 41.782913060396)
O1687188,BICYCLE,db86978e749f8125548c3c9c89bb181fa65d67828636328518e475c724f86975b6168f04d1e5dbef042efa11673313dcb6ec7de86ada9a0c76cb65921ee9b631,10/22/2023 02:48:00 PM,M,28.0,HELMET NOT USED,CROSSING - NO CONTROLS (NOT AT INTERSECTION),IN ROADWAY,TEST NOT OFFERED,,30,CLEAR,DAYLIGHT,PEDALCYCLIST,DIVIDED - W/MEDIAN (NOT RAISED),STRAIGHT AND LEVEL,DRY,NO INJURY / DRIVE AWAY,COLUMBUS DR,41.8703089969,-87.620382687,POINT (-87.620382686973 41.870308996885)
O1686884,BICYCLE,a4eeb751bbc16c50c95842487249fd3fa5d6552eb2c4ae074bdb148c48699e3bbea0b3fe4544ff6a5a391312e1c8569db51f2069efa5f97a1ea215d288ff7083,10/22/2023 04:00:00 AM,M,18.0,HELMET NOT USED,OTHER ACTION,BIKE LANE,TEST NOT OFFERED,,30,CLEAR,"DARKNESS, LIGHTED ROAD",PEDALCYCLIST,NOT DIVIDED,STRAIGHT AND LEVEL,DRY,NO INJURY / DRIVE AWAY,WABASH AVE,41.8582978388,-87.6254740147,POINT (-87.625474014714 41.858297838757)
O1691605,BICYCLE,8978104e48853876a1e5412711357c1ba6a3f9910856d2981dcf91bb23e769ecdd6716cf471236910c4c36c47c72bcd746ae99eb17c101a130cf8f0c514b1e72,10/21/2023 06:48:00 PM,M,52.0,HELMET NOT USED,CROSSING - WITH SIGNAL,UNKNOWN/NA,TEST NOT OFFERED,N,30,UNKNOWN,UNKNOWN,PEDALCYCLIST,FOUR WAY,STRAIGHT AND LEVEL,UNKNOWN,INJURY AND / OR TOW DUE TO CRASH,CICERO AVE,41.8730948325,-87.7451438688,POINT (-87.745143868845 41.873094832519)
O1688562,BICYCLE,78b76a04345f04fcccf1b1bbabe7acd78104ee76773cad0ec7dece041a2f9fada397163c2dfceefbb406152d1350b50e9dc2b7388ecf369f9e2d000a334697f0,10/21/2023 06:44:00 PM,M,51.0,HELMET NOT USED,TURNING LEFT,IN ROADWAY,TEST NOT OFFERED,,30,CLEAR,"DARKNESS, LIGHTED ROAD",PEDALCYCLIST,NOT DIVIDED,STRAIGHT AND LEVEL,DRY,INJURY AND / OR TOW DUE TO CRASH,ARMITAGE AVE,41.9170228745,-87.7475929667,POINT (-87.747592966708 41.917022874512)