PERSON_ID,PERSON_TYPE,CRASH_RECORD_ID,CRASH_DATE_x,SEX,AGE,SAFETY_EQUIPMENT,PEDPEDAL_ACTION,PEDPEDAL_LOCATION,BAC_RESULT,CRASH_DATE_EST_I,POSTED_SPEED_LIMIT,WEATHER_CONDITION,LIGHTING_CONDITION,FIRST_CRASH_TYPE,TRAFFICWAY_TYPE,ALIGNMENT,ROADWAY_SURFACE_COND,CRASH_TYPE,STREET_NAME,LATITUDE,LONGITUDE,LOCATION
O1686562,BICYCLE,a72704ed13b4b7d619b5ba30c48d8ea78875eb0730adba24f2274e73ce6172586d8a5264f5476fab70dc1016b66b4881890e647a9dc658cfdc8ee8541d657522,10/21/2023 04:00:00 PM,M,78.0,HELMET NOT USED,WITH TRAFFIC,IN ROADWAY,TEST NOT OFFERED,,30,CLEAR,DAYLIGHT,PEDALCYCLIST,ONE-WAY,STRAIGHT AND LEVEL,DRY,NO INJURY / DRIVE AWAY,OAKLEY AVE,42.0176344452,-87.6876031683,POINT (-87.687603168317 42.017634445168)
O1686481,BICYCLE,3efc61a368178673abcc05db2ad73f8033f9b79323ecaea09878e66182febbe23a8886a6b3a7a740b70f20c532307f4a3150f432fc77f16f14ee60d01f4249e1,10/21/2023 01:05:00 PM,M,48.0,BICYCLE HELMET (PEDACYCLIST INVOLVED ONLY),CROSSING - AGAINST SIGNAL,IN ROADWAY,TEST NOT OFFERED,,30,CLEAR,DAYLIGHT,PEDALCYCLIST,NOT DIVIDED,STRAIGHT AND LEVEL,DRY,NO INJURY / DRIVE AWAY,ARCHER AVE,41.8293085143,-87.6796437209,POINT (-87.679643720889 41.829308514316)
O1686080,BICYCLE,f529cc6753cdf408a8b0b4b78c1cfd5678b7d9d5972ae9a7389ea20bda9f6761a88535fdc09362ab88b9a7cf82684d5513c4ad6e564717b51672079915933ff1,10/20/2023 06:19:00 PM,M,14.0,HELMET NOT USED,WITH TRAFFIC,IN ROADWAY,TEST NOT OFFERED,,30,CLEAR,"DARKNESS, LIGHTED ROAD",PEDALCYCLIST,NOT DIVIDED,STRAIGHT AND LEVEL,DRY,INJURY AND / OR TOW DUE TO CRASH,ADDISON ST,41.9468512295,-87.6711462638,POINT (-87.671146263787 41.946851229464)
O1685937,BICYCLE,9a57fb453e0c24e7ef380f2323286dbb8caf7b0977b50ae395e0f3266122448e0efe40cc7c8265f97fa265ccde35bb63b70bfba672d90c0d8a77205e6c8ab740,10/20/2023 04:20:00 PM,M,18.0,HELMET NOT USED,WITH TRAFFIC,BIKEWAY,TEST NOT OFFERED,,30,CLEAR,DAYLIGHT,PEDALCYCLIST,NOT DIVIDED,STRAIGHT AND LEVEL,DRY,INJURY AND / OR TOW DUE TO CRASH,TAYLOR ST,41.8691702426,-87.6653844664,POINT (-87.665384466355 41.86917024255)
O1685878,BICYCLE,a15d481deabae1d028e8aae0d9d6dc715c71e87171bbcf4475c161b81c12755907d7818337a34439c2b246a0c71cf494f6afd09df5d025b9bb2f4a42260daaf4,10/20/2023 03:21:00 PM,M,58.0,BICYCLE HELMET (PEDACYCLIST INVOLVED ONLY),WITH TRAFFIC,IN ROADWAY,TEST NOT OFFERED,,25,CLEAR,DAYLIGHT,PEDALCYCLIST,FOUR WAY,STRAIGHT AND LEVEL,DRY,INJURY AND / OR TOW DUE TO CRASH,BRYN MAWR AVE,41.9834343576,-87.6747551902,POINT (-87.674755190175 41.983434357551)
O1685798,BICYCLE,00122d43532a49fc8e69cf1bbe64f8d82e98c2e5f470abe885df96db59b88686de15f4c1381756017064fff0eea3dcda2894c0a0f39d606dc029efbe24f8ab15,10/20/2023 02:00:00 PM,M,32.0,HELMET NOT USED,NO ACTION,IN ROADWAY,TEST NOT OFFERED,N,30,CLEAR,DAYLIGHT,PEDALCYCLIST,NOT DIVIDED,STRAIGHT AND LEVEL,DRY,INJURY AND / OR TOW DUE TO CRASH,SHERIDAN RD,41.9591612919,-87.6548240727,POINT (-87.654824072723 41.959161291922)
O1685749,BICYCLE,2277c6bc839d34fd98ed942ab10a64385e6e643a8f66dece94b002f38d0d5efaa91b4e7a74094759f9bd86b94704d672d99c46bc38188b9f7bd1ad253944fad9,10/20/2023 01:15:00 PM,M,22.0,BICYCLE HELMET (PEDACYCLIST INVOLVED ONLY),AGAINST TRAFFIC,BIKE LANE,TEST NOT OFFERED,,30,CLEAR,DAYLIGHT,PEDALCYCLIST,ONE-WAY,STRAIGHT AND LEVEL,DRY,NO INJURY / DRIVE AWAY,SUPERIOR ST,41.8957033633,-87.6342531195,POINT (-87.634253119451 41.895703363332)
O1685772,BICYCLE,ed6e41d3d83ecc63fcd13ee88b94ad8624408be2a174566bb1a9c71074264c93c7953fa2728b154983842a2965b7b1a52f88067f1a0c2d01741c2c372129e6bc,10/20/2023 12:56:00 PM,M,33.0,BICYCLE HELMET (PEDACYCLIST INVOLVED ONLY),CROSSING - AGAINST SIGNAL,IN ROADWAY,TEST NOT OFFERED,,30,CLEAR,DAYLIGHT,PEDALCYCLIST,FOUR WAY,STRAIGHT AND LEVEL,DRY,INJURY AND / OR TOW DUE TO CRASH,KEDZIE AVE,41.9292278191,-87.7075092003,POINT (-87.707509200348 41.929227819141)
O1685569,BICYCLE,1c8ac2e9fbf90175545282dbee40e4844a535e98951c1d129c6454be66315c98d4de56e20afac25f9b389990d5f0e62284712c9fffcd3f5cba82774c8b803804,10/20/2023 08:00:00 AM,M,43.0,BICYCLE HELMET (PEDACYCLIST INVOLVED ONLY),AGAINST TRAFFIC,IN ROADWAY,TEST NOT OFFERED,,30,CLOUDY/OVERCAST,DAYLIGHT,PEDALCYCLIST,NOT DIVIDED,STRAIGHT AND LEVEL,DRY,INJURY AND / OR TOW DUE TO CRASH,BARRY AVE,41.9366007052,-87.7859357639,POINT (-87.785935763914 41.936600705191)
O1685459,BICYCLE,d6f6af6cd186e14e7ae8d08660e68c1543338e48914c60c9c312054912d0b64f0e82b7f54b973126a9ea7c01b69d569d79832806d91b9379bf1e6d5547f7feb7,10/19/2023 11:30:00 PM,,78.0,HELMET NOT USED,NO ACTION,IN CROSSWALK,TEST NOT OFFERED,,25,RAIN,"DARKNESS, LIGHTED ROAD",PEDALCYCLIST,ONE-WAY,STRAIGHT AND LEVEL,WET,INJURY AND / OR TOW DUE TO CRASH,LAFAYETTE AVE,41.7361651101,-87.625587569,POINT (-87.625587568999 41.736165110086)
O1690363,BICYCLE,88337ac43a7b9bc96ddfeee8676415d52c4547837cf7d84fee218c970319b9ae47c246c3d48c5a3b1f95298543f5dada8e344e99a8c6181f0c29d910bb3af01e,10/19/2023 09:30:00 PM,F,41.0,BICYCLE HELMET (PEDACYCLIST INVOLVED ONLY),WITH TRAFFIC,BIKE LANE,TEST NOT OFFERED,,30,CLEAR,"DARKNESS, LIGHTED ROAD",PEDALCYCLIST,DIVIDED - W/MEDIAN (NOT RAISED),STRAIGHT AND LEVEL,DRY,NO INJURY / DRIVE AWAY,HUBBARD ST,41.8899564972,-87.6696132174,POINT (-87.66961321738 41.889956497224)
O1685347,BICYCLE,49e3d02a138faa0eee9a9f56240567ec6ca09cf15a105271b45b374c6c268e6ddf8a8e36b6a200ee168364bfde6b0233e47b94ffad6af8095902f19d536d07b8,10/19/2023 06:45:00 PM,F,48.0,HELMET NOT USED,CROSSING - NO CONTROLS (NOT AT INTERSECTION),IN ROADWAY,TEST NOT OFFERED,,30,RAIN,"DARKNESS, LIGHTED ROAD",PEDALCYCLIST,PARKING LOT,STRAIGHT AND LEVEL,WET,INJURY AND / OR TOW DUE TO CRASH,111TH ST,41.69166843,-87.6810440617,POINT (-87.681044061653 41.691668430032)
O1685393,NON-MOTOR VEHICLE,05eb7585f8b4de4a676886781c24f50e910c0c988ac2c4c4984f31314c6480b9cbbdf622e8acce394599f8aa448092c43cde18099a90855c6f2bb12c39bd46aa,10/19/2023 04:39:00 PM,M,25.0,NONE PRESENT,,IN ROADWAY,TEST NOT OFFERED,,35,RAIN,DAYLIGHT,OTHER OBJECT,ONE-WAY,STRAIGHT AND LEVEL,WET,INJURY AND / OR TOW DUE TO CRASH,DEARBORN ST,41.8964117391,-87.6299177729,POINT (-87.629917772851 41.896411739144)
O1684684,BICYCLE,215d069ae7643b641d7c84f3adbcb0356a72b92edd9a78af9e7d39bdf7720ab8cee0e12ddd04147f19a6246398dd4443334cafe9220c33c6704c7cf6c5671f20,10/18/2023 08:15:00 PM,M,46.0,HELMET NOT USED,OTHER ACTION,BIKE LANE,TEST NOT OFFERED,,30,CLOUDY/OVERCAST,"DARKNESS, LIGHTED ROAD",PARKED MOTOR VEHICLE,NOT DIVIDED,STRAIGHT AND LEVEL,DRY,INJURY AND / OR TOW DUE TO CRASH,MILWAUKEE AVE,41.9325787498,-87.7129279112,POINT (-87.712927911241 41.932578749794)
O1684583,BICYCLE,a1f3ea4f03571ee99e734101fdbf754d4b0b15b9d7bcb5f826518443f2794638ad5728fd2cbcd006fd1a3d36dfd531bde64c72c429ad68219b970beb8655d57c,10/18/2023 05:20:00 PM,M,30.0,BICYCLE HELMET (PEDACYCLIST INVOLVED ONLY),CROSSING - WITH SIGNAL,IN ROADWAY,TEST NOT OFFERED,,30,CLEAR,DUSK,PEDALCYCLIST,NOT DIVIDED,STRAIGHT AND LEVEL,DRY,NO INJURY / DRIVE AWAY,DELAWARE PL,41.8990544378,-87.6269164259,POINT (-87.626916425865 41.899054437793)
O1684621,BICYCLE,8588a131d77f50c2244a7e68fa6c27b48982e8f48b880db33f5d31f033bb4cef554f1be9a91f318bc50b7f2e02824f678cf96f9d82231822bc786256f5011989,10/18/2023 05:09:00 PM,M,58.0,HELMET NOT USED,WITH TRAFFIC,UNKNOWN/NA,TEST NOT OFFERED,,30,CLEAR,DAYLIGHT,PEDALCYCLIST,NOT DIVIDED,STRAIGHT AND LEVEL,DRY,INJURY AND / OR TOW DUE TO CRASH,LAWRENCE AVE,41.9679160536,-87.7650803435,POINT (-87.765080343489 41.967916053553)
O1684492,BICYCLE,39f39eb7f2639f6fe14aad9578ce192d77006cbb7e7fcc9605d027bfd4f1a75f34e64e7881665cb8b30706abe101cd1fb839e113a04e1af53c2cf6a3d862efe2,10/18/2023 04:20:00 PM,M,53.0,HELMET NOT USED,OTHER ACTION,IN ROADWAY,TEST NOT OFFERED,,30,CLEAR,DAYLIGHT,PEDALCYCLIST,DIVIDED - W/MEDIAN (NOT RAISED),STRAIGHT AND LEVEL,DRY,INJURY AND / OR TOW DUE TO CRASH,CICERO AVE,41.9225801411,-87.7461114803,POINT (-87.746111480255 41.922580141147)
O1684587,BICYCLE,11b4a1996468ccaff630fbe1bd2a6573dbdec7015d5e603784b913517d7d599ff9235002dd1f40d49833a7ca3b22466b663f1306da3aaff767f44eff002683d9,10/18/2023 03:26:00 PM,M,20.0,HELMET NOT USED,UNKNOWN/NA,NOT IN ROADWAY,TEST NOT OFFERED,,30,CLEAR,DAYLIGHT,PEDALCYCLIST,PARKING LOT,STRAIGHT AND LEVEL,DRY,INJURY AND / OR TOW DUE TO CRASH,DAMEN AVE,41.8102454013,-87.674529722,POINT (-87.674529721966 41.810245401267)
O1692212,BICYCLE,03179013f58641c4c1d66235353930e336a02f416d6d96ef44af91bb702936869100717adaf37d6bdbf4ddbd35c9b51dcadf6ec5dcbbde2083f194bf6fe75dc9,10/18/2023 02:00:00 PM,F,25.0,HELMET NOT USED,AGAINST TRAFFIC,BIKE LANE,TEST NOT OFFERED,,30,CLEAR,DAYLIGHT,PEDALCYCLIST,OTHER,STRAIGHT AND LEVEL,DRY,INJURY AND / OR TOW DUE TO CRASH,ROOSEVELT RD,41.8671262103,-87.6554304773,POINT (-87.655430477256 41.867126210261)
O1684227,BICYCLE,1d41dbe3333be34259a754b3b13d357e6b06a2e706810b02bc58c660b7cc91e509e63be8b829046cff9d6b0bc47c2cc996cc0159dceedaf51aa1275c9d8495cd,10/18/2023 11:21:00 AM,M,,HELMET NOT USED,AGAINST TRAFFIC,IN ROADWAY,TEST NOT OFFERED,,30,CLEAR,DAYLIGHT,PEDALCYCLIST,NOT DIVIDED,STRAIGHT AND LEVEL,DRY,NO INJURY / DRIVE AWAY,26TH ST,41.844294863,-87.7131403564,POINT (-87.713140356398 41.844294862974)
O1684169,BICYCLE,b5d8c7c758bd376eff6bc4563e158acf60d0797964ba0ab45b1808831ec0fc6d572057206bfe6c427d0c684b90c9ecc62834dd6ec8e5199bb56f60c8bf368002,10/18/2023 09:40:00 AM,M,27.0,HELMET NOT USED,TURNING LEFT,IN ROADWAY,TEST NOT OFFERED,,30,CLEAR,DAYLIGHT,PEDALCYCLIST,NOT DIVIDED,STRAIGHT AND LEVEL,DRY,INJURY AND / OR TOW DUE TO CRASH,87TH ST,41.7361206998,-87.631071744,POINT (-87.631071744024 41.736120699778)
O1684122,NON-MOTOR VEHICLE,7816c1289fa737aa9ad697360b4353fce877414259cd26c26ca41912816c65eb24b822da348bc91acb148d23ff944c8b004a33c478b250339d63fd33a408bf87,10/18/2023 08:10:00 AM,M,54.0,NONE PRESENT,NO ACTION,IN ROADWAY,TEST NOT OFFERED,,20,CLEAR,DAYLIGHT,OTHER OBJECT,ONE-WAY,STRAIGHT AND LEVEL,DRY,NO INJURY / DRIVE AWAY,THROOP ST,41.900858603,-87.6600336371,POINT (-87.660033637117 41.900858603016)
O1684089,BICYCLE,1c909e93a5f84d426bdace06251891c02709ec9a8df6e4393cb00c783b60d4a59be6e4b9c83d26bb3a09e0eea73596ea8bcc6dfd083aae7e88b017b10e080aa2,10/18/2023 07:58:00 AM,F,22.0,HELMET NOT USED,ENTER FROM DRIVE/ALLEY,DRIVEWAY ACCESS,TEST NOT OFFERED,,30,CLEAR,DAYLIGHT,PEDALCYCLIST,PARKING LOT,STRAIGHT AND LEVEL,DRY,INJURY AND / OR TOW DUE TO CRASH,PULASKI RD,41.9061278752,-87.7265540309,POINT (-87.726554030886 41.906127875249)
O1684128,BICYCLE,02c8a8ffeac496b0f0ca521eb3234393d25dcdcf1894690fb6f47cf0efb1533ab91f0832f1a28024aef7882b4fba25df5f65a1ebfdb53484b16fa0fe552e9560,10/18/2023 07:45:00 AM,M,40.0,BICYCLE HELMET (PEDACYCLIST INVOLVED ONLY),WITH TRAFFIC,BIKEWAY,TEST NOT OFFERED,,30,CLEAR,DAYLIGHT,PEDALCYCLIST,NOT DIVIDED,STRAIGHT AND LEVEL,DRY,INJURY AND / OR TOW DUE TO CRASH,ELSTON AVE,41.9114042177,-87.6624987427,POINT (-87.662498742697 41.911404217685)
O1684988,BICYCLE,3689104e4250b81ce574f37e94b35d1acaa1bfc0853be27360e6592100507e49fbee97eaba284c83d30ed3dab20bed70de3c5a76c4a06388f4f6190fce214ba9,10/17/2023 10:00:00 PM,M,0.0,HELMET NOT USED,CROSSING - WITH SIGNAL,IN CROSSWALK,TEST NOT OFFERED,,30,UNKNOWN,UNKNOWN,PEDALCYCLIST,NOT DIVIDED,STRAIGHT AND LEVEL,UNKNOWN,NO INJURY / DRIVE AWAY,WESTERN AVE,41.9644328741,-87.6889225822,POINT (-87.688922582188 41.964432874075)
O1683946,BICYCLE,6291f29a8f61cff0c70be8117d68f14cf18a21ffbed16082352adffb7cc96f1541c2adea2c097189a9008fb56a01054a2351667349f776fce52ff8f4f97848a6,10/17/2023 09:18:00 PM,M,51.0,HELMET NOT USED,AGAINST TRAFFIC,UNKNOWN/NA,TEST NOT OFFERED,,30,CLEAR,"DARKNESS, LIGHTED ROAD",PEDALCYCLIST,DIVIDED - W/MEDIAN (NOT RAISED),STRAIGHT AND LEVEL,DRY,INJURY AND / OR TOW DUE TO CRASH,WESTERN AVE,41.9647843878,-87.6886410242,POINT (-87.688641024184 41.96478438778)
O1683827,BICYCLE,ab6d3705884a8135b79ded7fc28d3a8f0c0451ecc30df593b10976669d1b76bc0d288d0be267d98df6947ba017554917a07d369b9fe575b2e37dfb8f4ac8265e,10/17/2023 06:10:00 PM,M,60.0,HELMET NOT USED,WITH TRAFFIC,IN ROADWAY,TEST NOT OFFERED,,30,CLEAR,"DARKNESS, LIGHTED ROAD",PEDALCYCLIST,DIVIDED - W/MEDIAN (NOT RAISED),STRAIGHT AND LEVEL,DRY,INJURY AND / OR TOW DUE TO CRASH,KINGSBURY ST,41.8947426903,-87.6413378758,POINT (-87.641337875764 41.894742690277)
O1683800,BICYCLE,c6eb6c1d6a5972b6dde423df9c6e4c2005249c4d4f0c186a9a54963572ef1a55787c16ea7805968ca31d096171ce3bde427fc7cda23a1cafd120c537081be9fe,10/17/2023 05:43:00 PM,M,46.0,HELMET NOT USED,TURNING RIGHT,IN ROADWAY,TEST NOT OFFERED,,30,CLEAR,DAYLIGHT,PEDALCYCLIST,T-INTERSECTION,STRAIGHT AND LEVEL,DRY,INJURY AND / OR TOW DUE TO CRASH,JEFFERSON ST,41.8672698928,-87.6420425001,POINT (-87.64204250005 41.867269892832)
O1683799,BICYCLE,b4e03bad5680e0a270a2b4667e258f7b329cd0706bdbe4964879872fb4a9afdc06dcff7eb3ed267af5f96d3a4c5eacea339b09a68bd6aac169ae65d8beabe62a,10/17/2023 04:44:00 PM,F,22.0,HELMET NOT USED,WITH TRAFFIC,BIKEWAY,,,30,CLEAR,DAYLIGHT,PEDALCYCLIST,DIVIDED - W/MEDIAN (NOT RAISED),STRAIGHT AND LEVEL,DRY,INJURY AND / OR TOW DUE TO CRASH,18TH ST,41.8578847535,-87.667305634,POINT (-87.667305633957 41.857884753457)
O1683989,BICYCLE,c8323c9e3f0d0939702b22fbe6caf0e26abd6e28014919487d5162273cac1e5fb80b17860fc3a8a65706cfad9f1333fa2818f7085b51bc78051257f0aee5eeb5,10/17/2023 04:44:00 PM,M,15.0,HELMET NOT USED,WITH TRAFFIC,BIKEWAY,TEST NOT OFFERED,,30,CLEAR,DAYLIGHT,PEDALCYCLIST,DIVIDED - W/MEDIAN (NOT RAISED),STRAIGHT AND LEVEL,DRY,INJURY AND / OR TOW DUE TO CRASH,COTTAGE GROVE AVE,41.7748670018,-87.6059532761,POINT (-87.605953276101 41.774867001838)
O1683732,BICYCLE,1a92c2ac51e3fee3f9c7a88542e0a604e58740f6cf1ddab3d85c1ae844bf37b6a81605464e13b0c8a0825f2a06192d166e647fefbd13b39e2760b6fcab0a592c,10/17/2023 04:19:00 PM,F,31.0,HELMET NOT USED,WITH TRAFFIC,BIKE LANE,TEST NOT OFFERED,,30,CLEAR,DAYLIGHT,PEDALCYCLIST,NOT DIVIDED,STRAIGHT AND LEVEL,DRY,NO INJURY / DRIVE AWAY,ARMITAGE AVE,41.9183784814,-87.642518748,POINT (-87.642518748038 41.918378481368)
O1683695,BICYCLE,273cc73bc3b7b8fc792a970253649f4218d3c3d4c433b36b9e68ede2756835958a42c474dd7fdbf20bdf5bb374fd0930ce5dddebccdc26eaf1b8c78bfcc5482d,10/17/2023 03:00:00 PM,F,30.0,HELMET NOT USED,WITH TRAFFIC,BIKE LANE,TEST NOT OFFERED,,30,CLEAR,DAYLIGHT,PEDALCYCLIST,DIVIDED - W/MEDIAN (NOT RAISED),STRAIGHT AND LEVEL,DRY,INJURY AND / OR TOW DUE TO CRASH,CANAL ST,41.8589048621,-87.6388294228,POINT (-87.638829422761 41.858904862056)
O1683561,NON-MOTOR VEHICLE,9495fe5bea3b96a4f3ac9cd6e8a418f4b9ca8dc07e8bf904b44f31db9f8eb59641068f95bcb951057f1c6131ea42ca6fd03c2021b4ed790fd401e6c27a181465,10/17/2023 12:55:00 PM,F,43.0,NONE PRESENT,ENTER FROM DRIVE/ALLEY,DRIVEWAY ACCESS,TEST NOT OFFERED,,30,CLEAR,DAYLIGHT,OTHER OBJECT,ALLEY,STRAIGHT AND LEVEL,DRY,INJURY AND / OR TOW DUE TO CRASH,LAWRENCE AVE,41.9689033111,-87.6604442903,POINT (-87.660444290321 41.968903311093)
O1683408,BICYCLE,28b7f319f5d4fa25380e6f9f92f552b78daf373b578bff47fcc8da947217fcb2cb26baa15ec72f818bba5ca31623a5d574306c506e9f1bd5f724634b8afda763,10/17/2023 08:50:00 AM,M,36.0,BICYCLE HELMET (PEDACYCLIST INVOLVED ONLY),OTHER ACTION,IN ROADWAY,TEST NOT OFFERED,,30,CLEAR,DAYLIGHT,OTHER NONCOLLISION,DIVIDED - W/MEDIAN (NOT RAISED),STRAIGHT AND LEVEL,DRY,INJURY AND / OR TOW DUE TO CRASH,CLARK ST,42.0163143173,-87.6750983457,POINT (-87.675098345664 42.016314317328)
O1698344,BICYCLE,461c3cae0840cd8f0fbd18c98aaaf214ef0e6bee9c4882227bff2cc21cd52bbb2af24243e13f229ee8199ad827727d28c36025e717b68bf5a20c722c7f2c7473,10/17/2023 08:11:00 AM,F,44.0,BICYCLE HELMET (PEDACYCLIST INVOLVED ONLY),UNKNOWN/NA,BIKE LANE,TEST NOT OFFERED,,35,CLEAR,DAYLIGHT,PEDALCYCLIST,DIVIDED - W/MEDIAN (NOT RAISED),STRAIGHT AND LEVEL,DRY,INJURY AND / OR TOW DUE TO CRASH,ELSTON AVE,41.944745276,-87.7063142985,POINT (-87.706314298452 41.944745276013)
O1683429,NON-MOTOR VEHICLE,a15a8ccd95248083dfe3d7920d70198d594c2fcd889b4cb14073a5d72779b5174a3aee185beb77ec4c1eecbb7cce19a3b26b76687a99055562b897e351ddb63f,10/17/2023 07:47:00 AM,F,15.0,NONE PRESENT,OTHER ACTION,IN ROADWAY,TEST NOT OFFERED,,20,CLEAR,DAYLIGHT,OTHER OBJECT,FOUR WAY,STRAIGHT AND LEVEL,DRY,INJURY AND / OR TOW DUE TO CRASH,OHIO ST,41.8923810831,-87.6620607885,POINT (-87.662060788508 41.892381083149)
O1683386,BICYCLE,afb08c4bc1285f5f6ce277d9c7a360b0cbea895fb6e051543274b7ee4dd747bb1687160972374b2f6ac2e70e6107366a6adb477b6b5a39e6888f2eae6865c74d,10/17/2023 06:35:00 AM,M,33.0,HELMET NOT USED,WITH TRAFFIC,IN ROADWAY,TEST NOT OFFERED,,30,CLEAR,DAYLIGHT,PEDALCYCLIST,ONE-WAY,STRAIGHT AND LEVEL,DRY,INJURY AND / OR TOW DUE TO CRASH,RICHMOND ST,41.7953567789,-87.6976554046,POINT (-87.697655404647 41.795356778929)
O1682985,BICYCLE,ecd76328a03abe00530d607313106b79b475d2b24124e4e975cf355f21de8fb7218be13b24d35f38cc39c28e05d351298231b6d9809b79610256efc7622d3e46,10/16/2023 03:50:00 PM,M,76.0,HELMET NOT USED,NO ACTION,IN ROADWAY,,,35,CLEAR,DAYLIGHT,PEDALCYCLIST,NOT DIVIDED,STRAIGHT AND LEVEL,DRY,INJURY AND / OR TOW DUE TO CRASH,KEDZIE AVE,41.8922737536,-87.7063105473,POINT (-87.706310547301 41.892273753551)
O1683127,BICYCLE,25b235d44e48c4aa0c2f6012bf413e07c740df149ed0c1bc6e63340cfb3149306d44e339883897ef1aae5f36cbe7f5b45975522945e2f96c997a7d6984f921f7,10/16/2023 03:37:00 PM,M,14.0,HELMET NOT USED,CROSSING - WITH SIGNAL,IN CROSSWALK,TEST NOT OFFERED,,30,CLEAR,DAYLIGHT,PEDALCYCLIST,NOT DIVIDED,STRAIGHT AND LEVEL,DRY,INJURY AND / OR TOW DUE TO CRASH,TORRENCE AVE,41.708077429,-87.5598068713,POINT (-87.559806871332 41.708077429042)
O1682789,BICYCLE,d528c0ebefa0772468afa4d14592a5aa73c5c172c1e4463753a2377d74b882c002ff5c305722cbe5e7af9917398b87f181579d201a7c3ee5f92e582960ef2dca,10/16/2023 09:50:00 AM,M,26.0,HELMET NOT USED,NO ACTION,UNKNOWN/NA,TEST NOT OFFERED,,15,CLEAR,DAYLIGHT,PEDALCYCLIST,ALLEY,STRAIGHT AND LEVEL,DRY,NO INJURY / DRIVE AWAY,GRANVILLE AVE,41.9941934467,-87.6905089832,POINT (-87.690508983197 41.994193446749)
O1682739,NON-MOTOR VEHICLE,b1711c543caaf983465db73e7fe358d6b014d33f85a38268a7f9dd4f9e1144c0967ac6004593c9c65d3483bde5f7cc0e4002c39c2e96d42514b1e1d21dcb3e6a,10/16/2023 08:32:00 AM,X,,,,,,,40,RAIN,DAYLIGHT,ANIMAL,NOT DIVIDED,STRAIGHT AND LEVEL,DRY,NO INJURY / DRIVE AWAY,DEVON AVE,41.9972874143,-87.7827154092,POINT (-87.782715409235 41.997287414272)
O1682749,NON-MOTOR VEHICLE,39365b1910efb7e773176b5ec849281b67536baac824bb725a69bae5b866124398c1c3a2299000cb2218774ceeb8c9993b9e8ecc6c26f41098193cd475a80f88,10/16/2023 06:00:00 AM,,,,,,,Y,30,UNKNOWN,UNKNOWN,FIXED OBJECT,ALLEY,STRAIGHT AND LEVEL,UNKNOWN,NO INJURY / DRIVE AWAY,DIVISION ST,41.9019735933,-87.7697721913,POINT (-87.769772191346 41.901973593338)
O1682581,BICYCLE,092b7c94c842b916f3e9204c69aa28ced779dc365d62010fa132a9404263b3232605fe9fe81cca7cba84ba2b51720d3ee4923519949800792c79e9f5420c7398,10/15/2023 07:10:00 PM,M,81.0,HELMET NOT USED,UNKNOWN/NA,IN CROSSWALK,TEST NOT OFFERED,,30,CLOUDY/OVERCAST,"DARKNESS, LIGHTED ROAD",PEDALCYCLIST,NOT DIVIDED,STRAIGHT AND LEVEL,DRY,INJURY AND / OR TOW DUE TO CRASH,RUTHERFORD AVE,41.790275263,-87.7904291591,POINT (-87.790429159125 41.790275263016)
O1682982,BICYCLE,6f482cfd3fb70c30bbb07cab07fa1328d23ab6bae36ab4f330d8556f9e203c8f5050cd91115979be37cf1a6fb226e242a29c17a0e7440c12103df4beedba3416,10/15/2023 05:20:00 PM,M,16.0,HELMET NOT USED,UNKNOWN/NA,UNKNOWN/NA,TEST NOT OFFERED,,30,CLEAR,DAYLIGHT,PEDALCYCLIST,NOT DIVIDED,STRAIGHT AND LEVEL,DRY,INJURY AND / OR TOW DUE TO CRASH,SPRINGFIELD AVE,41.749610018,-87.7204423362,POINT (-87.720442336187 41.749610017996)
O1682435,NON-MOTOR VEHICLE,d85989839b03c10b099ba9c3e7f7b48587ffa296fdb652e7df947b4b803b918998ff16bab746e12b169cbde0c743774f9ecd4c734842015a53870082e1150168,10/15/2023 04:00:00 PM,M,,NONE PRESENT,UNKNOWN/NA,IN ROADWAY,TEST NOT OFFERED,,30,CLEAR,DAYLIGHT,OTHER OBJECT,TRAFFIC ROUTE,STRAIGHT AND LEVEL,DRY,NO INJURY / DRIVE AWAY,DAMEN AVE,41.970485476,-87.6790887026,POINT (-87.679088702622 41.970485475996)
O1682446,BICYCLE,8cb8f016701136f1305de8c225a8c37e1e33d8590060b3d7d8eb6eafa7b5c4df38c39b4b7fc0fe17feb8f0f3496cff1d411c4b07793a16036c49dbbbca36cfe2,10/15/2023 03:53:00 PM,M,49.0,BICYCLE HELMET (PEDACYCLIST INVOLVED ONLY),CROSSING - NO CONTROLS (NOT AT INTERSECTION),IN ROADWAY,TEST NOT OFFERED,,20,CLEAR,DAYLIGHT,PEDALCYCLIST,NOT DIVIDED,STRAIGHT AND LEVEL,DRY,INJURY AND / OR TOW DUE TO CRASH,CARMEN AVE,41.9738183557,-87.7781564883,POINT (-87.778156488313 41.973818355731)
O1682306,BICYCLE,2e94efaf7462dc1b1a5dd8d622b2e960539fec31bc87121414823b86a726ec694314270046da2fb21d702139b0035ecfc8aa6fd495388fbc0ecdfe67b9991613,10/15/2023 01:00:00 PM,M,15.0,HELMET NOT USED,OTHER ACTION,NOT IN ROADWAY,TEST NOT OFFERED,,20,CLEAR,DAYLIGHT,PEDALCYCLIST,ALLEY,STRAIGHT AND LEVEL,DRY,INJURY AND / OR TOW DUE TO CRASH,SPAULDING AVE,41.9616520449,-87.7105548111,POINT (-87.710554811075 41.961652044892)