PERSON_ID,PERSON_TYPE,CRASH_RECORD_ID,CRASH_DATE_x,SEX,AGE,SAFETY_EQUIPMENT,PEDPEDAL_ACTION,PEDPEDAL_LOCATION,BAC_RESULT,CRASH_DATE_EST_I,POSTED_SPEED_LIMIT,WEATHER_CONDITION,LIGHTING_CONDITION,FIRST_CRASH_TYPE,TRAFFICWAY_TYPE,ALIGNMENT,ROADWAY_SURFACE_COND,CRASH_TYPE,STREET_NAME,LATITUDE,LONGITUDE,LOCATION
O1682268,BICYCLE,5c1d9e346e045ce8536afe7b33d73b7b8b26c28da93203d04cb7cddf667112167bb1d0ca5b8f8548e248ec4dc0c78acf84aa3cc966c1d2022342d132a108c4aa,10/15/2023 11:50:00 AM,M,67.0,HELMET NOT USED,NO ACTION,IN ROADWAY,TEST NOT OFFERED,,30,CLEAR,DAYLIGHT,PEDALCYCLIST,DIVIDED - W/MEDIAN (NOT RAISED),STRAIGHT AND LEVEL,DRY,NO INJURY / DRIVE AWAY,CERMAK RD,41.8524959029,-87.6631904156,POINT (-87.66319041557 41.852495902869)
O1682263,BICYCLE,5255c1cca3f2bae9ce4fbb18826a9a9bd005bbe0be8025f2af9e5c1f3eeac46cb84f916fb61659788b9926e1943ff74b263f019aebcb12ca34eb1afab36e762e,10/15/2023 11:41:00 AM,F,23.0,BICYCLE HELMET (PEDACYCLIST INVOLVED ONLY),OTHER ACTION,IN ROADWAY,,,25,CLEAR,DAYLIGHT,PEDALCYCLIST,FOUR WAY,STRAIGHT AND LEVEL,DRY,NO INJURY / DRIVE AWAY,UNIVERSITY AVE,41.7784982164,-87.597611267,POINT (-87.597611266965 41.778498216379)
O1682269,BICYCLE,01f12671a1f4e2f2e07e9013ecab9ea200cac5b0a418e9227e918d3423b7c6f9be7d4869a6372a201e778d362e5c6cbdd86bdfbc10639d0ca52ce41da2f8b6ed,10/15/2023 11:40:00 AM,M,35.0,HELMET NOT USED,UNKNOWN/NA,IN ROADWAY,TEST NOT OFFERED,,15,CLEAR,DAYLIGHT,PEDALCYCLIST,ONE-WAY,STRAIGHT AND LEVEL,DRY,INJURY AND / OR TOW DUE TO CRASH,EASTWOOD AVE,41.9654709493,-87.7088680933,POINT (-87.708868093311 41.965470949308)
O1682724,BICYCLE,2405221dee1cbfcc9174269723a32ab0ebefbaf80606583e5276e4a39b36515a1410b95edd851ec23553b951214f4f5bda792271013fc4b35cb5972f0966b5a1,10/15/2023 07:30:00 AM,M,,BICYCLE HELMET (PEDACYCLIST INVOLVED ONLY),CROSSING - NO CONTROLS (AT INTERSECTION),IN ROADWAY,TEST NOT OFFERED,,30,CLEAR,DAYLIGHT,PEDALCYCLIST,NOT DIVIDED,STRAIGHT AND LEVEL,DRY,INJURY AND / OR TOW DUE TO CRASH,CLYBOURN AVE,41.9236354057,-87.6674282026,POINT (-87.667428202575 41.923635405719)
O1742390,BICYCLE,3f4eafd97bff0aa3d356e81699fa4ce7e64f38cd5e77ad6d5a78649113375d4186bf27ae849fa835b4827d8f8a4696d1148e1c383a6719a705fa0a836f6c45c4,10/14/2023 10:00:00 PM,F,19.0,BICYCLE HELMET (PEDACYCLIST INVOLVED ONLY),CROSSING - WITH SIGNAL,BIKEWAY,TEST NOT OFFERED,,30,CLOUDY/OVERCAST,"DARKNESS, LIGHTED ROAD",PEDALCYCLIST,NOT REPORTED,STRAIGHT AND LEVEL,WET,INJURY AND / OR TOW DUE TO CRASH,DEARBORN ST,41.8828062266,-87.6292814957,POINT (-87.629281495683 41.882806226618)
O1681823,BICYCLE,d6bde93c36d52d9f3236afaa88f5e87afabed5853b403822dc5b6b67542b551fcf56f0f235a0780da6597ba3af3eecd1937b55245a0f4f6184cef25c9248448b,10/14/2023 04:55:00 PM,M,27.0,HELMET NOT USED,WITH TRAFFIC,IN ROADWAY,TEST NOT OFFERED,,30,RAIN,DAWN,PEDALCYCLIST,NOT DIVIDED,STRAIGHT AND LEVEL,WET,INJURY AND / OR TOW DUE TO CRASH,LEAVITT ST,41.9118447394,-87.6822327271,POINT (-87.68223272706 41.911844739374)
O1681731,BICYCLE,efc180890ebbe31ea804e4f3793770450270c1c7acd380c69de553e553c8c5eb2465391d3d9791b3689a652d87ee8b494e1436eed30f4414b52a2117786583b3,10/14/2023 02:30:00 PM,M,,BICYCLE HELMET (PEDACYCLIST INVOLVED ONLY),WITH TRAFFIC,IN ROADWAY,TEST NOT OFFERED,,30,RAIN,DAYLIGHT,PEDALCYCLIST,NOT DIVIDED,STRAIGHT AND LEVEL,WET,NO INJURY / DRIVE AWAY,KEDZIE AVE,41.8080472717,-87.7041188223,POINT (-87.704118822299 41.80804727165)
O1681642,BICYCLE,a2e7d27a68976b8dc64f6515b9440ee8491ed779542d781fb79cc8cbe86f19e90cb7f2c6e5fab440f1844587bb220d2bd25eb1740d62d792299c022a508ef8c7,10/14/2023 02:24:00 PM,M,36.0,HELMET NOT USED,CROSSING - NO CONTROLS (AT INTERSECTION),IN CROSSWALK,TEST NOT OFFERED,,30,RAIN,DAYLIGHT,PEDALCYCLIST,NOT DIVIDED,STRAIGHT AND LEVEL,WET,INJURY AND / OR TOW DUE TO CRASH,IRVING PARK RD,41.9544189078,-87.6675982819,POINT (-87.667598281861 41.954418907788)
O1681386,BICYCLE,e60922fc3f2846857817bcdb9333783f97c8b9b9e351cb3fc945d27b570fbb44e39c181293b74138969dd71c244acca7e7bf12cc7fc001350befc4b7fa230fc9,10/14/2023 06:18:00 AM,M,44.0,HELMET NOT USED,WITH TRAFFIC,BIKE LANE,TEST NOT OFFERED,,30,RAIN,DARKNESS,PEDALCYCLIST,NOT DIVIDED,STRAIGHT AND LEVEL,WET,INJURY AND / OR TOW DUE TO CRASH,BROADWAY,41.9583109547,-87.6531049103,POINT (-87.653104910345 41.958310954665)
O1681273,BICYCLE,2f277746f78e4de453eedad30a504571e6f21b3d70eaea11a79c0839670fcd4291ac0e63328baa595fcbf4f97b5868b73ec50b3c3cee6b2f646c00e59d470e15,10/14/2023 12:30:00 AM,M,46.0,BICYCLE HELMET (PEDACYCLIST INVOLVED ONLY),CROSSING - WITH SIGNAL,IN ROADWAY,TEST NOT OFFERED,,30,RAIN,"DARKNESS, LIGHTED ROAD",PEDALCYCLIST,Y-INTERSECTION,"CURVE, LEVEL",WET,INJURY AND / OR TOW DUE TO CRASH,ELSTON AVE,41.9184335574,-87.6677734599,POINT (-87.667773459914 41.918433557402)
O1681223,BICYCLE,1ed089d169c4d7a0b6343758b5574a6778b6709e100079c24bc957f61202469b27f61081ec665574cc7ae45e6d1ca89760e483d698ffad424a4e2533e7639f05,10/13/2023 11:30:00 PM,M,15.0,HELMET NOT USED,CROSSING - WITH SIGNAL,IN CROSSWALK,TEST NOT OFFERED,,30,RAIN,"DARKNESS, LIGHTED ROAD",PEDALCYCLIST,NOT DIVIDED,STRAIGHT AND LEVEL,WET,NO INJURY / DRIVE AWAY,WESTERN AVE,41.9538492261,-87.6883148561,POINT (-87.688314856122 41.953849226099)
O1681108,BICYCLE,e20a3690f673b0570d51adb30605b61aa2981ec69dbd381f8b35aa5724e5c190c42b0e9e08d3c319887e0e7dcaff2051b4795d5301adadcf17147263da19bb72,10/13/2023 06:24:00 PM,F,65.0,HELMET NOT USED,CROSSING - NO CONTROLS (AT INTERSECTION),IN CROSSWALK,TEST NOT OFFERED,,30,RAIN,"DARKNESS, LIGHTED ROAD",PEDALCYCLIST,T-INTERSECTION,STRAIGHT AND LEVEL,WET,INJURY AND / OR TOW DUE TO CRASH,ROGERS AVE,42.0146379097,-87.6779269703,POINT (-87.677926970337 42.014637909693)
O1680905,BICYCLE,dcff4a40c46341c06f4e6ef9f94094137e6e803849448cdb5a9843fc27f62783bbd9742b0c22cd823cfbdc91379ed0e3fcd1403b134637f74fe1e923162e583b,10/13/2023 03:41:00 PM,M,21.0,HELMET NOT USED,WITH TRAFFIC,SHOULDER,TEST NOT OFFERED,,30,RAIN,DAYLIGHT,PEDALCYCLIST,NOT DIVIDED,STRAIGHT AND LEVEL,WET,NO INJURY / DRIVE AWAY,WESTERN AVE,41.9794300364,-87.6894376416,POINT (-87.689437641631 41.979430036381)
O1680860,BICYCLE,62c43cb564162669ea3a214e90c837f67274bae166b5446d2de26bb8d2049372f2023aef9ef27eddfa3f76b84122839aab1f5b0de6be20d44ee4aec83fd32f1d,10/13/2023 03:12:00 PM,M,55.0,HELMET NOT USED,WITH TRAFFIC,IN ROADWAY,,,30,RAIN,DAYLIGHT,PEDALCYCLIST,FOUR WAY,STRAIGHT AND LEVEL,WET,INJURY AND / OR TOW DUE TO CRASH,ARCHER AVE,41.8417041461,-87.6575671976,POINT (-87.657567197574 41.841704146076)
O1680645,NON-MOTOR VEHICLE,8895041349f7bc0a6b1d1936cf3751d634e9ae0182a0f5be89a3eed2ce493b78713c35e3ed4cf8d22dbaa854a58df7b51c193652c448513b0d3f92e96b4a64a1,10/13/2023 07:38:00 AM,M,60.0,USAGE UNKNOWN,OTHER ACTION,IN ROADWAY,TEST NOT OFFERED,,25,CLEAR,DAYLIGHT,OTHER OBJECT,ALLEY,STRAIGHT AND LEVEL,DRY,INJURY AND / OR TOW DUE TO CRASH,CALIFORNIA AVE,41.939791271,-87.6976903783,POINT (-87.69769037828 41.93979127097)
O1680447,BICYCLE,c9884d5384a1532f5314764a270c0aeaf5e47eb5ef6d6064d2473bf019d3a149d68e851fa4886c3fe48ef12093d117e713e2d830b949c128beef8e53e09a77b7,10/12/2023 07:24:00 PM,M,67.0,HELMET NOT USED,CROSSING - NO CONTROLS (AT INTERSECTION),IN ROADWAY,TEST NOT OFFERED,,30,CLEAR,DARKNESS,PEDALCYCLIST,FOUR WAY,STRAIGHT AND LEVEL,DRY,INJURY AND / OR TOW DUE TO CRASH,53RD PL,41.7967869948,-87.6475578449,POINT (-87.647557844879 41.796786994842)
O1680403,BICYCLE,88db6aa2ff476563903737b79c5f192e35b6aa7304d18c5b235fdace85e95496a2c497491ef19c10bd83967331eda64014ceae8468d72b1b770a56e0e59a31b0,10/12/2023 06:35:00 PM,M,45.0,BICYCLE HELMET (PEDACYCLIST INVOLVED ONLY),WITH TRAFFIC,IN ROADWAY,TEST NOT OFFERED,,30,CLEAR,DARKNESS,PEDALCYCLIST,DIVIDED - W/MEDIAN (NOT RAISED),STRAIGHT AND LEVEL,DRY,INJURY AND / OR TOW DUE TO CRASH,PEORIA ST,41.883447719,-87.6498922512,POINT (-87.649892251214 41.883447719045)
O1680378,BICYCLE,363cd8393948521a6d6cd354bfad615a3af907055ff58024084600c5855a4e61376179958d27c3a6a1c169174cd47ba3b893f60cd46a115b07290eb2e0380474,10/12/2023 05:41:00 PM,M,49.0,HELMET NOT USED,WITH TRAFFIC,IN ROADWAY,TEST NOT OFFERED,,25,RAIN,DAYLIGHT,PEDALCYCLIST,NOT DIVIDED,STRAIGHT AND LEVEL,WET,INJURY AND / OR TOW DUE TO CRASH,WRIGHTWOOD AVE,41.9290735783,-87.6562846239,POINT (-87.656284623926 41.929073578311)
O1680837,BICYCLE,da9d45cdc58eff40633080ed15f5b58c5068e1ac76b715fab91245309c49ce01663aa04fff3d864bc431e39cf03efd111260a41030a2131e5e28e8bbefe5ed20,10/12/2023 04:00:00 PM,M,33.0,HELMET NOT USED,WITH TRAFFIC,IN ROADWAY,TEST NOT OFFERED,,30,UNKNOWN,UNKNOWN,PEDALCYCLIST,UNKNOWN INTERSECTION TYPE,STRAIGHT AND LEVEL,UNKNOWN,INJURY AND / OR TOW DUE TO CRASH,BROADWAY,41.997315437,-87.6603356606,POINT (-87.660335660577 41.997315436987)
O1680128,BICYCLE,4e86043ad550c958b4bf67cbf27cde2f5fbd1c87436b6b489e11fce1b49b18399bc4a48a35cecace84d463b08ad10b6b09396c8e1a3cc332bc1d89e5e80729d3,10/12/2023 01:09:00 PM,M,36.0,HELMET NOT USED,WITH TRAFFIC,IN ROADWAY,TEST NOT OFFERED,Y,30,RAIN,DAYLIGHT,PEDALCYCLIST,ONE-WAY,STRAIGHT AND LEVEL,WET,NO INJURY / DRIVE AWAY,KENMORE AVE,41.9744960685,-87.6565110221,POINT (-87.656511022104 41.974496068498)
O1679922,BICYCLE,dca92fd1d1479a97f3b618810c9e581781dca9941975ecd9228b69c3881c41e8c7ae8ba3d5235a1d4236bba4114a942844cac2113c3b94466643a6b51c765c14,10/12/2023 07:26:00 AM,M,20.0,BICYCLE HELMET (PEDACYCLIST INVOLVED ONLY),WITH TRAFFIC,IN ROADWAY,TEST NOT OFFERED,,30,RAIN,DAYLIGHT,PEDALCYCLIST,NOT DIVIDED,STRAIGHT AND LEVEL,WET,NO INJURY / DRIVE AWAY,PULASKI RD,41.9275325735,-87.7270030165,POINT (-87.727003016463 41.927532573496)
O1680409,BICYCLE,2749ef14568a362785baf7adf4a5401b21cd3d982f6fa85c2355a78edba3e8abe86fa734319a08271072ebcb40cf9bb8c32138b9a8e6601351ed99c86c162efd,10/11/2023 06:20:00 PM,M,,HELMET NOT USED,UNKNOWN/NA,IN CROSSWALK,TEST NOT OFFERED,,30,UNKNOWN,DAYLIGHT,PEDALCYCLIST,NOT DIVIDED,STRAIGHT AND LEVEL,UNKNOWN,NO INJURY / DRIVE AWAY,CHICAGO AVE,41.8956158505,-87.7114985896,POINT (-87.711498589633 41.895615850546)
O1679719,BICYCLE,37212019e6df48101ac60130592252c09d8816949005f236452790a96b8a24ae51543bb7b8c35525dc7230600c479796b4a1701bf31ae735fdc10fc4df3e1ebb,10/11/2023 06:07:00 PM,M,11.0,HELMET NOT USED,ENTER FROM DRIVE/ALLEY,IN ROADWAY,TEST NOT OFFERED,,20,RAIN,"DARKNESS, LIGHTED ROAD",PEDALCYCLIST,ONE-WAY,STRAIGHT AND LEVEL,WET,INJURY AND / OR TOW DUE TO CRASH,HOYNE AVE,41.8080116316,-87.676956909,POINT (-87.676956908966 41.808011631573)
O1679673,BICYCLE,28dbce48edcba378b07e5be9126eb22ec0737206fb142092f15f10b1b811005cbf84b96c367881578604de1d26228f55c8bcf1381343f2254297e91b3f89b699,10/11/2023 05:10:00 PM,M,55.0,HELMET NOT USED,WITH TRAFFIC,IN ROADWAY,TEST NOT OFFERED,,25,CLEAR,DAYLIGHT,PEDALCYCLIST,ONE-WAY,STRAIGHT ON GRADE,DRY,INJURY AND / OR TOW DUE TO CRASH,ARTHUR AVE,41.9995706367,-87.6818079062,POINT (-87.681807906186 41.999570636712)
O1679616,BICYCLE,8472a472c6720d70c88e04b9325d951f7b1b86732c720d0ca794e62c87e0819358f414982044769304cfeb21ec4f48a38e32eb2cee6b8a0cda84e1759eafa8bf,10/11/2023 04:06:00 PM,M,20.0,HELMET NOT USED,CROSSING - WITH SIGNAL,IN CROSSWALK,TEST NOT OFFERED,,30,CLEAR,DAYLIGHT,PEDALCYCLIST,NOT DIVIDED,STRAIGHT AND LEVEL,DRY,NO INJURY / DRIVE AWAY,KEDZIE AVE,41.8737130143,-87.7060647568,POINT (-87.706064756826 41.873713014276)
O1681674,BICYCLE,6c5619cba8d432e72858368e0af308a88ae9fe72b206bd180380406f2be7939150a0b5ec1d1314eecf3179177e2aeda6e01f80660515c0e40c93b5caf227f216,10/11/2023 03:48:00 PM,M,27.0,HELMET NOT USED,CROSSING - NO CONTROLS (AT INTERSECTION),IN CROSSWALK,TEST NOT OFFERED,,30,CLEAR,DAYLIGHT,PEDALCYCLIST,T-INTERSECTION,STRAIGHT AND LEVEL,DRY,INJURY AND / OR TOW DUE TO CRASH,LESSING ST,41.8964282442,-87.650962838,POINT (-87.650962838038 41.896428244201)
O1679636,BICYCLE,ef01581b794c2a4d81f43c797d17a5ae06a07be8bdbbe445de7dd0e05b953f83d93328f9f9161a7f4c629ba87b2a41d88df4f3c29b8f08485e867fc256971791,10/11/2023 03:20:00 PM,F,24.0,HELMET NOT USED,UNKNOWN/NA,IN ROADWAY,TEST NOT OFFERED,,20,CLEAR,DAYLIGHT,PEDALCYCLIST,NOT DIVIDED,STRAIGHT AND LEVEL,DRY,INJURY AND / OR TOW DUE TO CRASH,SHEFFIELD AVE,41.9400578415,-87.6542577664,POINT (-87.654257766442 41.940057841514)
O1679366,BICYCLE,770b69d97aba5ebdf56368617e5f1eeea3fd6b2fd0fa943676923806b9199e7869b4537edd9339a0adc60a51683a945713861c8c115f1a475af1b749a3d0b0cc,10/11/2023 11:30:00 AM,M,44.0,HELMET NOT USED,UNKNOWN/NA,IN CROSSWALK,TEST NOT OFFERED,,30,CLEAR,DAYLIGHT,PEDALCYCLIST,ONE-WAY,STRAIGHT AND LEVEL,DRY,INJURY AND / OR TOW DUE TO CRASH,MONTANA ST,41.9249781684,-87.7538380336,POINT (-87.753838033584 41.924978168387)
O1679300,BICYCLE,9e1b7ba8f23d7414b4618a966c88e28b941d5094303bd97a0cc971a654cf1d8cfd17feda4575edb2080e61e9361da1154ef918f8325b2713ca48000a184349d4,10/11/2023 10:49:00 AM,M,22.0,BICYCLE HELMET (PEDACYCLIST INVOLVED ONLY),CROSSING - NO CONTROLS (AT INTERSECTION),SHOULDER,TEST NOT OFFERED,,30,CLEAR,DAYLIGHT,PEDALCYCLIST,NOT DIVIDED,STRAIGHT AND LEVEL,DRY,INJURY AND / OR TOW DUE TO CRASH,LAWRENCE AVE,41.9683661429,-87.7059695995,POINT (-87.705969599459 41.968366142873)
O1679181,BICYCLE,6ec89b7823f49cc95f19867d25415444eee7f06f6d29e9112bc9d8ce6a9dfc8e54441b3b1b3971a31b049f9f6f043819bff60314c34b2cea6a91e4e99ea1313e,10/11/2023 08:30:00 AM,M,32.0,HELMET NOT USED,WITH TRAFFIC,BIKE LANE,TEST NOT OFFERED,,30,CLEAR,DAYLIGHT,PEDALCYCLIST,NOT DIVIDED,STRAIGHT AND LEVEL,DRY,INJURY AND / OR TOW DUE TO CRASH,LAKE ST,41.8857969415,-87.6457008083,POINT (-87.645700808301 41.885796941486)
O1679580,BICYCLE,df6d40cfe232d0e03514f2ea3d1324beac1211321be7c83b299b13ec899c5ed260d80cfb152ecc22ac7494618156d69efc1672328430d03b051f76919c8b6bc1,10/10/2023 07:40:00 PM,F,,HELMET NOT USED,UNKNOWN/NA,BIKEWAY,TEST NOT OFFERED,,30,UNKNOWN,UNKNOWN,OTHER OBJECT,NOT DIVIDED,STRAIGHT AND LEVEL,UNKNOWN,NO INJURY / DRIVE AWAY,LINCOLN AVE,41.9246251166,-87.6474016827,POINT (-87.64740168269 41.924625116564)
O1722282,BICYCLE,9cda6fa24a4946a58bc22d1e335c13a1928d559c1f8906b84bb0e353e8cddd138434293be73ff3ee892b9ba569c5f293bdad0e887d15f6da6a71d06af7b26c24,10/10/2023 07:20:00 PM,M,35.0,HELMET NOT USED,WITH TRAFFIC,BIKEWAY,TEST NOT OFFERED,Y,30,UNKNOWN,UNKNOWN,PEDALCYCLIST,NOT DIVIDED,STRAIGHT AND LEVEL,UNKNOWN,INJURY AND / OR TOW DUE TO CRASH,CLARENDON AVE,41.9616671369,-87.6497605695,POINT (-87.649760569506 41.961667136856)
O1678987,BICYCLE,3ae2a0aba323db760ce178a0dc5f2d0bbfa0698e1ca15c76b36598da05485771b3e519b44f8a31595703eb0c7a113438cdf43dafddecd3db8236923ff3cfe85f,10/10/2023 07:15:00 PM,F,15.0,HELMET NOT USED,CROSSING - AGAINST SIGNAL,IN ROADWAY,TEST NOT OFFERED,,30,CLEAR,"DARKNESS, LIGHTED ROAD",PEDALCYCLIST,FOUR WAY,STRAIGHT AND LEVEL,DRY,INJURY AND / OR TOW DUE TO CRASH,SACRAMENTO AVE,41.9260569034,-87.7022023608,POINT (-87.702202360834 41.926056903368)
O1678960,BICYCLE,abfb71e29b4384efccb809a32bdf355fa2a513fc1ced892d54567973274af9215e9e27a655fa4f0bf0893830acfa7eda641a81d248781acb01b5bc37d7ab1d49,10/10/2023 06:03:00 PM,M,13.0,HELMET NOT USED,ENTER FROM DRIVE/ALLEY,IN ROADWAY,TEST NOT OFFERED,,20,CLEAR,DAYLIGHT,PEDALCYCLIST,ONE-WAY,STRAIGHT AND LEVEL,DRY,INJURY AND / OR TOW DUE TO CRASH,DRAKE AVE,41.9753317901,-87.7173692374,POINT (-87.717369237384 41.97533179005)
O1678794,BICYCLE,569483d29ad72b58835f51b3b2dc56f86e4ca50085bf21a1c8c5cba432dd3786f49840666ee226cc0115a421085604b6f381f1c3744a9780efb9541289fc6b0f,10/10/2023 05:03:00 PM,M,29.0,HELMET NOT USED,TURNING RIGHT,BIKE LANE,TEST NOT OFFERED,,30,CLEAR,DAYLIGHT,PEDALCYCLIST,T-INTERSECTION,STRAIGHT AND LEVEL,DRY,INJURY AND / OR TOW DUE TO CRASH,MARSHFIELD AVE,41.8997574073,-87.6684578158,POINT (-87.668457815818 41.899757407288)
O1678910,BICYCLE,7a7f785c266cf3e89a58a48e03576abff8976d47f9a092cbef3ee0d8e3d5401ae345bca01751fd08edaa8d5fd86e6ceffcc6e66fbfacb6d366003d902eac50ca,10/10/2023 04:45:00 PM,M,14.0,BICYCLE HELMET (PEDACYCLIST INVOLVED ONLY),WITH TRAFFIC,IN CROSSWALK,TEST NOT OFFERED,,30,CLEAR,DAYLIGHT,PEDALCYCLIST,NOT DIVIDED,STRAIGHT AND LEVEL,DRY,NO INJURY / DRIVE AWAY,SCHOOL ST,41.9404482447,-87.7715477118,POINT (-87.771547711806 41.940448244738)
O1679139,BICYCLE,9ad3de1e263803c4f9047adad734c1d03ff7e3098f869283a619d0516f101f03be19019c72423fdc6150aa88977b2ffe3f433782a07509d667be3bb4b1aafa4a,10/10/2023 04:35:00 PM,M,,HELMET NOT USED,CROSSING - NO CONTROLS (AT INTERSECTION),BIKE LANE,TEST NOT OFFERED,,20,CLEAR,DAYLIGHT,PEDALCYCLIST,FOUR WAY,STRAIGHT AND LEVEL,DRY,NO INJURY / DRIVE AWAY,WELLS ST,41.9071764304,-87.6347378392,POINT (-87.634737839168 41.907176430353)
O1678866,NON-MOTOR VEHICLE,6933a431f7760f6a3389e16322340578a85b0b50636337f5e0dded009f95deac3c0a0f256e87c49324559ce75dce07769ae38229297d4c4ce348cdf891d54753,10/10/2023 03:29:00 PM,M,27.0,NONE PRESENT,WITH TRAFFIC,IN ROADWAY,TEST NOT OFFERED,,30,CLEAR,DAYLIGHT,OTHER NONCOLLISION,NOT DIVIDED,STRAIGHT AND LEVEL,DRY,INJURY AND / OR TOW DUE TO CRASH,HUBBARD ST,41.8900575964,-87.6366966988,POINT (-87.63669669879 41.890057596376)
O1679018,BICYCLE,72d38eec84431b3a30b59984d7748c2ff4c5d89fc0abb4cc78ea4b5d004d5caf13066d3e5b5f6fe13f961c2e55da101cc637e42fe1a0c3f85447d187c6fad7d1,10/10/2023 10:46:00 AM,M,28.0,BICYCLE HELMET (PEDACYCLIST INVOLVED ONLY),CROSSING - NO CONTROLS (AT INTERSECTION),IN ROADWAY,TEST NOT OFFERED,,30,CLEAR,DAYLIGHT,PEDALCYCLIST,ONE-WAY,STRAIGHT AND LEVEL,DRY,INJURY AND / OR TOW DUE TO CRASH,DESPLAINES ST,41.881857203,-87.6439818759,POINT (-87.643981875883 41.881857203001)
O1678329,BICYCLE,99cd17dc5d5860c81cf72b1964c1f103a04d8621d525dc4e9e309ec2c0a309f6e1fab888a3df662a46a0cbe64094cb277b0c273a26a13ef56b31f26e276609a9,10/10/2023 05:20:00 AM,M,31.0,BICYCLE HELMET (PEDACYCLIST INVOLVED ONLY),CROSSING - WITH SIGNAL,IN CROSSWALK,TEST NOT OFFERED,,30,CLEAR,DUSK,PEDALCYCLIST,FOUR WAY,STRAIGHT AND LEVEL,DRY,INJURY AND / OR TOW DUE TO CRASH,WESTERN AVE,41.7210321871,-87.6819213941,POINT (-87.681921394113 41.721032187113)
O1678193,BICYCLE,d6ef9bbc250be699f5f80bba764c05bfd9f6dab7393bbd4680be7e801bfa165680ffcd4499bdbbf1e31066216deb284fe01853d14df979435c19f15b23101d97,10/09/2023 05:35:00 PM,F,28.0,HELMET NOT USED,UNKNOWN/NA,BIKEWAY,TEST NOT OFFERED,,30,CLEAR,DAYLIGHT,PEDALCYCLIST,NOT DIVIDED,STRAIGHT AND LEVEL,DRY,INJURY AND / OR TOW DUE TO CRASH,HALSTED ST,41.8325930689,-87.6460007167,POINT (-87.646000716734 41.832593068937)
O1678053,BICYCLE,d83c5145ab1ccd1a8905d66d95e8ebc7737293f0b2a4ff6080b3b288f9e4a9c1e310f0b4a87e0ea5717ccbda2d5c436fbe47c05e34f07f78ee83a827e06b76a0,10/09/2023 03:50:00 PM,F,,HELMET NOT USED,WITH TRAFFIC,IN ROADWAY,TEST NOT OFFERED,,30,CLEAR,DAYLIGHT,PEDALCYCLIST,NOT DIVIDED,STRAIGHT AND LEVEL,DRY,NO INJURY / DRIVE AWAY,MILWAUKEE AVE,41.9293986476,-87.7081559712,POINT (-87.708155971184 41.929398647597)
O1678090,BICYCLE,753169ebc144782f6a67c86dcfc3903192db9834cd0e47f84379f1af121fc5f2bef145fe7cb99fa910c40854c87806d9cc4cfe56b4bf3f6329b75fff4d54f05c,10/09/2023 03:15:00 PM,F,17.0,HELMET NOT USED,CROSSING - AGAINST SIGNAL,UNKNOWN/NA,TEST NOT OFFERED,,30,CLEAR,DAYLIGHT,PEDALCYCLIST,FOUR WAY,STRAIGHT AND LEVEL,DRY,INJURY AND / OR TOW DUE TO CRASH,MADISON ST,41.8806062243,-87.7454022859,POINT (-87.745402285926 41.880606224313)
O1678535,BICYCLE,2b161386c34789d037cb8edebcdeb59353551d63d944058a75a37c14579e3f152667ec6231c0150175f019f7a8456e0d1286527fad3628c64640e1c79fead951,10/09/2023 10:30:00 AM,M,66.0,BICYCLE HELMET (PEDACYCLIST INVOLVED ONLY),WITH TRAFFIC,IN ROADWAY,TEST NOT OFFERED,,30,CLEAR,DAYLIGHT,PEDALCYCLIST,FOUR WAY,STRAIGHT AND LEVEL,DRY,INJURY AND / OR TOW DUE TO CRASH,ASHLAND AVE,41.8577487693,-87.6662852177,POINT (-87.666285217697 41.857748769318)
O1677605,BICYCLE,5833ed505c89961dc9420c1a3516e15334a673a7b91aae39997e9ba4691f4da40f1f4530911d4e6421c973b4c29aa9572e7807525c4b0757260a20e987f3cd1a,10/08/2023 04:00:00 AM,M,27.0,HELMET NOT USED,WITH TRAFFIC,IN ROADWAY,TEST NOT OFFERED,Y,30,CLEAR,"DARKNESS, LIGHTED ROAD",PEDALCYCLIST,DIVIDED - W/MEDIAN (NOT RAISED),STRAIGHT AND LEVEL,DRY,INJURY AND / OR TOW DUE TO CRASH,WESTERN AVE,41.917103631,-87.687248767,POINT (-87.687248767006 41.917103631009)
O1677214,BICYCLE,1d8da02f7dbe5dc4dc7c32c1cb8448adf1e647a1eaa05e945bab08d5bf62506fce8242a320db9835713e65db5a6f5fa5b41d312767230fc6e5ba5cbf391c8845,10/08/2023 01:34:00 AM,M,31.0,HELMET NOT USED,CROSSING - AGAINST SIGNAL,IN ROADWAY,TEST NOT OFFERED,,30,CLEAR,"DARKNESS, LIGHTED ROAD",PEDALCYCLIST,FOUR WAY,STRAIGHT AND LEVEL,DRY,INJURY AND / OR TOW DUE TO CRASH,DIVISION ST,41.9037455573,-87.6481670106,POINT (-87.648167010628 41.903745557347)
O1677177,BICYCLE,ba70625cac9675e8f673e94ba21e5dcb58ac9b855da74736aa25d4207d39cc09a3e27235d6dc8f4ba7977fb7839b27c2cfea220f0c64bc2c864fccf7a8ff446d,10/07/2023 11:07:00 PM,M,22.0,HELMET NOT USED,OTHER ACTION,IN ROADWAY,TEST NOT OFFERED,,30,CLEAR,"DARKNESS, LIGHTED ROAD",PEDALCYCLIST,NOT DIVIDED,STRAIGHT AND LEVEL,DRY,INJURY AND / OR TOW DUE TO CRASH,BELMONT AVE,41.9387793239,-87.759016869,POINT (-87.759016869027 41.938779323928)