PERSON_ID,PERSON_TYPE,CRASH_RECORD_ID,CRASH_DATE_x,SEX,AGE,SAFETY_EQUIPMENT,PEDPEDAL_ACTION,PEDPEDAL_LOCATION,BAC_RESULT,CRASH_DATE_EST_I,POSTED_SPEED_LIMIT,WEATHER_CONDITION,LIGHTING_CONDITION,FIRST_CRASH_TYPE,TRAFFICWAY_TYPE,ALIGNMENT,ROADWAY_SURFACE_COND,CRASH_TYPE,STREET_NAME,LATITUDE,LONGITUDE,LOCATION
O1677198,BICYCLE,2fa0bd8165b2dbc1241e813677801a019c320dc544c70de18adac4c814a2c7390298b135cf4d92b24de17f70f55b792d4b369ab71135513bbcd589fd15fe7c4f,10/07/2023 08:58:00 PM,M,47.0,HELMET NOT USED,UNKNOWN/NA,UNKNOWN/NA,TEST NOT OFFERED,,35,CLEAR,"DARKNESS, LIGHTED ROAD",PEDALCYCLIST,DIVIDED - W/MEDIAN (NOT RAISED),STRAIGHT AND LEVEL,DRY,INJURY AND / OR TOW DUE TO CRASH,LAKE ST,41.886603801,-87.7436834,POINT (-87.743683400022 41.886603801046)
O1677351,BICYCLE,02d2a151e99d736e9181980031a81482f5cd4e124c111e4fabc235bff4c2a57595642ae3e77f2e4edec2de941b8e9c83ceec7df27fbba699f7bfe7ddd92be288,10/07/2023 05:45:00 PM,,,HELMET NOT USED,WITH TRAFFIC,BIKE LANE,,,35,UNKNOWN,DUSK,PEDALCYCLIST,DIVIDED - W/MEDIAN (NOT RAISED),STRAIGHT AND LEVEL,UNKNOWN,NO INJURY / DRIVE AWAY,MILWAUKEE AVE,41.9099261116,-87.6765343566,POINT (-87.676534356623 41.90992611156)
O1677310,BICYCLE,065454ffdd2e0bb7af7a1015dd1c3ae89f700f0272d9eb14ada356ff9893dd2f262e427f0c31b8aaf87f2bf52da58927b27976ac0f3fafc80ea7d7e55fdc79a4,10/07/2023 03:00:00 PM,X,,HELMET NOT USED,UNKNOWN/NA,UNKNOWN/NA,TEST NOT OFFERED,,15,CLEAR,DAYLIGHT,PEDALCYCLIST,ONE-WAY,STRAIGHT AND LEVEL,DRY,NO INJURY / DRIVE AWAY,KOSTNER AVE,41.974823605,-87.7382316327,POINT (-87.738231632708 41.974823605005)
O1676736,BICYCLE,866bf48d439d5e8a6c8afc73ecf485976c5d872f26ea53d2d0043ff90729db98d5609833dd1981d2ef838c50c3604cc26f1bcf8deaa82b898b4cb3c48f411afa,10/07/2023 10:22:00 AM,M,61.0,HELMET NOT USED,CROSSING - WITH SIGNAL,IN ROADWAY,TEST NOT OFFERED,,30,CLEAR,DAYLIGHT,PEDALCYCLIST,FOUR WAY,STRAIGHT AND LEVEL,DRY,INJURY AND / OR TOW DUE TO CRASH,CLARK ST,41.9544324414,-87.6624462591,POINT (-87.662446259141 41.954432441417)
O1676686,NON-MOTOR VEHICLE,b0bb298ac0fecf46407d281df447f11d3dbc2cc7b5f0f6e90b68d191aa37b401909312d8a08888a6c60c0413f010b42684e76e98c9879f316643f43f4586988c,10/07/2023 09:27:00 AM,M,55.0,DOT COMPLIANT MOTORCYCLE HELMET,OTHER ACTION,BIKE LANE,TEST NOT OFFERED,,30,CLEAR,DAYLIGHT,OTHER OBJECT,DIVIDED - W/MEDIAN (NOT RAISED),STRAIGHT AND LEVEL,DRY,INJURY AND / OR TOW DUE TO CRASH,CALIFORNIA AVE,41.9320066927,-87.6974684704,POINT (-87.697468470355 41.932006692678)
O1676427,BICYCLE,df0154211adfb16359d7f4f2c34677d39aaf1e8a1bbd746cf483a2b27dde4a44444e70e71b19ab529c877e8056fbdcc65cb32a22c677c960f73a162ed49c18b4,10/06/2023 06:38:00 PM,M,15.0,HELMET NOT USED,WITH TRAFFIC,IN ROADWAY,TEST NOT OFFERED,,30,CLEAR,DARKNESS,PEDALCYCLIST,NOT DIVIDED,STRAIGHT AND LEVEL,WET,INJURY AND / OR TOW DUE TO CRASH,KEDZIE AVE,41.9538264099,-87.7081588632,POINT (-87.708158863186 41.953826409947)
O1677866,BICYCLE,012fa6027f9fd3e256312c98d7a8732b4e5a1882d1721dbe17957f69d36760f8fcdadfa1af60556c1305d61665ce2c2c484503d50b5c7854602c0528a2be8321,10/06/2023 05:30:00 PM,F,,BICYCLE HELMET (PEDACYCLIST INVOLVED ONLY),WITH TRAFFIC,BIKEWAY,TEST NOT OFFERED,,30,CLEAR,DAYLIGHT,PEDALCYCLIST,NOT DIVIDED,STRAIGHT AND LEVEL,DRY,NO INJURY / DRIVE AWAY,DIVISION ST,41.9030768489,-87.692077311,POINT (-87.692077310951 41.90307684891)
O1676302,BICYCLE,af306d8a46efb72dc8159ff89822c45e4f8aefc54d6c4e67011224132b28773271fe95922fc473177cfe796b9f3450d75a0740bbdd4b4b740ae7fbc46c8f2e31,10/06/2023 05:22:00 PM,F,14.0,HELMET NOT USED,CROSSING - NO CONTROLS (AT INTERSECTION),IN CROSSWALK,TEST NOT OFFERED,,30,CLEAR,DAYLIGHT,PEDALCYCLIST,FOUR WAY,STRAIGHT AND LEVEL,DRY,INJURY AND / OR TOW DUE TO CRASH,HAMLIN AVE,41.7786863915,-87.7179999276,POINT (-87.717999927567 41.778686391467)
O1676360,BICYCLE,bb01eacebc9ea88277d154fe2f377d7a6d75539ccd20575f2151570bf41b6d2a927fd76e9816cd89867c61c83c55f9e083662fe5c65fe00d7494066864e3d243,10/06/2023 05:19:00 PM,M,23.0,HELMET NOT USED,NOT AT INTERSECTION,IN CROSSWALK,TEST NOT OFFERED,,30,CLOUDY/OVERCAST,DAYLIGHT,PEDALCYCLIST,PARKING LOT,STRAIGHT AND LEVEL,WET,INJURY AND / OR TOW DUE TO CRASH,WESTERN BLVD,41.8120385982,-87.684109505,POINT (-87.684109504952 41.812038598238)
O1676362,BICYCLE,e91e584274172bf91710d3547a9a8cdf16e5c0b928ef0977e73abdd879fc9cbe13f440e42425b8ec28310649df217860deb130efb5b9fbbc7ae3f8618d0383b8,10/06/2023 05:13:00 PM,M,21.0,HELMET NOT USED,CROSSING - WITH SIGNAL,IN CROSSWALK,TEST NOT OFFERED,,30,CLEAR,DAYLIGHT,PEDALCYCLIST,OTHER,STRAIGHT AND LEVEL,DRY,INJURY AND / OR TOW DUE TO CRASH,WABASH AVE,41.87434258,-87.6261417704,POINT (-87.626141770427 41.874342580019)
O1676246,BICYCLE,8a93152dc2e215d8d7188ba29ff4653351aefd062b6204e1df77a14263f20d24330d302949011f13ca7fb846dfc7b80eb42521216e42d8086cde2fe75ac465c0,10/06/2023 03:45:00 PM,M,36.0,BICYCLE HELMET (PEDACYCLIST INVOLVED ONLY),WITH TRAFFIC,IN CROSSWALK,TEST NOT OFFERED,,30,CLOUDY/OVERCAST,DAYLIGHT,PEDALCYCLIST,FOUR WAY,STRAIGHT AND LEVEL,UNKNOWN,NO INJURY / DRIVE AWAY,PETERSON AVE,41.9905527855,-87.6993426384,POINT (-87.69934263843 41.990552785496)
O1676144,BICYCLE,331d80ae638f442f4bbc1eb6bc0b707331645d9be02ddfad8d1c3b132196fc4bc7a66373618e3c4855e6a7b0e3610a56566c8e9d2276d4de18c698a056b7b607,10/06/2023 02:30:00 PM,M,63.0,HELMET NOT USED,UNKNOWN/NA,IN ROADWAY,TEST NOT OFFERED,,30,CLEAR,DAYLIGHT,PEDALCYCLIST,T-INTERSECTION,STRAIGHT AND LEVEL,DRY,INJURY AND / OR TOW DUE TO CRASH,BYRON ST,41.9522625443,-87.6982505194,POINT (-87.698250519427 41.952262544257)
O1675962,BICYCLE,1f7cf582aee629f06c8a16309b4f0f268796993fcf58fdfa9c65c848b6c7deb12e853119f9a0ea806486f4d7ee36b22b8979c35fe639d0f06ef4877087457a3f,10/06/2023 10:20:00 AM,M,,HELMET NOT USED,CROSSING - AGAINST SIGNAL,IN CROSSWALK,TEST NOT OFFERED,,30,CLEAR,DAYLIGHT,PEDALCYCLIST,FOUR WAY,STRAIGHT AND LEVEL,DRY,NO INJURY / DRIVE AWAY,IRVING PARK RD,41.9532928473,-87.7670657078,POINT (-87.767065707753 41.953292847298)
O1679425,BICYCLE,f56b54e1b2e293701d4ae3e929fe66ad84f487b949b870529f8d044d9ddb41c07be9c19abe887d94bc58fa5ab8c763592ad12df49a21ee45c2b0581286eca890,10/06/2023 09:00:00 AM,F,42.0,HELMET NOT USED,WITH TRAFFIC,IN ROADWAY,TEST NOT OFFERED,,30,CLEAR,DAYLIGHT,PEDALCYCLIST,NOT DIVIDED,STRAIGHT AND LEVEL,UNKNOWN,INJURY AND / OR TOW DUE TO CRASH,CLARK ST,41.9377105704,-87.6490321065,POINT (-87.649032106506 41.937710570371)
O1683984,BICYCLE,553ae0f57311a7dc543d527c3d55eee00bb5e7a8dc22b68cb49f55189d05bfbc70b23ed7578401f5e0c825550729b38723d08de404cdd9ffc2a7a821affdf844,10/06/2023 08:47:00 AM,M,46.0,BICYCLE HELMET (PEDACYCLIST INVOLVED ONLY),WITH TRAFFIC,BIKE LANE,TEST NOT OFFERED,,30,CLEAR,DAYLIGHT,PEDALCYCLIST,NOT DIVIDED,STRAIGHT AND LEVEL,DRY,INJURY AND / OR TOW DUE TO CRASH,LINCOLN AVE,41.9267022199,-87.6507306957,POINT (-87.650730695691 41.926702219909)
O1675904,BICYCLE,98bf533a980b3c1154a05c7b1fbe3a21d43bb40275928934f3f82e61e7b7b6c12e079959056b27a37a87413da53f508de88841303a843b8842aeb10a02759c5a,10/06/2023 08:10:00 AM,M,23.0,HELMET NOT USED,WITH TRAFFIC,IN ROADWAY,TEST NOT OFFERED,,30,CLEAR,DAYLIGHT,PEDALCYCLIST,NOT DIVIDED,STRAIGHT AND LEVEL,DRY,INJURY AND / OR TOW DUE TO CRASH,PULASKI RD,41.9527655539,-87.7277366939,POINT (-87.727736693855 41.952765553864)
O1675821,BICYCLE,ad85f63805c3dd0f66a60cbf4b033626cde461a7888b702b401416a2e7d5d4dfb551de8f64d9b10a7bd11562ac34be3601ce5a3df718b676663a73a4f79e3622,10/06/2023 07:50:00 AM,M,52.0,HELMET NOT USED,WITH TRAFFIC,IN ROADWAY,TEST NOT OFFERED,,25,CLEAR,DAYLIGHT,PEDALCYCLIST,NOT DIVIDED,STRAIGHT AND LEVEL,DRY,INJURY AND / OR TOW DUE TO CRASH,GLENWOOD AVE,41.9997015499,-87.6657084185,POINT (-87.665708418515 41.99970154994)
O1679681,BICYCLE,7f5d237653f085b83a55e781195609638fd8e1f52139e6213f9472c62c1a1ab1023f98ba81c875758f2e96be50e319bdedfa2b97a1cdc45829a45b0c6b5c3d05,10/06/2023 07:20:00 AM,F,21.0,HELMET NOT USED,CROSSING - NO CONTROLS (AT INTERSECTION),IN CROSSWALK,TEST NOT OFFERED,,30,CLEAR,DAYLIGHT,PEDALCYCLIST,FOUR WAY,STRAIGHT AND LEVEL,DRY,INJURY AND / OR TOW DUE TO CRASH,LOOMIS ST,41.8752053419,-87.6619659337,POINT (-87.661965933749 41.875205341932)
O1675613,BICYCLE,516a7c28c423c4979057d973e18b6846ce7d7d033248235a1d0f780b1dbaa7f24828a87da8df705097935782ee823273de4f80eeb5518542fcf0a0d84c52d4d8,10/05/2023 06:16:00 PM,M,27.0,HELMET NOT USED,WITH TRAFFIC,IN ROADWAY,TEST NOT OFFERED,,25,CLEAR,DAYLIGHT,PEDALCYCLIST,ONE-WAY,STRAIGHT AND LEVEL,DRY,NO INJURY / DRIVE AWAY,WELLINGTON AVE,41.935863048,-87.6963679936,POINT (-87.696367993563 41.935863047974)
O1675617,BICYCLE,f0ede8ef37bc7d5524f26af3d182588da6f3b83b2997085cfa4dadb65d1455387c9c5ed71398cc098b32d4c1c000e3f00cbac7b2703ef2a7774081d61f381935,10/05/2023 05:33:00 PM,M,16.0,HELMET NOT USED,CROSSING - NO CONTROLS (AT INTERSECTION),UNKNOWN/NA,TEST NOT OFFERED,,30,CLEAR,DAYLIGHT,PEDALCYCLIST,UNKNOWN INTERSECTION TYPE,STRAIGHT AND LEVEL,DRY,INJURY AND / OR TOW DUE TO CRASH,SPAULDING AVE,41.9609972642,-87.7105429063,POINT (-87.71054290629 41.960997264248)
O1675548,BICYCLE,0ba61cf53b862d3b478f9bf9290ac3e06d9725a0076f055f9cde63cdd43b7c2e6da7cfc38a1ef61ac1281b7195d9383f1a6075fb29fd62e7784be83c62d03913,10/05/2023 05:25:00 PM,M,27.0,HELMET NOT USED,WITH TRAFFIC,IN ROADWAY,TEST NOT OFFERED,,30,CLEAR,DAYLIGHT,PEDALCYCLIST,NOT DIVIDED,STRAIGHT AND LEVEL,DRY,NO INJURY / DRIVE AWAY,DEVON AVE,41.9978970135,-87.6865860596,POINT (-87.686586059628 41.997897013485)
O1675559,BICYCLE,25797fa6a6ac93e30fdbddab0e01036efd2c6819cf474129c07ecef4710833aa1fc4bcc5ed0ff05f3b54e4b3bf8207bf63890c8599d4b8b7cbb6ba0f86a18778,10/05/2023 03:06:00 PM,M,34.0,BICYCLE HELMET (PEDACYCLIST INVOLVED ONLY),WITH TRAFFIC,IN ROADWAY,TEST NOT OFFERED,N,30,CLEAR,DAYLIGHT,PEDALCYCLIST,NOT DIVIDED,STRAIGHT AND LEVEL,UNKNOWN,INJURY AND / OR TOW DUE TO CRASH,JUNEWAY TER,42.0226602681,-87.6766472381,POINT (-87.67664723812 42.022660268078)
O1675424,BICYCLE,3fd93f4fdb4c0bcc754a138cb1737bbf36d7962187c43f90eb7510df86835fdf9b36b8e10b860bebca9d33997a7e0f1350365aba614103761c3cb4295a0b608b,10/05/2023 01:54:00 PM,F,44.0,BICYCLE HELMET (PEDACYCLIST INVOLVED ONLY),WITH TRAFFIC,SHOULDER,,,30,CLEAR,DAYLIGHT,PEDALCYCLIST,DIVIDED - W/MEDIAN (NOT RAISED),STRAIGHT AND LEVEL,DRY,INJURY AND / OR TOW DUE TO CRASH,SHERIDAN RD,42.0140411323,-87.6639709089,POINT (-87.663970908946 42.014041132277)
O1675344,BICYCLE,4b1b3085e1721e7f5aa13aa3a6a51eed0bf4f66668f483fd92886fa0a48af4f8e6b3b64218948b733f1208eb649e4e4c37ad6cd19ea668f3f104bf0df9ec66ed,10/05/2023 12:08:00 PM,F,46.0,HELMET NOT USED,OTHER ACTION,IN ROADWAY,TEST NOT OFFERED,,30,CLEAR,DAYLIGHT,PEDALCYCLIST,ONE-WAY,STRAIGHT AND LEVEL,WET,INJURY AND / OR TOW DUE TO CRASH,ALBION AVE,42.0024367922,-87.6612666121,POINT (-87.661266612062 42.00243679216)
O1675206,BICYCLE,56f7bcf5e4ac2ff5f35a4b808b023f9fdb25b00646193d892e5cda37aa261530a927fdaf6a1135071c9bd7c01eb102f61f7a857fd0f4d0b5500df38ad071e79c,10/05/2023 09:20:00 AM,F,46.0,BICYCLE HELMET (PEDACYCLIST INVOLVED ONLY),WITH TRAFFIC,IN ROADWAY,TEST NOT OFFERED,,30,CLOUDY/OVERCAST,DAYLIGHT,PEDALCYCLIST,NOT DIVIDED,STRAIGHT AND LEVEL,WET,INJURY AND / OR TOW DUE TO CRASH,ARMITAGE AVE,41.9180619549,-87.6490715842,POINT (-87.649071584169 41.918061954926)
O1675112,BICYCLE,1b6feffcb6dae0914214db5f0341d80c8adb46d5b2e241a6789776c4fe71d210f18acc6fdb53b1136b39a81ac26374b5030a7dac7eae3129a9752919594f14c2,10/05/2023 07:53:00 AM,F,40.0,HELMET NOT USED,NO ACTION,BIKE LANE,TEST NOT OFFERED,,30,CLEAR,DAYLIGHT,PEDALCYCLIST,NOT DIVIDED,STRAIGHT AND LEVEL,WET,INJURY AND / OR TOW DUE TO CRASH,ARMITAGE AVE,41.9171596755,-87.7358724596,POINT (-87.735872459639 41.917159675538)
O1675136,BICYCLE,2e927af5313a306586458efceaf953446f44bcdfb4e9f4e320d6fd780e4ac33a8fc437ca0d82ce89182d50eaa82a60949a3a62d5a5d7268dfeb29c68ae626514,10/05/2023 07:20:00 AM,M,51.0,BICYCLE HELMET (PEDACYCLIST INVOLVED ONLY),WITH TRAFFIC,IN ROADWAY,TEST NOT OFFERED,,30,RAIN,DAYLIGHT,PEDALCYCLIST,NOT DIVIDED,STRAIGHT AND LEVEL,WET,INJURY AND / OR TOW DUE TO CRASH,MAGNOLIA AVE,41.9183521286,-87.6597338204,POINT (-87.659733820438 41.918352128626)
O1675022,BICYCLE,f82f09a2264e231c6509ceb501412b3ec3fb3cf63cb9bfd29844024b8b9032a3941386c17a023b02d465061c153fe7d7d2978a01cd49e817c42bf68f775083bb,10/04/2023 11:55:00 PM,M,20.0,HELMET NOT USED,CROSSING - AGAINST SIGNAL,IN ROADWAY,TEST NOT OFFERED,,30,RAIN,"DARKNESS, LIGHTED ROAD",PEDALCYCLIST,FOUR WAY,STRAIGHT AND LEVEL,WET,INJURY AND / OR TOW DUE TO CRASH,STATE ST,41.8845205564,-87.6280582821,POINT (-87.628058282128 41.8845205564)
O1674954,BICYCLE,08af0f15b976197e02e382b97731845cd132f9d9f65d4a6693ceef9ab3d684d9783fc4908f81e00f9ee1bf3abe758f3195043c89ce37278166da635aa05a437a,10/04/2023 09:45:00 PM,M,,BICYCLE HELMET (PEDACYCLIST INVOLVED ONLY),CROSSING - AGAINST SIGNAL,IN ROADWAY,TEST NOT OFFERED,,30,CLEAR,"DARKNESS, LIGHTED ROAD",PEDALCYCLIST,FOUR WAY,STRAIGHT AND LEVEL,DRY,NO INJURY / DRIVE AWAY,CLINTON ST,41.8806012751,-87.6410073768,POINT (-87.641007376808 41.880601275122)
O1675374,BICYCLE,1114d197d763c50854347c0ac03786d27084e45cab0d311d25fde04f87ae647f0f783328d4131790c98b2960146f519b692cf58ffedd7066fae67f30fe29a31b,10/04/2023 09:24:00 PM,M,28.0,BICYCLE HELMET (PEDACYCLIST INVOLVED ONLY),WITH TRAFFIC,BIKE LANE,TEST NOT OFFERED,,30,CLEAR,"DARKNESS, LIGHTED ROAD",PEDALCYCLIST,DIVIDED - W/MEDIAN (NOT RAISED),STRAIGHT AND LEVEL,DRY,INJURY AND / OR TOW DUE TO CRASH,GILES AVE,41.8309851483,-87.6194841466,POINT (-87.619484146646 41.830985148322)
O1675001,BICYCLE,683077f98c219cfdce3f09fdb5da9ed34891223a79f870d95980463823a0f91df6ca8798135037c41a4aff97190707dac5531c3ba1fae212c9629e04ef8d39e4,10/04/2023 07:30:00 PM,M,16.0,HELMET NOT USED,WITH TRAFFIC,IN ROADWAY,TEST NOT OFFERED,Y,25,CLEAR,"DARKNESS, LIGHTED ROAD",PEDALCYCLIST,FOUR WAY,STRAIGHT AND LEVEL,DRY,INJURY AND / OR TOW DUE TO CRASH,WAVELAND AVE,41.9476610208,-87.761693753,POINT (-87.761693753019 41.947661020823)
O1677889,BICYCLE,db9c3c0def89a5a4bab031898b6c7b4ad86f7e2d274fb82c2c03a914977ab0bdcfb17c646e658bf2428684e247473853361fed484b5ecc78acc1571b64ec0b87,10/04/2023 06:40:00 PM,M,15.0,HELMET NOT USED,CROSSING - NO CONTROLS (AT INTERSECTION),IN CROSSWALK,TEST NOT OFFERED,,30,CLEAR,DARKNESS,PEDALCYCLIST,NOT DIVIDED,STRAIGHT AND LEVEL,DRY,INJURY AND / OR TOW DUE TO CRASH,PULASKI RD,41.7759605749,-87.7225445388,POINT (-87.72254453875 41.775960574882)
O1675637,BICYCLE,d989dec86391670d34533c723544ab8494a85c54bc322f28a64873f1e8a21db7ac0b287460f4a46afd5f8bbb8f01d89595376249f3baae96b2dddb9c3061ed4f,10/04/2023 06:00:00 PM,M,,HELMET NOT USED,WITH TRAFFIC,IN ROADWAY,TEST NOT OFFERED,Y,30,UNKNOWN,UNKNOWN,PEDALCYCLIST,NOT DIVIDED,STRAIGHT AND LEVEL,UNKNOWN,NO INJURY / DRIVE AWAY,AUSTIN AVE,41.9775382402,-87.7782892508,POINT (-87.778289250812 41.977538240222)
O1679393,BICYCLE,f6c5d05dd4a6f2e1cfcbd3a8fb1490df26b309e48e543bc7b348456835c8d5cd1e60e1c617beadc3d366ef8a23e960306f2a57d30902d4755de2408c54d6b9d8,10/04/2023 05:15:00 PM,F,30.0,HELMET NOT USED,WITH TRAFFIC,BIKE LANE,,,30,CLOUDY/OVERCAST,DAYLIGHT,PEDALCYCLIST,NOT DIVIDED,STRAIGHT AND LEVEL,DRY,INJURY AND / OR TOW DUE TO CRASH,LINCOLN AVE,41.9315824891,-87.6575567754,POINT (-87.65755677537 41.931582489121)
O1674760,BICYCLE,8d23aa905c70fe73678a76ce29694f0e49111728452eaceb2e518b22565be39ba36c064ec814e4d76c0add04b837cbc3ed4a9f8aa6e39f02aa89128d4f5ec40c,10/04/2023 04:10:00 PM,M,36.0,HELMET NOT USED,NO ACTION,IN ROADWAY,TEST NOT OFFERED,,30,CLEAR,DAYLIGHT,PEDALCYCLIST,NOT DIVIDED,STRAIGHT AND LEVEL,DRY,INJURY AND / OR TOW DUE TO CRASH,SOUTHPORT AVE,41.9455019274,-87.6641222632,POINT (-87.664122263211 41.945501927381)
O1676292,BICYCLE,ec5e0278f54ad8b6772c507fbe0dc80c4fc5e7451e7a1e7a23bb610bfb6a3563fc299b63dd09401afbdc1a9487653921766304399206218f4483b4f3bf71018a,10/04/2023 03:45:00 PM,F,24.0,BICYCLE HELMET (PEDACYCLIST INVOLVED ONLY),WITH TRAFFIC,BIKE LANE,TEST NOT OFFERED,,30,CLEAR,DAYLIGHT,PEDALCYCLIST,ONE-WAY,STRAIGHT AND LEVEL,DRY,INJURY AND / OR TOW DUE TO CRASH,CAMPBELL AVE,41.8993976984,-87.6895442382,POINT (-87.689544238165 41.899397698375)
O1674807,BICYCLE,b7dc62e93767f1c1f24b1d6a863f8ba300fb7c1e109f4833f1504a21e6c5ddb621ee04ac30a596ff48e19759185f066b3cd7883c282ef77c2b6dbccf1eb4dd9e,10/04/2023 03:21:00 PM,F,22.0,HELMET NOT USED,UNKNOWN/NA,UNKNOWN/NA,,,30,CLEAR,DAYLIGHT,PEDALCYCLIST,DIVIDED - W/MEDIAN (NOT RAISED),STRAIGHT AND LEVEL,DRY,INJURY AND / OR TOW DUE TO CRASH,LAKE PARK AVE,41.8004307681,-87.5872569118,POINT (-87.587256911765 41.800430768095)
O1674708,BICYCLE,ac51544aecfe912331466cf0b715b4f44c4eef87547f70897fe8ce281c4d82d62c4c17c9976a44ae085c8693d9f3f231b6cf1257f4846b40de4cd71b8a06f129,10/04/2023 03:00:00 PM,M,41.0,HELMET NOT USED,OTHER ACTION,UNKNOWN/NA,,,30,CLEAR,DAYLIGHT,PEDALCYCLIST,NOT DIVIDED,STRAIGHT AND LEVEL,DRY,NO INJURY / DRIVE AWAY,NORTH AVE,41.9098297115,-87.7386109591,POINT (-87.738610959115 41.909829711517)
O1674566,BICYCLE,e1e02b98b35752606293247fe44c7ff36a85a633b814cfafdc3ea6bddda13d3ccf2ea129567baeb36cb1001eb3574dd89f04ff454a9963ec338936f5819bf8c4,10/04/2023 12:20:00 PM,M,43.0,HELMET NOT USED,NO ACTION,IN ROADWAY,,,20,CLEAR,DAYLIGHT,PEDALCYCLIST,NOT DIVIDED,STRAIGHT AND LEVEL,DRY,INJURY AND / OR TOW DUE TO CRASH,HARRISON ST,41.8735822883,-87.705488126,POINT (-87.705488125953 41.873582288348)
O1677832,BICYCLE,7ff4169e9925756136fa03e6749222b1b885b64ffbddbd0a38fb8ffb38170cdd4b1d73ecbf72180540e577f89bb7f1072ab1946d3622d898bb4b05d03281eb88,10/04/2023 11:50:00 AM,M,27.0,BICYCLE HELMET (PEDACYCLIST INVOLVED ONLY),TURNING LEFT,BIKEWAY,TEST NOT OFFERED,,30,CLEAR,DAYLIGHT,PEDALCYCLIST,NOT DIVIDED,STRAIGHT AND LEVEL,DRY,INJURY AND / OR TOW DUE TO CRASH,CLARK ST,41.945592917,-87.6553914759,POINT (-87.655391475929 41.945592917045)
O1674535,BICYCLE,f59e91fc10cb7c495fef0ef0a6cb631a3426e447ce55a3b1d5d9bdf832f5040de13c5e6da89debb32b97a9a8bb8f15b0b491164b61a2e2dc81033fe57d4ef459,10/04/2023 10:00:00 AM,M,,HELMET NOT USED,NO ACTION,IN ROADWAY,TEST NOT OFFERED,,20,CLEAR,DAYLIGHT,PEDALCYCLIST,NOT DIVIDED,STRAIGHT AND LEVEL,DRY,NO INJURY / DRIVE AWAY,MARCEY ST,41.9165831784,-87.6585721385,POINT (-87.658572138485 41.916583178444)
O1675356,BICYCLE,37010a2e098b2b40e627cf2282cd7e02de956630b97108393f41a33e97f7eca02d3446f8fc73961c941bbb454c031dd71349a5cf8d8577648362a56b9e0fbc99,10/04/2023 09:40:00 AM,M,26.0,BICYCLE HELMET (PEDACYCLIST INVOLVED ONLY),WITH TRAFFIC,BIKE LANE,TEST NOT OFFERED,Y,30,UNKNOWN,DAYLIGHT,PEDALCYCLIST,NOT DIVIDED,STRAIGHT AND LEVEL,UNKNOWN,INJURY AND / OR TOW DUE TO CRASH,LINCOLN AVE,41.9451524031,-87.6726503545,POINT (-87.672650354463 41.9451524031)
O1677080,BICYCLE,e03a743bad5b2ba13774a93c5a30aa5cd16307ecc1c85c2d1b90430fb8ba712a30355656ac17379ccd064744deebe597e81988d2781289da71c547dd4d547029,10/04/2023 09:00:00 AM,F,,BICYCLE HELMET (PEDACYCLIST INVOLVED ONLY),WITH TRAFFIC,IN ROADWAY,TEST REFUSED,,20,CLEAR,DAYLIGHT,PEDALCYCLIST,NOT DIVIDED,STRAIGHT AND LEVEL,DRY,NO INJURY / DRIVE AWAY,SEMINARY AVE,41.9278910804,-87.6559717213,POINT (-87.655971721333 41.927891080442)
O1674407,BICYCLE,db24f705aaa76921efc5229b0720552c09f988bd8ec4fdd140b8bc67e035b391fc99d30c1ac2c780429053c032f47e8f716999285fbe10683006bfc40b591255,10/04/2023 08:50:00 AM,F,27.0,BICYCLE HELMET (PEDACYCLIST INVOLVED ONLY),CROSSING - WITH SIGNAL,IN CROSSWALK,TEST NOT OFFERED,,30,CLEAR,DAYLIGHT,PEDALCYCLIST,FOUR WAY,STRAIGHT AND LEVEL,DRY,NO INJURY / DRIVE AWAY,BELMONT AVE,41.9394405612,-87.7077185163,POINT (-87.707718516309 41.939440561174)
O1751668,NON-MOTOR VEHICLE,4f3aff8a02db1ee4ff517babb642e0b25364404a4bce96735abd0be92d847a4e1dcc073be0dc74dfc095baa0afd2f172f25b0d3f75f95c294f1498debbff3f08,10/04/2023 07:30:00 AM,M,,USAGE UNKNOWN,WITH TRAFFIC,IN ROADWAY,TEST NOT OFFERED,,30,CLOUDY/OVERCAST,DAYLIGHT,OTHER OBJECT,NOT DIVIDED,STRAIGHT AND LEVEL,UNKNOWN,INJURY AND / OR TOW DUE TO CRASH,DAMEN AVE,41.9554036906,-87.6789394958,POINT (-87.678939495806 41.955403690587)
O1674313,BICYCLE,0ea60e0956649f7c3710e187f5df43b9bb9002be55ba9d36154a6f2725450fd464918214a5167b800bf08eb1c98d7e3e3f49e678f2b13569375eba0637c1c057,10/04/2023 03:40:00 AM,M,20.0,HELMET NOT USED,PLAYING IN ROADWAY,IN ROADWAY,TEST NOT OFFERED,,30,CLEAR,"DARKNESS, LIGHTED ROAD",PEDALCYCLIST,NOT DIVIDED,STRAIGHT AND LEVEL,DRY,INJURY AND / OR TOW DUE TO CRASH,DEARBORN ST,41.8776495584,-87.6291362753,POINT (-87.629136275256 41.877649558367)
O1674243,BICYCLE,ebb9eaf253512f02933899e550e0b74cd22519a60e72385ef31d29fa82510203178280be6e6b885d1e4acbde92697d142b91a68c4916c19f1e7762f513aeaa9b,10/03/2023 08:31:00 PM,M,18.0,HELMET NOT USED,UNKNOWN/NA,IN ROADWAY,TEST NOT OFFERED,,30,CLEAR,DARKNESS,PEDALCYCLIST,DIVIDED - W/MEDIAN (NOT RAISED),STRAIGHT AND LEVEL,DRY,INJURY AND / OR TOW DUE TO CRASH,LOOMIS ST,41.7357686533,-87.6583492732,POINT (-87.658349273218 41.735768653272)