PERSON_ID,PERSON_TYPE,CRASH_RECORD_ID,CRASH_DATE_x,SEX,AGE,SAFETY_EQUIPMENT,PEDPEDAL_ACTION,PEDPEDAL_LOCATION,BAC_RESULT,CRASH_DATE_EST_I,POSTED_SPEED_LIMIT,WEATHER_CONDITION,LIGHTING_CONDITION,FIRST_CRASH_TYPE,TRAFFICWAY_TYPE,ALIGNMENT,ROADWAY_SURFACE_COND,CRASH_TYPE,STREET_NAME,LATITUDE,LONGITUDE,LOCATION
O1674204,BICYCLE,a7cf7a32576ac3c9aa90c9313da05616309420b906d851d0a2f047e16810d0365f1d098059e79b4e9add5379b20d675d30c4798423a7ca75a4b5a742b8ebc69f,10/03/2023 06:55:00 PM,M,27.0,HELMET NOT USED,CROSSING - WITH SIGNAL,IN CROSSWALK,TEST NOT OFFERED,,30,CLEAR,DUSK,PEDALCYCLIST,DIVIDED - W/MEDIAN BARRIER,STRAIGHT AND LEVEL,DRY,INJURY AND / OR TOW DUE TO CRASH,POLK ST,41.871374327,-87.675972838,POINT (-87.675972837973 41.871374327018)
O1674125,BICYCLE,eec6a3a0388a040155a7cd09c8ba11485647756549c10e4dc296ef26d9c89d56c5175694cf9da6d499890cfe9bd2a644554ca765dcccd548194317c617b37bb7,10/03/2023 06:20:00 PM,M,14.0,HELMET NOT USED,WITH TRAFFIC,BIKE LANE,TEST NOT OFFERED,,15,CLEAR,DAYLIGHT,PEDALCYCLIST,ALLEY,STRAIGHT AND LEVEL,DRY,INJURY AND / OR TOW DUE TO CRASH,MILWAUKEE AVE,41.9179464734,-87.6894639068,POINT (-87.689463906833 41.917946473364)
O1674781,BICYCLE,d34fea8dc6ef528a02fa2af482c90c5c091bcc8b71a4c0d2c335e5258c9f97bf115a03a7cf8edcf19827721d1bbd63cb3fb48a51024f1e2329d2aa8f7cbf82cb,10/03/2023 05:30:00 PM,M,32.0,HELMET NOT USED,UNKNOWN/NA,IN ROADWAY,TEST NOT OFFERED,,30,UNKNOWN,UNKNOWN,PEDALCYCLIST,DRIVEWAY,STRAIGHT AND LEVEL,UNKNOWN,NO INJURY / DRIVE AWAY,STATE ST,41.8953472932,-87.6283118761,POINT (-87.628311876058 41.895347293173)
O1674035,BICYCLE,5260aa7cbeaaafc9f58aaf8ee484086901302fb25189605f800c4fbbae979ccbad1cd4dd987066f75ba800f6321401006c15bf5b040d35bac3191985abfcaa74,10/03/2023 04:57:00 PM,M,,HELMET NOT USED,CROSSING - AGAINST SIGNAL,IN CROSSWALK,TEST NOT OFFERED,,30,CLEAR,DAYLIGHT,PEDALCYCLIST,FOUR WAY,STRAIGHT AND LEVEL,DRY,INJURY AND / OR TOW DUE TO CRASH,MARQUETTE RD,41.7748496747,-87.605869816,POINT (-87.605869815967 41.774849674727)
O1673975,BICYCLE,b31fc4f1754b97358df389279ed38d72b783b66bd58a671fbc4413d5a1499afc38112ffe1a0bf70cf2822373552fd0cdbf7b60523e70305a6bba56283a2d0e8e,10/03/2023 03:34:00 PM,M,23.0,BICYCLE HELMET (PEDACYCLIST INVOLVED ONLY),OTHER ACTION,BIKE LANE,TEST NOT OFFERED,,30,CLEAR,DAYLIGHT,PEDALCYCLIST,FOUR WAY,STRAIGHT AND LEVEL,DRY,INJURY AND / OR TOW DUE TO CRASH,SIMONDS DR,41.9697131373,-87.6459685332,POINT (-87.645968533198 41.96971313727)
O1673792,BICYCLE,7b3af7adba50ad1083a8021db284ff4b5003b469abeb7983370e30e963afa16052c8fe014d546a3d9227cf77594bc4739e27760909b4c427137f77502fb34890,10/03/2023 12:18:00 PM,M,19.0,BICYCLE HELMET (PEDACYCLIST INVOLVED ONLY),WITH TRAFFIC,IN ROADWAY,TEST NOT OFFERED,,30,CLEAR,DAYLIGHT,PEDALCYCLIST,NOT DIVIDED,STRAIGHT AND LEVEL,DRY,INJURY AND / OR TOW DUE TO CRASH,HALSTED ST,41.8544202133,-87.6463973992,POINT (-87.646397399215 41.854420213308)
O1673668,BICYCLE,b83bc3b5017e420fe1df35c9f7924b59c25618f912c2fa5ae06470ae8bd903a75f5bb689194b7642f425daab489d137fb2bc202bda8b8b87a4df865984b2c4e8,10/03/2023 08:57:00 AM,F,54.0,HELMET NOT USED,OTHER ACTION,IN ROADWAY,TEST NOT OFFERED,,30,CLEAR,DAYLIGHT,PEDALCYCLIST,DIVIDED - W/MEDIAN (NOT RAISED),STRAIGHT AND LEVEL,DRY,INJURY AND / OR TOW DUE TO CRASH,47TH ST,41.8076530607,-87.749213528,POINT (-87.749213528001 41.80765306067)
O1685424,BICYCLE,03b06ff0e57f1d38bd05745e11a05f51ab7f4fe3ff5e7e59b16ee42134e30a6bb335181de95ea89b0eacb1adb34d2744b3ae1023a7c8a50bcac7956f77cd03de,10/03/2023 08:40:00 AM,M,,BICYCLE HELMET (PEDACYCLIST INVOLVED ONLY),CROSSING - WITH SIGNAL,BIKEWAY,TEST NOT OFFERED,Y,30,CLEAR,DAYLIGHT,PEDALCYCLIST,FOUR WAY,STRAIGHT AND LEVEL,DRY,INJURY AND / OR TOW DUE TO CRASH,ELSTON AVE,41.9256865773,-87.678171364,POINT (-87.678171364026 41.925686577346)
O1673542,BICYCLE,d353981d70627c211257a598da4c5b287ff688e16e1eca74e9ed3b1b376067502864cf65a5efcf6eeb28612a924d082de63e69797cfb0f6fca71ed72519538b6,10/03/2023 07:52:00 AM,M,49.0,HELMET NOT USED,OTHER ACTION,IN CROSSWALK,TEST NOT OFFERED,,30,CLEAR,DAYLIGHT,PEDALCYCLIST,DIVIDED - W/MEDIAN BARRIER,STRAIGHT AND LEVEL,DRY,INJURY AND / OR TOW DUE TO CRASH,LA SALLE DR,41.8931710772,-87.6324898726,POINT (-87.632489872566 41.893171077236)
O1673478,BICYCLE,5f5b9c77d1ddee1bd12f46362c623041d7816a6ff9b2a17c76cebf70848fafb16855312f1eda1b3f45802b013a171f6ac793692b07207906dd6e677fdce70854,10/03/2023 12:10:00 AM,M,,HELMET NOT USED,PARKED VEHICLE,IN ROADWAY,TEST NOT OFFERED,,30,CLEAR,"DARKNESS, LIGHTED ROAD",PEDALCYCLIST,ONE-WAY,STRAIGHT AND LEVEL,DRY,NO INJURY / DRIVE AWAY,HUBBARD ST,41.8899304399,-87.6295259415,POINT (-87.62952594153 41.889930439942)
O1673447,BICYCLE,bf1c3252db1e567c35f90686ae00cfceba68ddb15996a87079fa50bff589b310dd9b7a1680af8582378dcedd6a7f5d384b05cc84982859baa3072f19a7266d0d,10/02/2023 10:14:00 PM,M,39.0,HELMET NOT USED,UNKNOWN/NA,IN ROADWAY,TEST NOT OFFERED,,35,CLEAR,"DARKNESS, LIGHTED ROAD",PEDALCYCLIST,FOUR WAY,STRAIGHT AND LEVEL,DRY,NO INJURY / DRIVE AWAY,HALSTED ST,41.8015371521,-87.6454903606,POINT (-87.645490360635 41.801537152074)
O1673463,BICYCLE,91f97b007996d62ce98e9c8647d40da18c6e20f66be7ac4958c734e5346f53dba6e882cbb121be72b1e1a596ee7663b585968b25ad783dd2f6ad06422f747a4b,10/02/2023 10:00:00 PM,M,28.0,BICYCLE HELMET (PEDACYCLIST INVOLVED ONLY),WITH TRAFFIC,IN ROADWAY,TEST NOT OFFERED,,30,CLEAR,"DARKNESS, LIGHTED ROAD",PEDALCYCLIST,ONE-WAY,STRAIGHT AND LEVEL,DRY,INJURY AND / OR TOW DUE TO CRASH,GRAND AVE,41.9082555487,-87.7313611584,POINT (-87.73136115844 41.90825554869)
O1673468,BICYCLE,1034e4109c33eb57f44b4314adacc5ab431ad066bc6e66cbcf96a8f9e7ba79f1f717514d57f255ba6c287bd2918f6955105e3d53dbab93dfdebee94ff8f1469a,10/02/2023 09:40:00 PM,M,66.0,HELMET NOT USED,WITH TRAFFIC,IN ROADWAY,TEST NOT OFFERED,,30,CLEAR,"DARKNESS, LIGHTED ROAD",PEDALCYCLIST,DIVIDED - W/MEDIAN BARRIER,STRAIGHT AND LEVEL,DRY,INJURY AND / OR TOW DUE TO CRASH,MICHIGAN AVE,41.8879144976,-87.6244134303,POINT (-87.624413430312 41.887914497615)
O1673404,BICYCLE,2061238f69332d34204342313ea83040d7ddda15b70bab46964f3f4ed539ced63572c60074846b2544dc8a690df85971bbff42ae60fdcec123c40767dfe920c2,10/02/2023 07:30:00 PM,F,34.0,HELMET NOT USED,CROSSING - WITH SIGNAL,IN ROADWAY,TEST NOT OFFERED,,30,CLEAR,DARKNESS,PEDALCYCLIST,FOUR WAY,STRAIGHT AND LEVEL,DRY,INJURY AND / OR TOW DUE TO CRASH,MICHIGAN AVE,41.8883435281,-87.6246487615,POINT (-87.624648761452 41.888343528092)
O1673415,BICYCLE,0f17f6c1eb95c225d995a4e6b5b28f6f45ce824e06c4f34c113bfc7dfb600e6dc1747bedad500a51a16459bd286d30c97e0360702dbde8b8a4c67b1502ce0669,10/02/2023 07:17:00 PM,F,54.0,BICYCLE HELMET (PEDACYCLIST INVOLVED ONLY),NO ACTION,BIKEWAY,TEST NOT OFFERED,,40,CLEAR,"DARKNESS, LIGHTED ROAD",PEDALCYCLIST,DIVIDED - W/MEDIAN (NOT RAISED),STRAIGHT AND LEVEL,DRY,INJURY AND / OR TOW DUE TO CRASH,LAKE SHORE DR NB,41.9800892177,-87.6524061247,POINT (-87.652406124734 41.980089217666)
O1673290,BICYCLE,3306e0b43bfd549123212bf418fb79cf0ddd4caa1474a42a8c59c7a644e59e161d79edaae7b743e2807b43c0b866b7fb3e513988eea771b0ac434f3f5d84ab32,10/02/2023 05:10:00 PM,M,25.0,HELMET NOT USED,TURNING LEFT,UNKNOWN/NA,TEST NOT OFFERED,,30,CLEAR,DAWN,PEDALCYCLIST,FOUR WAY,STRAIGHT AND LEVEL,DRY,INJURY AND / OR TOW DUE TO CRASH,BROADWAY,41.9652701444,-87.657554292,POINT (-87.657554292026 41.965270144389)
O1673276,NON-MOTOR VEHICLE,02f162239496a70e96fac3b53336c822aaaab6342b7fc961c729cb9a7d7ff831c5addb1100d5b89d962d4413665c9b0cfc50f7074cfbfeef5617914386b26a90,10/02/2023 04:30:00 PM,M,29.0,USAGE UNKNOWN,WITH TRAFFIC,BIKE LANE,TEST NOT OFFERED,,30,CLEAR,DAYLIGHT,OTHER OBJECT,NOT DIVIDED,STRAIGHT AND LEVEL,DRY,INJURY AND / OR TOW DUE TO CRASH,DAMEN AVE,41.9558086096,-87.6786580515,POINT (-87.678658051539 41.95580860964)
O1673399,BICYCLE,04bbf58a033993147a61dd1580841264c4dea92a3606a4dc594595f922979fedf1c96c8db90a8a01a12d57cb30758a455e6102f7276b0db97a0e973247c2a560,10/02/2023 03:02:00 PM,M,46.0,BICYCLE HELMET (PEDACYCLIST INVOLVED ONLY),CROSSING - CONTROLS PRESENT (NOT AT INTERSECTION),IN ROADWAY,TEST NOT OFFERED,,20,CLEAR,DAYLIGHT,PEDALCYCLIST,DIVIDED - W/MEDIAN (NOT RAISED),STRAIGHT AND LEVEL,DRY,INJURY AND / OR TOW DUE TO CRASH,WILSON AVE,41.965375616,-87.6499565262,POINT (-87.649956526198 41.965375615998)
O1676645,BICYCLE,cf6fb3f648f279f3a279bba5e8f5aa9d9e7ecc186844e3f471b71149b62d2e0b8eab6a95399353bb02ed80c4db51870b77c07baccd3ea7536039574dbacbd296,10/02/2023 09:05:00 AM,M,48.0,HELMET NOT USED,OTHER ACTION,IN ROADWAY,TEST NOT OFFERED,,30,CLEAR,DAYLIGHT,PEDALCYCLIST,NOT DIVIDED,STRAIGHT AND LEVEL,DRY,INJURY AND / OR TOW DUE TO CRASH,CENTRAL PARK AVE,41.8707919761,-87.7157043652,POINT (-87.71570436515 41.870791976149)
O1672899,BICYCLE,2a5a732a05efb7d000d4753168b87e11568fade6b341beadfee6d0172f4eb78021f51a4cf22b59ec3150596aa6b120738e7b75dd4f539757103b8391fe9f22b7,10/02/2023 08:05:00 AM,M,27.0,HELMET NOT USED,WITH TRAFFIC,BIKEWAY,TEST NOT OFFERED,,30,CLEAR,DAYLIGHT,PEDALCYCLIST,DIVIDED - W/MEDIAN BARRIER,STRAIGHT AND LEVEL,DRY,INJURY AND / OR TOW DUE TO CRASH,OGDEN AVE,41.8854749005,-87.6628051847,POINT (-87.662805184738 41.885474900515)
O1672828,BICYCLE,5865b9f36f31b7e748f4295779403d2089a66415b83ca99df50135c91ecd8c81654328b23043cd36022844944c3c56281a67b8f0879218a1f8ef66d9d3a809e7,10/02/2023 08:04:00 AM,M,32.0,HELMET NOT USED,CROSSING - AGAINST SIGNAL,BIKE LANE,TEST NOT OFFERED,,30,CLEAR,DAYLIGHT,PEDALCYCLIST,NOT DIVIDED,STRAIGHT AND LEVEL,UNKNOWN,INJURY AND / OR TOW DUE TO CRASH,LAKE SHORE DR NB,41.8844742743,-87.6135613672,POINT (-87.613561367179 41.88447427434)
O1672842,BICYCLE,90f0f85deb0e6e27a906bc2b11d0f8a1ea3ca122dde279a443fd2dd8b9d8f63b3a856373b857205000c7675fb8fedc12536e91814d3b6f29277f4f8be5412790,10/02/2023 07:45:00 AM,M,56.0,HELMET NOT USED,CROSSING - AGAINST SIGNAL,NOT IN ROADWAY,TEST NOT OFFERED,,30,CLEAR,DAYLIGHT,PEDALCYCLIST,ONE-WAY,STRAIGHT AND LEVEL,DRY,INJURY AND / OR TOW DUE TO CRASH,SACRAMENTO BLVD,41.875903095,-87.7009314798,POINT (-87.700931479845 41.875903095024)
O1672693,BICYCLE,4be0c2d0f7782f34756e37778f074b8cd6f44c5a1e8b63456e732b29ace49d77e1d0381cddcec5e2b6f07f5d798de033c6baf02c1fcbdceb5ae93b7c7575f965,10/01/2023 09:50:00 PM,M,24.0,HELMET NOT USED,AGAINST TRAFFIC,BIKE LANE,,,30,CLEAR,DARKNESS,PEDALCYCLIST,ONE-WAY,STRAIGHT AND LEVEL,DRY,NO INJURY / DRIVE AWAY,WINTHROP AVE,41.9884482924,-87.6580175364,POINT (-87.658017536403 41.988448292397)
O1672650,BICYCLE,e3ec5a2a2ef2b977ddb63ddbd210041cef09c31ad39d2ff585fc1a9339f0c9723b8f97de899284a53d05ff3aa1f8ef05705cdb685fa7a63d8b3e60c50d456807,10/01/2023 08:45:00 PM,F,,HELMET NOT USED,ENTER FROM DRIVE/ALLEY,DRIVEWAY ACCESS,,,20,CLEAR,"DARKNESS, LIGHTED ROAD",PEDALCYCLIST,ONE-WAY,STRAIGHT AND LEVEL,DRY,NO INJURY / DRIVE AWAY,SPRINGFIELD AVE,41.9614409508,-87.7252461475,POINT (-87.72524614751 41.961440950808)
O1672631,BICYCLE,2e04eaae2eeb141b753f20615c4d64aa6f5f4ef037ffe6c4a4038395407e066b499c45f2e3dd9a7726f406f399650662dd0067db88ad2aa7124c6411daad2218,10/01/2023 07:52:00 PM,M,26.0,HELMET NOT USED,CROSSING - AGAINST SIGNAL,IN ROADWAY,TEST NOT OFFERED,,30,CLEAR,"DARKNESS, LIGHTED ROAD",PEDALCYCLIST,NOT REPORTED,STRAIGHT AND LEVEL,DRY,NO INJURY / DRIVE AWAY,DAMEN AVE,41.9723088789,-87.6791462351,POINT (-87.679146235138 41.972308878913)
O1673268,BICYCLE,957c7fea6ab0a7514792185ce2792fa971d132957506ca59ae649db859810f26c06045527188e966f08e2d3e076c68cb657fd991d4da79100444544bc5b20909,10/01/2023 07:23:00 PM,M,,HELMET NOT USED,WITH TRAFFIC,IN ROADWAY,TEST NOT OFFERED,,30,CLEAR,"DARKNESS, LIGHTED ROAD",PEDALCYCLIST,ONE-WAY,STRAIGHT AND LEVEL,DRY,NO INJURY / DRIVE AWAY,STATE ST,41.7490285683,-87.6246230458,POINT (-87.624623045796 41.749028568338)
O1672625,BICYCLE,436662d21c27572e2fab9fe16f61ed93e1a4afdaa637be89c343ef59cbf2499536b30fb7cb796b44d3013f4dc5a63cc397eb5512ccdbfdc47caf24d0d65c2dfa,10/01/2023 06:30:00 PM,M,14.0,HELMET NOT USED,TURNING LEFT,IN ROADWAY,TEST NOT OFFERED,,30,CLEAR,DAWN,PEDALCYCLIST,DIVIDED - W/MEDIAN (NOT RAISED),STRAIGHT AND LEVEL,DRY,INJURY AND / OR TOW DUE TO CRASH,PULASKI RD,41.7858884944,-87.7231065914,POINT (-87.72310659145 41.785888494434)
O1672577,BICYCLE,ac2b4990f038c72d26c42d33af1e2c26c47d4a8cc743090d501256f5d7e86caf333d3fa11da98c526a0e5d0dabe5d40e8dda464c9367be21c762e6393e0faf13,10/01/2023 05:37:00 PM,M,55.0,HELMET NOT USED,AGAINST TRAFFIC,IN ROADWAY,TEST NOT OFFERED,,25,CLEAR,DAYLIGHT,PEDALCYCLIST,ONE-WAY,STRAIGHT AND LEVEL,DRY,INJURY AND / OR TOW DUE TO CRASH,GIDDINGS ST,41.9666623852,-87.7749093427,POINT (-87.774909342667 41.966662385243)
O1672554,NON-MOTOR VEHICLE,998fc69834c5a1f198ef5cd05ff753decdd05c25f7af31c018fc6a6e11608938975323475a819337b8017c62e1106d5a5c16e38c3a2d9113d4024da95da68e89,10/01/2023 04:59:00 PM,F,25.0,USAGE UNKNOWN,CROSSING - WITH SIGNAL,IN CROSSWALK,TEST NOT OFFERED,,30,CLEAR,DAYLIGHT,OTHER OBJECT,FOUR WAY,STRAIGHT AND LEVEL,DRY,INJURY AND / OR TOW DUE TO CRASH,LARRABEE ST,41.9037696064,-87.6433689399,POINT (-87.643368939876 41.903769606378)
O1672476,BICYCLE,a0e984a8738ebfaa8cff6d2176023ab68c77be974ce26041f008b480ee9c5e1dd817bdd7854ee7668805b29cceff735bc9a1c6bb2e9f5e18c9134318b73172e5,10/01/2023 03:01:00 PM,M,55.0,HELMET NOT USED,CROSSING - WITH SIGNAL,IN ROADWAY,TEST NOT OFFERED,,30,CLEAR,DAYLIGHT,PEDALCYCLIST,NOT DIVIDED,STRAIGHT ON GRADE,DRY,INJURY AND / OR TOW DUE TO CRASH,FOSTER AVE,41.9762051282,-87.6747765499,POINT (-87.674776549853 41.976205128208)
O1672474,BICYCLE,eacd94f9a15d6af803fd434c5bbe11c8c2c683a9160209b375a82f250d066c249c7dd9ab66245e8adecc18e24c4b9a107b72d84a419dd4a6efa93b1966af7fdc,10/01/2023 02:50:00 PM,M,,HELMET NOT USED,ENTER FROM DRIVE/ALLEY,DRIVEWAY ACCESS,TEST NOT OFFERED,,15,CLEAR,DAYLIGHT,PEDALCYCLIST,NOT DIVIDED,STRAIGHT AND LEVEL,DRY,INJURY AND / OR TOW DUE TO CRASH,ROCKWELL ST,41.7860014911,-87.6885581264,POINT (-87.688558126405 41.78600149114)
O1672463,BICYCLE,4c6c981d00a85e186f04a967e8008ea1421aaa9ac24451670c5c91269494bdd4337553d686adeafbae01d4c8038198a57e216a79e10655f702f5b5a72b4a8a82,10/01/2023 01:50:00 PM,M,46.0,HELMET NOT USED,UNKNOWN/NA,IN ROADWAY,TEST NOT OFFERED,,30,CLEAR,DAYLIGHT,PEDALCYCLIST,NOT DIVIDED,STRAIGHT AND LEVEL,DRY,INJURY AND / OR TOW DUE TO CRASH,43RD ST,41.8156078918,-87.6822776657,POINT (-87.682277665713 41.815607891759)
O1685435,BICYCLE,fbd6586f9d56bac17d8efeb616153c86b38b2f8471164b0674bec8c2918a20dfcf1a0dddb2c921c4de3f80257ff8c51b9c1001206f73608071de1f6484f595a8,10/01/2023 12:57:00 PM,M,15.0,BICYCLE HELMET (PEDACYCLIST INVOLVED ONLY),WITH TRAFFIC,BIKE LANE,TEST NOT OFFERED,,30,CLEAR,DAYLIGHT,PEDALCYCLIST,NOT DIVIDED,STRAIGHT AND LEVEL,DRY,INJURY AND / OR TOW DUE TO CRASH,MONTROSE AVE,41.9615557913,-87.6798622733,POINT (-87.679862273318 41.961555791277)
O1672879,BICYCLE,be364b8a5bf1d32f42d87b9432d4bef48594d1879a95b1979c79b898b92643c93923d69906c99cdcd69ee10aa9bb78cb37f18df93df98e2840e5d92c887f3a43,10/01/2023 12:45:00 PM,F,18.0,BICYCLE HELMET (PEDACYCLIST INVOLVED ONLY),CROSSING - WITH SIGNAL,IN ROADWAY,TEST NOT OFFERED,,30,CLEAR,DAYLIGHT,PEDALCYCLIST,"FIVE POINT, OR MORE",STRAIGHT AND LEVEL,DRY,INJURY AND / OR TOW DUE TO CRASH,CALIFORNIA AVE,41.819988466,-87.6944184432,POINT (-87.694418443177 41.819988465994)
O1672069,BICYCLE,f73197d6f569b1d05ec1a4092dbfaf11bca430f124295fdcd5f6b12ca2d2b0fb1ff44d273b22076707de8602411e928b6601d3b31771bd6e4fd48191c0e45c98,09/30/2023 08:50:00 PM,F,50.0,BICYCLE HELMET (PEDACYCLIST INVOLVED ONLY),OTHER ACTION,BIKE LANE,TEST NOT OFFERED,,30,UNKNOWN,UNKNOWN,PEDALCYCLIST,DIVIDED - W/MEDIAN (NOT RAISED),STRAIGHT AND LEVEL,UNKNOWN,NO INJURY / DRIVE AWAY,WELLS ST,41.9082031965,-87.6347665917,POINT (-87.634766591737 41.908203196508)
O1671984,BICYCLE,c67caa85f7dc376b9f69da2360918ee8e3de2f65a24c6f80befce5fb1ed5cfad11e1a86255742d6c3a7831908f78506cb9cc724adab476cae93a27b03957b7ea,09/30/2023 06:00:00 PM,M,32.0,HELMET NOT USED,CROSSING - AGAINST SIGNAL,IN CROSSWALK,TEST NOT OFFERED,,30,CLEAR,DAYLIGHT,PEDALCYCLIST,NOT DIVIDED,STRAIGHT AND LEVEL,DRY,INJURY AND / OR TOW DUE TO CRASH,LAKE ST,41.8858283144,-87.639113184,POINT (-87.639113183994 41.885828314426)
O1671866,BICYCLE,9239528d92b14a53ac7b2c766180dd91de94313255c615f836948df3e9d2bd845e2d558547c781fc0774e17b3a1142967817fbc503655adcd0a638028126086d,09/30/2023 04:02:00 PM,M,65.0,HELMET NOT USED,WITH TRAFFIC,IN ROADWAY,TEST NOT OFFERED,,30,CLEAR,DAYLIGHT,PEDALCYCLIST,NOT DIVIDED,STRAIGHT AND LEVEL,DRY,INJURY AND / OR TOW DUE TO CRASH,RACINE AVE,41.7813333476,-87.6546931652,POINT (-87.654693165212 41.781333347606)
O1671846,BICYCLE,07df76d4422be04d2b1663295563318a63afb6b5b117f0c17a6af6fb71ebdde649852b458f565003aad858d412fc45f6d392602ecc22a8abe14b742ba55e470b,09/30/2023 03:30:00 PM,,,HELMET NOT USED,CROSSING - AGAINST SIGNAL,IN ROADWAY,TEST NOT OFFERED,,30,CLEAR,DAYLIGHT,PEDALCYCLIST,FOUR WAY,STRAIGHT AND LEVEL,DRY,NO INJURY / DRIVE AWAY,ADDISON ST,41.9466752452,-87.7127785774,POINT (-87.712778577395 41.946675245157)
O1672527,BICYCLE,c83b2106fc6fb7a6ca1844454ca1c508f52e942318fcc74acb7198767cc37f73a8b4cf4d251053c8e773ea24ece81989274bfdbd9b3fd1d3db5455e2b62b1469,09/30/2023 03:15:00 PM,M,,HELMET NOT USED,WITH TRAFFIC,BIKE LANE,TEST NOT OFFERED,,30,CLEAR,DAYLIGHT,PEDALCYCLIST,DIVIDED - W/MEDIAN (NOT RAISED),STRAIGHT AND LEVEL,DRY,NO INJURY / DRIVE AWAY,26TH ST,41.8442566977,-87.7160681354,POINT (-87.716068135388 41.844256697727)
O1672000,BICYCLE,364a7b209480d26725c8d2307e6b8ba2ab7bb08f005b8368eab87e9edc6e119f974e57ad8b970b75e15f4f99ebf22afafd03d6f8a638c72af654edf25a2a1012,09/30/2023 03:00:00 PM,M,27.0,BICYCLE HELMET (PEDACYCLIST INVOLVED ONLY),WITH TRAFFIC,BIKE LANE,TEST NOT OFFERED,,30,CLEAR,DAYLIGHT,PEDALCYCLIST,NOT DIVIDED,STRAIGHT AND LEVEL,DRY,NO INJURY / DRIVE AWAY,26TH ST,41.8447191798,-87.7002195442,POINT (-87.700219544221 41.844719179761)
O1671760,NON-MOTOR VEHICLE,d57f203fb42a2e5e541bf4825ca7b8befcaf8540951081c3a075ac45c4533d49a31e94967c767c4fe5baafd673c9b7e9a320d8e1f2d72a65e3c3a0be40c230e1,09/30/2023 02:30:00 PM,M,62.0,USAGE UNKNOWN,,,TEST NOT OFFERED,,30,UNKNOWN,DAYLIGHT,OTHER OBJECT,T-INTERSECTION,STRAIGHT AND LEVEL,DRY,INJURY AND / OR TOW DUE TO CRASH,SUNNYSIDE AVE,41.9632649798,-87.6874661763,POINT (-87.687466176329 41.963264979799)
O1671935,BICYCLE,1048f7094761f44a79e87a452298708224d6ca5b0c56eaeb73bcf9f145f054bf014b925c79e2bd31be40d11d966a3e41261976c0f336f66a736bec1f25664e2f,09/30/2023 01:40:00 PM,M,16.0,HELMET NOT USED,CROSSING - CONTROLS PRESENT (NOT AT INTERSECTION),IN ROADWAY,TEST NOT OFFERED,,30,CLEAR,DAYLIGHT,PEDALCYCLIST,NOT DIVIDED,STRAIGHT AND LEVEL,DRY,INJURY AND / OR TOW DUE TO CRASH,59TH ST,41.7857772925,-87.7277876771,POINT (-87.727787677142 41.785777292473)
O1671722,BICYCLE,1d82a12d26db388ef5d2cd23d9f4ac113421b8a08852f89a1e4b178fbd1f26054960419d5816842d2a02b795f2e2d867957591e47e36554f705ddeb9cbef9730,09/30/2023 01:04:00 PM,M,74.0,HELMET NOT USED,WITH TRAFFIC,IN ROADWAY,TEST NOT OFFERED,,30,CLEAR,DAYLIGHT,PEDALCYCLIST,DIVIDED - W/MEDIAN (NOT RAISED),STRAIGHT AND LEVEL,DRY,INJURY AND / OR TOW DUE TO CRASH,BEVERLY AVE,41.7185420179,-87.6620677192,POINT (-87.662067719163 41.718542017917)
O1671686,BICYCLE,da4f9e0f927deac7e1a57e83eec1629ff4b9615675ca8233b1dd34eb64f84f44f0c70d3b95521d2780d2e1fc10f068c4f4515bdcafb7a13b7579030bc7fac4af,09/30/2023 12:24:00 PM,F,26.0,HELMET NOT USED,WITH TRAFFIC,BIKE LANE,TEST NOT OFFERED,,30,CLEAR,DAYLIGHT,PEDALCYCLIST,NOT DIVIDED,STRAIGHT AND LEVEL,DRY,INJURY AND / OR TOW DUE TO CRASH,FOSTER AVE,41.9758181137,-87.712002359,POINT (-87.712002358993 41.975818113719)
O1671623,BICYCLE,f657e7690ca95a9e91b7cfa58a12412b584181e82b03c59a58b97fe18cbaf6b3b8ca93706af8007c5425b19ea1f598f5f9ff6aaf51de909ec7eb96448cc041dc,09/30/2023 10:40:00 AM,F,42.0,BICYCLE HELMET (PEDACYCLIST INVOLVED ONLY),WITH TRAFFIC,BIKEWAY,TEST NOT OFFERED,,25,CLEAR,DAYLIGHT,PEDALCYCLIST,DIVIDED - W/MEDIAN (NOT RAISED),STRAIGHT AND LEVEL,DRY,INJURY AND / OR TOW DUE TO CRASH,HALSTED ST,41.8377364586,-87.6464167637,POINT (-87.646416763692 41.837736458648)
O1671336,BICYCLE,6ed43f885902e1c3505cfa4be957b3d6ec35622aec464563569c56d1aaa0e0105e04e609255db231b0e23d3f17007d188499da7518c59c00cb59cbea8518eebe,09/29/2023 08:32:00 PM,M,38.0,HELMET NOT USED,NO ACTION,IN ROADWAY,"TEST PERFORMED, RESULTS UNKNOWN",,30,CLEAR,"DARKNESS, LIGHTED ROAD",PEDALCYCLIST,NOT DIVIDED,STRAIGHT AND LEVEL,DRY,NO INJURY / DRIVE AWAY,69TH ST,41.7691641461,-87.6315502392,POINT (-87.631550239197 41.769164146107)
O1674650,BICYCLE,45a8a1c54dda29fa13674fc0bf1fdb88365161c033b22d0683ca252761e8fe926b3a6ddabd07e8e9c49648d573b6a50461dda7d2d3c685bf4cc3c881586295bc,09/29/2023 07:05:00 PM,M,21.0,HELMET NOT USED,WITH TRAFFIC,IN ROADWAY,TEST NOT OFFERED,,30,CLEAR,DAYLIGHT,PEDALCYCLIST,NOT DIVIDED,STRAIGHT AND LEVEL,DRY,INJURY AND / OR TOW DUE TO CRASH,KINZIE ST,41.8891021387,-87.6309860647,POINT (-87.63098606465 41.889102138722)