PERSON_ID,PERSON_TYPE,CRASH_RECORD_ID,CRASH_DATE_x,SEX,AGE,SAFETY_EQUIPMENT,PEDPEDAL_ACTION,PEDPEDAL_LOCATION,BAC_RESULT,CRASH_DATE_EST_I,POSTED_SPEED_LIMIT,WEATHER_CONDITION,LIGHTING_CONDITION,FIRST_CRASH_TYPE,TRAFFICWAY_TYPE,ALIGNMENT,ROADWAY_SURFACE_COND,CRASH_TYPE,STREET_NAME,LATITUDE,LONGITUDE,LOCATION
O1674734,BICYCLE,c9f409da69fd8d409be226b73cef243c63fa019d1c583ce2230f1d36ab0a0ef7dad637bd84d8faf951e8bc64b96a9bc80e07651bd701762e152067e5241b2e71,09/29/2023 07:00:00 PM,F,35.0,BICYCLE HELMET (PEDACYCLIST INVOLVED ONLY),CROSSING - NO CONTROLS (AT INTERSECTION),IN ROADWAY,TEST NOT OFFERED,,30,CLEAR,"DARKNESS, LIGHTED ROAD",PEDALCYCLIST,FOUR WAY,STRAIGHT AND LEVEL,DRY,INJURY AND / OR TOW DUE TO CRASH,ASHLAND AVE,41.9423796144,-87.6685896788,POINT (-87.66858967884 41.942379614389)
O1671272,BICYCLE,0ae9dc9d2c14f9e98491b1a5960bba2bfdb61f46d889ec77af23dac453b81487eb9ed23559a15ac03bd7cedbf3d35b5b549f3aa0c66f8c31d0c6c0fb58dae0c6,09/29/2023 06:36:00 PM,F,13.0,HELMET NOT USED,CROSSING - AGAINST SIGNAL,IN ROADWAY,TEST NOT OFFERED,,30,CLEAR,"DARKNESS, LIGHTED ROAD",PEDALCYCLIST,FOUR WAY,STRAIGHT AND LEVEL,DRY,INJURY AND / OR TOW DUE TO CRASH,ROOSEVELT RD,41.8673043641,-87.627378397,POINT (-87.62737839703 41.867304364065)
O1672454,BICYCLE,32a254d501bd8e7bf244cdbce74b40252447d615a57647f8fe3e91fe2dd56b7f0db044cb79724a407fd642800ad0ad7276feccdae5ce240715acad9298f69746,09/29/2023 05:45:00 PM,F,47.0,HELMET NOT USED,UNKNOWN/NA,IN ROADWAY,TEST NOT OFFERED,,30,UNKNOWN,UNKNOWN,PEDALCYCLIST,NOT DIVIDED,STRAIGHT AND LEVEL,UNKNOWN,INJURY AND / OR TOW DUE TO CRASH,CANAL ST,41.8867510321,-87.6400295779,POINT (-87.640029577868 41.886751032102)
O1671179,BICYCLE,438a6edb06b06095e4f1f418d58870210a0a4ceb580c84c40214a922a5b0c626a377e22d039e0a20cf4f8c6ac1a53eee6dff589cf2ec9005bc3dde800de82f08,09/29/2023 05:45:00 PM,F,61.0,BICYCLE HELMET (PEDACYCLIST INVOLVED ONLY),NO ACTION,IN ROADWAY,TEST NOT OFFERED,,30,CLEAR,DAYLIGHT,PEDALCYCLIST,NOT DIVIDED,STRAIGHT AND LEVEL,DRY,INJURY AND / OR TOW DUE TO CRASH,ALBION AVE,42.0027039778,-87.6578342245,POINT (-87.657834224547 42.002703977846)
O1671183,BICYCLE,fbf7d8bd2bf246a50b013b02e5b656a3ece335c0bf25f58239dc9eed5fdc989dfc2f882b8df11a118c590dd7536f3ba8139841a6ae62d1e654bd22013a5d1dfd,09/29/2023 04:00:00 PM,M,55.0,HELMET NOT USED,UNKNOWN/NA,UNKNOWN/NA,TEST NOT OFFERED,,30,CLEAR,DAYLIGHT,PEDALCYCLIST,NOT DIVIDED,STRAIGHT AND LEVEL,DRY,INJURY AND / OR TOW DUE TO CRASH,PARIS AVE,41.9377595302,-87.8301559762,POINT (-87.830155976243 41.937759530168)
O1671354,BICYCLE,1bc46e116b5af5e35c62ce37e553ad426c2638e952c1fde77a9d53745b6895991d22668face3627a433c77a5012dfaa5b5ee29313cae7a56943686dc675fb95c,09/29/2023 03:07:00 PM,F,27.0,HELMET NOT USED,CROSSING - NO CONTROLS (AT INTERSECTION),IN CROSSWALK,TEST NOT OFFERED,,30,CLEAR,DAYLIGHT,PEDALCYCLIST,NOT DIVIDED,STRAIGHT AND LEVEL,DRY,INJURY AND / OR TOW DUE TO CRASH,106TH ST,41.7028275341,-87.5320518289,POINT (-87.532051828919 41.702827534052)
O1671020,BICYCLE,c01be6e32506cf31125e46d681c380c8e4e13a72886951369ac8a1b0a7f7511408e0f48ffdba3fcf7c45d2e4be8ce96e8efa7d07d98cf0df7a98bc1426f82772,09/29/2023 03:03:00 PM,F,15.0,HELMET NOT USED,UNKNOWN/NA,IN CROSSWALK,TEST NOT OFFERED,,30,CLEAR,DAYLIGHT,PEDALCYCLIST,FOUR WAY,STRAIGHT AND LEVEL,DRY,INJURY AND / OR TOW DUE TO CRASH,PETERSON AVE,41.9905324423,-87.7031013442,POINT (-87.70310134421 41.990532442326)
O1671115,BICYCLE,f56908620849032a36ab76de25c9e9f92cfa199916585043d5754e990630e08b5e4d988d2ccf989a1e10720b1c3512968af04bd5063a33652bae30471f075f98,09/29/2023 03:00:00 PM,M,20.0,HELMET NOT USED,CROSSING - NO CONTROLS (NOT AT INTERSECTION),IN ROADWAY,TEST TAKEN,,30,CLEAR,DAYLIGHT,PEDALCYCLIST,ALLEY,STRAIGHT AND LEVEL,DRY,INJURY AND / OR TOW DUE TO CRASH,CENTRAL AVE,41.8947599754,-87.7652449265,POINT (-87.765244926534 41.894759975417)
O1671050,BICYCLE,4bd7d08efb37abf8eedb356a9b2baa0f084c97f8ac0da7066375559a1aebd801be0ee2b37bcf9f53c9d69fb601546602bd6b10cd46aa47378e3ea20084e6dae3,09/29/2023 02:45:00 PM,M,14.0,HELMET NOT USED,UNKNOWN/NA,IN ROADWAY,TEST NOT OFFERED,,30,CLEAR,DAYLIGHT,PEDALCYCLIST,FOUR WAY,STRAIGHT AND LEVEL,DRY,INJURY AND / OR TOW DUE TO CRASH,HUBBARD ST,41.8896172143,-87.6768405774,POINT (-87.676840577408 41.889617214272)
O1671024,BICYCLE,9bd31444c3976905c02f060f5b690590564898dd438c6c5127008005e543490539661082c607955aa1949bdd74c98b35d13b41bd513d413f30263b5177729c23,09/29/2023 02:37:00 PM,M,14.0,HELMET NOT USED,ENTER FROM DRIVE/ALLEY,DRIVEWAY ACCESS,TEST NOT OFFERED,,30,CLEAR,DAYLIGHT,PEDALCYCLIST,ALLEY,STRAIGHT AND LEVEL,DRY,INJURY AND / OR TOW DUE TO CRASH,47TH ST,41.8084157062,-87.6727710337,POINT (-87.672771033652 41.808415706188)
O1670984,BICYCLE,2ef58ad3cc32fd7123e1d4c4cf3215e0894d297320e889c0760d52267274c5101490048fc283c9ce3eb4561a0fc3142c51a14d219807b99b8415b908376d5944,09/29/2023 02:15:00 PM,F,60.0,BICYCLE HELMET (PEDACYCLIST INVOLVED ONLY),CROSSING - WITH SIGNAL,IN ROADWAY,TEST NOT OFFERED,,30,CLEAR,DAYLIGHT,PEDALCYCLIST,FOUR WAY,STRAIGHT AND LEVEL,DRY,INJURY AND / OR TOW DUE TO CRASH,WILSON AVE,41.9643213607,-87.7426524343,POINT (-87.74265243433 41.964321360697)
O1670853,BICYCLE,0da48fac70b12386ba16b06a718b818b2e25fd9536f75c1a48e8e008e4aef204a09f82c023df694473b7287469899f2d4aa2da8c2ca4cedf5bc29235d43a42a4,09/29/2023 11:00:00 AM,F,55.0,HELMET NOT USED,WITH TRAFFIC,BIKEWAY,TEST NOT OFFERED,,30,CLEAR,DAYLIGHT,PEDALCYCLIST,DIVIDED - W/MEDIAN (NOT RAISED),STRAIGHT AND LEVEL,DRY,INJURY AND / OR TOW DUE TO CRASH,51ST ST,41.8021637995,-87.6193379153,POINT (-87.619337915316 41.802163799507)
O1670792,BICYCLE,926ad1d8df8f4bc3b573729d15eb25a8fd6dc387b08c28968d7526239831124176728140b0b028f989c57f145079c92c5e204746f59309715497d417573e90a8,09/29/2023 08:30:00 AM,F,24.0,HELMET NOT USED,CROSSING - CONTROLS PRESENT (NOT AT INTERSECTION),IN CROSSWALK,TEST NOT OFFERED,,35,CLEAR,DAYLIGHT,PEDALCYCLIST,T-INTERSECTION,STRAIGHT AND LEVEL,DRY,INJURY AND / OR TOW DUE TO CRASH,MAY ST,41.8937135069,-87.6564053167,POINT (-87.656405316655 41.893713506934)
O1671554,BICYCLE,2353fa905ce38888e49f44dfc9c2648494aeb08a1e879587f9ddb8344a21361e6734f1a7778ff53944e74585a6550f5ba9562b8d61606bcde9b1d20fc9804e23,09/29/2023 08:10:00 AM,M,65.0,BICYCLE HELMET (PEDACYCLIST INVOLVED ONLY),WITH TRAFFIC,BIKE LANE,TEST NOT OFFERED,,30,CLEAR,DAYLIGHT,PEDALCYCLIST,DIVIDED - W/MEDIAN (NOT RAISED),STRAIGHT AND LEVEL,DRY,INJURY AND / OR TOW DUE TO CRASH,GRAND AVE,41.9166439428,-87.7525786089,POINT (-87.752578608862 41.916643942795)
O1670775,BICYCLE,5b86c719991ee0ff8886e2a976e1bb4da60894fe75ea1dd1793c98db96192ddeab6bfa008b3c258657ed2524787e05c2f130d3b36a0c3a2c80239baf06829d3b,09/29/2023 08:00:00 AM,M,,HELMET NOT USED,UNKNOWN/NA,IN ROADWAY,TEST NOT OFFERED,,15,CLEAR,DAYLIGHT,PEDALCYCLIST,PARKING LOT,STRAIGHT AND LEVEL,DRY,NO INJURY / DRIVE AWAY,GRAND AVE,41.9166439428,-87.7525786089,POINT (-87.752578608862 41.916643942795)
O1670616,BICYCLE,4b1f6d74be4bec2b42ecbf65da03449d5937a2e575e7c37a5b9ff9c90a6f36668344b824eef3da36ae24eaed7fe1011393da1b1c77e4c36350034cb280fc4b86,09/28/2023 08:00:00 PM,M,17.0,HELMET NOT USED,CROSSING - NO CONTROLS (NOT AT INTERSECTION),IN ROADWAY,TEST NOT OFFERED,,30,CLEAR,DUSK,PEDALCYCLIST,FOUR WAY,STRAIGHT AND LEVEL,DRY,INJURY AND / OR TOW DUE TO CRASH,GRANVILLE AVE,41.9940936847,-87.6832948818,POINT (-87.683294881823 41.994093684723)
O1670601,BICYCLE,2d24bc5b2b2176fb73997b7caa2b6ee5d2bcd1bc300c25a43f66e3b8bd98ed1dc494102d0203a0b5f40f6974e853be9773cefc444e3b4a0d1c342a932d0aae04,09/28/2023 07:58:00 PM,M,19.0,HELMET NOT USED,CROSSING - NO CONTROLS (AT INTERSECTION),NOT IN ROADWAY,TEST NOT OFFERED,,20,CLEAR,DARKNESS,PEDALCYCLIST,T-INTERSECTION,STRAIGHT AND LEVEL,DRY,INJURY AND / OR TOW DUE TO CRASH,LAKE ST,41.8858411998,-87.6346513176,POINT (-87.634651317566 41.885841199831)
O1674911,BICYCLE,a8f99270bac5003ade797ff9dfb95faecf752699282c57c5b08a7b2caf097e168c5ca4cf432c3dbd27819d314e157102d24eb81a6a43be8e52722ab9978fb9d0,09/28/2023 07:02:00 PM,M,20.0,HELMET NOT USED,CROSSING - NO CONTROLS (AT INTERSECTION),BIKE LANE,TEST NOT OFFERED,,30,CLEAR,DAYLIGHT,PEDALCYCLIST,FOUR WAY,STRAIGHT AND LEVEL,DRY,INJURY AND / OR TOW DUE TO CRASH,LAVERGNE AVE,41.8912927853,-87.7504269169,POINT (-87.750426916886 41.891292785347)
O1674774,BICYCLE,e758ee640ab26ed4ef223300737f3b9294bf5cc28758c6169e72e91ec9fa52be498cf63bfbb58a1dcedbdb6d07a96772f207822f2c375577aaf0448d5748f1c0,09/28/2023 07:02:00 PM,M,20.0,HELMET NOT USED,OTHER ACTION,IN ROADWAY,TEST NOT OFFERED,,30,CLEAR,DUSK,PEDALCYCLIST,NOT DIVIDED,STRAIGHT AND LEVEL,UNKNOWN,INJURY AND / OR TOW DUE TO CRASH,LAVERGNE AVE,41.8913762803,-87.7507239918,POINT (-87.750723991789 41.891376280278)
O1670292,NON-MOTOR VEHICLE,423c88d08498a3ab73aefc30741cad88e25f554c729d55147e302ee0896c165cb29f0a4b9319c9629b69627ff1ade4b99782a9c6802de4e2381f0247738417c4,09/28/2023 12:00:00 PM,M,19.0,DOT COMPLIANT MOTORCYCLE HELMET,OTHER ACTION,BIKE LANE,TEST NOT OFFERED,,30,CLEAR,DAYLIGHT,OTHER OBJECT,NOT DIVIDED,STRAIGHT AND LEVEL,DRY,NO INJURY / DRIVE AWAY,ELSTON AVE,41.9782022166,-87.7567876062,POINT (-87.756787606219 41.978202216576)
O1670156,BICYCLE,83c691ca57c12e07648b593f971f4a10b442877c3a7637eb3c30b59a1b91fd8eb0416cd95535f5bb845c53b68233c3ef841f5916f6a65d535bff1694ee365c2d,09/28/2023 07:46:00 AM,M,33.0,HELMET NOT USED,TURNING LEFT,IN ROADWAY,TEST NOT OFFERED,,25,CLOUDY/OVERCAST,DAYLIGHT,PEDALCYCLIST,NOT DIVIDED,STRAIGHT AND LEVEL,DRY,INJURY AND / OR TOW DUE TO CRASH,14TH PL,41.8623389319,-87.6401654179,POINT (-87.640165417874 41.86233893193)
O1670108,NON-MOTOR VEHICLE,f96ce131e1c1a9d2d56e618a7b925806d16f83819496f4dc9a6eaab74940002fe4409c22871cc9984630bf350ca01b31e8eb25988770ebaeb2d27b934ed9c6c3,09/28/2023 07:43:00 AM,F,14.0,NONE PRESENT,CROSSING - NO CONTROLS (AT INTERSECTION),IN CROSSWALK,TEST NOT OFFERED,,30,CLEAR,DAYLIGHT,OTHER OBJECT,ONE-WAY,STRAIGHT AND LEVEL,DRY,INJURY AND / OR TOW DUE TO CRASH,63RD ST,41.7794593892,-87.6715572269,POINT (-87.671557226939 41.779459389224)
O1669952,NON-MOTOR VEHICLE,d17e1ad093254056612ec0f82826b59c7296da7c9d2ba568cc7849ee2b40f09f36b1f5b99c8cfb1539d263882ca5345c74097eabe6c9b852467baf9d3874b93d,09/27/2023 05:40:00 PM,F,31.0,HELMET NOT USED,WITH TRAFFIC,BIKEWAY,TEST NOT OFFERED,,30,CLEAR,DAYLIGHT,OTHER OBJECT,NOT DIVIDED,STRAIGHT AND LEVEL,DRY,INJURY AND / OR TOW DUE TO CRASH,BROADWAY,41.9675076675,-87.6589869173,POINT (-87.658986917327 41.96750766752)
O1670005,BICYCLE,20bed27ee678851f5562b780afe9e3686f626e80b96fb67a2cbf05fac83ba65d11c409be12a1c597b10dc9dd22d544df79a6c090bba17d94970790066a2ab83e,09/27/2023 05:09:00 PM,M,17.0,HELMET NOT USED,CROSSING - WITH SIGNAL,IN CROSSWALK,TEST NOT OFFERED,,30,CLEAR,DAYLIGHT,PEDALCYCLIST,NOT DIVIDED,STRAIGHT AND LEVEL,DRY,INJURY AND / OR TOW DUE TO CRASH,CICERO AVE,41.9297611022,-87.7466679308,POINT (-87.746667930815 41.929761102155)
O1669844,BICYCLE,1338f4c43b71a10dd05738ee3c81bc42796a95340d9570626ca9fc2e31dfcf37777ce3a0110a7be7f88e96aa825d0e1a877925cb31743f441de82ce6c7777efc,09/27/2023 04:10:00 PM,M,15.0,HELMET NOT USED,CROSSING - NO CONTROLS (AT INTERSECTION),IN ROADWAY,TEST NOT OFFERED,,30,CLOUDY/OVERCAST,DAYLIGHT,PEDALCYCLIST,NOT DIVIDED,STRAIGHT AND LEVEL,DRY,INJURY AND / OR TOW DUE TO CRASH,LARAMIE AVE,41.9551653675,-87.7573546701,POINT (-87.757354670128 41.955165367529)
O1669804,BICYCLE,2921bbe8c09a890434bb2ed965f3ac3bec8fac4e653ece4f2f3c7a05e3fe8f56eba45eeba5964b830bfe1a2d303642a7f6b0dd42b86b29e63e3260c3d0690ac9,09/27/2023 03:20:00 PM,M,18.0,HELMET NOT USED,WITH TRAFFIC,IN CROSSWALK,TEST NOT OFFERED,,30,CLEAR,DAYLIGHT,PEDALCYCLIST,NOT DIVIDED,STRAIGHT AND LEVEL,DRY,NO INJURY / DRIVE AWAY,KEDZIE AVE,41.8819301716,-87.7060028393,POINT (-87.706002839291 41.881930171648)
O1669712,BICYCLE,998a7498bd9204f5b53a693abc46593ea01d12930ef85163e5b2676797dc3c96db77bfb19b3993805048ec1ad2d18f298d5bbc03f34a29f838373b5444549d02,09/27/2023 12:35:00 PM,M,29.0,BICYCLE HELMET (PEDACYCLIST INVOLVED ONLY),OTHER ACTION,IN ROADWAY,TEST NOT OFFERED,,30,CLEAR,DAYLIGHT,PEDALCYCLIST,NOT DIVIDED,STRAIGHT AND LEVEL,DRY,INJURY AND / OR TOW DUE TO CRASH,HALSTED ST,41.9496733763,-87.6494134174,POINT (-87.649413417376 41.949673376321)
O1669726,BICYCLE,e07eec910f7fe08bfa4d8aea7dac838fda712579c9ea27d36fcd3ca729a63e431287e17f0a31b67379e3634f40dd71a72415932d4b18077c5496c8b08d659d7e,09/27/2023 12:25:00 PM,M,47.0,HELMET NOT USED,WITH TRAFFIC,IN ROADWAY,TEST NOT OFFERED,,30,CLOUDY/OVERCAST,DAYLIGHT,PEDALCYCLIST,DIVIDED - W/MEDIAN (NOT RAISED),STRAIGHT AND LEVEL,DRY,INJURY AND / OR TOW DUE TO CRASH,LARAMIE AVE,41.8930939169,-87.755677589,POINT (-87.755677589033 41.893093916881)
O1669703,BICYCLE,5224ef64b1c56f1624e068461abb4bd1261ab8bef0303c3f1782c7db9d53538e0652ccaf91474ce29601766cf56a9ffb7cb0c14e92d0883d1fe3b8729ef75e7a,09/27/2023 12:00:00 PM,M,26.0,HELMET NOT USED,UNKNOWN/NA,BIKE LANE,TEST NOT OFFERED,,30,CLEAR,DAYLIGHT,PEDALCYCLIST,NOT DIVIDED,STRAIGHT AND LEVEL,DRY,NO INJURY / DRIVE AWAY,CHESTNUT ST,41.8984844877,-87.6564524001,POINT (-87.656452400143 41.898484487684)
O1669698,BICYCLE,c4584d4e211c82fd07673449e1d279cba8e6c421c35fff94509be075c15868f26d3fa08e19aaff696a82547d36dd54aaa58717a7bf13d87eb00ffc5563e01478,09/27/2023 11:33:00 AM,M,49.0,HELMET NOT USED,ENTER FROM DRIVE/ALLEY,IN ROADWAY,TEST NOT OFFERED,,20,CLOUDY/OVERCAST,DAYLIGHT,PEDALCYCLIST,ONE-WAY,STRAIGHT AND LEVEL,DRY,INJURY AND / OR TOW DUE TO CRASH,DRAKE AVE,41.9614601569,-87.7166722809,POINT (-87.71667228085 41.961460156931)
O1669646,BICYCLE,f093aba08cbe1af97005859380c89c36037db458488f1ac49e5c6eb0d488324ec72af21819c82efa9e1dae6b686cf2116e0f120f4e27598517996a2699bf3bfd,09/27/2023 07:53:00 AM,M,38.0,HELMET NOT USED,AGAINST TRAFFIC,IN ROADWAY,TEST NOT OFFERED,,30,CLEAR,DAYLIGHT,PEDALCYCLIST,NOT DIVIDED,STRAIGHT AND LEVEL,DRY,NO INJURY / DRIVE AWAY,18TH ST,41.8579023897,-87.6291969662,POINT (-87.629196966189 41.857902389665)
O1669514,BICYCLE,d91badbf142474e9337e03c55c4b4c52ef5d524f0db47d2c1bf9752cf4210cb9e640d2ff8f36536e73cfb97d5759e8d27fa74b04fac0f65840b6dd0eae9d1155,09/27/2023 07:35:00 AM,M,41.0,BICYCLE HELMET (PEDACYCLIST INVOLVED ONLY),WITH TRAFFIC,BIKE LANE,TEST NOT OFFERED,,30,CLOUDY/OVERCAST,DAYLIGHT,PEDALCYCLIST,T-INTERSECTION,STRAIGHT AND LEVEL,WET,INJURY AND / OR TOW DUE TO CRASH,LINCOLN AVE,41.9265703724,-87.65054678,POINT (-87.650546779974 41.926570372427)
O1682460,BICYCLE,a22581cef1fb7991f7cd38cf7da25b3f46b6c977251e0dca5e4e43ce97c8102298f97cce976652d9f3b5316df4adbb1122edcc47bfc75c9d5de413d1d819cf46,09/26/2023 10:28:00 PM,M,36.0,HELMET NOT USED,CROSSING - WITH SIGNAL,IN ROADWAY,TEST NOT OFFERED,,30,CLEAR,"DARKNESS, LIGHTED ROAD",PEDALCYCLIST,FOUR WAY,STRAIGHT AND LEVEL,DRY,INJURY AND / OR TOW DUE TO CRASH,LAWRENCE AVE,41.9683434176,-87.7084070459,POINT (-87.708407045869 41.968343417631)
O1669269,BICYCLE,59e6f7e30969b539d1393bfeedcfdb556705aa6225cf51fa19f765b93a323d5263625d4eb64de78f8b6c972958059c0ed82d1870a32ca15dabcf73c9937231ac,09/26/2023 05:15:00 PM,M,41.0,BICYCLE HELMET (PEDACYCLIST INVOLVED ONLY),WITH TRAFFIC,BIKE LANE,TEST NOT OFFERED,,30,CLEAR,DAYLIGHT,PEDALCYCLIST,NOT DIVIDED,STRAIGHT AND LEVEL,DRY,INJURY AND / OR TOW DUE TO CRASH,HALSTED ST,41.9167558136,-87.6483027774,POINT (-87.64830277741 41.916755813642)
O1669340,BICYCLE,7335fa6d150b2aa8c72328ca69d25ef249b200f889a604bb1c4b3412e59200de26425a79ba980406c9333d571b6d73dc733d8cfec4685905f4f5d9be8e3f8214,09/26/2023 04:59:00 PM,M,67.0,HELMET NOT USED,CROSSING - AGAINST SIGNAL,IN CROSSWALK,TEST NOT OFFERED,,30,CLEAR,DAYLIGHT,PEDALCYCLIST,UNKNOWN INTERSECTION TYPE,STRAIGHT AND LEVEL,DRY,INJURY AND / OR TOW DUE TO CRASH,BALMORAL AVE,41.9801348644,-87.6566323546,POINT (-87.656632354645 41.980134864402)
O1669154,BICYCLE,a20122845a257336c8cd4bdd27e5dae948358bb1ee36296734d6cddd1fce1f5e23fe5e501c6f964eee77b16ed25b6985eed872c7795816a9207fc495b7364378,09/26/2023 01:45:00 PM,M,32.0,BICYCLE HELMET (PEDACYCLIST INVOLVED ONLY),UNKNOWN/NA,IN ROADWAY,TEST NOT OFFERED,,30,CLEAR,DAYLIGHT,PEDALCYCLIST,NOT DIVIDED,STRAIGHT AND LEVEL,DRY,INJURY AND / OR TOW DUE TO CRASH,MILWAUKEE AVE,41.8912018975,-87.6478526276,POINT (-87.647852627647 41.891201897474)
O1669034,BICYCLE,a1859d46442b3eb18cf5224fbbe2c7bb7d8d7c1f328ed9ddc971a6493d9cedaa0c5ba4694fb8ec1b883671c831cb6d1c0d4e195902ef8d88b1805e0a199eb3a9,09/26/2023 12:37:00 PM,M,18.0,HELMET NOT USED,OTHER ACTION,IN ROADWAY,TEST NOT OFFERED,,25,CLEAR,DAYLIGHT,PEDALCYCLIST,ONE-WAY,STRAIGHT AND LEVEL,DRY,NO INJURY / DRIVE AWAY,QUINCY ST,41.8776792425,-87.7546350652,POINT (-87.754635065247 41.877679242459)
O1668986,BICYCLE,edc15d67db866f2142701ea66645efe0dbfc1abe94fc5d8a1f5b537f7af24688850b684d71150a48b62d47cff00856a00c7dc280264342573303023b2628f8b1,09/26/2023 08:43:00 AM,M,,HELMET NOT USED,CROSSING - WITH SIGNAL,BIKEWAY,TEST NOT OFFERED,,25,RAIN,DAYLIGHT,PEDALCYCLIST,NOT DIVIDED,STRAIGHT AND LEVEL,WET,INJURY AND / OR TOW DUE TO CRASH,AUGUSTA BLVD,41.8998938478,-87.6626287557,POINT (-87.6626287557 41.899893847802)
O1668918,BICYCLE,f1ff47a205ec93ae602532a96ab86c6a08e9b0ace586f205ea8328acf7ba2c99b0dd92a16c41ff07752a54c02fc02f81f439c6582024dede42d68a337f3b0b27,09/26/2023 08:00:00 AM,M,12.0,HELMET NOT USED,AGAINST TRAFFIC,IN ROADWAY,TEST NOT OFFERED,,30,RAIN,DAYLIGHT,PEDALCYCLIST,NOT DIVIDED,STRAIGHT AND LEVEL,WET,NO INJURY / DRIVE AWAY,GRAND AVE,41.9204634252,-87.775700337,POINT (-87.775700336985 41.920463425193)
O1668879,BICYCLE,558645f4cf21bb04a6525f0e2ed8db06ffd03bfa7d9795e81ff61c85d50211b57a6bb312421ef2f71bafa130dca33c34a3ed723b5d6c639f44e4f95a9510107c,09/26/2023 07:53:00 AM,M,9.0,HELMET NOT USED,OTHER ACTION,IN CROSSWALK,TEST NOT OFFERED,,25,RAIN,DAYLIGHT,PEDALCYCLIST,FOUR WAY,STRAIGHT AND LEVEL,WET,INJURY AND / OR TOW DUE TO CRASH,TROY ST,41.6953146795,-87.6999155997,POINT (-87.699915599689 41.695314679479)
O1693841,BICYCLE,c3a63931f7e288f9c12d0dcb5f2a525417cca7fa7b3743640e1ce60667ff21765cec531dcaea2eb731820ce8dfe013e66f5f8a8115d2d2e162e71427dc33713b,09/26/2023 06:30:00 AM,M,35.0,HELMET NOT USED,NO ACTION,BIKE LANE,TEST NOT OFFERED,,30,CLEAR,DUSK,PEDALCYCLIST,NOT DIVIDED,STRAIGHT AND LEVEL,DRY,NO INJURY / DRIVE AWAY,DAMEN AVE,41.9629038016,-87.678870048,POINT (-87.678870048002 41.962903801618)
O1668647,BICYCLE,abcefca1985ac3f4c3d0c26f42ad7f1a7524ba17055b04d81174742cb3a39e3b288ce5e8b626280bb6aa3bd0c7cb89cbb7bdfbe577d54fa9919c9c208ad0a901,09/25/2023 05:00:00 PM,M,27.0,HELMET NOT USED,CROSSING - NO CONTROLS (AT INTERSECTION),IN CROSSWALK,TEST NOT OFFERED,,30,CLEAR,DAYLIGHT,PEDALCYCLIST,DIVIDED - W/MEDIAN BARRIER,STRAIGHT AND LEVEL,DRY,NO INJURY / DRIVE AWAY,CHICAGO AVE,41.8964513667,-87.6508078559,POINT (-87.650807855883 41.896451366685)
O1668483,BICYCLE,229209d8bf5956c3f1b6606cdc9f3bec2c49e8aebbfac95e8dd8b6705ba6e25a6b87fc568de4c90dec4a9a107934b845da4bc2c9a3e929e5cad3e579fc7f587c,09/25/2023 02:11:00 PM,M,37.0,BICYCLE HELMET (PEDACYCLIST INVOLVED ONLY),WITH TRAFFIC,BIKEWAY,TEST NOT OFFERED,,25,CLEAR,DAYLIGHT,PEDALCYCLIST,NOT DIVIDED,STRAIGHT AND LEVEL,DRY,INJURY AND / OR TOW DUE TO CRASH,PAULINA ST,41.9433959693,-87.6713445699,POINT (-87.67134456992 41.943395969276)
O1668640,BICYCLE,65fa2031975cecb256c04e4ebdce627d3f0d76a2e817385362a38b860dd365ad9b3a17023676ac548ba9fcd688e80082ce1b3689b26a966afb4a022d550f36ef,09/25/2023 01:30:00 PM,M,30.0,HELMET NOT USED,NO ACTION,BIKEWAY,TEST NOT OFFERED,,30,RAIN,DAYLIGHT,PEDALCYCLIST,NOT DIVIDED,STRAIGHT AND LEVEL,WET,INJURY AND / OR TOW DUE TO CRASH,CLYBOURN AVE,41.9207042914,-87.6629232597,POINT (-87.662923259737 41.920704291419)
O1668277,BICYCLE,62373d31ef6d23d01fedef059f66f3e9b05a3b5baae6ff21764a34abcf54e505592a71c908f9d31716c6f7949344817d00c9e63b80bc9a99a375bef2a11da577,09/25/2023 09:50:00 AM,M,84.0,HELMET NOT USED,AGAINST TRAFFIC,IN ROADWAY,TEST NOT OFFERED,,25,CLEAR,DAYLIGHT,OTHER NONCOLLISION,NOT DIVIDED,STRAIGHT AND LEVEL,WET,INJURY AND / OR TOW DUE TO CRASH,RACINE AVE,41.8658542615,-87.656794949,POINT (-87.656794949019 41.86585426148)
O1668216,BICYCLE,da384e69f71af9abe583391297de810b7e95f62aae4e2554569d7ef0535a1cc963d5254d346a4c0c85a8ffd16b3269de0ba2dd79fbf7b5f3fdaef67aead2a318,09/25/2023 09:08:00 AM,M,61.0,HELMET NOT USED,NO ACTION,IN ROADWAY,TEST NOT OFFERED,,30,RAIN,DAYLIGHT,PEDALCYCLIST,NOT DIVIDED,STRAIGHT AND LEVEL,WET,INJURY AND / OR TOW DUE TO CRASH,KINGSBURY ST,41.8902993564,-87.6387437511,POINT (-87.63874375109 41.890299356412)