PERSON_ID,PERSON_TYPE,CRASH_RECORD_ID,CRASH_DATE_x,SEX,AGE,SAFETY_EQUIPMENT,PEDPEDAL_ACTION,PEDPEDAL_LOCATION,BAC_RESULT,CRASH_DATE_EST_I,POSTED_SPEED_LIMIT,WEATHER_CONDITION,LIGHTING_CONDITION,FIRST_CRASH_TYPE,TRAFFICWAY_TYPE,ALIGNMENT,ROADWAY_SURFACE_COND,CRASH_TYPE,STREET_NAME,LATITUDE,LONGITUDE,LOCATION
O1668199,BICYCLE,7c99ad841d5bc4b75f8b48cd7eab8792d199d8fa1e8004267d47c31dec0f8ed0da3080596a0af8e8e734c8381a73fa1c0128e22f16edb78d547902728b758dec,09/25/2023 07:50:00 AM,F,39.0,BICYCLE HELMET (PEDACYCLIST INVOLVED ONLY),UNKNOWN/NA,IN ROADWAY,TEST NOT OFFERED,,30,RAIN,DAYLIGHT,PEDALCYCLIST,DIVIDED - W/MEDIAN (NOT RAISED),STRAIGHT AND LEVEL,WET,INJURY AND / OR TOW DUE TO CRASH,MILWAUKEE AVE,41.927836684,-87.7051599987,POINT (-87.705159998748 41.927836683994)
O1668224,BICYCLE,1664411dc941e3bd5f76a5cabc60bfba6a649ac5b54ff4e5085b1dbe4914b7627685cd45929a692c5e3667495a73766b41ff7a9df13fa8bcbe75f890e804f537,09/25/2023 07:30:00 AM,M,17.0,HELMET NOT USED,WITH TRAFFIC,IN ROADWAY,TEST NOT OFFERED,Y,30,RAIN,DAYLIGHT,PEDALCYCLIST,ONE-WAY,STRAIGHT AND LEVEL,WET,INJURY AND / OR TOW DUE TO CRASH,CLYBOURN AVE,41.9376768534,-87.6858018293,POINT (-87.685801829256 41.937676853392)
O1668121,BICYCLE,07841143ee4c7ba5c9358870dcd424cf2a3c050170e2547469c52a92fa6a52052948fce4eb5610709a9640c54d28951ff1310347c57beb34b6d8996af45cf7be,09/25/2023 06:17:00 AM,M,37.0,HELMET NOT USED,WITH TRAFFIC,IN ROADWAY,TEST NOT OFFERED,,30,CLEAR,DUSK,PEDALCYCLIST,FOUR WAY,STRAIGHT AND LEVEL,DRY,INJURY AND / OR TOW DUE TO CRASH,PULASKI RD,41.9464159422,-87.727549491,POINT (-87.727549490998 41.94641594219)
O1668002,BICYCLE,10d5f3ea75161e62ab4a5b9570c5a70f374db0fd21cc95b14c45becff732abd075a7b0e1a5846ef60acb4d7913eee8836d48b768408f25b9cbaa68d13646b897,09/24/2023 06:40:00 PM,F,,HELMET NOT USED,WITH TRAFFIC,IN ROADWAY,TEST NOT OFFERED,,30,CLEAR,DAYLIGHT,PEDALCYCLIST,NOT DIVIDED,STRAIGHT AND LEVEL,DRY,NO INJURY / DRIVE AWAY,50TH ST,41.8039324541,-87.6225250592,POINT (-87.622525059235 41.803932454145)
O1667924,BICYCLE,52151947558ab740805692fd23b61a0adb10653031600c51813ce1c3c7c2a91f6135258623632729862c7529552c07f0a5cfa2dc9e0c100b28d76b387b3abceb,09/24/2023 05:30:00 PM,M,,HELMET NOT USED,TURNING RIGHT,IN CROSSWALK,TEST NOT OFFERED,,25,CLEAR,DAYLIGHT,PEDALCYCLIST,NOT DIVIDED,STRAIGHT AND LEVEL,DRY,NO INJURY / DRIVE AWAY,WESTERN BLVD,41.8104515462,-87.6837744013,POINT (-87.683774401323 41.810451546165)
O1667641,BICYCLE,0bbc61e9ceb775f887277900ef42443e19db429a8cf2b769eee0184d0710978f40343e002eb7eb3c0e9638e897aa3eea24bca441aa7c6bfc564f9f90d7a4f15b,09/24/2023 02:15:00 AM,F,40.0,HELMET NOT USED,UNKNOWN/NA,UNKNOWN/NA,TEST NOT OFFERED,,30,CLEAR,"DARKNESS, LIGHTED ROAD",PEDALCYCLIST,NOT DIVIDED,STRAIGHT AND LEVEL,DRY,INJURY AND / OR TOW DUE TO CRASH,FULLERTON AVE,41.9249570214,-87.6745915219,POINT (-87.674591521906 41.924957021396)
O1667535,BICYCLE,302c9bdd572f70fd269f2a67f1911157bb9c5233dfd98a410c21c240ae8d5790e4fbcecd4007bc4c724c19cbfc459e476dc61cdb0c7fa873842d47e4a605f88e,09/23/2023 10:58:00 PM,M,24.0,HELMET NOT USED,AGAINST TRAFFIC,IN ROADWAY,TEST NOT OFFERED,,30,CLEAR,"DARKNESS, LIGHTED ROAD",PEDALCYCLIST,CENTER TURN LANE,STRAIGHT AND LEVEL,DRY,INJURY AND / OR TOW DUE TO CRASH,NORTH AVE,41.9106016138,-87.6771200387,POINT (-87.677120038689 41.910601613786)
O1667423,BICYCLE,efc45c9d35ce40f886f98c9fd4a79f778155d19b3ecffe28a509058336284f1094a0e47f64c1aac268ba3de734667f83a3d5c9c0002ecfebb7ae85cded56b247,09/23/2023 07:30:00 PM,M,21.0,HELMET NOT USED,CROSSING - NO CONTROLS (AT INTERSECTION),IN ROADWAY,TEST NOT OFFERED,,30,CLEAR,"DARKNESS, LIGHTED ROAD",PEDALCYCLIST,T-INTERSECTION,STRAIGHT AND LEVEL,DRY,INJURY AND / OR TOW DUE TO CRASH,AVONDALE AVE,41.9460954769,-87.7188644379,POINT (-87.718864437887 41.946095476891)
O1667392,BICYCLE,25fa0379c673798316a90549094978789ffab2cfe24d74241bab8a1a25612840378056ed739ee1bc996e754748d1cfcc494c7668371cef8052965d61a1499a8d,09/23/2023 06:40:00 PM,M,46.0,HELMET NOT USED,WITH TRAFFIC,BIKE LANE,TEST NOT OFFERED,,30,CLEAR,"DARKNESS, LIGHTED ROAD",PEDALCYCLIST,DIVIDED - W/MEDIAN (NOT RAISED),STRAIGHT AND LEVEL,DRY,NO INJURY / DRIVE AWAY,KEDZIE AVE,41.9546850135,-87.7081851573,POINT (-87.708185157321 41.954685013493)
O1667383,BICYCLE,cc4312fcb1a99fd4debd0310e84560d7e9eb06d8e7dfd2a0e859ad155ac4e6417669fe7176ce133479f0f60b1820303648c19e7cec7bcf885203000a0cd7a0cb,09/23/2023 05:45:00 PM,F,38.0,BICYCLE HELMET (PEDACYCLIST INVOLVED ONLY),WITH TRAFFIC,BIKE LANE,TEST NOT OFFERED,,30,CLEAR,DAYLIGHT,PEDALCYCLIST,NOT DIVIDED,STRAIGHT AND LEVEL,DRY,INJURY AND / OR TOW DUE TO CRASH,MILWAUKEE AVE,41.9421226555,-87.7285814984,POINT (-87.728581498387 41.942122655508)
O1667427,BICYCLE,26dd6f1d74565e7b379cc54ca32cd5ec0706876b7bec8148fe4c44f23e0fd67bd3be72d4f9731468be0a46a28a034911e490c76d0def7805b642be275467651e,09/23/2023 05:40:00 PM,M,57.0,HELMET NOT USED,CROSSING - WITH SIGNAL,IN CROSSWALK,TEST NOT OFFERED,,30,CLEAR,DAYLIGHT,PEDALCYCLIST,NOT DIVIDED,STRAIGHT AND LEVEL,DRY,INJURY AND / OR TOW DUE TO CRASH,CERMAK RD,41.8521389011,-87.6708855633,POINT (-87.670885563317 41.852138901068)
O1667793,BICYCLE,e0341bb7a6baaaa7bd4fe23dd4153bf3344f2935315e2794cdda0b449c1ef1eeb02643bc8a3c69b3e6c2c52ebea737adb3f47663cf52bab71126f6d5f815bd3c,09/23/2023 05:00:00 PM,M,,HELMET NOT USED,CROSSING - NO CONTROLS (NOT AT INTERSECTION),NOT IN ROADWAY,TEST NOT OFFERED,,10,CLEAR,DAYLIGHT,PEDALCYCLIST,ONE-WAY,STRAIGHT AND LEVEL,DRY,INJURY AND / OR TOW DUE TO CRASH,DEVON AVE,41.997629046,-87.6894269024,POINT (-87.689426902449 41.997629046027)
O1667299,BICYCLE,0f2d1b48c9fa0627805c4e1d8941fcc64a8c404d192b2621c7bf3ce77068cb0189b5996883739c7d7f28278e58328e8af5af5d78d2ea2503d4fa70ea778d472b,09/23/2023 03:25:00 PM,M,7.0,HELMET NOT USED,CROSSING - NO CONTROLS (NOT AT INTERSECTION),IN ROADWAY,TEST NOT OFFERED,,30,CLEAR,DAYLIGHT,PEDALCYCLIST,DIVIDED - W/MEDIAN (NOT RAISED),STRAIGHT AND LEVEL,DRY,INJURY AND / OR TOW DUE TO CRASH,CICERO AVE,41.8788222419,-87.7453628151,POINT (-87.745362815077 41.8788222419)
O1667276,BICYCLE,f1779af8b006d956f29723ac415bd54b61ef9acf84e38e1773eaa7241b1fa092a2841f9dae6d49fb004b99b5ff7996ec856387f0bf4182602177aefcc43b8887,09/23/2023 03:00:00 PM,M,33.0,BICYCLE HELMET (PEDACYCLIST INVOLVED ONLY),WITH TRAFFIC,IN ROADWAY,TEST NOT OFFERED,,30,CLEAR,DAYLIGHT,PEDALCYCLIST,FOUR WAY,STRAIGHT AND LEVEL,UNKNOWN,NO INJURY / DRIVE AWAY,GREENLEAF AVE,42.010341686,-87.672331815,POINT (-87.672331815029 42.01034168595)
O1667336,BICYCLE,c2434ba8c7ca253eb4a56bf59d905a855c157ea316f29a770efe6b1000ca12fd3d207bedb29cec442ff68ee173a797ce6cd6b233ff65f3ea0981fa61317a5fbf,09/23/2023 02:00:00 PM,M,27.0,BICYCLE HELMET (PEDACYCLIST INVOLVED ONLY),WITH TRAFFIC,BIKE LANE,TEST NOT OFFERED,,30,CLEAR,DAYLIGHT,PEDALCYCLIST,DIVIDED - W/MEDIAN (NOT RAISED),STRAIGHT AND LEVEL,DRY,INJURY AND / OR TOW DUE TO CRASH,MONTROSE AVE,41.9611899744,-87.6906561438,POINT (-87.690656143796 41.961189974395)
O1667163,BICYCLE,27410591bb6530f5bd7d83fe9b3b7552e38e2210491707599abcf457a5c2e60f2893ff02e3c4ba5c845b65840e7df7e34f8648657646196bb185c20b82f00dbb,09/23/2023 10:30:00 AM,M,33.0,HELMET NOT USED,WITH TRAFFIC,IN ROADWAY,TEST NOT OFFERED,,30,CLEAR,DAYLIGHT,PEDALCYCLIST,DIVIDED - W/MEDIAN (NOT RAISED),STRAIGHT AND LEVEL,DRY,INJURY AND / OR TOW DUE TO CRASH,CICERO AVE,41.9294813055,-87.7463625462,POINT (-87.746362546241 41.929481305532)
O1666867,BICYCLE,88c799fc2f0b673d2d18dbd9436556ba839524d7fc9d341350d338162e5edd77c21a9012ad95f5f22637615709db51ba7113766c8253a0f8404b59ea75a80e89,09/23/2023 12:31:00 AM,M,54.0,HELMET NOT USED,CROSSING - NO CONTROLS (AT INTERSECTION),IN ROADWAY,TEST NOT OFFERED,,30,CLEAR,"DARKNESS, LIGHTED ROAD",PEDALCYCLIST,FOUR WAY,STRAIGHT AND LEVEL,DRY,INJURY AND / OR TOW DUE TO CRASH,LAKE ST,41.8858461659,-87.6354745296,POINT (-87.635474529551 41.88584616588)
O1666824,BICYCLE,4c0d5aed94f209caf38cc3d100aab59462b7c8f6e747b55e413a054b54fba46bd15f6d275f3fa3fea74d5d2f6da74b4441b4607cbb79612ef51200d473a4a6cb,09/22/2023 08:30:00 PM,M,41.0,HELMET NOT USED,WITH TRAFFIC,BIKEWAY,TEST NOT OFFERED,,30,CLEAR,"DARKNESS, LIGHTED ROAD",PEDALCYCLIST,ONE-WAY,STRAIGHT AND LEVEL,DRY,INJURY AND / OR TOW DUE TO CRASH,GRAND AVE,41.8917914631,-87.6276577412,POINT (-87.6276577412 41.891791463112)
O1666707,BICYCLE,882fa05c3d2bd4bac8ef36a502e773598246be11a78c1b48a9324afd66bda3d5bb2e255ccee43b094f8bca8eb990b2535ae963b6ae5a3a6234a3f7351663709a,09/22/2023 06:30:00 PM,M,35.0,BICYCLE HELMET (PEDACYCLIST INVOLVED ONLY),CROSSING - NO CONTROLS (NOT AT INTERSECTION),IN ROADWAY,TEST NOT OFFERED,,30,CLEAR,DAYLIGHT,PEDALCYCLIST,NOT DIVIDED,STRAIGHT AND LEVEL,DRY,INJURY AND / OR TOW DUE TO CRASH,DEVON AVE,41.9977194973,-87.6839366493,POINT (-87.68393664934 41.997719497336)
O1666710,BICYCLE,8c1fcd7add9297d8e186ce788f7a8d1303b00c62ac9edb23c9a0b4246a81d35de59a0d81e43ce7b40948fbbae9de199e99d8b99c7b46a9a2d4979f91670c938b,09/22/2023 05:30:00 PM,M,14.0,HELMET NOT USED,CROSSING - NO CONTROLS (NOT AT INTERSECTION),IN ROADWAY,TEST NOT OFFERED,,30,UNKNOWN,UNKNOWN,PEDALCYCLIST,NOT DIVIDED,STRAIGHT AND LEVEL,UNKNOWN,NO INJURY / DRIVE AWAY,ARMITAGE AVE,41.9183949194,-87.6413087784,POINT (-87.641308778381 41.918394919373)
O1667696,NON-MOTOR VEHICLE,97cdb930c97651869b36f7462fcae9450afa9347d4db15c2a56ee27d0d4df1e146dbf0de1e8b86e31e9d88e1571ce2f2555b8cfee5cf6e503490c91e4d026f16,09/22/2023 05:28:00 PM,M,,USAGE UNKNOWN,CROSSING - CONTROLS PRESENT (NOT AT INTERSECTION),IN CROSSWALK,TEST NOT OFFERED,,30,CLEAR,DAYLIGHT,OTHER OBJECT,OTHER,STRAIGHT AND LEVEL,DRY,NO INJURY / DRIVE AWAY,MELVINA AVE,41.9384337336,-87.7809273675,POINT (-87.780927367478 41.93843373363)
O1666542,BICYCLE,bbff1ff786a02ede729e9d4064bd5c196ea100566082e7644734952db91d53790130ae32cd224b5b3692258872c38a20f235f4af3d24ce58b1357bc079f791d7,09/22/2023 03:20:00 PM,M,26.0,HELMET NOT USED,CROSSING - AGAINST SIGNAL,IN CROSSWALK,TEST NOT OFFERED,,30,CLEAR,DAYLIGHT,PEDALCYCLIST,FOUR WAY,STRAIGHT AND LEVEL,DRY,INJURY AND / OR TOW DUE TO CRASH,INDIANA AVE,41.8529802645,-87.6223978253,POINT (-87.62239782533 41.852980264506)
O1679219,BICYCLE,031e7a7e95b742bf400e94bd68b16489d998d751b29d00303f4fe4965addae0d706849210743f26976ecb54dbd46d27a17386b307b2a413a4d1d17367ff1ced3,09/22/2023 02:33:00 PM,F,38.0,BICYCLE HELMET (PEDACYCLIST INVOLVED ONLY),TURNING LEFT,IN ROADWAY,TEST NOT OFFERED,,30,CLEAR,DAYLIGHT,PEDALCYCLIST,NOT DIVIDED,STRAIGHT AND LEVEL,DRY,INJURY AND / OR TOW DUE TO CRASH,CALIFORNIA AVE,41.8429959896,-87.6953093057,POINT (-87.695309305721 41.842995989593)
O1666463,BICYCLE,0eb05b886f86ac08f9083a02adb4ad11ccb82c6ed185d441aec37591181e8c89015a5e5d769fd08310dc991a42574c84f0e0f3a45e134e40aa33a47740bf6d3c,09/22/2023 01:30:00 PM,M,,BICYCLE HELMET (PEDACYCLIST INVOLVED ONLY),OTHER ACTION,IN ROADWAY,TEST NOT OFFERED,,30,CLEAR,DAYLIGHT,PEDALCYCLIST,NOT DIVIDED,STRAIGHT AND LEVEL,DRY,NO INJURY / DRIVE AWAY,ADDISON ST,41.9473741186,-87.6531805895,POINT (-87.653180589536 41.947374118622)
O1666388,BICYCLE,e1a5ad09e243d855a244cdb9b8568853ed401806b01f93066d6c1eb5b7d7a9c75a5ce0ff191ec161f4bb814c1a6ae970f2c6866bbb1d614ae8d5890646e88eda,09/22/2023 11:10:00 AM,M,20.0,HELMET NOT USED,ENTER FROM DRIVE/ALLEY,IN ROADWAY,TEST NOT OFFERED,,25,CLEAR,DAYLIGHT,PEDALCYCLIST,ONE-WAY,STRAIGHT AND LEVEL,DRY,INJURY AND / OR TOW DUE TO CRASH,NEW ENGLAND AVE,41.9522641465,-87.7985374639,POINT (-87.798537463912 41.952264146503)
O1666648,BICYCLE,4f7c551bc39efbc3c025233b563c2ce2cd0211acfc1d825c26283261b0740ab84028ffec099905f2e77fd1327a117528f636eb9ec5ced6eeb46cbbaa80b15a4a,09/22/2023 10:40:00 AM,M,29.0,BICYCLE HELMET (PEDACYCLIST INVOLVED ONLY),WITH TRAFFIC,BIKEWAY,,,30,CLEAR,DAYLIGHT,PEDALCYCLIST,DIVIDED - W/MEDIAN (NOT RAISED),STRAIGHT AND LEVEL,DRY,NO INJURY / DRIVE AWAY,SOUTHPORT AVE,41.946442962,-87.6641459607,POINT (-87.664145960711 41.946442961954)
O1666174,BICYCLE,aaffd7e748a297dbbee3a6ea66f7fe7d1a5618173d5ad4474a0eb5ffac133629bc952e553ef25feaa878aa4aefb5ce9d30dc7129057368a85439441153c21266,09/21/2023 09:15:00 PM,F,22.0,HELMET NOT USED,WITH TRAFFIC,BIKE LANE,TEST NOT OFFERED,,30,CLEAR,"DARKNESS, LIGHTED ROAD",PEDALCYCLIST,NOT DIVIDED,STRAIGHT AND LEVEL,OTHER,INJURY AND / OR TOW DUE TO CRASH,26TH ST,41.8453754174,-87.6346426954,POINT (-87.634642695359 41.845375417417)
O1666065,BICYCLE,0bdb3396e7f9903245d1800e8b00c767742acdb5fe3507b065eb0496b0490afd0a27bc0712294e1e1b4dc76f0a3e06ebe724d78ac7ce7b1bb2b5d35e27e40dad,09/21/2023 06:30:00 PM,M,18.0,BICYCLE HELMET (PEDACYCLIST INVOLVED ONLY),CROSSING - WITH SIGNAL,IN CROSSWALK,TEST NOT OFFERED,,30,CLEAR,DAYLIGHT,PEDALCYCLIST,FOUR WAY,STRAIGHT AND LEVEL,DRY,NO INJURY / DRIVE AWAY,HALSTED ST,41.8695608754,-87.6471065839,POINT (-87.647106583884 41.869560875398)
O1666088,BICYCLE,04dd33b3fcd1285616ac9f801521a725c1680f0fc451af59852248fcd353a45b52c91fd7acf8af72a1a430bead25f1141c70ca5aaac25914cabffe4f825e75d5,09/21/2023 04:10:00 PM,M,9.0,BICYCLE HELMET (PEDACYCLIST INVOLVED ONLY),CROSSING - NO CONTROLS (NOT AT INTERSECTION),IN CROSSWALK,TEST NOT OFFERED,,20,RAIN,DAYLIGHT,PEDALCYCLIST,NOT DIVIDED,STRAIGHT AND LEVEL,WET,INJURY AND / OR TOW DUE TO CRASH,SACRAMENTO AVE,42.0110149717,-87.7043256086,POINT (-87.704325608621 42.011014971715)
O1669250,BICYCLE,04dd33b3fcd1285616ac9f801521a725c1680f0fc451af59852248fcd353a45b52c91fd7acf8af72a1a430bead25f1141c70ca5aaac25914cabffe4f825e75d5,09/21/2023 04:10:00 PM,M,9.0,BICYCLE HELMET (PEDACYCLIST INVOLVED ONLY),CROSSING - NO CONTROLS (NOT AT INTERSECTION),IN CROSSWALK,TEST NOT OFFERED,,20,RAIN,DAYLIGHT,PEDALCYCLIST,NOT DIVIDED,STRAIGHT AND LEVEL,WET,INJURY AND / OR TOW DUE TO CRASH,SACRAMENTO AVE,42.0110149717,-87.7043256086,POINT (-87.704325608621 42.011014971715)
O1669343,BICYCLE,bfac2b14af809465649de2d07e4989aeca66f5fd88428362da36c67c4e8ff09b168136a7dcc31c1f6fd6cce0697b296c4c1837980f7acdba1f6477fe282346f5,09/21/2023 03:06:00 PM,F,24.0,BICYCLE HELMET (PEDACYCLIST INVOLVED ONLY),NO ACTION,IN ROADWAY,TEST NOT OFFERED,,30,CLEAR,DAYLIGHT,PEDALCYCLIST,NOT DIVIDED,STRAIGHT AND LEVEL,DRY,INJURY AND / OR TOW DUE TO CRASH,31ST ST,41.838412974,-87.6265588598,POINT (-87.626558859791 41.838412973988)
O1665791,BICYCLE,ec199b744eca9e488abf5dd74da0f8b40bfc2571146e8198974e880974df09408c7921b15727f2b788513ab0d7a1ad7e6d80af88cc0048162f1cb5141c149533,09/21/2023 12:41:00 PM,M,58.0,HELMET NOT USED,WITH TRAFFIC,IN ROADWAY,TEST NOT OFFERED,,25,CLEAR,DAYLIGHT,PEDALCYCLIST,NOT DIVIDED,STRAIGHT AND LEVEL,DRY,INJURY AND / OR TOW DUE TO CRASH,ROOSEVELT RD,41.8656223659,-87.7703840852,POINT (-87.770384085167 41.865622365878)
O1665774,BICYCLE,2b82d11ea29c1f2360fa1f96d0f64cf38e17a4ba497c22e23995e060dff234f4d0b58a1c296cb52a8481e16d1c6d4265b699db5fe6c64823d870021bf81bf191,09/21/2023 11:14:00 AM,M,45.0,HELMET NOT USED,CROSSING - WITH SIGNAL,IN CROSSWALK,TEST NOT OFFERED,,30,CLEAR,DAYLIGHT,PEDALCYCLIST,FOUR WAY,STRAIGHT AND LEVEL,DRY,INJURY AND / OR TOW DUE TO CRASH,SOUTH SHORE DR,41.7661952023,-87.562908182,POINT (-87.562908182042 41.76619520231)
O1665711,BICYCLE,a5393326d8f3a5c6a4cb2a26efdb4bfead74a915dce7077ef7c48cf586fb7ad0ea14b9cda2537e3601b0fdd296c988a6affa80588c584d8a67ac45a6bce12fb0,09/21/2023 11:03:00 AM,M,37.0,HELMET NOT USED,CROSSING - AGAINST SIGNAL,IN ROADWAY,TEST NOT OFFERED,,30,CLEAR,DAYLIGHT,PEDALCYCLIST,FOUR WAY,STRAIGHT AND LEVEL,DRY,INJURY AND / OR TOW DUE TO CRASH,ONTARIO ST,41.8933377372,-87.6312444962,POINT (-87.631244496213 41.893337737184)
O1665706,BICYCLE,877fb68e5a0691d75f11401fd172bf2dbcfa9c5ba169335a2720778daa8417dd40893c643424ee3c0a28e78ae8ba1c4d6e37e7ec89a3f1760cb455eaae5103bf,09/21/2023 09:20:00 AM,M,75.0,BICYCLE HELMET (PEDACYCLIST INVOLVED ONLY),CROSSING - WITH SIGNAL,IN CROSSWALK,TEST NOT OFFERED,,35,CLEAR,DAYLIGHT,PEDALCYCLIST,NOT DIVIDED,STRAIGHT AND LEVEL,DRY,INJURY AND / OR TOW DUE TO CRASH,111TH ST,41.6924653634,-87.6424409011,POINT (-87.642440901058 41.692465363422)
O1665667,BICYCLE,c2de6181f6b26229bbe3b666a128efcd6b0a011e0625ac32ec3de20fdd049f6244f83f59f3a59519a1b4191fe370e5ed54f54d7e20614750a8a2430cb0dadaec,09/21/2023 08:30:00 AM,M,20.0,BICYCLE HELMET (PEDACYCLIST INVOLVED ONLY),OTHER ACTION,IN ROADWAY,TEST NOT OFFERED,,30,CLEAR,DAYLIGHT,PEDALCYCLIST,DIVIDED - W/MEDIAN (NOT RAISED),STRAIGHT AND LEVEL,UNKNOWN,INJURY AND / OR TOW DUE TO CRASH,MADISON ST,41.8810539082,-87.6863045524,POINT (-87.686304552446 41.881053908208)
O1665599,BICYCLE,f13124105d3c64027fb0036a2ca580395d9de1c87c41132b9972430a72dd2b3ca12918fa0a5478914daedd38c8b824011cd4e472a887d5e0a6264e25faec276c,09/21/2023 08:12:00 AM,M,54.0,HELMET NOT USED,CROSSING - WITH SIGNAL,IN ROADWAY,,,30,CLEAR,DAYLIGHT,PEDALCYCLIST,FOUR WAY,STRAIGHT AND LEVEL,DRY,NO INJURY / DRIVE AWAY,WESTERN AVE,41.8648257785,-87.6858429776,POINT (-87.685842977642 41.864825778462)
O1665543,BICYCLE,bb6f9a4390fe8273ae4478b28e5c07c5e3ba98d13944aafc1ab9b80d669535070e622c6a1d5bd99df301eb291fb3b172f42deece03086c0913565a45217b619b,09/21/2023 01:40:00 AM,M,28.0,HELMET NOT USED,WITH TRAFFIC,IN ROADWAY,TEST NOT OFFERED,,30,CLEAR,"DARKNESS, LIGHTED ROAD",PEDALCYCLIST,NOT DIVIDED,STRAIGHT AND LEVEL,DRY,INJURY AND / OR TOW DUE TO CRASH,BROADWAY,41.9802346825,-87.6598289455,POINT (-87.659828945521 41.980234682507)
O1665501,BICYCLE,79a4a1fd4d912b482d2fdd34c1c08b46cf5156d177f93eee3f4a1f4e2a793cb3179c21f2de4e5277bd60ef86dead71368a1dbbe9c42d306d0e39ac38d0cba39b,09/20/2023 07:09:00 PM,M,16.0,HELMET NOT USED,CROSSING - NO CONTROLS (AT INTERSECTION),IN ROADWAY,TEST NOT OFFERED,,30,CLEAR,DUSK,PEDALCYCLIST,NOT DIVIDED,STRAIGHT AND LEVEL,DRY,INJURY AND / OR TOW DUE TO CRASH,FOSTER AVE,41.9761648183,-87.6778128249,POINT (-87.677812824947 41.976164818339)
O1669792,BICYCLE,79a4a1fd4d912b482d2fdd34c1c08b46cf5156d177f93eee3f4a1f4e2a793cb3179c21f2de4e5277bd60ef86dead71368a1dbbe9c42d306d0e39ac38d0cba39b,09/20/2023 07:09:00 PM,M,16.0,HELMET NOT USED,CROSSING - NO CONTROLS (AT INTERSECTION),IN ROADWAY,TEST NOT OFFERED,,30,CLEAR,DUSK,PEDALCYCLIST,NOT DIVIDED,STRAIGHT AND LEVEL,DRY,INJURY AND / OR TOW DUE TO CRASH,FOSTER AVE,41.9761648183,-87.6778128249,POINT (-87.677812824947 41.976164818339)
O1665394,BICYCLE,2d0ba54edbf10b95a656a2351fa5b7597eae0e3c66c5353d613ebd69a3f9413f5f4db81d69946476de79d3b0c9ed7089e3743d3ab4b2bdb17466dd54660493ac,09/20/2023 06:00:00 PM,M,26.0,HELMET NOT USED,CROSSING - WITH SIGNAL,SHOULDER,TEST NOT OFFERED,,30,CLEAR,DAYLIGHT,PEDALCYCLIST,DIVIDED - W/MEDIAN BARRIER,STRAIGHT AND LEVEL,DRY,INJURY AND / OR TOW DUE TO CRASH,HALSTED ST,41.9377556764,-87.6490500877,POINT (-87.649050087677 41.937755676406)
O1665344,BICYCLE,a8eb8521792994862859366bf81350839a20538e1676d3a6692931976b8be4e9200f18b51e945fd40d8a1710063c7f0c2c787462db8f708334c348c750cf5810,09/20/2023 05:42:00 PM,M,25.0,HELMET NOT USED,WITH TRAFFIC,IN ROADWAY,TEST NOT OFFERED,,30,CLEAR,DAYLIGHT,PEDALCYCLIST,NOT DIVIDED,STRAIGHT AND LEVEL,DRY,INJURY AND / OR TOW DUE TO CRASH,HUBBARD ST,41.8901197473,-87.6320360594,POINT (-87.632036059353 41.890119747287)
O1665815,BICYCLE,a18d475f5e5a9dcb3f957bc5552396c29e05c7050c0156e09d51bdb3c0cc3a2e325a452945c670555f5d4de81108990d30fe18132dce75156ed9af0de4ed3c7b,09/20/2023 05:30:00 PM,F,30.0,BICYCLE HELMET (PEDACYCLIST INVOLVED ONLY),UNKNOWN/NA,IN ROADWAY,TEST NOT OFFERED,,30,UNKNOWN,UNKNOWN,PEDALCYCLIST,NOT DIVIDED,STRAIGHT AND LEVEL,UNKNOWN,INJURY AND / OR TOW DUE TO CRASH,WILSON AVE,41.9653641767,-87.6678795176,POINT (-87.667879517599 41.965364176671)
O1665423,BICYCLE,e36ccd74515b2a75b4bad47c483a1a88aed76d3ce2d1f15ee2b4a655b716956ee01723a3bb46bd1caca4462e4d412f47a5994caeafb8258d5abd97ef0846f9fa,09/20/2023 03:10:00 PM,M,14.0,BICYCLE HELMET (PEDACYCLIST INVOLVED ONLY),WITH TRAFFIC,IN ROADWAY,TEST NOT OFFERED,,25,CLEAR,DAYLIGHT,PEDALCYCLIST,DIVIDED - W/MEDIAN BARRIER,STRAIGHT AND LEVEL,DRY,INJURY AND / OR TOW DUE TO CRASH,ASHLAND AVE,41.9535399796,-87.6691744803,POINT (-87.66917448034 41.953539979569)
O1664771,BICYCLE,d916a26b1ad8384e7ddc1238af590c2883bee6741f4073d1da9bceca6ba39ed2e2b2c2087cd7e9b55131a603fff32c1d0db8b23fdcc085c50743d27cbfe74258,09/19/2023 08:35:00 PM,M,27.0,HELMET NOT USED,UNKNOWN/NA,UNKNOWN/NA,TEST NOT OFFERED,,30,RAIN,DUSK,PEDALCYCLIST,NOT DIVIDED,STRAIGHT AND LEVEL,WET,INJURY AND / OR TOW DUE TO CRASH,DIVISION ST,41.902080223,-87.7611540797,POINT (-87.761154079683 41.902080223018)
O1664841,BICYCLE,b880921fbf2bfc1e14e29310726d2bf82115f76b805a9b769fd9b2d8b85f0bc39413cadba67005d7b563c474ce48f4490669a84f0746299d7c69830d87e0a81d,09/19/2023 08:10:00 PM,M,16.0,HELMET NOT USED,CROSSING - NO CONTROLS (AT INTERSECTION),IN ROADWAY,TEST NOT OFFERED,,30,CLEAR,"DARKNESS, LIGHTED ROAD",PEDALCYCLIST,NOT DIVIDED,STRAIGHT AND LEVEL,DRY,INJURY AND / OR TOW DUE TO CRASH,63RD ST,41.7805475739,-87.6039383102,POINT (-87.603938310246 41.780547573927)