PERSON_ID,PERSON_TYPE,CRASH_RECORD_ID,CRASH_DATE_x,SEX,AGE,SAFETY_EQUIPMENT,PEDPEDAL_ACTION,PEDPEDAL_LOCATION,BAC_RESULT,CRASH_DATE_EST_I,POSTED_SPEED_LIMIT,WEATHER_CONDITION,LIGHTING_CONDITION,FIRST_CRASH_TYPE,TRAFFICWAY_TYPE,ALIGNMENT,ROADWAY_SURFACE_COND,CRASH_TYPE,STREET_NAME,LATITUDE,LONGITUDE,LOCATION
O1664743,BICYCLE,a166e76de704ca77bf40189614702ec843c4b092b68ee03b16c703e13fcbc20b24b8ef4b151f2b6f2bf28e2e10dfa20a0b76bf8af5315cef688800a32089e586,09/19/2023 07:06:00 PM,M,24.0,HELMET NOT USED,CROSSING - WITH SIGNAL,IN CROSSWALK,TEST NOT OFFERED,,30,RAIN,DARKNESS,PEDALCYCLIST,NOT DIVIDED,STRAIGHT AND LEVEL,WET,INJURY AND / OR TOW DUE TO CRASH,KIMBALL AVE,41.9424649851,-87.7127498539,POINT (-87.712749853929 41.942464985128)
O1664648,BICYCLE,225d6425ff2182d88abc391b735e34f9578cf11c6e933cc947a1f043ba6018edd568e9d86af9b653bc2850e1f4cb7b5cf0f4078a3314224a1f8a0106774dec0d,09/19/2023 04:15:00 PM,M,23.0,HELMET NOT USED,CROSSING - NO CONTROLS (NOT AT INTERSECTION),IN ROADWAY,TEST NOT OFFERED,,30,RAIN,DAYLIGHT,PEDALCYCLIST,NOT DIVIDED,STRAIGHT AND LEVEL,WET,INJURY AND / OR TOW DUE TO CRASH,FULLERTON AVE,41.9242566651,-87.7532575799,POINT (-87.753257579925 41.924256665056)
O1665282,BICYCLE,68fc1304fe7ea84a040d90dee9163e9a1140d34c431ed04ade36307317db1efad063c318fe8d3b0a0cf56296f4c774aaf9232dd9eac46c6557f4067bf45d70c3,09/19/2023 01:40:00 PM,M,49.0,HELMET NOT USED,WITH TRAFFIC,BIKEWAY,TEST NOT OFFERED,,30,RAIN,DAYLIGHT,PEDALCYCLIST,NOT DIVIDED,STRAIGHT AND LEVEL,WET,INJURY AND / OR TOW DUE TO CRASH,SHEFFIELD AVE,41.9444189287,-87.6543904687,POINT (-87.654390468716 41.944418928698)
O1664385,BICYCLE,a2cf69f06923ab4b5c836387006e0b6fc6cdadb6c2f8e6e72380036b575d6441f6379ef5c9a64a401f53755d73e257e0fc9dd08088fb7c87bf38f4fadcc2ee9a,09/19/2023 12:48:00 PM,M,28.0,HELMET NOT USED,CROSSING - NO CONTROLS (NOT AT INTERSECTION),DRIVEWAY ACCESS,TEST NOT OFFERED,,15,RAIN,DAYLIGHT,PEDALCYCLIST,DRIVEWAY,STRAIGHT ON GRADE,WET,INJURY AND / OR TOW DUE TO CRASH,DR MARTIN LUTHER KING JR DR,41.8464710461,-87.6171696495,POINT (-87.617169649505 41.846471046052)
O1664346,BICYCLE,e80742b5654b79246408b535493e0904f38a7d2203cb6c207fb6aa6e2077b5a5e287c26faf0a288627bf1cc586253c193b798e6700fdcd90a4de3a6882dbf57e,09/19/2023 11:35:00 AM,F,25.0,HELMET NOT USED,ENTER FROM DRIVE/ALLEY,IN ROADWAY,TEST NOT OFFERED,Y,20,RAIN,DAYLIGHT,PEDALCYCLIST,NOT DIVIDED,STRAIGHT AND LEVEL,WET,INJURY AND / OR TOW DUE TO CRASH,BURTON PL,41.9094127308,-87.6262227682,POINT (-87.626222768209 41.909412730768)
O1664250,BICYCLE,f2b1758d755ae7f341553d0daf6f07bf60851a19284031494590cab75ad6a034c5f168eafcf5cda6592387c5e1b9482bbe8eaa5c83273debc3f81388406d9d6d,09/19/2023 09:20:00 AM,M,35.0,BICYCLE HELMET (PEDACYCLIST INVOLVED ONLY),CROSSING - NO CONTROLS (AT INTERSECTION),IN ROADWAY,TEST NOT OFFERED,,20,RAIN,DAYLIGHT,PEDALCYCLIST,NOT DIVIDED,STRAIGHT AND LEVEL,WET,INJURY AND / OR TOW DUE TO CRASH,WOOD ST,41.8932195294,-87.6719414207,POINT (-87.671941420655 41.89321952944)
O1664171,BICYCLE,078e34c9930e3791ccac55acfd78f7299c336739dc93521f5fd6159a0a3c78de5dbc6e0a8c56c329ebae0ede5b89d6301ff0a99d19d15a66a746894ccd8d68b7,09/19/2023 08:00:00 AM,M,67.0,BICYCLE HELMET (PEDACYCLIST INVOLVED ONLY),CROSSING - NO CONTROLS (AT INTERSECTION),IN CROSSWALK,,,30,CLOUDY/OVERCAST,DAYLIGHT,PEDALCYCLIST,FOUR WAY,STRAIGHT AND LEVEL,WET,INJURY AND / OR TOW DUE TO CRASH,IRVING PARK RD,41.9538861879,-87.6932891989,POINT (-87.693289198862 41.953886187898)
O1664331,BICYCLE,0008c2174aa4839e73708f6727d1f4ee5f932c6c9f3820cb8f91c4928e537d91f8a516c1130b709e573de304371422ff8a62b690b28a78edb6000a32fd9fc555,09/19/2023 07:50:00 AM,M,17.0,HELMET NOT USED,CROSSING - AGAINST SIGNAL,IN ROADWAY,TEST NOT OFFERED,,35,RAIN,DAYLIGHT,PEDALCYCLIST,NOT DIVIDED,STRAIGHT AND LEVEL,WET,INJURY AND / OR TOW DUE TO CRASH,DAMEN AVE,41.8549037841,-87.6760660362,POINT (-87.676066036226 41.854903784127)
O1664057,BICYCLE,1abe516d17944a021367e5bdee1ce9bebec223c2e7b277fffd360c8f1823c0a2b4c4ca4438321e1f687a9fe1576acb3e87f7446bda91e0a7a97bbece1c24b822,09/18/2023 09:10:00 PM,M,,HELMET NOT USED,UNKNOWN/NA,IN ROADWAY,TEST NOT OFFERED,,30,CLEAR,"DARKNESS, LIGHTED ROAD",PEDALCYCLIST,FOUR WAY,STRAIGHT AND LEVEL,DRY,INJURY AND / OR TOW DUE TO CRASH,MIDWAY PLAISANCE,41.7872413184,-87.6059405872,POINT (-87.605940587195 41.787241318357)
O1663944,BICYCLE,d73801dd11c29b15b53c54d4e47567b88b051398b973fd4107c0642a55bb0c281d5b4d38d984a5ad702ab77ea93559f12492167e64d6c10632a4117324557b58,09/18/2023 06:40:00 PM,M,32.0,HELMET NOT USED,WITH TRAFFIC,IN ROADWAY,TEST NOT OFFERED,,30,CLEAR,DAWN,PEDALCYCLIST,TRAFFIC ROUTE,STRAIGHT AND LEVEL,DRY,INJURY AND / OR TOW DUE TO CRASH,UNION AVE,41.8398073922,-87.6440456066,POINT (-87.644045606593 41.839807392165)
O1664019,BICYCLE,4f0fc0ce227e56322a91f8163ec47b17dd651521d520d7994f0d01e07e171962c9679f1f60d505bc630dd2aafbfb39093b4ecdcfa127c5adbb068de2c3d349f1,09/18/2023 06:30:00 PM,F,16.0,BICYCLE HELMET (PEDACYCLIST INVOLVED ONLY),TURNING RIGHT,IN ROADWAY,TEST NOT OFFERED,N,30,CLEAR,DAYLIGHT,PEDALCYCLIST,T-INTERSECTION,STRAIGHT AND LEVEL,DRY,INJURY AND / OR TOW DUE TO CRASH,ASHLAND AVE,41.9215849114,-87.6687731076,POINT (-87.6687731076 41.921584911368)
O1667351,BICYCLE,217751cf3ba8b1f33a2596027044589ffd4211b332782bc96d3c61bc39bba224e3bcd04000b46557fd48e916f3847ecae0cba2b1fbce87c622b08535404beefd,09/18/2023 05:25:00 PM,M,26.0,BICYCLE HELMET (PEDACYCLIST INVOLVED ONLY),TURNING LEFT,IN ROADWAY,TEST NOT OFFERED,,30,CLEAR,DAYLIGHT,PEDALCYCLIST,FOUR WAY,STRAIGHT AND LEVEL,DRY,NO INJURY / DRIVE AWAY,CALIFORNIA AVE,41.8536877072,-87.6956517488,POINT (-87.695651748828 41.85368770724)
O1663835,BICYCLE,75ddd89f2f94d2d3561dbaf3b375ad9798691a4c88f46c00948873ab374e2ca40e368194ce88c1a32251253b9da008a926f709466ab6cfe8eb37371db1b4239e,09/18/2023 04:40:00 PM,M,34.0,HELMET NOT USED,CROSSING - AGAINST SIGNAL,IN ROADWAY,TEST NOT OFFERED,Y,30,CLEAR,DAYLIGHT,PEDALCYCLIST,NOT DIVIDED,STRAIGHT AND LEVEL,DRY,INJURY AND / OR TOW DUE TO CRASH,PULASKI RD,41.8897138876,-87.7257758954,POINT (-87.72577589543 41.889713887579)
O1663890,BICYCLE,be6dff95596af055fe9756cca1d2c8e791ffbd164ef071801f57ddcd33ec4cc5abc61d8184fb4bdf501d0efd2e914d55874b9b653e22a6103233e13b853e6623,09/18/2023 03:45:00 PM,F,16.0,HELMET NOT USED,CROSSING - NO CONTROLS (AT INTERSECTION),IN CROSSWALK,TEST NOT OFFERED,,30,CLEAR,DAYLIGHT,PEDALCYCLIST,NOT DIVIDED,STRAIGHT AND LEVEL,DRY,INJURY AND / OR TOW DUE TO CRASH,MAPLEWOOD AVE,41.7700059544,-87.6872087692,POINT (-87.687208769198 41.770005954428)
O1663781,BICYCLE,d26794d0e3ec79c63b689f55845784356aa9b7274230e56b9f3fdad78b1a3233c3981f3051fd42544040d138f3d93bb3158ff8e8ad45ccf2d2040c24d43623af,09/18/2023 03:30:00 PM,M,47.0,BICYCLE HELMET (PEDACYCLIST INVOLVED ONLY),NO ACTION,BIKE LANE,TEST NOT OFFERED,,30,CLEAR,DAYLIGHT,PEDALCYCLIST,DIVIDED - W/MEDIAN (NOT RAISED),STRAIGHT AND LEVEL,DRY,INJURY AND / OR TOW DUE TO CRASH,MILWAUKEE AVE,41.9097081691,-87.6761936756,POINT (-87.676193675597 41.909708169073)
O1664585,BICYCLE,a2bb5cad190b3d0c1715f343d4b92d0dc12d964f0c073250d96d3474d5a59ff6fa7fc6d1e84668bf81b010b16b1e55d640159d078efa872e58764706c77cb0cf,09/18/2023 03:22:00 PM,M,14.0,HELMET NOT USED,OTHER ACTION,DRIVEWAY ACCESS,TEST NOT OFFERED,,30,CLEAR,DAYLIGHT,PEDALCYCLIST,ALLEY,STRAIGHT AND LEVEL,DRY,INJURY AND / OR TOW DUE TO CRASH,CENTRAL PARK AVE,41.9755413584,-87.7182802764,POINT (-87.718280276373 41.975541358401)
O1664185,BICYCLE,d9d8bb8b863d0b3f430b639dd338c8c014f96a10f1583cdc9834aeca5f16276769386cc874a663cbd99ef84d2f5a6b8f301a4f268ce42c184a6f932e47421713,09/18/2023 10:55:00 AM,F,26.0,BICYCLE HELMET (PEDACYCLIST INVOLVED ONLY),WITH TRAFFIC,BIKEWAY,TEST NOT OFFERED,,30,CLEAR,DAYLIGHT,PEDALCYCLIST,DIVIDED - W/MEDIAN (NOT RAISED),STRAIGHT AND LEVEL,DRY,NO INJURY / DRIVE AWAY,HALSTED ST,41.9444802462,-87.6495488276,POINT (-87.649548827551 41.94448024625)
O1663440,NON-MOTOR VEHICLE,4f5c7494857e91e47e489e531aa501f38bb1b5fb51061be4fa394989119670c45eaf060dddb8753360064032a6981b523378832f9f4dc66cfd7957f40b5534b4,09/18/2023 08:50:00 AM,,,,,,,,30,CLEAR,DAYLIGHT,FIXED OBJECT,FOUR WAY,STRAIGHT AND LEVEL,DRY,INJURY AND / OR TOW DUE TO CRASH,IRVING PARK RD,41.9538314628,-87.704569794,POINT (-87.704569794042 41.953831462824)
O1663455,BICYCLE,de9a9ff0eb13388a4049c614d9ef88879b9b5cfb9d669924f0a4e72a85df601ac6796daff30730d9ad6b5f94c4dac3d9f7670263e3f55f99e65ba5175b08a606,09/18/2023 08:30:00 AM,M,27.0,BICYCLE HELMET (PEDACYCLIST INVOLVED ONLY),CROSSING - WITH SIGNAL,IN CROSSWALK,TEST NOT OFFERED,,30,CLEAR,DAYLIGHT,PEDALCYCLIST,NOT DIVIDED,STRAIGHT AND LEVEL,DRY,INJURY AND / OR TOW DUE TO CRASH,FULLERTON PKWY,41.9256401134,-87.6440508153,POINT (-87.644050815298 41.925640113414)
O1663369,BICYCLE,243283d94ee44d2a0326ee3fba39b889d7773def9dd22f7ab40e2d12ac3035241b42f441705cda44b815bd74923b67d62e1f91c6a1497d6350316ce1c426ef77,09/18/2023 07:35:00 AM,F,30.0,BICYCLE HELMET (PEDACYCLIST INVOLVED ONLY),WITH TRAFFIC,IN ROADWAY,TEST NOT OFFERED,Y,30,CLEAR,DAYLIGHT,PEDALCYCLIST,FOUR WAY,STRAIGHT AND LEVEL,DRY,NO INJURY / DRIVE AWAY,WESTERN AVE,41.8994225569,-87.6870847765,POINT (-87.6870847765 41.899422556933)
O1663398,BICYCLE,e4301f028566c56d636488d5f89c6862069ffcfda6182bf6ea648d0d373232e0b13466227991c866a0a99032ed43c8465fb48c6bf59d5485e0485ce7437f8853,09/18/2023 06:41:00 AM,M,69.0,BICYCLE HELMET (PEDACYCLIST INVOLVED ONLY),CROSSING - NO CONTROLS (AT INTERSECTION),IN ROADWAY,TEST NOT OFFERED,,30,CLEAR,DAYLIGHT,PEDALCYCLIST,FOUR WAY,STRAIGHT AND LEVEL,DRY,INJURY AND / OR TOW DUE TO CRASH,LA SALLE ST,41.8309350952,-87.6299753048,POINT (-87.629975304804 41.830935095228)
O1663304,BICYCLE,cfe669de689596ded613b121560931c99bf40bd9d1c058f9e814fcb7717467d521806e5fedf6ed99400fd4eb72c135a59038842af9f5e0249ebb5ca66cf11c65,09/17/2023 11:30:00 PM,M,26.0,HELMET NOT USED,CROSSING - WITH SIGNAL,BIKE LANE,TEST NOT OFFERED,,30,CLEAR,"DARKNESS, LIGHTED ROAD",PEDALCYCLIST,FOUR WAY,STRAIGHT AND LEVEL,DRY,INJURY AND / OR TOW DUE TO CRASH,11TH ST,41.8691656583,-87.6256475142,POINT (-87.625647514165 41.869165658346)
O1663234,BICYCLE,26bfd4c54dba5e30896a067648a6e05e58d0dc6cfd21523f732f9167f9a224a6d2fdb1730ba65a4c3ce40c3ba0f9284d4a6730a10a70ee5d807366d70f6fac94,09/17/2023 08:45:00 PM,M,14.0,HELMET NOT USED,CROSSING - NO CONTROLS (NOT AT INTERSECTION),IN CROSSWALK,TEST NOT OFFERED,,30,CLEAR,"DARKNESS, LIGHTED ROAD",PEDALCYCLIST,NOT DIVIDED,STRAIGHT AND LEVEL,DRY,NO INJURY / DRIVE AWAY,ARCHER AVE,41.792203763,-87.7949045961,POINT (-87.794904596138 41.792203762975)
O1663167,BICYCLE,e80da3798cb163a0ac2c4c844beed28953edeedc3e52b42a1c4e5bad55b99797e20b5e8df02c31ff8fdbdd7d5803019577aa521b0d44a4f13d4ee1f1950a7b0b,09/17/2023 05:45:00 PM,M,17.0,HELMET NOT USED,TURNING LEFT,BIKE LANE,TEST NOT OFFERED,,30,CLEAR,DAYLIGHT,PEDALCYCLIST,DIVIDED - W/MEDIAN BARRIER,STRAIGHT AND LEVEL,DRY,NO INJURY / DRIVE AWAY,71ST ST,41.7663979775,-87.5712666552,POINT (-87.5712666552 41.766397977518)
O1663151,BICYCLE,74ea9bedf8a42b921a5318f130f51f293a3262943d3178e9b1ed80eda7f61764ad77ebe4442c264510e50ab460ea252d7d31c435516aa657d092f131471e5127,09/17/2023 05:18:00 PM,F,,HELMET NOT USED,UNKNOWN/NA,UNKNOWN/NA,TEST NOT OFFERED,,30,UNKNOWN,DUSK,PEDALCYCLIST,NOT DIVIDED,STRAIGHT AND LEVEL,UNKNOWN,NO INJURY / DRIVE AWAY,37TH ST,41.8274924729,-87.6097425178,POINT (-87.609742517787 41.827492472892)
O1663274,BICYCLE,0c79f3f54bfdc3ab460e2c748115a5f780d6702a6eab297de93df09c81a802b950a9195fd15a668d115fafb258366ab1efa7aaa3396e508d74438cceff634c21,09/17/2023 05:15:00 PM,,,HELMET NOT USED,TURNING LEFT,IN ROADWAY,,,30,CLEAR,DAYLIGHT,PEDALCYCLIST,FOUR WAY,STRAIGHT AND LEVEL,WET,NO INJURY / DRIVE AWAY,ASHLAND AVE,41.916147281,-87.6679473535,POINT (-87.667947353504 41.916147280953)
O1663112,BICYCLE,eec3224b54d0636389fef70362b23f727090dff8929d2a21d585c3db02ace7be4c17c2bb8b3d85003ade063b4510dd3266b9ebdae2ec54c7960b55a78921dd4b,09/17/2023 04:35:00 PM,M,,HELMET NOT USED,CROSSING - CONTROLS PRESENT (NOT AT INTERSECTION),IN CROSSWALK,TEST NOT OFFERED,,30,CLEAR,DAYLIGHT,PEDALCYCLIST,NOT DIVIDED,STRAIGHT AND LEVEL,DRY,INJURY AND / OR TOW DUE TO CRASH,ROOSEVELT RD,41.8663442415,-87.7205296318,POINT (-87.720529631802 41.866344241501)
O1667847,BICYCLE,26e933663393fa5097e1951f77e842a3c64e0af2d363fd599777aabb3bccd6311879fc734dfe66f50e53f15c560edac0f61cdd654e3fd9095e9f7ef4c8ff397f,09/17/2023 01:30:00 PM,M,,HELMET NOT USED,WITH TRAFFIC,IN ROADWAY,TEST NOT OFFERED,,30,CLOUDY/OVERCAST,DAYLIGHT,PEDALCYCLIST,NOT DIVIDED,STRAIGHT AND LEVEL,UNKNOWN,NO INJURY / DRIVE AWAY,IRVING PARK RD,41.9543615523,-87.65567633,POINT (-87.655676330039 41.95436155233)
O1662873,BICYCLE,363eca41e6b7ee276483383c7b97c2fd39234049280e9fffc06f159872f7872902d4458cf552c69022c79cb9283db543da9cf6030c2b9b8e7048acb33792dfca,09/16/2023 11:45:00 PM,M,25.0,HELMET NOT USED,CROSSING - WITH SIGNAL,BIKEWAY,TEST NOT OFFERED,,30,CLEAR,DARKNESS,PEDALCYCLIST,FOUR WAY,STRAIGHT AND LEVEL,DRY,NO INJURY / DRIVE AWAY,WELLS ST,41.9039059863,-87.6346262373,POINT (-87.634626237263 41.903905986264)
O1662580,BICYCLE,f49e9b724e8b4e97489cb613e8378bbfa9e70a9c6d4588337bd16d9b0f6c3b84d46849e8382b99f0c1f4525ac7e2e219adc14286dc0b0032bba71169c0aca301,09/16/2023 11:21:00 PM,F,29.0,HELMET NOT USED,CROSSING - NO CONTROLS (AT INTERSECTION),BIKE LANE,TEST NOT OFFERED,,30,CLEAR,"DARKNESS, LIGHTED ROAD",PEDALCYCLIST,FOUR WAY,STRAIGHT AND LEVEL,DRY,INJURY AND / OR TOW DUE TO CRASH,MILWAUKEE AVE,41.8975100919,-87.6576021228,POINT (-87.657602122759 41.897510091927)
O1662430,BICYCLE,e2c6604f93fc16a86e7ffcc4ca9e1a1ade0bb9221faf49db4c3ad0a4ec00e71e7dd5adacf23fcb2bf8405c524e31945b35e88e6d86ae6e61a63cd7e21dbf8185,09/16/2023 07:15:00 PM,M,16.0,HELMET NOT USED,ENTER FROM DRIVE/ALLEY,IN ROADWAY,,,30,CLEAR,DARKNESS,PEDALCYCLIST,NOT DIVIDED,STRAIGHT AND LEVEL,DRY,NO INJURY / DRIVE AWAY,57TH ST,41.7894595677,-87.7236382143,POINT (-87.723638214315 41.789459567675)
O1662421,BICYCLE,69231d1672d321ef8534570cf32e83a9afc6f1f988aa341d8ec64f4cec835f09adce1806bceede6ab0a081e9d7adbe88fa4336bd489ea5508c9518e1b5f60342,09/16/2023 05:30:00 PM,F,25.0,HELMET NOT USED,CROSSING - WITH SIGNAL,IN ROADWAY,TEST NOT OFFERED,,30,CLEAR,DAYLIGHT,PEDALCYCLIST,FOUR WAY,STRAIGHT AND LEVEL,DRY,INJURY AND / OR TOW DUE TO CRASH,BELMONT AVE,41.9379315371,-87.8036763105,POINT (-87.803676310531 41.937931537106)
O1662432,BICYCLE,dd87079f3439a5e7bf3558f83b81cff2791dbf820166f5c3dffaca0ec084a53f95afddc5902d6279917f1eca3135dd1520818673e83e180317bcf0f313739ae9,09/16/2023 05:27:00 PM,M,66.0,HELMET NOT USED,AGAINST TRAFFIC,BIKEWAY,TEST NOT OFFERED,,30,CLEAR,DAYLIGHT,PEDALCYCLIST,NOT DIVIDED,STRAIGHT AND LEVEL,DRY,INJURY AND / OR TOW DUE TO CRASH,35TH ST,41.8311924087,-87.6192891995,POINT (-87.619289199481 41.831192408738)
O1662419,BICYCLE,e30cb083648274a92d152a906dcccb62218c84386cdaa4e37e32b63e9dc7e41504dfa727e5c95397a18a268319a16f6e4e7919dbc491146b4805ca5ed1a6983e,09/16/2023 05:08:00 PM,M,20.0,BICYCLE HELMET (PEDACYCLIST INVOLVED ONLY),UNKNOWN/NA,IN ROADWAY,TEST NOT OFFERED,,30,CLEAR,DAYLIGHT,PEDALCYCLIST,DIVIDED - W/MEDIAN (NOT RAISED),STRAIGHT AND LEVEL,DRY,NO INJURY / DRIVE AWAY,AUGUSTA BLVD,41.8986416659,-87.7616679111,POINT (-87.761667911131 41.898641665927)
O1662372,BICYCLE,a435e803aa80d39a1f6f72dc162b4e9ac505a46cc565e737aeae4e7f3a1fa843e920f186b4352c06d2d353968d0c8e799cec03267c529c52e010c469c1602677,09/16/2023 04:50:00 PM,M,23.0,HELMET NOT USED,TURNING RIGHT,BIKE LANE,TEST NOT OFFERED,,30,CLOUDY/OVERCAST,DAYLIGHT,PEDALCYCLIST,DIVIDED - W/MEDIAN (NOT RAISED),STRAIGHT AND LEVEL,DRY,INJURY AND / OR TOW DUE TO CRASH,PULASKI RD,41.9411504293,-87.7273930873,POINT (-87.727393087269 41.941150429285)
O1662514,BICYCLE,2a5761f260d00e63159b54db3da8ae1d9b2c48e886736356d15c98bf7909974aaa28e1e4f18515d5b423b8ec0bba7af05cff0b9a05bda99d9c18775e21ec14f3,09/16/2023 04:35:00 PM,M,44.0,HELMET NOT USED,CROSSING - NO CONTROLS (AT INTERSECTION),IN ROADWAY,TEST NOT OFFERED,,30,CLEAR,DAYLIGHT,PEDALCYCLIST,TRAFFIC ROUTE,STRAIGHT AND LEVEL,DRY,INJURY AND / OR TOW DUE TO CRASH,KEDZIE AVE,41.9557799679,-87.7082167121,POINT (-87.708216712138 41.955779967878)
O1662365,NON-MOTOR VEHICLE,8ca1db7f0c2511e0696be56b704e0d48a28bb85d62e5c04fb1afabed72442eb5925c033d69750cf6675e79be20aa6d0414ad82a8537dd74517fe4f2a0d89468a,09/16/2023 04:11:00 PM,M,35.0,USAGE UNKNOWN,,,TEST NOT OFFERED,,30,CLEAR,DAYLIGHT,OTHER OBJECT,T-INTERSECTION,STRAIGHT AND LEVEL,DRY,INJURY AND / OR TOW DUE TO CRASH,18TH ST,41.8571535527,-87.7249739352,POINT (-87.724973935231 41.857153552734)
O1662394,BICYCLE,39de2936012c0e8c13839a84bab8adb95dff77a8e0be1d6a2abfb982baca3f4ef297c977fa6ea34b90aa40598c6ec9d253d01c0b1e8b6a54d93892913b1c7c57,09/16/2023 04:07:00 PM,M,33.0,HELMET NOT USED,CROSSING - NO CONTROLS (NOT AT INTERSECTION),IN ROADWAY,TEST NOT OFFERED,,30,CLEAR,DAYLIGHT,PEDALCYCLIST,NOT DIVIDED,STRAIGHT AND LEVEL,DRY,INJURY AND / OR TOW DUE TO CRASH,KIMBALL AVE,41.939968911,-87.7123763362,POINT (-87.712376336241 41.939968910999)
O1662362,BICYCLE,2264d4acb5f21e5d65e0ce3913cb8da3f7898a29158a615cfb41381ca0a884b78b492bbcd755c020bcdc8d374c265ec577a5c9df248693c3c81af623de9059ef,09/16/2023 04:00:00 PM,M,44.0,BICYCLE HELMET (PEDACYCLIST INVOLVED ONLY),WITH TRAFFIC,IN ROADWAY,TEST NOT OFFERED,,30,CLEAR,DAYLIGHT,PEDALCYCLIST,NOT DIVIDED,STRAIGHT AND LEVEL,DRY,NO INJURY / DRIVE AWAY,GLENWOOD AVE,41.9873417712,-87.6649167621,POINT (-87.664916762093 41.987341771245)
O1662726,BICYCLE,7e9aa02c3c052b93c6c5531a9cf893262b01c086733a3ef3de1b75ba71e724c88f27b211d7eeefc34556b7400e728afbd510d1fcb08d73b3ae0c16badc36e3e7,09/16/2023 01:35:00 PM,M,14.0,HELMET NOT USED,CROSSING - NO CONTROLS (AT INTERSECTION),IN ROADWAY,TEST NOT OFFERED,,30,RAIN,DAYLIGHT,PEDALCYCLIST,DIVIDED - W/MEDIAN (NOT RAISED),STRAIGHT AND LEVEL,WET,INJURY AND / OR TOW DUE TO CRASH,AUSTIN AVE,41.9520617387,-87.7768872497,POINT (-87.776887249728 41.952061738723)
O1662269,BICYCLE,d897e030cdf77163d0003d9a75fdf26f92efd38be59558633ffff3fa544578d17bc703e037944c40bc2962f28a242186427c60de104aa66b781d27c63fed3cc8,09/16/2023 01:10:00 PM,M,76.0,HELMET NOT USED,CROSSING - WITH SIGNAL,UNKNOWN/NA,TEST NOT OFFERED,,30,RAIN,DAYLIGHT,PEDALCYCLIST,FOUR WAY,STRAIGHT AND LEVEL,WET,INJURY AND / OR TOW DUE TO CRASH,LA SALLE ST,41.8382270062,-87.6301726407,POINT (-87.630172640708 41.838227006243)
O1662182,BICYCLE,6aac132cf0299c4afdf8915bd369c37f275ca628b5e3eca5893442e22b3047fbc7a59e77ed8d38640a7d348094c5c1bbba3e51b6a4293eb6f12eb6ed6c95180b,09/16/2023 01:04:00 PM,F,34.0,BICYCLE HELMET (PEDACYCLIST INVOLVED ONLY),WITH TRAFFIC,IN CROSSWALK,TEST NOT OFFERED,,30,UNKNOWN,DAYLIGHT,PEDALCYCLIST,NOT DIVIDED,STRAIGHT AND LEVEL,UNKNOWN,INJURY AND / OR TOW DUE TO CRASH,47TH ST,41.809752145,-87.5967472765,POINT (-87.596747276481 41.809752144966)
O1664886,BICYCLE,6aac132cf0299c4afdf8915bd369c37f275ca628b5e3eca5893442e22b3047fbc7a59e77ed8d38640a7d348094c5c1bbba3e51b6a4293eb6f12eb6ed6c95180b,09/16/2023 01:04:00 PM,F,34.0,BICYCLE HELMET (PEDACYCLIST INVOLVED ONLY),WITH TRAFFIC,IN CROSSWALK,TEST NOT OFFERED,,30,UNKNOWN,DAYLIGHT,PEDALCYCLIST,NOT DIVIDED,STRAIGHT AND LEVEL,UNKNOWN,INJURY AND / OR TOW DUE TO CRASH,47TH ST,41.809752145,-87.5967472765,POINT (-87.596747276481 41.809752144966)
O1667011,BICYCLE,641f05d58af0d83137b0038cd61726a8cdd12bee4e8f07e86826ab268510b6d9ab2369451829e42445ead207423c7b592b87c30c95c4d4c9be2a4debaef5504b,09/16/2023 12:50:00 PM,M,34.0,HELMET NOT USED,WITH TRAFFIC,BIKE LANE,TEST NOT OFFERED,,30,CLEAR,"DARKNESS, LIGHTED ROAD",PEDALCYCLIST,NOT DIVIDED,STRAIGHT AND LEVEL,DRY,INJURY AND / OR TOW DUE TO CRASH,HALSTED ST,41.9157420147,-87.6485589274,POINT (-87.648558927413 41.91574201467)
O1662120,BICYCLE,ab21b02c6d99e2125ddc580001336f55529f293385357da95858b23f49ccb380723aa56f5bdd62810174eb207d8c7d89fd19dc3a3130ddf67ad23a00ae5e2da1,09/16/2023 11:47:00 AM,M,33.0,HELMET NOT USED,WITH TRAFFIC,IN CROSSWALK,TEST NOT OFFERED,,30,CLEAR,DAYLIGHT,PEDALCYCLIST,NOT DIVIDED,STRAIGHT AND LEVEL,DRY,NO INJURY / DRIVE AWAY,SOUTH CHICAGO AVE,41.7266826772,-87.5508863102,POINT (-87.550886310172 41.726682677166)
O1662059,BICYCLE,6b944ddaa22d9a7941f8ae1ee816cbd5a0728a9819414ce093dc1c786ac7c4acf0fe5197411066ca8d6da8c2430443f0a9add1a3e5ae20cc8bd3b4f8e616ab04,09/16/2023 10:28:00 AM,M,18.0,HELMET NOT USED,WITH TRAFFIC,IN ROADWAY,TEST NOT OFFERED,,30,CLEAR,DAYLIGHT,PEDALCYCLIST,NOT DIVIDED,STRAIGHT AND LEVEL,DRY,NO INJURY / DRIVE AWAY,MICHIGAN AVE,41.8474301501,-87.6238534363,POINT (-87.623853436334 41.847430150053)