PERSON_ID,PERSON_TYPE,CRASH_RECORD_ID,CRASH_DATE_x,SEX,AGE,SAFETY_EQUIPMENT,PEDPEDAL_ACTION,PEDPEDAL_LOCATION,BAC_RESULT,CRASH_DATE_EST_I,POSTED_SPEED_LIMIT,WEATHER_CONDITION,LIGHTING_CONDITION,FIRST_CRASH_TYPE,TRAFFICWAY_TYPE,ALIGNMENT,ROADWAY_SURFACE_COND,CRASH_TYPE,STREET_NAME,LATITUDE,LONGITUDE,LOCATION
O1661971,BICYCLE,d180c33d098fa00f82f6b6e645c684be2b9d29e2d41611637bfca5fa89af5a03edc01d128b5b9310e4e20ba8739f46e59a944549d1cd62562a5eaeaa0b703d33,09/16/2023 08:31:00 AM,M,30.0,HELMET NOT USED,WITH TRAFFIC,BIKE LANE,TEST NOT OFFERED,,30,CLOUDY/OVERCAST,DAYLIGHT,PEDALCYCLIST,NOT DIVIDED,STRAIGHT AND LEVEL,DRY,INJURY AND / OR TOW DUE TO CRASH,BROADWAY,41.9543038301,-87.6505360414,POINT (-87.650536041444 41.954303830122)
O1661728,BICYCLE,e29341189d2f02ae0d13b6aaf6d4b4a47cad415a366e6c1ac85b015e12855c538de359660b0cfbb37314ed4fcae83fdc3e4cd8e0109069896db15ce81ef9aeef,09/15/2023 09:25:00 PM,F,38.0,HELMET NOT USED,CROSSING - WITH SIGNAL,BIKE LANE,,,30,CLEAR,"DARKNESS, LIGHTED ROAD",PEDALCYCLIST,NOT DIVIDED,STRAIGHT AND LEVEL,DRY,NO INJURY / DRIVE AWAY,MORGAN ST,41.8765687699,-87.6520197171,POINT (-87.652019717096 41.876568769918)
O1661683,BICYCLE,884a59b39bb7eeb6ea1aabb81b71cb16521c30728fd8be936c830106f43262410823fa730a313ea10bfa19c042755a920b5c84c990c95bc0b69d941caeb70704,09/15/2023 08:41:00 PM,M,28.0,HELMET NOT USED,CROSSING - NO CONTROLS (AT INTERSECTION),IN ROADWAY,TEST NOT OFFERED,,30,CLEAR,"DARKNESS, LIGHTED ROAD",PEDALCYCLIST,NOT DIVIDED,STRAIGHT AND LEVEL,DRY,NO INJURY / DRIVE AWAY,95TH ST,41.7223279583,-87.5778446407,POINT (-87.577844640676 41.722327958307)
O1661733,BICYCLE,b362290b6009cc4f9bb269d81ed26029dd7a4dc34126ee3051159f152e9f5439a6e5dfea4d9778c299db4d3d7fe10b965eca894bffebcb816ca9e57375cf0a93,09/15/2023 08:34:00 PM,M,26.0,BICYCLE HELMET (PEDACYCLIST INVOLVED ONLY),WITH TRAFFIC,BIKEWAY,TEST NOT OFFERED,,30,CLEAR,DUSK,PEDALCYCLIST,NOT DIVIDED,STRAIGHT AND LEVEL,DRY,INJURY AND / OR TOW DUE TO CRASH,LINCOLN AVE,41.9585757454,-87.6820239993,POINT (-87.682023999261 41.958575745431)
O1661842,BICYCLE,13315af763babf44e3c7febfc13f473644867982913beee94151a90fbd47ec75a2dd6cb96e775b251ab7bed065d94eb9a7f49a329d37b060b002b548b5d9eb24,09/15/2023 08:30:00 PM,M,27.0,HELMET NOT USED,WITH TRAFFIC,BIKE LANE,TEST NOT OFFERED,,25,CLEAR,"DARKNESS, LIGHTED ROAD",PEDALCYCLIST,NOT DIVIDED,STRAIGHT AND LEVEL,DRY,INJURY AND / OR TOW DUE TO CRASH,ARMITAGE AVE,41.9168268783,-87.7456876773,POINT (-87.745687677319 41.916826878281)
O1661699,BICYCLE,afb779be163c4de3e9a0bc6968dfe0b31c52f26fd4f7597b899cec7cca242a6336cf8cb7a14ecad6a2c5a377761fc933e7983bfe294e1d8a043bb744ffe693a7,09/15/2023 08:15:00 PM,M,40.0,BICYCLE HELMET (PEDACYCLIST INVOLVED ONLY),CROSSING - NO CONTROLS (AT INTERSECTION),BIKEWAY,TEST NOT OFFERED,,30,CLEAR,"DARKNESS, LIGHTED ROAD",PEDALCYCLIST,ONE-WAY,STRAIGHT AND LEVEL,DRY,INJURY AND / OR TOW DUE TO CRASH,CONGRESS PKWY,41.875167798,-87.6740502205,POINT (-87.674050220465 41.875167797959)
O1662256,BICYCLE,5a3ac04cb44be0e6a4fca43b7729c1395812f3acbf05877b693b8555b65d068c0978616720d823fda8718ae35681e13f4a7c973bde08de064fc586f24af153db,09/15/2023 07:15:00 PM,M,31.0,BICYCLE HELMET (PEDACYCLIST INVOLVED ONLY),WITH TRAFFIC,BIKEWAY,TEST TAKEN,,30,UNKNOWN,UNKNOWN,PEDALCYCLIST,DIVIDED - W/MEDIAN (NOT RAISED),STRAIGHT AND LEVEL,UNKNOWN,INJURY AND / OR TOW DUE TO CRASH,WABASH AVE,41.8656758724,-87.6259435313,POINT (-87.625943531346 41.865675872378)
O1662014,BICYCLE,1d0efd1f6d2d0d59858cf433cd5897dcc00df2983228d4cb629f604e6bfbc3078a25a0c6f4adf9f8c127210f6d0306241b199f61786511906a2ae7b09f35d5ae,09/15/2023 04:45:00 PM,F,35.0,BICYCLE HELMET (PEDACYCLIST INVOLVED ONLY),CROSSING - NO CONTROLS (NOT AT INTERSECTION),BIKE LANE,TEST NOT OFFERED,,35,CLEAR,DAYLIGHT,PEDALCYCLIST,NOT DIVIDED,STRAIGHT AND LEVEL,DRY,INJURY AND / OR TOW DUE TO CRASH,ELSTON AVE,41.9480580059,-87.7111554581,POINT (-87.711155458056 41.948058005874)
O1661542,BICYCLE,6c488363aa637c96aecd2609f1f58842c415200b658c1110492c142c568b646c2cbf53c90c80872462b55cba60ff7176b2da8a94a155330f33340984ea50f68a,09/15/2023 04:25:00 PM,M,25.0,HELMET NOT USED,AGAINST TRAFFIC,IN CROSSWALK,TEST NOT OFFERED,,30,CLEAR,DAYLIGHT,PEDALCYCLIST,FOUR WAY,STRAIGHT AND LEVEL,DRY,INJURY AND / OR TOW DUE TO CRASH,CLINTON ST,41.8793534777,-87.6412580732,POINT (-87.641258073195 41.879353477685)
O1661417,BICYCLE,be6724593674376d4b323cf16e93a85fdf0dd1e5c303ca3d806fdd717b3c3ee30a96b1bb807d1fc698dc8d205cd31c6a1bfa0fa52663d7baa5bba95db0d1d70a,09/15/2023 04:10:00 PM,M,43.0,HELMET NOT USED,WITH TRAFFIC,IN ROADWAY,TEST NOT OFFERED,,30,CLEAR,DAYLIGHT,PEDALCYCLIST,ONE-WAY,STRAIGHT AND LEVEL,DRY,NO INJURY / DRIVE AWAY,AVERS AVE,41.9172964872,-87.7230396988,POINT (-87.72303969881 41.917296487173)
O1661443,NON-MOTOR VEHICLE,c0123dedfbf69209a62ee0b055d6dd88d3e39d3426bc00068d0d95163cd6f141d00e107d737bf6e354297ddc57bb03a5997165775e52040d3bbd5b356888ce86,09/15/2023 02:35:00 PM,F,11.0,USAGE UNKNOWN,UNKNOWN/NA,UNKNOWN/NA,TEST NOT OFFERED,,10,CLEAR,DAYLIGHT,OTHER OBJECT,PARKING LOT,STRAIGHT AND LEVEL,DRY,INJURY AND / OR TOW DUE TO CRASH,119TH ST,41.6777038827,-87.6419845177,POINT (-87.641984517713 41.677703882725)
O1661352,BICYCLE,ba0d2231b72fe0043d0ed0ba21be51d9d3a34caeece31473a7fd055a756c09e99c5a85c84998a12a30e2b2986007f38ad78832783c2ff2e127fde25277df4aa8,09/15/2023 02:18:00 PM,M,47.0,BICYCLE HELMET (PEDACYCLIST INVOLVED ONLY),WITH TRAFFIC,BIKE LANE,TEST NOT OFFERED,,30,CLEAR,DAYLIGHT,PEDALCYCLIST,NOT DIVIDED,STRAIGHT AND LEVEL,DRY,INJURY AND / OR TOW DUE TO CRASH,CLARENDON AVE,41.9556007558,-87.6495836699,POINT (-87.649583669862 41.955600755846)
O1662099,BICYCLE,e2cba12ee5daa540e0eb12d7e3f7470d4264e339db3a846d2fb81cdb8dbd4496f51fd1a22056623a15dc4a47479ef9f72075a74544f85864c68276c4710dd7d2,09/15/2023 10:19:00 AM,M,,HELMET NOT USED,WITH TRAFFIC,IN ROADWAY,TEST NOT OFFERED,,30,CLEAR,DAYLIGHT,PEDALCYCLIST,NOT DIVIDED,STRAIGHT AND LEVEL,UNKNOWN,INJURY AND / OR TOW DUE TO CRASH,CLARK ST,42.0120980923,-87.6744041604,POINT (-87.674404160362 42.012098092331)
O1661169,BICYCLE,e060885ac44014eb1c67706492c8766ffa13eb826949bb13e01f5656d1a0c4fb872397ecd659cf5e308faf30298e44664e54fd14dc31433f67ce596fd39130f8,09/15/2023 09:00:00 AM,M,31.0,HELMET NOT USED,UNKNOWN/NA,IN CROSSWALK,TEST NOT OFFERED,,30,CLEAR,DAYLIGHT,PEDALCYCLIST,NOT DIVIDED,STRAIGHT AND LEVEL,DRY,INJURY AND / OR TOW DUE TO CRASH,WABASH AVE,41.769091599,-87.6235392277,POINT (-87.623539227737 41.769091598961)
O1660952,BICYCLE,d8d322b9dd5ac79738ca917a410058feb690d3c3d451e75c408df6d7a5de334bde095afbf46f12eda9e379d655fd6a5a33a769dce2a72b7d9f7d66c2553eb5b2,09/14/2023 07:54:00 PM,M,21.0,HELMET NOT USED,NO ACTION,BIKEWAY,TEST NOT OFFERED,,30,CLEAR,DARKNESS,PEDALCYCLIST,FOUR WAY,STRAIGHT AND LEVEL,DRY,INJURY AND / OR TOW DUE TO CRASH,CICERO AVE,41.9168364877,-87.7462520454,POINT (-87.74625204539 41.916836487728)
O1660955,BICYCLE,3ce07f190f9ad3d00a2ca0bd4dcf0ddedba4a9abe0cba9d5aee474a629afaa28e3de0f91cacfc8f18bba66e6545dc691f58f19bdc8e6a3e7218809ce0aa8f0f9,09/14/2023 06:49:00 PM,M,23.0,HELMET NOT USED,OTHER ACTION,IN ROADWAY,TEST NOT OFFERED,,30,CLEAR,"DARKNESS, LIGHTED ROAD",PEDALCYCLIST,NOT DIVIDED,STRAIGHT AND LEVEL,DRY,NO INJURY / DRIVE AWAY,CANAL ST,41.8508370203,-87.638628145,POINT (-87.63862814499 41.850837020309)
O1660886,BICYCLE,cd31c239ae76d3c5cfe8a3960a270c3fc4e2f89ccf8667448dd99c69ef50dd5047ea762fbc8f3763e570c5ccd83f6a1606042b973aa925bce3371cc6a87e37ba,09/14/2023 05:21:00 PM,F,35.0,BICYCLE HELMET (PEDACYCLIST INVOLVED ONLY),CROSSING - NO CONTROLS (AT INTERSECTION),BIKE LANE,TEST NOT OFFERED,,30,CLEAR,DAYLIGHT,PEDALCYCLIST,NOT DIVIDED,STRAIGHT AND LEVEL,DRY,INJURY AND / OR TOW DUE TO CRASH,LAWRENCE AVE,41.969218745,-87.6533382944,POINT (-87.653338294425 41.969218744965)
O1662349,BICYCLE,7d98b7472debb3fdc7bbd45b27405cab10828feaa1a05ce09235b6f45b3a8eca6d4b487d73d91c144faf91b392359e8ccbb8f37f7fdb611b63bed4bc3fac5668,09/14/2023 05:00:00 PM,M,20.0,HELMET NOT USED,WITH TRAFFIC,BIKE LANE,TEST NOT OFFERED,,30,CLEAR,DAYLIGHT,PEDALCYCLIST,NOT DIVIDED,STRAIGHT AND LEVEL,DRY,INJURY AND / OR TOW DUE TO CRASH,HARRISON ST,41.8742439166,-87.6438114528,POINT (-87.643811452829 41.874243916565)
O1660789,BICYCLE,ff956fb8a46749003a575d28b105ef49ad7f10f88cfa6a71d19df00e0aa37790c6caee4539f7fc808dda81034c9d44d81bc8d78b6ad53a6d032c67c24f443503,09/14/2023 05:00:00 PM,M,55.0,HELMET NOT USED,CROSSING - AGAINST SIGNAL,IN CROSSWALK,TEST NOT OFFERED,,30,CLEAR,DAYLIGHT,PEDALCYCLIST,FOUR WAY,STRAIGHT AND LEVEL,DRY,INJURY AND / OR TOW DUE TO CRASH,LAFAYETTE AVE,41.758068532,-87.6265169823,POINT (-87.626516982328 41.75806853202)
O1660622,BICYCLE,b81a3a91849eb32224388e37294800d2b69f32e7dac77af919ad01718840bde9be803dbff5487de90dd7e4ee27b13644ba7a4555aa4fed3607922e39bba41c56,09/14/2023 01:45:00 PM,M,26.0,HELMET NOT USED,AGAINST TRAFFIC,IN CROSSWALK,TEST NOT OFFERED,,30,CLEAR,DAYLIGHT,PEDALCYCLIST,FOUR WAY,STRAIGHT AND LEVEL,DRY,INJURY AND / OR TOW DUE TO CRASH,ASHLAND AVE,41.8408371818,-87.6659703317,POINT (-87.665970331742 41.840837181762)
O1662821,BICYCLE,488745f33d6e7c7753012c4057b7ff22ec87e857b9fb9d92886444427b0aec74a19f021d1181ac5386b1a9abb52bc9185a3b1d1e536d645aef6715bebff9714f,09/14/2023 12:08:00 PM,M,24.0,HELMET NOT USED,CROSSING - WITH SIGNAL,IN ROADWAY,TEST NOT OFFERED,,25,CLEAR,DAYLIGHT,PEDALCYCLIST,FOUR WAY,STRAIGHT AND LEVEL,DRY,NO INJURY / DRIVE AWAY,CARROLL AVE,41.8878408029,-87.6545952653,POINT (-87.654595265327 41.887840802859)
O1660519,NON-MOTOR VEHICLE,ab3395e14c30fa2af49c86176301bf5fa03337617054967e255b6a62e16d32e25fd047d095c365b9f443351c8eefadeb2fef6ddce06ccb9418e695ff633282d6,09/14/2023 11:45:00 AM,M,37.0,NONE PRESENT,,,TEST NOT OFFERED,,10,CLEAR,DAYLIGHT,FIXED OBJECT,PARKING LOT,STRAIGHT AND LEVEL,DRY,NO INJURY / DRIVE AWAY,95TH ST,41.7217999203,-87.6262986724,POINT (-87.626298672405 41.721799920301)
O1660407,BICYCLE,d53251b29739b66aaf9d4a76ed382990a9b78d912c6ca097662d175bbad358e967db123d0d622a9f73135062975fb9f9b1ee93cf667739a007b1c0efb22d345f,09/14/2023 08:38:00 AM,M,26.0,BICYCLE HELMET (PEDACYCLIST INVOLVED ONLY),CROSSING - NO CONTROLS (AT INTERSECTION),IN CROSSWALK,TEST NOT OFFERED,,30,CLEAR,DAYLIGHT,PEDALCYCLIST,ROUNDABOUT,STRAIGHT AND LEVEL,DRY,INJURY AND / OR TOW DUE TO CRASH,PLYMOUTH CT,41.8679959411,-87.6286804221,POINT (-87.628680422053 41.867995941071)
O1660373,BICYCLE,6ea87b78e0de40d64536305c2bd06fe68c38fbb541f30857e8e4ed71392271e18deda66e95c7f60eb8386f0553dadf76408bbedac957e96abc0b67a15d0e3faa,09/14/2023 07:41:00 AM,M,11.0,HELMET NOT USED,CROSSING - NO CONTROLS (AT INTERSECTION),IN CROSSWALK,TEST NOT OFFERED,,30,CLEAR,DAYLIGHT,PEDALCYCLIST,NOT DIVIDED,STRAIGHT AND LEVEL,DRY,INJURY AND / OR TOW DUE TO CRASH,AINSLIE ST,41.969845334,-87.7576308681,POINT (-87.757630868146 41.969845333965)
O1660260,BICYCLE,84f72594a4e1013fe523d6d1f936abf0f28f623bcfefeba9e5ce162c98415adb863ce19e0050a01b6b1356e6943abcf16cf8b5921ee4fa59abc0f1d3cac49c20,09/13/2023 11:40:00 PM,M,32.0,HELMET NOT USED,WITH TRAFFIC,BIKE LANE,TEST NOT OFFERED,,30,CLEAR,"DARKNESS, LIGHTED ROAD",PEDALCYCLIST,NOT DIVIDED,STRAIGHT AND LEVEL,DRY,NO INJURY / DRIVE AWAY,KIMBALL AVE,41.9283643926,-87.7123489669,POINT (-87.712348966864 41.928364392621)
O1660207,BICYCLE,8c611d690568f1058b61071e5c8114a75ae388f914c13ee8415ac9b0d8844a767326c2a49f6431cbc07528462421c3e9120ab15a79074a9d9ca8e244d3f45835,09/13/2023 06:58:00 PM,M,23.0,BICYCLE HELMET (PEDACYCLIST INVOLVED ONLY),UNKNOWN/NA,BIKE LANE,TEST NOT OFFERED,,35,CLEAR,DAYLIGHT,PEDALCYCLIST,NOT DIVIDED,STRAIGHT AND LEVEL,DRY,INJURY AND / OR TOW DUE TO CRASH,KOSTNER AVE,41.8536313356,-87.7344251835,POINT (-87.734425183528 41.853631335623)
O1660537,BICYCLE,e1d29fd5df0553a8614433d497ddaea2ac512bc0e952fd8893aa71e708cf5372f001ede3e23f1809ef65459be75a846373d239db3fe01d2015c6ffbc7799f2ec,09/13/2023 09:25:00 AM,M,47.0,BICYCLE HELMET (PEDACYCLIST INVOLVED ONLY),CROSSING - WITH SIGNAL,IN ROADWAY,TEST NOT OFFERED,,30,CLEAR,DAYLIGHT,PEDALCYCLIST,NOT DIVIDED,STRAIGHT AND LEVEL,DRY,INJURY AND / OR TOW DUE TO CRASH,HIGGINS RD,41.9875586826,-87.8452963207,POINT (-87.845296320719 41.987558682625)
O1659686,BICYCLE,97dbbb33966db218e703df847c6d0acc029f9cfb5541ed5d3e125c3bbde38fb34391c179907be29cdb3588e5240a95507c76c6363e80bd92d7342682e27f5414,09/13/2023 08:35:00 AM,M,27.0,BICYCLE HELMET (PEDACYCLIST INVOLVED ONLY),WITH TRAFFIC,BIKE LANE,TEST NOT OFFERED,,30,CLEAR,DAYLIGHT,PEDALCYCLIST,DIVIDED - W/MEDIAN (NOT RAISED),STRAIGHT AND LEVEL,DRY,NO INJURY / DRIVE AWAY,ELSTON AVE,41.9298489966,-87.6846437835,POINT (-87.684643783527 41.929848996597)
O1659719,BICYCLE,fa123efcc290d29f07fd8ffe50e3c5e6a5acf68ee1264d3fbcb1235aca9ba0d54e6c31f8c3b8d9d66176a6c97a9cdb1b167eda6764b5fb7f87262221f251dae3,09/13/2023 07:17:00 AM,M,42.0,BICYCLE HELMET (PEDACYCLIST INVOLVED ONLY),CROSSING - NO CONTROLS (NOT AT INTERSECTION),BIKE LANE,TEST NOT OFFERED,,30,CLOUDY/OVERCAST,DAYLIGHT,PEDALCYCLIST,DIVIDED - W/MEDIAN (NOT RAISED),STRAIGHT AND LEVEL,DRY,NO INJURY / DRIVE AWAY,MILWAUKEE AVE,41.8978975991,-87.6582049268,POINT (-87.658204926849 41.897897599077)
O1659372,BICYCLE,6b7909675bcbec586f371cea3c6dfcbed4ccda686c706272aa0cb4a667a8200d8a53029c7787ad046af1dd0f7bafac4a3531bc4af8fb34bdb4743dbe0f8f1c80,09/12/2023 05:42:00 PM,M,22.0,HELMET NOT USED,CROSSING - WITH SIGNAL,BIKE LANE,TEST NOT OFFERED,,30,CLEAR,DAYLIGHT,PEDALCYCLIST,NOT DIVIDED,STRAIGHT AND LEVEL,DRY,NO INJURY / DRIVE AWAY,DIVISION ST,41.9039038026,-87.6382934972,POINT (-87.638293497173 41.903903802609)
O1659505,BICYCLE,b4a939d12e1e5750f4615391209299a601d9c49ac9188c34756f280c05a0891c2e433a8d8e13b35aafc0b00d4e2c135469e7b7225f7f7208091c5b95883ecc06,09/12/2023 05:00:00 PM,F,24.0,HELMET NOT USED,NO ACTION,IN ROADWAY,TEST NOT OFFERED,,30,CLEAR,DAYLIGHT,PEDALCYCLIST,NOT DIVIDED,STRAIGHT AND LEVEL,DRY,INJURY AND / OR TOW DUE TO CRASH,AVONDALE AVE,41.9957040683,-87.8081396708,POINT (-87.808139670842 41.995704068251)
O1661210,BICYCLE,400ecede90b4988a97cb18fd7d599c88d790aa2f91486d281887a6d8f24751f6e89e8001ba5e5c8d78bcd04e2175feccd641c4f55cd6bbfd4e14b6dcf29fb245,09/12/2023 03:30:00 PM,M,38.0,BICYCLE HELMET (PEDACYCLIST INVOLVED ONLY),CROSSING - WITH SIGNAL,BIKE LANE,TEST NOT OFFERED,,30,CLEAR,DAYLIGHT,PEDALCYCLIST,NOT DIVIDED,STRAIGHT AND LEVEL,DRY,NO INJURY / DRIVE AWAY,CLARK ST,41.9934794165,-87.6699819908,POINT (-87.669981990841 41.993479416508)
O1659339,BICYCLE,856a788bf32aed1bac1f2c7e3388af1993eeb55e01abcc53e77efe111e0b04b6da06dccdde0d02bbd432579e0d6e71589351afe56a7f2ae70d0228062a56dd11,09/12/2023 03:14:00 PM,M,63.0,HELMET NOT USED,UNKNOWN/NA,IN CROSSWALK,TEST NOT OFFERED,,30,CLEAR,DAYLIGHT,PEDALCYCLIST,FOUR WAY,STRAIGHT AND LEVEL,DRY,INJURY AND / OR TOW DUE TO CRASH,WASHTENAW AVE,41.764483525,-87.6907273764,POINT (-87.69072737642 41.764483525009)
O1659166,BICYCLE,efd84329f980d395946a833adb44587214db1a9da521836d42780c4a751d17ca4f035cb789287c42b31168d6fad2cdc1fd7785b76f98490cc6bc5b030c63897e,09/12/2023 12:35:00 PM,M,65.0,HELMET NOT USED,UNKNOWN/NA,UNKNOWN/NA,TEST NOT OFFERED,,30,CLEAR,DAYLIGHT,PEDALCYCLIST,NOT DIVIDED,STRAIGHT AND LEVEL,DRY,INJURY AND / OR TOW DUE TO CRASH,BROADWAY,41.9794282549,-87.6598058547,POINT (-87.659805854713 41.979428254922)
O1659104,BICYCLE,494b1e848ea2a15fd1c962a39a42956a78ed5092afd0eee0572d0215bbc6427cf202e4597ee73a93ebb6772e031d0d8ace5eedd89c4085f3f8c3d8c1e03faaf7,09/12/2023 09:00:00 AM,F,40.0,HELMET NOT USED,CROSSING - NO CONTROLS (NOT AT INTERSECTION),IN CROSSWALK,TEST NOT OFFERED,,30,CLEAR,DAYLIGHT,PEDALCYCLIST,NOT DIVIDED,STRAIGHT AND LEVEL,DRY,INJURY AND / OR TOW DUE TO CRASH,PETERSON AVE,41.9905932137,-87.6921619627,POINT (-87.692161962657 41.99059321365)
O1660317,BICYCLE,cd2e7a1dff9e0e9007cd83cd2bba46327d9d2b1829b982afd4caa9e4b674c6bf052e3ee73c1110c1e1f6c6813bf650408b2000f30488e7d6bdee6835db377c9c,09/12/2023 08:00:00 AM,M,56.0,BICYCLE HELMET (PEDACYCLIST INVOLVED ONLY),UNKNOWN/NA,BIKE LANE,TEST NOT OFFERED,,30,CLEAR,DAYLIGHT,PEDALCYCLIST,OTHER,STRAIGHT AND LEVEL,DRY,NO INJURY / DRIVE AWAY,FRANKLIN ST,41.8819027505,-87.6351640598,POINT (-87.635164059795 41.881902750506)
O1658832,BICYCLE,eb0ba4088ed05238511d8ab4ae4d3a8f1c9f93a4e45e013e325ad5f3cdafb0b4f2af8a114e2308b7481b9880004c5e0defe910ccd822876e2450820def7e91e2,09/11/2023 09:10:00 PM,M,23.0,HELMET NOT USED,CROSSING - NO CONTROLS (AT INTERSECTION),IN ROADWAY,TEST NOT OFFERED,,30,RAIN,"DARKNESS, LIGHTED ROAD",PEDALCYCLIST,ROUNDABOUT,STRAIGHT AND LEVEL,WET,NO INJURY / DRIVE AWAY,ROSCOE ST,41.9430335296,-87.7291712406,POINT (-87.729171240572 41.943033529595)
O1659929,BICYCLE,1537441fc6cf9f64923c0a243d9358b88d317dcc3553217bfbe79eb31c8a6d71b2ab6ad24d31bf56b698e13434f46b0d78f3a306198f24c9c2181105258901a8,09/11/2023 09:00:00 PM,M,42.0,BICYCLE HELMET (PEDACYCLIST INVOLVED ONLY),WITH TRAFFIC,BIKEWAY,TEST NOT OFFERED,,30,RAIN,DARKNESS,PEDALCYCLIST,NOT DIVIDED,STRAIGHT AND LEVEL,WET,INJURY AND / OR TOW DUE TO CRASH,KEDZIE AVE,41.9321193139,-87.7075769092,POINT (-87.707576909239 41.932119313931)
O1658447,BICYCLE,3686022c962a682424a4d7cf736eb43fc0f256fc70f1380d0a66ba50e6f06815f864a755b1cb99a4ceaf7a3f8ac9ca71427cb4a43acfae1f1c963c7cb4283ac3,09/11/2023 01:50:00 PM,F,59.0,HELMET NOT USED,OTHER ACTION,IN ROADWAY,TEST NOT OFFERED,,30,RAIN,DAYLIGHT,PEDALCYCLIST,FOUR WAY,STRAIGHT AND LEVEL,WET,INJURY AND / OR TOW DUE TO CRASH,MONTEREY AVE,41.6913947101,-87.6683936696,POINT (-87.66839366957 41.691394710107)
O1658204,BICYCLE,571e807feae6e70f9ff68789f027916b1328a579c9a6c28820c24161fecf86b8873af8c738b25e485728f811a28aeafee051a6298c83b524c04593d9496726b9,09/11/2023 08:40:00 AM,M,40.0,HELMET NOT USED,CROSSING - NO CONTROLS (AT INTERSECTION),DRIVEWAY ACCESS,TEST NOT OFFERED,,30,RAIN,DAYLIGHT,PEDALCYCLIST,RAMP,STRAIGHT ON GRADE,WET,INJURY AND / OR TOW DUE TO CRASH,DIVERSEY PKWY,41.9328312254,-87.6489491745,POINT (-87.648949174491 41.932831225404)
O1659159,BICYCLE,f3bdb08127f6a76872c761dec827b8aa8d9cddaff80b799e1b6fff176ad5493d9551eb4050a3fefba12e37eab3878216593700d43724a2ca8071bd8829aaa86c,09/11/2023 06:00:00 AM,F,41.0,BICYCLE HELMET (PEDACYCLIST INVOLVED ONLY),OTHER ACTION,IN ROADWAY,,,30,RAIN,DAYLIGHT,PEDALCYCLIST,NOT DIVIDED,STRAIGHT AND LEVEL,WET,INJURY AND / OR TOW DUE TO CRASH,PULASKI RD,41.7949574448,-87.723356565,POINT (-87.723356564996 41.794957444828)
O1658092,BICYCLE,9cd9d24c6be3739a2f395af6ec943fc6073e6389c760bfd1cb7e37360c9f4a068533f94df24a194cb2fae29133e631462b2dee80437f1a17c868eef0cd496328,09/11/2023 04:05:00 AM,M,34.0,HELMET NOT USED,UNKNOWN/NA,UNKNOWN/NA,TEST NOT OFFERED,,30,CLEAR,DARKNESS,PEDALCYCLIST,ONE-WAY,STRAIGHT AND LEVEL,DRY,INJURY AND / OR TOW DUE TO CRASH,DELAWARE PL,41.8992550556,-87.627834638,POINT (-87.627834637991 41.899255055598)
O1657950,BICYCLE,eeeed80d7b9fbb48fbc992c692e4d0033269fca32247cc6f6018808c02e26dcd8b0ddebda89a493f6f20a494fb2b23a8dac2ce9dd2cab10d28609dc5d472c59a,09/10/2023 07:39:00 PM,M,,HELMET NOT USED,CROSSING - AGAINST SIGNAL,IN ROADWAY,TEST NOT OFFERED,,30,CLEAR,DARKNESS,PEDALCYCLIST,FOUR WAY,STRAIGHT AND LEVEL,DRY,NO INJURY / DRIVE AWAY,HOMAN AVE,41.8951282894,-87.7115719478,POINT (-87.711571947811 41.895128289388)
O1657963,BICYCLE,c0dae4dc8bdbc357dfbbf222a7e04d49edeb95c2bf913e75bfdd1ff2d0db4604c7aa1d5363c0fa74149b6321db4279f205ec56017114cfe3ff1f850791c0d44b,09/10/2023 06:40:00 PM,F,29.0,HELMET NOT USED,NO ACTION,BIKE LANE,TEST NOT OFFERED,,30,CLEAR,DAYLIGHT,PEDALCYCLIST,NOT DIVIDED,STRAIGHT AND LEVEL,DRY,INJURY AND / OR TOW DUE TO CRASH,WELLS ST,41.9100751455,-87.6348235849,POINT (-87.634823584882 41.910075145518)
O1658019,BICYCLE,df8705fd7bb2d8426c37f4202a6b5bc9274433f6e5b34f8809379a7712d3fdf455cee585bfc17b9b3eb9f3f82e72206f6b2f03abd96bda6449aa21ade8d1d791,09/10/2023 06:24:00 PM,M,17.0,HELMET NOT USED,AGAINST TRAFFIC,IN ROADWAY,TEST NOT OFFERED,,20,CLEAR,DAYLIGHT,PEDALCYCLIST,ONE-WAY,STRAIGHT AND LEVEL,DRY,INJURY AND / OR TOW DUE TO CRASH,ARGYLE ST,41.971994827,-87.7068728916,POINT (-87.706872891646 41.971994827034)
O1657877,BICYCLE,0e720e1abdd7796dbd2f45556ecc90a97d186baba4e4b4c9b40bf1ed171654f2b5c67015a2e36a8bedb5649177e837cc5bfca8214f981c0214a521c0f5d8f05e,09/10/2023 05:04:00 PM,F,28.0,BICYCLE HELMET (PEDACYCLIST INVOLVED ONLY),NOT AT INTERSECTION,IN ROADWAY,TEST NOT OFFERED,,25,CLEAR,DAYLIGHT,PEDALCYCLIST,NOT DIVIDED,STRAIGHT AND LEVEL,DRY,INJURY AND / OR TOW DUE TO CRASH,HALSTED ST,41.8526847127,-87.6466432337,POINT (-87.646643233677 41.852684712744)
O1658477,BICYCLE,791b1d146952f823b1ce38be96fab281bfdf117477748a9c440e8306443cce59def3dcf9d2afe9ef98b8fa8b7b3a7e8d24e18c4e94366f85489746b6e7ffed32,09/10/2023 04:30:00 PM,M,26.0,BICYCLE HELMET (PEDACYCLIST INVOLVED ONLY),UNKNOWN/NA,UNKNOWN/NA,TEST NOT OFFERED,,30,CLEAR,DAYLIGHT,PEDALCYCLIST,DIVIDED - W/MEDIAN (NOT RAISED),STRAIGHT AND LEVEL,DRY,INJURY AND / OR TOW DUE TO CRASH,HUMBOLDT DR,41.906618575,-87.7015014578,POINT (-87.701501457835 41.906618575041)