PERSON_ID,PERSON_TYPE,CRASH_RECORD_ID,CRASH_DATE_x,SEX,AGE,SAFETY_EQUIPMENT,PEDPEDAL_ACTION,PEDPEDAL_LOCATION,BAC_RESULT,CRASH_DATE_EST_I,POSTED_SPEED_LIMIT,WEATHER_CONDITION,LIGHTING_CONDITION,FIRST_CRASH_TYPE,TRAFFICWAY_TYPE,ALIGNMENT,ROADWAY_SURFACE_COND,CRASH_TYPE,STREET_NAME,LATITUDE,LONGITUDE,LOCATION
O1659128,NON-MOTOR VEHICLE,680d91ad83ad305e4308e843ee84ab79722d87e106c6cd623aa4c68539c4010369b25701162bcfdc964c88b0172140a1ab064e741e915b079b0e6dbcc5ca61d6,09/10/2023 04:00:00 PM,M,60.0,NONE PRESENT,,,TEST NOT OFFERED,,35,CLEAR,DAYLIGHT,TURNING,FOUR WAY,STRAIGHT AND LEVEL,DRY,NO INJURY / DRIVE AWAY,MONTROSE AVE,41.960242504,-87.7769558962,POINT (-87.776955896207 41.960242503969)
O1664525,BICYCLE,815c08401538263791b81b1154da5bfe9caad0827a32746bd3aa4b41d1ffe5d0165e3e51dafea706bf581acf9c0d3d1b039e0a1cd67a0a38d53d7053914568c0,09/10/2023 03:30:00 PM,F,33.0,BICYCLE HELMET (PEDACYCLIST INVOLVED ONLY),WITH TRAFFIC,BIKE LANE,TEST NOT OFFERED,,30,CLEAR,DAYLIGHT,PEDALCYCLIST,DIVIDED - W/MEDIAN (NOT RAISED),STRAIGHT AND LEVEL,DRY,INJURY AND / OR TOW DUE TO CRASH,BELMONT AVE,41.9401867226,-87.642384513,POINT (-87.642384512979 41.940186722574)
O1657918,BICYCLE,b194d5e648cfd16fe04d0980cd13dbd7515cc7224c114383fe8b2daf8d129f9ee4b52349fd9b0ee3d8f9b12151d31aa3dd9b1af74eb5de244418d70fc5e13e7b,09/10/2023 02:30:00 PM,M,44.0,HELMET NOT USED,CROSSING - NO CONTROLS (AT INTERSECTION),IN CROSSWALK,TEST NOT OFFERED,,30,CLEAR,DAYLIGHT,PEDALCYCLIST,FOUR WAY,STRAIGHT AND LEVEL,DRY,INJURY AND / OR TOW DUE TO CRASH,CORTLAND ST,41.9153227123,-87.7190991989,POINT (-87.71909919888 41.915322712313)
O1657715,BICYCLE,f12e969bf53d156560ac1ad28a7b958424e91da6a5aaba23f68b77997ac73908663059ffad536d4c8fa17254e0638a7558353a3938d672c5ac076c378e7fd120,09/10/2023 12:30:00 PM,M,17.0,HELMET NOT USED,WITH TRAFFIC,IN ROADWAY,TEST NOT OFFERED,Y,30,UNKNOWN,DARKNESS,PEDALCYCLIST,NOT DIVIDED,STRAIGHT AND LEVEL,UNKNOWN,INJURY AND / OR TOW DUE TO CRASH,DAMEN AVE,41.9469085004,-87.6787005544,POINT (-87.678700554355 41.946908500357)
O1657338,BICYCLE,7f6113fad878b665fe0dad3aac941bfabc68dce349099af5012042dfe21fd419b3e150abfdc497eebc7e747928e14c96f6422972163fda28a3c036be16678372,09/09/2023 09:10:00 PM,M,,HELMET NOT USED,OTHER ACTION,IN ROADWAY,TEST NOT OFFERED,,25,CLEAR,DARKNESS,PEDALCYCLIST,NOT DIVIDED,STRAIGHT AND LEVEL,DRY,NO INJURY / DRIVE AWAY,ROOSEVELT RD,41.8670455815,-87.6468275,POINT (-87.646827500037 41.867045581518)
O1657329,BICYCLE,2e35ca6ae5e63d20d3c56b13aef4c7ec09ff20568403af7105b604a07b829ef50cfbab112fa2869cc10c30fca4531ee47b46d3cba056dc5b8ec54c0893ed5f7a,09/09/2023 08:50:00 PM,M,34.0,HELMET NOT USED,WITH TRAFFIC,IN ROADWAY,TEST NOT OFFERED,,30,CLEAR,"DARKNESS, LIGHTED ROAD",PEDALCYCLIST,NOT DIVIDED,STRAIGHT AND LEVEL,DRY,NO INJURY / DRIVE AWAY,DEARBORN ST,41.8896342529,-87.6297442999,POINT (-87.629744299862 41.889634252878)
O1657704,BICYCLE,22aea89e044a57e8b67c159b9f784a134ec5fee67d6a74259d360917a9d12116a867d4021604520733976ad3e90d2416a4fe47f0628832bb98551eac9b7e0712,09/09/2023 06:00:00 PM,M,50.0,HELMET NOT USED,OTHER ACTION,IN ROADWAY,TEST NOT OFFERED,,25,CLEAR,DAYLIGHT,PEDALCYCLIST,NOT DIVIDED,STRAIGHT AND LEVEL,DRY,INJURY AND / OR TOW DUE TO CRASH,HALSTED ST,41.8660297064,-87.64673571,POINT (-87.646735709957 41.866029706406)
O1658673,BICYCLE,d3dd894c42b9b2fcf1b742a24f1eb47888f63ebc033da3b2ed9c43288d789872ad3a210869ac1812d0663741a657f8199cb0fbad1e167f21edf04c2dc5452fd6,09/09/2023 06:00:00 PM,F,13.0,BICYCLE HELMET (PEDACYCLIST INVOLVED ONLY),TURNING LEFT,IN ROADWAY,TEST NOT OFFERED,,30,CLEAR,DUSK,PEDALCYCLIST,FOUR WAY,STRAIGHT AND LEVEL,DRY,INJURY AND / OR TOW DUE TO CRASH,SEELEY AVE,41.7026813675,-87.6730559364,POINT (-87.673055936416 41.702681367483)
O1657199,NON-MOTOR VEHICLE,1a52ef77d7c98beb543f312f47f0fec326ec63551c415b691cda6b9a47d1b0901c2c7093521789706c20acf63e62a99e44b8d061b41d4a088619099793b90f33,09/09/2023 04:45:00 PM,F,14.0,HELMET NOT USED,CROSSING - NO CONTROLS (AT INTERSECTION),IN ROADWAY,TEST NOT OFFERED,,30,CLEAR,DAYLIGHT,OTHER OBJECT,FOUR WAY,STRAIGHT AND LEVEL,DRY,INJURY AND / OR TOW DUE TO CRASH,ADDISON ST,41.9467225442,-87.6809179032,POINT (-87.680917903165 41.946722544222)
O1659039,BICYCLE,9ef4f640a33c8d55fcaa8fe5d1e2d1408075cab5fa9e568e29917397b69847569ad1f27a04ff45d76edc31ce6079141959c666eea49bc67554bb50298b4ef90d,09/09/2023 01:45:00 PM,F,,BICYCLE HELMET (PEDACYCLIST INVOLVED ONLY),WITH TRAFFIC,BIKEWAY,TEST NOT OFFERED,,30,CLEAR,DAYLIGHT,PEDALCYCLIST,DIVIDED - W/MEDIAN (NOT RAISED),STRAIGHT AND LEVEL,DRY,INJURY AND / OR TOW DUE TO CRASH,LINCOLN AVE,41.9401955803,-87.6688554797,POINT (-87.668855479675 41.940195580254)
O1657030,BICYCLE,fd2f3bde0ddaaed972a169991758995767eae75e606c8ecf34aa7cb8a241e9197c0ae7313696f2ff9e6768b72fec4a4f32272266d88126c27e917c7e30f504d5,09/09/2023 01:00:00 PM,M,40.0,HELMET NOT USED,CROSSING - WITH SIGNAL,IN ROADWAY,TEST NOT OFFERED,,30,CLEAR,DAYLIGHT,PEDALCYCLIST,"FIVE POINT, OR MORE",STRAIGHT AND LEVEL,DRY,INJURY AND / OR TOW DUE TO CRASH,MILWAUKEE AVE,41.9518070575,-87.744932181,POINT (-87.744932180995 41.951807057498)
O1657532,BICYCLE,0a6ca51cdeea5e17ad576f711834059d30520dc84d6afa70c25d560f31bd08f8e84900336f4d0dffc440b3255047199e86234f2638100cf5def4eef560f273df,09/09/2023 12:30:00 PM,M,24.0,HELMET NOT USED,OTHER ACTION,SHOULDER,TEST NOT OFFERED,,30,CLEAR,DAYLIGHT,PEDALCYCLIST,FOUR WAY,STRAIGHT AND LEVEL,DRY,NO INJURY / DRIVE AWAY,ASHLAND AVE,41.8542046704,-87.6661979612,POINT (-87.666197961225 41.854204670385)
O1656802,BICYCLE,1352fc31f31d350af33897c86180b848f97a71d9b47209897fca445fc708216142e31f100c09d519843a724b8fa0ff3059e8c201981a995e754f4d29f4cada6e,09/08/2023 10:57:00 PM,F,44.0,HELMET NOT USED,WITH TRAFFIC,IN ROADWAY,TEST NOT OFFERED,,30,CLEAR,"DARKNESS, LIGHTED ROAD",PEDALCYCLIST,ONE-WAY,STRAIGHT AND LEVEL,DRY,NO INJURY / DRIVE AWAY,KEDZIE BLVD,41.9251339947,-87.7073774104,POINT (-87.707377410433 41.925133994739)
O1659819,NON-MOTOR VEHICLE,0d6b8b409cb52a1767277dd9a6ee0865cd4e7c223da3fa394175ea4d12ca3f84a02a45db0206a6051d616aa5e8f2b81543da79618fe714d159244ad70c0b9cee,09/08/2023 09:13:00 PM,X,,NONE PRESENT,CROSSING - NO CONTROLS (NOT AT INTERSECTION),IN ROADWAY,TEST NOT OFFERED,,35,CLEAR,DAYLIGHT,ANIMAL,DIVIDED - W/MEDIAN (NOT RAISED),STRAIGHT AND LEVEL,DRY,NO INJURY / DRIVE AWAY,WESTERN AVE,41.7354443724,-87.6823649393,POINT (-87.68236493934 41.735444372356)
O1656665,BICYCLE,d14cfc04eaf1e3a069ba3e15a1665b93d29fb10b81d0a71050ea1e1c8752ba7aa25a62bb06c7ef3f4858411b5936d6cc957dd4f00278d4b3ae0d739139378296,09/08/2023 02:52:00 PM,M,17.0,BICYCLE HELMET (PEDACYCLIST INVOLVED ONLY),CROSSING - NO CONTROLS (NOT AT INTERSECTION),IN ROADWAY,TEST NOT OFFERED,,30,CLEAR,DAYLIGHT,PEDALCYCLIST,NOT DIVIDED,STRAIGHT AND LEVEL,DRY,INJURY AND / OR TOW DUE TO CRASH,PERSHING RD,41.8230714912,-87.6857359735,POINT (-87.685735973467 41.82307149119)
O1656240,BICYCLE,f71265c29da85780bba97a392c39a77427ea4d52185b9a04bc44b4f02ca0115512bb74fb09b859e2d573cdd111e30cbef0a81f67e64f48641954118f3d1137fa,09/08/2023 07:28:00 AM,F,17.0,HELMET NOT USED,CROSSING - NO CONTROLS (NOT AT INTERSECTION),NOT IN ROADWAY,TEST NOT OFFERED,,15,CLEAR,DAYLIGHT,PEDALCYCLIST,ALLEY,STRAIGHT AND LEVEL,DRY,INJURY AND / OR TOW DUE TO CRASH,AUSTIN AVE,41.9669002802,-87.7773873268,POINT (-87.777387326811 41.966900280224)
O1656071,BICYCLE,4895738974df38fafc0df4358524f0fd802a148779835b2bf11bce17a30c32a6f9eeec1a767bebd14713211eea7990adce9f324212c4b8a753678655dee53c88,09/07/2023 11:36:00 PM,M,30.0,HELMET NOT USED,CROSSING - AGAINST SIGNAL,IN CROSSWALK,,,30,CLEAR,DARKNESS,PEDALCYCLIST,FOUR WAY,STRAIGHT AND LEVEL,DRY,NO INJURY / DRIVE AWAY,DR MARTIN LUTHER KING JR DR,41.8239227121,-87.6171458852,POINT (-87.617145885166 41.823922712124)
O1657761,BICYCLE,a6d7fa8b0b4c784d7a62146d5c99e02295d394bc247b28302938fa31b96c6daab631b5d00b5ef5030f8b0115abcbdfa8d181cedfa15aef030efeba7642b801ea,09/07/2023 10:03:00 PM,F,31.0,HELMET NOT USED,WITH TRAFFIC,IN ROADWAY,TEST NOT OFFERED,,35,CLEAR,"DARKNESS, LIGHTED ROAD",PEDALCYCLIST,T-INTERSECTION,STRAIGHT AND LEVEL,DRY,INJURY AND / OR TOW DUE TO CRASH,LAKE SHORE DR,41.9434022184,-87.6406854366,POINT (-87.64068543656 41.943402218415)
O1656043,BICYCLE,d03ac795d38119b75d04179cec90ff3d17f05cc80877dc57ad8a5fb8c6734f9a2c9c1b740a894dbdea17f7f7d9c671452e9fe73624f836d8f2afc6e603358a39,09/07/2023 08:09:00 PM,F,66.0,HELMET NOT USED,UNKNOWN/NA,BIKEWAY,TEST NOT OFFERED,,30,CLEAR,"DARKNESS, LIGHTED ROAD",PEDALCYCLIST,NOT DIVIDED,STRAIGHT AND LEVEL,DRY,INJURY AND / OR TOW DUE TO CRASH,CHICAGO AVE,41.8960191113,-87.6636999699,POINT (-87.663699969928 41.896019111335)
O1655869,BICYCLE,9a939b9c87c8030f707f573345f03b491ac167522406476bc5626a620ae2e3f178af91f0f280f9469cccda614c950e953352aa83b797c6103e0199bf7cf3c616,09/07/2023 04:40:00 PM,M,36.0,BICYCLE HELMET (PEDACYCLIST INVOLVED ONLY),UNKNOWN/NA,UNKNOWN/NA,TEST NOT OFFERED,,25,CLEAR,DAYLIGHT,PEDALCYCLIST,NOT DIVIDED,STRAIGHT AND LEVEL,DRY,NO INJURY / DRIVE AWAY,MADISON ST,41.8818720029,-87.6485042769,POINT (-87.64850427692 41.881872002872)
O1655864,BICYCLE,a4a153a516c6b8d74455cfbdd96f02030a42911a8c0d3a692c2d5bc1554df0ce33169cfae26d366bc6c0c4d4961f81d8be98042f4b65c5786d6fc27182fa4196,09/07/2023 03:35:00 PM,M,33.0,HELMET NOT USED,WITH TRAFFIC,IN ROADWAY,TEST NOT OFFERED,,30,CLEAR,DAYLIGHT,OTHER OBJECT,NOT DIVIDED,STRAIGHT AND LEVEL,DRY,INJURY AND / OR TOW DUE TO CRASH,IRVING PARK RD,41.9542184332,-87.6660934879,POINT (-87.666093487872 41.954218433242)
O1655619,BICYCLE,b5d5467f421904631ea68631f25643bc6ee7f3e77ea33a6f4651a988ad01bd4606e2191f23fe02691fe7e0aa498d63e5eb712d6469dcf3723233ac5ccfefa044,09/07/2023 09:14:00 AM,M,43.0,BICYCLE HELMET (PEDACYCLIST INVOLVED ONLY),WITH TRAFFIC,IN ROADWAY,TEST NOT OFFERED,,30,CLEAR,DAYLIGHT,PEDALCYCLIST,FOUR WAY,STRAIGHT AND LEVEL,DRY,INJURY AND / OR TOW DUE TO CRASH,MILWAUKEE AVE,41.8957962445,-87.6549535956,POINT (-87.654953595644 41.895796244484)
O1655612,BICYCLE,595ee812e579248d7a9ea5725bbf6ede6f2dc2c154a967a4655b913ec360c58ac41947005391b3952b44ee9e9628fa2746ae901a6610ce17a84e7fcd56d09972,09/07/2023 08:15:00 AM,F,12.0,HELMET NOT USED,ENTER FROM DRIVE/ALLEY,NOT IN ROADWAY,TEST NOT OFFERED,,15,CLEAR,DAYLIGHT,PEDALCYCLIST,ALLEY,STRAIGHT AND LEVEL,DRY,INJURY AND / OR TOW DUE TO CRASH,58TH ST,41.7881416663,-87.7054495914,POINT (-87.705449591371 41.788141666307)
O1656973,BICYCLE,4c50e27ddf30fdd26c998e73c00358e0f803814dfbbcdad5c4f8139a12e2d1e02e26fdbe6a59320b806d75be82069f55ecf0bcd8c86f5ccf142cd808708ec881,09/07/2023 08:10:00 AM,M,15.0,HELMET NOT USED,OTHER ACTION,IN CROSSWALK,TEST NOT OFFERED,,30,UNKNOWN,UNKNOWN,PEDALCYCLIST,UNKNOWN,STRAIGHT AND LEVEL,UNKNOWN,INJURY AND / OR TOW DUE TO CRASH,RICHMOND ST,41.9940230195,-87.7033072311,POINT (-87.703307231091 41.994023019463)
O1655592,BICYCLE,bae47589525176101f8a89569bae58490e0674ec3842dad20c75d62c41a027a7eb9c206fcc7d48562e61762c326c3d872dcca03a6c5edb25abfc9dfbc49432ba,09/07/2023 07:50:00 AM,F,50.0,BICYCLE HELMET (PEDACYCLIST INVOLVED ONLY),CROSSING - WITH SIGNAL,IN CROSSWALK,TEST NOT OFFERED,,30,CLEAR,DAYLIGHT,OTHER OBJECT,"FIVE POINT, OR MORE",STRAIGHT AND LEVEL,DRY,INJURY AND / OR TOW DUE TO CRASH,MILWAUKEE AVE,41.8957216199,-87.6548388349,POINT (-87.654838834888 41.895721619892)
O1655565,BICYCLE,3ab2689b74e2b21c5773686e363e448baa5a3827c91d37f7b5aebd558ef93e61139f911672ba60dc9815cea17ee68b36fdc1074f99a5356d59b267a651dfa43d,09/07/2023 07:00:00 AM,M,,HELMET NOT USED,OTHER ACTION,IN ROADWAY,TEST NOT OFFERED,,30,CLEAR,DAYLIGHT,PEDALCYCLIST,FOUR WAY,STRAIGHT AND LEVEL,DRY,NO INJURY / DRIVE AWAY,OAKLEY BLVD,41.8907352927,-87.6843971132,POINT (-87.684397113168 41.890735292681)
O1655334,BICYCLE,0e7d44713cf13d3cff7820628097ca4bf2f5a709c1685a168cee840a8785e0b6d1a359fe5f9347dce7bc1687275a22d7cc1b1c1ea0d16e4b6ecf10686fff9fff,09/06/2023 06:00:00 PM,M,13.0,HELMET NOT USED,CROSSING - NO CONTROLS (NOT AT INTERSECTION),DRIVEWAY ACCESS,TEST NOT OFFERED,,30,CLEAR,DAYLIGHT,PEDALCYCLIST,DRIVEWAY,STRAIGHT AND LEVEL,DRY,INJURY AND / OR TOW DUE TO CRASH,OGDEN AVE,41.8701796909,-87.6793062985,POINT (-87.679306298549 41.870179690946)
O1656700,BICYCLE,42be499407419426ecedecbca9517ed8703f8c6451c1689464daae98ff158072169d27978aca9a64765b5cda203f325bccf2eebbf87ef79fb7c2cef44408e423,09/06/2023 05:25:00 PM,M,65.0,BICYCLE HELMET (PEDACYCLIST INVOLVED ONLY),WITH TRAFFIC,BIKE LANE,TEST NOT OFFERED,,30,CLEAR,DAYLIGHT,PEDALCYCLIST,DIVIDED - W/MEDIAN (NOT RAISED),STRAIGHT AND LEVEL,DRY,NO INJURY / DRIVE AWAY,CALIFORNIA AVE,41.972764083,-87.6989753535,POINT (-87.698975353454 41.972764082978)
O1655044,BICYCLE,e50c71da606bc4a0bee54aea281011f94b42f8c51537eb28a08403a6b7824308e82ac027ec0188436755ce6acc589908cb37198312f3a71205091fa8044c24c2,09/06/2023 12:30:00 PM,M,66.0,HELMET NOT USED,UNKNOWN/NA,BIKE LANE,TEST NOT OFFERED,Y,30,CLEAR,DAYLIGHT,PEDALCYCLIST,ALLEY,STRAIGHT AND LEVEL,UNKNOWN,NO INJURY / DRIVE AWAY,DIVISION ST,41.9030413695,-87.6960695012,POINT (-87.696069501177 41.90304136952)
O1654974,BICYCLE,33daa784946a4fe8cac5b9f3ee85172c3ca6b8511c64a643f1486306c0e4631220f40e2a936f0e9f1108726e22652860791c2d460771cec7b7c2a007b526b869,09/06/2023 11:20:00 AM,X,,BICYCLE HELMET (PEDACYCLIST INVOLVED ONLY),WITH TRAFFIC,IN ROADWAY,TEST NOT OFFERED,,30,CLEAR,DAYLIGHT,PEDALCYCLIST,NOT DIVIDED,STRAIGHT AND LEVEL,DRY,NO INJURY / DRIVE AWAY,RUSH ST,41.899530672,-87.6268078711,POINT (-87.626807871053 41.899530672041)
O1654997,BICYCLE,29fee55b53c1fa226758d7ada7dae9e00cb918154d9f97b5903032f85a5131940540188da4fd2407e2f604bb10435ebec5d53191eb0a46c5634dc954b10d1161,09/06/2023 11:00:00 AM,M,69.0,HELMET NOT USED,TURNING LEFT,BIKEWAY,TEST NOT OFFERED,,30,CLEAR,DAYLIGHT,PEDALCYCLIST,NOT DIVIDED,STRAIGHT AND LEVEL,DRY,INJURY AND / OR TOW DUE TO CRASH,HALSTED ST,41.8355537844,-87.646070715,POINT (-87.646070715012 41.835553784375)
O1654980,BICYCLE,899cce8d772a179cfc950dd60502cb59937516479033d3c042cfaee83a43f66792d48ea6e35331b80d8c4713105e8b708b912f370b8d407565235bba84e9dee3,09/06/2023 10:45:00 AM,M,26.0,HELMET NOT USED,AGAINST TRAFFIC,IN ROADWAY,TEST NOT OFFERED,,30,CLEAR,DAYLIGHT,PEDALCYCLIST,RAMP,STRAIGHT AND LEVEL,UNKNOWN,INJURY AND / OR TOW DUE TO CRASH,CALIFORNIA AVE,41.8302983107,-87.6949483742,POINT (-87.694948374173 41.830298310694)
O1654907,BICYCLE,5e6e925842966a88ff3b8755582a94aad4c3e5aefd33875298bf84dd59380afc99a0664a2649054818fc99cb4c228f247b8dbe34ff25b842dc81b37638d29735,09/06/2023 09:21:00 AM,M,23.0,BICYCLE HELMET (PEDACYCLIST INVOLVED ONLY),OTHER ACTION,IN ROADWAY,TEST NOT OFFERED,,30,CLEAR,DAYLIGHT,PEDALCYCLIST,ONE-WAY,STRAIGHT AND LEVEL,WET,INJURY AND / OR TOW DUE TO CRASH,VAN BUREN ST,41.8769973129,-87.6304165432,POINT (-87.630416543209 41.876997312894)
O1654588,BICYCLE,7c2b77472f5b8456a1ba2eab629fc34a22ee51bfa2f9d1d49b25b511a60e94636b07db95fb4f392277958ce67d4ce728ad6fc3239ecdc326a75027eff0554d04,09/05/2023 07:07:00 PM,M,27.0,BICYCLE HELMET (PEDACYCLIST INVOLVED ONLY),WITH TRAFFIC,IN ROADWAY,TEST NOT OFFERED,,30,CLEAR,"DARKNESS, LIGHTED ROAD",PEDALCYCLIST,ONE-WAY,STRAIGHT AND LEVEL,DRY,NO INJURY / DRIVE AWAY,HURON ST,41.8940217087,-87.6899829746,POINT (-87.689982974625 41.894021708747)
O1654578,BICYCLE,fa9e662aad610445cd60dffed5f84963caf359b72d4a913d11b38a393db38c2b3264d2390ea3b8d8017eedd8e2402d28be7d3ef7ff7bea4a48711b64e2e80af4,09/05/2023 06:00:00 PM,M,20.0,HELMET NOT USED,OTHER ACTION,IN ROADWAY,TEST NOT OFFERED,,30,CLEAR,DAYLIGHT,PEDALCYCLIST,NOT DIVIDED,STRAIGHT AND LEVEL,UNKNOWN,NO INJURY / DRIVE AWAY,CALIFORNIA AVE,41.9990144053,-87.6995400861,POINT (-87.699540086065 41.999014405277)
O1654592,NON-MOTOR VEHICLE,f8ecce38972b94c20d23c348dd0dd050cd22a5d1116cfb90bbdae82c191a0f55fcb19aa39af933498b75bd96b500eb086681eeb58d6b45aeb3a7750489fe7af6,09/05/2023 05:48:00 PM,M,16.0,NONE PRESENT,AGAINST TRAFFIC,DRIVEWAY ACCESS,,,30,CLEAR,DAYLIGHT,OTHER OBJECT,OTHER,STRAIGHT AND LEVEL,DRY,INJURY AND / OR TOW DUE TO CRASH,DAMEN AVE,41.8482325188,-87.6758856927,POINT (-87.675885692745 41.848232518788)
O1654523,BICYCLE,50196a8b7c43cf429df15f2d2682961c307d8ccb443649882789fffa9bbe39218c3015a1bc9bc603c429362bb3e9ed9fb2fdb81adaee3e65106670f56675710b,09/05/2023 05:40:00 PM,M,41.0,HELMET NOT USED,NO ACTION,IN ROADWAY,TEST NOT OFFERED,,30,CLEAR,DAYLIGHT,SIDESWIPE SAME DIRECTION,DIVIDED - W/MEDIAN (NOT RAISED),STRAIGHT AND LEVEL,DRY,INJURY AND / OR TOW DUE TO CRASH,BROADWAY,41.9402808306,-87.6445541119,POINT (-87.644554111916 41.940280830604)
O1654489,BICYCLE,cde3e5015f87dd2975e10f7c2e472e49f1cadc9d0b45dc788ab57dcaa7923996bad468088bfe0b2b3592320bbefe276b6c894b2feab3a3deee4b596722603f3f,09/05/2023 05:07:00 PM,M,41.0,HELMET NOT USED,WITH TRAFFIC,BIKE LANE,TEST NOT OFFERED,,30,CLEAR,DAYLIGHT,PEDALCYCLIST,NOT DIVIDED,STRAIGHT AND LEVEL,DRY,INJURY AND / OR TOW DUE TO CRASH,CHICAGO AVE,41.8956900758,-87.7040490245,POINT (-87.704049024533 41.895690075753)
O1654409,BICYCLE,60896dc190d00b9a52fad38042ae80c8e1be29ca102600307e160684b7cd484c288a68b533ee06dd1f853407ed495971cb4009aa965781c6942681f06498077d,09/05/2023 03:11:00 PM,M,29.0,HELMET NOT USED,WITH TRAFFIC,IN ROADWAY,TEST NOT OFFERED,,30,CLEAR,DAYLIGHT,PEDALCYCLIST,FOUR WAY,STRAIGHT AND LEVEL,DRY,NO INJURY / DRIVE AWAY,RACINE AVE,41.8867246137,-87.6569860308,POINT (-87.656986030816 41.8867246137)
O1654286,BICYCLE,9c8c88788105e563dc44744de7b7cff9c35a40dd452910fbe5b7b851930c208675c5e31b196a215f54ad6c4e4f1077dd52bb37acf612e3585e376ca3a2bebeca,09/05/2023 01:30:00 PM,M,34.0,BICYCLE HELMET (PEDACYCLIST INVOLVED ONLY),NO ACTION,IN ROADWAY,TEST NOT OFFERED,,30,CLEAR,DAYLIGHT,PEDALCYCLIST,NOT DIVIDED,STRAIGHT AND LEVEL,DRY,INJURY AND / OR TOW DUE TO CRASH,HALSTED ST,41.8394325545,-87.646459373,POINT (-87.646459372959 41.839432554483)
O1654928,BICYCLE,aa29cbd71a1bfd2a9c44d096ccbb78b859be4b11290bda9fdce3773c26838993663484d05592046b7e7b943ac53f011275e135b7fc87bbb4a27631177041170f,09/05/2023 11:30:00 AM,M,,HELMET NOT USED,NO ACTION,BIKE LANE,TEST NOT OFFERED,,30,CLEAR,DAYLIGHT,PEDALCYCLIST,ONE-WAY,STRAIGHT AND LEVEL,DRY,INJURY AND / OR TOW DUE TO CRASH,MADISON ST,41.8820426442,-87.635386679,POINT (-87.635386678974 41.882042644219)
O1667235,BICYCLE,aa29cbd71a1bfd2a9c44d096ccbb78b859be4b11290bda9fdce3773c26838993663484d05592046b7e7b943ac53f011275e135b7fc87bbb4a27631177041170f,09/05/2023 11:30:00 AM,M,,HELMET NOT USED,NO ACTION,BIKE LANE,TEST NOT OFFERED,,30,CLEAR,DAYLIGHT,PEDALCYCLIST,ONE-WAY,STRAIGHT AND LEVEL,DRY,INJURY AND / OR TOW DUE TO CRASH,MADISON ST,41.8820426442,-87.635386679,POINT (-87.635386678974 41.882042644219)
O1654146,BICYCLE,516fd2412a1208686bbeb4f73d828be6a1a3887acac18097eefe33d923d489772b279d57a74e5ab5cdafcb4aebd8683fba53b4f023607603d1571fedba96849a,09/05/2023 09:48:00 AM,M,67.0,HELMET NOT USED,CROSSING - NO CONTROLS (NOT AT INTERSECTION),IN ROADWAY,TEST NOT OFFERED,,30,CLEAR,DAYLIGHT,PEDALCYCLIST,DIVIDED - W/MEDIAN (NOT RAISED),STRAIGHT AND LEVEL,DRY,INJURY AND / OR TOW DUE TO CRASH,CENTRAL AVE,42.007809188,-87.7618291617,POINT (-87.761829161673 42.007809188009)
O1665581,BICYCLE,516fd2412a1208686bbeb4f73d828be6a1a3887acac18097eefe33d923d489772b279d57a74e5ab5cdafcb4aebd8683fba53b4f023607603d1571fedba96849a,09/05/2023 09:48:00 AM,M,67.0,HELMET NOT USED,CROSSING - NO CONTROLS (NOT AT INTERSECTION),IN ROADWAY,TEST NOT OFFERED,,30,CLEAR,DAYLIGHT,PEDALCYCLIST,DIVIDED - W/MEDIAN (NOT RAISED),STRAIGHT AND LEVEL,DRY,INJURY AND / OR TOW DUE TO CRASH,CENTRAL AVE,42.007809188,-87.7618291617,POINT (-87.761829161673 42.007809188009)
O1654110,BICYCLE,0dfbade1d1446936fbab305f0b6542ae60d43cf29fb2fea9ebdc1df01add76a3a0d46d9b17c362a8f46e2a66d4e3bf779d159f27d2fd9e6d356761eb534712e1,09/05/2023 09:07:00 AM,M,,BICYCLE HELMET (PEDACYCLIST INVOLVED ONLY),WITH TRAFFIC,IN ROADWAY,,,30,CLEAR,DAYLIGHT,REAR END,FOUR WAY,STRAIGHT AND LEVEL,DRY,NO INJURY / DRIVE AWAY,STATE ST,41.8908285009,-87.6278898694,POINT (-87.627889869398 41.890828500917)
O1654060,BICYCLE,cad2bda5143ff7547b7fca3ad492a09567c0466cff5891a9be97ff14e83d4d6092900fe9296f49fd08bc20370606bdcd5512b9599e4f70e8eb2f47446aaad05f,09/05/2023 07:57:00 AM,M,38.0,BICYCLE HELMET (PEDACYCLIST INVOLVED ONLY),WITH TRAFFIC,IN ROADWAY,TEST NOT OFFERED,,15,CLEAR,DAYLIGHT,PEDALCYCLIST,FOUR WAY,STRAIGHT AND LEVEL,DRY,INJURY AND / OR TOW DUE TO CRASH,COYLE AVE,42.007666564,-87.6999104352,POINT (-87.699910435221 42.007666564012)
O1653931,BICYCLE,fde467aefe6bf0eceaf6449b3823d0e08d3406448fba00ba3d82e66f62cc8d10ef166936349712c04403d4b50f10591033d6e353b237f63f70fac292588fcb06,09/04/2023 09:50:00 PM,M,57.0,HELMET NOT USED,UNKNOWN/NA,IN ROADWAY,TEST NOT OFFERED,,35,CLEAR,DAWN,PEDALCYCLIST,FOUR WAY,STRAIGHT AND LEVEL,DRY,INJURY AND / OR TOW DUE TO CRASH,WESTERN AVE,42.0118834449,-87.6903881345,POINT (-87.690388134457 42.011883444922)