PERSON_ID,PERSON_TYPE,CRASH_RECORD_ID,CRASH_DATE_x,SEX,AGE,SAFETY_EQUIPMENT,PEDPEDAL_ACTION,PEDPEDAL_LOCATION,BAC_RESULT,CRASH_DATE_EST_I,POSTED_SPEED_LIMIT,WEATHER_CONDITION,LIGHTING_CONDITION,FIRST_CRASH_TYPE,TRAFFICWAY_TYPE,ALIGNMENT,ROADWAY_SURFACE_COND,CRASH_TYPE,STREET_NAME,LATITUDE,LONGITUDE,LOCATION
O1653910,BICYCLE,e936fd13c1bdde46f7c5a2c5666883f4ffd73569a7588e160d0a65de3bc8e6754cf4b4d1cd150c54ad003072c45fac132f1f9cea258927af1f4d570eac7a0402,09/04/2023 09:23:00 PM,M,15.0,HELMET NOT USED,CROSSING - WITH SIGNAL,IN ROADWAY,TEST NOT OFFERED,,30,CLEAR,DARKNESS,PEDALCYCLIST,FOUR WAY,STRAIGHT AND LEVEL,DRY,INJURY AND / OR TOW DUE TO CRASH,HALSTED ST,41.8306953352,-87.6462509158,POINT (-87.646250915767 41.830695335202)
O1653772,BICYCLE,4d895e15e68da84f2b30912cc9d4917b7f1bd0c629d1d12ff06af64698f3b7002ad2ce9543352630963b4ceb55ef0879692ac082df323a1e54fe58aac0894006,09/04/2023 05:00:00 PM,M,30.0,HELMET NOT USED,CROSSING - NO CONTROLS (NOT AT INTERSECTION),IN ROADWAY,TEST NOT OFFERED,,30,CLEAR,DAYLIGHT,PEDALCYCLIST,OTHER,STRAIGHT AND LEVEL,DRY,INJURY AND / OR TOW DUE TO CRASH,NARRAGANSETT AVE,41.9437859128,-87.7861418676,POINT (-87.786141867633 41.943785912816)
O1653636,BICYCLE,05052b8cffb29ce031d021f4a7475b5e7c17a9d29ca0b1ed5a1fb9766fd739b72c050315f00e65259278f585ea62ea75f4063fc2db5f04a740f05f5a27c364fb,09/04/2023 03:05:00 PM,M,28.0,HELMET NOT USED,WITH TRAFFIC,BIKE LANE,TEST NOT OFFERED,,30,CLEAR,DAYLIGHT,PEDALCYCLIST,NOT DIVIDED,STRAIGHT AND LEVEL,DRY,INJURY AND / OR TOW DUE TO CRASH,ARMITAGE AVE,41.9176283528,-87.6941130698,POINT (-87.694113069752 41.917628352777)
O1713176,BICYCLE,9f7457ec175b0484c72edd61f1444c555f4b0d2367c1b09000266c8a9e6c9955e2377b591390c53b81d1dbed4195ceb4566c101c686c0a8f0324b9fcbaae40eb,09/04/2023 11:55:00 AM,F,18.0,HELMET NOT USED,CROSSING - CONTROLS PRESENT (NOT AT INTERSECTION),IN CROSSWALK,TEST NOT OFFERED,,35,CLEAR,DAYLIGHT,PEDALCYCLIST,FOUR WAY,STRAIGHT AND LEVEL,DRY,NO INJURY / DRIVE AWAY,AUSTIN AVE,41.7760003307,-87.7715680845,POINT (-87.771568084497 41.776000330681)
O1653328,BICYCLE,85828f465bc13625bf299152003cf6e0a6af9c1756206ca18006ac233412870c5220392017ab3781a442636fe36b2a313d76afb2c8597a38aa6734008287f140,09/03/2023 10:22:00 PM,M,26.0,HELMET NOT USED,WITH TRAFFIC,IN ROADWAY,TEST NOT OFFERED,,30,CLEAR,"DARKNESS, LIGHTED ROAD",PEDALCYCLIST,NOT DIVIDED,STRAIGHT AND LEVEL,DRY,INJURY AND / OR TOW DUE TO CRASH,WOLCOTT AVE,41.9477740417,-87.6760071992,POINT (-87.676007199218 41.947774041654)
O1653221,BICYCLE,9a9401551d23c7264c8be53db67029fa0bc86bd4e558dbe9a2a64cf727b207f2b5858fcf0ffb4d12e6505085c87114d9f3c7575d795bd640bde1ec34937284e3,09/03/2023 05:54:00 PM,M,31.0,HELMET NOT USED,CROSSING - WITH SIGNAL,IN CROSSWALK,TEST NOT OFFERED,,30,CLEAR,DAYLIGHT,PEDALCYCLIST,NOT DIVIDED,STRAIGHT AND LEVEL,DRY,INJURY AND / OR TOW DUE TO CRASH,CALIFORNIA AVE,41.9038203738,-87.69704968,POINT (-87.697049680031 41.903820373808)
O1660388,BICYCLE,68e8157e30c2d60974511ce2cfaff5c04a50ea2b6ced80d5b01e0bd3c8f464ecdb46087664d4d8bce1c1a23a5710c58219679096094b6dd80dd5b17c24949478,09/03/2023 03:20:00 PM,M,,HELMET NOT USED,WITH TRAFFIC,BIKEWAY,TEST NOT OFFERED,,30,CLEAR,DAYLIGHT,PEDALCYCLIST,NOT DIVIDED,STRAIGHT AND LEVEL,DRY,INJURY AND / OR TOW DUE TO CRASH,NORTH AVE,41.910410939,-87.6888991545,POINT (-87.688899154537 41.910410938965)
O1653111,NON-MOTOR VEHICLE,cc8e7f24a1e1d86d9fff3b0c58f31a2e5a3a6cb3fd0e47c14014a2bc116ef5a2aadf9e5e7e5dbc82bf83e4ff1ffba26fa11f5c8d93e0ee6d4bff492bb40b8579,09/03/2023 03:12:00 PM,M,12.0,NONE PRESENT,UNKNOWN/NA,IN ROADWAY,TEST NOT OFFERED,Y,20,CLEAR,DAWN,OTHER OBJECT,NOT DIVIDED,STRAIGHT AND LEVEL,UNKNOWN,NO INJURY / DRIVE AWAY,48TH ST,41.8061089888,-87.7269617256,POINT (-87.726961725631 41.806108988767)
O1653083,BICYCLE,5fdebc1c442046a482708c4ce48afbd89ac42d6037d471b92323d00d22a0a900206cb42853e4e2c1d68047a44ac975e114213a782553dcb84bc20a0599f5ab08,09/03/2023 03:00:00 PM,M,30.0,HELMET NOT USED,TURNING LEFT,UNKNOWN/NA,TEST TAKEN,,30,CLEAR,DAWN,PEDALCYCLIST,NOT DIVIDED,STRAIGHT AND LEVEL,DRY,INJURY AND / OR TOW DUE TO CRASH,ASHLAND AVE,41.8121305219,-87.6652082529,POINT (-87.665208252918 41.812130521918)
O1652842,BICYCLE,d22821db12ef2191f17769ec5fbc7c31cf004f26f1452c40212ed992689e7a5ca7f18c7ee0ab46b1b1f8da4d6fc682204bb7f2beb584324857500ba01136117c,09/03/2023 04:30:00 AM,M,27.0,HELMET NOT USED,TURNING LEFT,IN ROADWAY,TEST NOT OFFERED,,30,CLEAR,"DARKNESS, LIGHTED ROAD",PEDALCYCLIST,ALLEY,STRAIGHT AND LEVEL,DRY,INJURY AND / OR TOW DUE TO CRASH,LOCKWOOD AVE,41.9309708265,-87.7590083624,POINT (-87.759008362427 41.930970826455)
O1652757,BICYCLE,3b1be3edf6951d78ebcc3c3adeb3c1613df4bd154e4fba2c5902bce75bd19649872ae0cfc48ed8b26af7d7dca43212d374ec3db3bff0f6bd78d9086c5cb5c94f,09/02/2023 10:55:00 PM,M,17.0,BICYCLE HELMET (PEDACYCLIST INVOLVED ONLY),WITH TRAFFIC,BIKEWAY,TEST NOT OFFERED,,30,CLEAR,"DARKNESS, LIGHTED ROAD",PEDALCYCLIST,Y-INTERSECTION,STRAIGHT AND LEVEL,DRY,INJURY AND / OR TOW DUE TO CRASH,BELMONT AVE,41.9392100697,-87.7088187145,POINT (-87.708818714455 41.939210069696)
O1652554,BICYCLE,f4620b5f2b2484f38d9e25a51443a5c681b34889d5ddbe33fd980f395f97cff6da0459ab3a8a7b41f29f1d666471011cd9665e537cb854a31733099d8bd5a776,09/02/2023 04:21:00 PM,F,31.0,HELMET NOT USED,UNKNOWN/NA,IN ROADWAY,TEST NOT OFFERED,,30,CLEAR,DAYLIGHT,PEDALCYCLIST,FOUR WAY,STRAIGHT AND LEVEL,DRY,NO INJURY / DRIVE AWAY,LAWRENCE AVE,41.9691815659,-87.656153823,POINT (-87.656153822971 41.969181565944)
O1652431,BICYCLE,a005df30b5e3a83e2a2cafa9458f77578b73888c31c391c5f40000fb458fea0326ea7902358f71cab1f6ae2cc2d4ed7410ab632af2521ed1178b8f77f18b2e6f,09/02/2023 02:25:00 PM,M,14.0,HELMET NOT USED,AGAINST TRAFFIC,IN ROADWAY,TEST NOT OFFERED,,15,CLEAR,DAYLIGHT,PEDALCYCLIST,ALLEY,STRAIGHT AND LEVEL,DRY,INJURY AND / OR TOW DUE TO CRASH,GLENLAKE AVE,41.9920654517,-87.7010660657,POINT (-87.701066065731 41.992065451744)
O1652405,BICYCLE,d7b73e54256b89b9772b0b538601c59346bc02a0d2670e99c30f70ce8d88fc241044b9f39c74729f94f7881c1bfacbd59b5e91b75143352307b8d5f18e87395a,09/02/2023 01:07:00 PM,F,36.0,BICYCLE HELMET (PEDACYCLIST INVOLVED ONLY),TURNING LEFT,IN ROADWAY,TEST NOT OFFERED,,30,CLEAR,DAYLIGHT,PEDALCYCLIST,NOT DIVIDED,STRAIGHT AND LEVEL,DRY,INJURY AND / OR TOW DUE TO CRASH,WESTERN AVE,41.8830365754,-87.6866324686,POINT (-87.686632468607 41.883036575386)
O1658650,BICYCLE,d7b73e54256b89b9772b0b538601c59346bc02a0d2670e99c30f70ce8d88fc241044b9f39c74729f94f7881c1bfacbd59b5e91b75143352307b8d5f18e87395a,09/02/2023 01:07:00 PM,M,36.0,BICYCLE HELMET (PEDACYCLIST INVOLVED ONLY),TURNING LEFT,IN ROADWAY,TEST NOT OFFERED,,30,CLEAR,DAYLIGHT,PEDALCYCLIST,NOT DIVIDED,STRAIGHT AND LEVEL,DRY,INJURY AND / OR TOW DUE TO CRASH,WESTERN AVE,41.8830365754,-87.6866324686,POINT (-87.686632468607 41.883036575386)
O1652117,BICYCLE,420dc1ebd1bb06db69519b90b64b9fb9e986786fd8415428eb3b88be169f2fdb3abaf240c89f8f048658264d77ea7242090b244b76e74bb32771bbec472d3048,09/02/2023 05:50:00 AM,M,48.0,HELMET NOT USED,WITH TRAFFIC,SHOULDER,TEST NOT OFFERED,,50,CLEAR,"DARKNESS, LIGHTED ROAD",PEDALCYCLIST,DIVIDED - W/MEDIAN (NOT RAISED),STRAIGHT AND LEVEL,DRY,INJURY AND / OR TOW DUE TO CRASH,IRVING PARK RD,41.9537660771,-87.9141970727,POINT (-87.914197072743 41.953766077129)
O1652107,BICYCLE,7b35a8ec19ee462e363c2ccb7782cb4df3278c8ab90e36300cdfb40271b86f8906580e8229517d3a44b092d2accc636bc0586ff7ef74130dcae83d8128a91312,09/02/2023 05:19:00 AM,M,38.0,HELMET NOT USED,WITH TRAFFIC,IN ROADWAY,TEST NOT OFFERED,,30,CLEAR,"DARKNESS, LIGHTED ROAD",PEDALCYCLIST,FOUR WAY,STRAIGHT AND LEVEL,DRY,INJURY AND / OR TOW DUE TO CRASH,HALSTED ST,41.8843524156,-87.6472877491,POINT (-87.647287749076 41.88435241555)
O1652270,NON-MOTOR VEHICLE,937584c91fb63984f6cf96fd5c219a7a7d2e6ce1a7410ddc0ba5d7cd5b5da87aace280d401d5d9046b8be37270cc79e6edc04419bc1ccbbd888281c82c0f7475,09/02/2023 03:00:00 AM,,,,NO ACTION,NOT IN ROADWAY,,Y,30,CLEAR,DAWN,OTHER OBJECT,UNKNOWN,STRAIGHT AND LEVEL,DRY,NO INJURY / DRIVE AWAY,KENNETH AVE,41.837989914,-87.7351684271,POINT (-87.7351684271 41.837989914023)
O1652005,BICYCLE,a293c9ce166c91df9ef312879981e32dd8c1ca2d94883f4db589b412b3067cf14c1df0ba2e94ae3cc9462ea2b019dd5387b513b8ee5d2481063d3a2fac7812d8,09/01/2023 11:36:00 PM,F,24.0,HELMET NOT USED,CROSSING - WITH SIGNAL,IN ROADWAY,TEST NOT OFFERED,,35,CLEAR,"DARKNESS, LIGHTED ROAD",PEDALCYCLIST,FOUR WAY,STRAIGHT AND LEVEL,DRY,NO INJURY / DRIVE AWAY,DAMEN AVE,41.9396208658,-87.6782095661,POINT (-87.678209566065 41.939620865751)
O1652354,BICYCLE,a5314157a93c9cbbc5d5a191169220000ceb0c1cb661870cc3a816955c55a38a62d7d32aa2f96337cb10c82635fd15e7f4b8046d8becc1abf4e0f196a353ab9b,09/01/2023 09:04:00 PM,M,,BICYCLE HELMET (PEDACYCLIST INVOLVED ONLY),WITH TRAFFIC,BIKEWAY,TEST NOT OFFERED,,30,CLEAR,"DARKNESS, LIGHTED ROAD",PEDALCYCLIST,NOT DIVIDED,STRAIGHT AND LEVEL,DRY,INJURY AND / OR TOW DUE TO CRASH,LINCOLN AVE,41.9260222489,-87.64978221,POINT (-87.649782209964 41.926022248943)
O1651876,BICYCLE,6549c9605ecb07daf77fba73998d49cb4be99f392488d7973fb45a811b7c4f3e13939fb9e88e1446818ccf6b88e426d4d2f1bd0db6fdb388235bab5ff83a9224,09/01/2023 05:45:00 PM,M,10.0,HELMET NOT USED,OTHER ACTION,UNKNOWN/NA,TEST NOT OFFERED,,25,CLEAR,DAYLIGHT,PEDALCYCLIST,NOT DIVIDED,STRAIGHT AND LEVEL,DRY,INJURY AND / OR TOW DUE TO CRASH,53RD ST,41.7977300671,-87.6720395771,POINT (-87.672039577127 41.797730067105)
O1651797,BICYCLE,5f3fc38bf74b84b7297494fec17f15b8dfa7d1e45c6f851a5e09a442dc1656e7197221b3512f74919c37826a3f793cc2600d5c2918cf8386c6ef36eafd871ab7,09/01/2023 04:39:00 PM,M,39.0,BICYCLE HELMET (PEDACYCLIST INVOLVED ONLY),UNKNOWN/NA,UNKNOWN/NA,TEST NOT OFFERED,,30,CLEAR,DAYLIGHT,PEDALCYCLIST,DIVIDED - W/MEDIAN (NOT RAISED),STRAIGHT AND LEVEL,DRY,INJURY AND / OR TOW DUE TO CRASH,MILWAUKEE AVE,41.9306779066,-87.7098086349,POINT (-87.709808634942 41.930677906586)
O1651883,BICYCLE,2a3d997e1e3f0c02b8c993557e74850734dcf86ddd9c8030449c48dbbabe3746b6c508b813ffdb18be9de911571474ef46135f93cd4d310fca8472fcd6ae9d58,09/01/2023 04:30:00 PM,M,,HELMET NOT USED,CROSSING - WITH SIGNAL,IN CROSSWALK,TEST NOT OFFERED,,35,CLEAR,DAYLIGHT,OTHER NONCOLLISION,DIVIDED - W/MEDIAN (NOT RAISED),STRAIGHT AND LEVEL,DRY,NO INJURY / DRIVE AWAY,BEVERLY AVE,41.713833957,-87.6597106299,POINT (-87.659710629926 41.713833957002)
O1653492,BICYCLE,436a1d9d925a92e42840c796ddbd42a88d313c0f52c50f2ffd07f66454cb50403e1e5281e37f855b6676f0edc0aab95dc2ab01c3848087dddb2af09e7f1cea79,09/01/2023 02:00:00 PM,M,39.0,BICYCLE HELMET (PEDACYCLIST INVOLVED ONLY),NO ACTION,BIKEWAY,TEST NOT OFFERED,,30,CLEAR,DAYLIGHT,PEDALCYCLIST,NOT DIVIDED,STRAIGHT AND LEVEL,DRY,INJURY AND / OR TOW DUE TO CRASH,ORLEANS ST,41.889980026,-87.6371313237,POINT (-87.637131323699 41.889980026029)
O1651503,BICYCLE,69cf348dc97232cd75e905b028f0da2e832d30b28e0e15af159a6ac2f26a497bfef1f7dd3ea52d06002b809e3f4b626629572005c2ddaae4854ae19978ee8615,09/01/2023 12:59:00 PM,M,57.0,BICYCLE HELMET (PEDACYCLIST INVOLVED ONLY),CROSSING - NO CONTROLS (AT INTERSECTION),IN CROSSWALK,TEST NOT OFFERED,,30,CLEAR,DAYLIGHT,PEDALCYCLIST,NOT DIVIDED,STRAIGHT AND LEVEL,DRY,INJURY AND / OR TOW DUE TO CRASH,KOLMAR AVE,41.9115855931,-87.7400291976,POINT (-87.740029197591 41.911585593051)
O1651507,BICYCLE,8aae9c77a6cd22b29db7f32b3e54523a51ae32a47f4b42e50e2c9c117b6da382c13f2b3c4f8c2541ba46e014d3eaef5582a877518175ee51cb2ae260a34ee8e6,09/01/2023 12:04:00 PM,M,67.0,HELMET NOT USED,UNKNOWN/NA,BIKEWAY,,,25,CLEAR,DAYLIGHT,PEDALCYCLIST,NOT DIVIDED,STRAIGHT AND LEVEL,DRY,INJURY AND / OR TOW DUE TO CRASH,WILSON DR,41.965886017,-87.6464087987,POINT (-87.646408798707 41.965886017017)
O1651483,BICYCLE,37c2cec0200d037abb079bfe94f884d911f8703ffc1f574f7cf75e399663823d52e5877e7f06634fd9a5f9d8bba7a8c075ce5c0de42021d9f0a2acc6069cafcc,09/01/2023 11:55:00 AM,M,29.0,HELMET NOT USED,NO ACTION,BIKE LANE,TEST NOT OFFERED,,30,CLEAR,DAYLIGHT,PEDALCYCLIST,NOT DIVIDED,STRAIGHT AND LEVEL,DRY,NO INJURY / DRIVE AWAY,18TH ST,41.8581115336,-87.6530098077,POINT (-87.653009807737 41.858111533649)
O1651426,BICYCLE,05b890a53bd6d7ef5b274861ddfa099d95dcd32aca21c7162f5b2846902b9b22a29d54d23ecb1e4ec3bf07120ccf0c9515dfa5809908ef86d1a3d3730ca961a5,09/01/2023 09:35:00 AM,F,26.0,HELMET NOT USED,CROSSING - WITH SIGNAL,BIKE LANE,TEST NOT OFFERED,,30,CLEAR,DAYLIGHT,OTHER OBJECT,"FIVE POINT, OR MORE",STRAIGHT AND LEVEL,DRY,INJURY AND / OR TOW DUE TO CRASH,GRAND AVE,41.8912954209,-87.6475278747,POINT (-87.647527874697 41.891295420894)
O1651349,BICYCLE,3fb5d12efe665a18f0626963637e91bec66a5f636182a48325e4c5afc150bd1938fcabaf6447b82e2214fe1bb11be6047d347583d60e136e1834ff5f3ab49c85,09/01/2023 08:09:00 AM,M,34.0,BICYCLE HELMET (PEDACYCLIST INVOLVED ONLY),WITH TRAFFIC,IN ROADWAY,TEST NOT OFFERED,,30,CLEAR,DAYLIGHT,PEDALCYCLIST,"FIVE POINT, OR MORE",STRAIGHT AND LEVEL,DRY,INJURY AND / OR TOW DUE TO CRASH,DIVERSEY PKWY,41.9330187815,-87.6394289802,POINT (-87.639428980205 41.933018781455)
O1669111,BICYCLE,3fb5d12efe665a18f0626963637e91bec66a5f636182a48325e4c5afc150bd1938fcabaf6447b82e2214fe1bb11be6047d347583d60e136e1834ff5f3ab49c85,09/01/2023 08:09:00 AM,M,34.0,BICYCLE HELMET (PEDACYCLIST INVOLVED ONLY),WITH TRAFFIC,IN ROADWAY,TEST NOT OFFERED,,30,CLEAR,DAYLIGHT,PEDALCYCLIST,"FIVE POINT, OR MORE",STRAIGHT AND LEVEL,DRY,INJURY AND / OR TOW DUE TO CRASH,DIVERSEY PKWY,41.9330187815,-87.6394289802,POINT (-87.639428980205 41.933018781455)
O1656296,BICYCLE,625b0b4aa396d80025e321ba61875f37a9708aea37bb99ed55779b2f00fd90a538c953627ef8bd518f761d10d0f1d77b491b23db2f08dfd7f1c65ac33778e467,09/01/2023 07:20:00 AM,M,,BICYCLE HELMET (PEDACYCLIST INVOLVED ONLY),WITH TRAFFIC,IN ROADWAY,TEST NOT OFFERED,,30,CLEAR,DAYLIGHT,PEDALCYCLIST,NOT DIVIDED,STRAIGHT AND LEVEL,DRY,INJURY AND / OR TOW DUE TO CRASH,PULASKI RD,41.7758075143,-87.7225399874,POINT (-87.722539987376 41.775807514273)
O1658928,BICYCLE,625b0b4aa396d80025e321ba61875f37a9708aea37bb99ed55779b2f00fd90a538c953627ef8bd518f761d10d0f1d77b491b23db2f08dfd7f1c65ac33778e467,09/01/2023 07:20:00 AM,M,,BICYCLE HELMET (PEDACYCLIST INVOLVED ONLY),WITH TRAFFIC,IN ROADWAY,TEST NOT OFFERED,,30,CLEAR,DAYLIGHT,PEDALCYCLIST,NOT DIVIDED,STRAIGHT AND LEVEL,DRY,INJURY AND / OR TOW DUE TO CRASH,PULASKI RD,41.7758075143,-87.7225399874,POINT (-87.722539987376 41.775807514273)
O1651177,BICYCLE,f86cc7399490ae5ff666e2d0e9084765de30f371ff357aac36714096bee100547638ee5c7935e97b6aef9b72b681d96d1f57d658f8b64a653b7549e607d9c6c1,08/31/2023 09:04:00 PM,F,22.0,HELMET NOT USED,NO ACTION,IN ROADWAY,TEST NOT OFFERED,,20,CLEAR,"DARKNESS, LIGHTED ROAD",PEDALCYCLIST,DIVIDED - W/MEDIAN (NOT RAISED),STRAIGHT AND LEVEL,DRY,INJURY AND / OR TOW DUE TO CRASH,MILWAUKEE AVE,41.9316555703,-87.7114189697,POINT (-87.711418969708 41.931655570318)
O1651102,BICYCLE,6ea7f0bdd3cf4fad3a8a591d39f9d26b879f7940770e2001f67cdc7ee1dea7e3726323c288fa7c1a2e933e57104d00ec3bcf48baaf8f740c7bc23fb1c7131298,08/31/2023 08:36:00 PM,M,,BICYCLE HELMET (PEDACYCLIST INVOLVED ONLY),TURNING LEFT,BIKE LANE,TEST NOT OFFERED,,30,CLEAR,DARKNESS,PEDALCYCLIST,NOT DIVIDED,STRAIGHT AND LEVEL,DRY,NO INJURY / DRIVE AWAY,CORTLAND ST,41.9167817382,-87.6655134057,POINT (-87.665513405731 41.91678173821)
O1653643,BICYCLE,6ea7f0bdd3cf4fad3a8a591d39f9d26b879f7940770e2001f67cdc7ee1dea7e3726323c288fa7c1a2e933e57104d00ec3bcf48baaf8f740c7bc23fb1c7131298,08/31/2023 08:36:00 PM,M,,BICYCLE HELMET (PEDACYCLIST INVOLVED ONLY),TURNING LEFT,BIKE LANE,TEST NOT OFFERED,,30,CLEAR,DARKNESS,PEDALCYCLIST,NOT DIVIDED,STRAIGHT AND LEVEL,DRY,NO INJURY / DRIVE AWAY,CORTLAND ST,41.9167817382,-87.6655134057,POINT (-87.665513405731 41.91678173821)
O1651101,BICYCLE,9f9805ef7ef4e01f6629f231ae2de28f4d104af8a314e17ecf21a65e82d64105cdf276c7d95b205645e486377c079590f7c97fd261c942f319910a8eb6a8e3d9,08/31/2023 06:21:00 PM,M,15.0,HELMET NOT USED,WITH TRAFFIC,BIKE LANE,TEST NOT OFFERED,,30,CLEAR,DAYLIGHT,PEDALCYCLIST,NOT DIVIDED,STRAIGHT AND LEVEL,DRY,INJURY AND / OR TOW DUE TO CRASH,DAMEN AVE,41.9730814824,-87.6791663091,POINT (-87.679166309058 41.973081482439)
O1651072,BICYCLE,a224e35dfea6d37fe74097c7f47118528ece449c5c5431259bb4ab70363a7a6fb23427894cab810e56ea61aa921a66b118455bfc5b2ae8ecaadec37961519f67,08/31/2023 06:05:00 PM,F,,HELMET NOT USED,WITH TRAFFIC,IN ROADWAY,TEST NOT OFFERED,,30,CLEAR,DAYLIGHT,PEDALCYCLIST,UNKNOWN,STRAIGHT AND LEVEL,DRY,NO INJURY / DRIVE AWAY,BELMONT AVE,41.938639615,-87.7699286778,POINT (-87.769928677813 41.938639614993)
O1651090,BICYCLE,f6361abe18f00ee96c7c9d4e17acaa49a818a5131f2a5b835fcd8aee80eee5ba02aeda4a38d07e60884b8ae4e172a2aca617a378928c0e212e61dd1891e5cade,08/31/2023 05:42:00 PM,M,33.0,BICYCLE HELMET (PEDACYCLIST INVOLVED ONLY),CROSSING - NO CONTROLS (NOT AT INTERSECTION),IN CROSSWALK,TEST NOT OFFERED,,20,CLEAR,DAYLIGHT,PEDALCYCLIST,FOUR WAY,STRAIGHT AND LEVEL,DRY,INJURY AND / OR TOW DUE TO CRASH,LAWRENCE DR,41.9697750593,-87.6457591896,POINT (-87.645759189561 41.969775059335)
O1651099,BICYCLE,171da4c569c607cafad96eb8a22541e374f5dbbfbd2e54dbc37c81c94d058d97d896b8797818459ce3a17dc20ba4df5a202eee7045ebc7032ac3ee6dbb8a70ea,08/31/2023 05:40:00 PM,M,34.0,HELMET NOT USED,WITH TRAFFIC,BIKE LANE,TEST NOT OFFERED,,30,CLEAR,DAYLIGHT,PEDALCYCLIST,FOUR WAY,STRAIGHT AND LEVEL,DRY,INJURY AND / OR TOW DUE TO CRASH,MILWAUKEE AVE,41.8932227441,-87.6509600121,POINT (-87.650960012109 41.893222744128)
O1654455,BICYCLE,2a84c30a47b6feba3cc5d2d43e226249afc2f1d51cdc98f0a1eb198ee8ab5dd4172691acfa46e5a042695d2b2335e1b59e0db1925173f073e6ffeba440f77b7f,08/31/2023 05:30:00 PM,M,66.0,BICYCLE HELMET (PEDACYCLIST INVOLVED ONLY),WITH TRAFFIC,BIKE LANE,TEST NOT OFFERED,,30,CLEAR,DAYLIGHT,PEDALCYCLIST,T-INTERSECTION,STRAIGHT AND LEVEL,DRY,INJURY AND / OR TOW DUE TO CRASH,BELMONT AVE,41.9396891804,-87.6613711416,POINT (-87.661371141593 41.939689180434)
O1651035,BICYCLE,778337a10e169eb3030d5864993c0b8d8fd744209945b931d05de6f5a991b4b95a292b08ecc48c265d8743e4a253454dd499474bdaf2dc69135aa20c11a7c9e6,08/31/2023 05:30:00 PM,F,26.0,BICYCLE HELMET (PEDACYCLIST INVOLVED ONLY),CROSSING - WITH SIGNAL,BIKEWAY,TEST NOT OFFERED,,30,CLEAR,DAYLIGHT,PEDALCYCLIST,FOUR WAY,STRAIGHT AND LEVEL,DRY,INJURY AND / OR TOW DUE TO CRASH,STATE ST,41.8382083796,-87.6264389107,POINT (-87.626438910658 41.838208379565)
O1651005,BICYCLE,dff29f1fa28d4881157d940809a3c38513939662de193c46aa24ae5d562f213de63fa07a3e401d5ccbf70698c7114c98cd5ab7358cde27f326a9fdbd81a42e7c,08/31/2023 05:30:00 PM,M,,HELMET NOT USED,CROSSING - AGAINST SIGNAL,IN ROADWAY,TEST NOT OFFERED,,30,CLEAR,DAYLIGHT,PEDALCYCLIST,FOUR WAY,STRAIGHT AND LEVEL,DRY,NO INJURY / DRIVE AWAY,LOOMIS ST,41.8668717668,-87.6617163333,POINT (-87.661716333322 41.866871766815)
O1650975,BICYCLE,8928464778626b72aceea674773c2e0fd6aa57e43b52d0d771e2498f068b647dc45b7ac2d8491d283fe5ec8d82cae2f32eace1b4d05d03f9e4f7249ee4b04b3f,08/31/2023 04:30:00 PM,M,13.0,HELMET NOT USED,CROSSING - NO CONTROLS (AT INTERSECTION),UNKNOWN/NA,TEST NOT OFFERED,,30,CLEAR,DAYLIGHT,PEDALCYCLIST,T-INTERSECTION,STRAIGHT AND LEVEL,DRY,INJURY AND / OR TOW DUE TO CRASH,WEBSTER AVE,41.9212940333,-87.6773494777,POINT (-87.677349477656 41.921294033316)
O1651001,BICYCLE,a10f16ba4586346d9470bfa3283a6e45e46e9155b2afbf456cb1f3d3d0f238b66bf86440c3e7e4fcd1c362004470b44aabc08f061378590101778aba4c11e653,08/31/2023 04:00:00 PM,X,,HELMET NOT USED,UNKNOWN/NA,IN ROADWAY,TEST NOT OFFERED,,30,UNKNOWN,UNKNOWN,PEDALCYCLIST,ALLEY,STRAIGHT AND LEVEL,UNKNOWN,NO INJURY / DRIVE AWAY,ONTARIO ST,41.8932571853,-87.62234986,POINT (-87.622349860026 41.893257185276)
O1650923,BICYCLE,a0140bfcaa59c0bba700333283d461411a98bf4c1cb8100f292efef4237f85bc91f65dd92df6942c87859d371d32a34ab70f793c5629c2c74dd6fca1e3cf883b,08/31/2023 03:11:00 PM,M,62.0,HELMET NOT USED,WITH TRAFFIC,BIKEWAY,TEST NOT OFFERED,,25,CLEAR,DAYLIGHT,PEDALCYCLIST,NOT DIVIDED,STRAIGHT AND LEVEL,DRY,INJURY AND / OR TOW DUE TO CRASH,NORMAL AVE,41.7506940441,-87.636872551,POINT (-87.636872551049 41.7506940441)
O1650858,BICYCLE,6c0f7e859fd0fbc1fe791830f2ac0ea13ba147bac9353caa0f76ba5160f481c6920d93474c59242271f62f4cd91db0a2cfb44d181912e0a850e266c9cd39f817,08/31/2023 03:10:00 PM,M,25.0,HELMET NOT USED,WITH TRAFFIC,IN ROADWAY,TEST NOT OFFERED,,30,CLEAR,DAYLIGHT,PEDALCYCLIST,ONE-WAY,STRAIGHT AND LEVEL,DRY,NO INJURY / DRIVE AWAY,CLARK ST,41.8953758505,-87.6313627087,POINT (-87.631362708675 41.895375850475)