PERSON_ID,PERSON_TYPE,CRASH_RECORD_ID,CRASH_DATE_x,SEX,AGE,SAFETY_EQUIPMENT,PEDPEDAL_ACTION,PEDPEDAL_LOCATION,BAC_RESULT,CRASH_DATE_EST_I,POSTED_SPEED_LIMIT,WEATHER_CONDITION,LIGHTING_CONDITION,FIRST_CRASH_TYPE,TRAFFICWAY_TYPE,ALIGNMENT,ROADWAY_SURFACE_COND,CRASH_TYPE,STREET_NAME,LATITUDE,LONGITUDE,LOCATION
O1650771,BICYCLE,884f9e520c947329b51b08cadec7db906a16d3fe6e32f2447f8b0a764010a418037b74126e1e9b5ef7cdccd7db0cb5c030026056a84da371ddccbcc3f829b4fe,08/31/2023 02:30:00 PM,M,53.0,BICYCLE HELMET (PEDACYCLIST INVOLVED ONLY),CROSSING - WITH SIGNAL,BIKEWAY,TEST NOT OFFERED,,30,CLEAR,DAYLIGHT,PEDALCYCLIST,DIVIDED - W/MEDIAN (NOT RAISED),STRAIGHT AND LEVEL,DRY,NO INJURY / DRIVE AWAY,BERWYN AVE,41.9777816676,-87.6949898529,POINT (-87.694989852918 41.97778166761)
O1650867,BICYCLE,14a477243f6ece6a22429112db422e1218669535a274e9c8139d73fbe7377a88bbbe05b1672a4f130be5c4671ee40dfeaed62332478863ad89b812b0df9aff99,08/31/2023 01:53:00 PM,M,39.0,HELMET NOT USED,OTHER ACTION,IN CROSSWALK,TEST NOT OFFERED,,20,CLEAR,DAYLIGHT,PEDALCYCLIST,NOT DIVIDED,STRAIGHT AND LEVEL,DRY,INJURY AND / OR TOW DUE TO CRASH,WALDRON DR,41.8602634406,-87.6141028889,POINT (-87.614102888861 41.860263440644)
O1650623,BICYCLE,d7f5465f1774576328be43088080e9e7d7a1a879f73829f478c69f84c88a0d085ed303e566c4120c03185508a45ae9219c9bb83c18e5fe431b9745cec13566de,08/31/2023 08:11:00 AM,M,64.0,HELMET NOT USED,OTHER ACTION,NOT IN ROADWAY,TEST NOT OFFERED,,30,CLEAR,DAYLIGHT,PEDALCYCLIST,DRIVEWAY,STRAIGHT AND LEVEL,DRY,INJURY AND / OR TOW DUE TO CRASH,SHERIDAN RD,41.9895389519,-87.6555152392,POINT (-87.65551523915 41.989538951898)
O1650563,BICYCLE,e6e210029d25c38737b5c128694bdf3b2e5a5bdc067c15817ded13454247d8151e869172d6052e53b5e0b91a53a9c9f82bcc5aa9c712482ff0b974a591232a33,08/31/2023 08:05:00 AM,M,28.0,HELMET NOT USED,OTHER ACTION,IN CROSSWALK,TEST NOT OFFERED,,30,CLEAR,DAYLIGHT,PEDALCYCLIST,ONE-WAY,STRAIGHT AND LEVEL,DRY,INJURY AND / OR TOW DUE TO CRASH,LAKEWOOD AVE,41.9251672198,-87.6607361387,POINT (-87.66073613873 41.925167219814)
O1650719,BICYCLE,257ffa1efc4b5e1f82f40030f7794b213ed44c8fc443114e129c0ad5468cd70856c290a6bb073d462be41707a44550decf2de4ae196c4e8b89631b7de0fe15d8,08/31/2023 07:50:00 AM,M,34.0,BICYCLE HELMET (PEDACYCLIST INVOLVED ONLY),CROSSING - NO CONTROLS (NOT AT INTERSECTION),BIKEWAY,TEST NOT OFFERED,,30,CLEAR,DAYLIGHT,PEDALCYCLIST,NOT DIVIDED,STRAIGHT AND LEVEL,DRY,INJURY AND / OR TOW DUE TO CRASH,HARRISON ST,41.8746442832,-87.6296485038,POINT (-87.629648503841 41.874644283241)
O1650510,NON-MOTOR VEHICLE,2a3774b6a0e9a2134a6ae71fcad7ecdfc46a37ad4a3a25b1072073df71bbbad39ba0c0623cd25d8663903b9d855daf1146512ecad277a12161309f7ab073fb46,08/31/2023 07:45:00 AM,M,17.0,NONE PRESENT,,,TEST NOT OFFERED,,30,CLEAR,DAYLIGHT,OTHER OBJECT,ONE-WAY,STRAIGHT AND LEVEL,DRY,INJURY AND / OR TOW DUE TO CRASH,FARWELL AVE,42.006536458,-87.6811954288,POINT (-87.681195428771 42.006536458024)
O1662154,NON-MOTOR VEHICLE,2a3774b6a0e9a2134a6ae71fcad7ecdfc46a37ad4a3a25b1072073df71bbbad39ba0c0623cd25d8663903b9d855daf1146512ecad277a12161309f7ab073fb46,08/31/2023 07:45:00 AM,M,17.0,NONE PRESENT,,,TEST NOT OFFERED,,30,CLEAR,DAYLIGHT,OTHER OBJECT,ONE-WAY,STRAIGHT AND LEVEL,DRY,INJURY AND / OR TOW DUE TO CRASH,FARWELL AVE,42.006536458,-87.6811954288,POINT (-87.681195428771 42.006536458024)
O1650490,BICYCLE,fe0cf9eba37865ea71a76be78ad5b2e21c44364e53bd2b512749eb082b986333c5c6ed8962a13377b484ad8ab8ddabb44a5cf40e41ddf69e99f35255ee45f465,08/31/2023 07:30:00 AM,M,23.0,BICYCLE HELMET (PEDACYCLIST INVOLVED ONLY),UNKNOWN/NA,IN ROADWAY,TEST REFUSED,,30,CLEAR,DAYLIGHT,PEDALCYCLIST,NOT DIVIDED,STRAIGHT AND LEVEL,DRY,NO INJURY / DRIVE AWAY,MILWAUKEE AVE,41.9104775924,-87.6773735252,POINT (-87.677373525235 41.91047759238)
O1650433,BICYCLE,e3f4ea0370d027ce946d04ef37ceeb2fe70da1cd8c15bd1adb39f373fb60f56d8d56c27eefc3d4e06ecf7764775e7997ad872eea276b95acf1b2b15798b81f4d,08/31/2023 06:39:00 AM,M,,BICYCLE HELMET (PEDACYCLIST INVOLVED ONLY),OTHER ACTION,IN ROADWAY,TEST NOT OFFERED,Y,30,CLEAR,DAYLIGHT,PEDALCYCLIST,ONE-WAY,STRAIGHT AND LEVEL,DRY,NO INJURY / DRIVE AWAY,SACRAMENTO AVE,41.9931878202,-87.7042032909,POINT (-87.704203290866 41.993187820201)
O1650461,BICYCLE,0a87c835d329255f00c9c40d677e1f4d30c7920d7d2f6eb1c17c0689f0c8bd9fe1d1ea2902ca86f2b5625ec2355425030236f40429f78005da8356043ca4ba72,08/31/2023 06:30:00 AM,F,31.0,HELMET NOT USED,TURNING RIGHT,IN ROADWAY,TEST NOT OFFERED,,30,CLEAR,DAYLIGHT,PEDALCYCLIST,NOT DIVIDED,STRAIGHT AND LEVEL,DRY,INJURY AND / OR TOW DUE TO CRASH,LA SALLE DR,41.8948502764,-87.6328236605,POINT (-87.632823660501 41.89485027637)
O1650413,NON-MOTOR VEHICLE,f04155d23271e43bb568eba98b671b313c3a1c2f07d2e9156b587b0221d9c5fdb44c541c8e3853549a8aafcaae156287a26d45a56ee35b695b1dfba3e1463348,08/31/2023 03:14:00 AM,M,20.0,HELMET NOT USED,TURNING LEFT,IN ROADWAY,TEST NOT OFFERED,,30,CLEAR,"DARKNESS, LIGHTED ROAD",OTHER OBJECT,CENTER TURN LANE,STRAIGHT AND LEVEL,DRY,NO INJURY / DRIVE AWAY,CLARK ST,41.9615651281,-87.6660836194,POINT (-87.666083619448 41.961565128133)
O1650286,BICYCLE,742604e74bb0fb354b70011f96b720f9c05b457f90a47b2e4eced6fadc4dd976f7d4624acea1d66fe2378cc50ed70d4df931ae69535dfb4df020ccb62668783f,08/30/2023 08:29:00 PM,F,24.0,HELMET NOT USED,CROSSING - NO CONTROLS (NOT AT INTERSECTION),BIKE LANE,TEST NOT OFFERED,,30,CLEAR,"DARKNESS, LIGHTED ROAD",PEDALCYCLIST,DIVIDED - W/MEDIAN (NOT RAISED),STRAIGHT AND LEVEL,DRY,INJURY AND / OR TOW DUE TO CRASH,HALSTED ST,41.9317570701,-87.6491246882,POINT (-87.649124688182 41.931757070123)
O1651145,BICYCLE,46a987b0cad05d343559fbf57d1683f2da392d9427026e68df55701470c408ec7fe4d00263682e2d8da80b5536b7e4053d081bacc109c51e73e4be0bddad9f46,08/30/2023 05:30:00 PM,M,36.0,BICYCLE HELMET (PEDACYCLIST INVOLVED ONLY),WITH TRAFFIC,BIKE LANE,TEST NOT OFFERED,,30,CLEAR,DAYLIGHT,PEDALCYCLIST,DIVIDED - W/MEDIAN (NOT RAISED),STRAIGHT AND LEVEL,DRY,INJURY AND / OR TOW DUE TO CRASH,LINCOLN AVE,41.9425728248,-87.6705129322,POINT (-87.670512932197 41.942572824783)
O1650179,BICYCLE,3afb96bac288f75e9e48180a6e3c4b35915f3a92a17b2a23ced4a41ec75dec29ce826c68fea6b6012fb8fba7fd33e70901354d06fdce4176074fc973f95dc661,08/30/2023 05:25:00 PM,M,18.0,HELMET NOT USED,UNKNOWN/NA,IN ROADWAY,TEST NOT OFFERED,,30,CLEAR,DAYLIGHT,PEDALCYCLIST,DIVIDED - W/MEDIAN (NOT RAISED),STRAIGHT AND LEVEL,DRY,INJURY AND / OR TOW DUE TO CRASH,FOSTER AVE,41.9757444088,-87.7186604063,POINT (-87.718660406326 41.975744408786)
O1650170,BICYCLE,a96fe0598be86bd43bc4ad34921b865e4b270ee8935ab1752e2673d732dabe615685ccbb6c751df39106eb99354536d857bfbeee4d6436f4379bedfd342accbe,08/30/2023 05:08:00 PM,F,28.0,HELMET NOT USED,CROSSING - NO CONTROLS (NOT AT INTERSECTION),BIKE LANE,TEST NOT OFFERED,,30,CLEAR,DAYLIGHT,PEDALCYCLIST,DIVIDED - W/MEDIAN BARRIER,STRAIGHT AND LEVEL,DRY,INJURY AND / OR TOW DUE TO CRASH,BROADWAY,41.9727025217,-87.6599157302,POINT (-87.659915730223 41.972702521692)
O1650133,BICYCLE,7d601f5b1f18ed7c3ba38a2f8d8be1ebf7c090c34a442afc651379b238343930d52d08eaaa467d1ba37956199016a4d9a34869e5671dde66dc404feaf4586364,08/30/2023 03:29:00 PM,M,41.0,HELMET NOT USED,TURNING RIGHT,DRIVEWAY ACCESS,TEST NOT OFFERED,,30,CLEAR,DAYLIGHT,PEDALCYCLIST,NOT REPORTED,STRAIGHT AND LEVEL,DRY,INJURY AND / OR TOW DUE TO CRASH,MONTROSE DR,41.9621944169,-87.6455337502,POINT (-87.645533750154 41.962194416888)
O1649986,BICYCLE,12d0926d7daf0232dff24c93d40a7fe61e52c7736b9ecc2c8198c82ca11decdf66efb20b1c82ed99c39980ed437e496711af5c590939be198d761f08e59b031b,08/30/2023 02:38:00 PM,M,68.0,BICYCLE HELMET (PEDACYCLIST INVOLVED ONLY),CROSSING - WITH SIGNAL,IN ROADWAY,TEST NOT OFFERED,,30,CLEAR,DAYLIGHT,PEDALCYCLIST,FOUR WAY,STRAIGHT AND LEVEL,DRY,INJURY AND / OR TOW DUE TO CRASH,SHERIDAN RD,42.0193243807,-87.6659101587,POINT (-87.665910158706 42.019324380737)
O1649874,BICYCLE,fd454d0f6b3ebaa5118cfd6f66d46c1b28290eb2d7275fb5c3c68b44ca5fe059cc0df29336d44b5447cc0c856ce2e4b554275e4357b21685f5526f17286bb53e,08/30/2023 11:35:00 AM,F,29.0,BICYCLE HELMET (PEDACYCLIST INVOLVED ONLY),STANDING IN ROADWAY,IN ROADWAY,TEST NOT OFFERED,,30,CLEAR,DAYLIGHT,PEDALCYCLIST,DIVIDED - W/MEDIAN (NOT RAISED),STRAIGHT AND LEVEL,DRY,INJURY AND / OR TOW DUE TO CRASH,CLARK ST,41.9432474086,-87.6531782673,POINT (-87.65317826726 41.943247408569)
O1649959,BICYCLE,7a6ba1658b80c4f67890d1f89b2a38da7c6138a17e1525c8a282d532da284253716b0077e058cf3121c966ac6fe866f7564b8f7db92c7173bdc49173d44e96d8,08/30/2023 08:30:00 AM,M,15.0,BICYCLE HELMET (PEDACYCLIST INVOLVED ONLY),TURNING LEFT,IN ROADWAY,TEST NOT OFFERED,Y,30,CLEAR,DAYLIGHT,PEDALCYCLIST,CENTER TURN LANE,STRAIGHT AND LEVEL,DRY,NO INJURY / DRIVE AWAY,DAMEN AVE,41.9323294941,-87.6782827193,POINT (-87.678282719314 41.932329494099)
O1649777,BICYCLE,23ded192e6deeb96ccd8e2a282245839f2bfaf312df1132a0c3704034adee7db01f32a3c4619a91589e85b232451eeb4287d5e3ec952bcf8dac01820d59d1713,08/30/2023 08:20:00 AM,M,42.0,HELMET NOT USED,AGAINST TRAFFIC,IN ROADWAY,,,30,CLEAR,DAYLIGHT,PEDALCYCLIST,ONE-WAY,STRAIGHT AND LEVEL,DRY,NO INJURY / DRIVE AWAY,OGDEN AVE,41.8577234636,-87.7054219729,POINT (-87.705421972862 41.857723463569)
O1649737,BICYCLE,06a48e8d690892b877a1255027789c31e4c0116c9bde504b24554fde0ed33055896594287806cf38614f4cd817be939382a55a1a2a90ebff6120746a5165645f,08/30/2023 07:25:00 AM,M,16.0,HELMET NOT USED,CROSSING - NO CONTROLS (AT INTERSECTION),IN CROSSWALK,TEST NOT OFFERED,,30,CLEAR,DAYLIGHT,PEDALCYCLIST,NOT DIVIDED,STRAIGHT AND LEVEL,DRY,INJURY AND / OR TOW DUE TO CRASH,MANGO AVE,41.9830189894,-87.7721227907,POINT (-87.772122790722 41.983018989386)
O1650254,BICYCLE,0263de635207d4c4c5c279ee953f92efad64bfa9a7d3d743cdee65b3211775a65e627ba4addb8ad9ea4ea3742bdaee5ebc33acc64fe6a8d822eadfebc5ed84c6,08/30/2023 06:58:00 AM,M,40.0,HELMET NOT USED,CROSSING - AGAINST SIGNAL,IN CROSSWALK,TEST NOT OFFERED,,10,CLEAR,DUSK,PEDALCYCLIST,UNKNOWN INTERSECTION TYPE,STRAIGHT AND LEVEL,DRY,INJURY AND / OR TOW DUE TO CRASH,LAKE SHORE DR,41.9113055984,-87.6262094323,POINT (-87.626209432339 41.911305598351)
O1649705,BICYCLE,58ece41ae24d77e7d0a08c2befc43b9e2e0af82a8e27cfffdca858093507912f145000f9c068cf2c8aa52380601423d1cc0f03a55e4dede919f8007d3cb7392e,08/30/2023 06:57:00 AM,M,39.0,BICYCLE HELMET (PEDACYCLIST INVOLVED ONLY),CROSSING - WITH SIGNAL,IN ROADWAY,TEST NOT OFFERED,Y,30,CLEAR,DAYLIGHT,PEDALCYCLIST,FOUR WAY,STRAIGHT AND LEVEL,DRY,INJURY AND / OR TOW DUE TO CRASH,SHEFFIELD AVE,41.9473318268,-87.654480315,POINT (-87.654480314982 41.947331826783)
O1649925,BICYCLE,00ca030be713ae94ed4b17e42f5c92c2999ea745999b049d151cc92179e5c1ebcadb281a9d9af2b765ad717b365e0f9bd8b9f4a6ebad3c5b4d9f3b9b67ceb028,08/29/2023 08:37:00 PM,M,39.0,HELMET NOT USED,AGAINST TRAFFIC,BIKE LANE,TEST NOT OFFERED,,30,CLEAR,"DARKNESS, LIGHTED ROAD",PEDALCYCLIST,CENTER TURN LANE,STRAIGHT AND LEVEL,DRY,NO INJURY / DRIVE AWAY,DIVISION ST,41.903156154,-87.6724223195,POINT (-87.672422319494 41.903156153973)
O1655706,NON-MOTOR VEHICLE,c033f9c2011293929c58273d6c23d2fed07063692471d22fc2592410598f3e0ecc0307a1d3e3cb9f08dd12906e95f12aa89ae76ed0bfa30656809772949c95d7,08/29/2023 07:57:00 PM,,,,,,,,30,UNKNOWN,UNKNOWN,FIXED OBJECT,PARKING LOT,STRAIGHT AND LEVEL,UNKNOWN,NO INJURY / DRIVE AWAY,JEFFERSON ST,41.8733965495,-87.6422459537,POINT (-87.642245953671 41.873396549459)
O1649588,BICYCLE,71b35e9f3f045e8c4ab8bf555152f8523f04fe78b3ebef8bc92292da877b001f4589f8fc0063c9ca2895826be5df605cbbf9b20e6542a1fa955f0401b41c3ca2,08/29/2023 07:25:00 PM,M,41.0,HELMET NOT USED,OTHER ACTION,NOT IN ROADWAY,TEST NOT OFFERED,,20,CLEAR,DUSK,PEDALCYCLIST,ALLEY,STRAIGHT AND LEVEL,DRY,INJURY AND / OR TOW DUE TO CRASH,63RD ST,41.7788969379,-87.7007575753,POINT (-87.70075757526 41.778896937925)
O1649479,BICYCLE,8ebb78a14cb70ae7aa675dfa6a61283778dc282fb42b5eb069bc159ccebeff7d774bb60d9df3e10f664aac3e423f1db059bd7837b49a76b53196be5f65e969f2,08/29/2023 05:20:00 PM,M,32.0,BICYCLE HELMET (PEDACYCLIST INVOLVED ONLY),CROSSING - NO CONTROLS (AT INTERSECTION),IN ROADWAY,TEST NOT OFFERED,,30,CLEAR,DAYLIGHT,PEDALCYCLIST,FOUR WAY,STRAIGHT AND LEVEL,DRY,INJURY AND / OR TOW DUE TO CRASH,OAKLEY BLVD,41.8689626446,-87.6837995784,POINT (-87.683799578447 41.868962644621)
O1649322,BICYCLE,86bf1bcb064a21547456e671f8a23d3956911a2f4eb30333958e8c0310f83c93f6df4c259766b47f96cbbccf42bb54322a7c8f5abbfda9b99f7ec98e0581e1e9,08/29/2023 02:25:00 PM,M,,HELMET NOT USED,UNKNOWN/NA,IN ROADWAY,TEST NOT OFFERED,,30,CLEAR,DAYLIGHT,PEDALCYCLIST,ONE-WAY,STRAIGHT AND LEVEL,DRY,INJURY AND / OR TOW DUE TO CRASH,SUPERIOR ST,41.8941424582,-87.7484201223,POINT (-87.748420122282 41.894142458231)
O1666008,BICYCLE,5b722a50b7dc5b795d949b4f5107e8a5710066ebae77cdea81efb36674822728ac37373a88418de91ef55a0380afd7714fedce4ed4175d4a4e593806234cd4c9,08/29/2023 02:00:00 PM,M,33.0,HELMET NOT USED,WITH TRAFFIC,IN ROADWAY,TEST NOT OFFERED,,30,UNKNOWN,UNKNOWN,PEDALCYCLIST,NOT DIVIDED,STRAIGHT AND LEVEL,UNKNOWN,INJURY AND / OR TOW DUE TO CRASH,MILWAUKEE AVE,41.9030050392,-87.6657065445,POINT (-87.665706544455 41.903005039235)
O1649259,BICYCLE,be4d49ca4618847bdf8bfa3ab3d2b3b2e183b888017709e135c6197202fc26342769e7a5ea3e03dc71c354435ebf4b0c311185287a3f26c04fb320f815a3058f,08/29/2023 12:57:00 PM,M,31.0,HELMET NOT USED,CROSSING - WITH SIGNAL,BIKEWAY,TEST NOT OFFERED,,25,CLEAR,DAYLIGHT,PEDALCYCLIST,ONE-WAY,STRAIGHT AND LEVEL,DRY,INJURY AND / OR TOW DUE TO CRASH,FRANKLIN ST,41.8844379799,-87.6352311858,POINT (-87.635231185774 41.884437979932)
O1649197,BICYCLE,b7c86d70a37755db2e0d2e9d02f46f3a9480f3977d718bcd2e2d8349374e451d538cd5dc4ca321737f90b447dd572dea8db2099df44d9d051f312421ebb6d028,08/29/2023 11:55:00 AM,M,26.0,HELMET NOT USED,WITH TRAFFIC,BIKEWAY,TEST NOT OFFERED,Y,30,CLEAR,DAYLIGHT,PEDALCYCLIST,NOT DIVIDED,STRAIGHT AND LEVEL,DRY,INJURY AND / OR TOW DUE TO CRASH,CLARK ST,41.9496484426,-87.6586542166,POINT (-87.658654216555 41.949648442606)
O1649187,BICYCLE,b1a3a71f1a718b78a682c4ad8db892acc2a319161baa074dae7f504d364eeadb5bf7d7cfce89fc5c51556eaf7b5fbc62187a08bc9e4257af871cab740726fa7f,08/29/2023 10:57:00 AM,F,44.0,BICYCLE HELMET (PEDACYCLIST INVOLVED ONLY),TURNING LEFT,IN ROADWAY,TEST NOT OFFERED,,30,CLEAR,DAYLIGHT,PEDALCYCLIST,FOUR WAY,STRAIGHT AND LEVEL,DRY,NO INJURY / DRIVE AWAY,SHERIDAN RD,41.9982179205,-87.6606952556,POINT (-87.660695255572 41.998217920532)
O1649088,BICYCLE,2064c75d6f032b8539e5d991b240c04c864035ba5d2eafb7bbb8243291c4f1665c1043507bfadbd98d21ad773ad0382c8bceef693b2c52b0e9fbac4f5668d6ef,08/29/2023 09:56:00 AM,F,54.0,BICYCLE HELMET (PEDACYCLIST INVOLVED ONLY),CROSSING - AGAINST SIGNAL,IN ROADWAY,TEST NOT OFFERED,,30,CLEAR,DAYLIGHT,PEDALCYCLIST,NOT DIVIDED,STRAIGHT AND LEVEL,DRY,NO INJURY / DRIVE AWAY,KEDZIE AVE,41.8773813417,-87.7058698486,POINT (-87.70586984856 41.877381341672)
O1649078,BICYCLE,215756f5b2830c8fac4b676a864373cf70ed563d2b9e90a3f791f48ec095a4211325654f4d323ef88456a05b57f49842b0da6f53268ff970034993901ca5ccf0,08/29/2023 07:38:00 AM,M,17.0,HELMET NOT USED,CROSSING - AGAINST SIGNAL,IN CROSSWALK,TEST NOT OFFERED,,30,CLEAR,DAYLIGHT,PEDALCYCLIST,FOUR WAY,STRAIGHT AND LEVEL,DRY,INJURY AND / OR TOW DUE TO CRASH,CALIFORNIA AVE,41.8082170512,-87.6943500349,POINT (-87.694350034906 41.808217051245)
O1649085,BICYCLE,5ea49f03e7aaa0d01a3431addf72d5ed213e594a7e5d7a207da588b95c495c3de5b75a30cc16e623a62a6e697ad15dac969367b65f2403d354015123245cbda5,08/29/2023 07:05:00 AM,F,26.0,BICYCLE HELMET (PEDACYCLIST INVOLVED ONLY),CROSSING - WITH SIGNAL,IN ROADWAY,TEST NOT OFFERED,,30,CLEAR,DAYLIGHT,PEDALCYCLIST,FOUR WAY,STRAIGHT AND LEVEL,DRY,INJURY AND / OR TOW DUE TO CRASH,BELMONT AVE,41.9391678338,-87.7125459912,POINT (-87.712545991172 41.93916783377)
O1649569,BICYCLE,c378820842578cd0537666db6e1cb5d2a0dcf522fa15516df900db8f5997786b237e505607a53b271e5403caecbc1dbb5e7992d2a209fcd8c67b32d485d27114,08/29/2023 07:00:00 AM,F,32.0,BICYCLE HELMET (PEDACYCLIST INVOLVED ONLY),CROSSING - WITH SIGNAL,IN CROSSWALK,TEST NOT OFFERED,,30,CLEAR,DAYLIGHT,PEDALCYCLIST,FOUR WAY,STRAIGHT AND LEVEL,DRY,INJURY AND / OR TOW DUE TO CRASH,ASHLAND AVE,41.9837091907,-87.6699707532,POINT (-87.669970753161 41.98370919067)
O1648893,BICYCLE,ea2f209945c84e771792bcfd45729e1a8a6c70380aa453f6e5fbe28257731d4b7c4947b9340c4a2d0c72f786d128c97d29931505b89b96a50cce291a65766ae5,08/28/2023 09:30:00 PM,M,,HELMET NOT USED,OTHER ACTION,IN ROADWAY,TEST NOT OFFERED,,30,CLEAR,DARKNESS,PEDALCYCLIST,FOUR WAY,STRAIGHT AND LEVEL,DRY,NO INJURY / DRIVE AWAY,HALSTED ST,41.9418382812,-87.6494757138,POINT (-87.649475713797 41.941838281218)
O1648855,BICYCLE,f81fbcb5e8fb3ef738b221ed1a74d852d53f2a0a33498d2044bf63d48e2f65a9c2a95ced88e3eca6af3e742525390e81ac1dd4ddb262e9ed0001a6600b69f4bc,08/28/2023 08:20:00 PM,M,31.0,BICYCLE HELMET (PEDACYCLIST INVOLVED ONLY),WITH TRAFFIC,BIKE LANE,TEST NOT OFFERED,,30,CLEAR,"DARKNESS, LIGHTED ROAD",PEDALCYCLIST,NOT DIVIDED,STRAIGHT AND LEVEL,DRY,INJURY AND / OR TOW DUE TO CRASH,ROSCOE ST,41.9431067574,-87.6783305791,POINT (-87.678330579083 41.94310675737)
O1649207,BICYCLE,e7d3907f9b0833c4e027c026ad3ac1efef8e3536c023afd7fb81dce0f33e8deca4e6ad05414177d079d7718f3bf0082215c659ff06301c9024e4a503866a6ef5,08/28/2023 06:20:00 PM,F,22.0,HELMET NOT USED,OTHER ACTION,IN ROADWAY,TEST NOT OFFERED,,30,CLEAR,DAYLIGHT,PEDALCYCLIST,NOT DIVIDED,STRAIGHT AND LEVEL,DRY,INJURY AND / OR TOW DUE TO CRASH,SHEFFIELD AVE,41.9138582279,-87.6533641875,POINT (-87.653364187518 41.913858227931)
O1648726,BICYCLE,77f156f17c0975262cc7511b0e4ad45b00110eb1f14161cd294f1d9e7b981cc9316f021213edce516757a362decd78eae0fc2f7c80f340256a7eebfee2a80ab6,08/28/2023 04:45:00 PM,M,34.0,BICYCLE HELMET (PEDACYCLIST INVOLVED ONLY),CROSSING - WITH SIGNAL,IN CROSSWALK,TEST NOT OFFERED,,30,CLEAR,DAYLIGHT,PEDALCYCLIST,NOT DIVIDED,STRAIGHT AND LEVEL,DRY,NO INJURY / DRIVE AWAY,ROOSEVELT RD,41.8657150393,-87.7641826135,POINT (-87.764182613481 41.865715039264)
O1648626,BICYCLE,fb09cb7cc56f92647f027b14ebbe74aa4e18bc0d9487da52babedb353de3a2dcf8115da554d702690fef70566761607d715802ce4a8f8fd51380cbc3de38fc75,08/28/2023 04:23:00 PM,M,,HELMET NOT USED,TURNING RIGHT,IN ROADWAY,TEST NOT OFFERED,,30,CLEAR,DAYLIGHT,PEDALCYCLIST,FOUR WAY,STRAIGHT AND LEVEL,DRY,NO INJURY / DRIVE AWAY,FRANCISCO AVE,41.8665707559,-87.6984961182,POINT (-87.698496118155 41.866570755944)
O1648722,BICYCLE,d69a449d6400ceb2af2bd7dee13d5ee8d440bde58d55f3c340fb9b1b8c75600bb76ce4da22a1cb44174f9723f824587ab91b677dd372ac4b85642ec108f31aed,08/28/2023 04:15:00 PM,M,34.0,HELMET NOT USED,WITH TRAFFIC,IN ROADWAY,TEST NOT OFFERED,,30,CLEAR,DAYLIGHT,PEDALCYCLIST,DIVIDED - W/MEDIAN (NOT RAISED),STRAIGHT AND LEVEL,DRY,INJURY AND / OR TOW DUE TO CRASH,BELMONT AVE,41.9388179898,-87.7559630639,POINT (-87.755963063852 41.938817989793)
O1648663,BICYCLE,b4260c4ec0ef9033746ba9c6c48126f942f2c327c05062b8b335ad1b3a535dcfa67d293cedee62df37b54c5c3bbd7c6b9753f8f9a5927c9a3436ac23febeede2,08/28/2023 04:07:00 PM,M,59.0,HELMET NOT USED,TO/FROM DISABLED VEHICLE,UNKNOWN/NA,TEST NOT OFFERED,,20,CLEAR,DAYLIGHT,PEDALCYCLIST,ONE-WAY,STRAIGHT AND LEVEL,DRY,NO INJURY / DRIVE AWAY,THROOP ST,41.7335520631,-87.6555551962,POINT (-87.655555196222 41.733552063101)
O1648667,BICYCLE,0023721ec0730496f501ef92c2c9ff16e210d0ff6bcfbff63b1c2cc9100afb6e94c63ddbbc82cb6ffd2575d53536f3d0d9eb52d6b51de36ad8eee9f386ddad3e,08/28/2023 02:45:00 PM,F,64.0,BICYCLE HELMET (PEDACYCLIST INVOLVED ONLY),CROSSING - NO CONTROLS (AT INTERSECTION),IN ROADWAY,TEST NOT OFFERED,,30,CLEAR,DAYLIGHT,PEDALCYCLIST,"FIVE POINT, OR MORE",STRAIGHT AND LEVEL,DRY,INJURY AND / OR TOW DUE TO CRASH,CLYBOURN AVE,41.9138425848,-87.6533890766,POINT (-87.653389076628 41.913842584753)
O1648494,BICYCLE,b0e1d3d3639cd2ca0ea2c96506f3753f966ec90b0912ca04cc5d5d6a4272163b11b4ec3ca23a23f791ffd279091834839f5b7d54591d53ed127071fb439ca710,08/28/2023 01:05:00 PM,F,24.0,HELMET NOT USED,ENTER FROM DRIVE/ALLEY,IN ROADWAY,TEST NOT OFFERED,,30,CLEAR,DAYLIGHT,PEDALCYCLIST,ONE-WAY,STRAIGHT AND LEVEL,DRY,INJURY AND / OR TOW DUE TO CRASH,JANSSEN AVE,41.9537909032,-87.665684612,POINT (-87.665684611982 41.953790903172)
O1648311,NON-MOTOR VEHICLE,a14c184399391189f031d76b127a91247368ca7adc75de4c7e72384719114764e6c4e6520a19fd3247a257b9a44c7b53555d0eeedbd9d0ad6b5fea8d3db69152,08/28/2023 09:02:00 AM,M,47.0,NONE PRESENT,UNKNOWN/NA,IN ROADWAY,TEST NOT OFFERED,,30,CLEAR,DAYLIGHT,OTHER NONCOLLISION,NOT DIVIDED,STRAIGHT AND LEVEL,DRY,NO INJURY / DRIVE AWAY,ONTARIO ST,41.8932936766,-87.6203928947,POINT (-87.620392894691 41.893293676585)
O1648283,NON-MOTOR VEHICLE,407c52a5d3b4f7215b3f2c2e43be799e102f64c62a7121f0986adee3ca2c863978ae390bb3796fe56a05c0c8b9a053a1408bd374a18780dc1c26a4c230b16745,08/28/2023 08:51:00 AM,,,NONE PRESENT,,,,,30,CLEAR,DAYLIGHT,ANIMAL,NOT DIVIDED,STRAIGHT AND LEVEL,DRY,INJURY AND / OR TOW DUE TO CRASH,EMERALD AVE,41.756186806,-87.6428150252,POINT (-87.642815025225 41.756186805994)