PERSON_ID,PERSON_TYPE,CRASH_RECORD_ID,CRASH_DATE_x,SEX,AGE,SAFETY_EQUIPMENT,PEDPEDAL_ACTION,PEDPEDAL_LOCATION,BAC_RESULT,CRASH_DATE_EST_I,POSTED_SPEED_LIMIT,WEATHER_CONDITION,LIGHTING_CONDITION,FIRST_CRASH_TYPE,TRAFFICWAY_TYPE,ALIGNMENT,ROADWAY_SURFACE_COND,CRASH_TYPE,STREET_NAME,LATITUDE,LONGITUDE,LOCATION
O1648260,BICYCLE,42a5bad7a07171860a442086785173899f8f2ede602bb783f255a41e5b192af29836d4823f40699281c61553412c9d39502c3b0c383212d6bdac61fd643a93e5,08/28/2023 08:20:00 AM,M,,HELMET NOT USED,WITH TRAFFIC,IN ROADWAY,TEST NOT OFFERED,,30,CLEAR,DAYLIGHT,PEDALCYCLIST,NOT DIVIDED,STRAIGHT AND LEVEL,DRY,NO INJURY / DRIVE AWAY,JEFFERSON ST,41.8831072333,-87.6425513957,POINT (-87.642551395723 41.883107233251)
O1648102,BICYCLE,a4db6230084378d7ca6a0e64bf322774c1a8cd42a10aa5662c0b2c2cd61c10557efba77bbccca25f9ecf5d27440b52c3b1e2c0b4c4ce8daa606a3080adc241cf,08/27/2023 08:30:00 PM,M,15.0,BICYCLE HELMET (PEDACYCLIST INVOLVED ONLY),CROSSING - NO CONTROLS (AT INTERSECTION),UNKNOWN/NA,TEST NOT OFFERED,,30,CLEAR,"DARKNESS, LIGHTED ROAD",PEDALCYCLIST,NOT REPORTED,STRAIGHT AND LEVEL,UNKNOWN,INJURY AND / OR TOW DUE TO CRASH,IRVING PARK RD,41.9526441201,-87.8047747158,POINT (-87.804774715785 41.952644120097)
O1648095,BICYCLE,ab000754efac589f2c78b4961e70dc8e074497626059cb2c47b230f13096520bb4c98ba208c85e5d29cb9c80c60e313f93c6086fd67d7c9011c59ae6e3e805f9,08/27/2023 08:00:00 PM,M,29.0,HELMET NOT USED,UNKNOWN/NA,IN ROADWAY,TEST NOT OFFERED,,25,CLEAR,DARKNESS,PEDALCYCLIST,NOT DIVIDED,STRAIGHT AND LEVEL,DRY,NO INJURY / DRIVE AWAY,ADAMS ST,41.8791271699,-87.6596142388,POINT (-87.659614238754 41.879127169904)
O1648011,BICYCLE,1331d00fbf16da8e1aa3fcbb566bfac3ee0b29a49ebe204e29708f1c9dbe24ecee4d987010c17590960455dc5538e682ee5360c9df28b74ea48deb9cc9d88c8e,08/27/2023 05:10:00 PM,M,17.0,HELMET NOT USED,OTHER ACTION,UNKNOWN/NA,TEST NOT OFFERED,,30,CLEAR,DAYLIGHT,PEDALCYCLIST,ALLEY,STRAIGHT AND LEVEL,DRY,INJURY AND / OR TOW DUE TO CRASH,92ND ST,41.7283735383,-87.5498933109,POINT (-87.549893310913 41.728373538308)
O1648026,BICYCLE,bfb6c2fe785fa54e952548b4b795d14996e8ecc4942a969fde25519f074d20a3449d6d72e0355150929c3ee65c64e5f08613c6903deaf84a2303fe807dd20a5d,08/27/2023 05:00:00 PM,M,14.0,HELMET NOT USED,OTHER ACTION,IN ROADWAY,TEST NOT OFFERED,,25,CLEAR,DAYLIGHT,PEDALCYCLIST,FOUR WAY,STRAIGHT AND LEVEL,DRY,INJURY AND / OR TOW DUE TO CRASH,BERENICE AVE,41.9504797319,-87.7719196331,POINT (-87.771919633142 41.950479731946)
O1648835,BICYCLE,6e805aa1d958203f59e9964ce7c87ca566ec6cf3441e1cdc1715d5f5152d2b4c60bdce6546495dd3b1f69dfab96bae5fcffab420f6424646e3d66a1e3af3f32b,08/27/2023 04:20:00 PM,F,47.0,HELMET NOT USED,CROSSING - WITH SIGNAL,IN CROSSWALK,TEST NOT OFFERED,,35,CLEAR,DAYLIGHT,PEDALCYCLIST,DIVIDED - W/MEDIAN (NOT RAISED),STRAIGHT AND LEVEL,DRY,INJURY AND / OR TOW DUE TO CRASH,HALSTED ST,41.8348079768,-87.6463487291,POINT (-87.646348729083 41.834807976807)
O1647713,BICYCLE,85fd08950e98679aba468c4efb65d41d329949011ecaa97abdf056367714c1a9dabc37a64307a52c796dafe291797f0b54b6a997d5a37e162a83547c95358b55,08/27/2023 11:38:00 AM,M,42.0,BICYCLE HELMET (PEDACYCLIST INVOLVED ONLY),CROSSING - WITH SIGNAL,IN ROADWAY,TEST NOT OFFERED,,30,CLEAR,DAYLIGHT,PEDALCYCLIST,NOT DIVIDED,STRAIGHT AND LEVEL,DRY,INJURY AND / OR TOW DUE TO CRASH,BROADWAY,41.9563875907,-87.6518745466,POINT (-87.651874546596 41.956387590685)
O1647649,BICYCLE,c1aae84754c2161348a80e5a6d20aad705c2f0bf1aae35053c0266a7984459d889f69b984e4e6722f0c7cee4b7df89445144bc1f3cda5d3b9134c6ff229a4b25,08/27/2023 10:21:00 AM,M,35.0,BICYCLE HELMET (PEDACYCLIST INVOLVED ONLY),WITH TRAFFIC,IN ROADWAY,TEST NOT OFFERED,,30,CLEAR,DAYLIGHT,PEDALCYCLIST,DIVIDED - W/MEDIAN (NOT RAISED),STRAIGHT AND LEVEL,DRY,INJURY AND / OR TOW DUE TO CRASH,CLARK ST,41.9477119228,-87.6570938729,POINT (-87.657093872868 41.947711922759)
O1647942,NON-MOTOR VEHICLE,f3725b1723205c25ce8edd66ea8c0be2f8534cb57444416feca351880ff73203b475243f55e174f969a48aa43aa933cbf6225f94ce4f6170aac8c0ab9e89844b,08/27/2023 07:45:00 AM,X,,NONE PRESENT,,,TEST NOT OFFERED,,30,CLEAR,DAYLIGHT,OTHER NONCOLLISION,DRIVEWAY,STRAIGHT AND LEVEL,DRY,NO INJURY / DRIVE AWAY,STATE ST,41.7913797508,-87.6257610133,POINT (-87.62576101332 41.791379750786)
O1647429,BICYCLE,b7d0287a8a7890a185911243d69b658ae31547b7b2f32f421e14660fac6c3c6c3cbfb0e81d2d7354ce9d95ffce4d7aa52a2deb24c4dd0530bcb68cae55f7e352,08/26/2023 11:22:00 PM,M,26.0,HELMET NOT USED,CROSSING - AGAINST SIGNAL,IN ROADWAY,TEST NOT OFFERED,,30,CLEAR,"DARKNESS, LIGHTED ROAD",PEDALCYCLIST,NOT DIVIDED,STRAIGHT AND LEVEL,DRY,INJURY AND / OR TOW DUE TO CRASH,CENTRAL PARK AVE,41.9282291019,-87.7172336753,POINT (-87.717233675282 41.928229101938)
O1647542,BICYCLE,7ec5222f0f8e9307875c792af85ee956cacda2eae6d5841128ee70be82cbebc5b76ee1c7183c1825f3d9099a79bb3b70d19bbe082302122db87ef1fb867f2202,08/26/2023 10:04:00 PM,M,,HELMET NOT USED,UNKNOWN/NA,UNKNOWN/NA,TEST NOT OFFERED,,30,UNKNOWN,UNKNOWN,PEDALCYCLIST,UNKNOWN,STRAIGHT AND LEVEL,UNKNOWN,INJURY AND / OR TOW DUE TO CRASH,ASHLAND AVE,41.7684549099,-87.664038433,POINT (-87.664038433009 41.768454909931)
O1647358,BICYCLE,b1335fe0ed8564b97d960f61d7dc21aa1f6426e2f0238dff33de8f2c6de84bceffd42d947e9f724126d7ac380b3f1cb41bfae47b93fa1e077100afe8022eaaaf,08/26/2023 06:15:00 PM,M,16.0,HELMET NOT USED,CROSSING - WITH SIGNAL,IN CROSSWALK,TEST NOT OFFERED,Y,30,UNKNOWN,UNKNOWN,PEDALCYCLIST,FOUR WAY,STRAIGHT AND LEVEL,UNKNOWN,INJURY AND / OR TOW DUE TO CRASH,KEDZIE AVE,41.8007272599,-87.7039102174,POINT (-87.703910217369 41.800727259896)
O1647319,NON-MOTOR VEHICLE,f6f774afab1c9559925b81fc330e77fa6ef089144585f0ea0c87bb31cc60e4bf8b305ef616d126871a46d57bb18530458a4c58570d5cb484a9a3e91a75a8bdad,08/26/2023 05:05:00 PM,F,37.0,NONE PRESENT,,,TEST NOT OFFERED,,30,CLEAR,DAYLIGHT,OTHER OBJECT,FOUR WAY,STRAIGHT AND LEVEL,DRY,INJURY AND / OR TOW DUE TO CRASH,PULASKI RD,41.858775158,-87.7250995851,POINT (-87.725099585109 41.85877515798)
O1647262,BICYCLE,0e1c7045cb3cd8562287d153a23c81d9183348308e06efba8c84de670af70d4277468cbda6cb6d25c24bec11419883332ef47bce53a9e415a5983eaf7eb362ac,08/26/2023 04:55:00 PM,F,37.0,BICYCLE HELMET (PEDACYCLIST INVOLVED ONLY),UNKNOWN/NA,BIKEWAY,,,30,CLEAR,DAYLIGHT,PEDALCYCLIST,ONE-WAY,STRAIGHT AND LEVEL,DRY,INJURY AND / OR TOW DUE TO CRASH,WELLINGTON AVE,41.9359610458,-87.6669831906,POINT (-87.666983190604 41.935961045777)
O1647155,BICYCLE,00cd5864025ac2ef853d2bbe008d0509f18797714501f1abd5daba5b614d08c406ab48cb07428976660c1c080102bd6c99e120d5b9c8a07220c32edabdbdaaca,08/26/2023 02:40:00 PM,F,,BICYCLE HELMET (PEDACYCLIST INVOLVED ONLY),UNKNOWN/NA,UNKNOWN/NA,TEST NOT OFFERED,,30,CLEAR,DAYLIGHT,PEDALCYCLIST,DIVIDED - W/MEDIAN (NOT RAISED),STRAIGHT AND LEVEL,DRY,INJURY AND / OR TOW DUE TO CRASH,MILWAUKEE AVE,41.9050751234,-87.668930563,POINT (-87.66893056302 41.905075123394)
O1650544,BICYCLE,9c1146ebe761a13962f37aad60febbd58fa47d8b23e5b4afb2b61c2a6c933177ba1eab149c7da6a2caedbc406049140770cd16593c75b18b7e1a54a0d9272bad,08/26/2023 12:05:00 PM,F,25.0,BICYCLE HELMET (PEDACYCLIST INVOLVED ONLY),UNKNOWN/NA,UNKNOWN/NA,TEST NOT OFFERED,Y,20,CLEAR,DAYLIGHT,PEDALCYCLIST,DIVIDED - W/MEDIAN (NOT RAISED),STRAIGHT AND LEVEL,DRY,INJURY AND / OR TOW DUE TO CRASH,FULTON ST,41.8869212168,-87.6428794085,POINT (-87.642879408461 41.886921216839)
O1648872,BICYCLE,af0545dd4f1e07c4736f3090c0bac749a5eb2b6486331f244be03a448c0b3d56e9804528f16c0765c371396b57302e194ee37a98df9abdf3e01022cff2941279,08/26/2023 11:51:00 AM,F,,HELMET NOT USED,OTHER ACTION,IN ROADWAY,,,35,CLEAR,DAYLIGHT,PEDALCYCLIST,FOUR WAY,STRAIGHT AND LEVEL,DRY,NO INJURY / DRIVE AWAY,GRAND AVE,41.8914450432,-87.6361373688,POINT (-87.636137368806 41.891445043179)
O1651573,BICYCLE,684e7262e98278df738f94468d87bea1692d319c84096b3f1699a029ea1c5d1e95c732e495e912eec850655fa579e3a06073c9cbc34b05e3808a38baeef6dc74,08/26/2023 11:20:00 AM,M,,BICYCLE HELMET (PEDACYCLIST INVOLVED ONLY),CROSSING - NO CONTROLS (NOT AT INTERSECTION),UNKNOWN/NA,TEST NOT OFFERED,,15,CLEAR,DAYLIGHT,PEDALCYCLIST,PARKING LOT,STRAIGHT AND LEVEL,DRY,NO INJURY / DRIVE AWAY,WESTERN AVE,41.9427471952,-87.6883543215,POINT (-87.688354321496 41.942747195164)
O1646825,BICYCLE,9b11a3266783a24bff334bf5812cfc480fa062ba2637f1e676881f06410888454ec362a61da950288450dc798c461a6f7f1d8498e03c0a8f66b06b398fdb3fa3,08/25/2023 10:50:00 PM,M,55.0,BICYCLE HELMET (PEDACYCLIST INVOLVED ONLY),UNKNOWN/NA,BIKEWAY,TEST NOT OFFERED,,20,CLEAR,DARKNESS,PEDALCYCLIST,OTHER,STRAIGHT AND LEVEL,DRY,INJURY AND / OR TOW DUE TO CRASH,MARINE DR,41.9585506445,-87.6466261408,POINT (-87.646626140819 41.958550644529)
O1646846,BICYCLE,c1929d84be3f2689b6ed2a36cba4c32eb958c5cfdca96a397c2f129a15774710d9dfdb7786b5f8eb939929dfbb122a9cde174e43e55872b7bd7810093d7ff544,08/25/2023 08:55:00 PM,F,45.0,HELMET NOT USED,OTHER ACTION,IN ROADWAY,TEST NOT OFFERED,,25,CLEAR,"DARKNESS, LIGHTED ROAD",PEDALCYCLIST,NOT DIVIDED,STRAIGHT AND LEVEL,DRY,INJURY AND / OR TOW DUE TO CRASH,DIVERSEY AVE,41.9313779131,-87.7667665153,POINT (-87.76676651528 41.931377913135)
O1655019,BICYCLE,501f4f5179680f062ad3c724d82c02940ecc6e06b0dedfad5dd7d4acf43216c1447c79cf4e1b9d89b1dd9675c9252a97c2dd5a564d7c057a1b7960cda9f41764,08/25/2023 07:20:00 PM,M,36.0,BICYCLE HELMET (PEDACYCLIST INVOLVED ONLY),WITH TRAFFIC,BIKE LANE,TEST NOT OFFERED,,30,CLEAR,DAYLIGHT,PEDALCYCLIST,DIVIDED - W/MEDIAN (NOT RAISED),STRAIGHT AND LEVEL,DRY,INJURY AND / OR TOW DUE TO CRASH,DAMEN AVE,41.905956346,-87.6774862153,POINT (-87.677486215333 41.905956345961)
O1661330,BICYCLE,c8098149fdf6e6713a8bef884e23040b91785d44a8c2f24c355580351bc2c8fb90fb666281cb08ff8a0941a4ef21a4d900c10d1185c761bf921fa1fb1aee0e3f,08/25/2023 06:15:00 PM,M,34.0,HELMET NOT USED,CROSSING - WITH SIGNAL,BIKE LANE,TEST NOT OFFERED,,30,CLEAR,"DARKNESS, LIGHTED ROAD",PEDALCYCLIST,NOT DIVIDED,STRAIGHT AND LEVEL,DRY,INJURY AND / OR TOW DUE TO CRASH,31ST ST,41.838315686,-87.6340451596,POINT (-87.634045159609 41.838315686022)
O1646726,BICYCLE,7411ddeee69c55bf56d2cb918e191e6d930dff071466959241d5cdd1590cbedab34d10b32ad599bdffc0acc322c5df32486107c3689ba8a48d1ae86ca025ec01,08/25/2023 05:57:00 PM,F,34.0,BICYCLE HELMET (PEDACYCLIST INVOLVED ONLY),WITH TRAFFIC,IN CROSSWALK,TEST NOT OFFERED,,30,CLEAR,DUSK,PEDALCYCLIST,DIVIDED - W/MEDIAN (NOT RAISED),STRAIGHT AND LEVEL,DRY,NO INJURY / DRIVE AWAY,INDIANA AVE,41.8510405445,-87.6223865939,POINT (-87.622386593919 41.851040544466)
O1646704,BICYCLE,a23397719ff11837679d565e0f62140984a5c1addcb82dcdee61ed373636446d4e1b9bc59cfb06c4c0424debe5f374f6d1f6b187af5ca29ed624d4a0573f25e9,08/25/2023 04:30:00 PM,M,68.0,BICYCLE HELMET (PEDACYCLIST INVOLVED ONLY),TURNING RIGHT,DRIVEWAY ACCESS,TEST NOT OFFERED,,30,CLEAR,DAYLIGHT,PEDALCYCLIST,OTHER,STRAIGHT AND LEVEL,DRY,INJURY AND / OR TOW DUE TO CRASH,PULASKI RD,41.9764697687,-87.7284064615,POINT (-87.728406461527 41.976469768731)
O1649544,BICYCLE,a23397719ff11837679d565e0f62140984a5c1addcb82dcdee61ed373636446d4e1b9bc59cfb06c4c0424debe5f374f6d1f6b187af5ca29ed624d4a0573f25e9,08/25/2023 04:30:00 PM,M,68.0,BICYCLE HELMET (PEDACYCLIST INVOLVED ONLY),TURNING RIGHT,DRIVEWAY ACCESS,TEST NOT OFFERED,,30,CLEAR,DAYLIGHT,PEDALCYCLIST,OTHER,STRAIGHT AND LEVEL,DRY,INJURY AND / OR TOW DUE TO CRASH,PULASKI RD,41.9764697687,-87.7284064615,POINT (-87.728406461527 41.976469768731)
O1646571,BICYCLE,c266e3c3971ab5715cb8ef323dc94942ba07d73ba981d31fd32b631ecd33d2eafed153f62d758d4ee53f6f0df17075905d674b70be4a295bf585709502a19143,08/25/2023 03:38:00 PM,M,23.0,BICYCLE HELMET (PEDACYCLIST INVOLVED ONLY),OTHER ACTION,IN ROADWAY,TEST NOT OFFERED,,30,CLEAR,DAYLIGHT,PEDALCYCLIST,FOUR WAY,STRAIGHT AND LEVEL,DRY,INJURY AND / OR TOW DUE TO CRASH,KEDZIE AVE,41.8007314612,-87.7036168743,POINT (-87.703616874333 41.800731461185)
O1647186,BICYCLE,65a36448c3cca8001ea2af311926305c16f9426d3e22724af756b5dccfb6bd2768cea279800c9e2a909dcb64fc569b2dd31d52911078c486a39ac61340c154b4,08/25/2023 01:50:00 PM,M,21.0,BICYCLE HELMET (PEDACYCLIST INVOLVED ONLY),CROSSING - WITH SIGNAL,IN ROADWAY,TEST NOT OFFERED,,30,CLEAR,DAYLIGHT,PEDALCYCLIST,NOT DIVIDED,STRAIGHT AND LEVEL,DRY,NO INJURY / DRIVE AWAY,ARMITAGE AVE,41.9174934664,-87.7083464925,POINT (-87.708346492545 41.917493466383)
O1646334,BICYCLE,455cd9ecfccb8f11068cf99bdcdf351877d5a3d1f284b656e03d851324d1a25e1d8154a69f384fbae502794f5934297410509bcd2693a8ac309b325b90f448a3,08/25/2023 11:02:00 AM,M,,HELMET NOT USED,WITH TRAFFIC,BIKE LANE,TEST NOT OFFERED,,25,CLEAR,DAYLIGHT,PEDALCYCLIST,DIVIDED - W/MEDIAN (NOT RAISED),STRAIGHT AND LEVEL,DRY,INJURY AND / OR TOW DUE TO CRASH,HALSTED ST,41.8366536365,-87.6463919526,POINT (-87.646391952557 41.836653636492)
O1646295,NON-MOTOR VEHICLE,2e1149b48852f91f1d95018bff01fd55dbb2bc561715943eb584be1f4822a4c73e6c5dc3ad34e4a3d3eea8d152f4bdd18bd5d4541e40befe1807005eda295ff1,08/25/2023 09:57:00 AM,M,24.0,NONE PRESENT,CROSSING - NO CONTROLS (AT INTERSECTION),IN CROSSWALK,TEST NOT OFFERED,,25,CLOUDY/OVERCAST,DAYLIGHT,OTHER OBJECT,ONE-WAY,STRAIGHT AND LEVEL,DRY,INJURY AND / OR TOW DUE TO CRASH,KOLIN AVE,41.8659603917,-87.7335833965,POINT (-87.733583396467 41.865960391697)
O1647843,BICYCLE,c1881809dd654638893327b9f4d54e8880752bc4b93f8650f32b3774a1e84afafbfd6438174ff5ed87a6fd37ddfc0fec3868a22732ce0ac0fcfdec652e617f7a,08/25/2023 09:35:00 AM,F,30.0,BICYCLE HELMET (PEDACYCLIST INVOLVED ONLY),WITH TRAFFIC,BIKE LANE,TEST NOT OFFERED,,30,CLEAR,DAYLIGHT,PEDALCYCLIST,DIVIDED - W/MEDIAN (NOT RAISED),STRAIGHT AND LEVEL,DRY,INJURY AND / OR TOW DUE TO CRASH,ROOSEVELT RD,41.8673561822,-87.6402266406,POINT (-87.640226640564 41.867356182227)
O1646222,BICYCLE,1ec2f48f7ee9e4fdd2c509056193733891298530954c98506b9ad12be3d30708e89bd47c97c7a0caf471deab1b2ee418d853f2756618054c7c8aab4f93eeaa60,08/25/2023 07:48:00 AM,M,18.0,BICYCLE HELMET (PEDACYCLIST INVOLVED ONLY),CROSSING - WITH SIGNAL,IN CROSSWALK,TEST NOT OFFERED,Y,30,CLEAR,DAYLIGHT,PEDALCYCLIST,DIVIDED - W/MEDIAN (NOT RAISED),STRAIGHT AND LEVEL,DRY,INJURY AND / OR TOW DUE TO CRASH,CHICAGO AVE,41.8950764973,-87.7358785907,POINT (-87.735878590686 41.895076497302)
O1646363,BICYCLE,158333d6e419cce554ce92490f192a1c55a5372a388bbd6b4a791a4b02408ca456880c5d08b4f18f90c128bbd9c54e67725c2bd77240b2fcc907241ac489444e,08/25/2023 06:05:00 AM,M,37.0,BICYCLE HELMET (PEDACYCLIST INVOLVED ONLY),UNKNOWN/NA,IN ROADWAY,,,30,UNKNOWN,UNKNOWN,PEDALCYCLIST,UNKNOWN,STRAIGHT AND LEVEL,UNKNOWN,INJURY AND / OR TOW DUE TO CRASH,DEVON AVE,41.9971961475,-87.766632847,POINT (-87.766632847015 41.997196147514)
O1646074,BICYCLE,e4f8dc8cf83665b39461c142fbd203051f8562d5731623f66bee61d98c1b888a14e654a3499602832cd551687d25ca600494a822757a07411d497e1b63e305e5,08/24/2023 08:27:00 PM,M,46.0,HELMET NOT USED,TURNING LEFT,NOT IN ROADWAY,TEST NOT OFFERED,,30,CLEAR,"DARKNESS, LIGHTED ROAD",PEDALCYCLIST,FOUR WAY,STRAIGHT AND LEVEL,DRY,INJURY AND / OR TOW DUE TO CRASH,CHICAGO AVE,41.8950936148,-87.748381715,POINT (-87.748381714962 41.895093614751)
O1646055,BICYCLE,097debe212692fcd7301100aa5f112b3ba88df4f54bcb1d4ce10551d5328102606734b431d4ea02da16efdd03d83e938eb8f912b2dfa763ca724b5b04a8e52be,08/24/2023 07:40:00 PM,M,25.0,HELMET NOT USED,CROSSING - NO CONTROLS (AT INTERSECTION),IN CROSSWALK,TEST NOT OFFERED,,30,CLEAR,DUSK,PEDALCYCLIST,FOUR WAY,STRAIGHT AND LEVEL,DRY,INJURY AND / OR TOW DUE TO CRASH,RIDGE BLVD,42.0079118331,-87.6812640099,POINT (-87.681264009878 42.007911833101)
O1646020,BICYCLE,15bfb6edcd64346e97722698f0715296fd34ffccc9f6442ac90668bc00acb367c892d32221ce7183a70789f13b0db6d80a5c3bec020057c96979e4af3ed02212,08/24/2023 05:45:00 PM,M,27.0,HELMET NOT USED,CROSSING - NO CONTROLS (NOT AT INTERSECTION),IN CROSSWALK,TEST NOT OFFERED,,10,CLEAR,DAYLIGHT,PEDALCYCLIST,PARKING LOT,STRAIGHT AND LEVEL,DRY,INJURY AND / OR TOW DUE TO CRASH,CALIFORNIA AVE,41.9308784172,-87.6974396575,POINT (-87.697439657518 41.930878417182)
O1645899,BICYCLE,26725841b9d02c06a6bcef2daffb7332e13ad8dac3c5e1d81ffc44c710766596e4b6feb74c41eb4599b33244c224b9b9ee68c3d285114724b22807dec696967b,08/24/2023 04:30:00 PM,M,42.0,BICYCLE HELMET (PEDACYCLIST INVOLVED ONLY),WITH TRAFFIC,IN ROADWAY,TEST NOT OFFERED,,30,CLEAR,DAYLIGHT,PEDALCYCLIST,NOT DIVIDED,STRAIGHT AND LEVEL,DRY,INJURY AND / OR TOW DUE TO CRASH,DAMEN AVE,41.9386176461,-87.6781791286,POINT (-87.678179128563 41.938617646122)
O1646034,BICYCLE,34335e88fff3a3a058d3363177a4df7e92368e930b491444435c9c2307b6887aa76aa33e014745cfe3081ea1723fb32b80502a922fb006ad549c12f09676327b,08/24/2023 04:23:00 PM,M,66.0,HELMET NOT USED,ENTER FROM DRIVE/ALLEY,IN ROADWAY,TEST NOT OFFERED,,30,CLEAR,DAYLIGHT,PEDALCYCLIST,NOT DIVIDED,STRAIGHT AND LEVEL,DRY,INJURY AND / OR TOW DUE TO CRASH,MILWAUKEE AVE,41.9386225665,-87.7228574671,POINT (-87.722857467065 41.93862256653)
O1646722,BICYCLE,337146a77cf026c00fb414513c9033eed87c8e470bd9ce9b77efe76c5cd8b4e0ec4e21e21a6137f3f68cb122dd1584cfe5a353c4d8a5678d7f928226862b1da2,08/24/2023 04:05:00 PM,M,23.0,HELMET NOT USED,WITH TRAFFIC,BIKE LANE,TEST NOT OFFERED,,30,CLEAR,DAYLIGHT,PEDALCYCLIST,DIVIDED - W/MEDIAN (NOT RAISED),STRAIGHT AND LEVEL,DRY,INJURY AND / OR TOW DUE TO CRASH,GLENWOOD AVE,41.9890565919,-87.6649680707,POINT (-87.664968070734 41.989056591941)
O1645984,BICYCLE,080d17f9e406735fa8cb1fffc9c611808dfb5684c70b90804406975944df524a43d034ca551630ff306e32efe2759535cff40294a929e61b1166a56c48109e8a,08/24/2023 03:47:00 PM,F,27.0,HELMET NOT USED,WITH TRAFFIC,BIKEWAY,TEST NOT OFFERED,,30,CLEAR,DAYLIGHT,PEDALCYCLIST,ALLEY,STRAIGHT AND LEVEL,DRY,INJURY AND / OR TOW DUE TO CRASH,BRYN MAWR AVE,41.9829539909,-87.7095945424,POINT (-87.709594542388 41.982953990852)
O1645769,BICYCLE,a798e75ba8f80225aada7724dd196bfa104b238d49fbc76da7481c1cf00f7477909acac9bf792571aae25d077f522623cd131180fcf4db8244ea9daac4fbda87,08/24/2023 03:20:00 PM,M,,HELMET NOT USED,UNKNOWN/NA,UNKNOWN/NA,TEST NOT OFFERED,,30,CLEAR,DAYLIGHT,PEDALCYCLIST,OTHER,STRAIGHT AND LEVEL,UNKNOWN,NO INJURY / DRIVE AWAY,WESTERN AVE,41.9428016111,-87.6883461087,POINT (-87.688346108693 41.942801611074)
O1645818,BICYCLE,db9800ed3993a1d63a5a03892880bb12d7ec2110f58a7321469f709dd62c37be124743dc90a5f61849da633b0ed11e857db29a904118154f634fa397216350fd,08/24/2023 02:42:00 PM,M,,HELMET NOT USED,WITH TRAFFIC,UNKNOWN/NA,TEST NOT OFFERED,,35,CLEAR,DAYLIGHT,TURNING,DIVIDED - W/MEDIAN (NOT RAISED),STRAIGHT AND LEVEL,DRY,NO INJURY / DRIVE AWAY,79TH ST,41.7504475399,-87.6647144577,POINT (-87.664714457726 41.750447539894)
O1658290,BICYCLE,4947e6176409f34f913761937fd22d0a1be5c145f4a574051ab01634f48c666c7f0b0e6dbb5780aeb086628765dff96609a82c7d3acd5e907ef09b23e364ec65,08/24/2023 10:00:00 AM,M,47.0,BICYCLE HELMET (PEDACYCLIST INVOLVED ONLY),WITH TRAFFIC,IN ROADWAY,,,30,CLEAR,DAYLIGHT,PEDALCYCLIST,NOT DIVIDED,STRAIGHT AND LEVEL,DRY,NO INJURY / DRIVE AWAY,ORLEANS ST,41.898979021,-87.637410212,POINT (-87.637410212028 41.898979021041)
O1645510,BICYCLE,827ebf579b313ca0c860fef23842394e683208e97dc6f5a9adc91e2d7eadb4447821eac3c37f2a2436ca16c93f27eecf499567f904712d99282565dcd14a2881,08/24/2023 08:45:00 AM,M,26.0,HELMET NOT USED,WITH TRAFFIC,IN ROADWAY,TEST NOT OFFERED,,30,CLEAR,DAYLIGHT,PEDALCYCLIST,NOT DIVIDED,STRAIGHT AND LEVEL,UNKNOWN,NO INJURY / DRIVE AWAY,GRANVILLE AVE,41.9945965661,-87.6661625208,POINT (-87.666162520789 41.994596566056)
O1645532,BICYCLE,7bc64aaf2b0adf31244c65c228959fa48e0dbe214b02778975b0f894d857456607765df132bad05f890dc5250961ced1fada7d1655b947809f8224fb693dedd5,08/24/2023 07:53:00 AM,M,35.0,BICYCLE HELMET (PEDACYCLIST INVOLVED ONLY),WITH TRAFFIC,BIKEWAY,TEST NOT OFFERED,,30,CLEAR,DAYLIGHT,PEDALCYCLIST,DIVIDED - W/MEDIAN (NOT RAISED),STRAIGHT AND LEVEL,DRY,NO INJURY / DRIVE AWAY,ELSTON AVE,41.9430779772,-87.7038976111,POINT (-87.703897611139 41.943077977198)
O1645363,BICYCLE,da0e3f836e12302229d4be674b475dcba00f3515576d2bcbd2c944a3608d68e0f93294a78f41127116a721b88854d8663a050a462499736b5cfa28bf0b4192d8,08/23/2023 08:35:00 PM,M,26.0,BICYCLE HELMET (PEDACYCLIST INVOLVED ONLY),WITH TRAFFIC,BIKEWAY,TEST NOT OFFERED,,30,OTHER,"DARKNESS, LIGHTED ROAD",PEDALCYCLIST,DIVIDED - W/MEDIAN BARRIER,STRAIGHT AND LEVEL,DRY,INJURY AND / OR TOW DUE TO CRASH,NORTH AVE,41.9100626205,-87.7023481232,POINT (-87.702348123177 41.910062620475)
O1650581,BICYCLE,967822b2073606d316bf41a5d0b7063d887152a7fca1732a8792e5db169a5585ab353c2f0babf62cd72b3a5dcc0bc78edd5a380fe2a69c89bfd6341a9da48569,08/23/2023 04:25:00 PM,M,,HELMET NOT USED,WITH TRAFFIC,BIKE LANE,TEST NOT OFFERED,,30,CLEAR,DAYLIGHT,PEDALCYCLIST,NOT DIVIDED,STRAIGHT AND LEVEL,DRY,INJURY AND / OR TOW DUE TO CRASH,DIVISION ST,41.903459596,-87.6530358336,POINT (-87.653035833619 41.903459595962)