PERSON_ID,PERSON_TYPE,CRASH_RECORD_ID,CRASH_DATE_x,SEX,AGE,SAFETY_EQUIPMENT,PEDPEDAL_ACTION,PEDPEDAL_LOCATION,BAC_RESULT,CRASH_DATE_EST_I,POSTED_SPEED_LIMIT,WEATHER_CONDITION,LIGHTING_CONDITION,FIRST_CRASH_TYPE,TRAFFICWAY_TYPE,ALIGNMENT,ROADWAY_SURFACE_COND,CRASH_TYPE,STREET_NAME,LATITUDE,LONGITUDE,LOCATION
O1645219,BICYCLE,b09eda4bd368d5fdfc90ad63283fa2d21f7854ef011d711ea8dd994176756c077c6b7ce265596fa2b878e3a523b88f046c0efb237d080ac21172b54a9339def8,08/23/2023 01:30:00 PM,F,61.0,HELMET NOT USED,UNKNOWN/NA,UNKNOWN/NA,TEST NOT OFFERED,,30,CLEAR,DAYLIGHT,PEDALCYCLIST,DIVIDED - W/MEDIAN (NOT RAISED),STRAIGHT AND LEVEL,DRY,INJURY AND / OR TOW DUE TO CRASH,26TH ST,41.8446400036,-87.70387455,POINT (-87.703874549971 41.844640003582)
O1645006,BICYCLE,ce3e0d40a9ae9dbdc0aa0458330ea6124f0c9ea18f65cce566a3fdd1c88144d0c8ac5c58cbf075d0ce51964442f43b878ec1d371ae5a20127361d7c81f794371,08/23/2023 12:18:00 PM,M,36.0,HELMET NOT USED,WITH TRAFFIC,BIKEWAY,TEST NOT OFFERED,,30,CLEAR,DAYLIGHT,PEDALCYCLIST,NOT DIVIDED,STRAIGHT AND LEVEL,DRY,INJURY AND / OR TOW DUE TO CRASH,CHICAGO AVE,41.8959048519,-87.6838218009,POINT (-87.683821800948 41.895904851861)
O1645133,BICYCLE,8f11d0fbc4b43f875dfcf9bdce7a79a7863f03cd566af65a4ee0e890f9ec65b101873732581dbe75819b6e85ed5640d1b632a5d8d162a0328059851b41d7b65a,08/23/2023 11:50:00 AM,M,0.0,HELMET NOT USED,WITH TRAFFIC,SHOULDER,TEST NOT OFFERED,,25,CLEAR,DAYLIGHT,PEDALCYCLIST,NOT DIVIDED,STRAIGHT AND LEVEL,DRY,NO INJURY / DRIVE AWAY,WOOD ST,41.8684428449,-87.6715424848,POINT (-87.671542484822 41.868442844912)
O1644935,BICYCLE,7013d2187b89807de2d3193b40413df0afa77f7b7939324fb87346d337783dd29dd58dc0256680a8c4df61e5afa08c4ccc3e78263e420147da07d850e239c3d3,08/23/2023 11:35:00 AM,M,35.0,HELMET NOT USED,OTHER ACTION,IN ROADWAY,TEST NOT OFFERED,,30,CLEAR,DAYLIGHT,PEDALCYCLIST,DIVIDED - W/MEDIAN (NOT RAISED),STRAIGHT AND LEVEL,DRY,NO INJURY / DRIVE AWAY,PULASKI RD,41.8991094792,-87.7263425919,POINT (-87.726342591907 41.899109479205)
O1644841,BICYCLE,94755224b30fad41a5734e21708ccda0d0a627ea88050f85944b950f408f6b6bea4f9f0ebc15b2b87c62923464b1fec709fc4f0579571dc7bd8f5ef80bca204a,08/23/2023 08:30:00 AM,M,,HELMET NOT USED,WITH TRAFFIC,IN ROADWAY,TEST NOT OFFERED,,30,CLEAR,DAYLIGHT,PEDALCYCLIST,NOT DIVIDED,STRAIGHT AND LEVEL,DRY,NO INJURY / DRIVE AWAY,NORMANDY AVE,41.9270122612,-87.793047736,POINT (-87.793047736017 41.927012261155)
O1644814,BICYCLE,f5dcfb2b99cca702a80cc26435ececc55a0ecefc013bbd46e9200028090e64c6f3b887e8bc7bcae0c19fef4b18e37991172a6eb1088eb51fa1acfc0ed86c0af9,08/23/2023 08:10:00 AM,,,BICYCLE HELMET (PEDACYCLIST INVOLVED ONLY),CROSSING - WITH SIGNAL,IN ROADWAY,TEST NOT OFFERED,,30,CLEAR,DAYLIGHT,PEDALCYCLIST,FOUR WAY,STRAIGHT AND LEVEL,DRY,INJURY AND / OR TOW DUE TO CRASH,ARMITAGE AVE,41.9175988369,-87.6972537453,POINT (-87.69725374533 41.917598836852)
O1645858,BICYCLE,c6398e70bba86d6bc7061955048ca2937b9a80fe6d253516378da7d173646efa711098eb70e99bc3dc8baf3066df3ef4baf14f9a1c33bd477009bc98c93fafe3,08/23/2023 08:09:00 AM,F,27.0,BICYCLE HELMET (PEDACYCLIST INVOLVED ONLY),TURNING LEFT,IN ROADWAY,TEST NOT OFFERED,,30,UNKNOWN,UNKNOWN,PEDALCYCLIST,NOT DIVIDED,STRAIGHT AND LEVEL,UNKNOWN,INJURY AND / OR TOW DUE TO CRASH,JEFFERSON ST,41.8575814264,-87.6417154034,POINT (-87.641715403369 41.857581426448)
O1644808,BICYCLE,9bb3c46a382ae8a7e68c356085abe584ff048996ac306f8fb977ff7350eb88dbbe45fce7bd304ee06e516a7ea79a362386ae63bd13ef72216270f532ba7cdcf9,08/23/2023 07:10:00 AM,M,16.0,HELMET NOT USED,CROSSING - WITH SIGNAL,IN ROADWAY,TEST NOT OFFERED,,30,CLEAR,DAYLIGHT,PEDALCYCLIST,FOUR WAY,STRAIGHT AND LEVEL,DRY,INJURY AND / OR TOW DUE TO CRASH,LUNT AVE,42.0080022574,-87.8137414958,POINT (-87.813741495841 42.008002257383)
O1644668,BICYCLE,7903803eea5434aec7ebc8939c19fdccd28b16cd92cf30be10b07463e9c76ff4a048083e472889761df7111a778d7bf1c0ccb7fe664784f58db282181e32977d,08/22/2023 07:45:00 PM,M,,HELMET NOT USED,WITH TRAFFIC,IN ROADWAY,TEST NOT OFFERED,,30,CLEAR,DUSK,PEDALCYCLIST,NOT DIVIDED,STRAIGHT AND LEVEL,UNKNOWN,NO INJURY / DRIVE AWAY,SIMONDS DR,41.9744982801,-87.6471614452,POINT (-87.647161445199 41.974498280122)
O1644702,BICYCLE,6327b60f49ab87dd71f1e68e76cab308a6552f2cf09f887431171c9bae6a2a9c6ec9a2b0b6e6e22372a1060f6b57aefa34cd039a1d1c6224f3957e9f245bb1c0,08/22/2023 07:00:00 PM,M,16.0,HELMET NOT USED,OTHER ACTION,IN ROADWAY,TEST NOT OFFERED,Y,25,CLEAR,DAYLIGHT,PEDALCYCLIST,ONE-WAY,STRAIGHT AND LEVEL,DRY,INJURY AND / OR TOW DUE TO CRASH,MAPLEWOOD AVE,41.9923277964,-87.693522946,POINT (-87.693522946008 41.99232779637)
O1644730,BICYCLE,3c70830c03887215b92744f7aa2289000fd984426b895e3f3f8f5790a2f2809948152f8211efff523fb0e848109b84f6bcff2313f177e40c6bc0a3d120c3a729,08/22/2023 06:25:00 PM,M,30.0,HELMET NOT USED,WITH TRAFFIC,BIKE LANE,,,30,CLEAR,DAYLIGHT,PEDALCYCLIST,ALLEY,STRAIGHT AND LEVEL,DRY,INJURY AND / OR TOW DUE TO CRASH,MONTROSE AVE,41.961715002,-87.6684076106,POINT (-87.668407610575 41.96171500201)
O1644666,BICYCLE,e81368265a9029eda2cebf1c2d0ccf405a97488ac97161a4762a42d9300d25b11c1e1f70b87ef7b0678351921ca66c06cc11d45b43c3986101cf0f6667bdb76f,08/22/2023 06:21:00 PM,M,47.0,HELMET NOT USED,CROSSING - AGAINST SIGNAL,IN ROADWAY,TEST NOT OFFERED,,30,CLEAR,DAYLIGHT,PEDALCYCLIST,DIVIDED - W/MEDIAN (NOT RAISED),STRAIGHT AND LEVEL,DRY,INJURY AND / OR TOW DUE TO CRASH,LOWE AVE,41.7724519846,-87.6404409117,POINT (-87.640440911655 41.772451984598)
O1644664,BICYCLE,cc084a247536ffcecbbce617d8e890fc92ec0c7f49861be39e2a2cbe01a2c6c04f3cbd2b64a2a99da68adebabe71f7c0ed0b14160ba1d5209f3739f5eb27152f,08/22/2023 05:30:00 PM,M,,HELMET NOT USED,ENTER FROM DRIVE/ALLEY,IN ROADWAY,TEST REFUSED,,30,CLEAR,DAYLIGHT,PEDALCYCLIST,NOT DIVIDED,STRAIGHT AND LEVEL,DRY,INJURY AND / OR TOW DUE TO CRASH,KILBOURN AVE,41.9692606553,-87.7410837653,POINT (-87.741083765263 41.969260655325)
O1646209,BICYCLE,8cf3e166cba40f74f1b1be76e5b5a23e7d5316e373599296485ac2343fa935e4a4b3c9bf11853777fa6dc5385da38d75cde92d2c1ee23417753305218914e729,08/22/2023 03:00:00 PM,M,18.0,HELMET NOT USED,CROSSING - NO CONTROLS (AT INTERSECTION),IN CROSSWALK,TEST NOT OFFERED,,30,CLEAR,DAYLIGHT,PEDALCYCLIST,NOT DIVIDED,STRAIGHT AND LEVEL,DRY,INJURY AND / OR TOW DUE TO CRASH,ARCHER AVE,41.8052204983,-87.7184639812,POINT (-87.718463981175 41.805220498276)
O1644108,NON-MOTOR VEHICLE,ca87617224f6b18d02ecdeb01ee1d54b9e7892eaced99727cf517d5101eb370d7aba7eb19901167cbb6feceec0fe2043df00448c0eb27c0f8f7dda8a19f6b10b,08/22/2023 08:05:00 AM,M,19.0,NONE PRESENT,ENTER FROM DRIVE/ALLEY,IN ROADWAY,TEST NOT OFFERED,,30,CLEAR,DAYLIGHT,OTHER OBJECT,NOT DIVIDED,STRAIGHT AND LEVEL,DRY,NO INJURY / DRIVE AWAY,LOCKWOOD AVE,41.945863368,-87.759519003,POINT (-87.759519002984 41.945863367999)
O1644111,BICYCLE,47c64876dc9a58c17d839d0752e15d5f2158aa45e9c322317e8c26e794e4096674fae27f3ceca46084143a630febe76b20b75b42a0d5b8c35e82ace84af9ab52,08/22/2023 07:59:00 AM,F,25.0,HELMET NOT USED,NO ACTION,IN CROSSWALK,TEST NOT OFFERED,,30,CLEAR,DAYLIGHT,PEDALCYCLIST,NOT DIVIDED,STRAIGHT AND LEVEL,DRY,INJURY AND / OR TOW DUE TO CRASH,DIVISION ST,41.9031929162,-87.6834133835,POINT (-87.683413383455 41.903192916198)
O1644156,BICYCLE,788ae786ae5bbed6666002fb1e258048e5c471ebd2d533bfc41071d9bad051f097a9a4d3e6824e796f2fb98e47675795d93b20a4341973c127ed560b3af69cca,08/22/2023 07:51:00 AM,F,16.0,HELMET NOT USED,CROSSING - NO CONTROLS (NOT AT INTERSECTION),IN ROADWAY,TEST NOT OFFERED,,30,CLEAR,DAYLIGHT,PEDALCYCLIST,NOT DIVIDED,STRAIGHT AND LEVEL,DRY,INJURY AND / OR TOW DUE TO CRASH,JACKSON BLVD,41.8776614899,-87.6862219406,POINT (-87.686221940579 41.877661489869)
O1643921,BICYCLE,c3d87f8dee8570c155f92126e9aad08bc3ef73bcfe990f61a74af95c1e4a49d4d5c7b35babdaee75384617333f889c396ed6d91526de078848017b2dbd1682b7,08/21/2023 09:38:00 PM,M,65.0,HELMET NOT USED,CROSSING - WITH SIGNAL,IN CROSSWALK,TEST NOT OFFERED,,35,CLEAR,"DARKNESS, LIGHTED ROAD",PEDALCYCLIST,Y-INTERSECTION,STRAIGHT AND LEVEL,DRY,INJURY AND / OR TOW DUE TO CRASH,CERMAK RD,41.8529915031,-87.6355438546,POINT (-87.635543854644 41.852991503101)
O1643875,BICYCLE,d5cb0f18470d5359aa4ca8ef1a86fd61dfe2fcaa697505004aee50bc984ba0c62a262e440c7d9affb3d467ef0235aeea73ad5cad92dc61d958da1ee985a44e3c,08/21/2023 05:00:00 PM,M,25.0,BICYCLE HELMET (PEDACYCLIST INVOLVED ONLY),CROSSING - WITH SIGNAL,IN CROSSWALK,TEST NOT OFFERED,N,20,CLEAR,DAYLIGHT,PEDALCYCLIST,FOUR WAY,STRAIGHT AND LEVEL,DRY,INJURY AND / OR TOW DUE TO CRASH,ROOSEVELT RD,41.8673626926,-87.6392931946,POINT (-87.639293194642 41.867362692617)
O1645970,BICYCLE,50069fc330994b6118d1ae59124745c837b70a6c0c4ddd00273907aaf9fc8fee8234044b1cf7f6059c12159aa96f80ec03ab3da25b9f27283e09bd4ce177919a,08/21/2023 03:45:00 PM,F,17.0,BICYCLE HELMET (PEDACYCLIST INVOLVED ONLY),NO ACTION,BIKE LANE,TEST NOT OFFERED,,30,CLEAR,DAYLIGHT,PEDALCYCLIST,NOT DIVIDED,STRAIGHT AND LEVEL,DRY,INJURY AND / OR TOW DUE TO CRASH,CLYBOURN AVE,41.9154829177,-87.6556754366,POINT (-87.655675436593 41.915482917665)
O1643600,BICYCLE,54be04f9f10fb44cb9045e4009c356d67bf76398d815c54dfebd8f8d82281d9bd94f698372c7d191a0f02d5432bc4a1a60fa93e1feeeee99b40e5f6d9b6ef118,08/21/2023 03:35:00 PM,M,,HELMET NOT USED,PLAYING IN ROADWAY,IN ROADWAY,TEST NOT OFFERED,,25,CLEAR,DAYLIGHT,PEDALCYCLIST,NOT DIVIDED,STRAIGHT AND LEVEL,UNKNOWN,NO INJURY / DRIVE AWAY,75TH ST,41.75869138,-87.60533417,POINT (-87.605334170015 41.75869137995)
O1643626,BICYCLE,8c4f71c0ca35197817588d4d2f25c25c5ba78d15698812a0957c93647504511abd9b63ebf7b2f9040ba680704dcfab177628a3bd11277cf49cbdd2dc78b91988,08/21/2023 03:30:00 PM,M,15.0,HELMET NOT USED,WITH TRAFFIC,BIKEWAY,TEST NOT OFFERED,,30,CLEAR,DAYLIGHT,PEDALCYCLIST,NOT DIVIDED,STRAIGHT AND LEVEL,DRY,INJURY AND / OR TOW DUE TO CRASH,PULASKI RD,41.8059452387,-87.7236730791,POINT (-87.723673079103 41.80594523873)
O1643773,BICYCLE,faf646c1b595ccff5f7c4e0de43e6dbbc8939fc8befab70dcd17965792b20dd38150d2b6e017f0ed7275f169f7b1ca0f00315bb1ff4f90806afff83dc8be0d59,08/21/2023 03:30:00 PM,M,27.0,HELMET NOT USED,NO ACTION,BIKEWAY,TEST NOT OFFERED,,30,CLEAR,DAYLIGHT,PEDALCYCLIST,DIVIDED - W/MEDIAN BARRIER,STRAIGHT AND LEVEL,DRY,INJURY AND / OR TOW DUE TO CRASH,DEVON AVE,41.9971397505,-87.7386530351,POINT (-87.738653035088 41.997139750545)
O1643480,BICYCLE,9f4e8cfac01662cd62c42858f18341751af23a07755c4ee939d3c81b0e1bacdc3f76c0e32703caedb585f90165ee4ab11824389b0bacbd96fd8d29267a29e4f8,08/21/2023 01:23:00 PM,M,49.0,HELMET NOT USED,NO ACTION,IN ROADWAY,TEST NOT OFFERED,,30,CLEAR,DAYLIGHT,PEDALCYCLIST,NOT DIVIDED,STRAIGHT AND LEVEL,DRY,INJURY AND / OR TOW DUE TO CRASH,MILWAUKEE AVE,41.9294297011,-87.7082154437,POINT (-87.708215443745 41.929429701084)
O1643417,BICYCLE,48c63ba721d23d7c3baff8ad3cb3e82d431c5440419d22d86afb6f484063f9810b656b3a35e8ea9d27b2c882ce68ffc974ef6171750a2f88dc365ab315bf4e7c,08/21/2023 11:55:00 AM,F,41.0,BICYCLE HELMET (PEDACYCLIST INVOLVED ONLY),NO ACTION,BIKE LANE,TEST NOT OFFERED,,35,CLEAR,DAYLIGHT,PEDALCYCLIST,NOT DIVIDED,STRAIGHT AND LEVEL,DRY,NO INJURY / DRIVE AWAY,LINCOLN AVE,41.9255963959,-87.6487503119,POINT (-87.648750311861 41.925596395868)
O1644097,BICYCLE,f15bc5647dcfbef492d7b5dcc72ce053cc161eb51d0b87077aa899f0fdc5f31b586f699d46e6cff0755c896a1cce8dc7b03357135c0afc5be15d2e76be83d96b,08/21/2023 11:50:00 AM,M,24.0,BICYCLE HELMET (PEDACYCLIST INVOLVED ONLY),WITH TRAFFIC,IN ROADWAY,TEST NOT OFFERED,,30,CLEAR,DAYLIGHT,PEDALCYCLIST,NOT DIVIDED,STRAIGHT AND LEVEL,DRY,NO INJURY / DRIVE AWAY,HALSTED ST,41.9253595925,-87.6489047986,POINT (-87.648904798581 41.925359592529)
O1643279,BICYCLE,a37dc71e2ad88876e92566df2a1ce425e27f73770aa3f0c0a5486a545b76c3785399ffcbb7bc85f06e5f810b733c2b73529b52a8dffbe262ec4dec384a6154dc,08/21/2023 09:10:00 AM,F,35.0,BICYCLE HELMET (PEDACYCLIST INVOLVED ONLY),TURNING RIGHT,IN ROADWAY,TEST NOT OFFERED,,30,CLEAR,DAYLIGHT,PEDALCYCLIST,NOT DIVIDED,STRAIGHT AND LEVEL,DRY,NO INJURY / DRIVE AWAY,KOSTNER AVE,41.9607339161,-87.7385689536,POINT (-87.738568953591 41.960733916126)
O1646214,BICYCLE,a37dc71e2ad88876e92566df2a1ce425e27f73770aa3f0c0a5486a545b76c3785399ffcbb7bc85f06e5f810b733c2b73529b52a8dffbe262ec4dec384a6154dc,08/21/2023 09:10:00 AM,F,35.0,BICYCLE HELMET (PEDACYCLIST INVOLVED ONLY),TURNING RIGHT,IN ROADWAY,TEST NOT OFFERED,,30,CLEAR,DAYLIGHT,PEDALCYCLIST,NOT DIVIDED,STRAIGHT AND LEVEL,DRY,NO INJURY / DRIVE AWAY,KOSTNER AVE,41.9607339161,-87.7385689536,POINT (-87.738568953591 41.960733916126)
O1643378,BICYCLE,0fb7c07f64e1b93ac01307e25c3b373aa443d8e5042041f62357ffe5ef9bf2ef650a27af7bd8c9866e944894f65525f862312454e511126c5bdc565049303e78,08/21/2023 08:50:00 AM,F,33.0,BICYCLE HELMET (PEDACYCLIST INVOLVED ONLY),WITH TRAFFIC,BIKE LANE,TEST NOT OFFERED,,30,CLEAR,DAYLIGHT,PEDALCYCLIST,FOUR WAY,STRAIGHT AND LEVEL,DRY,INJURY AND / OR TOW DUE TO CRASH,ADDISON ST,41.9467362694,-87.7084259792,POINT (-87.708425979206 41.946736269406)
O1643322,BICYCLE,7f1e985578398313a566c2cc5243cc905efe303a384b415fed2dbf1efcb528a0cd50e703de3ac000aefaa95f39e6a7df63e8cc2ef0131c35590df5bbdb35fda3,08/21/2023 08:37:00 AM,M,35.0,HELMET NOT USED,CROSSING - NO CONTROLS (NOT AT INTERSECTION),BIKEWAY,TEST NOT OFFERED,,30,CLEAR,DAYLIGHT,PEDALCYCLIST,NOT DIVIDED,STRAIGHT AND LEVEL,DRY,INJURY AND / OR TOW DUE TO CRASH,MILWAUKEE AVE,41.9115174667,-87.6794492397,POINT (-87.679449239725 41.911517466699)
O1643254,BICYCLE,5267e7f7cb39a5b022caa498db57bdef315368c7b9376b2596f35f8473060a56b30060c0d726adec103d5c0e158c82fa2155022bc919002f6ce5c9a410df8a16,08/21/2023 08:33:00 AM,F,,HELMET NOT USED,CROSSING - AGAINST SIGNAL,IN CROSSWALK,TEST NOT OFFERED,,30,CLEAR,DAYLIGHT,PEDALCYCLIST,NOT DIVIDED,STRAIGHT AND LEVEL,DRY,INJURY AND / OR TOW DUE TO CRASH,18TH ST,41.857984162,-87.6613921243,POINT (-87.661392124324 41.857984162028)
O1648599,BICYCLE,662d4a4a4154b6c90af92e5cb81c03a0dcb8ba15feb2e769729b825393ac973d90e6853608fe0016e3aac303f2845bcb80c34fa285c9f7a98cb3e9aaf8de8790,08/21/2023 05:11:00 AM,M,31.0,BICYCLE HELMET (PEDACYCLIST INVOLVED ONLY),WITH TRAFFIC,BIKE LANE,TEST NOT OFFERED,,30,UNKNOWN,UNKNOWN,PEDALCYCLIST,NOT DIVIDED,STRAIGHT AND LEVEL,UNKNOWN,INJURY AND / OR TOW DUE TO CRASH,WELLS ST,41.9095340486,-87.6345119401,POINT (-87.634511940134 41.909534048602)
O1643020,BICYCLE,dda69afba14733bad87a03f07b52a53ee472372bda857bfd714ac2913f30ef4e58d665c6f140efcc2ca3e0034e68239271a0ef90dfde48588a60491af735fd54,08/20/2023 05:10:00 PM,M,26.0,HELMET NOT USED,OTHER ACTION,IN ROADWAY,TEST NOT OFFERED,,30,CLEAR,DAYLIGHT,PEDALCYCLIST,OTHER,STRAIGHT AND LEVEL,DRY,NO INJURY / DRIVE AWAY,ARCHER AVE,41.8136949509,-87.7046580154,POINT (-87.704658015436 41.813694950921)
O1642926,BICYCLE,9b30154cd19fc2bc4879fc0d0129161b3595569b4a251b42e9d5cb00fde5dadb52f94d68865449b9cf7ae04ecfd9a83f310aa2d8b6e41af197432239cd69d1a6,08/20/2023 04:05:00 PM,X,,BICYCLE HELMET (PEDACYCLIST INVOLVED ONLY),WITH TRAFFIC,IN ROADWAY,TEST NOT OFFERED,,30,CLEAR,DAYLIGHT,PEDALCYCLIST,ONE-WAY,STRAIGHT AND LEVEL,DRY,NO INJURY / DRIVE AWAY,VICTORIA ST,41.9872634662,-87.6686008967,POINT (-87.668600896707 41.987263466234)
O1642914,BICYCLE,cd53c036a54961896728dff81f0be8c547c657b8d57d2a5a5cac533fecf9b10f18787cdc095c9162599d62fc43e62624597d6d42803f09c879bbb2a30df32c75,08/20/2023 03:30:00 PM,M,15.0,HELMET NOT USED,CROSSING - WITH SIGNAL,IN CROSSWALK,TEST NOT OFFERED,,20,CLEAR,DAYLIGHT,PEDALCYCLIST,FOUR WAY,STRAIGHT AND LEVEL,DRY,NO INJURY / DRIVE AWAY,LONG AVE,41.9459837487,-87.7619844612,POINT (-87.761984461179 41.945983748699)
O1642800,BICYCLE,0065174693d2c762177147775a4f09daabc06f8933f55eaba74f80f65c58748b6bb0cf596b80aab7a68f0c35ecebbe988c6ba3cf8ec5cb0c1dce0a3a3b79368f,08/20/2023 12:30:00 PM,M,25.0,HELMET NOT USED,NO ACTION,BIKE LANE,TEST NOT OFFERED,,30,CLEAR,DAYLIGHT,PEDALCYCLIST,NOT DIVIDED,STRAIGHT AND LEVEL,DRY,INJURY AND / OR TOW DUE TO CRASH,DIVISION ST,41.9032428655,-87.6670620478,POINT (-87.667062047823 41.903242865455)
O1642801,BICYCLE,0065174693d2c762177147775a4f09daabc06f8933f55eaba74f80f65c58748b6bb0cf596b80aab7a68f0c35ecebbe988c6ba3cf8ec5cb0c1dce0a3a3b79368f,08/20/2023 12:30:00 PM,M,30.0,HELMET NOT USED,NO ACTION,BIKE LANE,TEST NOT OFFERED,,30,CLEAR,DAYLIGHT,PEDALCYCLIST,NOT DIVIDED,STRAIGHT AND LEVEL,DRY,INJURY AND / OR TOW DUE TO CRASH,DIVISION ST,41.9032428655,-87.6670620478,POINT (-87.667062047823 41.903242865455)
O1643115,BICYCLE,d3e47009f431e7264d9d54d5031157c6cf1c0a5ce593e66c2fc73fa162f8973a3fca7bbabbefa1d44a6f120814767c33fb79a87f7d4fc75ab2b2b34268d7af2b,08/20/2023 10:20:00 AM,M,34.0,HELMET NOT USED,WITH TRAFFIC,IN ROADWAY,TEST NOT OFFERED,,30,CLEAR,DARKNESS,PEDALCYCLIST,NOT DIVIDED,STRAIGHT AND LEVEL,DRY,INJURY AND / OR TOW DUE TO CRASH,OGDEN AVE,41.8826696008,-87.6650172676,POINT (-87.665017267562 41.882669600813)
O1642370,BICYCLE,517bc818f5848bfc66c30ad566536487bfb25575c908b9c3ccd856d6bf0eae7efda8d8e8cedf035d9f44a19c32a74cddec87896c016221f8c7707d67ab701f12,08/19/2023 06:50:00 PM,M,18.0,HELMET NOT USED,CROSSING - WITH SIGNAL,IN CROSSWALK,TEST NOT OFFERED,,30,CLEAR,DAYLIGHT,PEDALCYCLIST,FOUR WAY,STRAIGHT AND LEVEL,DRY,INJURY AND / OR TOW DUE TO CRASH,73RD PL,41.7614864628,-87.5769644893,POINT (-87.576964489314 41.761486462778)
O1643715,BICYCLE,2cadf655c4ee65eba9bcd9012caca2bd184c7986e7fb90732b1bb58425ec865fd6f0559f5da2cca1f4a6742322a4827a3974b4d33a441124afb4bf17e828c575,08/19/2023 06:45:00 PM,F,30.0,BICYCLE HELMET (PEDACYCLIST INVOLVED ONLY),NO ACTION,IN ROADWAY,TEST NOT OFFERED,,30,CLEAR,DAYLIGHT,PEDALCYCLIST,NOT DIVIDED,STRAIGHT AND LEVEL,DRY,INJURY AND / OR TOW DUE TO CRASH,CHICAGO AVE,41.8964870689,-87.6341255479,POINT (-87.634125547894 41.896487068872)
O1642357,BICYCLE,866b8326c86771e31eef8abd67b9a9d79bc2d2670ebf72d865f17a726304a9ea71ce6e517e900e0a1a45cc1f1bcc951648b7809d5b626d0995ce5e0bef73be16,08/19/2023 06:15:00 PM,M,51.0,HELMET NOT USED,TURNING RIGHT,BIKEWAY,TEST NOT OFFERED,,30,CLEAR,DAWN,PEDALCYCLIST,NOT DIVIDED,STRAIGHT AND LEVEL,DRY,NO INJURY / DRIVE AWAY,GRAND AVE,41.8916438549,-87.6378285283,POINT (-87.637828528328 41.891643854867)
O1642314,BICYCLE,fdac7e95eb2d3eb40095a1ea3ab5014c51d62c2d9065c74d240fa679ce486840a6de64b3b2f11506851879d60957a21104d32b44384278769a217877d635ce61,08/19/2023 05:43:00 PM,M,32.0,BICYCLE HELMET (PEDACYCLIST INVOLVED ONLY),NO ACTION,IN ROADWAY,TEST NOT OFFERED,,30,CLEAR,DAYLIGHT,PEDALCYCLIST,FOUR WAY,STRAIGHT AND LEVEL,DRY,INJURY AND / OR TOW DUE TO CRASH,HALSTED ST,41.9235366981,-87.6488405791,POINT (-87.648840579147 41.923536698056)
O1642309,BICYCLE,3b255e3747d0552f65f8e86749ed3f89a6eac31aa2c12562044ab01ead4b874eeb646ccd15e38c5f83b163100947fde24ee93e034fc02b85630573af3745e2ab,08/19/2023 05:28:00 PM,M,40.0,BICYCLE HELMET (PEDACYCLIST INVOLVED ONLY),WITH TRAFFIC,IN ROADWAY,TEST NOT OFFERED,,30,CLEAR,DAYLIGHT,PEDALCYCLIST,DIVIDED - W/MEDIAN (NOT RAISED),STRAIGHT AND LEVEL,DRY,INJURY AND / OR TOW DUE TO CRASH,MILWAUKEE AVE,41.8995987982,-87.660374663,POINT (-87.660374662977 41.899598798237)
O1642341,BICYCLE,e88b1703aafd590a65cfca3392ff82bbe211eb3f91e614ced5a0dc829709538092580321f65bbb317e58d7d23cd173185abcfcf55f7e8d87ee8a183c494aa8d8,08/19/2023 04:30:00 PM,M,23.0,HELMET NOT USED,WITH TRAFFIC,IN ROADWAY,TEST NOT OFFERED,,30,CLEAR,DAYLIGHT,PEDALCYCLIST,ONE-WAY,STRAIGHT AND LEVEL,DRY,INJURY AND / OR TOW DUE TO CRASH,KEYSTONE AVE,41.898911312,-87.7272729921,POINT (-87.72727299213 41.898911312004)
O1642348,BICYCLE,03f09ee392b0711477bee9a2acc4d1dadb6e3bba6a2741d828463a7b4c983d8a1a882d8ccf27ea6f7230ec1b23e38df958ce468cd517f1675f1d7d84e8f58b21,08/19/2023 02:30:00 PM,M,23.0,HELMET NOT USED,OTHER ACTION,IN ROADWAY,TEST NOT OFFERED,,30,CLEAR,DAYLIGHT,PEDALCYCLIST,UNKNOWN INTERSECTION TYPE,STRAIGHT AND LEVEL,DRY,INJURY AND / OR TOW DUE TO CRASH,THOMAS ST,41.9009980107,-87.7214357072,POINT (-87.721435707169 41.900998010736)
O1642183,BICYCLE,a5f17b1733a3071cd8299e8cd87aff9d2f35d73e7243b0ae7a5adbdad9bdb15017a9a0ff23b816b8080f332a4688c1544d24278653caf052b3fa15e2c59b3f86,08/19/2023 02:20:00 PM,M,37.0,HELMET NOT USED,WITH TRAFFIC,BIKE LANE,TEST NOT OFFERED,,30,CLEAR,DAYLIGHT,PEDALCYCLIST,NOT DIVIDED,STRAIGHT AND LEVEL,DRY,NO INJURY / DRIVE AWAY,CLYBOURN AVE,41.9290014093,-87.6745462223,POINT (-87.674546222335 41.929001409294)
O1696079,NON-MOTOR VEHICLE,6ebec921aa141982182b63ae3c0655839b9a8be452e27e1fbee5bf1b959575d6ff80b17c2ef1f7de1c2402bfcd2c0abcf162d03a7ba5476b87c0d7df423a4966,08/19/2023 10:00:00 AM,M,28.0,,,,,,15,UNKNOWN,DAYLIGHT,FIXED OBJECT,ALLEY,STRAIGHT AND LEVEL,UNKNOWN,NO INJURY / DRIVE AWAY,KEDVALE AVE,41.9934392844,-87.7323768859,POINT (-87.73237688592 41.993439284426)