PERSON_ID,PERSON_TYPE,CRASH_RECORD_ID,CRASH_DATE_x,SEX,AGE,SAFETY_EQUIPMENT,PEDPEDAL_ACTION,PEDPEDAL_LOCATION,BAC_RESULT,CRASH_DATE_EST_I,POSTED_SPEED_LIMIT,WEATHER_CONDITION,LIGHTING_CONDITION,FIRST_CRASH_TYPE,TRAFFICWAY_TYPE,ALIGNMENT,ROADWAY_SURFACE_COND,CRASH_TYPE,STREET_NAME,LATITUDE,LONGITUDE,LOCATION
O1641968,BICYCLE,0050110a159d8ea9591903ec4dfce735bb923332832f40d979d38da30df45861c4821f1d6978a87359a3e95e0fbbc19891b1b4e77612e8b359f7afb78159a5f7,08/19/2023 09:15:00 AM,M,42.0,BICYCLE HELMET (PEDACYCLIST INVOLVED ONLY),UNKNOWN/NA,BIKEWAY,TEST NOT OFFERED,,30,CLEAR,DAYLIGHT,PEDALCYCLIST,DIVIDED - W/MEDIAN (NOT RAISED),STRAIGHT AND LEVEL,DRY,INJURY AND / OR TOW DUE TO CRASH,ELSTON AVE,41.9504375761,-87.7146228943,POINT (-87.7146228943 41.950437576083)
O1641980,BICYCLE,a4754f656e8f185eb4ad79d0240efa23a069d51d0a71859462a054ae897eb8262d8101d2b3a9e10b8128bf3ba0b16ac7736843f469d9f9de7ef79cd085a831f5,08/18/2023 09:30:00 PM,F,,BICYCLE HELMET (PEDACYCLIST INVOLVED ONLY),NO ACTION,IN ROADWAY,TEST NOT OFFERED,,30,UNKNOWN,UNKNOWN,PEDALCYCLIST,NOT DIVIDED,STRAIGHT AND LEVEL,OTHER,INJURY AND / OR TOW DUE TO CRASH,CHICAGO AVE,41.8964293535,-87.6520435189,POINT (-87.652043518853 41.896429353542)
O1641684,BICYCLE,d5dd694695b008127e6b6b31852a1818e923b97a4f4a9a03e9bddfb03114bb65c41b882604ae04f66a6f7ae205b106d0f80ff583d073c4798fed00e69fbb6161,08/18/2023 06:40:00 PM,M,,HELMET NOT USED,CROSSING - AGAINST SIGNAL,IN CROSSWALK,TEST NOT OFFERED,,30,CLEAR,DUSK,PEDALCYCLIST,NOT DIVIDED,STRAIGHT AND LEVEL,UNKNOWN,NO INJURY / DRIVE AWAY,CICERO AVE,41.9133161193,-87.7461170954,POINT (-87.746117095363 41.913316119271)
O1641677,BICYCLE,61fcb8c1eb522a6469b460e2134df3d15f82e81fd93e9cafd3dc7e631b9e1ba8b450a63af12bd90d1d2d9b127ea287f88d32e138a4eeba17799f536c08048934,08/18/2023 05:58:00 PM,M,14.0,HELMET NOT USED,ENTER FROM DRIVE/ALLEY,IN ROADWAY,TEST NOT OFFERED,,30,CLEAR,DAYLIGHT,PEDALCYCLIST,NOT DIVIDED,STRAIGHT AND LEVEL,DRY,INJURY AND / OR TOW DUE TO CRASH,LONG AVE,41.942975745,-87.761883497,POINT (-87.761883496974 41.942975745006)
O1641680,BICYCLE,cf2ac57529e3ae04e0560eecbf807b84905e9dbd19634f8e2f789c1bcb78b407e854735c1054849b0390c6f9d7d1aaf3c764bb05b6a0167beb48be16d7240407,08/18/2023 05:50:00 PM,M,41.0,BICYCLE HELMET (PEDACYCLIST INVOLVED ONLY),UNKNOWN/NA,BIKEWAY,TEST NOT OFFERED,Y,30,CLEAR,DAYLIGHT,PEDALCYCLIST,NOT DIVIDED,STRAIGHT AND LEVEL,DRY,INJURY AND / OR TOW DUE TO CRASH,FULLERTON AVE,41.9251276854,-87.6620406708,POINT (-87.662040670832 41.925127685393)
O1641567,BICYCLE,29ba611849176bfe81427a1018e5f53ebdab68fd918198fbd15586de81bed3bffad20a9190ed0b0c63cfd7e650b2f29df82b205dd63fef0edd0f246524dfd65b,08/18/2023 03:50:00 PM,M,18.0,HELMET NOT USED,ENTER FROM DRIVE/ALLEY,IN ROADWAY,TEST NOT OFFERED,,20,UNKNOWN,DAYLIGHT,PEDALCYCLIST,ONE-WAY,STRAIGHT AND LEVEL,UNKNOWN,INJURY AND / OR TOW DUE TO CRASH,KILDARE AVE,41.7708012654,-87.7297296232,POINT (-87.729729623236 41.770801265375)
O1641454,BICYCLE,053b90a70d02176a2ed622a537f9f57d684135be3084e77affb008ebd5347f5e5b1a46b6b9218b2c931adebb108bfc384219cbebac68f97c3575c9a853d905d9,08/18/2023 01:00:00 PM,M,,HELMET NOT USED,CROSSING - NO CONTROLS (AT INTERSECTION),IN CROSSWALK,TEST NOT OFFERED,,30,CLEAR,DAYLIGHT,PEDALCYCLIST,FOUR WAY,STRAIGHT AND LEVEL,DRY,NO INJURY / DRIVE AWAY,KEDZIE AVE,41.9592710508,-87.708332999,POINT (-87.708332999002 41.959271050755)
O1641332,NON-MOTOR VEHICLE,74deda1cbd9934dc24670f488c78240253d12002a7a032723d092cb0bb5a1fe7a0e865d5a124599327c3b5803f02250839431a0b73a4d6c48289ce0ae2afe30e,08/18/2023 11:51:00 AM,M,27.0,NONE PRESENT,UNKNOWN/NA,BIKEWAY,TEST NOT OFFERED,,30,CLEAR,DAYLIGHT,OTHER OBJECT,CENTER TURN LANE,STRAIGHT AND LEVEL,DRY,INJURY AND / OR TOW DUE TO CRASH,BROADWAY,41.9755294243,-87.6599923769,POINT (-87.659992376884 41.97552942425)
O1641216,BICYCLE,4ebb09577e256f535385f76d1bae514398c7fe1374cb1bf442d1207be26a22be964c4fe1f3d8e46629d9eeeb4b62c7326857af809b6c96443f229b9282233cbb,08/18/2023 07:55:00 AM,M,37.0,HELMET NOT USED,TURNING LEFT,IN ROADWAY,TEST NOT OFFERED,,30,CLEAR,DAYLIGHT,PEDALCYCLIST,NOT DIVIDED,STRAIGHT ON GRADE,DRY,INJURY AND / OR TOW DUE TO CRASH,CHICAGO AVE,41.8962499037,-87.649490648,POINT (-87.649490647977 41.896249903677)
O1641229,BICYCLE,d797d3924c37f3810520dfd9fffcafc50c622c9abfae8ed43ba65e20deaba829f071e81eb0340a7c4c79d51d890c79ecb00caa3f280acaf7323344c0557df20e,08/18/2023 07:50:00 AM,F,32.0,BICYCLE HELMET (PEDACYCLIST INVOLVED ONLY),OTHER ACTION,BIKE LANE,TEST NOT OFFERED,,30,CLEAR,DAYLIGHT,PEDALCYCLIST,DIVIDED - W/MEDIAN (NOT RAISED),STRAIGHT AND LEVEL,DRY,INJURY AND / OR TOW DUE TO CRASH,MILWAUKEE AVE,41.8901734041,-87.6462460993,POINT (-87.64624609934 41.890173404081)
O1641076,BICYCLE,7c909ecab2d921fd46f4ebbc9b1b7b89437f6142fd0a00e2761e5cd19cb1b95b19db1f2d817d78d1d3ebdd954fa5cac368e96fa1b77ea9ad6822371be91ef0ef,08/17/2023 08:50:00 PM,M,23.0,HELMET NOT USED,CROSSING - AGAINST SIGNAL,IN ROADWAY,TEST NOT OFFERED,,30,CLEAR,"DARKNESS, LIGHTED ROAD",PEDALCYCLIST,FOUR WAY,STRAIGHT AND LEVEL,DRY,INJURY AND / OR TOW DUE TO CRASH,ELSTON AVE,41.9185013224,-87.6682418026,POINT (-87.668241802589 41.918501322443)
O1641079,BICYCLE,29589de4915338bcfd74d0cf6b8c40bc2cc4f25fc4542f8e44195f0141e0f0f1588b8acb041d8398fe06eda95042eb569deb5404d4c86122accbc4d8d8380fde,08/17/2023 08:23:00 PM,F,6.0,HELMET NOT USED,OTHER ACTION,IN ROADWAY,TEST NOT OFFERED,,30,CLEAR,"DARKNESS, LIGHTED ROAD",PEDALCYCLIST,T-INTERSECTION,STRAIGHT AND LEVEL,DRY,INJURY AND / OR TOW DUE TO CRASH,INDIANA AVE,41.7062327761,-87.6184687183,POINT (-87.6184687183 41.706232776122)
O1641270,BICYCLE,dd866e473c72a7584a66736b30d7037ef741883ee3b7c77a403669e5eca75867f05535d3ea3ffcee19d9acdbc175dd101e97c24cebfef35977f6c242ea4d463f,08/17/2023 08:14:00 PM,M,,BICYCLE HELMET (PEDACYCLIST INVOLVED ONLY),WITH TRAFFIC,BIKEWAY,TEST NOT OFFERED,,30,CLEAR,"DARKNESS, LIGHTED ROAD",PEDALCYCLIST,NOT DIVIDED,STRAIGHT AND LEVEL,DRY,INJURY AND / OR TOW DUE TO CRASH,MILWAUKEE AVE,41.8960117168,-87.6552850581,POINT (-87.655285058111 41.89601171683)
O1641036,NON-MOTOR VEHICLE,d27c79d4baaa10939df39691a4fceba28ab8f97e27a32e30e83493bcd49b7e00db7a05a95dfb63609c057170ec8cda25813558e4b6c882b56757d37035ebee63,08/17/2023 06:46:00 PM,M,42.0,HELMET NOT USED,WITH TRAFFIC,BIKE LANE,TEST NOT OFFERED,,30,CLEAR,DAYLIGHT,OTHER OBJECT,NOT DIVIDED,STRAIGHT AND LEVEL,DRY,INJURY AND / OR TOW DUE TO CRASH,MONTROSE AVE,41.9614154943,-87.6896897809,POINT (-87.689689780925 41.961415494294)
O1641050,BICYCLE,b1deeaf20b340d06384f569cd18f7c4451d64ade55ab862959a55962641fd61ca8d276dc528b40915a4064d2a2e26ce88b6ad43bc639af5247740bc6dda33e1f,08/17/2023 06:43:00 PM,M,31.0,HELMET NOT USED,WITH TRAFFIC,IN ROADWAY,TEST NOT OFFERED,,25,CLEAR,DAYLIGHT,PEDALCYCLIST,DIVIDED - W/MEDIAN (NOT RAISED),STRAIGHT AND LEVEL,DRY,INJURY AND / OR TOW DUE TO CRASH,BROADWAY,41.9782331584,-87.6600670692,POINT (-87.660067069174 41.978233158365)
O1640934,BICYCLE,515783783b4393b6d3911e237c7327173a2c078a4d2dae8886896707e16360a4c0c82d2898315c12a59cefd8d72dba9caaf30983f19f1d07134964757ac52740,08/17/2023 04:25:00 PM,M,12.0,HELMET NOT USED,NOT AT INTERSECTION,NOT IN ROADWAY,TEST REFUSED,,30,CLEAR,DAYLIGHT,PEDALCYCLIST,OTHER,STRAIGHT AND LEVEL,DRY,INJURY AND / OR TOW DUE TO CRASH,CLARK ST,41.9975852619,-87.6706121554,POINT (-87.670612155364 41.997585261926)
O1640869,NON-MOTOR VEHICLE,5db4b05ce273d2a0c7cdc70a9977d4af601d4dbe8372c98d039fd432c1490ffbd6cbd71ab8dc64cb448bc32f87fb976b01810b127cad7e4eee9b523ef23adc8b,08/17/2023 04:20:00 PM,M,24.0,NONE PRESENT,AGAINST TRAFFIC,IN ROADWAY,TEST NOT OFFERED,,30,CLEAR,DAYLIGHT,OTHER OBJECT,OTHER,STRAIGHT AND LEVEL,DRY,INJURY AND / OR TOW DUE TO CRASH,KARLOV AVE,41.8836656881,-87.7280609079,POINT (-87.728060907885 41.883665688145)
O1640835,BICYCLE,4482cea8805c9efe594170d567133d90e1578731c43503d944f315f55eba369dd0e1394c254f3be69b3c742a4a1f8018fda6d37f6ab320e113b096dbc8a42e48,08/17/2023 03:45:00 PM,M,38.0,HELMET NOT USED,CROSSING - NO CONTROLS (AT INTERSECTION),BIKE LANE,TEST NOT OFFERED,,30,CLEAR,DAYLIGHT,PEDALCYCLIST,T-INTERSECTION,STRAIGHT AND LEVEL,UNKNOWN,INJURY AND / OR TOW DUE TO CRASH,KINZIE ST,41.8890249685,-87.6370471336,POINT (-87.637047133585 41.889024968515)
O1640785,BICYCLE,9ef34a1020dfb7e8e3823aa007da782dae309cba38bc50e72b521fb0dd27144d0a5d4d8796687c76817ea7d8e6de4986c31038aa3e5af63a0e6957876b9e7329,08/17/2023 02:45:00 PM,M,,HELMET NOT USED,UNKNOWN/NA,IN ROADWAY,,Y,30,CLEAR,DAYLIGHT,PEDALCYCLIST,NOT DIVIDED,STRAIGHT AND LEVEL,DRY,NO INJURY / DRIVE AWAY,LAWRENCE AVE,41.9683411012,-87.7085288823,POINT (-87.708528882333 41.96834110122)
O1641012,BICYCLE,f531ba7aeb18a22cf0d4ce36dfd4a500f30c115599cf17c4c67ff845bcdc199d45038ef5b76df397b45452e328dd78907ed7f926387e4c5393691b2f94b1a676,08/17/2023 01:44:00 PM,M,16.0,BICYCLE HELMET (PEDACYCLIST INVOLVED ONLY),CROSSING - WITH SIGNAL,IN CROSSWALK,TEST NOT OFFERED,,30,CLEAR,DAYLIGHT,PEDALCYCLIST,NOT DIVIDED,STRAIGHT AND LEVEL,DRY,NO INJURY / DRIVE AWAY,ARCHER AVE,41.7923633931,-87.7864763871,POINT (-87.786476387083 41.792363393067)
O1640615,BICYCLE,4d5f1dffdec49c6a8fbc5b705c6e7c84996e65550ca61ce710bb688640ceafb3dc67cd287822e08e920f1bdd8738f62632dee633370185d90ed0c4f4bb8cefe7,08/17/2023 10:19:00 AM,M,39.0,HELMET NOT USED,UNKNOWN/NA,BIKEWAY,TEST NOT OFFERED,,30,CLEAR,DAYLIGHT,PEDALCYCLIST,DIVIDED - W/MEDIAN (NOT RAISED),STRAIGHT AND LEVEL,DRY,INJURY AND / OR TOW DUE TO CRASH,ELSTON AVE,41.9114287305,-87.662852157,POINT (-87.662852157024 41.91142873047)
O1640541,BICYCLE,a3232a7cd8dae4297a141047e1b69c51a623ec3d6a0d18236aa3b2c26ba977a06718a5b608b8df3a740653a8a030e48031f6b18d861805830722bca859b80695,08/17/2023 08:03:00 AM,F,,HELMET NOT USED,UNKNOWN/NA,IN ROADWAY,TEST NOT OFFERED,,25,RAIN,DAYLIGHT,PEDALCYCLIST,FOUR WAY,STRAIGHT AND LEVEL,WET,INJURY AND / OR TOW DUE TO CRASH,PAULINA ST,41.8587095739,-87.668826691,POINT (-87.668826691049 41.858709573914)
O1640730,BICYCLE,a7cb7e5af942df98af7e8c9243ce18d82a4990e2e60ad2f475356504f604c355e3421432205e25a76de8955dbb0e8e339b99b7dd745ac302e2c0b9d1489cac55,08/17/2023 07:30:00 AM,M,,BICYCLE HELMET (PEDACYCLIST INVOLVED ONLY),WITH TRAFFIC,IN ROADWAY,TEST NOT OFFERED,,25,RAIN,DAYLIGHT,PEDALCYCLIST,DIVIDED - W/MEDIAN (NOT RAISED),STRAIGHT AND LEVEL,WET,NO INJURY / DRIVE AWAY,SUPERIOR ST,41.8956849804,-87.6204626896,POINT (-87.620462689579 41.895684980428)
O1640500,BICYCLE,70cb69c5f6faa7ce5f2c8d7273368f501d857d7f6111986c40341cde9a73db3c9e603fa3613e8f21d7a1e2cfaef763a6c8246e844d92a555480f3155b05e460e,08/17/2023 05:37:00 AM,F,30.0,BICYCLE HELMET (PEDACYCLIST INVOLVED ONLY),TURNING RIGHT,IN CROSSWALK,TEST NOT OFFERED,,30,CLEAR,DAWN,PEDALCYCLIST,FOUR WAY,STRAIGHT AND LEVEL,DRY,INJURY AND / OR TOW DUE TO CRASH,18TH ST,41.8579882639,-87.6238946604,POINT (-87.623894660406 41.857988263931)
O1641345,BICYCLE,8a20d79abed7d1a7f9d7a1ceb69f7b16e00326b9d1ec91ec658fe79701b1b0ae5eec454d446175881fd4bb39504dfca6d1ce1757d44475d7a8fe06afac8ee8c6,08/17/2023 03:52:00 AM,F,27.0,BICYCLE HELMET (PEDACYCLIST INVOLVED ONLY),CROSSING - NO CONTROLS (AT INTERSECTION),BIKE LANE,TEST NOT OFFERED,,30,CLEAR,DAYLIGHT,PEDALCYCLIST,NOT DIVIDED,STRAIGHT AND LEVEL,DRY,INJURY AND / OR TOW DUE TO CRASH,DAMEN AVE,41.8949865468,-87.6768766899,POINT (-87.676876689919 41.894986546789)
O1640665,BICYCLE,422d8a98784e5d1b5aaa214caa9c49a110e68f9dda3c4e256e5f1fb519d6f7b92e31cf843748b15352f6a582e7d13d7f2aa93c65921538468682a3ab6b4ee695,08/16/2023 09:40:00 PM,M,21.0,BICYCLE HELMET (PEDACYCLIST INVOLVED ONLY),UNKNOWN/NA,UNKNOWN/NA,TEST NOT OFFERED,,30,CLEAR,DARKNESS,PEDALCYCLIST,ONE-WAY,STRAIGHT AND LEVEL,DRY,INJURY AND / OR TOW DUE TO CRASH,INGLESIDE AVE,41.796049313,-87.6026035804,POINT (-87.6026035804 41.79604931297)
O1640448,BICYCLE,8af2cf6e60be14e6550e0cd71043c3240972feaf0c5e69b2b6ba43925c5fe39f8621d3683567602eefea48d2eeacf4fc58ec51684cec6f7b57fbe1c0910b49a4,08/16/2023 09:30:00 PM,F,38.0,BICYCLE HELMET (PEDACYCLIST INVOLVED ONLY),UNKNOWN/NA,BIKEWAY,TEST NOT OFFERED,,30,CLEAR,DARKNESS,PEDALCYCLIST,NOT DIVIDED,STRAIGHT AND LEVEL,DRY,INJURY AND / OR TOW DUE TO CRASH,MILWAUKEE AVE,41.9153847274,-87.684973718,POINT (-87.68497371799 41.915384727393)
O1650450,BICYCLE,8af2cf6e60be14e6550e0cd71043c3240972feaf0c5e69b2b6ba43925c5fe39f8621d3683567602eefea48d2eeacf4fc58ec51684cec6f7b57fbe1c0910b49a4,08/16/2023 09:30:00 PM,F,38.0,BICYCLE HELMET (PEDACYCLIST INVOLVED ONLY),UNKNOWN/NA,BIKEWAY,TEST NOT OFFERED,,30,CLEAR,DARKNESS,PEDALCYCLIST,NOT DIVIDED,STRAIGHT AND LEVEL,DRY,INJURY AND / OR TOW DUE TO CRASH,MILWAUKEE AVE,41.9153847274,-87.684973718,POINT (-87.68497371799 41.915384727393)
O1640389,BICYCLE,8b62d43b78b155b0d996c9ebcaf60bce9bf433ebae77cd286288bca44b1f0be60a6d9f746b8c69b04f6fa52974f1abcd4d77c7df8e338dad4228780d18836ab4,08/16/2023 08:30:00 PM,M,22.0,HELMET NOT USED,CROSSING - WITH SIGNAL,IN ROADWAY,TEST NOT OFFERED,,30,CLEAR,UNKNOWN,PEDALCYCLIST,NOT DIVIDED,STRAIGHT AND LEVEL,DRY,INJURY AND / OR TOW DUE TO CRASH,26TH ST,41.8442396384,-87.7172901811,POINT (-87.717290181082 41.844239638421)
O1640377,BICYCLE,c2b1b3e04463dd4841dbf6e94b5c0b88c16048b3b5f035064f2d75a9e56f97fb442c365344ca91f6bac227460dfe093fe3ee10fedbefecb950d0498946166ace,08/16/2023 08:18:00 PM,F,31.0,HELMET NOT USED,WITH TRAFFIC,IN ROADWAY,TEST NOT OFFERED,,30,CLEAR,DARKNESS,PEDALCYCLIST,NOT DIVIDED,STRAIGHT AND LEVEL,DRY,INJURY AND / OR TOW DUE TO CRASH,ILLINOIS ST,41.8910245134,-87.6252901507,POINT (-87.625290150715 41.891024513358)
O1641627,BICYCLE,9f4206ed5a763bb271528e2007ebb0256f03739aab55161aff79a1cf2c9a2415979be578caa31b9e4f6a71b9365ec49ba41a1b4239112c6f867176286c63dd74,08/16/2023 07:30:00 PM,F,56.0,BICYCLE HELMET (PEDACYCLIST INVOLVED ONLY),NO ACTION,IN ROADWAY,TEST NOT OFFERED,,25,CLEAR,DAYLIGHT,PEDALCYCLIST,FOUR WAY,STRAIGHT AND LEVEL,DRY,INJURY AND / OR TOW DUE TO CRASH,LEAVITT ST,41.7060746325,-87.6769235392,POINT (-87.676923539224 41.706074632474)
O1640240,BICYCLE,aa85ecbf736f8325f2b5f27a3f63edaefb24a3e3d92269f64a78b07c2dc229814e36c0afa822878abd2676617c1669337d08ee3a58239e4ec17467a7d78e6156,08/16/2023 06:05:00 PM,M,23.0,HELMET NOT USED,TURNING LEFT,IN ROADWAY,TEST NOT OFFERED,,30,CLEAR,DAYLIGHT,PEDALCYCLIST,FOUR WAY,STRAIGHT AND LEVEL,DRY,INJURY AND / OR TOW DUE TO CRASH,ARMITAGE AVE,41.9174528619,-87.6889206076,POINT (-87.688920607647 41.917452861936)
O1640314,BICYCLE,6d4d6d9c2ee155d8d943e19ffe559374216e9c055ccdddfb7c7cd154f10aa1a7cf3c72bd4f442212ea21495d3f2214af08b0fec3c175208f53111b47371de1da,08/16/2023 05:45:00 PM,M,28.0,HELMET NOT USED,WITH TRAFFIC,IN ROADWAY,TEST NOT OFFERED,,30,CLEAR,DAYLIGHT,PEDALCYCLIST,NOT DIVIDED,STRAIGHT AND LEVEL,DRY,INJURY AND / OR TOW DUE TO CRASH,MADISON ST,41.8818087852,-87.6520930659,POINT (-87.652093065923 41.88180878523)
O1640182,BICYCLE,80eb8c747088b225d612a282083b8cc83cd55032b1d02e3dd443c90bb519c900a5aa1b98b2843acf495530a61bd622119011540c1d3d6bfe686981e89ccdfbdf,08/16/2023 05:29:00 PM,M,,BICYCLE HELMET (PEDACYCLIST INVOLVED ONLY),WITH TRAFFIC,IN ROADWAY,TEST NOT OFFERED,,30,CLEAR,DAYLIGHT,PEDALCYCLIST,NOT DIVIDED,STRAIGHT AND LEVEL,DRY,NO INJURY / DRIVE AWAY,CLARK ST,41.9480561651,-87.6570282381,POINT (-87.657028238062 41.948056165065)
O1640194,BICYCLE,ff37be5558d015693975271046b37027549a982c172470eb7235ced2c225383b84bf94dfa79a519030274ff0b02ee66fa30e340ae392e9ce34e6d7171a29bf33,08/16/2023 03:30:00 PM,F,14.0,HELMET NOT USED,UNKNOWN/NA,IN CROSSWALK,TEST NOT OFFERED,,25,CLEAR,DAYLIGHT,PEDALCYCLIST,NOT DIVIDED,STRAIGHT AND LEVEL,DRY,INJURY AND / OR TOW DUE TO CRASH,WESTERN AVE,41.8120170272,-87.6846769146,POINT (-87.684676914642 41.812017027229)
O1640113,BICYCLE,afa9cbe87ed7ed4580c24eb47845f1a4a0715e2498c64d343fa6f361ae5f5dae46e88922b0cb1d4458a001965456b69a160b219a22c2f6274f01bf84264f771d,08/16/2023 02:40:00 PM,M,23.0,BICYCLE HELMET (PEDACYCLIST INVOLVED ONLY),WITH TRAFFIC,BIKEWAY,TEST NOT OFFERED,,30,CLEAR,DAYLIGHT,PEDALCYCLIST,NOT DIVIDED,STRAIGHT AND LEVEL,DRY,INJURY AND / OR TOW DUE TO CRASH,BELMONT AVE,41.9390093002,-87.7415198828,POINT (-87.741519882818 41.939009300232)
O1640030,BICYCLE,949a81f0cd28b28b95dc0672abc8f52d9936c7ce8d3e149e822dd610485543e2f120ba2ebed50cc133390acf254cb8acbb8203007a893bc6807e9284c72de004,08/16/2023 01:13:00 PM,M,13.0,HELMET NOT USED,CROSSING - NO CONTROLS (NOT AT INTERSECTION),NOT IN ROADWAY,TEST NOT OFFERED,,30,CLEAR,DAYLIGHT,PEDALCYCLIST,DRIVEWAY,STRAIGHT AND LEVEL,DRY,INJURY AND / OR TOW DUE TO CRASH,WRIGHTWOOD AVE,41.9286483895,-87.7462773863,POINT (-87.746277386261 41.928648389458)
O1640484,BICYCLE,306df39db4df95d1f2514c4ff41cebc296f394e295aec1d0c6e280cd976d8280d6cd3748e38890f1f3d7af3ee4e71c6491cec511022611e0f537a8706d476143,08/16/2023 12:25:00 PM,M,15.0,HELMET NOT USED,CROSSING - NO CONTROLS (NOT AT INTERSECTION),IN ROADWAY,TEST NOT OFFERED,,35,CLEAR,DAYLIGHT,PEDALCYCLIST,NOT DIVIDED,STRAIGHT AND LEVEL,DRY,INJURY AND / OR TOW DUE TO CRASH,47TH ST,41.8085342571,-87.6854492855,POINT (-87.685449285453 41.808534257081)
O1639849,BICYCLE,ca52f9cd8a0fdf0bb279afbf0235b2252671800a7229fa264631917fcfdb6bf5836f658461392a1b96ae301ba98f931d5a17450b425608083ec64f30d892fad9,08/16/2023 08:05:00 AM,M,54.0,HELMET NOT USED,WITH TRAFFIC,BIKE LANE,TEST NOT OFFERED,,25,CLEAR,DAYLIGHT,PEDALCYCLIST,DIVIDED - W/MEDIAN (NOT RAISED),STRAIGHT AND LEVEL,DRY,INJURY AND / OR TOW DUE TO CRASH,CALIFORNIA AVE,41.9223822821,-87.6974896497,POINT (-87.697489649667 41.922382282144)
O1639712,BICYCLE,908595d8901df38c3756a0b1aff486fca74b2fdc7f4d35adaaf429bf2ea6ac3bfb0de625b67fe0cf66e413ac906f963a8f1d3ff68110e07a05d4bf7462478dee,08/15/2023 09:30:00 PM,M,30.0,BICYCLE HELMET (PEDACYCLIST INVOLVED ONLY),UNKNOWN/NA,IN ROADWAY,TEST NOT OFFERED,,30,CLEAR,DARKNESS,PEDALCYCLIST,UNKNOWN,STRAIGHT AND LEVEL,UNKNOWN,NO INJURY / DRIVE AWAY,ROOSEVELT RD,41.867196447,-87.6510882209,POINT (-87.651088220891 41.867196446975)
O1642679,BICYCLE,955c0d7c9a09872cadb5ff94f6f257b35fee8f2dd3910f7e1f2be3cb96aa8e3e494506c290dbf6c02fcb31f74d910342862d44b11a12fda5a0f9779bd9b70d7a,08/15/2023 09:15:00 PM,F,27.0,BICYCLE HELMET (PEDACYCLIST INVOLVED ONLY),WITH TRAFFIC,IN ROADWAY,TEST NOT OFFERED,,30,CLEAR,"DARKNESS, LIGHTED ROAD",PEDALCYCLIST,NOT DIVIDED,STRAIGHT AND LEVEL,DRY,INJURY AND / OR TOW DUE TO CRASH,SHEFFIELD AVE,41.9391077043,-87.6542254526,POINT (-87.654225452644 41.939107704313)
O1639699,BICYCLE,f2c524c8c0233f302d6c0a8fc4334f272d7b3988fb877c9553e321e8769416debe90584c23215bf9e428e0b1aee66cf0e2c124dad3d5726ba11cf7c34f1d9af0,08/15/2023 07:20:00 PM,M,9.0,HELMET NOT USED,ENTER FROM DRIVE/ALLEY,NOT IN ROADWAY,TEST NOT OFFERED,,15,CLEAR,DAYLIGHT,PEDALCYCLIST,ALLEY,STRAIGHT AND LEVEL,DRY,INJURY AND / OR TOW DUE TO CRASH,ONTARIO ST,41.8934872466,-87.6216926935,POINT (-87.621692693523 41.893487246606)
O1639511,BICYCLE,5ea6caa58b9669ae3c34da101482d69621abf0a184a2458ec818a1a79b28ae3c2d59f8cc1492faf37ce8708d6f0fa6154a91100f5621cbce6c43287dbfa66d62,08/15/2023 04:50:00 PM,M,68.0,HELMET NOT USED,AGAINST TRAFFIC,IN ROADWAY,TEST REFUSED,,25,CLEAR,DAYLIGHT,PEDALCYCLIST,FOUR WAY,STRAIGHT AND LEVEL,DRY,INJURY AND / OR TOW DUE TO CRASH,RAVENSWOOD AVE,41.9980437397,-87.6751630051,POINT (-87.675163005114 41.998043739718)
O1639473,BICYCLE,cadaa4d3352a942501e481cf3eee4ec80d84d76e25ec0dd65dc99ee9e0673431b808f307c3fb025de1c9319d67f445a409df95999cbcb245ef5b6dd760612630,08/15/2023 04:45:00 PM,M,40.0,HELMET NOT USED,WITH TRAFFIC,BIKE LANE,TEST NOT OFFERED,,30,CLEAR,DAYLIGHT,PEDALCYCLIST,NOT DIVIDED,STRAIGHT ON HILLCREST,DRY,INJURY AND / OR TOW DUE TO CRASH,WOODLAWN AVE,41.7877737046,-87.5965181971,POINT (-87.59651819713 41.787773704575)
O1639550,NON-MOTOR VEHICLE,bbd331c473f94b2c983875b1fc6b174fa310732d06463eb97884f2d15aba5f12815e47f185bfa35f14dad5bc967323f9fe7cac5bd95b938616ef6528b0e483a4,08/15/2023 04:40:00 PM,F,18.0,NONE PRESENT,OTHER ACTION,IN CROSSWALK,TEST NOT OFFERED,,30,CLEAR,DAYLIGHT,OTHER OBJECT,PARKING LOT,STRAIGHT AND LEVEL,DRY,NO INJURY / DRIVE AWAY,WESTERN AVE,41.7758046672,-87.6834068574,POINT (-87.683406857441 41.77580466723)
O1639497,BICYCLE,25558aacba13e47f7fd10955f64090f1c9d37d702193690611a7d90abb9b8ac4bc4dc1b9f28435b4c41f36f29d8d0f4341b6b7cc4de50adea58e20a8e7b83c72,08/15/2023 04:30:00 PM,F,21.0,HELMET NOT USED,WITH TRAFFIC,IN ROADWAY,TEST NOT OFFERED,,30,CLEAR,DAYLIGHT,PEDALCYCLIST,NOT DIVIDED,STRAIGHT AND LEVEL,UNKNOWN,NO INJURY / DRIVE AWAY,KENMORE AVE,41.9673349599,-87.656353749,POINT (-87.656353748967 41.967334959919)
O1639266,BICYCLE,42eb17963e223b13d6f48e0481c66decd3722fd0071681a63de90ee081b5a034620cf75b33c778b1fe2f3c9da21c8d87720421876b4771a41b36bef64487a641,08/15/2023 12:40:00 PM,M,18.0,HELMET NOT USED,WITH TRAFFIC,BIKEWAY,TEST NOT OFFERED,,30,CLEAR,DAYLIGHT,PEDALCYCLIST,NOT DIVIDED,STRAIGHT AND LEVEL,DRY,INJURY AND / OR TOW DUE TO CRASH,KEDZIE AVE,41.9673395728,-87.7085854583,POINT (-87.708585458309 41.967339572808)