PERSON_ID,PERSON_TYPE,CRASH_RECORD_ID,CRASH_DATE_x,SEX,AGE,SAFETY_EQUIPMENT,PEDPEDAL_ACTION,PEDPEDAL_LOCATION,BAC_RESULT,CRASH_DATE_EST_I,POSTED_SPEED_LIMIT,WEATHER_CONDITION,LIGHTING_CONDITION,FIRST_CRASH_TYPE,TRAFFICWAY_TYPE,ALIGNMENT,ROADWAY_SURFACE_COND,CRASH_TYPE,STREET_NAME,LATITUDE,LONGITUDE,LOCATION
O1639256,NON-MOTOR VEHICLE,f1695af723ed9f4f26ae468def1251801154c0e46cc5b422087078ab2d414d893481e5d8893503abb9edd9eb97cc5cd6c90cbfb91bb03488236652f9b233911b,08/15/2023 12:15:00 PM,X,,NONE PRESENT,,,TEST NOT OFFERED,,30,CLEAR,DAYLIGHT,FIXED OBJECT,DIVIDED - W/MEDIAN BARRIER,STRAIGHT AND LEVEL,DRY,NO INJURY / DRIVE AWAY,NORTH AVE,41.9107903212,-87.6640810675,POINT (-87.664081067529 41.910790321191)
O1639115,BICYCLE,af0e0e3acb9c5e221146e6d574ce03444a553b2ad9c1de7763daf1662a7150e0d525b1e88d5b7ee164b02ce9fa69a2ade30f964ad1e54cbc6afde27171be2c96,08/15/2023 06:30:00 AM,M,,HELMET NOT USED,TURNING LEFT,IN ROADWAY,TEST NOT OFFERED,,30,RAIN,DAYLIGHT,PEDALCYCLIST,NOT DIVIDED,STRAIGHT AND LEVEL,WET,NO INJURY / DRIVE AWAY,55TH ST,41.7951658348,-87.5975995936,POINT (-87.597599593571 41.79516583476)
O1639053,BICYCLE,07d6a84e5d2761abc8a51e8ff486003a21d18190ac62069d1e1625702fa64ffc54f243b69c70cc8359652666df97918b944592a639d58dc804a0161e0b282a84,08/14/2023 11:50:00 PM,M,,HELMET NOT USED,CROSSING - AGAINST SIGNAL,IN ROADWAY,TEST NOT OFFERED,,30,RAIN,"DARKNESS, LIGHTED ROAD",PEDALCYCLIST,FOUR WAY,STRAIGHT AND LEVEL,WET,NO INJURY / DRIVE AWAY,CENTRAL AVE,41.9527124023,-87.7668370952,POINT (-87.766837095179 41.952712402331)
O1639022,NON-MOTOR VEHICLE,7da3af1b785a8717dccefc26ab306d64223556c1d30d4d701bfda99f5fc9c4203f4e5530176e54ce957cc526775bfab3e2ed7bf38f59bc49dc8bbccd4ae4228f,08/14/2023 08:15:00 PM,X,,NONE PRESENT,UNKNOWN/NA,UNKNOWN/NA,,,30,RAIN,DARKNESS,FIXED OBJECT,DIVIDED - W/MEDIAN (NOT RAISED),STRAIGHT AND LEVEL,WET,INJURY AND / OR TOW DUE TO CRASH,DANTE AVE,41.754290303,-87.5906895066,POINT (-87.590689506592 41.754290303017)
O1638935,BICYCLE,01350a60ad5929ce9a236dda2a604bf00cc1712d7a2b373e70186d8adcfa012e746b9e940d7f97c71cea3e6afed6d195049bd64e9414e6c1fd6e64af92c06138,08/14/2023 06:19:00 PM,M,57.0,BICYCLE HELMET (PEDACYCLIST INVOLVED ONLY),WITH TRAFFIC,IN ROADWAY,TEST NOT OFFERED,,30,RAIN,DAWN,PEDALCYCLIST,NOT DIVIDED,STRAIGHT AND LEVEL,WET,INJURY AND / OR TOW DUE TO CRASH,ERIE ST,41.8938695004,-87.6349680771,POINT (-87.634968077116 41.893869500414)
O1638820,BICYCLE,1f5d47d606a89e733ff1ba6f3fd144cd21dce3939219b6d3fe55f0c58ab9599105311de864f9096d474ea2bd1290ae6b3699e3d94d960ef6800073859e5b422b,08/14/2023 04:55:00 PM,M,17.0,BICYCLE HELMET (PEDACYCLIST INVOLVED ONLY),CROSSING - NO CONTROLS (AT INTERSECTION),IN CROSSWALK,TEST NOT OFFERED,,30,RAIN,DAYLIGHT,PEDALCYCLIST,T-INTERSECTION,STRAIGHT AND LEVEL,WET,INJURY AND / OR TOW DUE TO CRASH,WASHTENAW AVE,42.0139834,-87.69747262,POINT (-87.697472619992 42.013983400009)
O1638752,BICYCLE,a9abe28b368af710374e084f0b14b0ac84a2edbb8171c54ebe284245b4c98f4aafc9a3c918c5a68536136a40ad7406410c10fc23d350f4c62295e79e627da6f8,08/14/2023 03:58:00 PM,F,23.0,HELMET NOT USED,CROSSING - WITH SIGNAL,IN CROSSWALK,TEST NOT OFFERED,,30,RAIN,DAYLIGHT,PEDALCYCLIST,FOUR WAY,STRAIGHT AND LEVEL,WET,INJURY AND / OR TOW DUE TO CRASH,57TH ST,41.7902788115,-87.6644251293,POINT (-87.664425129295 41.790278811531)
O1638552,BICYCLE,d91e6a3b35727a02c3b64eebe42fbdd452bf046534cd2cd451cc7f1b12f84aaafee28037c8964ce92d5880bdec130b8e32e529e88310ed50ab907be0d7c98daf,08/14/2023 12:10:00 PM,M,23.0,HELMET NOT USED,CROSSING - WITH SIGNAL,IN ROADWAY,TEST NOT OFFERED,,30,RAIN,DAYLIGHT,PEDALCYCLIST,FOUR WAY,STRAIGHT AND LEVEL,WET,INJURY AND / OR TOW DUE TO CRASH,32ND ST,41.8367072569,-87.6170132524,POINT (-87.617013252379 41.836707256939)
O1638491,NON-MOTOR VEHICLE,4046ebe04b310511d2c23cd9d9b9f67103704c604d0ce9dac42f97249c3e61e6be522c6162596a1d2085dff4638c8d4cbebe0d714a23c026ae3aaa273a101924,08/14/2023 09:45:00 AM,,,,,,,,30,CLEAR,DAYLIGHT,FIXED OBJECT,ALLEY,STRAIGHT AND LEVEL,DRY,NO INJURY / DRIVE AWAY,35TH PL,41.8294097333,-87.6836711376,POINT (-87.683671137566 41.829409733291)
O1638419,NON-MOTOR VEHICLE,0cf47c5cb032b5d3bae5567d75393779fef93df825d5982e69a0a3be56b730a8902d82e0638af2cddf364d38539ae2a840aa4c867785d97c669bcb94cab10819,08/14/2023 01:15:00 AM,X,,USAGE UNKNOWN,,,TEST NOT OFFERED,,10,UNKNOWN,DARKNESS,FIXED OBJECT,PARKING LOT,STRAIGHT AND LEVEL,UNKNOWN,NO INJURY / DRIVE AWAY,ARMITAGE AVE,41.9179607417,-87.6727043698,POINT (-87.672704369807 41.917960741746)
O1638245,BICYCLE,2a24400f0d0590eadf218b495c2430b5a3ffb441f563d1aaa946b72e7ec112be7a73147065307863dbdafe63898eb28853093578de483d83e4716f8f717595ac,08/13/2023 05:08:00 PM,M,17.0,HELMET NOT USED,WITH TRAFFIC,IN ROADWAY,TEST NOT OFFERED,,35,CLEAR,DAYLIGHT,PEDALCYCLIST,NOT DIVIDED,STRAIGHT AND LEVEL,UNKNOWN,INJURY AND / OR TOW DUE TO CRASH,DAMEN AVE,41.8963701283,-87.6769183624,POINT (-87.67691836243 41.896370128289)
O1638158,BICYCLE,428424a423434ae1da516134eac1fae52c54f71b58c22c11697ad7cb3c589a3dc83c555821d8f9ffe24b15f876f347a71be4aebfce9d96ea50259854da4ba783,08/13/2023 03:15:00 PM,M,29.0,HELMET NOT USED,NO ACTION,BIKE LANE,TEST NOT OFFERED,,30,CLEAR,DAYLIGHT,PEDALCYCLIST,DIVIDED - W/MEDIAN (NOT RAISED),STRAIGHT AND LEVEL,DRY,INJURY AND / OR TOW DUE TO CRASH,LARAMIE AVE,41.8823931864,-87.7552876988,POINT (-87.755287698786 41.88239318641)
O1638106,BICYCLE,c628a21b2a6af0b04f8b08755a739f3c591cd01ca5ec2313bcb4dd8c386b37cba8b27a88d5db4d57095146b4f2c601aee683613e5010be615e33e88912faaaa8,08/13/2023 01:40:00 PM,F,36.0,BICYCLE HELMET (PEDACYCLIST INVOLVED ONLY),WITH TRAFFIC,BIKE LANE,TEST NOT OFFERED,,30,CLEAR,DAYLIGHT,PEDALCYCLIST,NOT DIVIDED,STRAIGHT AND LEVEL,DRY,INJURY AND / OR TOW DUE TO CRASH,LAWRENCE AVE,41.9685727721,-87.7077877013,POINT (-87.707787701272 41.968572772124)
O1638078,BICYCLE,96f972eae4e14d5ce2f9c466fd4f1706f9057797a739225b8be66bf45b7b12074e6790f14cf7748033633faca9bc49b5c4b246f29cf882ae7e616ed42899cb0e,08/13/2023 12:30:00 PM,F,,HELMET NOT USED,WITH TRAFFIC,UNKNOWN/NA,TEST NOT OFFERED,,30,UNKNOWN,DAYLIGHT,PEDALCYCLIST,NOT DIVIDED,STRAIGHT AND LEVEL,UNKNOWN,NO INJURY / DRIVE AWAY,MONTROSE AVE,41.9613683848,-87.6970411158,POINT (-87.697041115793 41.961368384789)
O1637671,BICYCLE,d6cbe5d1582052c7ba35a202f0e9991312943bd09633a0512f0888ab4850854dea2d797436aea5dc7cddf79f50b040544fac3067b0eb2d50c8afcb12b894f118,08/12/2023 06:26:00 PM,M,14.0,HELMET NOT USED,WITH TRAFFIC,IN ROADWAY,"TEST PERFORMED, RESULTS UNKNOWN",,25,UNKNOWN,UNKNOWN,PEDALCYCLIST,NOT DIVIDED,STRAIGHT AND LEVEL,UNKNOWN,NO INJURY / DRIVE AWAY,CENTRAL AVE,41.9281781278,-87.7659859683,POINT (-87.765985968312 41.928178127768)
O1637589,BICYCLE,45c21b73d46ea8475390c9fdba52a29c7dca457794b51a828b72be42c12ac4ce6da0f5b73916d453f99b0b720b733b262a38a46c1a97b322e23d70fa3fb5c807,08/12/2023 06:00:00 PM,M,,HELMET NOT USED,WITH TRAFFIC,IN ROADWAY,TEST REFUSED,,30,CLEAR,DAYLIGHT,PEDALCYCLIST,DIVIDED - W/MEDIAN (NOT RAISED),STRAIGHT AND LEVEL,DRY,INJURY AND / OR TOW DUE TO CRASH,ADDISON ST,41.9472755152,-87.6471362894,POINT (-87.647136289354 41.947275515235)
O1637606,BICYCLE,a0bc4e8ac88f744925ba4bfa35cd187a2122e5ec2b3ceee8a6a99d24aa3f93c144b1f050c1cf5b4a9ac28a9cd6789386fee715f920c2757c92962b34bdda7a82,08/12/2023 05:13:00 PM,M,18.0,HELMET NOT USED,WITH TRAFFIC,IN CROSSWALK,TEST NOT OFFERED,,30,CLEAR,DAYLIGHT,PEDALCYCLIST,ALLEY,STRAIGHT AND LEVEL,DRY,INJURY AND / OR TOW DUE TO CRASH,LINDER AVE,41.9463420461,-87.7641652455,POINT (-87.764165245542 41.946342046106)
O1637570,BICYCLE,47b87dee7eb116a65adff0379c27376f4e0d7ac51252430d4af73f7909daa536e57e2b03416c177c6f6df8abd5b4097c7a20de4475e35700c841044e8a73986a,08/12/2023 05:05:00 PM,M,,HELMET NOT USED,TURNING LEFT,IN ROADWAY,TEST NOT OFFERED,,30,CLEAR,DAYLIGHT,PEDALCYCLIST,NOT DIVIDED,STRAIGHT AND LEVEL,DRY,INJURY AND / OR TOW DUE TO CRASH,IRVING PARK RD,41.9528584391,-87.7825787488,POINT (-87.782578748798 41.952858439115)
O1637746,BICYCLE,9d0cb1368bf55c02b91639033ba7f5ce4ab38acd344fc856624482188ec077aa18e81a6dc85d901c2a2912590e272b6aa61fd004600f7efdd0be087448309eda,08/12/2023 04:30:00 PM,M,,HELMET NOT USED,CROSSING - NO CONTROLS (AT INTERSECTION),NOT IN ROADWAY,TEST NOT OFFERED,,15,CLEAR,DAYLIGHT,PEDALCYCLIST,ALLEY,STRAIGHT AND LEVEL,DRY,NO INJURY / DRIVE AWAY,SPRINGFIELD AVE,41.9662431914,-87.7256769035,POINT (-87.725676903504 41.966243191443)
O1637538,BICYCLE,63108a47a606182ca9a22e5835aa8d058df4fae49c5a2b05164d1c8ff2b79941ed091ab8bdbd8d7d3bf08aa0b6e9dc3094fbbaeb68509d885603728d3432ba5e,08/12/2023 03:31:00 PM,M,55.0,HELMET NOT USED,CROSSING - NO CONTROLS (NOT AT INTERSECTION),IN ROADWAY,TEST NOT OFFERED,,30,CLEAR,DAYLIGHT,PEDALCYCLIST,DIVIDED - W/MEDIAN BARRIER,STRAIGHT AND LEVEL,DRY,INJURY AND / OR TOW DUE TO CRASH,LAKE ST,41.8863809899,-87.7436258349,POINT (-87.743625834879 41.886380989855)
O1637415,BICYCLE,214a59fc78aa33688d6fb2923ff3a778c84f4007502f2a68f5babd4e776bd0fe7ce02cd4b4418b1bf1035ff7e397b160b5b6254dd5d2556440aafb87e1a356af,08/12/2023 01:40:00 PM,M,,BICYCLE HELMET (PEDACYCLIST INVOLVED ONLY),PARKED VEHICLE,BIKE LANE,TEST NOT OFFERED,,30,CLEAR,DAYLIGHT,PEDALCYCLIST,DIVIDED - W/MEDIAN (NOT RAISED),STRAIGHT AND LEVEL,DRY,INJURY AND / OR TOW DUE TO CRASH,MILWAUKEE AVE,41.9344794479,-87.7165080447,POINT (-87.716508044694 41.934479447939)
O1637354,BICYCLE,5c0b2a9feab26d593f9cabd0972ab09947a85df76b0b8d4e3ee01f89078d0b3fc3de3d886ac1c5564a52b85bc9a4d6c2e59274214b201cd6a0b2427d5d5ed9d8,08/12/2023 11:50:00 AM,M,42.0,HELMET NOT USED,WITH TRAFFIC,BIKEWAY,TEST NOT OFFERED,,30,CLEAR,DAYLIGHT,PEDALCYCLIST,NOT DIVIDED,STRAIGHT AND LEVEL,DRY,INJURY AND / OR TOW DUE TO CRASH,CLARK ST,41.9839522006,-87.6690061635,POINT (-87.669006163545 41.983952200631)
O1637129,BICYCLE,9b4c9e42566fa15f129caa62168687b01e88f01629c6b12bd51eeb866ecee1e566cab5527ad09293a9219310bb0d4bdc9c7413dee3192dba7acf92867319d573,08/12/2023 12:15:00 AM,M,30.0,BICYCLE HELMET (PEDACYCLIST INVOLVED ONLY),NO ACTION,BIKEWAY,TEST NOT OFFERED,,30,CLEAR,"DARKNESS, LIGHTED ROAD",PEDALCYCLIST,NOT DIVIDED,STRAIGHT AND LEVEL,DRY,INJURY AND / OR TOW DUE TO CRASH,ARMITAGE AVE,41.9174658361,-87.710685628,POINT (-87.71068562803 41.917465836077)
O1638274,BICYCLE,e6b1bd780ce7b20c4d0c253af0689136e47325ff2f40df60d1d1a703825ce43593273cddb4bfedcaa846aa17b27c8e44564c4af2dabff2f7d05b0191838e5665,08/11/2023 10:00:00 PM,M,19.0,HELMET NOT USED,AGAINST TRAFFIC,IN ROADWAY,TEST NOT OFFERED,,30,CLEAR,"DARKNESS, LIGHTED ROAD",PEDALCYCLIST,Y-INTERSECTION,STRAIGHT AND LEVEL,DRY,INJURY AND / OR TOW DUE TO CRASH,IRVING PARK RD,41.953531094,-87.7284371039,POINT (-87.728437103926 41.953531094043)
O1636991,BICYCLE,1195df86badfa88b8170e36d61cc3c40b935e6058e0e66a2d0fe6afa04bd6ccad1a581f713049af093d12604dc7f20cba84ac7b8800c31208309f783cafb7c89,08/11/2023 07:30:00 PM,M,11.0,HELMET NOT USED,UNKNOWN/NA,IN ROADWAY,TEST NOT OFFERED,,30,CLEAR,DAYLIGHT,PEDALCYCLIST,FOUR WAY,STRAIGHT AND LEVEL,DRY,INJURY AND / OR TOW DUE TO CRASH,JACKSON BLVD,41.8769837883,-87.7428237338,POINT (-87.742823733801 41.876983788256)
O1637056,BICYCLE,f95dfa651daaee975c8c93c25756e633a84207a809a1b8c970b93dc1c062cc5a1c83021ea5f1aa6dd726a9df85ad9f4d3236eeb34a5604e4ed75682cd56c10de,08/11/2023 05:49:00 PM,M,9.0,HELMET NOT USED,CROSSING - CONTROLS PRESENT (NOT AT INTERSECTION),IN ROADWAY,TEST NOT OFFERED,Y,20,CLEAR,DAYLIGHT,PEDALCYCLIST,ONE-WAY,STRAIGHT AND LEVEL,DRY,INJURY AND / OR TOW DUE TO CRASH,100TH PL,41.7116320934,-87.6219969519,POINT (-87.621996951893 41.711632093408)
O1636970,BICYCLE,7aa500ecb47388ffd2f89d354fefed589cfecfc76562537ba4135e9ee2f147d349b591457f99548010b3ad8019067dd8ff25f59ef43066eab21e689d6baee8aa,08/11/2023 05:45:00 PM,F,0.0,HELMET NOT USED,ENTER FROM DRIVE/ALLEY,IN ROADWAY,TEST NOT OFFERED,,10,CLEAR,DAYLIGHT,PEDALCYCLIST,NOT DIVIDED,STRAIGHT AND LEVEL,DRY,INJURY AND / OR TOW DUE TO CRASH,LAFLIN ST,41.8583840982,-87.6636317598,POINT (-87.663631759808 41.858384098216)
O1637522,BICYCLE,ae2865192f3f51dac0f9d532a49c46bc78d4ca6b244413be88dccf9a8af44b383f3d63910e636ab4afc51befbf7102ca402a502d8a7e0923a87ffa6663111354,08/11/2023 05:15:00 PM,M,,HELMET NOT USED,UNKNOWN/NA,UNKNOWN/NA,TEST NOT OFFERED,,30,CLEAR,DAYLIGHT,PEDALCYCLIST,DIVIDED - W/MEDIAN (NOT RAISED),STRAIGHT AND LEVEL,DRY,NO INJURY / DRIVE AWAY,WELLS ST,41.9116189985,-87.6345779564,POINT (-87.634577956378 41.911618998459)
O1636852,BICYCLE,51110c822c0b664b0309f201189d9d22c34635df5d17e7fecaea783b9c13a304491ff0d094fb1cb698ae77da887cdec2f5945bbd2c6f77bca8aaf9d3fca3d52b,08/11/2023 05:00:00 PM,M,17.0,HELMET NOT USED,WITH TRAFFIC,BIKEWAY,TEST NOT OFFERED,,30,CLEAR,DAYLIGHT,PEDALCYCLIST,PARKING LOT,STRAIGHT AND LEVEL,DRY,INJURY AND / OR TOW DUE TO CRASH,KINZIE ST,41.8889363976,-87.6403511123,POINT (-87.640351112313 41.888936397562)
O1636763,BICYCLE,88ae2a47b59720d47781ab9b980d8fdfb2fd04fc7d23baaac55d5d94b302d9f55b7502af53b80f38a85d164c7739b554950d7c1a946319ad6c5d4a6d571fc03b,08/11/2023 02:02:00 PM,M,35.0,HELMET NOT USED,TURNING LEFT,IN ROADWAY,TEST NOT OFFERED,,20,CLEAR,DAYLIGHT,PEDALCYCLIST,NOT DIVIDED,STRAIGHT AND LEVEL,DRY,NO INJURY / DRIVE AWAY,WRIGHTWOOD AVE,41.9287042622,-87.6657759428,POINT (-87.665775942808 41.928704262199)
O1636822,BICYCLE,ae7713bf0e34e9f8d7bb3716909cf3004ff07cc09d7f79e5fd138429204db00cf75a8d8878bed09b902235ae8a1fd0303a5770949955575c26d5d11934fed1de,08/11/2023 12:10:00 PM,M,21.0,HELMET NOT USED,NO ACTION,BIKE LANE,TEST NOT OFFERED,,30,CLEAR,DAYLIGHT,PEDALCYCLIST,DIVIDED - W/MEDIAN (NOT RAISED),STRAIGHT AND LEVEL,DRY,INJURY AND / OR TOW DUE TO CRASH,MILWAUKEE AVE,41.9120188186,-87.6797756326,POINT (-87.679775632606 41.912018818573)
O1636531,BICYCLE,c5cf7e356b36544d7cf5568e2a2a4bbeaf04a0e66fd4c3351262d32af671366b5bdc3600e67d5c373d47eaef75e37571cd592cc5736cbc67644d2d169f418d9c,08/11/2023 11:09:00 AM,M,31.0,BICYCLE HELMET (PEDACYCLIST INVOLVED ONLY),WITH TRAFFIC,BIKE LANE,TEST NOT OFFERED,,30,CLOUDY/OVERCAST,DAYLIGHT,PEDALCYCLIST,FOUR WAY,STRAIGHT AND LEVEL,DRY,INJURY AND / OR TOW DUE TO CRASH,HALSTED ST,41.9354092987,-87.6492528167,POINT (-87.649252816735 41.935409298737)
O1636448,BICYCLE,4040ae66f2443340615ebcaa456cae891b420ee1fc360b55f6b9c3287e175059cd8d1faf3f5371e27f32a135fa01e5e2d2863985caeb015e417f86d127330a43,08/11/2023 08:55:00 AM,M,16.0,HELMET NOT USED,NO ACTION,BIKEWAY,TEST NOT OFFERED,,30,RAIN,DAYLIGHT,PEDALCYCLIST,NOT DIVIDED,STRAIGHT AND LEVEL,WET,INJURY AND / OR TOW DUE TO CRASH,FULLERTON AVE,41.9241752369,-87.7593823869,POINT (-87.759382386923 41.924175236913)
O1636430,BICYCLE,41854a798538f5314e9c71d654b708125bb767132fa1a6c94d3762717d74b2447b21473a0fd8a06175ea68946ef2a6351640546e56b710f17e059fa1911b3a55,08/11/2023 06:52:00 AM,M,56.0,HELMET NOT USED,CROSSING - AGAINST SIGNAL,IN ROADWAY,TEST NOT OFFERED,,30,CLOUDY/OVERCAST,DAYLIGHT,PEDALCYCLIST,T-INTERSECTION,STRAIGHT AND LEVEL,DRY,INJURY AND / OR TOW DUE TO CRASH,CICERO AVE,41.8714581312,-87.7450745556,POINT (-87.745074555577 41.87145813119)
O1636405,BICYCLE,c3ef28106e1ef3f8aee6133369bd870ce2045834d2bfcdb8b01ab4ba40c5798af898269ad9f19f6e38bb7342f2007171f8cfd113a774cfce4c33255befd64325,08/11/2023 06:15:00 AM,M,38.0,HELMET NOT USED,OTHER ACTION,IN ROADWAY,TEST NOT OFFERED,,30,CLOUDY/OVERCAST,DAYLIGHT,PEDALCYCLIST,DIVIDED - W/MEDIAN (NOT RAISED),STRAIGHT AND LEVEL,DRY,INJURY AND / OR TOW DUE TO CRASH,CICERO AVE,41.866385137,-87.7449168289,POINT (-87.7449168289 41.866385137027)
O1636357,BICYCLE,05085da034f6510707b751e890bac29965f826e797a3c6cf1a83142437ae9c7543170a1a60acc888dfa29efab262550b59e1b795fc8f49f74109a8bc9a298755,08/10/2023 11:26:00 PM,M,36.0,HELMET NOT USED,WITH TRAFFIC,BIKEWAY,TEST NOT OFFERED,,30,CLEAR,"DARKNESS, LIGHTED ROAD",PEDALCYCLIST,DIVIDED - W/MEDIAN BARRIER,STRAIGHT AND LEVEL,DRY,INJURY AND / OR TOW DUE TO CRASH,ASHLAND AVE,41.8823358858,-87.6666891057,POINT (-87.666689105745 41.882335885768)
O1636308,NON-MOTOR VEHICLE,057379697f0ae44980f8cc6c4906e6b867d598a9259a2f99b08c4d53a0a3aceae74ec791d3c4cac9f73d9a98817c4bd6f065cc23f81616d95ee0813cefae895e,08/10/2023 07:56:00 PM,M,76.0,USAGE UNKNOWN,,,TEST NOT OFFERED,,30,CLEAR,"DARKNESS, LIGHTED ROAD",OTHER OBJECT,T-INTERSECTION,STRAIGHT AND LEVEL,DRY,NO INJURY / DRIVE AWAY,55TH ST,41.793445188,-87.7146458513,POINT (-87.714645851304 41.793445188045)
O1636206,BICYCLE,0e0a187a2be340c9b72f8c966fa42750fcf85690338681132109e0f26706479c0965fd8cdb508fac0056e918b7fd072e3622f49404e7def6155096cf8b378524,08/10/2023 04:35:00 PM,,,HELMET NOT USED,WITH TRAFFIC,IN ROADWAY,,,20,CLEAR,DAYLIGHT,PEDALCYCLIST,ONE-WAY,STRAIGHT AND LEVEL,DRY,NO INJURY / DRIVE AWAY,WINCHESTER AVE,41.7610315287,-87.6720702923,POINT (-87.672070292276 41.761031528678)
O1636131,NON-MOTOR VEHICLE,957a62166b97e2ca96f939b0d2b5d6d3f010bb19c413d1f5f0bbc1a27565dda698634307ee6c22f34e6cda387c5ed018012e2e2ef19a9c4db967c1414d74e8fb,08/10/2023 03:25:00 PM,F,37.0,NONE PRESENT,NO ACTION,NOT IN ROADWAY,TEST NOT OFFERED,,30,CLEAR,DAYLIGHT,FIXED OBJECT,PARKING LOT,STRAIGHT AND LEVEL,DRY,NO INJURY / DRIVE AWAY,KEDZIE AVE,41.7032941586,-87.7013908272,POINT (-87.701390827217 41.703294158566)
O1636347,BICYCLE,99807f5aa3deac36285e9005ed434b044e6c9fc6891d10b70693d143056ae1bc2469a448ac21853cfbbc21b2b910db00003fc10c156c27bb5a4cd7f6519da0d9,08/10/2023 03:00:00 PM,M,20.0,BICYCLE HELMET (PEDACYCLIST INVOLVED ONLY),CROSSING - CONTROLS PRESENT (NOT AT INTERSECTION),NOT IN ROADWAY,TEST NOT OFFERED,,30,CLEAR,DAYLIGHT,PEDALCYCLIST,PARKING LOT,STRAIGHT AND LEVEL,DRY,INJURY AND / OR TOW DUE TO CRASH,CENTRAL AVE,41.9236610623,-87.7661255171,POINT (-87.766125517117 41.923661062297)
O1636091,BICYCLE,ec0d858da5e7a1f4802f39720d577888ad195e928106fe800e3f3deff2e1d2f5277b1234990f9e84760d5f77681ce5ea87c2f99267a6027325c527f0f8bb7f9b,08/10/2023 01:45:00 PM,F,48.0,HELMET NOT USED,TURNING RIGHT,IN ROADWAY,TEST NOT OFFERED,N,35,CLEAR,DAYLIGHT,PEDALCYCLIST,NOT DIVIDED,STRAIGHT AND LEVEL,UNKNOWN,INJURY AND / OR TOW DUE TO CRASH,ROOSEVELT RD,41.8673626926,-87.6392931946,POINT (-87.639293194642 41.867362692617)
O1636039,BICYCLE,1b328a88ea4557659e561e6d4e2d34422900b77e902a3b1435d51869b4a4ba4ead77112fd38b0c2ae6b83de9bf0d9a31bdfb74985b3893d956ead3790761f12b,08/10/2023 12:07:00 PM,M,23.0,HELMET NOT USED,UNKNOWN/NA,UNKNOWN/NA,TEST NOT OFFERED,,30,CLEAR,DAYLIGHT,PEDALCYCLIST,NOT DIVIDED,STRAIGHT AND LEVEL,DRY,NO INJURY / DRIVE AWAY,18TH ST,41.8581457635,-87.6506145215,POINT (-87.650614521478 41.858145763493)
O1635993,NON-MOTOR VEHICLE,b7b0a2a3b996b20ecfe52bb2c4d8b69a9e15fc43d1c100d6648ce649edb005ca59b869f987b84138e030074ade511e5745b6e2f7b80cbc47d87506cc6d5dac3e,08/10/2023 11:39:00 AM,X,,NONE PRESENT,,,TEST NOT OFFERED,,10,CLEAR,DAYLIGHT,FIXED OBJECT,ALLEY,STRAIGHT AND LEVEL,DRY,NO INJURY / DRIVE AWAY,HOYNE AVE,41.9190121893,-87.6799909718,POINT (-87.679990971806 41.919012189263)
O1635883,BICYCLE,11925a97be623ad01b961135cb13e6c1a8c0f3ec63e2d05e776d7264f6c82e048844869cb8bf67bc932ca30c1418a8e5b33c9f134f0a1aa7d3887b5d44fa7032,08/10/2023 07:50:00 AM,M,37.0,HELMET NOT USED,CROSSING - CONTROLS PRESENT (NOT AT INTERSECTION),IN ROADWAY,TEST NOT OFFERED,,25,CLEAR,DAYLIGHT,PEDALCYCLIST,FOUR WAY,STRAIGHT AND LEVEL,DRY,INJURY AND / OR TOW DUE TO CRASH,ARTHUR AVE,42.0000332223,-87.6691629487,POINT (-87.669162948688 42.000033222345)
O1635827,BICYCLE,53975c2c6691a035e4ed6734223cee59dc272a9b26a31a3d8c16da8feddeb3e2fbb53d415365212d37736bde0f8d721eeaaa28b1a137232c669eec46df8f0943,08/10/2023 02:09:00 AM,M,22.0,HELMET NOT USED,OTHER ACTION,IN CROSSWALK,TEST NOT OFFERED,,30,CLEAR,"DARKNESS, LIGHTED ROAD",PEDALCYCLIST,DIVIDED - W/MEDIAN (NOT RAISED),STRAIGHT AND LEVEL,DRY,NO INJURY / DRIVE AWAY,47TH ST,41.8080730541,-87.7162964122,POINT (-87.716296412225 41.808073054096)
O1636153,BICYCLE,3dbf33193f745709643482ac6e0daa9a5671bfe91ddd2ea389f222f03f8ba92d4a51a5d40ca24b5bdaa82fc9147ef7963f658cab6f68ef5eb47de9eb2e6c8abc,08/09/2023 11:30:00 PM,M,37.0,HELMET NOT USED,NO ACTION,BIKEWAY,TEST NOT OFFERED,,30,CLEAR,"DARKNESS, LIGHTED ROAD",PEDALCYCLIST,NOT DIVIDED,STRAIGHT AND LEVEL,DRY,INJURY AND / OR TOW DUE TO CRASH,ARMITAGE AVE,41.9172044226,-87.7320599106,POINT (-87.732059910587 41.917204422625)
O1635777,BICYCLE,05fe29e34ab18ab805a6ffe84a7c75b13a423f97e542653e6e5f9aca6267f020f9ec0e6984947e674ab6605c7c80f697ba78005b9994c81c77359a5cbc05b723,08/09/2023 09:10:00 PM,M,17.0,BICYCLE HELMET (PEDACYCLIST INVOLVED ONLY),WITH TRAFFIC,IN ROADWAY,TEST NOT OFFERED,,30,CLEAR,DARKNESS,PEDALCYCLIST,FOUR WAY,STRAIGHT AND LEVEL,DRY,INJURY AND / OR TOW DUE TO CRASH,MONTROSE AVE,41.9600843623,-87.7875847344,POINT (-87.787584734395 41.960084362269)