PERSON_ID,PERSON_TYPE,CRASH_RECORD_ID,CRASH_DATE_x,SEX,AGE,SAFETY_EQUIPMENT,PEDPEDAL_ACTION,PEDPEDAL_LOCATION,BAC_RESULT,CRASH_DATE_EST_I,POSTED_SPEED_LIMIT,WEATHER_CONDITION,LIGHTING_CONDITION,FIRST_CRASH_TYPE,TRAFFICWAY_TYPE,ALIGNMENT,ROADWAY_SURFACE_COND,CRASH_TYPE,STREET_NAME,LATITUDE,LONGITUDE,LOCATION
O1636044,NON-MOTOR VEHICLE,f95486860343c2649696501b02386b82f86854427e38f4862d48ce32d1bb49d092b3730fca5d351220ee1ba6b719b388508e5b8570f55bb0bf5ef76fdcb7066c,08/09/2023 07:34:00 PM,F,12.0,NONE PRESENT,ENTER FROM DRIVE/ALLEY,IN ROADWAY,TEST NOT OFFERED,,30,CLEAR,DAWN,FIXED OBJECT,DIVIDED - W/MEDIAN (NOT RAISED),STRAIGHT AND LEVEL,DRY,INJURY AND / OR TOW DUE TO CRASH,WASHINGTON BLVD,41.8821708854,-87.7621007767,POINT (-87.762100776687 41.882170885351)
O1636001,BICYCLE,0cad473e84f6435d9ce619baf0bdc106ab1959316cb279684f022c3bc719a8b9e6bb07613b48121ab1e9b182e63b38aa7a8facf876aecb1258f2f05db55887d6,08/09/2023 06:55:00 PM,M,34.0,HELMET NOT USED,UNKNOWN/NA,IN ROADWAY,TEST NOT OFFERED,,25,CLEAR,DAYLIGHT,PEDALCYCLIST,NOT REPORTED,STRAIGHT AND LEVEL,DRY,NO INJURY / DRIVE AWAY,KIMBALL AVE,41.9885488289,-87.7140743058,POINT (-87.714074305782 41.988548828855)
O1635470,BICYCLE,eb7efdafaf02ba05133a7f9355d2af330bf86615cade4b042aa1c016027782f3279030f500e6bfcc34e8f175b9103617ed397f4e5f33c6aa4143894dbaa0ba05,08/09/2023 12:39:00 PM,M,30.0,BICYCLE HELMET (PEDACYCLIST INVOLVED ONLY),WITH TRAFFIC,IN ROADWAY,TEST REFUSED,,20,CLEAR,DAYLIGHT,PEDALCYCLIST,NOT DIVIDED,STRAIGHT AND LEVEL,DRY,INJURY AND / OR TOW DUE TO CRASH,GLENWOOD AVE,42.0032068274,-87.6658157207,POINT (-87.665815720709 42.003206827384)
O1638315,BICYCLE,c2bb826d899308bc611adaf56736f9167abb97a29d45e86b6806810c49e6601a2ec6eafab87374bdf8fb5b6bfb556a53ec7a418633d4df77daf25ebf1b89cdb6,08/08/2023 11:40:00 PM,M,33.0,HELMET NOT USED,TURNING LEFT,IN ROADWAY,TEST NOT OFFERED,,30,CLEAR,"DARKNESS, LIGHTED ROAD",PEDALCYCLIST,NOT DIVIDED,STRAIGHT AND LEVEL,DRY,INJURY AND / OR TOW DUE TO CRASH,STATE ST,41.8893187111,-87.6281526679,POINT (-87.6281526679 41.889318711059)
O1635285,BICYCLE,89c753817a07a97884f0530399a819e48a1749fda4184955f571c0fd2df7a0ccc15f6ccd8b9f91e2b0af87e5bf8af91ec7c5cd05eea7e94b4c7bad0ad2e8da24,08/08/2023 09:40:00 PM,M,36.0,HELMET NOT USED,WITH TRAFFIC,UNKNOWN/NA,TEST NOT OFFERED,,25,CLEAR,"DARKNESS, LIGHTED ROAD",PEDALCYCLIST,NOT DIVIDED,STRAIGHT AND LEVEL,DRY,NO INJURY / DRIVE AWAY,MILWAUKEE AVE,41.9167153093,-87.6874736526,POINT (-87.68747365262 41.91671530927)
O1635144,BICYCLE,c8e2e03e61313a3363668d86a73046143510b52689be590390359da39b3c91b95c4a6e15068f6ea7a1ee2f7baa068e57543692a4bde8c28da1fdc076c557e6d4,08/08/2023 06:20:00 PM,M,38.0,HELMET NOT USED,WITH TRAFFIC,IN ROADWAY,TEST NOT OFFERED,,25,CLEAR,DAYLIGHT,PEDALCYCLIST,NOT DIVIDED,STRAIGHT AND LEVEL,UNKNOWN,NO INJURY / DRIVE AWAY,MICHIGAN AVE,41.9002110051,-87.6243229766,POINT (-87.624322976633 41.900211005103)
O1635193,BICYCLE,871bc954b22dff60934563fbfb2507c47f4c4fe470d7eb3450c43c202058a55b610d5ce213ca8c72cb0061fb4fdd5ad47f7348f5f3422a6eda7d89d2664e02dc,08/08/2023 05:03:00 PM,F,0.0,BICYCLE HELMET (PEDACYCLIST INVOLVED ONLY),CROSSING - AGAINST SIGNAL,BIKE LANE,TEST NOT OFFERED,,30,CLEAR,DAYLIGHT,PEDALCYCLIST,ONE-WAY,STRAIGHT AND LEVEL,DRY,INJURY AND / OR TOW DUE TO CRASH,WASHINGTON ST,41.8833200223,-87.6339332677,POINT (-87.633933267711 41.883320022301)
O1634976,BICYCLE,638a0b5d44b46fae0f284eb9cee23ba0128fb8640ac2bd5b53792080df9796a18773842750ae4062c4a3888cce63c53bcb11a2b0518186ed3e4a7c2c36416c2f,08/08/2023 01:45:00 PM,M,,HELMET NOT USED,CROSSING - NO CONTROLS (NOT AT INTERSECTION),IN ROADWAY,TEST NOT OFFERED,N,30,CLEAR,DAYLIGHT,PEDALCYCLIST,NOT DIVIDED,STRAIGHT AND LEVEL,DRY,INJURY AND / OR TOW DUE TO CRASH,JUSTINE ST,41.7866699889,-87.6633097077,POINT (-87.663309707718 41.786669988896)
O1635034,BICYCLE,8259bb244081aee5c113c088b9d0535d66906c9c4f0b5620ccfa508352d31c87fe331bc16cd76ef43eadea3eaa7d5036933418a8aad2a245316426890e64718c,08/08/2023 01:30:00 PM,M,20.0,BICYCLE HELMET (PEDACYCLIST INVOLVED ONLY),CROSSING - CONTROLS PRESENT (NOT AT INTERSECTION),BIKE LANE,TEST NOT OFFERED,,30,CLEAR,DAYLIGHT,PEDALCYCLIST,NOT DIVIDED,STRAIGHT AND LEVEL,DRY,NO INJURY / DRIVE AWAY,HALSTED ST,41.8373944311,-87.6464077068,POINT (-87.646407706756 41.837394431137)
O1634826,BICYCLE,4460e3f27389f54b7037174eee552b7764bb4408fdb4df3dca4cff516317eea896a0f6445f23aa34b5af0a0695ad80677ceda777ea13850af4a072adb5f26c29,08/08/2023 03:30:00 AM,X,,HELMET NOT USED,WITH TRAFFIC,IN ROADWAY,TEST NOT OFFERED,,30,CLEAR,DAYLIGHT,PEDALCYCLIST,NOT DIVIDED,STRAIGHT AND LEVEL,DRY,NO INJURY / DRIVE AWAY,CICERO AVE,41.8068549833,-87.7429839684,POINT (-87.742983968417 41.806854983341)
O1634663,BICYCLE,a24b37f528aa7445677f5a2f247fec7eedc831afeca24ba7dac37cc2dc5417c3b333e9d05ac668dda8e56230797785424d6b80cc52eb373dfc2620d61c2f2f1a,08/07/2023 10:13:00 PM,M,51.0,HELMET NOT USED,UNKNOWN/NA,UNKNOWN/NA,TEST NOT OFFERED,,30,CLEAR,"DARKNESS, LIGHTED ROAD",PEDALCYCLIST,T-INTERSECTION,STRAIGHT AND LEVEL,DRY,INJURY AND / OR TOW DUE TO CRASH,HOMAN AVE,41.8116932453,-87.7091651718,POINT (-87.709165171839 41.811693245345)
O1634634,BICYCLE,cab9a1cc760a454c4a54942812135610ff9efd4ce32a6193c74acc2dad4c5ab7495c00229f2ea57b6a72dbeeb62ac8a588dde3c9cb8b49d54214b03b15ca28ac,08/07/2023 10:10:00 PM,M,51.0,HELMET NOT USED,OTHER ACTION,BIKEWAY,TEST NOT OFFERED,,25,CLEAR,DUSK,PEDALCYCLIST,T-INTERSECTION,STRAIGHT AND LEVEL,DRY,INJURY AND / OR TOW DUE TO CRASH,ARCHER AVE,41.8107718439,-87.7098777742,POINT (-87.709877774223 41.810771843918)
O1634880,BICYCLE,8d8bbd15ae9f4e0ea379d52e8822171ae722fe27e4fc7a1b5c5b4d1e50857b655674de654a1cac8221fa45c3937300fc17542d45ae69308d7a5dfb9d2055d69f,08/07/2023 09:20:00 PM,M,20.0,BICYCLE HELMET (PEDACYCLIST INVOLVED ONLY),WITH TRAFFIC,BIKEWAY,TEST NOT OFFERED,,30,CLEAR,DUSK,PEDALCYCLIST,DIVIDED - W/MEDIAN (NOT RAISED),STRAIGHT AND LEVEL,UNKNOWN,INJURY AND / OR TOW DUE TO CRASH,ARCHER AVE,41.8536207444,-87.6329813299,POINT (-87.632981329856 41.853620744431)
O1634492,BICYCLE,8374872410a57e2346474dbaf3b5b7d99da6f79d15a94ac7699065463d380655679a9298985cb13e531cd6a358de0885fe0bb62a08d44e4ab069e1a8c006b472,08/07/2023 05:38:00 PM,M,41.0,HELMET NOT USED,OTHER ACTION,IN ROADWAY,TEST NOT OFFERED,,30,CLEAR,DAYLIGHT,PEDALCYCLIST,FOUR WAY,STRAIGHT AND LEVEL,DRY,INJURY AND / OR TOW DUE TO CRASH,CHICAGO AVE,41.8956617288,-87.7067107407,POINT (-87.706710740738 41.895661728843)
O1634439,BICYCLE,b03c355c4344364e78ea4179b290bbc2a738b857a8ca48ee75956bb755a33879c386433067012873b25434b860f45c4c8c2fc30eda5852b84290e63e5f81fdd3,08/07/2023 04:50:00 PM,F,19.0,HELMET NOT USED,WITH TRAFFIC,IN CROSSWALK,TEST NOT OFFERED,,30,CLEAR,DAYLIGHT,PEDALCYCLIST,NOT DIVIDED,STRAIGHT AND LEVEL,DRY,INJURY AND / OR TOW DUE TO CRASH,KEDZIE AVE,41.9467247372,-87.7076779769,POINT (-87.70767797693 41.946724737237)
O1635103,BICYCLE,3fcbb2acb6ab036ec4680985d5f6dd08cfb37324f6188bb96b8219e2bb466a4ccfeaec3b459b190be547ddc1f3b6798ee29fa7dd06e3a040ad6d3dd0353ef7a7,08/07/2023 03:00:00 PM,M,,HELMET NOT USED,OTHER ACTION,IN ROADWAY,,,30,UNKNOWN,DAYLIGHT,PEDALCYCLIST,NOT DIVIDED,STRAIGHT AND LEVEL,UNKNOWN,INJURY AND / OR TOW DUE TO CRASH,PULASKI RD,41.9318310256,-87.727126873,POINT (-87.727126873005 41.931831025615)
O1634641,BICYCLE,5ada97e93556dcebd8b46cef53103ed3412c7817b3308ec30e4fbdf78ba122f1063a077fb05035acb728faa70ce28d4a33b99359b5693d91fd8dc40309108eae,08/07/2023 10:30:00 AM,M,60.0,BICYCLE HELMET (PEDACYCLIST INVOLVED ONLY),AGAINST TRAFFIC,IN ROADWAY,TEST NOT OFFERED,,30,CLEAR,"DARKNESS, LIGHTED ROAD",PEDALCYCLIST,FOUR WAY,STRAIGHT AND LEVEL,DRY,INJURY AND / OR TOW DUE TO CRASH,AUGUSTA BLVD,41.8984194228,-87.7619656201,POINT (-87.761965620112 41.898419422807)
O1634135,BICYCLE,d680c9e5f5fa053af2f11a2fccc901bcddd3160c549e808482a8f2a1b8b809e84dbb04e0997433140b149423735761dd5db5d1941cce3aa745cfeec40b1c65b4,08/07/2023 08:45:00 AM,M,,BICYCLE HELMET (PEDACYCLIST INVOLVED ONLY),CROSSING - NO CONTROLS (NOT AT INTERSECTION),UNKNOWN/NA,TEST NOT OFFERED,,30,CLEAR,DAYLIGHT,PEDALCYCLIST,NOT DIVIDED,STRAIGHT ON GRADE,DRY,NO INJURY / DRIVE AWAY,NORTH BLVD,41.9111122365,-87.6289486307,POINT (-87.62894863068 41.911112236545)
O1634058,BICYCLE,6122493541defb42e439cd9a957d880bd1be855ae3610e0db78a0655966c4906862c9a431ce1228734da57f0a929c1afb321cc80fda3e1c6ca153e86b9781bcd,08/07/2023 08:11:00 AM,M,51.0,BICYCLE HELMET (PEDACYCLIST INVOLVED ONLY),OTHER ACTION,BIKE LANE,TEST NOT OFFERED,,30,CLEAR,DAYLIGHT,PEDALCYCLIST,NOT DIVIDED,STRAIGHT AND LEVEL,DRY,NO INJURY / DRIVE AWAY,DAMEN AVE,41.8858219752,-87.6766172728,POINT (-87.676617272755 41.885821975202)
O1633986,BICYCLE,044101efeb6237c3901cc8e360d22d841023aec77896482697886eedfae93054cc3eca40e79bdcca67c5aac011db5a589ebe43024b6bf606933c1a0bd7901b4a,08/07/2023 01:35:00 AM,M,59.0,HELMET NOT USED,CROSSING - AGAINST SIGNAL,IN ROADWAY,TEST NOT OFFERED,,30,CLEAR,"DARKNESS, LIGHTED ROAD",PEDALCYCLIST,FOUR WAY,STRAIGHT AND LEVEL,DRY,INJURY AND / OR TOW DUE TO CRASH,LA SALLE DR,41.8899640875,-87.6323997245,POINT (-87.632399724456 41.889964087532)
O1633863,BICYCLE,5001d8eb467bf91a0c40044ee7185eb73c00c5a8921abe25813ffb6ee33163d321ad161f769241b077c692fcd2ac4f4ed8093747c30cac164f5df7f40a021871,08/06/2023 06:10:00 PM,M,38.0,HELMET NOT USED,WITH TRAFFIC,BIKE LANE,TEST NOT OFFERED,,25,CLOUDY/OVERCAST,DAYLIGHT,PEDALCYCLIST,DIVIDED - W/MEDIAN BARRIER,STRAIGHT AND LEVEL,DRY,INJURY AND / OR TOW DUE TO CRASH,CLARK ST,41.9890201931,-87.6700662495,POINT (-87.670066249482 41.989020193052)
O1633751,BICYCLE,7cf0c444bf7ea125272bc940700cac91b801ee33b3a72627871185e445d447477d2dfd53c1137201084d9e02af065e04b0ebad9238b3a92a2c60b8ca121fb45a,08/06/2023 04:30:00 PM,M,29.0,HELMET NOT USED,WITH TRAFFIC,BIKE LANE,TEST NOT OFFERED,,30,RAIN,DAYLIGHT,PEDALCYCLIST,NOT DIVIDED,STRAIGHT AND LEVEL,WET,INJURY AND / OR TOW DUE TO CRASH,ARMITAGE AVE,41.9172057707,-87.7140079488,POINT (-87.714007948795 41.91720577067)
O1633747,BICYCLE,0ec3b9735528b91761414a7fba9e8d6df5922bf5e58a6facea6137368b12bd36de56bb699f3ecd23e3df91f8cc149da83164677fbbd257a487cc2f0a6bd3ab3d,08/06/2023 04:00:00 PM,M,38.0,HELMET NOT USED,WITH TRAFFIC,SHOULDER,TEST NOT OFFERED,,30,FREEZING RAIN/DRIZZLE,DAYLIGHT,PEDALCYCLIST,UNKNOWN,STRAIGHT AND LEVEL,WET,NO INJURY / DRIVE AWAY,MICHIGAN AVE,41.8670614529,-87.6242915566,POINT (-87.624291556574 41.867061452934)
O1634203,BICYCLE,0eb8107ca5e892ff9e2039251a682e33b3b35f5fbeea2c81d31db3cea3a0283c8f6b4db00c4452d9aa263fec12bc6c49804a7c586217798ef4263c17907f2375,08/06/2023 02:30:00 PM,F,35.0,HELMET NOT USED,WITH TRAFFIC,BIKE LANE,TEST NOT OFFERED,,30,CLEAR,DAYLIGHT,PEDALCYCLIST,NOT DIVIDED,STRAIGHT AND LEVEL,DRY,INJURY AND / OR TOW DUE TO CRASH,CLARK ST,41.9300328797,-87.6432543349,POINT (-87.643254334859 41.930032879745)
O1633367,BICYCLE,60e1efcc03d555ca094556e9bccd1a340b699b4be8f9800e649357f0470ddcc59829bfd6a2b9c23ea7ea294b1559051470cb9fc01adecba01cd0c42c6a4bd46a,08/06/2023 01:05:00 AM,M,42.0,HELMET NOT USED,AGAINST TRAFFIC,NOT IN ROADWAY,TEST NOT OFFERED,,15,RAIN,"DARKNESS, LIGHTED ROAD",PEDALCYCLIST,ALLEY,STRAIGHT ON GRADE,WET,INJURY AND / OR TOW DUE TO CRASH,WESTERN AVE,41.9973593956,-87.6897236703,POINT (-87.689723670316 41.997359395642)
O1633278,BICYCLE,9b0827f80790f144b9ba164d9a496a40b384bf557eb5ad08863731bff7ba373fa9b5e117c4bd7c91294fdfde1afd7a5d2d2368872abd4afb2f447b64e8c1c1bb,08/05/2023 10:24:00 PM,M,31.0,BICYCLE HELMET (PEDACYCLIST INVOLVED ONLY),WITH TRAFFIC,BIKE LANE,TEST NOT OFFERED,,30,RAIN,"DARKNESS, LIGHTED ROAD",PEDALCYCLIST,DIVIDED - W/MEDIAN (NOT RAISED),STRAIGHT AND LEVEL,WET,INJURY AND / OR TOW DUE TO CRASH,MILWAUKEE AVE,41.904024731,-87.6672999334,POINT (-87.667299933372 41.904024731015)
O1633193,BICYCLE,c9a420f0c153617235e2b9463c7ad2a4788eac7c3f3e91732a904614dcf90c00b6f9fc2406b91f7646f8009ceedc5c4f2828ad097391f435d3cef82ff4fc64a9,08/05/2023 07:45:00 PM,M,53.0,BICYCLE HELMET (PEDACYCLIST INVOLVED ONLY),TURNING RIGHT,IN ROADWAY,,,30,RAIN,DUSK,PEDALCYCLIST,DIVIDED - W/MEDIAN (NOT RAISED),STRAIGHT AND LEVEL,WET,INJURY AND / OR TOW DUE TO CRASH,ASHLAND AVE,41.8832545646,-87.6667236301,POINT (-87.666723630079 41.883254564577)
O1633224,BICYCLE,df40f5634cf675d1b2bc92c7f53c72c7554a72b4fc5fe7018f05ad136f0d0e9a5bad4ef34ef4bc986aa1d61e9ea97f0d3b2d7f8eca5f1c9b69bbfabae7bdcc2f,08/05/2023 07:21:00 PM,F,32.0,HELMET NOT USED,WITH TRAFFIC,IN ROADWAY,TEST NOT OFFERED,,30,CLEAR,DUSK,PEDALCYCLIST,ONE-WAY,STRAIGHT AND LEVEL,DRY,INJURY AND / OR TOW DUE TO CRASH,HOYNE AVE,41.9380627309,-87.6805916502,POINT (-87.680591650247 41.938062730892)
O1632772,BICYCLE,377bce3c9c6d70b8fbc43a661e61a3e45e72989b283e59f0f83e58b42595158b364253787d142a873e5645218266ddb593108a6b93b60ab6cdc018bbb0a4312e,08/05/2023 08:00:00 AM,M,,USAGE UNKNOWN,WITH TRAFFIC,UNKNOWN/NA,TEST NOT OFFERED,,30,CLOUDY/OVERCAST,DAYLIGHT,PEDALCYCLIST,DIVIDED - W/MEDIAN (NOT RAISED),STRAIGHT AND LEVEL,DRY,INJURY AND / OR TOW DUE TO CRASH,CALIFORNIA AVE,41.8321338029,-87.6947280593,POINT (-87.694728059276 41.83213380291)
O1633461,BICYCLE,377bce3c9c6d70b8fbc43a661e61a3e45e72989b283e59f0f83e58b42595158b364253787d142a873e5645218266ddb593108a6b93b60ab6cdc018bbb0a4312e,08/05/2023 08:00:00 AM,M,,HELMET NOT USED,WITH TRAFFIC,UNKNOWN/NA,TEST NOT OFFERED,,30,CLOUDY/OVERCAST,DAYLIGHT,PEDALCYCLIST,DIVIDED - W/MEDIAN (NOT RAISED),STRAIGHT AND LEVEL,DRY,INJURY AND / OR TOW DUE TO CRASH,CALIFORNIA AVE,41.8321338029,-87.6947280593,POINT (-87.694728059276 41.83213380291)
O1632652,BICYCLE,1d56e4ec2ea18d58d11e191fe9d650485b0d1ccc23adf6cb4de30c8c89879708cec902ec971a32cbc784f5cd40ef1b5ec97b397485152fb567b1e84ff03d945b,08/05/2023 02:40:00 AM,M,28.0,HELMET NOT USED,UNKNOWN/NA,IN ROADWAY,TEST NOT OFFERED,,30,CLEAR,UNKNOWN,PEDALCYCLIST,ONE-WAY,STRAIGHT AND LEVEL,DRY,INJURY AND / OR TOW DUE TO CRASH,PALMER ST,41.9217650377,-87.7009958823,POINT (-87.700995882322 41.921765037691)
O1632642,BICYCLE,4794c2ff5ddb358f5c75076cbe3a93d414bf965d99d166549741273c3baf0dfa79aaaf3f83332f378849cc52a71a382b40bae002c47100b317a7af6d717774a1,08/05/2023 12:52:00 AM,F,24.0,HELMET NOT USED,CROSSING - NO CONTROLS (NOT AT INTERSECTION),BIKEWAY,TEST NOT OFFERED,,30,CLEAR,"DARKNESS, LIGHTED ROAD",PEDALCYCLIST,ALLEY,STRAIGHT AND LEVEL,DRY,INJURY AND / OR TOW DUE TO CRASH,DEARBORN ST,41.8825501856,-87.6295670459,POINT (-87.62956704595 41.882550185599)
O1638581,BICYCLE,b3537adb4e1c2580c62f6bdd6f26c59beae8d4866770b37ce84292d1b8d3f601717b64473be57391d0e57c6fc5c4426e1d53dcc86d4cd0ac500ff265b1ea5b5b,08/05/2023 12:00:00 AM,M,30.0,HELMET NOT USED,WITH TRAFFIC,UNKNOWN/NA,TEST NOT OFFERED,,30,RAIN,DARKNESS,PEDALCYCLIST,NOT DIVIDED,STRAIGHT AND LEVEL,UNKNOWN,NO INJURY / DRIVE AWAY,HALSTED ST,41.9388697895,-87.6490864972,POINT (-87.649086497223 41.938869789494)
O1632517,BICYCLE,deb84726db14677a4a5fb74be6799ebb5869d36e46b52face9d6fe8066aa7980b9771d355a1a9de1cf5ac4957095e39e7e915f7bcb12d7b4bc34f9f52d4e4337,08/04/2023 08:00:00 PM,M,20.0,HELMET NOT USED,WITH TRAFFIC,IN ROADWAY,TEST NOT OFFERED,,30,CLEAR,"DARKNESS, LIGHTED ROAD",PEDALCYCLIST,DIVIDED - W/MEDIAN (NOT RAISED),STRAIGHT AND LEVEL,DRY,INJURY AND / OR TOW DUE TO CRASH,BELMONT AVE,41.9401983227,-87.6415450199,POINT (-87.641545019915 41.940198322732)
O1634247,BICYCLE,deb84726db14677a4a5fb74be6799ebb5869d36e46b52face9d6fe8066aa7980b9771d355a1a9de1cf5ac4957095e39e7e915f7bcb12d7b4bc34f9f52d4e4337,08/04/2023 08:00:00 PM,M,20.0,HELMET NOT USED,WITH TRAFFIC,IN ROADWAY,TEST NOT OFFERED,,30,CLEAR,"DARKNESS, LIGHTED ROAD",PEDALCYCLIST,DIVIDED - W/MEDIAN (NOT RAISED),STRAIGHT AND LEVEL,DRY,INJURY AND / OR TOW DUE TO CRASH,BELMONT AVE,41.9401983227,-87.6415450199,POINT (-87.641545019915 41.940198322732)
O1632225,BICYCLE,0d28e9b4b8c5ada01ac2f530cf356620de09c8f46d592afb95a6c144584f1207cdfa3c240504021ecb49e4f3cc84f4e6c6dced080f9ac963fad5475a2149942e,08/04/2023 02:30:00 PM,M,21.0,HELMET NOT USED,CROSSING - WITH SIGNAL,UNKNOWN/NA,TEST NOT OFFERED,,30,CLEAR,DAYLIGHT,PEDALCYCLIST,NOT DIVIDED,STRAIGHT AND LEVEL,DRY,INJURY AND / OR TOW DUE TO CRASH,MORGAN ST,41.8765687699,-87.6520197171,POINT (-87.652019717096 41.876568769918)
O1632447,BICYCLE,8d9be3aef8c0e04cc3752c9f0935e16c58e000f763bf35aad6666f78977fe8b0463a77614cf0171840f31bee50baf35a7b479ed2290b3e76e48b631696e3fe0c,08/04/2023 02:00:00 PM,F,24.0,HELMET NOT USED,WITH TRAFFIC,IN ROADWAY,TEST NOT OFFERED,,30,CLEAR,DAYLIGHT,PEDALCYCLIST,DIVIDED - W/MEDIAN (NOT RAISED),STRAIGHT AND LEVEL,DRY,INJURY AND / OR TOW DUE TO CRASH,GREEN ST,41.8969352458,-87.6487900554,POINT (-87.648790055412 41.896935245762)
O1632211,NON-MOTOR VEHICLE,f3f08d665d73e8a7c4a9677a2bfe9ac541e23b5e9c0f196bf8f452a207bc21e157e2e7effdb7a42e88e3a1d01d1d4af752654e9685801ecddb96391dc2d4898b,08/04/2023 01:13:00 PM,M,,USAGE UNKNOWN,UNKNOWN/NA,UNKNOWN/NA,TEST NOT OFFERED,,15,CLEAR,DAYLIGHT,TURNING,ALLEY,STRAIGHT AND LEVEL,DRY,INJURY AND / OR TOW DUE TO CRASH,WASHBURNE AVE,41.8662022287,-87.6603097198,POINT (-87.660309719766 41.866202228689)
O1641439,BICYCLE,8c9deaf7e14df47a6b928481ff8dc97272948ca0e7de9e7b04f7e0e15acf8556301d4397d5caf6cfd145a9a85832444d0c36d343d38bcc9cb8ae01019caf9b9a,08/04/2023 01:00:00 PM,M,38.0,BICYCLE HELMET (PEDACYCLIST INVOLVED ONLY),WITH TRAFFIC,IN ROADWAY,TEST NOT OFFERED,,30,CLEAR,DAYLIGHT,PEDALCYCLIST,NOT DIVIDED,STRAIGHT AND LEVEL,DRY,INJURY AND / OR TOW DUE TO CRASH,16TH ST,41.8600226202,-87.6466171491,POINT (-87.646617149106 41.860022620154)
O1632065,NON-MOTOR VEHICLE,8663462c314b73b7c541fd9ff4c48a3860fd35df85031f11a9f9cf1f2f29b009bfb55526d105d10c085a3ab07e7fc7585ba1db64e9e3a872ef16a2d3170d6419,08/04/2023 12:00:00 PM,F,29.0,USAGE UNKNOWN,CROSSING - CONTROLS PRESENT (NOT AT INTERSECTION),IN ROADWAY,TEST NOT OFFERED,Y,30,CLEAR,DAYLIGHT,OTHER OBJECT,FOUR WAY,STRAIGHT AND LEVEL,UNKNOWN,INJURY AND / OR TOW DUE TO CRASH,ARMITAGE AVE,41.9182696872,-87.6497892646,POINT (-87.649789264618 41.918269687164)
O1631889,BICYCLE,59c611d22410917b3c5c58f97ca0610445257f8ee46aaa258cb891f2f416fc1022ce1561d80409f228ae5aaf1fc468d572f83cf4a5c1b84f13d2cf3429433dfe,08/04/2023 05:35:00 AM,F,44.0,HELMET NOT USED,UNKNOWN/NA,IN ROADWAY,TEST NOT OFFERED,,30,CLEAR,DUSK,PEDALCYCLIST,OTHER,STRAIGHT AND LEVEL,DRY,INJURY AND / OR TOW DUE TO CRASH,CHICAGO AVE,41.8953278285,-87.7186916405,POINT (-87.718691640502 41.895327828526)
O1631780,BICYCLE,f9179207c39d58fa143c4a692c0a55689fc6841f5a9f8e3dc3d1e18897a93b70df0f92a9dafe5cf00270634e64f61cad93fd7fb5896199b7dd53b3f1c710a492,08/03/2023 08:07:00 PM,M,11.0,HELMET NOT USED,CROSSING - WITH SIGNAL,IN ROADWAY,TEST NOT OFFERED,,30,CLEAR,DAYLIGHT,PEDALCYCLIST,ONE-WAY,STRAIGHT AND LEVEL,DRY,INJURY AND / OR TOW DUE TO CRASH,MORGAN ST,41.728800066,-87.6481332542,POINT (-87.648133254175 41.728800065965)
O1631703,BICYCLE,75184c2c8670357993dba29b0482e16a2b177439d5c52239142988b28a48dff4d466229c18f7c8fb68e132a459b26886688ae5f8c5c1e2f46df03982f3b0fec6,08/03/2023 06:15:00 PM,M,22.0,BICYCLE HELMET (PEDACYCLIST INVOLVED ONLY),WITH TRAFFIC,BIKE LANE,TEST NOT OFFERED,,30,CLEAR,DAYLIGHT,PEDALCYCLIST,NOT DIVIDED,STRAIGHT AND LEVEL,DRY,INJURY AND / OR TOW DUE TO CRASH,MILWAUKEE AVE,41.9067320541,-87.6715359764,POINT (-87.671535976366 41.906732054068)
O1631565,BICYCLE,11a5f26f9b75cea739b3cd4e950241eebe875312f10e3b0f2f19fd233b338063cb0553208ab366aa0e0de5b7d723aa7547010db5110c926708964f9774b30dcb,08/03/2023 04:36:00 PM,F,40.0,HELMET NOT USED,WITH TRAFFIC,IN ROADWAY,TEST NOT OFFERED,,15,CLEAR,DAYLIGHT,PEDALCYCLIST,ONE-WAY,STRAIGHT AND LEVEL,DRY,INJURY AND / OR TOW DUE TO CRASH,CORNELIA AVE,41.9451673454,-87.6765045019,POINT (-87.676504501874 41.945167345407)
O1631504,BICYCLE,68ffa382f3d91d462fc141b1955d839816fbf0249e9007eb949e0396818c9bc4b67649927dadd74cec103bf43a9926d80133b42b4190e2045a14848f9d3c9f33,08/03/2023 03:22:00 PM,F,19.0,BICYCLE HELMET (PEDACYCLIST INVOLVED ONLY),CROSSING - NO CONTROLS (AT INTERSECTION),IN ROADWAY,TEST NOT OFFERED,,30,CLEAR,DAYLIGHT,PEDALCYCLIST,FOUR WAY,STRAIGHT AND LEVEL,DRY,INJURY AND / OR TOW DUE TO CRASH,MAJOR AVE,41.952162156,-87.7692618777,POINT (-87.769261877735 41.952162156016)
O1631343,BICYCLE,07ddaa0b53df196d8e31d6aace98224326c338cf9dcbe5f4391d2da3f61f0613522d188e45b72ffd910d1dd8adbd0bafb17297d2a084a6263a6abe76167efff1,08/03/2023 01:50:00 PM,M,,HELMET NOT USED,OTHER ACTION,NOT IN ROADWAY,TEST NOT OFFERED,,30,CLEAR,DAYLIGHT,PEDALCYCLIST,PARKING LOT,STRAIGHT AND LEVEL,DRY,NO INJURY / DRIVE AWAY,KEDZIE AVE,41.8067951688,-87.703791635,POINT (-87.703791635039 41.806795168785)
O1632063,NON-MOTOR VEHICLE,ecb2c958748d8eaa937f69e58c14beeb4f511c590edc00b6e603aa4a76703614212e252eee4309feb4128fb08e0401d3338430771fa470097c6e799fed639154,08/03/2023 10:55:00 AM,M,,USAGE UNKNOWN,,,TEST NOT OFFERED,,30,CLEAR,"DARKNESS, LIGHTED ROAD",OTHER OBJECT,FOUR WAY,STRAIGHT AND LEVEL,DRY,NO INJURY / DRIVE AWAY,DEARBORN ST,41.8766042684,-87.6294023495,POINT (-87.629402349463 41.876604268402)