PERSON_ID,PERSON_TYPE,CRASH_RECORD_ID,CRASH_DATE_x,SEX,AGE,SAFETY_EQUIPMENT,PEDPEDAL_ACTION,PEDPEDAL_LOCATION,BAC_RESULT,CRASH_DATE_EST_I,POSTED_SPEED_LIMIT,WEATHER_CONDITION,LIGHTING_CONDITION,FIRST_CRASH_TYPE,TRAFFICWAY_TYPE,ALIGNMENT,ROADWAY_SURFACE_COND,CRASH_TYPE,STREET_NAME,LATITUDE,LONGITUDE,LOCATION
O1631132,BICYCLE,b8562db69c78c43661ebd1bf5d9bd5c31a2512f60c297d60b006f135cb20be027a287c7b3e94ca1b67573c5766cd44f947e6cfb99474414eb9e7d1d5ab35f957,08/03/2023 08:50:00 AM,F,35.0,BICYCLE HELMET (PEDACYCLIST INVOLVED ONLY),WITH TRAFFIC,BIKE LANE,TEST NOT OFFERED,,30,CLEAR,DAYLIGHT,PEDALCYCLIST,DIVIDED - W/MEDIAN (NOT RAISED),STRAIGHT AND LEVEL,DRY,INJURY AND / OR TOW DUE TO CRASH,DAMEN AVE,41.8876283989,-87.6769627205,POINT (-87.676962720455 41.887628398895)
O1631097,BICYCLE,a7ae98ae6adbe07d9a0e99555a3902bb7fc1bc7256f9783f0fcca7d9240ccb148e22e47e55619a80afe476ece9152b0893c50c8aab90a3ea479999c99031f0db,08/03/2023 07:00:00 AM,M,57.0,HELMET NOT USED,UNKNOWN/NA,IN ROADWAY,TEST NOT OFFERED,,25,CLEAR,DAYLIGHT,PEDALCYCLIST,ONE-WAY,STRAIGHT AND LEVEL,DRY,INJURY AND / OR TOW DUE TO CRASH,MAJOR AVE,41.9389080722,-87.7687973216,POINT (-87.768797321607 41.938908072214)
O1631353,BICYCLE,8eb4bd1b1c6952c9005a1c6fadc0030d2b9381008777a9263b2994fc4251857b1e86573c22dfb70d2b380242e976b6345b6137f7d2bdab2fd278c88b05a0b868,08/03/2023 06:30:00 AM,M,35.0,BICYCLE HELMET (PEDACYCLIST INVOLVED ONLY),UNKNOWN/NA,IN CROSSWALK,TEST NOT OFFERED,,35,CLEAR,DAYLIGHT,PEDALCYCLIST,DIVIDED - W/MEDIAN (NOT RAISED),STRAIGHT AND LEVEL,DRY,INJURY AND / OR TOW DUE TO CRASH,CICERO AVE,41.7603882393,-87.7416271687,POINT (-87.741627168712 41.76038823931)
O1631007,BICYCLE,b6d9db93abbfdea6939b9906140abaf33d802c53b45957d6c5d3a1a317b2a6c029dab294fd7eb87543d28e8062a66ed96f5505cfba5d7fbd41bc8c035dfeb916,08/02/2023 11:53:00 PM,M,24.0,HELMET NOT USED,CROSSING - AGAINST SIGNAL,IN ROADWAY,TEST NOT OFFERED,,30,CLEAR,"DARKNESS, LIGHTED ROAD",PEDALCYCLIST,DIVIDED - W/MEDIAN BARRIER,STRAIGHT AND LEVEL,DRY,INJURY AND / OR TOW DUE TO CRASH,LA SALLE DR,41.8915668944,-87.6324334307,POINT (-87.632433430714 41.891566894424)
O1631025,BICYCLE,955f500d3a687b6a983a9ec5772755de414b1af3e4cbb74477acd83aa4d42f75ec4c1de60e9b7c36412d485c3b0cf8b3d002fa38e8b9c9091a070ea702b0daa3,08/02/2023 11:16:00 PM,M,46.0,HELMET NOT USED,WITH TRAFFIC,BIKEWAY,TEST NOT OFFERED,,30,CLEAR,"DARKNESS, LIGHTED ROAD",PEDALCYCLIST,FOUR WAY,STRAIGHT AND LEVEL,DRY,INJURY AND / OR TOW DUE TO CRASH,MILWAUKEE AVE,41.9104367986,-87.6777610207,POINT (-87.677761020734 41.910436798553)
O1630950,NON-MOTOR VEHICLE,de437f7cdd62e02ebcac03ad14ebfce7eb643eaf364027f22e1bb43a28cc7de9da65d8ecda127dfcba99de9c2a2caa13450d6a11d114903c03e0b5cc79a93feb,08/02/2023 09:00:00 PM,M,23.0,USAGE UNKNOWN,UNKNOWN/NA,IN ROADWAY,TEST NOT OFFERED,,30,CLEAR,DARKNESS,FIXED OBJECT,NOT DIVIDED,STRAIGHT AND LEVEL,DRY,NO INJURY / DRIVE AWAY,IRVING PARK RD,41.9540384553,-87.7067348119,POINT (-87.706734811872 41.954038455272)
O1631243,BICYCLE,c9aa835ff4335ad1df21166f8445a8b663ed7ca74d4122bbaa18ec366f455587f1dbe2f2eb29ca1fa49fd3afc67313cb2402d1bf3ce722ee755f94934d3401fb,08/02/2023 06:00:00 PM,F,62.0,HELMET NOT USED,UNKNOWN/NA,IN CROSSWALK,TEST NOT OFFERED,,30,CLEAR,DAYLIGHT,PEDALCYCLIST,NOT DIVIDED,STRAIGHT AND LEVEL,DRY,INJURY AND / OR TOW DUE TO CRASH,CHASE AVE,42.0141464888,-87.6837462763,POINT (-87.683746276251 42.014146488809)
O1630788,BICYCLE,ecc7f869e28c2caed8dc0f997852d91ed1490d19252976d51f965f5cd946e38c4a8c49816b1e6dca4888606d2826ffdcbb0c0412e5da9d938ede154a03bbf365,08/02/2023 05:00:00 PM,M,32.0,HELMET NOT USED,UNKNOWN/NA,IN ROADWAY,TEST NOT OFFERED,,30,UNKNOWN,DAYLIGHT,PEDALCYCLIST,NOT DIVIDED,STRAIGHT AND LEVEL,UNKNOWN,NO INJURY / DRIVE AWAY,AUSTIN AVE,41.9201566922,-87.7754444019,POINT (-87.775444401905 41.92015669223)
O1630825,BICYCLE,a5c4d24a7133c33e29a294fb96d42617e4d2828855ecd30eb6df700e2649cfbb99a4bfa8274c301e9018a55afd2e9fba49f7d9e9385f6279526005cf7041c967,08/02/2023 04:39:00 PM,M,42.0,HELMET NOT USED,NOT AT INTERSECTION,IN ROADWAY,TEST NOT OFFERED,,30,CLEAR,DAYLIGHT,PEDALCYCLIST,ONE-WAY,STRAIGHT AND LEVEL,DRY,INJURY AND / OR TOW DUE TO CRASH,CLARK ST,41.8885267139,-87.6311913744,POINT (-87.631191374354 41.888526713886)
O1630979,BICYCLE,5c7d36b8c62b503b1e3c86ced3f9ea13bdf8523050acae19b4f700b4c9f718340340a705a93f872df0a34d297c7d5e53411c22421b6b4a2965f4f2a50b19db38,08/02/2023 04:00:00 PM,F,30.0,BICYCLE HELMET (PEDACYCLIST INVOLVED ONLY),TURNING LEFT,BIKEWAY,TEST NOT OFFERED,,20,CLEAR,DAYLIGHT,PEDALCYCLIST,DIVIDED - W/MEDIAN BARRIER,STRAIGHT AND LEVEL,DRY,INJURY AND / OR TOW DUE TO CRASH,ROOSEVELT RD,41.8671715478,-87.6527201438,POINT (-87.652720143771 41.867171547805)
O1630929,BICYCLE,c2c68f56e0d50bfd9fdb20f6890ae865270fc0f0fe397e6953e944a75088f188f064fb1294767701bb24e5610dad7ceae5832e5a9f8ad650f40f2f29c817553f,08/02/2023 03:43:00 PM,F,21.0,HELMET NOT USED,WITH TRAFFIC,BIKE LANE,TEST NOT OFFERED,,25,CLEAR,DAYLIGHT,PEDALCYCLIST,NOT DIVIDED,STRAIGHT AND LEVEL,DRY,INJURY AND / OR TOW DUE TO CRASH,SOUTHPORT AVE,41.9288910926,-87.6635922226,POINT (-87.663592222599 41.928891092634)
O1630675,BICYCLE,745af0216b3f430ac11f9cbd27016b94138eb235ee54528ecc3f8dec96f732512c6a9060592886415d72f7d50a78dccaea860d0a649a5a63db50c037a2d3b87a,08/02/2023 02:12:00 PM,M,32.0,HELMET NOT USED,WITH TRAFFIC,IN ROADWAY,TEST NOT OFFERED,,30,CLEAR,DAYLIGHT,PEDALCYCLIST,NOT DIVIDED,STRAIGHT AND LEVEL,DRY,INJURY AND / OR TOW DUE TO CRASH,BROSS AVE,41.8343024107,-87.6844771304,POINT (-87.684477130407 41.834302410686)
O1630252,BICYCLE,3981ff2314e22799dc312466a61d8ef3e9e7a045bbb7d3b3eff7185e35659efde7cbcce6799acfa6825f2ebcc814b6723f44265ea74fd24b100688555a9ecab5,08/01/2023 08:00:00 PM,M,25.0,HELMET NOT USED,WITH TRAFFIC,BIKEWAY,TEST NOT OFFERED,,30,CLEAR,"DARKNESS, LIGHTED ROAD",PEDALCYCLIST,DIVIDED - W/MEDIAN (NOT RAISED),STRAIGHT AND LEVEL,DRY,NO INJURY / DRIVE AWAY,LAWRENCE AVE,41.9678583053,-87.7525725674,POINT (-87.75257256745 41.967858305347)
O1630263,BICYCLE,6a5173b4e0584b12d1c86f73c5faaf556c352025bc8f6b7d454fe147622cad6484f029f92599a5b0342730047bbef8426da453cd2d49334d30569debb66360a9,08/01/2023 07:35:00 PM,M,33.0,BICYCLE HELMET (PEDACYCLIST INVOLVED ONLY),NO ACTION,IN ROADWAY,TEST NOT OFFERED,,30,CLEAR,DAYLIGHT,PEDALCYCLIST,FOUR WAY,STRAIGHT AND LEVEL,DRY,INJURY AND / OR TOW DUE TO CRASH,MICHIGAN AVE,41.8822106123,-87.6242216984,POINT (-87.624221698439 41.882210612267)
O1630199,NON-MOTOR VEHICLE,42c7778ea05e35fac5c2f1f982467863e0c68440a65a37ec8a963c0882e37de3afcd24f3c90f44e6630ced03f81b7e87dfa41348d596bc91fd3f287fb707420e,08/01/2023 07:04:00 PM,M,49.0,BICYCLE HELMET (PEDACYCLIST INVOLVED ONLY),WITH TRAFFIC,IN ROADWAY,TEST NOT OFFERED,,30,CLEAR,DAYLIGHT,OTHER OBJECT,DIVIDED - W/MEDIAN BARRIER,STRAIGHT AND LEVEL,DRY,NO INJURY / DRIVE AWAY,WABASH AVE,41.880851902,-87.6263193012,POINT (-87.626319301235 41.880851901973)
O1630201,BICYCLE,086f8bc3151af77703911565548094c44737edf3283ba1f5f529318c39cfa573124f141387cf0073af370ca0f7003d9efd064897ef92e5db98faa72a2c07801b,08/01/2023 06:57:00 PM,F,36.0,HELMET NOT USED,WITH TRAFFIC,IN ROADWAY,TEST NOT OFFERED,,35,CLEAR,DAYLIGHT,PEDALCYCLIST,NOT DIVIDED,STRAIGHT AND LEVEL,DRY,NO INJURY / DRIVE AWAY,BROADWAY,41.9802913724,-87.659830425,POINT (-87.659830425043 41.980291372418)
O1630215,BICYCLE,c80b1270ea45a01dc55b448937621fa139fa43399b22a6542a3f5f63463896843e1cdae5183b7200156b52fb902a3c0b6551956aa2850486845e8fed1822b171,08/01/2023 06:05:00 PM,M,25.0,BICYCLE HELMET (PEDACYCLIST INVOLVED ONLY),WITH TRAFFIC,BIKE LANE,TEST NOT OFFERED,,30,CLEAR,DAYLIGHT,PEDALCYCLIST,DIVIDED - W/MEDIAN (NOT RAISED),STRAIGHT AND LEVEL,DRY,INJURY AND / OR TOW DUE TO CRASH,HALSTED ST,41.9464803775,-87.6496070234,POINT (-87.649607023378 41.946480377549)
O1630039,BICYCLE,2c5bb7b604626030e7c34834cd8536d6816ca1e56c70bf60c7351a43ff5906e4328908dcfbd6261b1a119e38df3cdf6e029d8188ca3e4fb988db01550d2cc586,08/01/2023 04:15:00 PM,F,23.0,BICYCLE HELMET (PEDACYCLIST INVOLVED ONLY),WITH TRAFFIC,BIKEWAY,TEST NOT OFFERED,,30,CLEAR,DAYLIGHT,PEDALCYCLIST,NOT DIVIDED,STRAIGHT AND LEVEL,DRY,NO INJURY / DRIVE AWAY,ASHLAND AVE,41.9377588819,-87.6684452729,POINT (-87.66844527294 41.937758881867)
O1630146,BICYCLE,26e904875b56f4b54be61cb3614c69c4922b7e2be6378781b456eba660bcd8c09037b7e8f655dd0e0b47b9031423d77e48d902f0b89443af187fe8d5e307b42b,08/01/2023 03:29:00 PM,F,31.0,HELMET NOT USED,AGAINST TRAFFIC,IN ROADWAY,TEST NOT OFFERED,,30,CLEAR,DAYLIGHT,PEDALCYCLIST,TRAFFIC ROUTE,STRAIGHT AND LEVEL,DRY,INJURY AND / OR TOW DUE TO CRASH,EUGENIE ST,41.912793335,-87.633658093,POINT (-87.633658092957 41.912793334996)
O1630414,BICYCLE,3d72660fcc9cb71e4a93fe31de9eb6934bd200afc16029b720891fc4bfecf64a67837931b62d741f19234624d1a298a0b3faaa28749f3cf7fe80621f6a8de55e,08/01/2023 02:00:00 PM,F,56.0,HELMET NOT USED,CROSSING - AGAINST SIGNAL,IN CROSSWALK,TEST NOT OFFERED,,30,CLEAR,DAYLIGHT,PEDALCYCLIST,FOUR WAY,STRAIGHT AND LEVEL,DRY,INJURY AND / OR TOW DUE TO CRASH,HALSTED ST,41.8088150393,-87.6456829532,POINT (-87.645682953152 41.808815039296)
O1630088,BICYCLE,6928133cb09d7a9311cb65bf7025fe1aaccfb9bbcafb26ca88948000d938326b7c5a8b950fb8ccb2b88e3c7342d4e32279a9b997d9bfe4adf1bc2641368651f7,08/01/2023 12:00:00 PM,F,19.0,HELMET NOT USED,UNKNOWN/NA,IN ROADWAY,"TEST PERFORMED, RESULTS UNKNOWN",,25,CLEAR,DAYLIGHT,PEDALCYCLIST,NOT DIVIDED,STRAIGHT AND LEVEL,DRY,NO INJURY / DRIVE AWAY,CENTRAL AVE,41.9382602856,-87.7663414656,POINT (-87.7663414656 41.938260285615)
O1629738,BICYCLE,a4f134de890f07580e13aef20e8823a60441f675ac155fc98a80757a6259c8cd8a339d0a6708c069e5dcaae62052e454aaae028da95ca6f3afa6c61bb8d2d8d2,08/01/2023 04:30:00 AM,M,,HELMET NOT USED,CROSSING - AGAINST SIGNAL,IN ROADWAY,TEST NOT OFFERED,,30,CLEAR,"DARKNESS, LIGHTED ROAD",PEDALCYCLIST,DIVIDED - W/MEDIAN (NOT RAISED),STRAIGHT AND LEVEL,DRY,INJURY AND / OR TOW DUE TO CRASH,STATE ST,41.8754486287,-87.6274724429,POINT (-87.627472442889 41.875448628675)
O1629664,BICYCLE,eca27f9ecdc821e2db7c406d73b4c194ca5c8ea9e0bd5a20a986b6f30bfb16b17df0804b88c105778f95ad241eb2f60331853ef9582aa27eeae1ade4ac029f15,07/31/2023 08:28:00 PM,M,33.0,HELMET NOT USED,WITH TRAFFIC,BIKEWAY,TEST NOT OFFERED,,30,CLEAR,"DARKNESS, LIGHTED ROAD",PEDALCYCLIST,DIVIDED - W/MEDIAN (NOT RAISED),STRAIGHT AND LEVEL,DRY,INJURY AND / OR TOW DUE TO CRASH,CLARK ST,41.9685651696,-87.6675840429,POINT (-87.667584042864 41.968565169586)
O1629422,BICYCLE,fb691004a9459dc5c236bdaea9534563a5aad3e4089922247a7579cec82b197afac8eb142fb3ea01ab3ed543f0d2661d865e70034002a02f2f91abd56eb1e893,07/31/2023 03:15:00 PM,M,49.0,BICYCLE HELMET (PEDACYCLIST INVOLVED ONLY),WITH TRAFFIC,IN ROADWAY,TEST NOT OFFERED,,25,CLEAR,DAYLIGHT,PEDALCYCLIST,NOT DIVIDED,STRAIGHT AND LEVEL,DRY,INJURY AND / OR TOW DUE TO CRASH,DEARBORN ST,41.9036747818,-87.630125824,POINT (-87.630125823971 41.903674781813)
O1629780,BICYCLE,0974112b1aed03a2d3f2744351b8388523e5f4b9cf4da9cffde2cbfff4b689d9540aecdfedfbbc5d040660f7be15d5bcf8e065010f25fe0c2d965b252442a8a5,07/31/2023 02:39:00 PM,M,28.0,HELMET NOT USED,UNKNOWN/NA,BIKE LANE,TEST NOT OFFERED,,30,CLEAR,DAYLIGHT,PEDALCYCLIST,NOT DIVIDED,STRAIGHT AND LEVEL,DRY,NO INJURY / DRIVE AWAY,LAWRENCE AVE,41.9681034568,-87.7306246887,POINT (-87.730624688712 41.96810345685)
O1629209,BICYCLE,871f36d8c6940cf8011174f4210a2ea02322725edd2f8f02abdb81eb42c22d1c3548b1320abd4b486a716ef9896d17df8647945fe97132fdbfdcaa5504b075f1,07/31/2023 10:09:00 AM,F,41.0,BICYCLE HELMET (PEDACYCLIST INVOLVED ONLY),OTHER ACTION,IN ROADWAY,TEST NOT OFFERED,,30,CLEAR,DAYLIGHT,PEDALCYCLIST,NOT DIVIDED,STRAIGHT AND LEVEL,DRY,INJURY AND / OR TOW DUE TO CRASH,LINCOLN AVE,41.9560152338,-87.6802261413,POINT (-87.680226141336 41.95601523375)
O1629249,BICYCLE,d0fe0d714a4576928329f8d2cb7a48af59653267f42eda11984f789a56715ab46e8f5770ba28c3b3d51883237f17dc7a6d31db730171bd7950e1c040386670b2,07/31/2023 09:30:00 AM,M,47.0,HELMET NOT USED,CROSSING - AGAINST SIGNAL,IN CROSSWALK,TEST NOT OFFERED,,40,CLEAR,DAYLIGHT,PEDALCYCLIST,FOUR WAY,STRAIGHT AND LEVEL,DRY,INJURY AND / OR TOW DUE TO CRASH,LAKE SHORE DR SB,41.8808560477,-87.6176358918,POINT (-87.617635891755 41.880856047671)
O1629362,BICYCLE,bed2ed9ec648c3190c6d51a16dc5c5ca76ab518301f3af8692405269f02a1f694741c4629086fcac90227fa77281d2a55369e3b66f78e4c7ed070ecfde8be3ea,07/31/2023 09:26:00 AM,M,41.0,HELMET NOT USED,UNKNOWN/NA,UNKNOWN/NA,TEST NOT OFFERED,,30,CLEAR,DAYLIGHT,PEDALCYCLIST,DIVIDED - W/MEDIAN (NOT RAISED),STRAIGHT AND LEVEL,DRY,NO INJURY / DRIVE AWAY,STONY ISLAND AVE,41.7860247351,-87.5867384664,POINT (-87.586738466448 41.786024735096)
O1631250,BICYCLE,e2db7bb1421a6ba7bef420942b3ae2cd4caa2b7ddebc4edece4d72202ff67aae85b4612882f2a1e4f8f56a1fcdf9ac51be39e31f89f7f06fa067fb85a14d6536,07/31/2023 09:00:00 AM,M,41.0,HELMET NOT USED,UNKNOWN/NA,IN CROSSWALK,TEST NOT OFFERED,,30,CLEAR,DAYLIGHT,PEDALCYCLIST,NOT DIVIDED,STRAIGHT AND LEVEL,DRY,NO INJURY / DRIVE AWAY,STONY ISLAND AVE,41.7860297803,-87.5864452182,POINT (-87.586445218215 41.786029780315)
O1628916,BICYCLE,922f52f3cb2db9001a7a1efc4dd46bca9cb69427f2edb7021d8cb91abcfd41a7b9eb6ef3829395052e2c4eab3b975bddf79c325eb84ef221a90dc3395ed9676c,07/30/2023 07:00:00 PM,M,29.0,HELMET NOT USED,CROSSING - AGAINST SIGNAL,IN ROADWAY,TEST NOT OFFERED,,30,CLEAR,DAYLIGHT,PEDALCYCLIST,FOUR WAY,STRAIGHT AND LEVEL,DRY,INJURY AND / OR TOW DUE TO CRASH,26TH ST,41.8457525759,-87.6233321128,POINT (-87.623332112829 41.845752575929)
O1628896,NON-MOTOR VEHICLE,5175bf0e88d63ead7ee315b8bee453ae94b945a721bcbbff29db6b4b231a7bef079787cd1c3d681291315f1771f5c7247642028bec270222e6843773798a2ee0,07/30/2023 05:56:00 PM,M,12.0,NONE PRESENT,UNKNOWN/NA,IN ROADWAY,TEST NOT OFFERED,,30,CLEAR,DAYLIGHT,OTHER OBJECT,NOT DIVIDED,STRAIGHT AND LEVEL,DRY,INJURY AND / OR TOW DUE TO CRASH,PULASKI RD,41.8568860425,-87.7250531439,POINT (-87.725053143913 41.85688604245)
O1628803,BICYCLE,132249983184a36266295322b08e72d328070dc0616d423cd1a16ab840d7a4f48c87c130c17e40cfd541f6c7c1e80e85d00faa3ecc8a8e3cd2f49c6d701ec35c,07/30/2023 04:55:00 PM,M,32.0,HELMET NOT USED,CROSSING - WITH SIGNAL,IN ROADWAY,TEST NOT OFFERED,,35,CLEAR,DAYLIGHT,PEDALCYCLIST,NOT DIVIDED,STRAIGHT AND LEVEL,DRY,NO INJURY / DRIVE AWAY,DAMEN AVE,41.917793041,-87.6777697677,POINT (-87.677769767737 41.917793041023)
O1629639,BICYCLE,a1fe71bc96655728e3c0eed053880f6c913ff8df215d8be37031af5295984c7950f90af540cfccc7c6f8ec3adcbf886ae1be9b2b68f714951d0f82665d888862,07/30/2023 02:51:00 AM,M,21.0,BICYCLE HELMET (PEDACYCLIST INVOLVED ONLY),OTHER ACTION,IN ROADWAY,TEST NOT OFFERED,,30,CLEAR,"DARKNESS, LIGHTED ROAD",PEDALCYCLIST,ONE-WAY,STRAIGHT AND LEVEL,DRY,INJURY AND / OR TOW DUE TO CRASH,ADDISON ST,41.9471379534,-87.6665031701,POINT (-87.666503170093 41.947137953357)
O1628328,BICYCLE,e3ae7d4cb2314674483e4b94c79551e0af6b8fca32388271369b565197e71c8774934a0dc4e3684b582fcdf3293a721cd88eb8df4c0f82f392e132c9d84e7708,07/29/2023 08:33:00 PM,M,51.0,BICYCLE HELMET (PEDACYCLIST INVOLVED ONLY),WITH TRAFFIC,IN ROADWAY,TEST NOT OFFERED,,30,CLEAR,"DARKNESS, LIGHTED ROAD",PEDALCYCLIST,CENTER TURN LANE,STRAIGHT AND LEVEL,DRY,INJURY AND / OR TOW DUE TO CRASH,STATE ST,41.8844608314,-87.6277630752,POINT (-87.627763075207 41.884460831407)
O1628348,NON-MOTOR VEHICLE,c359ba4d93e20db2db480bb17a88b7ac83992612f4956f554784e67ec6d23ea4bb4eef2620e54c7f4f23324dfedad4e3245e6be7ee14eeb4c27deaa8dd225771,07/29/2023 08:15:00 PM,,,NONE PRESENT,,,,,30,CLEAR,"DARKNESS, LIGHTED ROAD",FIXED OBJECT,PARKING LOT,STRAIGHT ON GRADE,DRY,NO INJURY / DRIVE AWAY,OHIO ST,41.8925183008,-87.6185024269,POINT (-87.618502426937 41.892518300822)
O1628254,BICYCLE,d39b73ed43142493dca5da2bfc7f583837fe39ea664f9ac3ab9bd4c5a1ad8e2c65907e5cda0c9ec80f9ce210b369bc2e9faabc322d3c2e48fe9c5aeae776cebb,07/29/2023 05:43:00 PM,M,35.0,HELMET NOT USED,OTHER ACTION,IN ROADWAY,TEST NOT OFFERED,,30,CLEAR,DAYLIGHT,PEDALCYCLIST,ONE-WAY,STRAIGHT AND LEVEL,DRY,NO INJURY / DRIVE AWAY,WINTHROP AVE,41.9737005572,-87.6578919355,POINT (-87.657891935549 41.973700557222)
O1628178,BICYCLE,1d106f126534117c20974ac0c5b6ed90dcab0be2ec3c79dd8e002d1646243930a68f94daf03cbb6f97fb9f9b613a5667bce27ecbba5318b22fbc9ab1fe57635a,07/29/2023 03:56:00 PM,M,42.0,HELMET NOT USED,CROSSING - WITH SIGNAL,IN ROADWAY,TEST NOT OFFERED,,30,CLEAR,DAYLIGHT,PEDALCYCLIST,FOUR WAY,STRAIGHT AND LEVEL,DRY,INJURY AND / OR TOW DUE TO CRASH,HUMBOLDT BLVD,41.9102690337,-87.7020158725,POINT (-87.702015872469 41.910269033664)
O1631474,NON-MOTOR VEHICLE,ed0bce79fceca4ab4786ee513317f7010e197f2d8e83d2b9a047521ca69d05f188991191599f73251887297a36981dcadaa9dd2dd5b3601d37f02570d8e2ef4d,07/29/2023 02:00:00 PM,,,,,,,,30,CLEAR,DAYLIGHT,OTHER NONCOLLISION,NOT DIVIDED,STRAIGHT AND LEVEL,DRY,NO INJURY / DRIVE AWAY,IRVING PARK RD,41.9539126532,-87.6878131033,POINT (-87.687813103253 41.953912653221)
O1628081,BICYCLE,5bcdc81d8e83f6ac25a03a7b6be16cd3a8e052f731d38ca67208a8299a418fb8410520f98384264cad731c3af626a5c8d32128beb5d335d04e0c4caaf34a1dad,07/29/2023 11:55:00 AM,F,29.0,BICYCLE HELMET (PEDACYCLIST INVOLVED ONLY),TURNING LEFT,IN ROADWAY,TEST NOT OFFERED,,30,CLEAR,DAYLIGHT,PEDALCYCLIST,NOT DIVIDED,STRAIGHT AND LEVEL,DRY,NO INJURY / DRIVE AWAY,NORTH AVE,41.910359882,-87.6937770261,POINT (-87.693777026134 41.910359882045)
O1627876,BICYCLE,707aba9807310f4b4c6cda2dd679f2644e095dc756b5440a19fdedd40bc483886f721762af332d08e03e8a24186fbc9f30a8655b71238951fa3846fa892c6c45,07/29/2023 10:35:00 AM,M,25.0,BICYCLE HELMET (PEDACYCLIST INVOLVED ONLY),UNKNOWN/NA,BIKE LANE,TEST NOT OFFERED,,30,CLEAR,DAYLIGHT,PEDALCYCLIST,DIVIDED - W/MEDIAN (NOT RAISED),STRAIGHT AND LEVEL,DRY,INJURY AND / OR TOW DUE TO CRASH,CLYBOURN AVE,41.9283672681,-87.67382063,POINT (-87.673820630048 41.928367268143)
O1627702,NON-MOTOR VEHICLE,7d63115cc159bdf9886d45d3c691b3418c43710e66eaa41f1aa45b7a700c91a2156f6e92e709becba23ddb9295c9a64b9e4080d0d1b782a11400648328bdc1ac,07/28/2023 11:40:00 PM,,,NONE PRESENT,,,TEST NOT OFFERED,,25,SEVERE CROSS WIND GATE,"DARKNESS, LIGHTED ROAD",PARKED MOTOR VEHICLE,NOT DIVIDED,STRAIGHT AND LEVEL,WET,NO INJURY / DRIVE AWAY,28TH ST,41.8434931477,-87.6390944486,POINT (-87.639094448603 41.843493147651)
O1627627,BICYCLE,397e6dd593ff489db346c1879e93d115e158ae2ee7e7b48cdf4981aa7110bacae9a3c23f7a73b7d9b4af477e55829d6e01f7225c0db9581d4dc6c692f81f0477,07/28/2023 09:10:00 PM,M,0.0,HELMET NOT USED,WITH TRAFFIC,IN ROADWAY,TEST NOT OFFERED,,30,CLEAR,"DARKNESS, LIGHTED ROAD",PEDALCYCLIST,NOT DIVIDED,STRAIGHT AND LEVEL,DRY,NO INJURY / DRIVE AWAY,DEVON AVE,41.997838114,-87.6899485368,POINT (-87.689948536814 41.997838113989)
O1627866,BICYCLE,cd5af79c19f36982c26596f37b508b3346f43b75a29796502892c9c0fd16b0a4c12f454713751a6e6e1bcf19fdcfdfa3f2d8008d99ec52f3df363560b712b4ed,07/28/2023 08:30:00 PM,M,,HELMET NOT USED,WITH TRAFFIC,BIKEWAY,TEST NOT OFFERED,,30,CLOUDY/OVERCAST,"DARKNESS, LIGHTED ROAD",PEDALCYCLIST,DIVIDED - W/MEDIAN (NOT RAISED),STRAIGHT AND LEVEL,WET,INJURY AND / OR TOW DUE TO CRASH,GRAND AVE,41.9198686972,-87.771235257,POINT (-87.771235257024 41.919868697221)
O1629248,BICYCLE,b13dd60d3e33ca5531ed0917ba7d3755e065db8e4cbd1efe17383e5ac13da0700cae3608b82fcc773b5856fdb061f5f4bd7037a7a499a26ab22a8dd568b67656,07/28/2023 06:58:00 PM,M,28.0,HELMET NOT USED,NO ACTION,BIKEWAY,TEST NOT OFFERED,,30,CLEAR,DAWN,PEDALCYCLIST,ONE-WAY,STRAIGHT AND LEVEL,DRY,NO INJURY / DRIVE AWAY,FARRAGUT DR,41.7521560092,-87.5450414522,POINT (-87.54504145219 41.752156009158)
O1627576,NON-MOTOR VEHICLE,dbf411786169a3a72317ecf99e794e4e463368d07997e758a21ade879ef6b584d4d6a1cce542c4234ef3690da48789a619872923ca49adfa7a670dcf7ebfae29,07/28/2023 06:15:00 PM,M,30.0,USAGE UNKNOWN,CROSSING - NO CONTROLS (NOT AT INTERSECTION),BIKE LANE,TEST NOT OFFERED,,30,CLEAR,DAYLIGHT,OTHER OBJECT,DIVIDED - W/MEDIAN BARRIER,STRAIGHT AND LEVEL,DRY,NO INJURY / DRIVE AWAY,HALSTED ST,41.8883858328,-87.6474125638,POINT (-87.647412563817 41.888385832815)
O1627423,NON-MOTOR VEHICLE,d28bf81b4637124142c586298fbc9265b0b91e794d22e82427079fee05dcce980ff12214baff152a8440bdaebd1a0fe7fad5e49ef9096fc03eb1f0c465c7a32a,07/28/2023 04:24:00 PM,M,31.0,NONE PRESENT,,,TEST NOT OFFERED,,30,CLEAR,DAYLIGHT,OTHER OBJECT,T-INTERSECTION,STRAIGHT AND LEVEL,DRY,NO INJURY / DRIVE AWAY,NOBLE ST,41.895847493,-87.6625450467,POINT (-87.662545046661 41.895847492953)
O1628680,BICYCLE,ad67a343c9a10d10c766803cb1bea591611040b9d5d051d221dab783eee7001dfe086aeb83f0d89ef8b9093c4b2530e70d5b4d9c3c6f776c49c5605e0e17eb46,07/28/2023 02:00:00 PM,M,59.0,HELMET NOT USED,UNKNOWN/NA,UNKNOWN/NA,TEST NOT OFFERED,,30,CLEAR,DAYLIGHT,PEDALCYCLIST,DIVIDED - W/MEDIAN (NOT RAISED),STRAIGHT AND LEVEL,DRY,INJURY AND / OR TOW DUE TO CRASH,87TH ST,41.7373519066,-87.5624614142,POINT (-87.562461414167 41.737351906569)