PERSON_ID,PERSON_TYPE,CRASH_RECORD_ID,CRASH_DATE_x,SEX,AGE,SAFETY_EQUIPMENT,PEDPEDAL_ACTION,PEDPEDAL_LOCATION,BAC_RESULT,CRASH_DATE_EST_I,POSTED_SPEED_LIMIT,WEATHER_CONDITION,LIGHTING_CONDITION,FIRST_CRASH_TYPE,TRAFFICWAY_TYPE,ALIGNMENT,ROADWAY_SURFACE_COND,CRASH_TYPE,STREET_NAME,LATITUDE,LONGITUDE,LOCATION
O1627240,BICYCLE,84eb556814b2ee755d5218f9479f8bfc8ba2bd32c71a524be769e28e638b992f336d4e79da638940aaaadf7c6b9c44779e9fef7c600fa29891df5ebb5958a729,07/28/2023 01:12:00 PM,M,25.0,HELMET NOT USED,WITH TRAFFIC,BIKEWAY,TEST NOT OFFERED,,30,CLEAR,DAYLIGHT,PEDALCYCLIST,NOT DIVIDED,STRAIGHT AND LEVEL,DRY,INJURY AND / OR TOW DUE TO CRASH,WEBSTER AVE,41.9215442847,-87.6590706438,POINT (-87.659070643767 41.921544284699)
O1627149,BICYCLE,fb39f765e38c654ae567af20ee0765253a5c78210e80097e76c12257d39dd7df6dbdfa21efe0435a75d92be1ac369846c2ba96c1f3a176e603e6314a04d104a9,07/28/2023 12:22:00 PM,F,45.0,BICYCLE HELMET (PEDACYCLIST INVOLVED ONLY),WITH TRAFFIC,IN ROADWAY,,Y,30,CLEAR,DAYLIGHT,PEDALCYCLIST,NOT DIVIDED,STRAIGHT AND LEVEL,DRY,NO INJURY / DRIVE AWAY,MONTROSE AVE,41.961059135,-87.7098679634,POINT (-87.70986796344 41.961059135039)
O1627116,BICYCLE,c52813dacc4d2661a054785cf5eb924857f5a7a0a5b043fb0a409a7eb26c9a88f2511f6109be80b604f61b3d3e52daf1a17fd187af6648c722d1a8ef0199fbfc,07/28/2023 10:35:00 AM,M,31.0,HELMET NOT USED,OTHER ACTION,IN ROADWAY,TEST NOT OFFERED,,30,CLEAR,DAYLIGHT,PEDALCYCLIST,FOUR WAY,STRAIGHT AND LEVEL,DRY,INJURY AND / OR TOW DUE TO CRASH,MADISON ST,41.8808972735,-87.7208812261,POINT (-87.720881226139 41.880897273491)
O1626926,BICYCLE,66d58ebf6cb5bacac66a07ac0cebbace67837b8cb0960e4791dd3f7f800dc6f5a73e120fb2ef66af78cc247880f00d391431f32d65d1f31e8b627c9f495914d9,07/28/2023 05:05:00 AM,M,19.0,BICYCLE HELMET (PEDACYCLIST INVOLVED ONLY),CROSSING - NO CONTROLS (NOT AT INTERSECTION),BIKE LANE,TEST NOT OFFERED,,10,RAIN,DAWN,PEDALCYCLIST,ALLEY,STRAIGHT AND LEVEL,WET,NO INJURY / DRIVE AWAY,AUGUSTA BLVD,41.8994858989,-87.6871390056,POINT (-87.687139005574 41.899485898918)
O1626899,BICYCLE,fe5faeb1b8d8158afbce19e566c29a667890d65e15edfd5c472713939ecc835a374bf66d7cec6a47c196e97886a3afc92b8b9041739ecb40c0496cebfdbdf73c,07/27/2023 08:19:00 PM,M,17.0,BICYCLE HELMET (PEDACYCLIST INVOLVED ONLY),WITH TRAFFIC,BIKE LANE,TEST NOT OFFERED,,30,CLEAR,DUSK,TURNING,DIVIDED - W/MEDIAN (NOT RAISED),STRAIGHT AND LEVEL,DRY,INJURY AND / OR TOW DUE TO CRASH,ELSTON AVE,41.9258452878,-87.6788357243,POINT (-87.678835724327 41.925845287842)
O1626779,BICYCLE,1911b65039676e90f8aaeccf27e5d1bfec885dfcea73afc57a71e202a8655d9784937e778bb4580726a8275d27517e73a8a5ec734f108618bba4b44361a8b9eb,07/27/2023 06:50:00 PM,F,48.0,HELMET NOT USED,CROSSING - AGAINST SIGNAL,IN ROADWAY,TEST NOT OFFERED,,35,UNKNOWN,UNKNOWN,PEDALCYCLIST,NOT DIVIDED,STRAIGHT AND LEVEL,UNKNOWN,INJURY AND / OR TOW DUE TO CRASH,CLARK ST,41.9236499832,-87.6394549689,POINT (-87.639454968895 41.923649983245)
O1626748,BICYCLE,17f815e4a000bb81944617c5b335bf9b52e004f804604f0bab517b9157cff6655e6d2ba335cd251a8b9d6c349c65fcb6ac4b2878be87fd29c94e36df07fd9983,07/27/2023 06:43:00 PM,M,20.0,BICYCLE HELMET (PEDACYCLIST INVOLVED ONLY),OTHER ACTION,BIKE LANE,TEST NOT OFFERED,,30,CLEAR,DAYLIGHT,PEDALCYCLIST,NOT DIVIDED,STRAIGHT AND LEVEL,DRY,INJURY AND / OR TOW DUE TO CRASH,ELSTON AVE,41.9697508884,-87.742597044,POINT (-87.742597044032 41.969750888441)
O1626518,BICYCLE,cbcd1ed6b63edd429081cf55ca138b7e007438d152ac7bf196ca8f1bd9beedce782126cf485b611f3940e016ba46cf0715986b94c3478448032b11e96f62a888,07/27/2023 02:00:00 PM,M,,HELMET NOT USED,ENTER FROM DRIVE/ALLEY,UNKNOWN/NA,,,30,CLEAR,DAYLIGHT,PEDALCYCLIST,NOT DIVIDED,STRAIGHT AND LEVEL,DRY,NO INJURY / DRIVE AWAY,STAVE ST,41.9179632069,-87.6917299337,POINT (-87.691729933739 41.917963206947)
O1626668,BICYCLE,62b9aef69caca3642eb209b3b74109644b05f8542ee63d5f8d7b8490ebb050439b84e9bbb49ba0751452db738bb8245ca5e7e7c5c9b0342418c8a43349282676,07/27/2023 12:57:00 PM,M,15.0,HELMET NOT USED,CROSSING - AGAINST SIGNAL,IN ROADWAY,TEST NOT OFFERED,,30,CLEAR,DAYLIGHT,PEDALCYCLIST,FOUR WAY,STRAIGHT AND LEVEL,DRY,INJURY AND / OR TOW DUE TO CRASH,PULASKI RD,41.8991654527,-87.7263440589,POINT (-87.72634405888 41.899165452656)
O1626438,BICYCLE,8d9fbf35ee37622b7f488cfe655401f8c96fe08fe1d35ac431b25dd669283d8280b98d7ba83f8afc63fa2a00b02150a05fe45ddea9366b548e3291c36015762c,07/27/2023 12:00:00 PM,M,23.0,HELMET NOT USED,UNKNOWN/NA,UNKNOWN/NA,TEST NOT OFFERED,,30,CLEAR,DAYLIGHT,PEDALCYCLIST,ONE-WAY,STRAIGHT AND LEVEL,UNKNOWN,INJURY AND / OR TOW DUE TO CRASH,WABASH AVE,41.8824814273,-87.6260768269,POINT (-87.626076826909 41.8824814273)
O1629102,NON-MOTOR VEHICLE,69468003a351045adbeed922ef6794e9214b59dd9131fd6080bd12d11dcdb748d9d687d40ccd4647a1b8693016582866743ef2cd7890078f4fcbc69af4397c8c,07/27/2023 11:30:00 AM,M,,USAGE UNKNOWN,CROSSING - CONTROLS PRESENT (NOT AT INTERSECTION),IN CROSSWALK,TEST NOT OFFERED,,30,UNKNOWN,UNKNOWN,OTHER OBJECT,DIVIDED - W/MEDIAN (NOT RAISED),STRAIGHT AND LEVEL,UNKNOWN,INJURY AND / OR TOW DUE TO CRASH,WESTERN AVE,41.8556625058,-87.6858834525,POINT (-87.685883452458 41.855662505787)
O1636449,NON-MOTOR VEHICLE,69468003a351045adbeed922ef6794e9214b59dd9131fd6080bd12d11dcdb748d9d687d40ccd4647a1b8693016582866743ef2cd7890078f4fcbc69af4397c8c,07/27/2023 11:30:00 AM,F,24.0,USAGE UNKNOWN,CROSSING - CONTROLS PRESENT (NOT AT INTERSECTION),IN CROSSWALK,TEST NOT OFFERED,,30,UNKNOWN,UNKNOWN,OTHER OBJECT,DIVIDED - W/MEDIAN (NOT RAISED),STRAIGHT AND LEVEL,UNKNOWN,INJURY AND / OR TOW DUE TO CRASH,WESTERN AVE,41.8556625058,-87.6858834525,POINT (-87.685883452458 41.855662505787)
O1626424,BICYCLE,21bff10078dd225a52f1d7f4186cdd1a030335c19c39ac5c97cd8cee2a2368ffec1ee273498362d13e0ee5ae35db85dbbeb7407c0bf25d10d2b689f260c79e37,07/27/2023 10:45:00 AM,M,32.0,BICYCLE HELMET (PEDACYCLIST INVOLVED ONLY),TURNING LEFT,IN ROADWAY,TEST NOT OFFERED,,30,CLEAR,DAYLIGHT,PEDALCYCLIST,DIVIDED - W/MEDIAN (NOT RAISED),STRAIGHT AND LEVEL,DRY,INJURY AND / OR TOW DUE TO CRASH,CICERO AVE,41.8887774053,-87.7457312323,POINT (-87.745731232266 41.888777405326)
O1626358,BICYCLE,ea516cb371314e2b1db13bd044f077ddf0e3483531d8af19787ad127b1209bb919a571a39f71686f3845c0e1453e06ca5562818013204dab7fc19ef46ee78747,07/27/2023 08:28:00 AM,M,25.0,BICYCLE HELMET (PEDACYCLIST INVOLVED ONLY),CROSSING - WITH SIGNAL,IN ROADWAY,TEST NOT OFFERED,Y,30,CLEAR,DAYLIGHT,PEDALCYCLIST,DIVIDED - W/MEDIAN (NOT RAISED),STRAIGHT AND LEVEL,DRY,INJURY AND / OR TOW DUE TO CRASH,SOUTHPORT AVE,41.9253046752,-87.6634785603,POINT (-87.663478560323 41.925304675159)
O1626181,BICYCLE,25cb0063e03c25ef9783250c68fdb8daf897f090402f7c9c87cad3ebaa18b1a7e08591ef18178776f89bb0f6c7c1dc59870b13bdf8e8cc1a2376953dc34703d8,07/26/2023 09:38:00 PM,M,34.0,HELMET NOT USED,WITH TRAFFIC,IN CROSSWALK,TEST NOT OFFERED,,30,CLEAR,"DARKNESS, LIGHTED ROAD",PEDALCYCLIST,ONE-WAY,STRAIGHT AND LEVEL,DRY,NO INJURY / DRIVE AWAY,PINE AVE,41.8949097698,-87.7637165363,POINT (-87.763716536304 41.894909769847)
O1626165,BICYCLE,fa21ba102e4214e95423c420951586110981ba92562b3d5deaf6f12f9dd4df799723d78024122703f5f226a68dfabaf1d070a312346b2a0ab91e799a6282c561,07/26/2023 08:48:00 PM,M,,HELMET NOT USED,WITH TRAFFIC,IN ROADWAY,TEST NOT OFFERED,,35,CLEAR,"DARKNESS, LIGHTED ROAD",PEDALCYCLIST,DIVIDED - W/MEDIAN (NOT RAISED),STRAIGHT AND LEVEL,DRY,NO INJURY / DRIVE AWAY,CENTRAL AVE,41.9587050817,-87.7670383762,POINT (-87.767038376153 41.958705081749)
O1630084,BICYCLE,45e275a4a0e24313c237431a552023c453b6f0805f6c7589c51c939898ff9b0637c5c66a8443c90b1bb7875adac9494739996a64f2937e4371ca4a8e45f6290e,07/26/2023 06:41:00 PM,F,28.0,BICYCLE HELMET (PEDACYCLIST INVOLVED ONLY),WITH TRAFFIC,BIKE LANE,TEST NOT OFFERED,,30,CLEAR,DAYLIGHT,PEDALCYCLIST,DIVIDED - W/MEDIAN (NOT RAISED),STRAIGHT AND LEVEL,DRY,INJURY AND / OR TOW DUE TO CRASH,CLARK ST,41.9374173185,-87.6487956065,POINT (-87.648795606454 41.937417318549)
O1625917,BICYCLE,15fe6456308ed411be8ad14813924b1c5a9217f067d051d7058bfc24874b73ac89273653e96d12cfba3599c48d255318ec48b1a0c085bce69f2e1adb03b44bdb,07/26/2023 03:10:00 PM,X,,BICYCLE HELMET (PEDACYCLIST INVOLVED ONLY),WITH TRAFFIC,IN ROADWAY,TEST NOT OFFERED,,30,CLEAR,DAYLIGHT,PEDALCYCLIST,NOT DIVIDED,STRAIGHT AND LEVEL,DRY,NO INJURY / DRIVE AWAY,WACKER DR,41.8871284192,-87.6274801953,POINT (-87.627480195278 41.887128419241)
O1626059,BICYCLE,252cd06905109bb0f28e96ff38badae60b9cd0850a1454204aa6d340ed4b7fd58f9eb509671cae348e18b6d9989c25426ca2d673dff0ae390a672b01aef85ef6,07/26/2023 01:00:00 PM,M,25.0,HELMET NOT USED,WITH TRAFFIC,IN ROADWAY,TEST NOT OFFERED,,30,CLEAR,DAYLIGHT,PEDALCYCLIST,NOT DIVIDED,STRAIGHT AND LEVEL,DRY,INJURY AND / OR TOW DUE TO CRASH,TAYLOR ST,41.8695264684,-87.656683202,POINT (-87.656683202024 41.869526468417)
O1625851,BICYCLE,ceec4a8ca90940b2f89d27134948a329577826391f53da121ec3cf30c356f3cf6dd51695c308abd43f2981827749abd209589306c7f8cd43e384b4218e292241,07/26/2023 12:53:00 PM,M,23.0,HELMET NOT USED,TURNING RIGHT,IN ROADWAY,TEST NOT OFFERED,,30,CLOUDY/OVERCAST,DAYLIGHT,PEDALCYCLIST,T-INTERSECTION,STRAIGHT AND LEVEL,WET,INJURY AND / OR TOW DUE TO CRASH,DIVERSEY AVE,41.9316414204,-87.7467199106,POINT (-87.746719910646 41.931641420407)
O1625754,BICYCLE,61ff0e271c1fb6605b48ce3baad4b015a23e73f08a92e54cb686edc2a2f83b4a6f392fef48d8acb751049eeb8e2a8fd725e06d1b15fe62da0f5323bcaeb6f7f4,07/26/2023 10:04:00 AM,M,37.0,HELMET NOT USED,WITH TRAFFIC,IN ROADWAY,TEST NOT OFFERED,,30,RAIN,DAYLIGHT,PEDALCYCLIST,T-INTERSECTION,STRAIGHT AND LEVEL,WET,INJURY AND / OR TOW DUE TO CRASH,LAKE SHORE DR,41.947709458,-87.6430828736,POINT (-87.643082873603 41.947709458036)
O1625769,NON-MOTOR VEHICLE,f29034fa21537ef88242bec39843d9401720b1fa9ce4af81bd0eff4e179622e246f43655955d7a933355d77ca399611823afd7959179e8376c877daaa2a3c82b,07/26/2023 09:42:00 AM,X,,NONE PRESENT,UNKNOWN/NA,UNKNOWN/NA,TEST NOT OFFERED,,10,RAIN,DAWN,FIXED OBJECT,T-INTERSECTION,STRAIGHT ON GRADE,WET,NO INJURY / DRIVE AWAY,SCHUBERT AVE,41.9305907302,-87.6611456095,POINT (-87.661145609541 41.930590730164)
O1625710,BICYCLE,740bc7e7096ad85d127c0e5665ef2c37d53fb8ae9a72f4040c6cf211e48cee4631a3c190d2dd3fd1d1a47186815a031265b91b0504fa65c51393fc06f0dc086b,07/26/2023 07:35:00 AM,M,29.0,HELMET NOT USED,CROSSING - AGAINST SIGNAL,IN ROADWAY,TEST NOT OFFERED,,30,CLEAR,DAYLIGHT,PEDALCYCLIST,NOT DIVIDED,STRAIGHT AND LEVEL,DRY,INJURY AND / OR TOW DUE TO CRASH,69TH ST,41.7692310131,-87.615290699,POINT (-87.615290699003 41.769231013145)
O1629544,BICYCLE,ff8a113829bbb20880620b52e9c0099bd12b2d93231f863dda9e845a8127c97117a74eaa0e424d2d1097f27bcb6f16604048a06c0be7901c51f95f27c7145c18,07/25/2023 11:30:00 PM,M,44.0,BICYCLE HELMET (PEDACYCLIST INVOLVED ONLY),UNKNOWN/NA,IN ROADWAY,TEST NOT OFFERED,,35,UNKNOWN,UNKNOWN,PEDALCYCLIST,NOT DIVIDED,STRAIGHT AND LEVEL,UNKNOWN,NO INJURY / DRIVE AWAY,UNION AVE,41.859931601,-87.6450206965,POINT (-87.645020696476 41.859931601037)
O1625539,BICYCLE,870483c9237180ddc45b6c50a1372f34b23a971ee1e109e05090268721a26a0100caa0fb023a8c6d738e9d58630b114aa17ddcec949441a00ca6d5baec9fd98f,07/25/2023 07:40:00 PM,F,34.0,HELMET NOT USED,AGAINST TRAFFIC,BIKEWAY,TEST NOT OFFERED,,30,CLEAR,DAYLIGHT,PEDALCYCLIST,FOUR WAY,STRAIGHT AND LEVEL,DRY,INJURY AND / OR TOW DUE TO CRASH,18TH ST,41.8578993116,-87.6295070281,POINT (-87.629507028056 41.857899311647)
O1625561,BICYCLE,bf7fbd9e9d004dd1973a2d16759012777ed3f81c716636088b9361e392e4cddd9d7967f06cc7d825cb26c8f1eff06e0ba5fddc0a89f58badf68f45c7c2b9ab52,07/25/2023 07:08:00 PM,F,50.0,HELMET NOT USED,WITH TRAFFIC,IN ROADWAY,TEST NOT OFFERED,,20,CLEAR,DAYLIGHT,PEDALCYCLIST,NOT DIVIDED,STRAIGHT AND LEVEL,DRY,INJURY AND / OR TOW DUE TO CRASH,CORTLAND ST,41.9154909651,-87.7035612292,POINT (-87.703561229153 41.915490965118)
O1625543,BICYCLE,121b065459564674982abcdb9ef458f2f8993ba82c4e2a2d78f468121d7ea609a0b0d0b3b9068f4bc95c30bb302e342fcccf6e7b6dc6c686039c0d0d999ccdfa,07/25/2023 06:56:00 PM,M,23.0,BICYCLE HELMET (PEDACYCLIST INVOLVED ONLY),WITH TRAFFIC,BIKE LANE,TEST NOT OFFERED,,30,CLEAR,DAYLIGHT,PEDALCYCLIST,DIVIDED - W/MEDIAN (NOT RAISED),STRAIGHT AND LEVEL,DRY,INJURY AND / OR TOW DUE TO CRASH,MILWAUKEE AVE,41.9248974023,-87.7003665719,POINT (-87.700366571875 41.924897402294)
O1625427,BICYCLE,36dad8a93282e865efad2f89eed3866e2c171c6c52715c1f428e01d400d5284646c117de028c3ee747bfb3cd7b7996f2c938e18007f3ad984e0727f79a304ca9,07/25/2023 04:39:00 PM,M,,BICYCLE HELMET (PEDACYCLIST INVOLVED ONLY),CROSSING - CONTROLS PRESENT (NOT AT INTERSECTION),IN CROSSWALK,TEST NOT OFFERED,,30,CLEAR,DAYLIGHT,PEDESTRIAN,NOT DIVIDED,STRAIGHT AND LEVEL,DRY,INJURY AND / OR TOW DUE TO CRASH,CLARK ST,41.963558354,-87.6662222819,POINT (-87.666222281881 41.963558353983)
O1625487,BICYCLE,95e4148ca00c1ba51e78bdd316589001efaf2dea6e93e62fc1382b901757794c79e3883ff794dd62b7a3c24be3000b2f71a4b678aec7c8868b6b84d678820482,07/25/2023 04:20:00 PM,M,59.0,HELMET NOT USED,CROSSING - NO CONTROLS (AT INTERSECTION),IN ROADWAY,TEST NOT OFFERED,,35,CLEAR,DAYLIGHT,PEDALCYCLIST,FOUR WAY,STRAIGHT AND LEVEL,DRY,INJURY AND / OR TOW DUE TO CRASH,WESTERN AVE,41.786844854,-87.6839865413,POINT (-87.683986541255 41.786844854027)
O1625394,BICYCLE,5293682382cd11aed9d0a3c0908b4eb29fc16e088443d46716ef7ce211fbb67403d3adb1cf71cbc7012751efb894bb6f39668a6b98d56b3cd55ddbfb2d183756,07/25/2023 01:30:00 PM,M,25.0,HELMET NOT USED,NO ACTION,IN ROADWAY,TEST NOT OFFERED,Y,30,CLEAR,DAYLIGHT,PEDALCYCLIST,NOT DIVIDED,STRAIGHT AND LEVEL,DRY,INJURY AND / OR TOW DUE TO CRASH,SHEFFIELD AVE,41.9227908516,-87.6533774647,POINT (-87.653377464686 41.922790851553)
O1625083,BICYCLE,4ffc4b67a9feb821410a3aa2e89cdc1baf6bfaa8a85b240625f684981d394a960c7e751b2286a39e8b44c5b75dfd6a7d635d23a97bcaab35dcebfc4f85f2f172,07/25/2023 06:47:00 AM,M,47.0,HELMET NOT USED,WITH TRAFFIC,BIKEWAY,TEST NOT OFFERED,,5,CLEAR,DAYLIGHT,PEDALCYCLIST,DIVIDED - W/MEDIAN (NOT RAISED),STRAIGHT AND LEVEL,UNKNOWN,INJURY AND / OR TOW DUE TO CRASH,LAKE SHORE DR,41.9410722093,-87.6391722675,POINT (-87.639172267489 41.941072209335)
O1626277,BICYCLE,3652ebb4c071541515da824dde42c8d3a4da6aa6d2086e63e41f14538c6aeb26138f0d116865ba8799d0b3a6e00cecfa057d067738d9aee57e8f57dd5bc23a05,07/24/2023 05:45:00 PM,M,,BICYCLE HELMET (PEDACYCLIST INVOLVED ONLY),NO ACTION,IN ROADWAY,TEST NOT OFFERED,,30,CLEAR,DAYLIGHT,PEDALCYCLIST,NOT DIVIDED,STRAIGHT AND LEVEL,DRY,INJURY AND / OR TOW DUE TO CRASH,KINGSBURY ST,41.9081887997,-87.6520482536,POINT (-87.652048253584 41.908188799658)
O1624919,BICYCLE,e06cd87c197af08bbbf13199fd860ba63b98a199b803f413449e57d6e8b5aeba2b8dbf73d7bb3cfcdccf0ba0434a1acd4dc651e60064b3241c036fdad945d44d,07/24/2023 05:35:00 PM,M,39.0,HELMET NOT USED,WITH TRAFFIC,IN ROADWAY,TEST NOT OFFERED,,30,CLEAR,DAYLIGHT,PEDALCYCLIST,NOT DIVIDED,STRAIGHT AND LEVEL,DRY,INJURY AND / OR TOW DUE TO CRASH,ELSTON AVE,41.917882766,-87.6676550892,POINT (-87.66765508921 41.917882766001)
O1624927,BICYCLE,3156c6faa75e38eb521cf3ddb010521619e6267899deaead993d2209473ca9545efd02024c5e388e8886cadc94a95955a6dcd586a84655d475e9b0fc7376d6ac,07/24/2023 05:20:00 PM,M,26.0,HELMET NOT USED,CROSSING - NO CONTROLS (AT INTERSECTION),IN ROADWAY,TEST NOT OFFERED,,30,CLEAR,DAYLIGHT,PEDALCYCLIST,NOT DIVIDED,STRAIGHT AND LEVEL,DRY,INJURY AND / OR TOW DUE TO CRASH,HOYNE AVE,41.8476523787,-87.6783205468,POINT (-87.678320546825 41.847652378724)
O1624847,BICYCLE,872670698c294373031aee13f61f52b85543a99d348d29c6e3bd7ec8e487c248cc36217364326235cdc81cbed885b67e47b78e25f83e521c1c9a9f8b4dc3b614,07/24/2023 05:04:00 PM,M,21.0,HELMET NOT USED,ENTER FROM DRIVE/ALLEY,IN ROADWAY,TEST NOT OFFERED,,30,CLEAR,DAYLIGHT,PEDALCYCLIST,ONE-WAY,STRAIGHT AND LEVEL,DRY,INJURY AND / OR TOW DUE TO CRASH,MONITOR AVE,41.8659404549,-87.7706059519,POINT (-87.770605951856 41.865940454889)
O1630075,BICYCLE,872670698c294373031aee13f61f52b85543a99d348d29c6e3bd7ec8e487c248cc36217364326235cdc81cbed885b67e47b78e25f83e521c1c9a9f8b4dc3b614,07/24/2023 05:04:00 PM,M,21.0,HELMET NOT USED,ENTER FROM DRIVE/ALLEY,IN ROADWAY,TEST NOT OFFERED,,30,CLEAR,DAYLIGHT,PEDALCYCLIST,ONE-WAY,STRAIGHT AND LEVEL,DRY,INJURY AND / OR TOW DUE TO CRASH,MONITOR AVE,41.8659404549,-87.7706059519,POINT (-87.770605951856 41.865940454889)
O1624793,BICYCLE,38cdd3b8ab30dd2f8daedb10f3486b819bdb819a6ac1975af9aea81ab724d5104e0661fb6bc3e070a5c30a9b711d99f4aa8bc2e3479ae012d54e4924a38b1c45,07/24/2023 04:30:00 PM,M,41.0,BICYCLE HELMET (PEDACYCLIST INVOLVED ONLY),CROSSING - NO CONTROLS (AT INTERSECTION),BIKEWAY,TEST NOT OFFERED,,30,CLEAR,DAYLIGHT,PEDALCYCLIST,DIVIDED - W/MEDIAN (NOT RAISED),STRAIGHT ON GRADE,DRY,INJURY AND / OR TOW DUE TO CRASH,HALSTED ST,41.8611062279,-87.6465950615,POINT (-87.646595061546 41.861106227905)
O1624883,BICYCLE,e4b1d899a685aac08b5faac273578cb2bb7b76340470a3409807c6f56e9f02f871ab86d02d41e72c539c489dbdb6848c8c6fed6139086a76936d0e012e464d2e,07/24/2023 02:00:00 PM,M,,HELMET NOT USED,UNKNOWN/NA,NOT IN ROADWAY,TEST NOT OFFERED,,30,CLEAR,DAYLIGHT,PEDALCYCLIST,OTHER,STRAIGHT AND LEVEL,DRY,NO INJURY / DRIVE AWAY,WESTERN AVE,41.7828162034,-87.6838859946,POINT (-87.683885994582 41.782816203429)
O1624659,BICYCLE,7dca5b1043cd3ed70c7b94380d83a4e489be97acd53d8897b053c3ae591990b280d61894e745563e788cb411480c636b606796630d789f54c218ad57b88ce4b8,07/24/2023 01:45:00 PM,M,,HELMET NOT USED,CROSSING - AGAINST SIGNAL,IN ROADWAY,"TEST PERFORMED, RESULTS UNKNOWN",,35,CLEAR,DAYLIGHT,PEDALCYCLIST,FOUR WAY,STRAIGHT AND LEVEL,DRY,NO INJURY / DRIVE AWAY,67TH ST,41.7732345538,-87.5861035579,POINT (-87.586103557939 41.773234553771)
O1624496,BICYCLE,51dba7ff3d39da484c68e8ab493c37ebaa63a90832e516fd116bb63a12686d7de8618b90ddccf3fbdbb3bf942bf934a5cb6cb333c1f68658b5c5060238f5d5d4,07/24/2023 09:10:00 AM,M,66.0,BICYCLE HELMET (PEDACYCLIST INVOLVED ONLY),WITH TRAFFIC,IN ROADWAY,TEST NOT OFFERED,,30,CLEAR,DAYLIGHT,PEDALCYCLIST,NOT DIVIDED,STRAIGHT AND LEVEL,DRY,INJURY AND / OR TOW DUE TO CRASH,CHICAGO AVE,41.8966468456,-87.6226711632,POINT (-87.622671163184 41.8966468456)
O1624335,BICYCLE,4b7d5d53bab3376a6fcb9e4eb2693fb02f9e0879b720e208d48dae35d42bd285cef373605e5fd6d143fccd8c07c7f18c75f105cc5e8c1603c2645d07413506ce,07/23/2023 09:46:00 PM,M,38.0,BICYCLE HELMET (PEDACYCLIST INVOLVED ONLY),WITH TRAFFIC,UNKNOWN/NA,TEST NOT OFFERED,,30,CLEAR,"DARKNESS, LIGHTED ROAD",PEDALCYCLIST,DIVIDED - W/MEDIAN (NOT RAISED),STRAIGHT AND LEVEL,DRY,INJURY AND / OR TOW DUE TO CRASH,ELSTON AVE,41.9771393414,-87.7545880091,POINT (-87.754588009137 41.977139341402)
O1630249,BICYCLE,4b7d5d53bab3376a6fcb9e4eb2693fb02f9e0879b720e208d48dae35d42bd285cef373605e5fd6d143fccd8c07c7f18c75f105cc5e8c1603c2645d07413506ce,07/23/2023 09:46:00 PM,M,38.0,BICYCLE HELMET (PEDACYCLIST INVOLVED ONLY),WITH TRAFFIC,UNKNOWN/NA,TEST NOT OFFERED,,30,CLEAR,"DARKNESS, LIGHTED ROAD",PEDALCYCLIST,DIVIDED - W/MEDIAN (NOT RAISED),STRAIGHT AND LEVEL,DRY,INJURY AND / OR TOW DUE TO CRASH,ELSTON AVE,41.9771393414,-87.7545880091,POINT (-87.754588009137 41.977139341402)
O1624302,BICYCLE,c6bcfb58afb5c565fd5ae6d8575e86e37db5ec3d48be77ce464ed88b184ee054881be732a0c741a5b0ac1e18002a520a8a609030e7f8c9f600f38e2fdb6f76dc,07/23/2023 08:29:00 PM,M,16.0,HELMET NOT USED,CROSSING - WITH SIGNAL,IN CROSSWALK,TEST NOT OFFERED,,30,CLEAR,"DARKNESS, LIGHTED ROAD",PEDALCYCLIST,FOUR WAY,STRAIGHT AND LEVEL,DRY,INJURY AND / OR TOW DUE TO CRASH,FULLERTON AVE,41.924014029,-87.7709179368,POINT (-87.770917936754 41.924014028964)
O1624452,NON-MOTOR VEHICLE,b0a1339b9e0704ab3f4d667a9b62579a1615961cd1c922be42d6479662b214ffd191e6003cf0a032a86c24ed524d7c9f05d90fe83620b48967ac8f2eaa7b8a52,07/23/2023 07:50:00 PM,X,,NONE PRESENT,,,TEST NOT OFFERED,,30,UNKNOWN,UNKNOWN,OTHER OBJECT,ONE-WAY,STRAIGHT AND LEVEL,UNKNOWN,INJURY AND / OR TOW DUE TO CRASH,UNION AVE,41.859402636,-87.645006896,POINT (-87.645006896011 41.859402635956)
O1624254,BICYCLE,564d7b3ec0d85061c051fbd73add2d0238b9cf95bbd2c446c612d9014a01f68acf7d977494748f940addb5fee7b98cc7ffec91c4b0856da2b81cb65583d4bc75,07/23/2023 07:25:00 PM,M,40.0,HELMET NOT USED,WITH TRAFFIC,IN ROADWAY,TEST NOT OFFERED,,30,CLEAR,DAYLIGHT,PEDALCYCLIST,FOUR WAY,STRAIGHT AND LEVEL,DRY,INJURY AND / OR TOW DUE TO CRASH,CLARK ST,41.9752236215,-87.6684590104,POINT (-87.668459010371 41.97522362153)
O1624065,BICYCLE,53de2fc25ca1c3b10278163ece3c33da3627e4b97f37036a0229fa9d62088d93de69a483ea45af0918cc4d682db9a1971d94f6e85d03ad94de5d89df7b15f4bb,07/23/2023 03:15:00 PM,M,28.0,BICYCLE HELMET (PEDACYCLIST INVOLVED ONLY),WITH TRAFFIC,BIKE LANE,TEST NOT OFFERED,,30,CLEAR,DAYLIGHT,PEDALCYCLIST,DIVIDED - W/MEDIAN (NOT RAISED),STRAIGHT AND LEVEL,DRY,INJURY AND / OR TOW DUE TO CRASH,HALSTED ST,41.8374207505,-87.6461147915,POINT (-87.646114791499 41.837420750459)