PERSON_ID,PERSON_TYPE,CRASH_RECORD_ID,CRASH_DATE_x,SEX,AGE,SAFETY_EQUIPMENT,PEDPEDAL_ACTION,PEDPEDAL_LOCATION,BAC_RESULT,CRASH_DATE_EST_I,POSTED_SPEED_LIMIT,WEATHER_CONDITION,LIGHTING_CONDITION,FIRST_CRASH_TYPE,TRAFFICWAY_TYPE,ALIGNMENT,ROADWAY_SURFACE_COND,CRASH_TYPE,STREET_NAME,LATITUDE,LONGITUDE,LOCATION
O1624050,BICYCLE,97fa17e2f9f7ef2e67c31ba32c830aa07b081a2a28abb2da99f119d51a86674feeaa2cf84dfb10bb6d6d52687dd3447955859316246e3280f95a2171f47f2bca,07/23/2023 03:15:00 PM,M,72.0,HELMET NOT USED,CROSSING - WITH SIGNAL,IN CROSSWALK,TEST NOT OFFERED,,30,CLEAR,DAYLIGHT,PEDALCYCLIST,FOUR WAY,STRAIGHT AND LEVEL,DRY,INJURY AND / OR TOW DUE TO CRASH,62ND ST,41.7797128491,-87.7765116773,POINT (-87.776511677324 41.7797128491)
O1623963,BICYCLE,e20c85236b8f5c5d63b3ccf2ab7e3f5a8ad39ab084b2111b5cc1281774e954e87b6fce10eaf0de45f9643002c768cd96f651b22d67474b76a281d21ead979878,07/23/2023 11:40:00 AM,F,22.0,HELMET NOT USED,OTHER ACTION,IN ROADWAY,TEST NOT OFFERED,,35,CLEAR,DAYLIGHT,PEDALCYCLIST,NOT DIVIDED,STRAIGHT AND LEVEL,DRY,INJURY AND / OR TOW DUE TO CRASH,ADDISON ST,41.9459643045,-87.7510140861,POINT (-87.751014086135 41.945964304509)
O1623838,BICYCLE,dbce5c49e9399561e41c9c26ae36746c2e614341f8cdd9b703d96905fc00e3a9b3a45ad493a7202bfb0c5dd6cfb5ae5320a4810a53d4554e8eeb69fdd35fb3fe,07/23/2023 05:03:00 AM,F,32.0,HELMET NOT USED,CROSSING - WITH SIGNAL,BIKE LANE,TEST NOT OFFERED,,30,CLOUDY/OVERCAST,DAWN,PEDALCYCLIST,FOUR WAY,STRAIGHT AND LEVEL,WET,NO INJURY / DRIVE AWAY,DAMEN AVE,41.8786806717,-87.6767255236,POINT (-87.676725523596 41.878680671656)
O1623766,BICYCLE,a7843cd9c3e7f3f66c53df5b2834767b141d69826db4fb9bec154342e8088e2da47b1d0781581257c49a008063784cef9b8ae94d1b37802acdcb1fe6a9abde7b,07/23/2023 03:04:00 AM,M,31.0,HELMET NOT USED,CROSSING - CONTROLS PRESENT (NOT AT INTERSECTION),UNKNOWN/NA,TEST NOT OFFERED,,30,CLEAR,"DARKNESS, LIGHTED ROAD",PEDALCYCLIST,FOUR WAY,STRAIGHT AND LEVEL,WET,INJURY AND / OR TOW DUE TO CRASH,SOUTHPORT AVE,41.9288910926,-87.6635922226,POINT (-87.663592222599 41.928891092634)
O1623693,BICYCLE,4a4e161e8a3a96de138f505347ee518056b45560726774980670d0eb66b8934fcc15801e94ef340139062e13330507f08c3037bb735b143a4833b0daa94ee401,07/22/2023 11:30:00 PM,M,57.0,HELMET NOT USED,CROSSING - WITH SIGNAL,IN ROADWAY,TEST NOT OFFERED,,30,CLEAR,"DARKNESS, LIGHTED ROAD",PEDALCYCLIST,DIVIDED - W/MEDIAN (NOT RAISED),STRAIGHT AND LEVEL,DRY,INJURY AND / OR TOW DUE TO CRASH,18TH ST,41.8579431849,-87.6638842896,POINT (-87.66388428959 41.85794318489)
O1623684,BICYCLE,236965d28a5fdc79066a4d58b6a182034635e50aa4290054bb2f8bca766e11d0edafb7755cbf5ef05621454bfb1ebc79605481cff82a98b68442e603b4e90bed,07/22/2023 11:23:00 PM,M,50.0,HELMET NOT USED,WITH TRAFFIC,IN ROADWAY,TEST NOT OFFERED,,30,CLEAR,"DARKNESS, LIGHTED ROAD",PEDALCYCLIST,ONE-WAY,STRAIGHT AND LEVEL,DRY,NO INJURY / DRIVE AWAY,INDIANA AVE,41.8031895509,-87.6212031228,POINT (-87.621203122767 41.803189550913)
O1623623,BICYCLE,3b5ec4421054c813a27e8bbaf9ddfd651871e0799dfee0476a380430ee96a46e1f7889985c665f1744fedf4ccd8bf3e98f798177884ae8fe031b518efa5bd016,07/22/2023 03:00:00 PM,M,14.0,HELMET NOT USED,OTHER ACTION,UNKNOWN/NA,TEST NOT OFFERED,,20,UNKNOWN,UNKNOWN,PEDALCYCLIST,ONE-WAY,STRAIGHT AND LEVEL,UNKNOWN,INJURY AND / OR TOW DUE TO CRASH,LAVERGNE AVE,41.9293813784,-87.751274181,POINT (-87.751274181045 41.92938137838)
O1623381,BICYCLE,5e5f1804a4be75b29c0106bf8cff614ba2448397b6fad41c2a5c5aa190b866940d393229af93fb017d20c680f33fe113032e6d24b6817355402e6ad203d5f476,07/22/2023 02:15:00 PM,M,31.0,HELMET NOT USED,NO ACTION,BIKEWAY,TEST NOT OFFERED,,0,CLEAR,DAYLIGHT,PEDALCYCLIST,OTHER,STRAIGHT AND LEVEL,DRY,INJURY AND / OR TOW DUE TO CRASH,LAKE SHORE DR NB,41.851306652,-87.6129315653,POINT (-87.612931565326 41.851306651972)
O1623421,BICYCLE,a71d087318629f7efb0c01e45ff754ddc91dbf2e5f5f5e428f2740163a808bc612de188104d51d7e37e61357bc8d1a8866604937c249dc0cb23f6107f675cf5a,07/22/2023 01:40:00 PM,M,24.0,BICYCLE HELMET (PEDACYCLIST INVOLVED ONLY),TURNING LEFT,IN ROADWAY,TEST NOT OFFERED,,30,CLEAR,DAYLIGHT,PEDALCYCLIST,NOT DIVIDED,STRAIGHT AND LEVEL,DRY,INJURY AND / OR TOW DUE TO CRASH,ARMITAGE AVE,41.9176672094,-87.689471383,POINT (-87.689471382984 41.91766720941)
O1623306,BICYCLE,563f301da5e53309b3818ec4dd7b20798895ab3011c0527aa75989ce0f59e96e7dd42e3056468bea68e114646d84643a3ef92e83e5207a19bcb17fa6274f809b,07/22/2023 11:50:00 AM,M,29.0,HELMET NOT USED,WITH TRAFFIC,IN ROADWAY,TEST NOT OFFERED,,30,CLEAR,DAYLIGHT,PEDALCYCLIST,ONE-WAY,STRAIGHT AND LEVEL,DRY,INJURY AND / OR TOW DUE TO CRASH,MIES VAN DER ROHE WAY,,,
O1623104,BICYCLE,4e73ae205e2f39e832d2ff1821261e98955062ec37181bf7f89034420a9d31587c2fa133ff2d466687a3589d537720d97de50f8f76a840fd83de27643476038b,07/22/2023 01:13:00 AM,M,40.0,HELMET NOT USED,AGAINST TRAFFIC,IN ROADWAY,TEST NOT OFFERED,,30,CLEAR,"DARKNESS, LIGHTED ROAD",PEDALCYCLIST,ONE-WAY,STRAIGHT AND LEVEL,DRY,INJURY AND / OR TOW DUE TO CRASH,CORNELL AVE,41.8050641845,-87.5866448079,POINT (-87.586644807892 41.805064184544)
O1623089,BICYCLE,23d69770b2585ddfa25afaddd77862790ce4aad7aa2483cdf00793a40a3427955f2611b07d9a442c9a5cb2f99bfcec70bda0f85d655ce24d61ce6a509e41eb0d,07/22/2023 12:20:00 AM,M,36.0,HELMET NOT USED,WITH TRAFFIC,IN ROADWAY,TEST NOT OFFERED,,30,CLEAR,"DARKNESS, LIGHTED ROAD",PEDALCYCLIST,T-INTERSECTION,STRAIGHT AND LEVEL,DRY,INJURY AND / OR TOW DUE TO CRASH,GRAND AVE,41.8911727327,-87.6589479687,POINT (-87.658947968744 41.891172732655)
O1623056,BICYCLE,3680400b7332702451be8dd13f0261712bb8196a17f1f87ef71d9cb50d7b031dfaaf5bd61fac59352ddfea923b63682c53007c031a2dbe9ab5cdfe5f9d5505a1,07/21/2023 11:42:00 PM,M,19.0,HELMET NOT USED,CROSSING - AGAINST SIGNAL,IN ROADWAY,TEST NOT OFFERED,,30,CLEAR,"DARKNESS, LIGHTED ROAD",PEDALCYCLIST,NOT DIVIDED,STRAIGHT AND LEVEL,DRY,INJURY AND / OR TOW DUE TO CRASH,WESTERN BLVD,41.8083695489,-87.6840193967,POINT (-87.684019396719 41.808369548854)
O1623037,BICYCLE,b125516901866721738ae4ea6499f458e9b9236a1dee38f1e180f50c591a1fbbc564edd4a7b744a0b5caaf865805bb77461b9c4b6eff226de25a879f4e9da349,07/21/2023 10:55:00 PM,M,,HELMET NOT USED,UNKNOWN/NA,IN ROADWAY,TEST NOT OFFERED,,35,CLEAR,DARKNESS,OTHER OBJECT,NOT DIVIDED,STRAIGHT AND LEVEL,DRY,NO INJURY / DRIVE AWAY,MICHIGAN AVE,41.8875429414,-87.6244070025,POINT (-87.624407002456 41.887542941392)
O1624991,BICYCLE,aedc403e0a240e69a438ecfff5eb9f0121dec47fe1ffe2b0a0e9179b5942b3da28fb994c873e3396f4b0807833f355333b5371ca75a4f63e2db7dfafbca842f9,07/21/2023 09:45:00 PM,M,14.0,HELMET NOT USED,WITH TRAFFIC,BIKE LANE,TEST NOT OFFERED,,30,CLEAR,"DARKNESS, LIGHTED ROAD",PEDALCYCLIST,DIVIDED - W/MEDIAN (NOT RAISED),STRAIGHT AND LEVEL,DRY,INJURY AND / OR TOW DUE TO CRASH,59TH ST,41.7857279722,-87.7325121632,POINT (-87.732512163175 41.785727972211)
O1624798,BICYCLE,52f38c74aa8cb3fe1f17577c5d62988729df15b1011699bd4164834b3f2aee1b421a0daf704b200f895323b0fcd6e4a49f7404e54fa4ee09d94787c7aa0332d5,07/21/2023 09:30:00 PM,M,41.0,HELMET NOT USED,UNKNOWN/NA,IN ROADWAY,TEST NOT OFFERED,,35,UNKNOWN,"DARKNESS, LIGHTED ROAD",PEDALCYCLIST,NOT DIVIDED,STRAIGHT AND LEVEL,UNKNOWN,NO INJURY / DRIVE AWAY,STATE ST,41.8874416979,-87.6281476395,POINT (-87.628147639483 41.887441697944)
O1623233,NON-MOTOR VEHICLE,bed24dcbb87506d88e9c2466de143952dd407b25457b86d2e5948c52276a7afd644fe778bc8135dcac8ab790470948ef13a587f15812bb3332c5500dc30f8ac7,07/21/2023 07:50:00 PM,F,30.0,HELMET NOT USED,NO ACTION,BIKEWAY,TEST NOT OFFERED,,30,CLEAR,DAYLIGHT,OTHER OBJECT,NOT DIVIDED,STRAIGHT AND LEVEL,DRY,NO INJURY / DRIVE AWAY,MILWAUKEE AVE,41.9317342048,-87.7115431062,POINT (-87.711543106184 41.931734204785)
O1622824,BICYCLE,dff1b38da086cc089049c9dfba6cd3063bb416203cd0c91ed69817d29f7c1931a159ccd8310403df42b93d77b7f2de0d965ab050cfe6b44e1aff3d225da50bd2,07/21/2023 05:00:00 PM,M,15.0,BICYCLE HELMET (PEDACYCLIST INVOLVED ONLY),UNKNOWN/NA,UNKNOWN/NA,TEST NOT OFFERED,,30,CLEAR,DAYLIGHT,PEDALCYCLIST,T-INTERSECTION,STRAIGHT AND LEVEL,DRY,INJURY AND / OR TOW DUE TO CRASH,LOOMIS ST,41.8765036612,-87.6617079229,POINT (-87.661707922889 41.876503661237)
O1622759,BICYCLE,8dd6c5db0acd4c96d64fb31fb161855dda591ab1ba138dedc9a50e4237690c05b88b68ed7ed55d6d1f1ffc7b4a2ee28f6fe12b40f2ea4b5018131069a51670e2,07/21/2023 03:45:00 PM,F,34.0,HELMET NOT USED,WITH TRAFFIC,BIKEWAY,TEST NOT OFFERED,,30,CLEAR,DAYLIGHT,PEDALCYCLIST,NOT DIVIDED,STRAIGHT AND LEVEL,DRY,INJURY AND / OR TOW DUE TO CRASH,DIVERSEY AVE,41.9311354035,-87.7686121306,POINT (-87.768612130635 41.931135403483)
O1622706,BICYCLE,4ff6346d1d8b8bff864605725b8d683d45526033b3887f2bd57041644a92c190d2cfca0d8c1286298ceb0cfc1227be01008e23dda8a013b99038d61eb1e83215,07/21/2023 02:59:00 PM,M,50.0,BICYCLE HELMET (PEDACYCLIST INVOLVED ONLY),OTHER ACTION,BIKE LANE,TEST NOT OFFERED,,30,CLEAR,DAYLIGHT,PEDALCYCLIST,DIVIDED - W/MEDIAN (NOT RAISED),STRAIGHT AND LEVEL,DRY,INJURY AND / OR TOW DUE TO CRASH,DAMEN AVE,41.9119671894,-87.6776457907,POINT (-87.677645790716 41.911967189399)
O1622799,BICYCLE,bfe19056222aca21efc69b06c280de8558ab8214d2ab16361654f0950fce6565d5e93cd3914d01c1f85962d47a1bbd3d8b9e91221f66ec68c085201cacabcb53,07/21/2023 02:58:00 PM,M,31.0,HELMET NOT USED,WITH TRAFFIC,IN ROADWAY,TEST NOT OFFERED,Y,30,CLEAR,DAYLIGHT,PEDALCYCLIST,FOUR WAY,STRAIGHT AND LEVEL,DRY,INJURY AND / OR TOW DUE TO CRASH,HALSTED ST,41.8912363959,-87.6477651192,POINT (-87.647765119244 41.89123639588)
O1636167,BICYCLE,bfe19056222aca21efc69b06c280de8558ab8214d2ab16361654f0950fce6565d5e93cd3914d01c1f85962d47a1bbd3d8b9e91221f66ec68c085201cacabcb53,07/21/2023 02:58:00 PM,M,31.0,HELMET NOT USED,WITH TRAFFIC,IN ROADWAY,TEST NOT OFFERED,Y,30,CLEAR,DAYLIGHT,PEDALCYCLIST,FOUR WAY,STRAIGHT AND LEVEL,DRY,INJURY AND / OR TOW DUE TO CRASH,HALSTED ST,41.8912363959,-87.6477651192,POINT (-87.647765119244 41.89123639588)
O1622828,BICYCLE,5dd8ebd3800cbb917490648f2d521d10609eecda3b71f7af667233988db58be7e6cab2fa188723c0261f9d79adc555039ed6f556ab35aa2566256c678fb8d1e7,07/21/2023 02:30:00 PM,F,26.0,HELMET NOT USED,TURNING LEFT,BIKE LANE,TEST NOT OFFERED,,30,CLEAR,DAYLIGHT,PEDALCYCLIST,NOT DIVIDED,STRAIGHT AND LEVEL,DRY,INJURY AND / OR TOW DUE TO CRASH,LARAMIE AVE,41.8823931864,-87.7552876988,POINT (-87.755287698786 41.88239318641)
O1623221,BICYCLE,cf192ce2b9b06ca4eb29bbb34aa7a042c93840e7748fa08d3b7e2a2e66a95a0a5621b5cfc7efdb80c6644ea48fb6d6741a83cc97bc96251777b05856c74ab8a7,07/21/2023 01:50:00 PM,M,26.0,BICYCLE HELMET (PEDACYCLIST INVOLVED ONLY),WITH TRAFFIC,IN ROADWAY,TEST NOT OFFERED,,30,CLEAR,DAYLIGHT,PEDALCYCLIST,NOT DIVIDED,STRAIGHT AND LEVEL,DRY,INJURY AND / OR TOW DUE TO CRASH,MONTROSE AVE,41.9618096756,-87.6609051075,POINT (-87.660905107473 41.961809675608)
O1622577,BICYCLE,e708a4e8d0ec75b07cdfb8741f7a71a8d9e336305f19cac381c118b4264d25344db4353e45d078e86fa5c5110d4cf01e2cc8245451216dfb44765e45d04b4853,07/21/2023 12:40:00 PM,F,14.0,HELMET NOT USED,CROSSING - NO CONTROLS (AT INTERSECTION),IN CROSSWALK,TEST NOT OFFERED,,30,CLEAR,DAYLIGHT,PEDALCYCLIST,FOUR WAY,STRAIGHT AND LEVEL,DRY,INJURY AND / OR TOW DUE TO CRASH,AVENUE N,41.6953987238,-87.5390502401,POINT (-87.539050240107 41.695398723834)
O1623498,BICYCLE,8b5b60ffb3abff89053feb4289a09d834ac0f1c60547d7a7cba4b415e6acb6de7a6d6f99c048aa8566342df045c504af8ac286dc8d8328cc213b167c9608b380,07/21/2023 12:10:00 PM,M,23.0,BICYCLE HELMET (PEDACYCLIST INVOLVED ONLY),WITH TRAFFIC,IN ROADWAY,TEST NOT OFFERED,,30,UNKNOWN,UNKNOWN,PEDALCYCLIST,DIVIDED - W/MEDIAN (NOT RAISED),STRAIGHT AND LEVEL,UNKNOWN,INJURY AND / OR TOW DUE TO CRASH,CLARK ST,41.9698222901,-87.6674619446,POINT (-87.667461944591 41.969822290065)
O1622610,BICYCLE,d01b1ea7bdb62407c84cc0ec5e411610876cfbd74819ab9cf8f40dec631acc0216a5eb8e495aef280b6dd2f403f9ee12bc0e1a65c13dcb490af36d31c47a7f89,07/21/2023 12:10:00 PM,M,,HELMET NOT USED,UNKNOWN/NA,IN CROSSWALK,TEST NOT OFFERED,,30,UNKNOWN,UNKNOWN,PEDALCYCLIST,OTHER,STRAIGHT AND LEVEL,UNKNOWN,NO INJURY / DRIVE AWAY,CAMBRIDGE AVE,41.9329686131,-87.6428892302,POINT (-87.642889230246 41.932968613119)
O1622335,BICYCLE,3575d7d29955fb15405c9516bdb678598911e7b40b1f6e83de4ad805d5b9e796e8d2f386d2a83bed7ec55ce4d127aaa509c680cd80309964c20ac33bc11f9648,07/20/2023 10:08:00 PM,M,,BICYCLE HELMET (PEDACYCLIST INVOLVED ONLY),UNKNOWN/NA,IN ROADWAY,TEST NOT OFFERED,,30,UNKNOWN,"DARKNESS, LIGHTED ROAD",PEDALCYCLIST,NOT DIVIDED,STRAIGHT AND LEVEL,UNKNOWN,INJURY AND / OR TOW DUE TO CRASH,CLARK ST,41.9199635553,-87.636912671,POINT (-87.636912670956 41.919963555309)
O1622329,BICYCLE,c045e199a28ff30d7c9f81e4516db2b3b077cfc8a2ee3d64bf1f3596881c14abe5bcb9b53d9f2590ff139a9ac0d28813ff355c67ab6ff25ff2105ea6aa00723a,07/20/2023 08:51:00 PM,M,,BICYCLE HELMET (PEDACYCLIST INVOLVED ONLY),AGAINST TRAFFIC,IN ROADWAY,TEST NOT OFFERED,,30,CLEAR,DAYLIGHT,PEDALCYCLIST,T-INTERSECTION,STRAIGHT AND LEVEL,DRY,NO INJURY / DRIVE AWAY,HALSTED ST,41.8553830094,-87.6464264717,POINT (-87.646426471657 41.855383009385)
O1622179,BICYCLE,4e7d971421c7845971098c3e56dd83fada66a29fa7f826cec46ccb368912542299a5367459d12c40163bfa5c039d19b8a38671da32b5546fb949ebf2ed6b8479,07/20/2023 05:40:00 PM,F,25.0,HELMET NOT USED,CROSSING - WITH SIGNAL,IN ROADWAY,TEST NOT OFFERED,,30,CLEAR,DAYLIGHT,PEDALCYCLIST,NOT DIVIDED,STRAIGHT AND LEVEL,DRY,INJURY AND / OR TOW DUE TO CRASH,ERIE ST,41.8943762584,-87.6164903486,POINT (-87.616490348564 41.894376258392)
O1622045,BICYCLE,edca926baf978216726b58e0411e4047624eeb9d58161b4cc6307168f07c1a1dc24a4d579eab2c12deefd32fbe2e3da4fe465251f828200be6cb95bf38c040df,07/20/2023 02:38:00 PM,M,34.0,HELMET NOT USED,OTHER ACTION,IN CROSSWALK,TEST NOT OFFERED,,30,CLEAR,DAYLIGHT,PEDALCYCLIST,T-INTERSECTION,STRAIGHT AND LEVEL,DRY,INJURY AND / OR TOW DUE TO CRASH,TOUHY AVE,42.0116018683,-87.8150165768,POINT (-87.815016576844 42.011601868323)
O1640905,BICYCLE,edca926baf978216726b58e0411e4047624eeb9d58161b4cc6307168f07c1a1dc24a4d579eab2c12deefd32fbe2e3da4fe465251f828200be6cb95bf38c040df,07/20/2023 02:38:00 PM,M,34.0,HELMET NOT USED,OTHER ACTION,IN CROSSWALK,TEST NOT OFFERED,,30,CLEAR,DAYLIGHT,PEDALCYCLIST,T-INTERSECTION,STRAIGHT AND LEVEL,DRY,INJURY AND / OR TOW DUE TO CRASH,TOUHY AVE,42.0116018683,-87.8150165768,POINT (-87.815016576844 42.011601868323)
O1621857,BICYCLE,80501bf05f74aa550c9168a77de7ddab99580e343d03f4985d494c1ccc5d7ef7a048241a71a44c6fbec734d5ea2f2d6dd80a62168eb81751e729615ee7115530,07/20/2023 11:35:00 AM,M,38.0,HELMET NOT USED,NO ACTION,BIKEWAY,,,30,CLEAR,DAYLIGHT,PEDALCYCLIST,NOT DIVIDED,STRAIGHT AND LEVEL,DRY,INJURY AND / OR TOW DUE TO CRASH,DAMEN AVE,41.9692394258,-87.6793460198,POINT (-87.67934601981 41.969239425792)
O1621853,BICYCLE,a8262ae310da3db1f982a11761630b82965e4f467f471b307d22b4bb074f89cf457bcf54350779b1cfc18c2eb102d9abd1f5f37976090301bdda9f3ee299e86c,07/20/2023 11:25:00 AM,M,28.0,HELMET NOT USED,CROSSING - NO CONTROLS (AT INTERSECTION),IN ROADWAY,TEST NOT OFFERED,,30,CLEAR,DAYLIGHT,PEDALCYCLIST,NOT DIVIDED,STRAIGHT AND LEVEL,DRY,INJURY AND / OR TOW DUE TO CRASH,BLUE ISLAND AVE,41.8616894286,-87.6580693118,POINT (-87.658069311762 41.861689428649)
O1621851,BICYCLE,773c87a2bd288ff442f9cbddc79c30b2a77d6ae36f35d0845ef5bdd459677b1253d50886dcc71d60b68c5442a7943b855a31be351efbd7e6ae4eeea1a360ff58,07/20/2023 10:45:00 AM,M,32.0,HELMET NOT USED,CROSSING - WITH SIGNAL,IN ROADWAY,TEST NOT OFFERED,,30,CLEAR,DAYLIGHT,PEDALCYCLIST,FOUR WAY,STRAIGHT AND LEVEL,DRY,INJURY AND / OR TOW DUE TO CRASH,LOCKWOOD AVE,41.9423634069,-87.7594099529,POINT (-87.759409952944 41.942363406897)
O1621741,BICYCLE,58effb114fc59bdccf91623c6fbd4c8d7a268615768cab2ab32f1322aace0911a99ea7028eb6289a38768f73f1619f5ba3fa046881db16555dbf82595d9cc764,07/20/2023 08:40:00 AM,M,37.0,HELMET NOT USED,NO ACTION,BIKE LANE,TEST NOT OFFERED,,30,CLEAR,DAYLIGHT,PEDALCYCLIST,NOT DIVIDED,STRAIGHT AND LEVEL,DRY,NO INJURY / DRIVE AWAY,EWING AVE,41.7054497791,-87.5351393374,POINT (-87.53513933737 41.705449779141)
O1621726,BICYCLE,a6655665861a47282dc98c1463f1e4defc435f05d7439fd6cd1469acb1c12a97da555173da67e356c8953172ad7d461684e0502e9a72d76944cafd1df46305dc,07/20/2023 07:50:00 AM,M,27.0,HELMET NOT USED,TURNING LEFT,IN ROADWAY,TEST NOT OFFERED,,30,CLEAR,DAYLIGHT,PEDALCYCLIST,FOUR WAY,STRAIGHT AND LEVEL,DRY,INJURY AND / OR TOW DUE TO CRASH,MONROE ST,41.8807351749,-87.6366628428,POINT (-87.636662842803 41.88073517489)
O1621668,BICYCLE,7b461cb89fdeea152f8960fee737effa86d665d5c70a1122be97ea72a5b27165baecc8dda018dc9d425aef69477bcae845e59c6b4d057970d2337665a64ae4b5,07/20/2023 04:12:00 AM,F,33.0,HELMET NOT USED,WITH TRAFFIC,IN ROADWAY,TEST NOT OFFERED,,30,CLEAR,"DARKNESS, LIGHTED ROAD",PEDALCYCLIST,NOT DIVIDED,STRAIGHT AND LEVEL,DRY,INJURY AND / OR TOW DUE TO CRASH,KIMBALL AVE,41.9562149501,-87.7128388489,POINT (-87.712838848918 41.956214950064)
O1621560,BICYCLE,4d91555ba847ee6ea9ec5bb57b81fe0974f4c4e03aa8a016ce6a8d44e55ea21ceebdaef7bd88d8872022e7bbf04013facc66c205d7899ed965d69b7ee69e7e16,07/19/2023 07:45:00 PM,M,21.0,BICYCLE HELMET (PEDACYCLIST INVOLVED ONLY),CROSSING - AGAINST SIGNAL,IN ROADWAY,TEST NOT OFFERED,,30,CLEAR,DAYLIGHT,PEDALCYCLIST,NOT DIVIDED,STRAIGHT AND LEVEL,DRY,INJURY AND / OR TOW DUE TO CRASH,PAULINA ST,41.9415290335,-87.671290843,POINT (-87.671290842956 41.941529033479)
O1621439,BICYCLE,7fad58794bf180378e0947c0391401633a9ed36c9cc35488ae7c79ec5ba9c7068c59da134a19daa2441fa3e2c16e45a9f8557b2418637a41297732e0df73f1c0,07/19/2023 05:05:00 PM,M,7.0,HELMET NOT USED,CROSSING - WITH SIGNAL,IN CROSSWALK,TEST NOT OFFERED,,30,CLEAR,DAYLIGHT,PEDALCYCLIST,ONE-WAY,STRAIGHT AND LEVEL,DRY,INJURY AND / OR TOW DUE TO CRASH,ESCANABA AVE,41.7408963237,-87.5540685894,POINT (-87.554068589429 41.740896323696)
O1621280,BICYCLE,9f6a481bc0a7a08922eb44b6d320b42f73e3dd19832a9012d7f04160d4885f4f0f88fce19ecdc3359a515872359a2a1de76c81a803f03909eb7deb0fcca47ce4,07/19/2023 03:08:00 PM,M,,HELMET NOT USED,AGAINST TRAFFIC,BIKEWAY,TEST NOT OFFERED,,30,CLEAR,DAYLIGHT,PEDALCYCLIST,NOT DIVIDED,STRAIGHT AND LEVEL,DRY,INJURY AND / OR TOW DUE TO CRASH,CANAL ST,41.8676073125,-87.6390555352,POINT (-87.639055535202 41.867607312542)
O1628927,BICYCLE,9f6a481bc0a7a08922eb44b6d320b42f73e3dd19832a9012d7f04160d4885f4f0f88fce19ecdc3359a515872359a2a1de76c81a803f03909eb7deb0fcca47ce4,07/19/2023 03:08:00 PM,M,35.0,HELMET NOT USED,AGAINST TRAFFIC,BIKEWAY,TEST NOT OFFERED,,30,CLEAR,DAYLIGHT,PEDALCYCLIST,NOT DIVIDED,STRAIGHT AND LEVEL,DRY,INJURY AND / OR TOW DUE TO CRASH,CANAL ST,41.8676073125,-87.6390555352,POINT (-87.639055535202 41.867607312542)
O1621307,BICYCLE,ae902c3b3d9581271a662c89793369c775a0d6dc3f42e893313f0b3417da2b5eac043b6a8533567baa96f94fe6e4927df5dec9d9a81dbee5959b3c785a3d9af9,07/19/2023 02:55:00 PM,F,,HELMET NOT USED,CROSSING - WITH SIGNAL,IN CROSSWALK,TEST NOT OFFERED,,20,CLEAR,DAYLIGHT,PEDALCYCLIST,FOUR WAY,STRAIGHT AND LEVEL,DRY,INJURY AND / OR TOW DUE TO CRASH,STONY ISLAND AVE,41.744151639,-87.585945067,POINT (-87.585945066953 41.744151639042)
O1626137,BICYCLE,ae902c3b3d9581271a662c89793369c775a0d6dc3f42e893313f0b3417da2b5eac043b6a8533567baa96f94fe6e4927df5dec9d9a81dbee5959b3c785a3d9af9,07/19/2023 02:55:00 PM,F,,HELMET NOT USED,CROSSING - WITH SIGNAL,IN CROSSWALK,TEST NOT OFFERED,,20,CLEAR,DAYLIGHT,PEDALCYCLIST,FOUR WAY,STRAIGHT AND LEVEL,DRY,INJURY AND / OR TOW DUE TO CRASH,STONY ISLAND AVE,41.744151639,-87.585945067,POINT (-87.585945066953 41.744151639042)
O1621370,BICYCLE,f0225e92b3ff10ace9f1dd91aac820caaa20d16d5f67db2a5a0271438f1524e34b6a623176ba8e8a181043e1bb244168df324109bc4362468ea2d8234591c564,07/19/2023 02:40:00 PM,F,59.0,HELMET NOT USED,OTHER ACTION,NOT IN ROADWAY,,,30,CLEAR,DAYLIGHT,PEDALCYCLIST,OTHER,STRAIGHT AND LEVEL,DRY,NO INJURY / DRIVE AWAY,PULASKI RD,41.7676877323,-87.7226308451,POINT (-87.72263084508 41.767687732304)
O1621242,BICYCLE,fa0a577fddf36581b15a48f9c3ced38f72e45d746963e12956c54d54838fc7c0f5a0ea97dfe27967827d168725c4e9f47d1b907f0ac630cee0ca14716214b3f6,07/19/2023 12:27:00 PM,M,26.0,BICYCLE HELMET (PEDACYCLIST INVOLVED ONLY),WITH TRAFFIC,BIKE LANE,TEST NOT OFFERED,,30,CLEAR,DAYLIGHT,PEDALCYCLIST,NOT DIVIDED,STRAIGHT AND LEVEL,DRY,INJURY AND / OR TOW DUE TO CRASH,LINCOLN AVE,41.9242504101,-87.6468775231,POINT (-87.646877523097 41.924250410055)
O1621091,BICYCLE,50e6d66d4b970957610317c4d5a13414da7af525207c096fa77a884a3172b35ccae19b1ce6c70485a786f4974f83dcb83e62d3e7391a02dc4a222487c4024b9b,07/19/2023 09:10:00 AM,M,10.0,BICYCLE HELMET (PEDACYCLIST INVOLVED ONLY),CROSSING - WITH SIGNAL,IN CROSSWALK,TEST NOT OFFERED,,30,CLEAR,DAYLIGHT,PEDALCYCLIST,FOUR WAY,STRAIGHT AND LEVEL,DRY,INJURY AND / OR TOW DUE TO CRASH,SPRINGFIELD AVE,41.7705450826,-87.7202478769,POINT (-87.720247876892 41.770545082566)