PERSON_ID,PERSON_TYPE,CRASH_RECORD_ID,CRASH_DATE_x,SEX,AGE,SAFETY_EQUIPMENT,PEDPEDAL_ACTION,PEDPEDAL_LOCATION,BAC_RESULT,CRASH_DATE_EST_I,POSTED_SPEED_LIMIT,WEATHER_CONDITION,LIGHTING_CONDITION,FIRST_CRASH_TYPE,TRAFFICWAY_TYPE,ALIGNMENT,ROADWAY_SURFACE_COND,CRASH_TYPE,STREET_NAME,LATITUDE,LONGITUDE,LOCATION
O1622685,BICYCLE,672fa60a9a3f44de0eefdff49b39e81be43b13f502238c25991b8ae8ad57d791082e4f23800e7f000f7f701083cfbca92a6551356e4b0e51b0896ad1594b2264,07/19/2023 09:05:00 AM,M,22.0,HELMET NOT USED,WITH TRAFFIC,BIKE LANE,TEST NOT OFFERED,,30,CLEAR,DAYLIGHT,PEDALCYCLIST,DIVIDED - W/MEDIAN (NOT RAISED),STRAIGHT AND LEVEL,DRY,INJURY AND / OR TOW DUE TO CRASH,ARMITAGE AVE,41.9183052575,-87.6472552096,POINT (-87.647255209645 41.918305257492)
O1621078,BICYCLE,94a6e5c5bd65512766e7d630bb880e06f1d7fc04e22f576042c1d81123025dcc23191c6f20bc01d42dde896eea5cd02c912965187775f3f03f13a1bf87cbc135,07/19/2023 08:15:00 AM,M,37.0,BICYCLE HELMET (PEDACYCLIST INVOLVED ONLY),WITH TRAFFIC,IN ROADWAY,TEST NOT OFFERED,,30,CLEAR,DAYLIGHT,PEDALCYCLIST,NOT DIVIDED,STRAIGHT AND LEVEL,DRY,INJURY AND / OR TOW DUE TO CRASH,GRANVILLE AVE,41.994066503,-87.6848942268,POINT (-87.684894226835 41.994066502968)
O1620780,BICYCLE,b7daad803062ae81c3520d787ec17e05323a8606c1982c6336df33891c21cd84599052fac3af60b3bdcb83da69c252c8be379d2dbc4cc8c5c97ffde99cbe3a8b,07/18/2023 06:34:00 PM,M,36.0,HELMET NOT USED,CROSSING - WITH SIGNAL,IN ROADWAY,,,30,CLEAR,DAYLIGHT,PEDALCYCLIST,NOT REPORTED,STRAIGHT AND LEVEL,DRY,INJURY AND / OR TOW DUE TO CRASH,ASHLAND AVE,41.7684549099,-87.664038433,POINT (-87.664038433009 41.768454909931)
O1628710,BICYCLE,b7daad803062ae81c3520d787ec17e05323a8606c1982c6336df33891c21cd84599052fac3af60b3bdcb83da69c252c8be379d2dbc4cc8c5c97ffde99cbe3a8b,07/18/2023 06:34:00 PM,M,36.0,HELMET NOT USED,CROSSING - WITH SIGNAL,IN ROADWAY,,,30,CLEAR,DAYLIGHT,PEDALCYCLIST,NOT REPORTED,STRAIGHT AND LEVEL,DRY,INJURY AND / OR TOW DUE TO CRASH,ASHLAND AVE,41.7684549099,-87.664038433,POINT (-87.664038433009 41.768454909931)
O1620836,BICYCLE,b9db157d1dad851572a135c911301f8c6b8dbad8e7fad567741be11c8abc56b102447c3564f9986153589d2f3836bb033f7c1effe169e2b16a792ecd8decac9f,07/18/2023 06:30:00 PM,,,BICYCLE HELMET (PEDACYCLIST INVOLVED ONLY),UNKNOWN/NA,UNKNOWN/NA,TEST NOT OFFERED,,30,UNKNOWN,UNKNOWN,PEDALCYCLIST,NOT DIVIDED,STRAIGHT AND LEVEL,UNKNOWN,NO INJURY / DRIVE AWAY,DESPLAINES ST,41.8580074512,-87.6427358179,POINT (-87.642735817938 41.858007451211)
O1620761,BICYCLE,5e9dd6bd4b480cc78131a9029cda2340ea3f5c2af0a5f04013614a4f961011a5a9baa6c7e0aac4cffa91d0c5769c27d4d45190498273cb4f30b0ab64155377b9,07/18/2023 06:20:00 PM,F,27.0,BICYCLE HELMET (PEDACYCLIST INVOLVED ONLY),CROSSING - WITH SIGNAL,BIKEWAY,TEST NOT OFFERED,,30,CLEAR,DAYLIGHT,PEDALCYCLIST,FOUR WAY,STRAIGHT AND LEVEL,DRY,INJURY AND / OR TOW DUE TO CRASH,TAYLOR ST,41.8696401521,-87.6398997772,POINT (-87.639899777187 41.869640152116)
O1620904,BICYCLE,170aa4d93b9a4026f4cccd1962a68251084acc7d54b792d23baa9092930b6a70f14a2bdff43a9ed88cbf630acbb8f615f910545096a68e6b7706ce63aaae7099,07/18/2023 03:30:00 PM,M,14.0,HELMET NOT USED,UNKNOWN/NA,NOT IN ROADWAY,TEST NOT OFFERED,,20,CLEAR,DAYLIGHT,PEDALCYCLIST,OTHER,STRAIGHT AND LEVEL,DRY,INJURY AND / OR TOW DUE TO CRASH,STATE ST,41.7125788384,-87.6237768314,POINT (-87.623776831423 41.712578838415)
O1620629,BICYCLE,78d2449aa14b1f2c5a2abaf2fe89df4e70bc82300f13b8f124a31bd267566ebbb1072a78bf8885dddef86ab5f329d0cd967e7aab2ffe49cff7b835ff0f99634b,07/18/2023 03:28:00 PM,X,,HELMET NOT USED,TURNING RIGHT,IN ROADWAY,TEST NOT OFFERED,,30,CLEAR,DAYLIGHT,PEDALCYCLIST,DIVIDED - W/MEDIAN BARRIER,STRAIGHT AND LEVEL,DRY,NO INJURY / DRIVE AWAY,STATE ST,41.861889802,-87.6274354772,POINT (-87.627435477216 41.861889801964)
O1620956,BICYCLE,30f0c291053cbc3be1e7675897e7963fff80d960030ff10bef5e69505c937a39e6ef031a682630b6f40146aaf7c43ef48a8c76ecc8bceaf2ddeb31b47644dab7,07/18/2023 03:15:00 PM,M,27.0,HELMET NOT USED,NO ACTION,BIKEWAY,TEST NOT OFFERED,,30,CLEAR,DAYLIGHT,PEDALCYCLIST,FOUR WAY,STRAIGHT AND LEVEL,DRY,INJURY AND / OR TOW DUE TO CRASH,CHICAGO AVE,41.8966412278,-87.6386889438,POINT (-87.638688943839 41.896641227783)
O1620571,BICYCLE,d557afc83fbd6da7ca5b218affcf5d7156296f8e6d59103785aa3ea40520b5acb43af2e9f20dafd753366b3914932d06f3bfbfe2aa095e3cf6659550c1b81c18,07/18/2023 02:58:00 PM,M,55.0,HELMET NOT USED,OTHER ACTION,IN CROSSWALK,TEST NOT OFFERED,,30,CLEAR,DAYLIGHT,PEDALCYCLIST,NOT DIVIDED,STRAIGHT AND LEVEL,DRY,INJURY AND / OR TOW DUE TO CRASH,59TH ST,41.7863003012,-87.7069594998,POINT (-87.706959499755 41.786300301219)
O1620524,BICYCLE,78dc15da50feac1778bcf65769911d9323db208911677c0c50a75e32f5fd385ff6e89b72b843da770ea8f1ec2dea0f300c24ceaa2960adf9ded6df2a3636f6c2,07/18/2023 01:48:00 PM,M,65.0,HELMET NOT USED,WITH TRAFFIC,IN ROADWAY,TEST NOT OFFERED,,30,CLEAR,DAYLIGHT,PEDALCYCLIST,NOT DIVIDED,STRAIGHT AND LEVEL,DRY,INJURY AND / OR TOW DUE TO CRASH,BROADWAY,41.9971369953,-87.6606196143,POINT (-87.660619614272 41.997136995287)
O1620419,BICYCLE,2b9a6cd53c0e45079fc97f5e87d2f0154535d26f6e5f78fcf2621523d76307c7decf23664497a5acaa84417977d2ed492297275376b7968933b62dd594c9e54a,07/18/2023 08:35:00 AM,M,18.0,HELMET NOT USED,WITH TRAFFIC,IN ROADWAY,TEST NOT OFFERED,,30,CLEAR,DAYLIGHT,PEDALCYCLIST,NOT DIVIDED,STRAIGHT AND LEVEL,DRY,INJURY AND / OR TOW DUE TO CRASH,HOYNE AVE,41.8993410096,-87.6794485972,POINT (-87.679448597242 41.899341009598)
O1620302,BICYCLE,64becd1643f75e0ec5a538fbf0d874a71d01dbb3e8386098cf531713cd68f4a2a185228666b0104b2c97c0f5e384f275d14a758ab358a52f8441e0070da239c7,07/18/2023 08:13:00 AM,M,20.0,HELMET NOT USED,CROSSING - NO CONTROLS (NOT AT INTERSECTION),IN CROSSWALK,,,25,CLEAR,DAYLIGHT,PEDALCYCLIST,Y-INTERSECTION,STRAIGHT AND LEVEL,DRY,INJURY AND / OR TOW DUE TO CRASH,LAWRENCE AVE,41.9688564594,-87.6635570016,POINT (-87.663557001593 41.96885645938)
O1620253,BICYCLE,ac82633e2d8f726bdf30a9e64e01ad0ad2f968f41456a15a413fea55a550e4a0d615e012e530f948c655ea830fbd75ed0a9798999cba1e2e5f9693ae5ef71dc8,07/18/2023 02:25:00 AM,M,42.0,BICYCLE HELMET (PEDACYCLIST INVOLVED ONLY),UNKNOWN/NA,BIKEWAY,TEST NOT OFFERED,,30,CLEAR,"DARKNESS, LIGHTED ROAD",PEDALCYCLIST,DIVIDED - W/MEDIAN (NOT RAISED),STRAIGHT AND LEVEL,DRY,INJURY AND / OR TOW DUE TO CRASH,18TH ST,41.8575918767,-87.6368797574,POINT (-87.636879757449 41.857591876694)
O1620233,BICYCLE,997556dc18ebbae65601ac46707c57c7011f10d8fa629c529ffb28454eb01dfa3d3f61feb66ef286fb93cb0159b40d430e70e0edcc55535239a2dafd2f733529,07/17/2023 10:51:00 PM,F,15.0,HELMET NOT USED,WITH TRAFFIC,BIKEWAY,TEST NOT OFFERED,,30,CLEAR,"DARKNESS, LIGHTED ROAD",PEDALCYCLIST,NOT DIVIDED,STRAIGHT AND LEVEL,DRY,INJURY AND / OR TOW DUE TO CRASH,HARRISON ST,41.8736990013,-87.6943229701,POINT (-87.694322970135 41.873699001344)
O1620158,BICYCLE,35668ceab7005bc1b261487f3a6da003e01d200273c5c5c146eedb7c7eda015e30abb8bc7d741dbbf87c0c4a86f476394db2d41847a32fc782dc01326887e482,07/17/2023 08:01:00 PM,F,11.0,HELMET NOT USED,OTHER ACTION,IN ROADWAY,TEST NOT OFFERED,,15,CLEAR,DAYLIGHT,PEDALCYCLIST,NOT DIVIDED,STRAIGHT AND LEVEL,DRY,INJURY AND / OR TOW DUE TO CRASH,CHRISTIANA AVE,41.8644477013,-87.7094147,POINT (-87.709414699966 41.864447701344)
O1620124,BICYCLE,dd44ed4d198810a082c42d17bd9ae6349a5de4af34bc03c60299aaf02d23a490015b6c8aa6325721d72e351612266bb5d6017228dafbb562b02f1123ad0c204f,07/17/2023 06:32:00 PM,F,,BICYCLE HELMET (PEDACYCLIST INVOLVED ONLY),WITH TRAFFIC,IN ROADWAY,TEST NOT OFFERED,,30,CLEAR,DAYLIGHT,PEDALCYCLIST,NOT DIVIDED,STRAIGHT AND LEVEL,DRY,INJURY AND / OR TOW DUE TO CRASH,CLARK ST,42.0096979805,-87.6742743248,POINT (-87.674274324848 42.009697980489)
O1620100,BICYCLE,120f162a898f7c06a83243f3a888a417cd9db8637a6df416d377774669bccf43440b2fba282aab87b8e101c2cd5b74de90c573bfb0cf190faa5add91a1591284,07/17/2023 06:15:00 PM,M,24.0,HELMET NOT USED,CROSSING - WITH SIGNAL,IN CROSSWALK,TEST NOT OFFERED,,25,CLEAR,DAYLIGHT,PEDALCYCLIST,FOUR WAY,STRAIGHT AND LEVEL,DRY,INJURY AND / OR TOW DUE TO CRASH,MILWAUKEE AVE,41.8892236336,-87.6447910253,POINT (-87.644791025292 41.889223633622)
O1620022,BICYCLE,13f3429363f431ca923fbba29da5b63414d4b1fd7fc7974735fa795f5d9698e510a7ff7f23fc5b4fb5df68d3c26c06cde588cf7393739db3d3858a468e62172b,07/17/2023 04:30:00 PM,F,30.0,BICYCLE HELMET (PEDACYCLIST INVOLVED ONLY),CROSSING - WITH SIGNAL,IN CROSSWALK,TEST NOT OFFERED,,30,CLEAR,DAYLIGHT,PEDALCYCLIST,FOUR WAY,STRAIGHT AND LEVEL,DRY,INJURY AND / OR TOW DUE TO CRASH,9TH ST,41.8704248382,-87.6275533008,POINT (-87.627553300816 41.870424838248)
O1619919,BICYCLE,54a4f88be3b24428bd64ad0805b0878b675b1eaae1132da088be4dfc9c3b6b55fdf52aa721699b38fc38b65ab419d95e413915268a1b54304c40b7901bd8e0da,07/17/2023 03:07:00 PM,M,41.0,BICYCLE HELMET (PEDACYCLIST INVOLVED ONLY),WITH TRAFFIC,BIKE LANE,TEST NOT OFFERED,,30,CLEAR,DAYLIGHT,PEDALCYCLIST,DIVIDED - W/MEDIAN (NOT RAISED),STRAIGHT AND LEVEL,DRY,INJURY AND / OR TOW DUE TO CRASH,LAKE ST,41.885535212,-87.6618972478,POINT (-87.66189724784 41.885535211997)
O1619870,BICYCLE,fb625ad60be8cd1cc17e23eccbc53526fe2050259987fd14c86c380a3daf7e9b942a1e1a2b6f51e02bb513d60c7ae2863fed2b5d6bcec3fbf0f85e061ea56c4f,07/17/2023 02:06:00 PM,M,47.0,HELMET NOT USED,WITH TRAFFIC,BIKE LANE,TEST NOT OFFERED,,25,CLEAR,DAYLIGHT,PEDALCYCLIST,NOT DIVIDED,STRAIGHT AND LEVEL,DRY,INJURY AND / OR TOW DUE TO CRASH,MILWAUKEE AVE,41.9159988127,-87.6863674107,POINT (-87.686367410694 41.915998812709)
O1619807,BICYCLE,3f05bc4fe0c5b80799b59d349bea91872ffaa11a516f488a70e9df3a1328205be4e4778f493a7c7e5b947b6703eb338185f41ef16cbbc60bbbb49977191652fc,07/17/2023 01:53:00 PM,M,29.0,HELMET NOT USED,CROSSING - WITH SIGNAL,IN ROADWAY,TEST NOT OFFERED,,30,CLEAR,DAYLIGHT,PEDALCYCLIST,T-INTERSECTION,STRAIGHT AND LEVEL,DRY,INJURY AND / OR TOW DUE TO CRASH,INDIANA AVE,41.7943689623,-87.6209833126,POINT (-87.620983312554 41.794368962316)
O1619708,BICYCLE,03b22142c99c0ef64a57ee507d8c536e2b181673e4c36d8bc9c5a283b43ebc0628f666ebb2c6b7fa3dbb2ed474d7198751cb217e9a82d64699eb5bab4cfa876c,07/17/2023 12:00:00 PM,M,63.0,HELMET NOT USED,OTHER ACTION,UNKNOWN/NA,TEST NOT OFFERED,,25,CLEAR,DAYLIGHT,PEDALCYCLIST,NOT DIVIDED,STRAIGHT AND LEVEL,DRY,NO INJURY / DRIVE AWAY,OAK PARK AVE,41.9576922115,-87.7975440334,POINT (-87.79754403338 41.957692211468)
O1619629,BICYCLE,d2710eddd48cf54f90b1d45dfec8c3696da7c363be0a2bd3faa26c2f50e610a6d3921a7d54a9266f9433a33aefc998f227fb1c743241a8e9e514e39b7c535417,07/17/2023 09:16:00 AM,,,BICYCLE HELMET (PEDACYCLIST INVOLVED ONLY),WITH TRAFFIC,BIKEWAY,TEST NOT OFFERED,Y,30,CLEAR,DAYLIGHT,PEDALCYCLIST,NOT DIVIDED,STRAIGHT AND LEVEL,DRY,INJURY AND / OR TOW DUE TO CRASH,CLARK ST,41.9480163521,-87.6573396684,POINT (-87.657339668384 41.94801635212)
O1619458,BICYCLE,770ded4967239a5fe63ef328429a2f642aaa5f29810ba4499bdb2ff85f670f69e9e81f9a2c1027e186f2fcc13e77d27a1d2621340033ef5cb49a2b9a73eb70f7,07/16/2023 10:44:00 PM,M,35.0,BICYCLE HELMET (PEDACYCLIST INVOLVED ONLY),WITH TRAFFIC,IN ROADWAY,TEST NOT OFFERED,,30,CLEAR,"DARKNESS, LIGHTED ROAD",PEDALCYCLIST,T-INTERSECTION,STRAIGHT AND LEVEL,DRY,INJURY AND / OR TOW DUE TO CRASH,KENMORE AVE,41.9546269156,-87.6559925205,POINT (-87.655992520499 41.954626915636)
O1619508,NON-MOTOR VEHICLE,3569ee02a6186e3bc95e60434e33470801577375239831f08c92ee43b6c10caf556a6f57873c3b108cc9eb706ca5bfd112c38acde5c0e49d7163e190a103be6a,07/16/2023 09:38:00 PM,F,0.0,NONE PRESENT,NOT AT INTERSECTION,IN ROADWAY,TEST NOT OFFERED,,30,UNKNOWN,"DARKNESS, LIGHTED ROAD",OTHER OBJECT,NOT DIVIDED,STRAIGHT AND LEVEL,UNKNOWN,INJURY AND / OR TOW DUE TO CRASH,HOMAN AVE,41.9086141218,-87.7117177931,POINT (-87.711717793101 41.908614121817)
O1619401,BICYCLE,420e79ab1e83b17c3303a2805abd53592e1a6edf84b9b6903b11e6f4620d360166a7419f12364a782f6f3c87ff5d55bd8d945bd90e38b0361cef5355226cb18d,07/16/2023 07:54:00 PM,F,38.0,HELMET NOT USED,OTHER ACTION,IN CROSSWALK,TEST NOT OFFERED,,30,CLEAR,DAYLIGHT,PEDALCYCLIST,FOUR WAY,STRAIGHT AND LEVEL,DRY,INJURY AND / OR TOW DUE TO CRASH,26TH ST,41.8444273225,-87.719614446,POINT (-87.719614445956 41.844427322503)
O1619383,BICYCLE,9142823670e9433d4344865206ebaeebee600388c30d34457a22c9accb4697936c36ced50b253d6c5c094e71db14f585a181478704a1b28c56016d85d1a03808,07/16/2023 07:18:00 PM,M,42.0,HELMET NOT USED,CROSSING - AGAINST SIGNAL,IN ROADWAY,TEST NOT OFFERED,,30,CLEAR,DUSK,PEDALCYCLIST,FOUR WAY,STRAIGHT AND LEVEL,DRY,INJURY AND / OR TOW DUE TO CRASH,MICHIGAN AVE,41.8925204807,-87.6240374098,POINT (-87.624037409786 41.892520480718)
O1619314,BICYCLE,5ed1d6bdc4faa5bbdadea716cd15b8a9e5f6e015ecb300d64ccaa4874c09692ed436ebbf01304b23cefe1ce0f39529fa4181a3d4f675a5928c8bc985b6733844,07/16/2023 05:46:00 PM,M,27.0,HELMET NOT USED,AGAINST TRAFFIC,BIKEWAY,TEST NOT OFFERED,,30,CLEAR,DAYLIGHT,PEDALCYCLIST,NOT DIVIDED,STRAIGHT AND LEVEL,DRY,INJURY AND / OR TOW DUE TO CRASH,KEDZIE AVE,41.9421726204,-87.7078475503,POINT (-87.707847550297 41.94217262038)
O1620710,BICYCLE,4f68516b952aebc2de060e333ff624c5753feb1b9039750f8346a3105dd7c57fe6c7e143e47b0f84f6ebb739f5d30465186d785fe5a7352ed60be3563e6e66a5,07/16/2023 05:00:00 PM,M,,HELMET NOT USED,OTHER ACTION,NOT IN ROADWAY,TEST NOT OFFERED,,30,CLEAR,DAYLIGHT,PEDALCYCLIST,OTHER,STRAIGHT AND LEVEL,DRY,NO INJURY / DRIVE AWAY,ASHLAND AVE,41.8354611632,-87.6655405195,POINT (-87.665540519458 41.835461163178)
O1619277,BICYCLE,619b25bcc398ef3701c531518cb065c67b76c1f464fb118f829a1c6ef50649aed99b72e4b4cbda3bac63b609f4826bd050802badb0da12254cae484a7c5f053c,07/16/2023 04:30:00 PM,M,20.0,HELMET NOT USED,TURNING LEFT,IN ROADWAY,TEST NOT OFFERED,,30,CLEAR,DAYLIGHT,PEDALCYCLIST,FOUR WAY,STRAIGHT AND LEVEL,DRY,INJURY AND / OR TOW DUE TO CRASH,CERMAK RD,41.8529760301,-87.6237748695,POINT (-87.623774869532 41.852976030122)
O1619254,BICYCLE,86b7645e8b13527e6b14344ae5139120bb55ba328dbdd1bc47b2fafe86bd93a58ed8daa9140f6d15c55758c34ec1e159693d2d907fc220dc98912a7d97b11911,07/16/2023 04:00:00 PM,F,35.0,HELMET NOT USED,WITH TRAFFIC,IN ROADWAY,TEST NOT OFFERED,,30,CLEAR,DAYLIGHT,PEDALCYCLIST,NOT DIVIDED,STRAIGHT AND LEVEL,DRY,NO INJURY / DRIVE AWAY,ADDISON ST,41.947099726,-87.6689217467,POINT (-87.668921746713 41.947099726017)
O1619121,BICYCLE,1cbb834da97fff3b47644db988dcc0c26eb02a886ae570f3aa87c7e547668e617681b7b460df88643b78714868cecf5a88cdb8aab68f13173d4af27febcfca95,07/16/2023 11:00:00 AM,F,,BICYCLE HELMET (PEDACYCLIST INVOLVED ONLY),OTHER ACTION,BIKEWAY,TEST NOT OFFERED,,30,CLEAR,DAYLIGHT,PEDALCYCLIST,NOT DIVIDED,STRAIGHT AND LEVEL,UNKNOWN,NO INJURY / DRIVE AWAY,CLARK ST,41.9785390186,-87.6681800675,POINT (-87.668180067491 41.978539018613)
O1619138,BICYCLE,a3c59a6dd65a47846ed521626095d6e08a0d1018210663edc475a2c6cbd998c0dabf283342d09dde5cf33a4df35fadfb11c3abafb025dac4a2b9b38c2a83148e,07/16/2023 07:30:00 AM,M,34.0,BICYCLE HELMET (PEDACYCLIST INVOLVED ONLY),CROSSING - AGAINST SIGNAL,IN ROADWAY,TEST NOT OFFERED,,30,CLEAR,DAYLIGHT,PEDALCYCLIST,FOUR WAY,STRAIGHT AND LEVEL,DRY,NO INJURY / DRIVE AWAY,FULLERTON AVE,41.9254066361,-87.6580621839,POINT (-87.658062183857 41.92540663614)
O1618810,BICYCLE,d52c5a214848ce48ae3dbf428519c6109060f7b39275d5a7789e7497a3347deef092dda43b1f2a21f5982e49df1bb23561da315eb18f888d761ab2cba037b4d6,07/15/2023 07:03:00 PM,M,15.0,HELMET NOT USED,CROSSING - AGAINST SIGNAL,IN ROADWAY,TEST NOT OFFERED,,30,CLEAR,DAYLIGHT,PEDALCYCLIST,DIVIDED - W/MEDIAN (NOT RAISED),STRAIGHT AND LEVEL,DRY,INJURY AND / OR TOW DUE TO CRASH,63RD ST,41.7783620456,-87.7385529724,POINT (-87.738552972365 41.778362045552)
O1618618,BICYCLE,38ae01133ae9a1cde27a6bdf95b6563f6a1e8a5c678ca268afe39fd5b35d778a6f966aa9d940cee5eec62a11c5327ea46973e761577e9091c6bf35f00cf6495b,07/15/2023 02:52:00 PM,F,27.0,BICYCLE HELMET (PEDACYCLIST INVOLVED ONLY),CROSSING - WITH SIGNAL,IN ROADWAY,TEST NOT OFFERED,,30,CLEAR,DAYLIGHT,PEDALCYCLIST,NOT DIVIDED,STRAIGHT AND LEVEL,DRY,NO INJURY / DRIVE AWAY,STATE ST,41.8782097725,-87.627531145,POINT (-87.627531144988 41.878209772522)
O1618273,NON-MOTOR VEHICLE,a4ad8cb06eb5267e058647781b6c66b5f8462a6683b43b58015c4457c3f20b7257b055d5ad8400f7b0854b4d31ea2244fd6cf26bd9d111f2c126f2285cd4b76f,07/15/2023 02:20:00 AM,,,,,,TEST REFUSED,,30,CLEAR,DARKNESS,OTHER OBJECT,NOT DIVIDED,STRAIGHT AND LEVEL,DRY,NO INJURY / DRIVE AWAY,HALSTED ST,41.8831127692,-87.6472574041,POINT (-87.647257404063 41.883112769192)
O1618200,BICYCLE,5c1a1e0987955bf0e08aa45f7350ae8c7e58d38b1d1be3e35d944350490594da8f64a853b43a5b967bdb471dcdfdbae6dd5a701be86aba4ede0773d89cd923e0,07/14/2023 08:30:00 PM,M,15.0,HELMET NOT USED,OTHER ACTION,IN CROSSWALK,TEST NOT OFFERED,,30,CLEAR,"DARKNESS, LIGHTED ROAD",PEDALCYCLIST,DIVIDED - W/MEDIAN (NOT RAISED),STRAIGHT AND LEVEL,DRY,INJURY AND / OR TOW DUE TO CRASH,87TH ST,41.7354919115,-87.691070605,POINT (-87.691070604976 41.735491911524)
O1617971,BICYCLE,a3be5f59f88f0f06eefd7123c1d32c8a471c0013cb7ee5bcb431cf1a5499c2aaa41dc57f3205629a2435a91aed4ca33e2cdfaa66e9fec8ca44c6ed65dde4d298,07/14/2023 05:30:00 PM,M,18.0,HELMET NOT USED,CROSSING - WITH SIGNAL,IN ROADWAY,TEST NOT OFFERED,,20,CLEAR,DAYLIGHT,PEDALCYCLIST,NOT DIVIDED,STRAIGHT AND LEVEL,DRY,NO INJURY / DRIVE AWAY,OAK PARK AVE,41.9419014186,-87.7959899996,POINT (-87.795989999621 41.941901418645)
O1622135,BICYCLE,c0f10e5cf64aed6f5ca4db4ec0bd3d238f2f8fb3e8a2f7636a05e7185e5929628e0a7cbd301010745b2d0b9128a9a8148406af5a59576407130279715d782889,07/14/2023 05:30:00 PM,F,36.0,BICYCLE HELMET (PEDACYCLIST INVOLVED ONLY),OTHER ACTION,IN ROADWAY,TEST NOT OFFERED,,30,CLEAR,DAYLIGHT,PEDALCYCLIST,NOT DIVIDED,STRAIGHT AND LEVEL,DRY,INJURY AND / OR TOW DUE TO CRASH,CATALPA AVE,41.9819303207,-87.6586332837,POINT (-87.658633283741 41.981930320719)
O1632895,BICYCLE,c0f10e5cf64aed6f5ca4db4ec0bd3d238f2f8fb3e8a2f7636a05e7185e5929628e0a7cbd301010745b2d0b9128a9a8148406af5a59576407130279715d782889,07/14/2023 05:30:00 PM,F,36.0,BICYCLE HELMET (PEDACYCLIST INVOLVED ONLY),OTHER ACTION,IN ROADWAY,TEST NOT OFFERED,,30,CLEAR,DAYLIGHT,PEDALCYCLIST,NOT DIVIDED,STRAIGHT AND LEVEL,DRY,INJURY AND / OR TOW DUE TO CRASH,CATALPA AVE,41.9819303207,-87.6586332837,POINT (-87.658633283741 41.981930320719)
O1619712,BICYCLE,2cf445c5ede0c268ddf85df2184c33f46cf95ac3bad46184c061a4c14c62c8ebfb831c61ba898fb1c0b1c79543a907fd5dc07012ac9c4f507928289845fa924a,07/14/2023 03:10:00 PM,M,25.0,BICYCLE HELMET (PEDACYCLIST INVOLVED ONLY),OTHER ACTION,IN ROADWAY,TEST NOT OFFERED,,30,CLEAR,DAYLIGHT,PEDALCYCLIST,ONE-WAY,STRAIGHT AND LEVEL,DRY,NO INJURY / DRIVE AWAY,LEAVITT ST,41.9100451246,-87.6821895054,POINT (-87.682189505355 41.910045124648)
O1617750,BICYCLE,8100e2974cd8a35b387127f11499a5a4349988b7023500dad9afc04bd0dbda3f80ffd10750eb3b74e41652a33d0a3d5e6eb3950061476cb50bcb35eb06f7d36c,07/14/2023 01:01:00 PM,M,62.0,HELMET NOT USED,CROSSING - WITH SIGNAL,IN CROSSWALK,TEST NOT OFFERED,,30,CLEAR,DAYLIGHT,PEDALCYCLIST,NOT DIVIDED,STRAIGHT AND LEVEL,DRY,INJURY AND / OR TOW DUE TO CRASH,ASHLAND AVE,41.8012250602,-87.6649209577,POINT (-87.664920957694 41.801225060191)
O1617742,BICYCLE,4c618719436d48feecd2e1e1161e7ccb2fc1f432a01e3d00911c1a59e7be28dbe919dc8340727ca52c16b64969209a2613ea9107f5e3993837d8841ed1bfd829,07/14/2023 12:50:00 PM,M,18.0,HELMET NOT USED,ENTER FROM DRIVE/ALLEY,IN ROADWAY,TEST NOT OFFERED,,30,CLEAR,DAYLIGHT,PEDALCYCLIST,FOUR WAY,STRAIGHT AND LEVEL,DRY,NO INJURY / DRIVE AWAY,MANOR AVE,41.9656661632,-87.7003427286,POINT (-87.700342728556 41.965666163215)
O1617676,BICYCLE,1a87f56c07d4a2e3dcca28108fde10476f6d870db57c371261a1e61759c2fe0e9b38d38a503cfd82b4db1d30f432db226a5e3d9b09d7d3085f4e1178a94ca7fd,07/14/2023 11:15:00 AM,M,59.0,HELMET NOT USED,WITH TRAFFIC,NOT IN ROADWAY,TEST NOT OFFERED,,30,CLEAR,DAYLIGHT,PEDALCYCLIST,NOT DIVIDED,STRAIGHT AND LEVEL,DRY,INJURY AND / OR TOW DUE TO CRASH,BELDEN AVE,41.9228112056,-87.722836393,POINT (-87.72283639295 41.922811205635)
O1617984,BICYCLE,b0a64d759db056dca011ee0dba9970f02ef10233c2be203e114cc0742510d616782f865c99fff5f58fa8844459fae7439c745a2b1c65c6509a3c32388e0e9cb4,07/14/2023 10:59:00 AM,M,35.0,HELMET NOT USED,AGAINST TRAFFIC,BIKE LANE,TEST NOT OFFERED,,20,CLEAR,DAYLIGHT,PEDALCYCLIST,NOT DIVIDED,STRAIGHT AND LEVEL,DRY,INJURY AND / OR TOW DUE TO CRASH,HALSTED ST,41.863662618,-87.6466684459,POINT (-87.646668445853 41.86366261797)
O1618049,BICYCLE,6869d0e66de3e7bbb868c1d5920461f0447e4a1454ba697cf36e6fdd18ce6c214371d0d31bcce964bb6a91042f9a11bc9652fd914a3aadb2eee9ced7e1cd5fb6,07/14/2023 10:10:00 AM,M,,BICYCLE HELMET (PEDACYCLIST INVOLVED ONLY),UNKNOWN/NA,UNKNOWN/NA,TEST NOT OFFERED,,30,CLEAR,DAYLIGHT,PEDALCYCLIST,NOT DIVIDED,STRAIGHT AND LEVEL,UNKNOWN,NO INJURY / DRIVE AWAY,ADDISON ST,41.9452158345,-87.8038425862,POINT (-87.803842586219 41.945215834452)