PERSON_ID,PERSON_TYPE,CRASH_RECORD_ID,CRASH_DATE_x,SEX,AGE,SAFETY_EQUIPMENT,PEDPEDAL_ACTION,PEDPEDAL_LOCATION,BAC_RESULT,CRASH_DATE_EST_I,POSTED_SPEED_LIMIT,WEATHER_CONDITION,LIGHTING_CONDITION,FIRST_CRASH_TYPE,TRAFFICWAY_TYPE,ALIGNMENT,ROADWAY_SURFACE_COND,CRASH_TYPE,STREET_NAME,LATITUDE,LONGITUDE,LOCATION
O1617604,BICYCLE,38b58fe510e22208c293ffac85b647fb937e01888c98fe7e433f64c89d82e5e8be908fcef1bcbbc1604feeb583dad3520c301de78e76bc5a795f66ad7b459de3,07/14/2023 08:00:00 AM,M,,HELMET NOT USED,OTHER ACTION,IN ROADWAY,TEST NOT OFFERED,,30,CLOUDY/OVERCAST,DAYLIGHT,PEDALCYCLIST,UNKNOWN,STRAIGHT AND LEVEL,UNKNOWN,NO INJURY / DRIVE AWAY,WINNEMAC AVE,41.9731595268,-87.6784729901,POINT (-87.678472990075 41.973159526785)
O1622924,BICYCLE,b5c4a687b46154a48e53fa7aba29787645c5f9211ad0483c4d0548ecf62157ee2e8bab96d4fe6d2ae6fb9afd0c23ac8158e63e394b4ff672161337f013b59772,07/13/2023 09:40:00 PM,F,28.0,HELMET NOT USED,WITH TRAFFIC,IN ROADWAY,TEST NOT OFFERED,,30,CLEAR,DARKNESS,PEDALCYCLIST,NOT DIVIDED,STRAIGHT AND LEVEL,UNKNOWN,INJURY AND / OR TOW DUE TO CRASH,NORTH AVE,41.9110522074,-87.6327698704,POINT (-87.632769870398 41.911052207394)
O1617420,BICYCLE,f5ac1307cc483c037afce5b8c2a1fd4c8df846c9974c75217ba4fd0f00db3afba41453aef0ae7b4ad67f073cefe59480cd6c2592f0a134da3587984a93c50371,07/13/2023 08:38:00 PM,M,47.0,HELMET NOT USED,TURNING RIGHT,IN ROADWAY,TEST NOT OFFERED,,30,CLEAR,DAYLIGHT,PEDALCYCLIST,FOUR WAY,STRAIGHT AND LEVEL,DRY,NO INJURY / DRIVE AWAY,PAULINA ST,42.0194790237,-87.6732523718,POINT (-87.673252371818 42.019479023694)
O1617402,BICYCLE,a45141126de21a0101757f0d92340326c101c3cc44d801647fa9801cd8974dd3133b8c864f0cc26dda549f3499e1a326c307ecf0109ab752c35a11c5b7c698d6,07/13/2023 07:58:00 PM,M,26.0,BICYCLE HELMET (PEDACYCLIST INVOLVED ONLY),WITH TRAFFIC,IN ROADWAY,TEST NOT OFFERED,,30,CLEAR,DUSK,PEDALCYCLIST,NOT DIVIDED,STRAIGHT AND LEVEL,DRY,INJURY AND / OR TOW DUE TO CRASH,BELMONT AVE,41.9398079489,-87.6536787207,POINT (-87.653678720679 41.939807948919)
O1617259,BICYCLE,2e20f1d56602c2edbfe83e156565dfe6e75d4fa918631521afc05cc9012de0646167c2e5bd482aaf2cf03328996fdc0157755b3e58d6e925d79a1663b32ee7a4,07/13/2023 05:00:00 PM,M,,HELMET NOT USED,OTHER ACTION,IN CROSSWALK,TEST NOT OFFERED,,20,CLEAR,DAYLIGHT,PEDALCYCLIST,NOT DIVIDED,STRAIGHT AND LEVEL,DRY,INJURY AND / OR TOW DUE TO CRASH,KILDARE AVE,41.9971516994,-87.7360516794,POINT (-87.736051679382 41.997151699394)
O1617795,BICYCLE,8c940c8c96717f862b11ffc25dfdf128b6b0ec74b351479fc5d14ef2f85987d0ef3cf38ada77faab153708e25737957d0942a6c33c7907797f3eacf35c508374,07/13/2023 05:00:00 PM,M,56.0,HELMET NOT USED,TURNING LEFT,IN ROADWAY,TEST NOT OFFERED,,35,CLEAR,DAYLIGHT,PEDALCYCLIST,NOT DIVIDED,STRAIGHT AND LEVEL,DRY,INJURY AND / OR TOW DUE TO CRASH,47TH ST,41.8081446572,-87.7110011305,POINT (-87.711001130524 41.808144657193)
O1617316,BICYCLE,20a6414db838de2117da377fe84e29ce1eec17665a57f6dae371cfecd0f27be48deba5b1e6217733d0c319f42ea4a7f993d2a02dc2dc76c4065a405593613b8f,07/13/2023 04:41:00 PM,M,69.0,HELMET NOT USED,OTHER ACTION,IN ROADWAY,TEST NOT OFFERED,,30,CLEAR,"DARKNESS, LIGHTED ROAD",PEDALCYCLIST,ONE-WAY,STRAIGHT AND LEVEL,DRY,INJURY AND / OR TOW DUE TO CRASH,SOUTH WATER ST,41.886611404,-87.6190361146,POINT (-87.61903611456 41.886611404033)
O1617330,BICYCLE,04fe0dad6142b215923cafbfdf5e28d78d9f58ec788b6141d366e06585121d1861c5b906fe73d44dc3939984783563f5636e48a8a345d57276b5edc599e1c12b,07/13/2023 04:05:00 PM,F,20.0,HELMET NOT USED,UNKNOWN/NA,BIKEWAY,TEST NOT OFFERED,,30,CLEAR,DAYLIGHT,PEDALCYCLIST,T-INTERSECTION,STRAIGHT AND LEVEL,DRY,INJURY AND / OR TOW DUE TO CRASH,CLARK ST,41.9908401093,-87.6701729533,POINT (-87.670172953348 41.990840109284)
O1617313,BICYCLE,58db1cfe13135d9d00039a5acacc3f3691765232aabeadf08e0c941acebde6af0e8ad5df7219d997a4eba081c21fafb0bb5f2adfad85e2a3d441a07969c41178,07/13/2023 02:58:00 PM,M,15.0,HELMET NOT USED,CROSSING - NO CONTROLS (AT INTERSECTION),IN ROADWAY,TEST NOT OFFERED,,30,CLEAR,DAYLIGHT,PEDALCYCLIST,DIVIDED - W/MEDIAN (NOT RAISED),STRAIGHT AND LEVEL,DRY,INJURY AND / OR TOW DUE TO CRASH,MONTROSE AVE,41.9605864369,-87.7499080822,POINT (-87.749908082199 41.960586436884)
O1617332,BICYCLE,131d63a821293e2ec1a89e946c6accbca3d82f72dc08236e9f31759317f5fc9aded153d9a1ea2e67f5c301f6c4ab6f1125c5e84223d9ba6e57f09d743c84962e,07/13/2023 01:30:00 PM,M,25.0,HELMET NOT USED,WITH TRAFFIC,BIKE LANE,TEST NOT OFFERED,,30,CLEAR,DAYLIGHT,PEDALCYCLIST,DIVIDED - W/MEDIAN BARRIER,STRAIGHT AND LEVEL,DRY,NO INJURY / DRIVE AWAY,LAWRENCE AVE,41.9687953145,-87.683985374,POINT (-87.683985374027 41.968795314537)
O1616992,BICYCLE,d562a61b934f112e1aff02cf5240da206cd2aa4cb043478cfb80b56354d353da93538d7b0b3e19dbba1044a8463f2a31fa278cf1c1c04760eb612fc440e21d7c,07/13/2023 12:33:00 PM,M,62.0,HELMET NOT USED,CROSSING - WITH SIGNAL,IN ROADWAY,TEST NOT OFFERED,,30,CLEAR,DAYLIGHT,PEDALCYCLIST,FOUR WAY,STRAIGHT AND LEVEL,DRY,INJURY AND / OR TOW DUE TO CRASH,HERMITAGE AVE,41.8248949869,-87.6691800645,POINT (-87.669180064515 41.824894986931)
O1617014,BICYCLE,c0158248745eea9fa7e1faaf60705196316c2f0cedfb7fc8880b9d7071d638e272055441655535bb720b3624794f8833a3c412dee8507b7f656c26667c7aa685,07/13/2023 12:10:00 PM,M,19.0,BICYCLE HELMET (PEDACYCLIST INVOLVED ONLY),CROSSING - WITH SIGNAL,IN CROSSWALK,TEST NOT OFFERED,,30,CLOUDY/OVERCAST,DAYLIGHT,PEDALCYCLIST,FOUR WAY,STRAIGHT AND LEVEL,DRY,INJURY AND / OR TOW DUE TO CRASH,MONTROSE AVE,41.961952099,-87.6499773331,POINT (-87.649977333109 41.961952099022)
O1616857,BICYCLE,9a83e8f4572ea1101da949fbb0a3e12dda190abffbea35f7c8a030d452936293a0cfc782d1bdbf44d8f65da4c9955dfc85ccc6d0f18d0857ad67ebdc011910fd,07/13/2023 08:00:00 AM,M,55.0,BICYCLE HELMET (PEDACYCLIST INVOLVED ONLY),OTHER ACTION,IN ROADWAY,TEST NOT OFFERED,,30,CLEAR,DAYLIGHT,PEDALCYCLIST,FOUR WAY,STRAIGHT AND LEVEL,DRY,INJURY AND / OR TOW DUE TO CRASH,DAMEN AVE,41.9105884215,-87.6776438203,POINT (-87.677643820277 41.91058842145)
O1616820,BICYCLE,2282a33feb1df63f83320484bd265d4d3d2880f9f34633fcc25fa04d2c4493e84f419e643b58b2bffd5dcf13865496037576a9c5f81f315e6cad3a183fe1205b,07/13/2023 06:45:00 AM,M,28.0,HELMET NOT USED,CROSSING - AGAINST SIGNAL,BIKE LANE,TEST NOT OFFERED,,30,CLEAR,DAWN,PEDALCYCLIST,DIVIDED - W/MEDIAN BARRIER,STRAIGHT AND LEVEL,WET,INJURY AND / OR TOW DUE TO CRASH,MICHIGAN AVE,41.8844061291,-87.6245960444,POINT (-87.624596044441 41.884406129114)
O1616850,BICYCLE,faae9bd87911414c0a4845544537204bd1d48361703206fb724458395e4df0b77f86dda02b78a4c58e4df9ffe8e755126a9508132f64b7d0bdebb020e45da549,07/12/2023 08:15:00 PM,M,,BICYCLE HELMET (PEDACYCLIST INVOLVED ONLY),UNKNOWN/NA,IN ROADWAY,TEST NOT OFFERED,,30,UNKNOWN,UNKNOWN,PEDALCYCLIST,UNKNOWN INTERSECTION TYPE,STRAIGHT AND LEVEL,UNKNOWN,NO INJURY / DRIVE AWAY,BROADWAY,41.941883022,-87.644605003,POINT (-87.644605003003 41.941883022027)
O1616646,BICYCLE,40f9370fccbaab8eca4a3f773659ba6f0bd7eee634edf302f6aef104e5f8b51861d07bcb98778b77b16bd036ac6c097d3ff66e5d70ad25c4fc49643c0f9cbb57,07/12/2023 05:21:00 PM,M,34.0,BICYCLE HELMET (PEDACYCLIST INVOLVED ONLY),WITH TRAFFIC,BIKEWAY,TEST NOT OFFERED,,30,CLOUDY/OVERCAST,DAYLIGHT,PEDALCYCLIST,NOT DIVIDED,STRAIGHT AND LEVEL,WET,INJURY AND / OR TOW DUE TO CRASH,MILWAUKEE AVE,41.9065958419,-87.6713230229,POINT (-87.671323022947 41.90659584185)
O1616771,BICYCLE,887cb39eb4caef8c68d487967ab20df185f7d4f2776397d70256604e300a88ea2e1086e9b8067cc49fcdcc148b16e7ecf80b538ec6504411447c31516a2ca38e,07/12/2023 12:49:00 PM,M,,HELMET NOT USED,CROSSING - AGAINST SIGNAL,IN CROSSWALK,TEST NOT OFFERED,,30,CLEAR,DAYLIGHT,PEDALCYCLIST,FOUR WAY,STRAIGHT AND LEVEL,WET,INJURY AND / OR TOW DUE TO CRASH,IRVING PARK RD,41.9541233884,-87.6884083515,POINT (-87.688408351502 41.954123388418)
O1616234,BICYCLE,3e5652324e6b88c7cbfc8f5a7b9ed89ae6cc2c69db113af5ac9c06a1ee7bac10fd8edf4a14af389e961802de3a4849df5047eadf1876c075fe9ba8cecd350877,07/12/2023 08:15:00 AM,M,23.0,HELMET NOT USED,WITH TRAFFIC,IN ROADWAY,TEST NOT OFFERED,,30,RAIN,DAYLIGHT,PEDALCYCLIST,FOUR WAY,STRAIGHT AND LEVEL,WET,INJURY AND / OR TOW DUE TO CRASH,55TH ST,41.7935800114,-87.6938555414,POINT (-87.693855541383 41.79358001142)
O1616264,BICYCLE,1f1c84c506a0749926c1c8bee47140bc5c8329ea0654496ef3ab79f64a740e6eeea18f544b280d1c0bdbfeb735dc4882029985cf9c8a871422886a390ddd56d9,07/12/2023 06:55:00 AM,M,15.0,HELMET NOT USED,CROSSING - NO CONTROLS (NOT AT INTERSECTION),IN ROADWAY,,,30,RAIN,DAYLIGHT,PEDALCYCLIST,NOT DIVIDED,STRAIGHT AND LEVEL,WET,INJURY AND / OR TOW DUE TO CRASH,CANNON DR,41.9322610131,-87.6383879571,POINT (-87.638387957053 41.932261013058)
O1616007,BICYCLE,29ba3c049318f0ad7df22809223e733c246cf0eaecb1d237e739548da8f119db6dc422481e03ea10bc66e3a36b58290f41e9c49c829570b26f13ec10885ff052,07/11/2023 05:45:00 PM,F,32.0,HELMET NOT USED,CROSSING - NO CONTROLS (AT INTERSECTION),IN CROSSWALK,TEST NOT OFFERED,,30,CLEAR,DAYLIGHT,PEDALCYCLIST,T-INTERSECTION,STRAIGHT AND LEVEL,DRY,INJURY AND / OR TOW DUE TO CRASH,CHICAGO AVE,41.895498412,-87.7013063114,POINT (-87.701306311414 41.895498412025)
O1615955,NON-MOTOR VEHICLE,dfdcf7666b5132235f71dd0eb7488ae7eb5963463aea6fda1d790d51a3084605fea9d8873c26d2b6d073611ef2c7cf549d5c81252c70a31db3d91f92d1284e57,07/11/2023 04:49:00 PM,M,36.0,NONE PRESENT,AGAINST TRAFFIC,IN ROADWAY,TEST NOT OFFERED,,20,CLEAR,DAWN,OTHER OBJECT,DIVIDED - W/MEDIAN (NOT RAISED),STRAIGHT AND LEVEL,DRY,INJURY AND / OR TOW DUE TO CRASH,BROADWAY,41.9580925187,-87.6529643892,POINT (-87.652964389157 41.958092518669)
O1615994,BICYCLE,29b5c763cbec2d43a3cef7efbae66c2f9903edc03bb2361316cc7ebf56eba738647b0d7c94e681c377296ada9e0a213440bbc3858f3e90db2473f09fb57ec183,07/11/2023 04:00:00 PM,F,17.0,HELMET NOT USED,TURNING LEFT,IN ROADWAY,TEST NOT OFFERED,,30,CLEAR,DAYLIGHT,PEDALCYCLIST,NOT DIVIDED,STRAIGHT AND LEVEL,DRY,INJURY AND / OR TOW DUE TO CRASH,DIVERSEY AVE,41.9309762297,-87.7796701676,POINT (-87.779670167631 41.930976229744)
O1616452,BICYCLE,5b723af3018b97d9db0bf0605cf27ce83797de920715ba1bd0adbe68fd4cdf0690eaec93c299d36b2b105f96271747c674314ea42bd58110d091f2fe295200e7,07/11/2023 04:00:00 PM,F,26.0,HELMET NOT USED,CROSSING - NO CONTROLS (NOT AT INTERSECTION),NOT IN ROADWAY,TEST NOT OFFERED,Y,30,RAIN,DAYLIGHT,PEDALCYCLIST,ALLEY,STRAIGHT AND LEVEL,WET,INJURY AND / OR TOW DUE TO CRASH,CLARK ST,41.9943304383,-87.6700000745,POINT (-87.670000074503 41.994330438338)
O1616114,BICYCLE,b92452223fd0afb46b7cdcded9c1a3a8816363ab0267c247d26ac636b255b494522e0ab64b59f081896b5ee70ac0f12981d1838ddfd2c32943488294f74663fc,07/11/2023 01:10:00 PM,M,46.0,BICYCLE HELMET (PEDACYCLIST INVOLVED ONLY),NO ACTION,BIKEWAY,TEST NOT OFFERED,,30,CLEAR,DAYLIGHT,PEDALCYCLIST,DIVIDED - W/MEDIAN (NOT RAISED),STRAIGHT AND LEVEL,DRY,INJURY AND / OR TOW DUE TO CRASH,AUSTIN AVE,41.9378777202,-87.7760502517,POINT (-87.77605025167 41.937877720156)
O1616684,BICYCLE,cf596a3da077e5f64ad8f923ded84a7c9f34f4756242c49ace5dc2948e029e83a702f7c7f6ba23b2a469fd10f6ec94375922b2847182696a397ca98cfcdc055b,07/11/2023 01:00:00 PM,M,,BICYCLE HELMET (PEDACYCLIST INVOLVED ONLY),CROSSING - CONTROLS PRESENT (NOT AT INTERSECTION),IN ROADWAY,,,30,UNKNOWN,DAYLIGHT,PEDALCYCLIST,NOT DIVIDED,STRAIGHT AND LEVEL,UNKNOWN,INJURY AND / OR TOW DUE TO CRASH,FULLERTON AVE,41.923745714,-87.7904484576,POINT (-87.790448457564 41.92374571401)
O1615740,BICYCLE,96e89739e2624dfc3aba25366956b93837a1f217ce9de5a89455e04d5ec97bb14580567f1e9a942d90da6a698bc74fcb3308efc5967c452bd2818e5c11974e6e,07/11/2023 12:19:00 PM,M,37.0,HELMET NOT USED,UNKNOWN/NA,IN ROADWAY,TEST NOT OFFERED,,30,CLEAR,DAYLIGHT,PEDALCYCLIST,NOT DIVIDED,STRAIGHT AND LEVEL,DRY,INJURY AND / OR TOW DUE TO CRASH,75TH ST,41.7582508066,-87.6177976726,POINT (-87.61779767256 41.758250806572)
O1619611,BICYCLE,8ceb6204c52c29376dfff669f4cb91018cd19141d6a4cae2ca54668a65c9f80eed029ac56aac793202143ac7f59a26f8813d9d7a936024be951b6dd52b83379f,07/11/2023 12:05:00 PM,F,67.0,BICYCLE HELMET (PEDACYCLIST INVOLVED ONLY),NO ACTION,IN ROADWAY,,,30,UNKNOWN,UNKNOWN,PEDALCYCLIST,UNKNOWN,STRAIGHT AND LEVEL,UNKNOWN,NO INJURY / DRIVE AWAY,LAKE ST,41.8858512557,-87.6310497586,POINT (-87.631049758573 41.885851255687)
O1616336,BICYCLE,85b2067517d22059b7d0310c0ae08a2556a875348e7b582db8cf7c7c5d5576f35bedc9895c082ddd58d812a1d7fa24b08419087e36ffc1f5e85f47e4b882ba48,07/11/2023 11:51:00 AM,F,29.0,HELMET NOT USED,OTHER ACTION,IN ROADWAY,TEST NOT OFFERED,,30,CLOUDY/OVERCAST,DAYLIGHT,PEDALCYCLIST,NOT DIVIDED,STRAIGHT AND LEVEL,DRY,INJURY AND / OR TOW DUE TO CRASH,LINCOLN AVE,41.9323874082,-87.6586855898,POINT (-87.658685589826 41.932387408157)
O1624723,BICYCLE,85b2067517d22059b7d0310c0ae08a2556a875348e7b582db8cf7c7c5d5576f35bedc9895c082ddd58d812a1d7fa24b08419087e36ffc1f5e85f47e4b882ba48,07/11/2023 11:51:00 AM,F,29.0,HELMET NOT USED,OTHER ACTION,IN ROADWAY,TEST NOT OFFERED,,30,CLOUDY/OVERCAST,DAYLIGHT,PEDALCYCLIST,NOT DIVIDED,STRAIGHT AND LEVEL,DRY,INJURY AND / OR TOW DUE TO CRASH,LINCOLN AVE,41.9323874082,-87.6586855898,POINT (-87.658685589826 41.932387408157)
O1615734,BICYCLE,ce92707fa26232add1c063a4b2cafd1c13c9a3aa638bdddc17d37b299109e117877b42a8073e623f8f8597f5a6b26f68333fa87c1931107033e4221719cd3b24,07/11/2023 11:51:00 AM,F,28.0,HELMET NOT USED,OTHER ACTION,IN ROADWAY,TEST NOT OFFERED,,30,CLOUDY/OVERCAST,DAYLIGHT,PEDALCYCLIST,NOT DIVIDED,STRAIGHT AND LEVEL,DRY,INJURY AND / OR TOW DUE TO CRASH,LINCOLN AVE,41.9323874082,-87.6586855898,POINT (-87.658685589826 41.932387408157)
O1615637,BICYCLE,5bc5364b2c60a0fd52f386d7a67e00bcfcfbfd31c7f6e5abd65886a7c25e80d0e43b7ba8b9fd5c38fc76afaf052056f2333cb8b53f6281b2888917a32be5cae0,07/11/2023 11:05:00 AM,M,53.0,HELMET NOT USED,AGAINST TRAFFIC,IN ROADWAY,TEST NOT OFFERED,,35,CLEAR,DAYLIGHT,PEDALCYCLIST,DIVIDED - W/MEDIAN (NOT RAISED),STRAIGHT AND LEVEL,DRY,NO INJURY / DRIVE AWAY,RACINE AVE,41.784575915,-87.6547753762,POINT (-87.654775376199 41.784575914996)
O1653799,BICYCLE,c9ef3c4bfd771f5d8a7a746fd45755f2b8a47ae80faa8f189db60d3d62294ad84f65252144c6c6f562c0a3869f05f9fe8e53175e99a43569fb01d173f49a71a3,07/11/2023 11:00:00 AM,M,35.0,BICYCLE HELMET (PEDACYCLIST INVOLVED ONLY),WITH TRAFFIC,IN ROADWAY,TEST NOT OFFERED,,30,RAIN,DAYLIGHT,PEDALCYCLIST,NOT DIVIDED,STRAIGHT AND LEVEL,WET,INJURY AND / OR TOW DUE TO CRASH,WESTERN AVE,41.926387233,-87.6875507885,POINT (-87.68755078853 41.926387233014)
O1615651,BICYCLE,e38481b8ea7a9a2edc0de1e2e66bf0c496b7db36e7e6deab7d8552b346480685db7b6099f9f3722e7c6af1744c1f2e879976373bb17b6762b12d359ab4ff6456,07/11/2023 10:10:00 AM,F,28.0,HELMET NOT USED,CROSSING - CONTROLS PRESENT (NOT AT INTERSECTION),IN CROSSWALK,TEST NOT OFFERED,,30,CLEAR,DAYLIGHT,PEDALCYCLIST,PARKING LOT,STRAIGHT AND LEVEL,DRY,INJURY AND / OR TOW DUE TO CRASH,DESPLAINES ST,41.8889181736,-87.6444779729,POINT (-87.64447797293 41.88891817356)
O1615636,BICYCLE,1471f88f1a0365891dd5988507c09a1b2a0f26dc36ccff1557ec24c41fdd655a2d27ddde53508b8c40c83e4e99342f581e801c6fd530237658a827e2a877de7d,07/11/2023 10:05:00 AM,M,43.0,BICYCLE HELMET (PEDACYCLIST INVOLVED ONLY),CROSSING - WITH SIGNAL,IN ROADWAY,TEST NOT OFFERED,Y,30,CLEAR,DAYLIGHT,PEDALCYCLIST,DIVIDED - W/MEDIAN BARRIER,STRAIGHT AND LEVEL,DRY,INJURY AND / OR TOW DUE TO CRASH,MICHIGAN AVE,41.8705584683,-87.6242866096,POINT (-87.624286609605 41.870558468293)
O1615611,BICYCLE,1677df22463f0a51a9c5b6ead6461c8b855f4a5ffb127214208a8e34886aac8565f09682ae9aa75203cbe7f75a27848479280c27db0ca14f1d644cc706f54bd4,07/11/2023 09:44:00 AM,M,21.0,HELMET NOT USED,AGAINST TRAFFIC,IN ROADWAY,TEST NOT OFFERED,,30,CLEAR,DAYLIGHT,PEDALCYCLIST,NOT DIVIDED,STRAIGHT AND LEVEL,DRY,INJURY AND / OR TOW DUE TO CRASH,ASHLAND AVE,41.823027657,-87.6657440311,POINT (-87.665744031095 41.82302765704)
O1615436,BICYCLE,61ce8afd83b94f5f0597f90cbde73fcf093367b611e556b9936565b4254c592ad5f0afbc86b363394b922f090290ccebacb499d7aec8fb7acf4a23c3a0d5ed4e,07/10/2023 06:30:00 PM,M,,HELMET NOT USED,UNKNOWN/NA,IN ROADWAY,TEST NOT OFFERED,,30,CLEAR,DAYLIGHT,PEDALCYCLIST,OTHER,STRAIGHT AND LEVEL,DRY,NO INJURY / DRIVE AWAY,46TH ST,41.8108909506,-87.6407863339,POINT (-87.640786333933 41.810890950624)
O1615271,BICYCLE,eb71515dcf0ef800cdf5764c4ef16846275e884a315a88862f193366e89a620a701e192bcc3a156d50469a7e704746aa6a22d46cd87e26e0de02a44ec429d082,07/10/2023 05:21:00 PM,M,,HELMET NOT USED,UNKNOWN/NA,UNKNOWN/NA,TEST NOT OFFERED,,30,CLEAR,DAYLIGHT,PEDALCYCLIST,DIVIDED - W/MEDIAN BARRIER,STRAIGHT AND LEVEL,DRY,NO INJURY / DRIVE AWAY,71ST ST,41.7659900011,-87.5737873367,POINT (-87.573787336654 41.765990001141)
O1615227,BICYCLE,b40348e4c25fffe3930b79f581605d981a64e2da6d5d13818573bcda5b6222094f7f04c2db94f780209c585848aeadba7ac61d2f1fd59d0d2648b20308a2d56c,07/10/2023 03:20:00 PM,M,14.0,HELMET NOT USED,UNKNOWN/NA,BIKE LANE,TEST NOT OFFERED,,20,CLEAR,DAYLIGHT,PEDALCYCLIST,FOUR WAY,STRAIGHT AND LEVEL,DRY,INJURY AND / OR TOW DUE TO CRASH,LINCOLN AVE,41.9308161443,-87.6564855329,POINT (-87.656485532911 41.930816144312)
O1615127,BICYCLE,bfd30924c1cdfd5b50a396d872a53e4d3a73f816fe280a4fe071299aa9c4298e98ffb43ae60cdc94d62f9ca46f594ce6762e63bf855e6e7611178af5208b4e20,07/10/2023 02:15:00 PM,M,13.0,HELMET NOT USED,CROSSING - NO CONTROLS (AT INTERSECTION),IN ROADWAY,TEST NOT OFFERED,,30,CLEAR,DAYLIGHT,PEDALCYCLIST,ONE-WAY,STRAIGHT AND LEVEL,DRY,INJURY AND / OR TOW DUE TO CRASH,PARKSIDE AVE,41.9275176171,-87.7674778291,POINT (-87.767477829148 41.927517617116)
O1614968,BICYCLE,fe38f74a65de7610f29ca23ad643d43c92e378077491dcfd7cc9b955c455fb4a3d96fa7d2f6c6972b4f31ea48c08bf7210de4d112dfff39acb0b5bef55a19186,07/10/2023 11:00:00 AM,F,46.0,BICYCLE HELMET (PEDACYCLIST INVOLVED ONLY),WITH TRAFFIC,IN ROADWAY,TEST NOT OFFERED,,30,CLEAR,DAYLIGHT,PEDALCYCLIST,ONE-WAY,STRAIGHT AND LEVEL,DRY,INJURY AND / OR TOW DUE TO CRASH,RUSH ST,41.8956834784,-87.625333051,POINT (-87.625333050952 41.895683478401)
O1614985,BICYCLE,3f677600bcf975ce040481653acb31d80e0455934fb2677e14e3c02a327a89dd16b8c3ab3ffa806f71226f2e45a0f951cb083ab72b007eb2e77249daa7aa2214,07/10/2023 10:35:00 AM,,16.0,BICYCLE HELMET (PEDACYCLIST INVOLVED ONLY),CROSSING - WITH SIGNAL,IN CROSSWALK,TEST NOT OFFERED,,30,CLEAR,DAYLIGHT,PEDALCYCLIST,FOUR WAY,STRAIGHT AND LEVEL,DRY,INJURY AND / OR TOW DUE TO CRASH,SHERIDAN RD,41.9874468008,-87.655453001,POINT (-87.65545300098 41.98744680079)
O1614892,BICYCLE,c64d400ef6bb2cee7c55b266d348718e5e5582d2db778677356190add4c03309eb981f616ba8dffc46070ca042c305dd1d99c8498b3a078a9508e9abe5eee71a,07/10/2023 10:00:00 AM,M,0.0,HELMET NOT USED,WITH TRAFFIC,BIKE LANE,TEST NOT OFFERED,,30,CLEAR,DAYLIGHT,PEDALCYCLIST,NOT DIVIDED,STRAIGHT AND LEVEL,DRY,NO INJURY / DRIVE AWAY,FULLERTON AVE,41.9250425869,-87.6680854087,POINT (-87.668085408664 41.925042586933)
O1614810,BICYCLE,94ef1afc719397e1d639887a79921eb318cdb3173e3913e970fe6374e1762dfe46f8c3fc7d86ff01edda27f7c672bdf49674987c8cca754855be9797f32ed3b4,07/10/2023 07:13:00 AM,F,44.0,BICYCLE HELMET (PEDACYCLIST INVOLVED ONLY),CROSSING - AGAINST SIGNAL,IN CROSSWALK,TEST NOT OFFERED,,30,CLEAR,DAYLIGHT,PEDALCYCLIST,DIVIDED - W/MEDIAN (NOT RAISED),STRAIGHT AND LEVEL,DRY,INJURY AND / OR TOW DUE TO CRASH,CHICAGO AVE,41.8967618804,-87.6300273079,POINT (-87.630027307877 41.896761880408)
O1614656,BICYCLE,1b95bb73550ac8967296bcfb573b498ae2785f653e564e91f80589256100a2795aec715002d40370c7abc05e94f1a66d2c2b7a1ec7a8794fe16b42d31922b116,07/09/2023 07:05:00 PM,M,20.0,HELMET NOT USED,TURNING RIGHT,IN ROADWAY,TEST NOT OFFERED,,30,CLEAR,DAYLIGHT,PEDALCYCLIST,NOT DIVIDED,STRAIGHT AND LEVEL,DRY,NO INJURY / DRIVE AWAY,DAMEN AVE,41.8394022166,-87.675557142,POINT (-87.675557141968 41.839402216623)
O1614615,BICYCLE,7e77b384611efb19d250f9e1c2d770263bdc3bcb7bf747cbfc9fff4216e572e092fd4cea6421ad5d12f0bde51095b68a6a0366c49d8351cfa65f34b57926dce8,07/09/2023 05:24:00 PM,M,26.0,HELMET NOT USED,AGAINST TRAFFIC,IN ROADWAY,TEST NOT OFFERED,,30,CLEAR,DAYLIGHT,PEDALCYCLIST,ONE-WAY,STRAIGHT AND LEVEL,DRY,INJURY AND / OR TOW DUE TO CRASH,OHIO ST,41.8926142363,-87.6264213592,POINT (-87.626421359179 41.892614236338)
O1619814,BICYCLE,b69f0afebf0859dbe9a6f68ae63fbb426c29aa3e54a0ba4ee098469abc4aec995c131721bcfa2f710be9fccc2e36f1ac4dd92cf746a2ca1de2c6a10161b0e2a9,07/09/2023 05:00:00 PM,F,74.0,BICYCLE HELMET (PEDACYCLIST INVOLVED ONLY),WITH TRAFFIC,IN ROADWAY,TEST NOT OFFERED,,30,UNKNOWN,UNKNOWN,PEDALCYCLIST,NOT DIVIDED,STRAIGHT AND LEVEL,UNKNOWN,INJURY AND / OR TOW DUE TO CRASH,SHERIDAN RD,41.9642293972,-87.6549204201,POINT (-87.65492042008 41.964229397221)