PERSON_ID,PERSON_TYPE,CRASH_RECORD_ID,CRASH_DATE_x,SEX,AGE,SAFETY_EQUIPMENT,PEDPEDAL_ACTION,PEDPEDAL_LOCATION,BAC_RESULT,CRASH_DATE_EST_I,POSTED_SPEED_LIMIT,WEATHER_CONDITION,LIGHTING_CONDITION,FIRST_CRASH_TYPE,TRAFFICWAY_TYPE,ALIGNMENT,ROADWAY_SURFACE_COND,CRASH_TYPE,STREET_NAME,LATITUDE,LONGITUDE,LOCATION
O1614423,BICYCLE,60e43db2d67db848ebed7347bc8abca583e0f679613775ae10ea0994747cafe3ff5507e3cafb606d887461c264af0558f7e35bea20153cbf3fe33be778d59da5,07/09/2023 12:22:00 PM,M,56.0,BICYCLE HELMET (PEDACYCLIST INVOLVED ONLY),OTHER ACTION,BIKE LANE,TEST NOT OFFERED,,30,CLEAR,DAYLIGHT,PEDALCYCLIST,DIVIDED - W/MEDIAN (NOT RAISED),STRAIGHT AND LEVEL,DRY,INJURY AND / OR TOW DUE TO CRASH,KIMBALL AVE,41.9154365171,-87.7117089476,POINT (-87.711708947586 41.915436517092)
O1614483,BICYCLE,fd97789444df3ee792a59eb0dcf411bb3fc9eefc71fa015050d2c459db5775570d020a6570c7c967a88e4b712ae40e499a7d180eb8a4a1d66c7432960e844e75,07/09/2023 12:21:00 PM,F,23.0,HELMET NOT USED,CROSSING - AGAINST SIGNAL,IN CROSSWALK,TEST NOT OFFERED,,30,CLEAR,DAYLIGHT,PEDALCYCLIST,FOUR WAY,STRAIGHT AND LEVEL,DRY,INJURY AND / OR TOW DUE TO CRASH,ROOSEVELT RD,41.8674829196,-87.630492795,POINT (-87.630492795017 41.86748291958)
O1614411,BICYCLE,6526d1a318dfe67866fbf9a843c3f9753303476b0ac1b3fe5f5065e676714440a88d46cb9b3987349006e0bba8b00723fb2d5112491f29234c673e53c522ac32,07/09/2023 12:10:00 PM,M,53.0,BICYCLE HELMET (PEDACYCLIST INVOLVED ONLY),WITH TRAFFIC,IN ROADWAY,TEST NOT OFFERED,,30,CLEAR,DAYLIGHT,PEDALCYCLIST,DIVIDED - W/MEDIAN (NOT RAISED),STRAIGHT AND LEVEL,DRY,INJURY AND / OR TOW DUE TO CRASH,MORGAN ST,41.8671537725,-87.6509023995,POINT (-87.650902399505 41.867153772514)
O1614222,NON-MOTOR VEHICLE,95857e27d4dfe4f36d38f9ea8b43e26138db062c2ed89369ba64ca21587dc8638ce46767747bc93593f25060dda1e3fe2b48f783c197974d8b3050b47a62a126,07/09/2023 01:36:00 AM,F,,NONE PRESENT,INTOXICATED PED/PEDAL,IN ROADWAY,TEST NOT OFFERED,,30,CLEAR,"DARKNESS, LIGHTED ROAD",OTHER OBJECT,DIVIDED - W/MEDIAN BARRIER,STRAIGHT AND LEVEL,DRY,NO INJURY / DRIVE AWAY,LA SALLE DR,41.8900448098,-87.6324008958,POINT (-87.632400895798 41.890044809752)
O1614108,BICYCLE,769b30a5d296bceb9706b2cbbee6a2cd5cd126c657829125790fa7934d6e4316245dddff947ae70ba0c67071df3d737d480355b91b5bde5603cf9e4651aa2658,07/08/2023 08:40:00 PM,M,24.0,HELMET NOT USED,OTHER ACTION,IN ROADWAY,,,30,CLEAR,DARKNESS,PEDALCYCLIST,NOT DIVIDED,STRAIGHT AND LEVEL,DRY,NO INJURY / DRIVE AWAY,HALSTED ST,41.9307942488,-87.6487996682,POINT (-87.648799668246 41.930794248837)
O1614112,BICYCLE,c933b17cf8b73cbb25cfec27e8a1f83e78787f463642ea2eae544d7a1187a46a98b6305e708864868617cfd24d883fb9d373471d1b8c1f724bc7a8df48fbda98,07/08/2023 07:54:00 PM,M,23.0,HELMET NOT USED,CROSSING - AGAINST SIGNAL,IN ROADWAY,TEST NOT OFFERED,,30,CLEAR,DAYLIGHT,PEDALCYCLIST,DIVIDED - W/MEDIAN (NOT RAISED),STRAIGHT AND LEVEL,DRY,INJURY AND / OR TOW DUE TO CRASH,VAN BUREN ST,41.8767969697,-87.6287638215,POINT (-87.628763821526 41.876796969729)
O1613905,NON-MOTOR VEHICLE,db7648ac842c464ce52667131549b2ea89d62b9616b65a2ae704401f4a4925d7d7b8bb7bea1c452e40e396c25001487a4a985d3146cbfe14f97a1d99766d07f3,07/08/2023 03:11:00 PM,M,23.0,USAGE UNKNOWN,OTHER ACTION,BIKE LANE,TEST NOT OFFERED,,30,CLEAR,DAYLIGHT,OTHER OBJECT,NOT DIVIDED,STRAIGHT AND LEVEL,DRY,INJURY AND / OR TOW DUE TO CRASH,BROADWAY,41.9627441462,-87.6556118479,POINT (-87.655611847905 41.962744146215)
O1613808,BICYCLE,e1dce89338f37ce47c6c371339889676547d4066b34ea31023454fd3a9417ca787079ec78a8eec4f17fcb01e4a92d6fa5255e3cf95002d5579c26439131ee431,07/08/2023 12:20:00 PM,F,36.0,BICYCLE HELMET (PEDACYCLIST INVOLVED ONLY),WITH TRAFFIC,IN ROADWAY,TEST NOT OFFERED,,30,CLOUDY/OVERCAST,DAYLIGHT,PEDALCYCLIST,NOT DIVIDED,STRAIGHT AND LEVEL,WET,INJURY AND / OR TOW DUE TO CRASH,ARMITAGE AVE,41.9180857845,-87.6472484501,POINT (-87.647248450075 41.918085784492)
O1613677,BICYCLE,90722a989a422c189f3a542fb897ba3a853b8f615897a2b51a1ea6b8c43fe42269953ffdb46a8c12819c1aecaa962d0db9250e6d920c15f6ab44d9ba1fd1ced9,07/08/2023 10:30:00 AM,F,22.0,HELMET NOT USED,CROSSING - NO CONTROLS (AT INTERSECTION),IN CROSSWALK,TEST NOT OFFERED,,30,RAIN,DAYLIGHT,PEDALCYCLIST,NOT DIVIDED,STRAIGHT AND LEVEL,WET,INJURY AND / OR TOW DUE TO CRASH,RACINE AVE,41.7413012677,-87.6536349215,POINT (-87.653634921514 41.741301267701)
O1613680,NON-MOTOR VEHICLE,2b27377b0656ba4021c23381dc65d6264e896a535fbd2af15614beaebc4026cca186d53a88d4cefdc3a49efdad4d40e47684ad329de994748a673aae959fd2cd,07/08/2023 09:45:00 AM,,,,,,,,20,RAIN,DAYLIGHT,OTHER NONCOLLISION,ONE-WAY,STRAIGHT AND LEVEL,WET,NO INJURY / DRIVE AWAY,KOSTNER AVE,41.9529912556,-87.7378963972,POINT (-87.737896397183 41.952991255572)
O1613631,BICYCLE,6667063e783ee8d8451ccc5199e7055042c697f85e2090f00a45c2421307c79a664e484c6598ee87581852689935dd99147760738a8ef3d2067b925f9a7799fd,07/08/2023 07:45:00 AM,M,31.0,HELMET NOT USED,OTHER ACTION,IN ROADWAY,TEST NOT OFFERED,,30,RAIN,DAYLIGHT,PEDALCYCLIST,FOUR WAY,STRAIGHT AND LEVEL,WET,INJURY AND / OR TOW DUE TO CRASH,MOZART ST,41.7808281375,-87.69480601,POINT (-87.694806010025 41.780828137451)
O1613757,BICYCLE,0edeec7ad327fb33fe5fa02fac9479d8f9a2f2ffbc573e29755bf837d3a22d4422833ad71504ab360b17902930a1bc162833a3311e4c5b3b12b59f5846da9de0,07/08/2023 02:00:00 AM,F,27.0,BICYCLE HELMET (PEDACYCLIST INVOLVED ONLY),CROSSING - WITH SIGNAL,IN ROADWAY,TEST NOT OFFERED,,30,UNKNOWN,"DARKNESS, LIGHTED ROAD",PEDALCYCLIST,NOT DIVIDED,STRAIGHT AND LEVEL,WET,NO INJURY / DRIVE AWAY,ROOSEVELT RD,41.8672978274,-87.6444711883,POINT (-87.644471188313 41.867297827439)
O1617479,BICYCLE,2b4ac634207e5cf1668fe044a8e42ccb3effd419bf10e4ee1b83a89d0043762cbf153eccb5d0d9fbcc92e6953c7c9ce0e10e8e1bbb9f9c3b17da57ce1596a4d3,07/07/2023 11:45:00 PM,M,48.0,BICYCLE HELMET (PEDACYCLIST INVOLVED ONLY),UNKNOWN/NA,IN ROADWAY,TEST NOT OFFERED,,30,CLEAR,"DARKNESS, LIGHTED ROAD",PEDALCYCLIST,NOT DIVIDED,STRAIGHT AND LEVEL,DRY,NO INJURY / DRIVE AWAY,HUBBARD ST,41.8901056421,-87.6330686448,POINT (-87.633068644816 41.890105642113)
O1614089,BICYCLE,1577fe99c554a124c8d03675c00ebd355aaa27cdca778f6584ab6556b90f2cf7523b47c49d6ed3f409ad5f9c8bd8cc2f2f490e382e36d1b74ee86a4704f8faa8,07/07/2023 08:30:00 PM,M,30.0,HELMET NOT USED,UNKNOWN/NA,IN ROADWAY,TEST NOT OFFERED,,25,CLEAR,DARKNESS,PEDALCYCLIST,Y-INTERSECTION,STRAIGHT AND LEVEL,UNKNOWN,INJURY AND / OR TOW DUE TO CRASH,WACKER DR,41.8867064726,-87.6317409454,POINT (-87.631740945436 41.886706472621)
O1614442,BICYCLE,f1f2ef9cbde6fc38ee4fae5e4a5ba145251a04ac034c816c59fb8ce25190e567586c70741290ac65e8173c3ef6e828b1af1057f193a8df283d82581547f18a54,07/07/2023 06:30:00 PM,M,30.0,HELMET NOT USED,WITH TRAFFIC,IN ROADWAY,TEST NOT OFFERED,,25,CLEAR,DAYLIGHT,PEDALCYCLIST,NOT DIVIDED,STRAIGHT AND LEVEL,DRY,INJURY AND / OR TOW DUE TO CRASH,NORTH BLVD,41.9110753112,-87.6315974831,POINT (-87.631597483072 41.911075311229)
O1613388,BICYCLE,aae69b9c7300c599a5fd90eb60a4641337d67c6e69207cedbec1e8122f813aae32b4c121632f2aec82286ca20548f94980eaecb1b00a18b3eb63e2ad2cc6cee7,07/07/2023 05:50:00 PM,M,26.0,BICYCLE HELMET (PEDACYCLIST INVOLVED ONLY),TURNING LEFT,IN ROADWAY,TEST NOT OFFERED,N,35,CLEAR,DAYLIGHT,PEDALCYCLIST,FOUR WAY,STRAIGHT AND LEVEL,DRY,NO INJURY / DRIVE AWAY,CHICAGO AVE,41.8964030136,-87.6535600919,POINT (-87.653560091853 41.896403013596)
O1613209,BICYCLE,a6881a48fd1eda4efd780c7ed818a3259c74768cdd8501d68fcb9c7caaaff165d7d5b1bda86c3792790c2e8f526abb5d73877dc2a38fbe2d6d0bc48f1eeb7358,07/07/2023 03:30:00 PM,M,29.0,HELMET NOT USED,OTHER ACTION,IN ROADWAY,TEST NOT OFFERED,,30,CLEAR,DAYLIGHT,PEDALCYCLIST,DIVIDED - W/MEDIAN (NOT RAISED),STRAIGHT AND LEVEL,DRY,INJURY AND / OR TOW DUE TO CRASH,WESTERN AVE,41.7874741018,-87.6837115186,POINT (-87.683711518602 41.78747410181)
O1613221,BICYCLE,bf5d5db9a1c7aae1b7334bbe4b86c9098d2e917f712be99aa700e6f310a6918b6e5ba58efa2b5f47dc33dcb28b0150c5a0ee87471e06cbe92bc471cd6a11e9e5,07/07/2023 03:29:00 PM,M,21.0,HELMET NOT USED,UNKNOWN/NA,BIKE LANE,TEST NOT OFFERED,,30,CLEAR,DAYLIGHT,PEDALCYCLIST,NOT DIVIDED,STRAIGHT AND LEVEL,DRY,INJURY AND / OR TOW DUE TO CRASH,MILWAUKEE AVE,41.9033078036,-87.6666320884,POINT (-87.666632088377 41.903307803577)
O1614820,BICYCLE,f44fed3ef13dafa2e5a4506276bf07823a1846aa8c33cf0d5645dae536bc8bea43a0e5d1b9dcc941cd5b48b5d59e2eba2fdb18eca351f3fd2bcedc33d129f592,07/07/2023 02:00:00 PM,M,36.0,HELMET NOT USED,NOT AT INTERSECTION,BIKE LANE,TEST NOT OFFERED,Y,30,CLEAR,DAYLIGHT,PEDALCYCLIST,NOT DIVIDED,STRAIGHT AND LEVEL,DRY,NO INJURY / DRIVE AWAY,ROOSEVELT RD,41.8671354809,-87.6403063049,POINT (-87.640306304892 41.867135480908)
O1613151,BICYCLE,86d6298be741dc836a0706bf36902b5162fb473cde1204c452248f30d2fc19dbb80ce1409713739de914cca3e90db51b71077559174fca56de83db442a083f74,07/07/2023 01:18:00 PM,M,49.0,HELMET NOT USED,UNKNOWN/NA,IN ROADWAY,TEST NOT OFFERED,Y,20,CLEAR,DAYLIGHT,PEDALCYCLIST,ALLEY,STRAIGHT AND LEVEL,DRY,INJURY AND / OR TOW DUE TO CRASH,SUPERIOR ST,41.8941591727,-87.7462037803,POINT (-87.746203780327 41.894159172675)
O1613035,BICYCLE,24127db852541e31c62acb78ec809c2487846180ce476a3eebd574b7887164ceb3896cd80b39253a8f4ffb0955caeabeed7f96e192a9708acedb6036fe3d8843,07/07/2023 10:45:00 AM,M,40.0,HELMET NOT USED,OTHER ACTION,BIKE LANE,TEST NOT OFFERED,,30,CLEAR,DAYLIGHT,PEDALCYCLIST,T-INTERSECTION,STRAIGHT AND LEVEL,DRY,INJURY AND / OR TOW DUE TO CRASH,CLYBOURN AVE,41.9165502983,-87.6571654807,POINT (-87.657165480654 41.916550298294)
O1612944,BICYCLE,4e0fd0509a8ef5669953439c4db3fd15b83199a8bfa9fc924e6aeec6e981e951c0e071fc557dfce5cb8dd945ab73358c7fe1e39b48f437bb60f672455f86b374,07/07/2023 08:45:00 AM,M,65.0,HELMET NOT USED,CROSSING - NO CONTROLS (NOT AT INTERSECTION),IN ROADWAY,TEST NOT OFFERED,Y,30,CLEAR,DAYLIGHT,PEDALCYCLIST,NOT DIVIDED,STRAIGHT AND LEVEL,DRY,INJURY AND / OR TOW DUE TO CRASH,PULASKI RD,41.8520632622,-87.7249200045,POINT (-87.72492000451 41.852063262172)
O1612990,BICYCLE,b83904536f60d2b487ce070676e4bd2ac3d8115dd37697d2564612c6597c5fd06312377b698b0976c6c0e3d15feb8f46a88af67af24c37c2fa636d5c4bf56df2,07/07/2023 08:45:00 AM,M,16.0,HELMET NOT USED,WITH TRAFFIC,BIKEWAY,TEST NOT OFFERED,,30,CLEAR,DAYLIGHT,PEDALCYCLIST,NOT DIVIDED,STRAIGHT AND LEVEL,DRY,INJURY AND / OR TOW DUE TO CRASH,SHERIDAN RD,41.9673172072,-87.6546509352,POINT (-87.654650935182 41.967317207215)
O1612925,BICYCLE,73fe267d0b50945d2e5c0197982cb544e9db4d314ddaa8187416a0b3d6dcebc7ebb4268ebf9f8d7de04cc9b0eb3619636425440ad8503bb3c8075731850e6948,07/07/2023 08:25:00 AM,M,61.0,HELMET NOT USED,WITH TRAFFIC,IN ROADWAY,TEST NOT OFFERED,,35,CLEAR,DAYLIGHT,PEDALCYCLIST,NOT DIVIDED,STRAIGHT AND LEVEL,DRY,INJURY AND / OR TOW DUE TO CRASH,ASHLAND AVE,41.8488745555,-87.666125923,POINT (-87.666125923002 41.848874555502)
O1612755,BICYCLE,d6936502d7a7c7efb8aa18fcb95fa1f5a2b4c81fdd28f6412c6b0d706c46f8928df2b4cf400e33f768448e96d1be076f82967545512646b39daa76fa6e8bb857,07/06/2023 09:15:00 PM,F,27.0,HELMET NOT USED,WITH TRAFFIC,IN ROADWAY,TEST NOT OFFERED,,30,CLEAR,"DARKNESS, LIGHTED ROAD",PEDALCYCLIST,FOUR WAY,STRAIGHT AND LEVEL,DRY,INJURY AND / OR TOW DUE TO CRASH,WELLINGTON AVE,41.9363460013,-87.6562712317,POINT (-87.656271231686 41.936346001306)
O1613284,BICYCLE,8ed2f8d9134268db023b2b94950a98feb7befd6c90199495bd599c1fa76c9c82982e4cea7404cb3ce157acdf38880554ae63e9aad841616f8393602aab6379c5,07/06/2023 06:40:00 PM,M,,HELMET NOT USED,AGAINST TRAFFIC,IN ROADWAY,TEST NOT OFFERED,Y,30,CLEAR,DUSK,PEDALCYCLIST,FOUR WAY,STRAIGHT AND LEVEL,DRY,INJURY AND / OR TOW DUE TO CRASH,CENTRAL AVE,41.9313655524,-87.7663965288,POINT (-87.766396528792 41.931365552363)
O1612541,BICYCLE,ccb621f3667e0de8e4f605e7cd5b44fd5e3352e0e3f6b11d89f2bfdf54b3bdcb0fb8fc00f0263188b7905b10341dce4dcdbd6629e11e7f177405bc4ea826c3a1,07/06/2023 04:15:00 PM,M,16.0,BICYCLE HELMET (PEDACYCLIST INVOLVED ONLY),WITH TRAFFIC,BIKEWAY,TEST NOT OFFERED,,30,CLEAR,DAYLIGHT,PEDALCYCLIST,NOT DIVIDED,STRAIGHT AND LEVEL,DRY,NO INJURY / DRIVE AWAY,26TH ST,41.8442731989,-87.7310240724,POINT (-87.73102407235 41.844273198887)
O1612867,BICYCLE,a174386b6174c538e53fe7dc88ccdc97324390637566bd9a8ed25397243fc8f54aa9fbe48c84682527005479d01725cb7eedbeb88d95d28b488249cbf2c5d928,07/06/2023 01:15:00 PM,M,55.0,HELMET NOT USED,CROSSING - WITH SIGNAL,IN ROADWAY,TEST NOT OFFERED,,30,CLEAR,DAYLIGHT,PEDALCYCLIST,FOUR WAY,STRAIGHT AND LEVEL,DRY,INJURY AND / OR TOW DUE TO CRASH,HALSTED ST,41.6922631234,-87.6425226876,POINT (-87.642522687627 41.692263123425)
O1612855,BICYCLE,c75d2d73f797e2066dba95b062943b397ed1086a7f42c2edca4d572cf50cb83ba2402e7c6389db1651adf325fbb56f464e53486533290178dcdbf735e9ca8df9,07/06/2023 12:55:00 PM,M,16.0,HELMET NOT USED,OTHER ACTION,IN ROADWAY,TEST NOT OFFERED,,30,CLEAR,DAYLIGHT,PEDALCYCLIST,ONE-WAY,STRAIGHT AND LEVEL,DRY,INJURY AND / OR TOW DUE TO CRASH,WALTON ST,41.8984614628,-87.6674184569,POINT (-87.667418456856 41.898461462758)
O1613129,BICYCLE,03ea8b29c44c6c07da0a6549c49f1604a56cf05a83428e8a1c909ed7029f220954a130d8d6e71430287a90d4c9160df8fc3c8f9e142254ad2090bb296c3aaba8,07/06/2023 10:00:00 AM,F,33.0,BICYCLE HELMET (PEDACYCLIST INVOLVED ONLY),WITH TRAFFIC,BIKE LANE,TEST NOT OFFERED,,30,UNKNOWN,DAYLIGHT,PEDALCYCLIST,ONE-WAY,STRAIGHT AND LEVEL,UNKNOWN,INJURY AND / OR TOW DUE TO CRASH,RANDOLPH ST,41.8845579866,-87.6391813992,POINT (-87.639181399227 41.884557986607)
O1643346,BICYCLE,03ea8b29c44c6c07da0a6549c49f1604a56cf05a83428e8a1c909ed7029f220954a130d8d6e71430287a90d4c9160df8fc3c8f9e142254ad2090bb296c3aaba8,07/06/2023 10:00:00 AM,F,33.0,BICYCLE HELMET (PEDACYCLIST INVOLVED ONLY),WITH TRAFFIC,BIKE LANE,TEST NOT OFFERED,,30,UNKNOWN,DAYLIGHT,PEDALCYCLIST,ONE-WAY,STRAIGHT AND LEVEL,UNKNOWN,INJURY AND / OR TOW DUE TO CRASH,RANDOLPH ST,41.8845579866,-87.6391813992,POINT (-87.639181399227 41.884557986607)
O1612206,BICYCLE,e3525ed0ed6f0054315d7da99f455b3efdbbd37de03f5a47e8e81353334a3ae32208d3a2d3e97d9a08ce64ce97e8b189ffc435c7cd75853e530be627fa65d132,07/06/2023 08:45:00 AM,F,28.0,HELMET NOT USED,WITH TRAFFIC,BIKE LANE,TEST NOT OFFERED,,25,CLEAR,DAYLIGHT,PEDALCYCLIST,DIVIDED - W/MEDIAN (NOT RAISED),STRAIGHT AND LEVEL,DRY,NO INJURY / DRIVE AWAY,CALIFORNIA AVE,41.9211033246,-87.6974518223,POINT (-87.697451822346 41.921103324637)
O1612232,BICYCLE,74707589c2982f4fe6ea7863296e55537f986cb0eac373159d04f2f1d331d679653c9f83851628253db4010e9ae1498d7804733f944538ea80c968fbdba4a238,07/05/2023 09:10:00 PM,M,43.0,BICYCLE HELMET (PEDACYCLIST INVOLVED ONLY),UNKNOWN/NA,IN ROADWAY,TEST NOT OFFERED,N,30,UNKNOWN,DARKNESS,PEDALCYCLIST,UNKNOWN,STRAIGHT AND LEVEL,UNKNOWN,NO INJURY / DRIVE AWAY,WABASH AVE,41.7599916234,-87.6233277977,POINT (-87.623327797676 41.759991623443)
O1612046,BICYCLE,a7c3422c54a3c0a42788a95be6562c655f89fecb9d3a24933861755a392f30a94129250a922e442796303f5ff1c53131a21a1059be26f977d5fa5c5ed71d0a1d,07/05/2023 06:47:00 PM,F,59.0,HELMET NOT USED,STANDING IN ROADWAY,IN ROADWAY,TEST NOT OFFERED,,30,RAIN,"DARKNESS, LIGHTED ROAD",PEDALCYCLIST,T-INTERSECTION,STRAIGHT AND LEVEL,WET,INJURY AND / OR TOW DUE TO CRASH,KOSTNER AVE,41.8604629684,-87.734935207,POINT (-87.734935207048 41.860462968352)
O1611967,BICYCLE,b8e622b80ccccccb43bb92baf115ef8df9aa242adc5efe3d6869d093e265e3edfe04e10d90bdf2b9040c194dedb92f4ab309e732d3c59ae7400c5e8978d6f545,07/05/2023 05:53:00 PM,F,24.0,HELMET NOT USED,CROSSING - AGAINST SIGNAL,IN ROADWAY,TEST NOT OFFERED,,30,CLEAR,DAYLIGHT,PEDALCYCLIST,FOUR WAY,STRAIGHT AND LEVEL,DRY,NO INJURY / DRIVE AWAY,RACINE AVE,41.8743341645,-87.6566714073,POINT (-87.656671407296 41.874334164518)
O1611983,BICYCLE,6bbdab9284463c0e9b1d5a6a0817dd354a96eebdda38b43a25279a05496e6bd790c24d22cd10bd742822f756b8df83cbc10a34b9611fef6d6906b4cc8c2018f3,07/05/2023 04:20:00 PM,M,,HELMET NOT USED,WITH TRAFFIC,BIKE LANE,TEST NOT OFFERED,,30,CLEAR,DAYLIGHT,PEDALCYCLIST,NOT DIVIDED,STRAIGHT AND LEVEL,DRY,NO INJURY / DRIVE AWAY,MILWAUKEE AVE,41.9438311376,-87.731384614,POINT (-87.73138461399 41.943831137553)
O1612149,BICYCLE,aaf94ee7463ac00b8583e25b9d5d38592157fa9a3d9a96ee8fe7fe910bde6fee7f6440b7e909fd9c3e10649e7327c2e31d6b873eb94c6b6e9875aa8a817987bf,07/05/2023 10:45:00 AM,M,61.0,HELMET NOT USED,AGAINST TRAFFIC,IN ROADWAY,TEST NOT OFFERED,,30,CLEAR,DAYLIGHT,PEDALCYCLIST,ONE-WAY,STRAIGHT AND LEVEL,UNKNOWN,NO INJURY / DRIVE AWAY,CARMEN AVE,41.9738985291,-87.6976788616,POINT (-87.697678861612 41.973898529119)
O1614635,BICYCLE,730ec4537c76dc8ebc78857f66505dbc27ca572cd32bb53d9e270be3c5089ca8ad257ffca5b82edd4e69611844f2fa0f91710aaa2a2b7f915c7f664d873de3b2,07/04/2023 10:40:00 PM,M,23.0,HELMET NOT USED,OTHER ACTION,IN CROSSWALK,TEST NOT OFFERED,,30,CLEAR,"DARKNESS, LIGHTED ROAD",PEDALCYCLIST,DIVIDED - W/MEDIAN BARRIER,STRAIGHT AND LEVEL,UNKNOWN,INJURY AND / OR TOW DUE TO CRASH,LAWRENCE AVE,41.969261067,-87.650422729,POINT (-87.650422728959 41.969261066974)
O1611313,BICYCLE,5f45f32ce4bd555c0e475c9f2ad3740cf2193a48aa9783cdd5becf13d583603b1f485cc753e63fc0e969e3ffbca8aabc4cf71bc019e2f493af70ab1aff89cdb6,07/04/2023 10:05:00 PM,F,21.0,HELMET NOT USED,CROSSING - WITH SIGNAL,BIKEWAY,,,30,CLEAR,"DARKNESS, LIGHTED ROAD",PEDALCYCLIST,FOUR WAY,STRAIGHT AND LEVEL,DRY,INJURY AND / OR TOW DUE TO CRASH,RANDOLPH ST,41.8845862672,-87.6310104459,POINT (-87.631010445886 41.884586267155)
O1611181,BICYCLE,8837a05c64d98080f5842ef59c51c80524dd35ad2d5f807129b426215b35974e61846c06d20ac7f8d2621e1805c4b3429794a9e50b1a871abb1e547eecd80344,07/04/2023 06:20:00 PM,M,20.0,HELMET NOT USED,WITH TRAFFIC,BIKE LANE,TEST NOT OFFERED,Y,30,CLEAR,DAYLIGHT,PEDALCYCLIST,FOUR WAY,STRAIGHT AND LEVEL,DRY,INJURY AND / OR TOW DUE TO CRASH,MILWAUKEE AVE,41.9174970369,-87.6882545896,POINT (-87.688254589607 41.917497036881)
O1612580,BICYCLE,2ec2a414e6a2676586a7d3d86f861e88100baf7e224d385b787eecc627f46fe4d154ceeeb1a0cd1be82b223c985153fa07ffbf3198fc868a65cb1ea78f6fdbe4,07/04/2023 05:11:00 PM,M,27.0,HELMET NOT USED,CROSSING - WITH SIGNAL,IN ROADWAY,TEST NOT OFFERED,,30,CLEAR,DAYLIGHT,PEDALCYCLIST,NOT DIVIDED,STRAIGHT AND LEVEL,DRY,INJURY AND / OR TOW DUE TO CRASH,RANDOLPH ST,41.8846237846,-87.6204760444,POINT (-87.62047604443 41.884623784636)
O1611143,BICYCLE,db49e468c263d8bf1817a6cc8d459b6fb566d30d0d1d1b9b1a749ee1bed776b6021114f7287a8a6b910218ef5ea5e713d9d1745e2a07eec878756d4d93bad612,07/04/2023 04:50:00 PM,M,,HELMET NOT USED,CROSSING - NO CONTROLS (NOT AT INTERSECTION),NOT IN ROADWAY,TEST NOT OFFERED,,30,CLEAR,DAYLIGHT,PEDALCYCLIST,PARKING LOT,STRAIGHT AND LEVEL,UNKNOWN,NO INJURY / DRIVE AWAY,CLARK ST,41.9960725558,-87.6703556321,POINT (-87.670355632063 41.996072555838)
O1611033,BICYCLE,0c5dc42c9674734d263a8606feb04173b42ebdc57f19a1c18228ba7c9a340bc62e43213c66316feadb0dd54ecffea9ee06f2efb1f0261a9e1ca6773f91a751ed,07/04/2023 01:20:00 PM,M,37.0,BICYCLE HELMET (PEDACYCLIST INVOLVED ONLY),WITH TRAFFIC,IN ROADWAY,TEST NOT OFFERED,,30,CLEAR,DAYLIGHT,PEDALCYCLIST,NOT DIVIDED,STRAIGHT AND LEVEL,DRY,INJURY AND / OR TOW DUE TO CRASH,LAWRENCE AVE,41.9689439109,-87.6731514416,POINT (-87.673151441644 41.968943910944)
O1611034,BICYCLE,0c5dc42c9674734d263a8606feb04173b42ebdc57f19a1c18228ba7c9a340bc62e43213c66316feadb0dd54ecffea9ee06f2efb1f0261a9e1ca6773f91a751ed,07/04/2023 01:20:00 PM,F,35.0,BICYCLE HELMET (PEDACYCLIST INVOLVED ONLY),WITH TRAFFIC,IN ROADWAY,TEST REFUSED,,30,CLEAR,DAYLIGHT,PEDALCYCLIST,NOT DIVIDED,STRAIGHT AND LEVEL,DRY,INJURY AND / OR TOW DUE TO CRASH,LAWRENCE AVE,41.9689439109,-87.6731514416,POINT (-87.673151441644 41.968943910944)
O1611053,BICYCLE,d6e2606aa85e6fb86e67daca67bf7e94dd070b61c1bddcb5a97201d102dfb9ca8fee5afde6bed19d8564aa113c8e268938f2aaa7b59839b14797a32a4309918a,07/04/2023 01:04:00 PM,M,54.0,HELMET NOT USED,CROSSING - NO CONTROLS (AT INTERSECTION),IN CROSSWALK,TEST NOT OFFERED,,30,CLEAR,DAYLIGHT,PEDALCYCLIST,NOT DIVIDED,STRAIGHT AND LEVEL,DRY,INJURY AND / OR TOW DUE TO CRASH,48TH ST,41.8061533599,-87.723195366,POINT (-87.723195366005 41.80615335988)
O1610989,BICYCLE,6ee29b57ce36a8811008432308f6dbe5966d459b6b12ca2de511f7f54d6ba54dc0105ebdb0c7cf2852484d790701112692432d9bb71daabc7ab6838fcab61d91,07/04/2023 12:11:00 PM,M,67.0,BICYCLE HELMET (PEDACYCLIST INVOLVED ONLY),CROSSING - AGAINST SIGNAL,IN ROADWAY,TEST NOT OFFERED,,30,CLEAR,DAYLIGHT,PEDALCYCLIST,NOT DIVIDED,STRAIGHT AND LEVEL,DRY,INJURY AND / OR TOW DUE TO CRASH,SHERIDAN RD,41.9763346848,-87.6548497077,POINT (-87.65484970766 41.976334684786)
O1610836,BICYCLE,41c1b86cbc921db47ccf7fade865bfb629b86f72ddff6788ebac70503eeabe18b580243be9aad1056ad2009d4aa322ccecc61d3330b339711085e366b1017fc7,07/04/2023 01:20:00 AM,M,32.0,HELMET NOT USED,WITH TRAFFIC,BIKE LANE,TEST NOT OFFERED,,30,CLEAR,"DARKNESS, LIGHTED ROAD",PEDALCYCLIST,DIVIDED - W/MEDIAN (NOT RAISED),STRAIGHT AND LEVEL,UNKNOWN,INJURY AND / OR TOW DUE TO CRASH,MILWAUKEE AVE,41.9136227333,-87.6822572059,POINT (-87.682257205925 41.91362273333)