PERSON_ID,PERSON_TYPE,CRASH_RECORD_ID,CRASH_DATE_x,SEX,AGE,SAFETY_EQUIPMENT,PEDPEDAL_ACTION,PEDPEDAL_LOCATION,BAC_RESULT,CRASH_DATE_EST_I,POSTED_SPEED_LIMIT,WEATHER_CONDITION,LIGHTING_CONDITION,FIRST_CRASH_TYPE,TRAFFICWAY_TYPE,ALIGNMENT,ROADWAY_SURFACE_COND,CRASH_TYPE,STREET_NAME,LATITUDE,LONGITUDE,LOCATION
O1610766,BICYCLE,7663af172bb4b89fd9c20d2b2cd6b230ee449a384c32b744dfba83231948852a6db1ba49c0c7e2c11c9c35a4d84cb670a89b7b4d2282c5581a6bd30c06fb23ab,07/03/2023 10:20:00 PM,M,,HELMET NOT USED,CROSSING - AGAINST SIGNAL,IN ROADWAY,TEST NOT OFFERED,,30,CLEAR,"DARKNESS, LIGHTED ROAD",PEDALCYCLIST,DIVIDED - W/MEDIAN (NOT RAISED),STRAIGHT AND LEVEL,DRY,NO INJURY / DRIVE AWAY,DIVERSEY PKWY,41.9326648873,-87.6587742595,POINT (-87.658774259474 41.932664887258)
O1610698,BICYCLE,486cd0ab027a0eb2b438b17ca83b5f605c161e7c6596be8ab3bf4b0c4b3cacc1ec27272a0f5de4d9bf1968732a79a0290cabcba8c10018157c828c5662ca194c,07/03/2023 07:10:00 PM,M,26.0,BICYCLE HELMET (PEDACYCLIST INVOLVED ONLY),WITH TRAFFIC,BIKEWAY,TEST NOT OFFERED,,30,CLEAR,DAYLIGHT,PEDALCYCLIST,NOT DIVIDED,STRAIGHT AND LEVEL,DRY,NO INJURY / DRIVE AWAY,HALSTED ST,41.9281374805,-87.6487099132,POINT (-87.648709913197 41.928137480527)
O1610645,BICYCLE,d216a76204ced2908c60a8eebb17a0c7cee488b50f14f018c084ab59e15aa0bb316a695503e2dae66a01365800f55f3adf373f8faaa54475be6a004c15d25e6f,07/03/2023 06:32:00 PM,M,45.0,HELMET NOT USED,NO ACTION,IN ROADWAY,TEST NOT OFFERED,,30,CLEAR,DAYLIGHT,PEDALCYCLIST,NOT DIVIDED,STRAIGHT AND LEVEL,DRY,INJURY AND / OR TOW DUE TO CRASH,COLUMBUS DR,41.8910445691,-87.6203718391,POINT (-87.620371839074 41.891044569124)
O1610523,BICYCLE,bb1fe0b585a1ccf5150489a93d39fdcdbc4910c3c22e65ec6412e78ddd2803c4d0371ccbf655a04cce6ca9ee888d5eb5b1e96804fed5c915d820f9f9428a9f27,07/03/2023 04:27:00 PM,M,31.0,HELMET NOT USED,CROSSING - NO CONTROLS (AT INTERSECTION),IN CROSSWALK,TEST NOT OFFERED,,30,CLEAR,DAYLIGHT,PEDALCYCLIST,FOUR WAY,STRAIGHT AND LEVEL,DRY,INJURY AND / OR TOW DUE TO CRASH,KENMORE AVE,41.9764681171,-87.6562719005,POINT (-87.656271900531 41.976468117125)
O1610519,BICYCLE,58c0b6334baa4cf68203936ee10d8be31e51e5d2e739c9b470c6d9e4afd7451f22335af6cf2d23bcdde28ab9f720975d211f7767cf559be19202e52a0d4e933f,07/03/2023 03:18:00 PM,F,19.0,HELMET NOT USED,OTHER ACTION,IN CROSSWALK,TEST NOT OFFERED,,30,CLEAR,DAYLIGHT,PEDALCYCLIST,NOT DIVIDED,STRAIGHT AND LEVEL,DRY,INJURY AND / OR TOW DUE TO CRASH,WASHINGTON BLVD,41.8817064526,-87.7454621149,POINT (-87.745462114941 41.881706452614)
O1610365,BICYCLE,a0299f24e09874f0623d398b0b3713431596456ffd9370f7df95249a85b925c3de0c6438c2a3b07e83a6c99309f7207daa39c01a227108c5ac00820647b4942d,07/03/2023 02:00:00 PM,M,21.0,BICYCLE HELMET (PEDACYCLIST INVOLVED ONLY),UNKNOWN/NA,BIKEWAY,TEST NOT OFFERED,,30,CLEAR,DAYLIGHT,PEDALCYCLIST,ONE-WAY,STRAIGHT AND LEVEL,DRY,INJURY AND / OR TOW DUE TO CRASH,GRAND AVE,41.891965857,-87.6170797471,POINT (-87.617079747088 41.891965856951)
O1610367,BICYCLE,fc7fdfb988d8775334c7c728aaad1e3017624d5b4cddfa16983fcde69a215d2526bc34e48f6cb1c4e16a0ba0d09f85eee13b3bf46ffa698c4a9534de6f1c9750,07/03/2023 01:27:00 PM,F,21.0,HELMET NOT USED,CROSSING - WITH SIGNAL,IN CROSSWALK,TEST NOT OFFERED,,10,CLEAR,DAYLIGHT,PEDALCYCLIST,DRIVEWAY,STRAIGHT AND LEVEL,DRY,INJURY AND / OR TOW DUE TO CRASH,INDIANA AVE,41.8671365187,-87.6226937401,POINT (-87.622693740064 41.867136518732)
O1613871,BICYCLE,0da460b26577051f80f97b3e5f7008c83bfcc6019c0e2ee45ae1f62048af2862f41047dbd00058e03b59250c7bd0bc7c0d73e689f6fe618ff29289eabcdbf3fb,07/03/2023 01:10:00 PM,M,29.0,BICYCLE HELMET (PEDACYCLIST INVOLVED ONLY),UNKNOWN/NA,BIKEWAY,TEST NOT OFFERED,,30,UNKNOWN,UNKNOWN,PEDALCYCLIST,NOT DIVIDED,STRAIGHT AND LEVEL,UNKNOWN,INJURY AND / OR TOW DUE TO CRASH,SOUTHPORT AVE,41.9444428269,-87.6637982475,POINT (-87.66379824747 41.944442826916)
O1610473,NON-MOTOR VEHICLE,263cb89381a53be6e924597e16ee8a06db46372c77c9de41d02bb3f4e9d640688b0e646c7875aa7c953a84f79eff8b28144d0bcfb907c5b0bdb6fd997fd2c370,07/03/2023 12:30:00 PM,M,11.0,USAGE UNKNOWN,UNKNOWN/NA,UNKNOWN/NA,TEST NOT OFFERED,,10,CLEAR,DAYLIGHT,OTHER OBJECT,ALLEY,STRAIGHT AND LEVEL,DRY,INJURY AND / OR TOW DUE TO CRASH,LEXINGTON ST,41.8718287763,-87.7196242553,POINT (-87.719624255255 41.871828776322)
O1613460,BICYCLE,d522d7078eb692ef6a478e341baf402c82e95d777b5ce9bb73e6ca386855f34cfc50f9d57c58f5451a8c3d038dad07ab67ea841f296a70d6695361b8e5fd8a99,07/03/2023 12:30:00 PM,M,29.0,BICYCLE HELMET (PEDACYCLIST INVOLVED ONLY),WITH TRAFFIC,BIKE LANE,TEST NOT OFFERED,,30,CLEAR,DAYLIGHT,PEDALCYCLIST,NOT DIVIDED,STRAIGHT AND LEVEL,UNKNOWN,NO INJURY / DRIVE AWAY,SOUTHPORT AVE,41.9444428269,-87.6637982475,POINT (-87.66379824747 41.944442826916)
O1609942,NON-MOTOR VEHICLE,810286f6a25a2d2517265a21c8e402283e7ec2bfd5984ba37c043f31e94bbe5763c170aa3428a7ad81c35aa65e507ad4f7ae4737a24e402fe19df78be502d631,07/02/2023 04:50:00 PM,,,,,,,N,30,RAIN,UNKNOWN,OTHER NONCOLLISION,NOT DIVIDED,STRAIGHT AND LEVEL,WET,NO INJURY / DRIVE AWAY,HOOD AVE,41.9932041187,-87.6795127623,POINT (-87.679512762304 41.99320411872)
O1609919,BICYCLE,be1056d9ffd3dd22dc1c71f0a383334464b2a70347eb47ed18d45a828c63cc6e16d65578b113b9817ed3935d55c932cdfd17864c8908f51c2662519f54b81f3f,07/02/2023 04:10:00 PM,M,,HELMET NOT USED,TURNING LEFT,IN ROADWAY,TEST NOT OFFERED,N,30,RAIN,DAYLIGHT,PEDALCYCLIST,FOUR WAY,STRAIGHT AND LEVEL,WET,NO INJURY / DRIVE AWAY,43RD ST,41.8160748638,-87.6456635292,POINT (-87.645663529217 41.816074863808)
O1610311,BICYCLE,f3068e2789c9c85aed790aedadda848807402668435b7deaa3109ea1751ab8dd3d7dae3720c86c1d8429e5794b064f2a817e0d734138c57d2e9667f9bf6b1492,07/02/2023 02:10:00 PM,M,20.0,BICYCLE HELMET (PEDACYCLIST INVOLVED ONLY),CROSSING - AGAINST SIGNAL,IN ROADWAY,TEST REFUSED,,30,RAIN,DAYLIGHT,PEDALCYCLIST,ONE-WAY,STRAIGHT AND LEVEL,WET,NO INJURY / DRIVE AWAY,RANDOLPH ST,41.8845461488,-87.6413476146,POINT (-87.641347614597 41.88454614876)
O1609614,BICYCLE,32cde906b26c33263522a834e62d87722f82a5896631b7dac69c8fb2f55607eba2034b2bdb96b0217fb0fc65fbf5c6741c156fb2442891cf8943bb7e638b63e1,07/02/2023 12:55:00 AM,M,23.0,HELMET NOT USED,CROSSING - AGAINST SIGNAL,IN ROADWAY,TEST NOT OFFERED,,30,RAIN,"DARKNESS, LIGHTED ROAD",PEDALCYCLIST,FOUR WAY,STRAIGHT AND LEVEL,WET,INJURY AND / OR TOW DUE TO CRASH,31ST ST,41.8380868387,-87.6514311438,POINT (-87.651431143795 41.838086838673)
O1609503,BICYCLE,df09b027e0094fe37dce44c304a664d1c34e818738b44c39322cebaa1c6d46b3144b9db519ee48aba4719efd0bc93a2996b1d5bdbf1094acf8e2597557841caf,07/01/2023 10:13:00 PM,M,,HELMET NOT USED,TURNING LEFT,IN ROADWAY,TEST NOT OFFERED,,30,CLEAR,"DARKNESS, LIGHTED ROAD",PEDALCYCLIST,FOUR WAY,STRAIGHT AND LEVEL,DRY,INJURY AND / OR TOW DUE TO CRASH,SHERIDAN RD,42.0161299449,-87.6652531975,POINT (-87.665253197542 42.016129944887)
O1609434,BICYCLE,74406e75990a39ba47619b2933ab2f4f5db6122d3686aa5b613e557db56225ecd4ce188d14002046efa81dde0d4c739f44941d1b221b74c6b4fba4c7a3007c41,07/01/2023 06:32:00 PM,M,26.0,HELMET NOT USED,WITH TRAFFIC,BIKE LANE,TEST NOT OFFERED,,35,CLEAR,DAYLIGHT,PEDALCYCLIST,NOT DIVIDED,STRAIGHT AND LEVEL,DRY,INJURY AND / OR TOW DUE TO CRASH,ROOSEVELT RD,41.8674844605,-87.6303889077,POINT (-87.630388907726 41.867484460531)
O1609346,BICYCLE,c65398441c12e72542d89e68a12fc6ccc382cb38f9fe71033b8701db55563ef31dc7b1b3c9944e7f66828fddb923971f73d662761b713815905d2d60925885ce,07/01/2023 04:35:00 PM,M,14.0,HELMET NOT USED,UNKNOWN/NA,BIKEWAY,TEST NOT OFFERED,,30,RAIN,DAYLIGHT,PEDALCYCLIST,DIVIDED - W/MEDIAN (NOT RAISED),STRAIGHT AND LEVEL,WET,INJURY AND / OR TOW DUE TO CRASH,ARMITAGE AVE,41.9182026322,-87.6541770911,POINT (-87.654177091114 41.918202632182)
O1609352,BICYCLE,47aa55f611b03ae8de915b28a6caaa53d48e7fb35d0f1b6b59ce711e69fbde4afdad8d2e7ec65e275aa0b18de142ad7811991f6164af02e3b9b19d34e5e5ff30,07/01/2023 04:17:00 PM,M,27.0,HELMET NOT USED,OTHER ACTION,NOT IN ROADWAY,TEST NOT OFFERED,,30,CLEAR,DAYLIGHT,PEDALCYCLIST,OTHER,STRAIGHT AND LEVEL,DRY,INJURY AND / OR TOW DUE TO CRASH,ARCHER AVE,41.8319215216,-87.6753793408,POINT (-87.675379340782 41.831921521573)
O1609717,BICYCLE,268e0dd20a82fc79b4ee2a5655fdde46b14c726033417703425abc88dcd37c15c046b4f2e9ec5db9d99f8d279e1c7a7e890019c31014e86bd57f20e04581c153,07/01/2023 04:10:00 PM,M,40.0,HELMET NOT USED,UNKNOWN/NA,BIKEWAY,TEST NOT OFFERED,,20,RAIN,DAYLIGHT,PEDALCYCLIST,NOT DIVIDED,STRAIGHT AND LEVEL,WET,INJURY AND / OR TOW DUE TO CRASH,CLARENDON AVE,41.9535221595,-87.6495261602,POINT (-87.64952616015 41.953522159453)
O1609402,BICYCLE,7abb91815779b93f0fc245743433a53969adacc6098e91b2d41fb295b0858905a5cd70d2767c0057ea09af0c5fd3524751045cd4884bf7e6c81ee86b992a99ec,07/01/2023 03:06:00 PM,M,15.0,HELMET NOT USED,UNKNOWN/NA,BIKEWAY,TEST NOT OFFERED,,30,CLEAR,DAYLIGHT,PEDALCYCLIST,DIVIDED - W/MEDIAN (NOT RAISED),STRAIGHT AND LEVEL,DRY,INJURY AND / OR TOW DUE TO CRASH,SOUTHPORT AVE,41.9450108722,-87.6638144101,POINT (-87.663814410139 41.94501087215)
O1609279,BICYCLE,b0468c91a4601cef03c5977152c98ce9eb735d203e1d5ee8189cb55a696f4dab22473df99b775a3ec214d85beb634e8377e04e58609cba27ad77f68f42e839ed,07/01/2023 03:02:00 PM,M,,HELMET NOT USED,UNKNOWN/NA,IN ROADWAY,TEST NOT OFFERED,,30,CLEAR,DAYLIGHT,PEDALCYCLIST,DIVIDED - W/MEDIAN (NOT RAISED),STRAIGHT AND LEVEL,DRY,NO INJURY / DRIVE AWAY,WILSON AVE,41.9647647243,-87.6885589331,POINT (-87.688558933134 41.964764724284)
O1611063,BICYCLE,176e4befc134555dcc1370ed3b619dda341cfd1eab2f32983f1ec4de6080389224df962e48bf5d449bc41e95f670edd4d9429940bb7879c7f5a64275b2d25d3a,07/01/2023 12:40:00 PM,M,37.0,BICYCLE HELMET (PEDACYCLIST INVOLVED ONLY),WITH TRAFFIC,BIKE LANE,TEST NOT OFFERED,,30,CLEAR,DAYLIGHT,PEDALCYCLIST,NOT DIVIDED,STRAIGHT AND LEVEL,DRY,INJURY AND / OR TOW DUE TO CRASH,MILWAUKEE AVE,41.915457996,-87.6850874761,POINT (-87.685087476106 41.915457996037)
O1609206,BICYCLE,5583951a8ba8ee64a82c25ec60e57eeb8239391bc25c296319d1089a8802f72464f3d27db22a2d50ba6d6e937c0842b5a365c4e6f13ffb39110e54808471ac7a,07/01/2023 12:18:00 PM,M,36.0,BICYCLE HELMET (PEDACYCLIST INVOLVED ONLY),OTHER ACTION,IN ROADWAY,TEST NOT OFFERED,,30,CLOUDY/OVERCAST,DAYLIGHT,PEDALCYCLIST,NOT DIVIDED,STRAIGHT AND LEVEL,DRY,NO INJURY / DRIVE AWAY,16TH ST,41.8601002157,-87.6255763663,POINT (-87.625576366318 41.860100215705)
O1612330,BICYCLE,4e330f0490cc0bb7c8f2dfeab02b3e25c58c588df3dd38aa67cb06f03fc8fc53449ee76e74c3d6bc5e981f5944e3d168ba6dc1a26495f42c965dc4d29a009325,07/01/2023 11:33:00 AM,M,30.0,HELMET NOT USED,OTHER ACTION,IN ROADWAY,TEST NOT OFFERED,,25,CLEAR,DAYLIGHT,PEDALCYCLIST,NOT DIVIDED,STRAIGHT AND LEVEL,DRY,INJURY AND / OR TOW DUE TO CRASH,91ST ST,41.7284112336,-87.6626106981,POINT (-87.662610698112 41.728411233588)
O1608934,BICYCLE,c70fd1b3da5b90b2ea4ae6338c02ee58baf92af950dd10044714f4fda9f0bd862f8f1e80a3c68b02e44787f5b8fad34ca1dba8dca857142733c0c16e06fd9ec9,06/30/2023 11:30:00 PM,M,15.0,HELMET NOT USED,NOT AT INTERSECTION,IN ROADWAY,TEST NOT OFFERED,,30,CLEAR,"DARKNESS, LIGHTED ROAD",PEDALCYCLIST,ONE-WAY,STRAIGHT AND LEVEL,DRY,INJURY AND / OR TOW DUE TO CRASH,STATE ST,41.7567395741,-87.6248755069,POINT (-87.62487550688 41.756739574098)
O1612301,NON-MOTOR VEHICLE,7c7d35ef60ba90af50c22322b93ff4aa855809e7be9e22bb0c5e96ad92cc52628c59d6d9f4a052a4e4c3b23b7e6fd9ac86f7908829988833218386556d5db4b8,06/30/2023 09:40:00 PM,,,,,,,,15,UNKNOWN,UNKNOWN,FIXED OBJECT,PARKING LOT,STRAIGHT AND LEVEL,UNKNOWN,NO INJURY / DRIVE AWAY,ASHLAND AVE,41.7346497185,-87.6628880167,POINT (-87.662888016726 41.734649718482)
O1608874,BICYCLE,4c8cf2cf4abd95683e76437472a00acdaab30d1add568d1a6990696298a724843286dc5e34750ab08a08f7fd79f9b21a0d909bbbdd05c1d99c2741d11b709c36,06/30/2023 08:40:00 PM,M,17.0,HELMET NOT USED,NO ACTION,IN CROSSWALK,TEST NOT OFFERED,,30,CLEAR,DUSK,PEDALCYCLIST,FOUR WAY,STRAIGHT AND LEVEL,DRY,INJURY AND / OR TOW DUE TO CRASH,KILPATRICK AVE,41.9535593939,-87.7457314499,POINT (-87.745731449916 41.953559393931)
O1609282,BICYCLE,cdbdc3a98686b91cf00c125e6405de41ea662b3a330475999b86be33cace7c288368e36410e9e1f417ec31e8bab394d7c407baf43b03a6935a93f325771aecae,06/30/2023 08:40:00 PM,M,43.0,BICYCLE HELMET (PEDACYCLIST INVOLVED ONLY),CROSSING - WITH SIGNAL,IN ROADWAY,TEST NOT OFFERED,,30,CLEAR,DAWN,PEDALCYCLIST,NOT DIVIDED,STRAIGHT AND LEVEL,DRY,NO INJURY / DRIVE AWAY,WENTWORTH AVE,41.854453063,-87.6316760828,POINT (-87.631676082822 41.854453062964)
O1608784,NON-MOTOR VEHICLE,1d7a7e3eaa1c985b7208dba22bea760a1ae06652a487f468c90ff7887166ac55f604cf7a4a2f5d71cd535040281090e463121f1f51d3920942c2051974150a03,06/30/2023 06:55:00 PM,,,USAGE UNKNOWN,,,TEST NOT OFFERED,,30,CLEAR,DUSK,FIXED OBJECT,NOT DIVIDED,STRAIGHT AND LEVEL,UNKNOWN,INJURY AND / OR TOW DUE TO CRASH,57TH ST,41.7906847795,-87.6514538893,POINT (-87.651453889311 41.790684779516)
O1608747,BICYCLE,338287caed25c93c5d1f5d49f5f8d39c6352f99245a7d9b7517df0ab97d7e09d07966d412acca9dda1a03551907774ecc7a60d830d25828954861c997ffa0875,06/30/2023 06:00:00 PM,M,53.0,HELMET NOT USED,WITH TRAFFIC,BIKE LANE,TEST NOT OFFERED,,20,CLEAR,DAYLIGHT,PEDALCYCLIST,NOT DIVIDED,STRAIGHT AND LEVEL,DRY,NO INJURY / DRIVE AWAY,HONORE ST,41.9088099975,-87.6756427175,POINT (-87.67564271752 41.908809997545)
O1608658,BICYCLE,e983fefccb60c512913d0c902b6032ae0f7e11068bc4406cb87957b2fd198dd86ecd75eb5851c2c68ef6469c6349bec029a45e3a6f74e82127175ec68cec8b75,06/30/2023 03:52:00 PM,F,,HELMET NOT USED,NO ACTION,BIKEWAY,TEST NOT OFFERED,,30,CLEAR,DAYLIGHT,PEDALCYCLIST,DIVIDED - W/MEDIAN (NOT RAISED),STRAIGHT AND LEVEL,DRY,NO INJURY / DRIVE AWAY,MILWAUKEE AVE,41.9093086065,-87.6755691007,POINT (-87.675569100719 41.909308606492)
O1608626,BICYCLE,887e78ed0ffd7f68192011e278b0e5f67822042297e365f7dc8992ce2c60c757a57f4419c81efc3c8358a78be4113a486326b26fdd6300335482b9e928c5bc5a,06/30/2023 02:42:00 PM,F,44.0,BICYCLE HELMET (PEDACYCLIST INVOLVED ONLY),WITH TRAFFIC,IN ROADWAY,TEST NOT OFFERED,,30,CLEAR,DAYLIGHT,PEDALCYCLIST,NOT DIVIDED,STRAIGHT AND LEVEL,DRY,INJURY AND / OR TOW DUE TO CRASH,LAWRENCE AVE,41.9681046544,-87.730537781,POINT (-87.730537780991 41.968104654364)
O1608475,BICYCLE,fe73b484c23ddb00afd0ce645101ee86d43df6c9562d55f556e522da2d7b9015e0b7a4287b57208ad924bab4e2faa8b3148355af144c8ef4d9b7761b1438f2e6,06/30/2023 12:45:00 PM,F,30.0,HELMET NOT USED,UNKNOWN/NA,IN CROSSWALK,TEST NOT OFFERED,,30,CLEAR,DAYLIGHT,PEDALCYCLIST,DIVIDED - W/MEDIAN (NOT RAISED),STRAIGHT AND LEVEL,DRY,INJURY AND / OR TOW DUE TO CRASH,ROOSEVELT RD,41.866723906,-87.6859185544,POINT (-87.685918554362 41.866723906033)
O1608340,BICYCLE,5a033bf41a76bfc64dd49128558f6657a097ef907ea965cb7c5ee69c88682338dadf82dd9155d772cc6015cd4bba65afbdbc939b745c1bd699cbd071feda1f54,06/30/2023 09:00:00 AM,F,8.0,BICYCLE HELMET (PEDACYCLIST INVOLVED ONLY),CROSSING - NO CONTROLS (AT INTERSECTION),IN CROSSWALK,TEST NOT OFFERED,,30,CLEAR,DAYLIGHT,PEDALCYCLIST,NOT DIVIDED,STRAIGHT AND LEVEL,DRY,INJURY AND / OR TOW DUE TO CRASH,WESTERN AVE,42.0095263993,-87.6903293946,POINT (-87.690329394578 42.009526399339)
O1608260,BICYCLE,c53a40d5cca3dbd35b1b7fa192d4e794d4d848f6c3f63854142088c438be811d54d73bccb538e2b01c183cfabbc2b14137555b2c60ffbc3a6b8ec522c25b0402,06/30/2023 03:15:00 AM,M,66.0,HELMET NOT USED,WITH TRAFFIC,IN ROADWAY,TEST NOT OFFERED,,30,CLEAR,"DARKNESS, LIGHTED ROAD",PEDALCYCLIST,NOT DIVIDED,STRAIGHT AND LEVEL,DRY,INJURY AND / OR TOW DUE TO CRASH,DIVERSEY AVE,41.9311507871,-87.767399297,POINT (-87.767399296986 41.93115078709)
O1607940,BICYCLE,e0fbc45e7acba13a8c65569e6003b91d55e3a3ab8963afd9803c145c031223835ce3ce3e00c2c3b9965fca5d7f086aa38aef24abe32dd4638dc2d0feb94a5a26,06/29/2023 04:16:00 PM,M,11.0,HELMET NOT USED,WITH TRAFFIC,IN ROADWAY,TEST NOT OFFERED,,30,CLEAR,DAWN,PEDALCYCLIST,FOUR WAY,STRAIGHT AND LEVEL,DRY,NO INJURY / DRIVE AWAY,57TH ST,41.7905846021,-87.6583647377,POINT (-87.658364737735 41.790584602051)
O1607863,BICYCLE,6bd90d1af6c7c9e4f5d1939c86aefd4f77b7afda51accbda9477a045f9f109d7aee0a8cadc59857f5e86e4a4186a366ead3de825f32f6ad071c869b7fecda8db,06/29/2023 03:44:00 PM,F,40.0,BICYCLE HELMET (PEDACYCLIST INVOLVED ONLY),OTHER ACTION,IN ROADWAY,TEST NOT OFFERED,,30,RAIN,DAYLIGHT,PEDALCYCLIST,DIVIDED - W/MEDIAN (NOT RAISED),STRAIGHT AND LEVEL,WET,INJURY AND / OR TOW DUE TO CRASH,MILWAUKEE AVE,41.9074247296,-87.6730736739,POINT (-87.673073673888 41.907424729615)
O1607647,NON-MOTOR VEHICLE,fe728b2318134cd7722fdc847d7834d58ad0dde551995245e4bed93468a1a8be756c8cf01e5e4482bc9387e455c9b5de5bc4c10f5e917963ad3ecfa168ef7fef,06/29/2023 09:28:00 AM,F,32.0,NONE PRESENT,CROSSING - WITH SIGNAL,IN CROSSWALK,TEST NOT OFFERED,,30,CLEAR,DAYLIGHT,OTHER OBJECT,NOT DIVIDED,STRAIGHT AND LEVEL,DRY,INJURY AND / OR TOW DUE TO CRASH,MARQUETTE RD,41.7727956678,-87.6267519044,POINT (-87.626751904425 41.77279566782)
O1607425,BICYCLE,08e55bc920c3e953e81fdc8d18466fe1a7c273473c67fcd58a453c0761d081f6d738e7767acfda71151e56b561fd85e21af633bfa5bb391e6a1e98d1121efb11,06/28/2023 07:35:00 PM,M,57.0,HELMET NOT USED,AGAINST TRAFFIC,IN ROADWAY,TEST NOT OFFERED,,30,CLEAR,DAYLIGHT,PEDALCYCLIST,ONE-WAY,STRAIGHT AND LEVEL,DRY,INJURY AND / OR TOW DUE TO CRASH,CRYSTAL ST,41.9036029517,-87.7314499665,POINT (-87.731449966537 41.903602951669)
O1607380,BICYCLE,c6cb8c193817e74652e0f4fccd7f2c851f0c720d1e183c82ac8995a08c10ac017f6473b0029962e41a5cbea22e724d14ddcd9ac575e8d2f2fc3593ba84fa2191,06/28/2023 06:30:00 PM,F,31.0,BICYCLE HELMET (PEDACYCLIST INVOLVED ONLY),WITH TRAFFIC,BIKE LANE,TEST NOT OFFERED,,30,CLEAR,DAYLIGHT,PEDALCYCLIST,NOT DIVIDED,STRAIGHT AND LEVEL,UNKNOWN,INJURY AND / OR TOW DUE TO CRASH,CLARK ST,41.9305534466,-87.6436487851,POINT (-87.643648785065 41.930553446632)
O1607381,BICYCLE,49b8e90cc527f09d794ac2061699d8602c4f218504d2d742c62d1382ccc5ba03e18503457ab48295b40f9b85d8b543da191f5c3c2634ab68917be4f710e33f0f,06/28/2023 05:45:00 PM,M,29.0,HELMET NOT USED,CROSSING - WITH SIGNAL,BIKEWAY,TEST NOT OFFERED,,30,CLEAR,DAYLIGHT,PEDALCYCLIST,FOUR WAY,STRAIGHT AND LEVEL,DRY,INJURY AND / OR TOW DUE TO CRASH,LOGAN BLVD,41.9301475326,-87.685601516,POINT (-87.685601516021 41.93014753264)
O1607415,BICYCLE,e28f54754be5f49cd04c3f98138d833dc918e54eca1d339a6406d7be4f6b6bbbff743541577228e118c3b66e0dd5b1dad37b6f500da4e63e26aae16f00b0b265,06/28/2023 05:43:00 PM,M,46.0,HELMET NOT USED,CROSSING - WITH SIGNAL,IN CROSSWALK,TEST NOT OFFERED,,30,CLEAR,DAYLIGHT,PEDALCYCLIST,NOT DIVIDED,STRAIGHT AND LEVEL,DRY,INJURY AND / OR TOW DUE TO CRASH,LAWRENCE AVE,41.967992817,-87.7595952196,POINT (-87.759595219603 41.967992817032)
O1607398,BICYCLE,0b9f59be06bb1d4da964219f1d3f1d7c811377892dc98eb00305c4a6daa775e437fe4790a9042794a5c0818869789ee7cee0765a929e5af20cda498e61186c63,06/28/2023 05:15:00 PM,M,,BICYCLE HELMET (PEDACYCLIST INVOLVED ONLY),TURNING LEFT,UNKNOWN/NA,TEST NOT OFFERED,,30,CLEAR,DAYLIGHT,PEDALCYCLIST,NOT DIVIDED,STRAIGHT AND LEVEL,DRY,NO INJURY / DRIVE AWAY,SHERIDAN RD,41.9733604573,-87.6550765826,POINT (-87.655076582647 41.973360457265)
O1607333,BICYCLE,0bc4e2406b23fc1f8b31e1199a045fb54803f5fb8caaef9b85e2cf1b66ac3f07e0866b48006e245fa73f22d2ca410e26396ad78a1546f7b773066e4216be5bc0,06/28/2023 05:00:00 PM,M,,BICYCLE HELMET (PEDACYCLIST INVOLVED ONLY),CROSSING - NO CONTROLS (AT INTERSECTION),IN CROSSWALK,TEST NOT OFFERED,,30,CLEAR,DAYLIGHT,PEDALCYCLIST,NOT DIVIDED,STRAIGHT AND LEVEL,DRY,INJURY AND / OR TOW DUE TO CRASH,ONARGA AVE,41.998583196,-87.8069443819,POINT (-87.806944381918 41.99858319604)
O1607363,BICYCLE,d0d9a39081335e31e7533aa86cd9ab5005f51e2abb92b8acc0468f9724178c63b779e71229228f39c5d7684a3bac9e75bae9684c8dd36429fd82e1495b55976e,06/28/2023 05:00:00 PM,M,13.0,HELMET NOT USED,CROSSING - AGAINST SIGNAL,IN ROADWAY,TEST NOT OFFERED,,30,CLEAR,DAYLIGHT,PEDALCYCLIST,FOUR WAY,STRAIGHT AND LEVEL,DRY,INJURY AND / OR TOW DUE TO CRASH,LAWRENCE AVE,41.9690638207,-87.6496443284,POINT (-87.649644328428 41.969063820748)
O1607557,BICYCLE,abbdfba638c4b93c962356163fdc35e174086c517b7b09099ead7b8a8127f115096d3da7f939754f5af1616ab718d385ed819a452ad7126e54371a134c1021ca,06/28/2023 04:00:00 PM,F,20.0,HELMET NOT USED,UNKNOWN/NA,IN ROADWAY,TEST NOT OFFERED,,30,FOG/SMOKE/HAZE,DAYLIGHT,PEDALCYCLIST,UNKNOWN,STRAIGHT AND LEVEL,DRY,INJURY AND / OR TOW DUE TO CRASH,LARAMIE AVE,41.9198090704,-87.7558765964,POINT (-87.755876596391 41.919809070366)
O1616569,BICYCLE,d8508baf27edd8cb01c490eba62d4395ee142da31a343630040e59180fe76b71f7c6ae911506bd17069a7bb1725efd346d176976aa02e1ff9ff61b2f1fe58918,06/28/2023 01:11:00 PM,F,30.0,BICYCLE HELMET (PEDACYCLIST INVOLVED ONLY),WITH TRAFFIC,BIKEWAY,TEST NOT OFFERED,,30,UNKNOWN,DAYLIGHT,PEDALCYCLIST,FOUR WAY,STRAIGHT AND LEVEL,UNKNOWN,INJURY AND / OR TOW DUE TO CRASH,ROOSEVELT RD,41.8673626698,-87.6397161965,POINT (-87.639716196498 41.867362669762)