PERSON_ID,PERSON_TYPE,CRASH_RECORD_ID,CRASH_DATE_x,SEX,AGE,SAFETY_EQUIPMENT,PEDPEDAL_ACTION,PEDPEDAL_LOCATION,BAC_RESULT,CRASH_DATE_EST_I,POSTED_SPEED_LIMIT,WEATHER_CONDITION,LIGHTING_CONDITION,FIRST_CRASH_TYPE,TRAFFICWAY_TYPE,ALIGNMENT,ROADWAY_SURFACE_COND,CRASH_TYPE,STREET_NAME,LATITUDE,LONGITUDE,LOCATION
O1606958,BICYCLE,103dcbab8e8ed016cf13767bac0409573fe41839fc756c47d0f160d1fe430aa0f3bd3258c66cebc4684d95a7ac1766ae8b06736d41c1a7ed025d75eaa51cc03f,06/28/2023 12:10:00 AM,M,18.0,HELMET NOT USED,CROSSING - NO CONTROLS (NOT AT INTERSECTION),IN ROADWAY,TEST NOT OFFERED,,30,CLEAR,"DARKNESS, LIGHTED ROAD",PEDALCYCLIST,FOUR WAY,STRAIGHT AND LEVEL,DRY,INJURY AND / OR TOW DUE TO CRASH,ASHLAND AVE,41.9598573866,-87.6693544424,POINT (-87.669354442445 41.959857386639)
O1607680,BICYCLE,93275c5a7c7d9c81ae9e9c673b703e2ee15b855e173246c2b1c99cbe57bdb158a4dd083384d366515917dcc378e0f6264504d0cd1d2e3c8f17c6a8b0ccc75508,06/27/2023 05:30:00 PM,F,60.0,HELMET NOT USED,CROSSING - NO CONTROLS (AT INTERSECTION),UNKNOWN/NA,TEST NOT OFFERED,,30,CLEAR,DAYLIGHT,PEDALCYCLIST,NOT DIVIDED,STRAIGHT AND LEVEL,DRY,NO INJURY / DRIVE AWAY,COLFAX AVE,41.7244393936,-87.5609126022,POINT (-87.560912602206 41.724439393625)
O1606733,BICYCLE,179340b95545225e1d4081bb7b22b1173be03b9e719d463626c974957c099dc932a54411f2dce64d6ca651a44c84948b094cb36129ef6d6f7f3fe8f9a30e140c,06/27/2023 04:10:00 PM,M,30.0,HELMET NOT USED,WITH TRAFFIC,IN ROADWAY,TEST NOT OFFERED,,30,CLEAR,DAYLIGHT,PEDALCYCLIST,DIVIDED - W/MEDIAN (NOT RAISED),STRAIGHT AND LEVEL,DRY,INJURY AND / OR TOW DUE TO CRASH,NORTH AVE,41.9098788572,-87.7353245241,POINT (-87.735324524142 41.909878857174)
O1606664,BICYCLE,8e205a2c5347d1817bcb16d1118f6f8bfb3e3ae2204de25b4e87c3fdc06b94caba43b1cb96f252b387061b07363bf8c35a9563b524c3788d5182f75b17ae006a,06/27/2023 03:44:00 PM,M,31.0,BICYCLE HELMET (PEDACYCLIST INVOLVED ONLY),CROSSING - NO CONTROLS (AT INTERSECTION),IN ROADWAY,TEST NOT OFFERED,,30,CLEAR,DAYLIGHT,PEDALCYCLIST,T-INTERSECTION,STRAIGHT AND LEVEL,DRY,INJURY AND / OR TOW DUE TO CRASH,ROSCOE ST,41.943310283,-87.6637930984,POINT (-87.663793098401 41.943310282971)
O1606608,BICYCLE,a811423ff9da19ca62691128fc28f7aeacc14f79dbd4f308047840e6cac4128866834e3e9c2081d4c4be4ffa54d9e8b444a5f870cd54499a1d9a921d53979148,06/27/2023 01:30:00 PM,,,HELMET NOT USED,WITH TRAFFIC,IN ROADWAY,TEST NOT OFFERED,,30,FOG/SMOKE/HAZE,DAYLIGHT,PEDALCYCLIST,ONE-WAY,STRAIGHT AND LEVEL,DRY,INJURY AND / OR TOW DUE TO CRASH,ONTARIO ST,41.8931967165,-87.625913848,POINT (-87.625913848042 41.893196716499)
O1607691,BICYCLE,ab34c627b7c6cf5cf43891e0a42a4a10f3cf171875cadc5af26052ed01852d7baf2b86cab13aee8e0069c6771d2b83dfdbed2fc6dae6d84ff05ddc18b3a78235,06/27/2023 01:28:00 PM,M,22.0,HELMET NOT USED,OTHER ACTION,NOT IN ROADWAY,TEST NOT OFFERED,,10,CLEAR,DAYLIGHT,PEDALCYCLIST,OTHER,STRAIGHT AND LEVEL,DRY,INJURY AND / OR TOW DUE TO CRASH,SCHOOL ST,41.9414254375,-87.6679873108,POINT (-87.667987310796 41.941425437522)
O1606477,BICYCLE,3ca1358b8fbef1a7181f2568437874b527ad39ff6c2ab82bff180095e93efacef0977810f9cc78e5651188e2140028f943e25d04b5ef11d784ca780ff78cf5bb,06/27/2023 01:09:00 PM,M,26.0,BICYCLE HELMET (PEDACYCLIST INVOLVED ONLY),CROSSING - NO CONTROLS (AT INTERSECTION),IN CROSSWALK,TEST NOT OFFERED,,30,CLEAR,DAYLIGHT,PEDALCYCLIST,ONE-WAY,STRAIGHT AND LEVEL,DRY,NO INJURY / DRIVE AWAY,PALMER ST,41.9206787071,-87.7473818575,POINT (-87.747381857501 41.920678707056)
O1606428,BICYCLE,6ee15d124aecec88df95339908ef11d15610194f7c3fe9dc30d77a5ebb0de78ba8f288aa2e9326beb8534cecc4203de89658a6f42abef77e68ee7c1569c516d1,06/27/2023 11:50:00 AM,M,,HELMET NOT USED,UNKNOWN/NA,UNKNOWN/NA,TEST NOT OFFERED,,30,CLEAR,DAYLIGHT,PEDALCYCLIST,ONE-WAY,STRAIGHT AND LEVEL,UNKNOWN,NO INJURY / DRIVE AWAY,KEDZIE AVE,41.970477858,-87.708386116,POINT (-87.708386116011 41.970477857992)
O1606410,NON-MOTOR VEHICLE,106520966e771e52be6750a1107640bf7370e42e9da2e09791b70884591785f147e4b72fab379dd4b78f6f862f84c9276f35b245582f051dbe96c2b1fa59c96e,06/27/2023 10:16:00 AM,X,,USAGE UNKNOWN,NO ACTION,IN ROADWAY,TEST NOT OFFERED,,30,CLEAR,DAYLIGHT,PARKED MOTOR VEHICLE,NOT DIVIDED,STRAIGHT AND LEVEL,DRY,NO INJURY / DRIVE AWAY,PALMER ST,41.9205662232,-87.7390223569,POINT (-87.73902235689 41.920566223173)
O1606241,BICYCLE,80a0ab8797d1ff289c85f447dace1d8de99f295fb363053b2bed0b0947e9b290970184fb022885ae1b77e399190f51c8dd883f511336c5673b2df00494c161ea,06/26/2023 10:30:00 PM,M,21.0,BICYCLE HELMET (PEDACYCLIST INVOLVED ONLY),WITH TRAFFIC,IN ROADWAY,TEST NOT OFFERED,,30,CLEAR,UNKNOWN,PEDALCYCLIST,UNKNOWN INTERSECTION TYPE,STRAIGHT AND LEVEL,UNKNOWN,INJURY AND / OR TOW DUE TO CRASH,GRACE ST,41.9509545014,-87.6581098729,POINT (-87.658109872867 41.950954501424)
O1606238,BICYCLE,bc44c186927a3ef9461c5a0b8bd7d376c207810a5620267a23d90d49d011445e625753e78463bbe5bec757208462b5ddf5eccaae3657c5c6d1d8bb023202a054,06/26/2023 10:29:00 PM,M,34.0,BICYCLE HELMET (PEDACYCLIST INVOLVED ONLY),UNKNOWN/NA,UNKNOWN/NA,TEST NOT OFFERED,,30,CLEAR,"DARKNESS, LIGHTED ROAD",PEDALCYCLIST,FOUR WAY,STRAIGHT AND LEVEL,DRY,INJURY AND / OR TOW DUE TO CRASH,CLARK ST,41.8672861653,-87.6305809677,POINT (-87.630580967737 41.867286165271)
O1605840,BICYCLE,76f00084d1bc3a10cd50d11f9a38466ee1073e54b9988a7049783384ac45aa78ac3fed76dc78e20b5243e3567f0a639d70e02e734bb01179373f7dec88d2833c,06/26/2023 12:50:00 PM,M,24.0,BICYCLE HELMET (PEDACYCLIST INVOLVED ONLY),WITH TRAFFIC,IN ROADWAY,TEST NOT OFFERED,,30,RAIN,DAYLIGHT,PEDALCYCLIST,NOT DIVIDED,STRAIGHT AND LEVEL,WET,INJURY AND / OR TOW DUE TO CRASH,HALSTED ST,41.8850739922,-87.6473079033,POINT (-87.647307903287 41.885073992176)
O1605556,NON-MOTOR VEHICLE,96b691195e382206e3bfa047570c05eda9c1341e146bd2034db3eabc8b3e6eb99070bca3341bbfb4059f76815e711b6b1fcd7b759b90aa8c1b6d21b8ac656880,06/25/2023 09:43:00 PM,M,28.0,NONE PRESENT,TURNING LEFT,IN ROADWAY,TEST NOT OFFERED,,30,CLEAR,"DARKNESS, LIGHTED ROAD",OTHER OBJECT,NOT DIVIDED,STRAIGHT AND LEVEL,UNKNOWN,INJURY AND / OR TOW DUE TO CRASH,WELLS ST,41.8966401873,-87.6340576306,POINT (-87.634057630574 41.896640187342)
O1605383,NON-MOTOR VEHICLE,608ff8fcab20eca6816c2695a5bdc6e895924d36114e41257494d2f683ac3bdbe93000aac418ccd84c45bbdbef96a7c83a47cda89bf4e38741d221551f429b2b,06/25/2023 04:30:00 PM,M,36.0,NONE PRESENT,WITH TRAFFIC,IN ROADWAY,TEST NOT OFFERED,Y,30,CLEAR,DAYLIGHT,OTHER OBJECT,NOT DIVIDED,STRAIGHT AND LEVEL,DRY,NO INJURY / DRIVE AWAY,ARGYLE ST,41.9733564795,-87.6596838425,POINT (-87.659683842549 41.973356479453)
O1606173,NON-MOTOR VEHICLE,a563cc30fae4085aa66e8a31a2aa3e43859c2e2cba3b8f41411423950ae083994c70b6b40c04dd039b4ea93b2fdc0d9dccf12bdcb3866ab5f7491fb84c68baba,06/25/2023 12:01:00 PM,,,NONE PRESENT,WITH TRAFFIC,IN ROADWAY,TEST NOT OFFERED,,30,CLEAR,DAYLIGHT,OTHER OBJECT,FOUR WAY,STRAIGHT AND LEVEL,WET,NO INJURY / DRIVE AWAY,LA SALLE DR,41.911010881,-87.6329985732,POINT (-87.632998573186 41.911010881024)
O1605233,BICYCLE,73e1cde57e5c21c1eea3940405ee8ceeda40e3bf58cd206a7413b08bcfb6df8e2733b221db334637b414ee07dab056d2496e41bc9140700e2c3c62dab1f96920,06/25/2023 11:48:00 AM,M,53.0,HELMET NOT USED,WITH TRAFFIC,BIKE LANE,TEST NOT OFFERED,,30,CLEAR,DAYLIGHT,PEDALCYCLIST,NOT DIVIDED,STRAIGHT AND LEVEL,DRY,INJURY AND / OR TOW DUE TO CRASH,HALSTED ST,41.9176534007,-87.6483396669,POINT (-87.648339666854 41.917653400726)
O1604902,BICYCLE,e6827b88877f1a9045b3dbeae2b12e06b1453db2cc053adff7bc1b70a8ff867b933e4625d11607593e3873d1de3a03fca750238771e6b210f84842fc0503aa78,06/24/2023 11:04:00 PM,F,33.0,BICYCLE HELMET (PEDACYCLIST INVOLVED ONLY),UNKNOWN/NA,IN ROADWAY,TEST NOT OFFERED,,30,CLEAR,"DARKNESS, LIGHTED ROAD",PEDALCYCLIST,NOT DIVIDED,STRAIGHT AND LEVEL,DRY,INJURY AND / OR TOW DUE TO CRASH,MILWAUKEE AVE,41.9236952552,-87.6984085507,POINT (-87.698408550716 41.923695255194)
O1604892,BICYCLE,590190d9aaad90dae897ce53477585835046ae231015d64e7a2848778addfa2f37905279808a74240618fb4d398812f4d7b7d4e7e2b95e9f1f23a505284e879c,06/24/2023 09:30:00 PM,M,67.0,HELMET NOT USED,WITH TRAFFIC,IN ROADWAY,,,30,CLEAR,DUSK,PEDALCYCLIST,NOT DIVIDED,STRAIGHT AND LEVEL,DRY,NO INJURY / DRIVE AWAY,BROADWAY,41.9412941808,-87.6442920062,POINT (-87.644292006187 41.941294180839)
O1604947,BICYCLE,c7232aa8b914278bdb96c4a84551cfb6005cfc4053d7b94e9ca1e1d326800bb55acb73d7143f84cada613db1e650a469a07de9e64043cba8756397a658a28348,06/24/2023 09:25:00 PM,M,67.0,HELMET NOT USED,CROSSING - WITH SIGNAL,IN CROSSWALK,TEST NOT OFFERED,,30,CLEAR,DUSK,PEDALCYCLIST,NOT DIVIDED,STRAIGHT AND LEVEL,DRY,INJURY AND / OR TOW DUE TO CRASH,NATCHEZ AVE,41.7887245992,-87.784264102,POINT (-87.784264101968 41.788724599219)
O1604658,BICYCLE,5d29b94b87f7e4b877607ca962e3423d32375eb485942af68de8156e103715206a12e845e82c6a4f46c7753bffc45fa4482ed5b01e4173c12caf9c77e57b2166,06/24/2023 04:40:00 PM,M,,BICYCLE HELMET (PEDACYCLIST INVOLVED ONLY),TURNING RIGHT,IN ROADWAY,TEST NOT OFFERED,,30,CLEAR,DAYLIGHT,PEDALCYCLIST,ONE-WAY,STRAIGHT AND LEVEL,DRY,NO INJURY / DRIVE AWAY,FULTON ST,41.8858633669,-87.7624751724,POINT (-87.76247517242 41.885863366852)
O1604696,BICYCLE,e3a056dac890b84d9c072a4bb294b273d1403e02f50760ad0ef3c5cc2f7a58126ef4c7c3d182b5718eaf74998feedf2a2695ce127b7cb71b5179bc78ee4d4c94,06/24/2023 04:34:00 PM,M,57.0,HELMET NOT USED,CROSSING - CONTROLS PRESENT (NOT AT INTERSECTION),IN ROADWAY,,,30,CLEAR,DAYLIGHT,PEDALCYCLIST,NOT DIVIDED,STRAIGHT AND LEVEL,DRY,INJURY AND / OR TOW DUE TO CRASH,MADISON ST,41.880587422,-87.7279947934,POINT (-87.727994793387 41.880587422047)
O1604769,NON-MOTOR VEHICLE,5f5bc7d270e6d82158076954649102c092542ef0bae5ff681a6f6b91d864381d782017ee81f5dcaca9df7370a7f294c2fd7995ab0a41c483671412980b273c26,06/24/2023 04:22:00 PM,F,15.0,NONE PRESENT,CROSSING - AGAINST SIGNAL,IN ROADWAY,TEST NOT OFFERED,,30,CLEAR,DAYLIGHT,OTHER OBJECT,FOUR WAY,STRAIGHT AND LEVEL,DRY,INJURY AND / OR TOW DUE TO CRASH,FULLERTON AVE,41.9235666859,-87.7855622457,POINT (-87.785562245684 41.923566685943)
O1604651,BICYCLE,ecdd485e6d35871f1d4fcc693240ca95d1fc2d60fdb1d093a7063563349ccd3e00f2666465800dacc16b8233c9251859118b21acd6b99282ef158727dfc40a9c,06/24/2023 03:35:00 PM,M,11.0,HELMET NOT USED,UNKNOWN/NA,UNKNOWN/NA,TEST NOT OFFERED,,20,CLEAR,DAYLIGHT,PEDALCYCLIST,UNKNOWN,STRAIGHT AND LEVEL,DRY,INJURY AND / OR TOW DUE TO CRASH,CULLERTON ST,41.8545194535,-87.7249580095,POINT (-87.724958009533 41.854519453536)
O1604639,BICYCLE,0112982d6fbe76ed05d2d92833cd984f8ed6ea3f6e7011a7a46a823431d5d33d51609e5fd52497752e43e3e7574f6bc8e9a9309a2abca2931abc11ce4145d7fe,06/24/2023 02:40:00 PM,M,28.0,BICYCLE HELMET (PEDACYCLIST INVOLVED ONLY),CROSSING - CONTROLS PRESENT (NOT AT INTERSECTION),IN ROADWAY,TEST NOT OFFERED,,30,CLEAR,DAYLIGHT,PEDALCYCLIST,NOT DIVIDED,STRAIGHT AND LEVEL,DRY,INJURY AND / OR TOW DUE TO CRASH,KINZIE ST,41.8891582371,-87.642948945,POINT (-87.642948945011 41.889158237063)
O1604442,BICYCLE,420fa31613805d6a932a048d03441b0126107fd23cf3d7ace51b9cee7a52d02256b660d7377e0b0d60aaac5c242e83b7e75078c7c9630f8bcd3f2fb8b84d1ceb,06/24/2023 10:40:00 AM,F,32.0,BICYCLE HELMET (PEDACYCLIST INVOLVED ONLY),TURNING LEFT,IN ROADWAY,TEST NOT OFFERED,,25,CLEAR,DAYLIGHT,PEDALCYCLIST,FOUR WAY,STRAIGHT AND LEVEL,DRY,NO INJURY / DRIVE AWAY,IOWA ST,41.8978391724,-87.6772296885,POINT (-87.677229688526 41.897839172421)
O1604429,BICYCLE,cb6f23b0bd618462937817a2fdacff039397d4d7ba5a5d5498ac800b8233554120e79120b55f9b0e3b0800a1851b57fdade28d73a8458ec849a03cad3aab5d30,06/24/2023 08:45:00 AM,F,40.0,BICYCLE HELMET (PEDACYCLIST INVOLVED ONLY),WITH TRAFFIC,SHOULDER,TEST NOT OFFERED,,15,CLEAR,DAYLIGHT,PEDALCYCLIST,NOT DIVIDED,STRAIGHT AND LEVEL,DRY,INJURY AND / OR TOW DUE TO CRASH,SIMONDS DR,41.9643895222,-87.6387565906,POINT (-87.638756590639 41.964389522163)
O1604285,BICYCLE,baa8b80f0b41cedcfc97e357cd20fd02cfa67308d25311239b2680adc92535e0bc59ac2809f48e6d798ef1c592bda4cca8205c65d2958048f1da7d3dac96c609,06/24/2023 02:06:00 AM,M,27.0,HELMET NOT USED,WITH TRAFFIC,IN ROADWAY,TEST NOT OFFERED,,30,CLEAR,"DARKNESS, LIGHTED ROAD",PEDALCYCLIST,FOUR WAY,STRAIGHT AND LEVEL,DRY,INJURY AND / OR TOW DUE TO CRASH,HUBBARD ST,41.8900726171,-87.6355978558,POINT (-87.635597855807 41.890072617092)
O1604254,BICYCLE,8ab404fccf6fa3e8454e56280672a637767ff56ee1512b217b9af0195e1381ad73cfab40521b2aa61778af6337673da8fa4539495bfd5e08366ca6b964943113,06/24/2023 01:00:00 AM,M,63.0,HELMET NOT USED,UNKNOWN/NA,UNKNOWN/NA,TEST NOT OFFERED,,30,CLEAR,"DARKNESS, LIGHTED ROAD",PEDALCYCLIST,NOT DIVIDED,STRAIGHT AND LEVEL,DRY,INJURY AND / OR TOW DUE TO CRASH,ARCHER AVE,41.8069227381,-87.7161906744,POINT (-87.716190674394 41.806922738073)
O1603939,BICYCLE,5beeb31310a7b46bee3147fa85ef1c5b62601af662d85accb492d536eece1f866a9c0b80c373d3aeb3105ffbc8822abce34f61b44154eece621df52d3f252b18,06/23/2023 05:07:00 PM,M,13.0,BICYCLE HELMET (PEDACYCLIST INVOLVED ONLY),TURNING LEFT,IN ROADWAY,TEST NOT OFFERED,,30,CLEAR,DAYLIGHT,PEDALCYCLIST,NOT DIVIDED,STRAIGHT AND LEVEL,DRY,INJURY AND / OR TOW DUE TO CRASH,MERRIMAC AVE,41.9311986092,-87.7821941488,POINT (-87.782194148831 41.931198609219)
O1607554,BICYCLE,5beeb31310a7b46bee3147fa85ef1c5b62601af662d85accb492d536eece1f866a9c0b80c373d3aeb3105ffbc8822abce34f61b44154eece621df52d3f252b18,06/23/2023 05:07:00 PM,M,13.0,BICYCLE HELMET (PEDACYCLIST INVOLVED ONLY),TURNING LEFT,IN ROADWAY,TEST NOT OFFERED,,30,CLEAR,DAYLIGHT,PEDALCYCLIST,NOT DIVIDED,STRAIGHT AND LEVEL,DRY,INJURY AND / OR TOW DUE TO CRASH,MERRIMAC AVE,41.9311986092,-87.7821941488,POINT (-87.782194148831 41.931198609219)
O1603912,BICYCLE,9d3fc93e9537d64f2850d8f6a2ff90a0a290903cee2998b7954554bfb672f68953d39f4bf95a2b9eb44968bfb89a7e02668bd00b6c2a197e8386aae8813cabeb,06/23/2023 05:00:00 PM,M,48.0,BICYCLE HELMET (PEDACYCLIST INVOLVED ONLY),WITH TRAFFIC,BIKEWAY,TEST NOT OFFERED,,30,CLEAR,DAYLIGHT,SIDESWIPE SAME DIRECTION,DIVIDED - W/MEDIAN (NOT RAISED),STRAIGHT AND LEVEL,DRY,NO INJURY / DRIVE AWAY,CLARK ST,41.9849251625,-87.6689181032,POINT (-87.668918103159 41.984925162455)
O1603881,BICYCLE,220f14ebab6d04af64fbeb1eccfea809f175e615f63aa62004cf38ee66d2eb9b809781eb1558a8da5e97b838a4fb6dcd1690a9297bdf129eee4330c6e8e27e71,06/23/2023 04:55:00 PM,F,30.0,HELMET NOT USED,CROSSING - AGAINST SIGNAL,IN ROADWAY,TEST NOT OFFERED,,25,CLEAR,DAYLIGHT,PEDALCYCLIST,FOUR WAY,STRAIGHT AND LEVEL,DRY,NO INJURY / DRIVE AWAY,61ST ST,41.7833541742,-87.6546564629,POINT (-87.654656462942 41.783354174178)
O1603953,BICYCLE,3601cecf5c1f0e10e3fed39240b161dcd4dbebce955a23f6e87795fdc5e389f4c5f046fb3e57f7dc85ff25f2cc677216668889c8a527f427dde0430cc08ede39,06/23/2023 04:55:00 PM,M,26.0,HELMET NOT USED,TURNING LEFT,IN ROADWAY,TEST NOT OFFERED,N,30,CLEAR,DAYLIGHT,PEDALCYCLIST,FOUR WAY,STRAIGHT AND LEVEL,DRY,INJURY AND / OR TOW DUE TO CRASH,BROADWAY,41.9800651991,-87.6598241129,POINT (-87.659824112888 41.980065199085)
O1603919,BICYCLE,5d8550d21af8787940737c2f5f01f5fb67cc75a6f19bf6bf02dc82af5af5f4ec25a8dad517a11a22ed0f59d97b6135636c4871ac49ba794f775e52f29c61c335,06/23/2023 04:00:00 PM,M,,BICYCLE HELMET (PEDACYCLIST INVOLVED ONLY),UNKNOWN/NA,UNKNOWN/NA,TEST NOT OFFERED,,30,CLEAR,DAYLIGHT,PEDALCYCLIST,FOUR WAY,STRAIGHT AND LEVEL,DRY,INJURY AND / OR TOW DUE TO CRASH,MERRIMAC AVE,41.9311986092,-87.7821941488,POINT (-87.782194148831 41.931198609219)
O1607563,BICYCLE,5d8550d21af8787940737c2f5f01f5fb67cc75a6f19bf6bf02dc82af5af5f4ec25a8dad517a11a22ed0f59d97b6135636c4871ac49ba794f775e52f29c61c335,06/23/2023 04:00:00 PM,M,,BICYCLE HELMET (PEDACYCLIST INVOLVED ONLY),UNKNOWN/NA,UNKNOWN/NA,TEST NOT OFFERED,,30,CLEAR,DAYLIGHT,PEDALCYCLIST,FOUR WAY,STRAIGHT AND LEVEL,DRY,INJURY AND / OR TOW DUE TO CRASH,MERRIMAC AVE,41.9311986092,-87.7821941488,POINT (-87.782194148831 41.931198609219)
O1605440,BICYCLE,64ebf27f47d4a35f6bb9d705fb8d7cba8f37ed77179cb1f7b27537c4be09e14124ee05e29d7d45ce7264cd765edee022aab3a4ec98bf71f96d5605a95d3945b6,06/23/2023 03:35:00 PM,F,16.0,HELMET NOT USED,OTHER ACTION,BIKE LANE,TEST NOT OFFERED,,30,CLEAR,DAYLIGHT,PEDALCYCLIST,NOT DIVIDED,STRAIGHT AND LEVEL,DRY,NO INJURY / DRIVE AWAY,KEDZIE AVE,41.9785278593,-87.7088972218,POINT (-87.708897221836 41.978527859329)
O1603808,BICYCLE,8315c63f244b5b8b1101157579d5fab86c306cf464c40f0ef60e11f8bc211ef12e7d6e539f973fa9e52f562a4ac87ab780f1b72e2ffb7a817f9bf6fddce84467,06/23/2023 03:00:00 PM,M,23.0,HELMET NOT USED,WITH TRAFFIC,IN CROSSWALK,TEST NOT OFFERED,,30,CLEAR,DAYLIGHT,PEDALCYCLIST,NOT DIVIDED,STRAIGHT AND LEVEL,DRY,INJURY AND / OR TOW DUE TO CRASH,BROADWAY,41.9690888547,-87.6595253805,POINT (-87.659525380507 41.969088854725)
O1603773,BICYCLE,b09293dc1008203c441c9c90c61cd231d9bcc28393d1e6b0418a8c0e2d119a405ed9733094e928fd75ab5903b89023fec0dc5cdd10766a6389277ab7aa58d0df,06/23/2023 02:17:00 PM,M,32.0,HELMET NOT USED,CROSSING - NO CONTROLS (AT INTERSECTION),NOT IN ROADWAY,TEST NOT OFFERED,,30,CLEAR,DAYLIGHT,PEDALCYCLIST,T-INTERSECTION,STRAIGHT AND LEVEL,DRY,INJURY AND / OR TOW DUE TO CRASH,BROADWAY,41.9766938822,-87.6600229568,POINT (-87.660022956791 41.976693882241)
O1603615,BICYCLE,00dab9daac8a67ea85893f8fc952b3b6ab202c76db5dac7050e5ac04e1cc984fbebb60f5564823295689c371341761988166d3c77828909305c9f3dc386f30c2,06/23/2023 10:24:00 AM,F,28.0,HELMET NOT USED,NO ACTION,IN ROADWAY,TEST NOT OFFERED,,30,CLEAR,DAYLIGHT,PEDALCYCLIST,ONE-WAY,STRAIGHT AND LEVEL,DRY,INJURY AND / OR TOW DUE TO CRASH,RANDOLPH ST,41.884584272,-87.6244702969,POINT (-87.624470296902 41.884584272017)
O1603630,BICYCLE,6bd7468bdc69c62315c03a1a5d8c93d77b850dac112681ea5a93bdcf45e7f87d14d19ef462532b9a69b0eb5e82f9f22396a76e50ff728163a4835dcf96daf76f,06/23/2023 10:20:00 AM,M,0.0,BICYCLE HELMET (PEDACYCLIST INVOLVED ONLY),TURNING LEFT,IN ROADWAY,TEST NOT OFFERED,,20,CLEAR,DAYLIGHT,PEDALCYCLIST,NOT DIVIDED,STRAIGHT AND LEVEL,DRY,INJURY AND / OR TOW DUE TO CRASH,MILWAUKEE AVE,41.9193511548,-87.69177239,POINT (-87.691772390018 41.919351154775)
O1603428,BICYCLE,e3523cd36e54d79f1265fd5ffe5768042ca2dcc70e463eafcccea616484d116fa3d536ece16d95840729152af488fdb829a2e592b9abce18ae45700c3e3c4096,06/22/2023 10:30:00 PM,M,11.0,HELMET NOT USED,UNKNOWN/NA,UNKNOWN/NA,TEST NOT OFFERED,,25,UNKNOWN,DARKNESS,PEDALCYCLIST,ONE-WAY,STRAIGHT AND LEVEL,DRY,INJURY AND / OR TOW DUE TO CRASH,KEELER AVE,41.9103092766,-87.7310829345,POINT (-87.731082934536 41.910309276561)
O1603376,BICYCLE,20e3b1354a5297ca9058a6a91422c62c5f4817217b904842877b51a7d329b29c1112bcb822b1e410065b1448a7764a4c01729d4268d40e0ed7fb38128056b4da,06/22/2023 09:00:00 PM,M,17.0,HELMET NOT USED,WITH TRAFFIC,IN ROADWAY,TEST NOT OFFERED,,30,CLEAR,"DARKNESS, LIGHTED ROAD",PEDALCYCLIST,T-INTERSECTION,STRAIGHT AND LEVEL,DRY,INJURY AND / OR TOW DUE TO CRASH,RIDGE BLVD,42.0039305679,-87.679740274,POINT (-87.679740274048 42.003930567921)
O1603795,BICYCLE,eeef59ef76d44ccf0a380164771c6faad9865ec35b84cb94583f59b8b24d4860ae066eaffdd5bb178374ea3015815999fda98546852aef3bd67d6cef64dfda42,06/22/2023 06:02:00 PM,X,,HELMET NOT USED,CROSSING - AGAINST SIGNAL,IN CROSSWALK,TEST NOT OFFERED,,30,CLEAR,DAYLIGHT,PEDALCYCLIST,FOUR WAY,STRAIGHT AND LEVEL,DRY,NO INJURY / DRIVE AWAY,FULLERTON AVE,41.9237178378,-87.7756516025,POINT (-87.775651602541 41.923717837772)
O1708449,BICYCLE,4190d1d1b29b217adef5a623492ca23d26a8a4c2e8072ffe135963b7b3b68fac4c54627e7a67d6fb2be521d177fb0947a7f30ca3a731b37318a02eb96c8b60eb,06/22/2023 06:00:00 PM,M,41.0,BICYCLE HELMET (PEDACYCLIST INVOLVED ONLY),OTHER ACTION,BIKE LANE,TEST NOT OFFERED,,30,UNKNOWN,UNKNOWN,PEDALCYCLIST,NOT DIVIDED,STRAIGHT AND LEVEL,UNKNOWN,INJURY AND / OR TOW DUE TO CRASH,MILWAUKEE AVE,41.9288490994,-87.7068172135,POINT (-87.706817213497 41.928849099448)
O1603250,BICYCLE,13da64374abb0f584a9fa6cafd2caf305e8896237f3f5546e87cbc653ceac4309259509bd0a8ddb9c8023aabad8c70668f0673983c9625a15c400f922b916f59,06/22/2023 05:49:00 PM,M,25.0,BICYCLE HELMET (PEDACYCLIST INVOLVED ONLY),WITH TRAFFIC,BIKE LANE,TEST NOT OFFERED,,20,CLEAR,DAYLIGHT,PEDALCYCLIST,NOT DIVIDED,STRAIGHT AND LEVEL,DRY,INJURY AND / OR TOW DUE TO CRASH,CLARK ST,41.9702966876,-87.6678079096,POINT (-87.667807909573 41.97029668759)
O1603211,BICYCLE,77a6ac3d784c03457cdb4a84a2af7af36f83557f0c96a4772f9c6396d2aae5280869cd967fd73b245f59feb09bc0864e454e77d6650c5c0ffb7e2afe514d038d,06/22/2023 04:56:00 PM,M,35.0,HELMET NOT USED,WITH TRAFFIC,IN ROADWAY,TEST NOT OFFERED,,30,CLEAR,DAYLIGHT,PEDALCYCLIST,FOUR WAY,STRAIGHT AND LEVEL,DRY,INJURY AND / OR TOW DUE TO CRASH,DEARBORN ST,41.8916012848,-87.6297967052,POINT (-87.629796705231 41.891601284754)
O1603050,BICYCLE,88001f2574577a94165fa7e3e822eacf6a2ec55e881c931373ac30460533c2dde7bc91b490c6442733135b0b44651a0c61a9b84a1f3db72f1ad236f1eeea280c,06/22/2023 02:24:00 PM,M,,HELMET NOT USED,WITH TRAFFIC,IN ROADWAY,,,15,CLEAR,DAYLIGHT,SIDESWIPE SAME DIRECTION,NOT DIVIDED,STRAIGHT AND LEVEL,DRY,INJURY AND / OR TOW DUE TO CRASH,BELMONT AVE,41.9385454033,-87.7601730911,POINT (-87.760173091072 41.938545403272)