PERSON_ID,PERSON_TYPE,CRASH_RECORD_ID,CRASH_DATE_x,SEX,AGE,SAFETY_EQUIPMENT,PEDPEDAL_ACTION,PEDPEDAL_LOCATION,BAC_RESULT,CRASH_DATE_EST_I,POSTED_SPEED_LIMIT,WEATHER_CONDITION,LIGHTING_CONDITION,FIRST_CRASH_TYPE,TRAFFICWAY_TYPE,ALIGNMENT,ROADWAY_SURFACE_COND,CRASH_TYPE,STREET_NAME,LATITUDE,LONGITUDE,LOCATION
O1603481,BICYCLE,0dabc83eef002b9831e038f3cd9d926d3040f6770b9bfc8ace34f2487ad989de9021e75685063a162c2089e9ec03313d825cd92764120e93f75a6fd52a02dac5,06/22/2023 01:14:00 PM,F,31.0,BICYCLE HELMET (PEDACYCLIST INVOLVED ONLY),CROSSING - CONTROLS PRESENT (NOT AT INTERSECTION),BIKEWAY,TEST NOT OFFERED,,30,CLEAR,DAYLIGHT,PEDALCYCLIST,DRIVEWAY,STRAIGHT AND LEVEL,DRY,INJURY AND / OR TOW DUE TO CRASH,LAKE SHORE DR,41.9112245556,-87.6264825724,POINT (-87.626482572426 41.911224555611)
O1602839,BICYCLE,63018424661c94ffefb98a2204176a5372efbf6b03988249be605b8bf4b25d3543e096e6f9865abee6d0d737f661d1a8e5d3453bf03f32de5a46dd89e62fc67b,06/22/2023 10:45:00 AM,M,37.0,BICYCLE HELMET (PEDACYCLIST INVOLVED ONLY),OTHER ACTION,IN ROADWAY,TEST NOT OFFERED,,30,CLEAR,DAYLIGHT,TURNING,NOT DIVIDED,STRAIGHT AND LEVEL,DRY,NO INJURY / DRIVE AWAY,CLARK ST,42.0003280169,-87.6715223268,POINT (-87.671522326779 42.00032801686)
O1602877,BICYCLE,cb8571440894a15060ed2c181d35dd96706fc2055d7725ca75cab99daff0585e9298b5abfda3b9c88769e5d6968cca43b553865561c053c8e3d65fdc528b0f0c,06/22/2023 10:22:00 AM,M,38.0,BICYCLE HELMET (PEDACYCLIST INVOLVED ONLY),CROSSING - AGAINST SIGNAL,IN ROADWAY,TEST NOT OFFERED,,30,CLEAR,DAYLIGHT,PEDALCYCLIST,NOT DIVIDED,STRAIGHT AND LEVEL,DRY,INJURY AND / OR TOW DUE TO CRASH,STATE ST,41.8893187111,-87.6281526679,POINT (-87.6281526679 41.889318711059)
O1607720,NON-MOTOR VEHICLE,0abc1ed3bf798c92ab872d46f03c977e1d7a35b42bcf26d6a04f570bd162a39a8b87dd2e526327ddcc994517166c512a97c4adb6b16db42fd019b118db1307dd,06/22/2023 10:00:00 AM,X,,USAGE UNKNOWN,UNKNOWN/NA,UNKNOWN/NA,TEST NOT OFFERED,,30,CLEAR,DAYLIGHT,OTHER OBJECT,NOT DIVIDED,STRAIGHT AND LEVEL,DRY,INJURY AND / OR TOW DUE TO CRASH,VAN BUREN ST,41.8760897381,-87.6962171192,POINT (-87.696217119172 41.876089738142)
O1602611,BICYCLE,c13ba08e0826466df51bb2c81c26fdf6c781706fd5cf0debc7cf3f0d4166189caa8dd003ef56ff482b7625a83b2b7bd4dc484fe046c8859ff672b3d4925ad944,06/21/2023 06:14:00 PM,M,42.0,BICYCLE HELMET (PEDACYCLIST INVOLVED ONLY),WITH TRAFFIC,IN ROADWAY,TEST NOT OFFERED,,30,CLEAR,DAYLIGHT,PEDALCYCLIST,DIVIDED - W/MEDIAN (NOT RAISED),STRAIGHT AND LEVEL,DRY,INJURY AND / OR TOW DUE TO CRASH,BELMONT AVE,41.9391749756,-87.7293708216,POINT (-87.729370821648 41.939174975626)
O1602645,BICYCLE,a4788440e7928195241981fa12148a61b2bc54d71961f726cf6a5437ebef9cebf8ad8e307c5b63702eaa15828beeec2f40d67f2afdd182f255c34b169f36a1e0,06/21/2023 05:35:00 PM,F,14.0,HELMET NOT USED,CROSSING - NO CONTROLS (AT INTERSECTION),IN CROSSWALK,TEST NOT OFFERED,,30,CLEAR,DAYLIGHT,PEDALCYCLIST,FOUR WAY,STRAIGHT AND LEVEL,DRY,INJURY AND / OR TOW DUE TO CRASH,MONTROSE AVE,41.9614614208,-87.6707569985,POINT (-87.670756998515 41.961461420771)
O1602415,BICYCLE,bed94b5cc1e088b2b2bad7805f71c32625949699e3f04c25e4345c32ed8f56d535d5f85d57e29b6b727ce69ba2479d8d29f84ccede509a9ebe8a11fca0010933,06/21/2023 02:44:00 PM,M,60.0,BICYCLE HELMET (PEDACYCLIST INVOLVED ONLY),WITH TRAFFIC,BIKE LANE,TEST NOT OFFERED,,30,CLEAR,DAYLIGHT,PEDALCYCLIST,NOT DIVIDED,STRAIGHT AND LEVEL,DRY,INJURY AND / OR TOW DUE TO CRASH,MILWAUKEE AVE,41.9248167406,-87.7002344981,POINT (-87.700234498111 41.924816740608)
O1602855,BICYCLE,6b62de178f77f2295a64c58067136683009fa95879984252536525db14368c92e242fcecd7e59826337eb9760068374782e19dc564896b97082c9b54f73ac191,06/21/2023 11:45:00 AM,F,55.0,BICYCLE HELMET (PEDACYCLIST INVOLVED ONLY),WITH TRAFFIC,BIKE LANE,TEST NOT OFFERED,,30,CLEAR,DAYLIGHT,PEDALCYCLIST,DIVIDED - W/MEDIAN BARRIER,STRAIGHT AND LEVEL,DRY,INJURY AND / OR TOW DUE TO CRASH,IRVING PARK RD,41.9543485532,-87.6727016926,POINT (-87.67270169262 41.95434855315)
O1602271,BICYCLE,a92b446fd2408f43fa9cdb661bf0bcde6762057b53f1392eb58dc74559bfde7b153a1aa1f2dd4a34f9f4e80ea2d04c27624de5486f5cec745280403f6af76390,06/21/2023 11:30:00 AM,M,23.0,HELMET NOT USED,TURNING LEFT,IN ROADWAY,TEST NOT OFFERED,,30,CLEAR,DAYLIGHT,PEDALCYCLIST,NOT DIVIDED,STRAIGHT AND LEVEL,DRY,INJURY AND / OR TOW DUE TO CRASH,MORGAN ST,41.866237136,-87.6508737539,POINT (-87.650873753888 41.866237135998)
O1602251,BICYCLE,b8bc3a6b9f9ed1a77b1575c8e8090854f7d092437fc5d2a079ce64c1cdad58e81fe7b15c0d14e0750c27bb2e670ed5c7b8c30b62933b27dac5c6cde4e7b93238,06/21/2023 11:18:00 AM,M,18.0,HELMET NOT USED,CROSSING - AGAINST SIGNAL,IN CROSSWALK,TEST NOT OFFERED,,30,CLEAR,DAYLIGHT,PEDALCYCLIST,FOUR WAY,STRAIGHT AND LEVEL,DRY,INJURY AND / OR TOW DUE TO CRASH,MICHIGAN AVE,41.8964106756,-87.6241332966,POINT (-87.624133296552 41.896410675642)
O1602250,BICYCLE,72d213890b68396eeeac2185d383b158549b05f5cfd952a7174e4ca9110474958bff9c1d7b6747dbe11aa6fc02c7d09a77387a0ef71a8bd7e349cd924682279c,06/21/2023 10:00:00 AM,M,23.0,BICYCLE HELMET (PEDACYCLIST INVOLVED ONLY),AGAINST TRAFFIC,UNKNOWN/NA,TEST NOT OFFERED,Y,30,CLEAR,DAYLIGHT,PEDALCYCLIST,FOUR WAY,STRAIGHT AND LEVEL,DRY,INJURY AND / OR TOW DUE TO CRASH,16TH ST,41.859795438,-87.6614988909,POINT (-87.661498890949 41.859795438036)
O1603648,BICYCLE,f4a203102c5417281ecf2aa6d966fd6c4a4965cb3a77e2ba6d4344ea9c2f9fc0796b285e0d507cf310f6f3c39f4ebc2b6e2ef88f29f4829df4f51dc6bb3e6c22,06/21/2023 08:30:00 AM,F,33.0,BICYCLE HELMET (PEDACYCLIST INVOLVED ONLY),NO ACTION,BIKEWAY,TEST NOT OFFERED,,30,CLEAR,DAYLIGHT,PEDALCYCLIST,DIVIDED - W/MEDIAN (NOT RAISED),STRAIGHT AND LEVEL,DRY,INJURY AND / OR TOW DUE TO CRASH,AUGUSTA BLVD,41.8993667002,-87.6814647022,POINT (-87.681464702192 41.899366700243)
O1602151,BICYCLE,3a9199a6d8c7616c1529c782198876b2f7adf35746579de467273e4090f74ae7c57d209d010da92c7e736d949510370e8ebe9c3793ea9ecc5bb91d580a881c30,06/21/2023 08:19:00 AM,F,42.0,HELMET NOT USED,CROSSING - NO CONTROLS (AT INTERSECTION),BIKEWAY,TEST NOT OFFERED,,30,CLEAR,DAYLIGHT,PEDALCYCLIST,DIVIDED - W/MEDIAN BARRIER,STRAIGHT AND LEVEL,DRY,INJURY AND / OR TOW DUE TO CRASH,MICHIGAN AVE,41.8877088271,-87.6244100947,POINT (-87.624410094747 41.887708827122)
O1602034,BICYCLE,7092717870b5e09a0c2e8016f54945b1103c0456e748896650b1abd353c04f9309e2f97701444e80c5a53bbf5fa35bce42562233290c6bf655f3f4a0ebd27032,06/20/2023 11:10:00 PM,M,22.0,HELMET NOT USED,CROSSING - NO CONTROLS (AT INTERSECTION),IN ROADWAY,,Y,30,SEVERE CROSS WIND GATE,DARKNESS,PEDALCYCLIST,UNKNOWN,"CURVE, LEVEL",OTHER,INJURY AND / OR TOW DUE TO CRASH,CALIFORNIA AVE,41.822735079,-87.6944843232,POINT (-87.694484323224 41.822735079016)
O1602044,BICYCLE,db684e430bc8abad724cb0ce0202bbe39a7cab7926da0be728779d6e50a6280f3e2f184ad2ae0bc00f17b21c8d57fe974fe4d84b4738fd94baef3fd9d115f235,06/20/2023 09:50:00 PM,M,23.0,HELMET NOT USED,CROSSING - CONTROLS PRESENT (NOT AT INTERSECTION),IN ROADWAY,TEST NOT OFFERED,,30,CLEAR,"DARKNESS, LIGHTED ROAD",PEDALCYCLIST,FOUR WAY,STRAIGHT AND LEVEL,DRY,INJURY AND / OR TOW DUE TO CRASH,71ST ST,41.7655436434,-87.6298359052,POINT (-87.629835905218 41.765543643386)
O1601989,BICYCLE,feaa7d81f5b57e3c5677f0dfd86d3bae15428e90e3c0c1f17c7d47603b62f75490444460901c43ccd99a66a2bc35f101545c346bbee60860986d9561ee9fbd31,06/20/2023 07:48:00 PM,F,,BICYCLE HELMET (PEDACYCLIST INVOLVED ONLY),CROSSING - WITH SIGNAL,IN CROSSWALK,TEST NOT OFFERED,,30,CLEAR,DAYLIGHT,PEDALCYCLIST,NOT DIVIDED,STRAIGHT AND LEVEL,DRY,NO INJURY / DRIVE AWAY,WILSON DR,41.965930358,-87.646061271,POINT (-87.646061270974 41.965930357979)
O1602310,BICYCLE,b181100937466a3300a739a9e3e9f88b53e94648c2ec8fe6bd027240eefeebcaa2690facbfce5b27dea6c79e851e865a2136472b0b733f26e085cd33c4423077,06/20/2023 05:45:00 PM,M,,HELMET NOT USED,WITH TRAFFIC,IN ROADWAY,TEST NOT OFFERED,,30,CLEAR,DAYLIGHT,PEDALCYCLIST,NOT DIVIDED,STRAIGHT AND LEVEL,DRY,NO INJURY / DRIVE AWAY,WILSON AVE,41.965346264,-87.6530343966,POINT (-87.653034396556 41.965346263969)
O1601829,BICYCLE,d9f212d62c0713cc59fcc04e96414ad02ce6f9ded09f671cb7be97291b6e62f65af70e8e0f2ded143c7679d6d60e17461c62a5586ceef682ce3db762e5b60dbf,06/20/2023 05:30:00 PM,M,,HELMET NOT USED,NO ACTION,BIKEWAY,TEST NOT OFFERED,,30,CLEAR,DAYLIGHT,PEDALCYCLIST,NOT DIVIDED,STRAIGHT AND LEVEL,DRY,INJURY AND / OR TOW DUE TO CRASH,HALSTED ST,41.8641445007,-87.6466851622,POINT (-87.646685162248 41.864144500652)
O1601854,BICYCLE,8ac90ff3a121704e27d13c90287a9d798e4ebd4894067e537c4ea118784a349ccb194e2a6156604c98e5e0c05a55a0cc72f3e68f7a503a75fd4f21eb2c47a1ee,06/20/2023 05:27:00 PM,M,37.0,HELMET NOT USED,CROSSING - NO CONTROLS (AT INTERSECTION),BIKEWAY,TEST NOT OFFERED,,30,CLEAR,DAYLIGHT,PEDALCYCLIST,FOUR WAY,STRAIGHT AND LEVEL,DRY,INJURY AND / OR TOW DUE TO CRASH,MILWAUKEE AVE,41.8983414444,-87.6584427878,POINT (-87.658442787833 41.898341444435)
O1601650,BICYCLE,478e0a1414fe15364fbbf87676e72850bd6afb13558c2c1163d49a0ff0cffb352ba82ea58fcc2d60c38d7bf7350cad3b21923648118b7b9e832d4112bd92ce84,06/20/2023 01:45:00 PM,F,32.0,BICYCLE HELMET (PEDACYCLIST INVOLVED ONLY),WITH TRAFFIC,BIKE LANE,TEST NOT OFFERED,,15,CLEAR,DAYLIGHT,PEDALCYCLIST,NOT DIVIDED,STRAIGHT AND LEVEL,DRY,INJURY AND / OR TOW DUE TO CRASH,KEDZIE AVE,41.9998058131,-87.7092182854,POINT (-87.709218285431 41.999805813106)
O1601677,BICYCLE,c6046b16ba4d5fe3e49cb7e704ef4c4acc0686f17a67afc15356ab09115b41b2a4b2fe8bd1ac04a78f473730ef473254ba01adff307647181872e7615414b670,06/20/2023 12:40:00 PM,F,52.0,BICYCLE HELMET (PEDACYCLIST INVOLVED ONLY),CROSSING - NO CONTROLS (AT INTERSECTION),IN ROADWAY,TEST NOT OFFERED,,20,CLEAR,DAYLIGHT,PEDALCYCLIST,T-INTERSECTION,STRAIGHT AND LEVEL,DRY,INJURY AND / OR TOW DUE TO CRASH,CALIFORNIA AVE,41.9886661961,-87.6994889875,POINT (-87.699488987487 41.98866619612)
O1601568,BICYCLE,ab7f19635513b4ebc39ce73ee95ab5ed52f80fe007a6f2d7d896aea0df10d4938bc42ef949ce12383cd175efc580b91a5b5fefb54510ebc2ad6894c0d6da889d,06/20/2023 12:00:00 PM,F,22.0,BICYCLE HELMET (PEDACYCLIST INVOLVED ONLY),WITH TRAFFIC,IN ROADWAY,TEST NOT OFFERED,,30,CLEAR,DAYLIGHT,PEDALCYCLIST,FOUR WAY,STRAIGHT AND LEVEL,DRY,NO INJURY / DRIVE AWAY,OAK ST,41.9008667115,-87.6275550245,POINT (-87.627555024476 41.900866711502)
O1601480,BICYCLE,3a4ad54f1d53f24f039e4092d1e3b0afda839267bcc298572b68e7532037bc0bbcf552a2c045c1c854a0fcfe00280ee28181047b1f9f25c3761bcee03d7bb437,06/20/2023 07:42:00 AM,M,33.0,HELMET NOT USED,WITH TRAFFIC,IN ROADWAY,TEST NOT OFFERED,,30,CLEAR,DAYLIGHT,PEDALCYCLIST,NOT DIVIDED,STRAIGHT AND LEVEL,DRY,INJURY AND / OR TOW DUE TO CRASH,SHERIDAN RD,42.0016340738,-87.6606014318,POINT (-87.660601431826 42.001634073815)
O1601420,BICYCLE,3c48faee55650a1dc39f5120f7391fdbdd0e22ff715d42f40fad1075c8203fa0551a0a06e81a910e28d5024d47336f7f0963b9911e0581fb56b94d6054fa84cc,06/20/2023 07:39:00 AM,M,26.0,BICYCLE HELMET (PEDACYCLIST INVOLVED ONLY),CROSSING - AGAINST SIGNAL,IN ROADWAY,TEST NOT OFFERED,,30,CLEAR,DAYLIGHT,PEDALCYCLIST,NOT DIVIDED,STRAIGHT AND LEVEL,DRY,NO INJURY / DRIVE AWAY,LAKE ST,41.8854542749,-87.653244353,POINT (-87.653244352972 41.885454274889)
O1601352,BICYCLE,8e3eb267d0870d984640833e12ffe29c05c7eb5b172769cecd68e406b85d9135a656fec2a8270d134ca90e0d969f9f4571054bccfdb0c8e28e296dae4194f830,06/19/2023 11:53:00 PM,M,,HELMET NOT USED,UNKNOWN/NA,UNKNOWN/NA,TEST NOT OFFERED,,30,CLEAR,"DARKNESS, LIGHTED ROAD",PEDALCYCLIST,NOT DIVIDED,STRAIGHT AND LEVEL,UNKNOWN,INJURY AND / OR TOW DUE TO CRASH,CALIFORNIA AVE,41.8536877072,-87.6956517488,POINT (-87.695651748828 41.85368770724)
O1601312,BICYCLE,50250e8cb150f2cdf8e678c668fb5fe6a19ebb9db2b8d7e6fa207a66efc1b904496d0f062f9bfd0a8d67483f44a7e3f518b60826ef21629a2f881f58dc54b43d,06/19/2023 08:19:00 PM,M,60.0,HELMET NOT USED,NO ACTION,SHOULDER,TEST NOT OFFERED,,30,CLEAR,DUSK,PEDALCYCLIST,NOT DIVIDED,STRAIGHT AND LEVEL,DRY,INJURY AND / OR TOW DUE TO CRASH,STATE ST,41.6849940564,-87.6230273065,POINT (-87.623027306472 41.684994056392)
O1601268,BICYCLE,48f8da282a98cc6375e48647e38c7e5b4e45ecfc1003228bf700276d81f6c7639c6eb7bdf17ea874e2ccdd31d859a951e490653e0b9f2d9970852ca366825fc5,06/19/2023 07:08:00 PM,M,57.0,HELMET NOT USED,CROSSING - WITH SIGNAL,BIKEWAY,TEST NOT OFFERED,,30,CLEAR,DAYLIGHT,PEDALCYCLIST,NOT DIVIDED,STRAIGHT AND LEVEL,DRY,INJURY AND / OR TOW DUE TO CRASH,HIGGINS RD,41.9878156053,-87.847021814,POINT (-87.84702181399 41.987815605286)
O1601215,BICYCLE,47bca84560ea694f8f0ff747937fd591b52fadd8b19e4b724f7a2572d2e24f4ea440694ca3b1b03a60c25bc40c03f58ff8b721b83c5ca1d8193f0ec71069b0cf,06/19/2023 06:20:00 PM,M,39.0,HELMET NOT USED,WITH TRAFFIC,IN ROADWAY,TEST NOT OFFERED,,30,CLEAR,DAYLIGHT,PEDALCYCLIST,OTHER,STRAIGHT AND LEVEL,UNKNOWN,INJURY AND / OR TOW DUE TO CRASH,ARTESIAN AVE,41.9057143795,-87.6884762513,POINT (-87.688476251277 41.905714379529)
O1601184,BICYCLE,39d060fd59e38e10e98a91fa236dd8e80deb82988884962dc604e5f310141f39e4b3ad8571836c00b5c5b03a31908b8185a49d2e31e8685dff05a76a051b65ab,06/19/2023 05:07:00 PM,F,34.0,HELMET NOT USED,UNKNOWN/NA,IN ROADWAY,TEST NOT OFFERED,,30,CLEAR,DAYLIGHT,PEDALCYCLIST,NOT DIVIDED,STRAIGHT AND LEVEL,DRY,INJURY AND / OR TOW DUE TO CRASH,MONTROSE AVE,41.9618589881,-87.6572140883,POINT (-87.657214088326 41.9618589881)
O1601140,BICYCLE,5dfb17bf0e4bdc971fb77cb173275b898e8d28697e7cab6f9807c41b129fde9a548b97b0d6b406a3c277abf30388644970f99c4db23356090f9d84b85389febe,06/19/2023 04:45:00 PM,M,37.0,BICYCLE HELMET (PEDACYCLIST INVOLVED ONLY),WITH TRAFFIC,IN ROADWAY,TEST NOT OFFERED,,30,CLEAR,DAYLIGHT,PEDALCYCLIST,NOT DIVIDED,STRAIGHT AND LEVEL,DRY,INJURY AND / OR TOW DUE TO CRASH,CENTRAL PARK AVE,41.9199175029,-87.7167055691,POINT (-87.716705569074 41.919917502915)
O1601167,BICYCLE,728e5d2ac5e1692dbdbb4dc626caf995d997cf21c5eff76be5ad9db4b3166bd59c8dcbcac7fada9bf5db578b355d7ca16cfb999f7657172a866c252d5433be14,06/19/2023 04:15:00 PM,M,57.0,BICYCLE HELMET (PEDACYCLIST INVOLVED ONLY),WITH TRAFFIC,IN ROADWAY,TEST NOT OFFERED,Y,30,CLEAR,DAYLIGHT,PEDALCYCLIST,T-INTERSECTION,STRAIGHT AND LEVEL,DRY,INJURY AND / OR TOW DUE TO CRASH,CHICAGO AVE,41.8960647342,-87.6608700843,POINT (-87.660870084267 41.896064734232)
O1601119,BICYCLE,d4a11e5143738afd7fe98dea878fc1d7c4019fb9ea9efb459c4237223cb00def35ae0971292f837630649da4d038896067ec89e12c67a196c838fdb4404fcbd2,06/19/2023 04:00:00 PM,M,24.0,HELMET NOT USED,CROSSING - CONTROLS PRESENT (NOT AT INTERSECTION),IN CROSSWALK,TEST NOT OFFERED,,30,CLEAR,DAYLIGHT,PEDALCYCLIST,NOT DIVIDED,STRAIGHT AND LEVEL,DRY,INJURY AND / OR TOW DUE TO CRASH,DAMEN AVE,41.8084167447,-87.6748310718,POINT (-87.67483107178 41.808416744713)
O1601073,NON-MOTOR VEHICLE,7659fe26609731371baf51839a0778a32d749df12887a9a802171090b2bfcfc29ea6f5923cdb1d4b394fcb0814562b7f732ea8cee2c827635cfaac0d12d26b18,06/19/2023 02:55:00 PM,,,NONE PRESENT,,,TEST NOT OFFERED,,30,CLEAR,DAYLIGHT,FIXED OBJECT,FOUR WAY,STRAIGHT AND LEVEL,DRY,NO INJURY / DRIVE AWAY,COTTAGE GROVE AVE,41.7513794626,-87.6050620078,POINT (-87.605062007791 41.751379462575)
O1600967,BICYCLE,911b26da7821306fd7f0334da280cdd5d7c39c51bbd8a1ec8c3cccab4bdb7c363ee92f6726b33f4f7c21b2c491668067f589324f28450ba87da472cd66711de8,06/19/2023 11:10:00 AM,F,27.0,HELMET NOT USED,TURNING LEFT,IN ROADWAY,TEST NOT OFFERED,,30,CLEAR,DAYLIGHT,PEDALCYCLIST,FOUR WAY,STRAIGHT AND LEVEL,DRY,NO INJURY / DRIVE AWAY,CLARK ST,41.9761508088,-87.6682667663,POINT (-87.668266766319 41.976150808808)
O1600467,BICYCLE,a86ec03e2c767e6c66241fe204c826bede3ad58e408cb412bb1e9a435026270a167775e10b2936c1e2ca55cb366e418af82e3721f81930b1d762cddb6722bfd1,06/18/2023 03:17:00 PM,M,14.0,HELMET NOT USED,TURNING RIGHT,IN ROADWAY,TEST NOT OFFERED,,30,CLEAR,DAYLIGHT,PEDALCYCLIST,NOT DIVIDED,STRAIGHT AND LEVEL,DRY,INJURY AND / OR TOW DUE TO CRASH,AUGUSTA BLVD,41.8990683374,-87.7298245402,POINT (-87.729824540219 41.899068337389)
O1600427,BICYCLE,814d75999a6ac1920a47623e26f91b16eddd4674f37dd674c39a862a0afddb97dfe4f351de61571f6720916a425c96da38ab0c9aa660130d8c7388b800f77917,06/18/2023 02:55:00 PM,,43.0,HELMET NOT USED,CROSSING - NO CONTROLS (AT INTERSECTION),IN ROADWAY,TEST NOT OFFERED,,25,CLEAR,DAYLIGHT,PEDALCYCLIST,FOUR WAY,STRAIGHT AND LEVEL,DRY,INJURY AND / OR TOW DUE TO CRASH,LEAVITT ST,41.8896172432,-87.6816207152,POINT (-87.681620715185 41.88961724316)
O1602988,BICYCLE,9d4719c9fcc7ba4f653c476c064b0688166af192d51d4e872d5be0ff12af4e50c6b120025eda61a3a3757d3b3111b96d70c57185c80f1f28daa05cda6ab70773,06/17/2023 06:25:00 PM,M,29.0,HELMET NOT USED,NO ACTION,BIKE LANE,TEST NOT OFFERED,,30,UNKNOWN,UNKNOWN,PEDALCYCLIST,DIVIDED - W/MEDIAN (NOT RAISED),STRAIGHT AND LEVEL,UNKNOWN,INJURY AND / OR TOW DUE TO CRASH,CLYBOURN AVE,41.9053036792,-87.6414928697,POINT (-87.641492869666 41.905303679241)
O1599902,BICYCLE,e32212f538b5aee0d58cc209f6badfac0e35efc39624c4e0f34c7fc24f7412fcc57b74e412cbdd465d2bbda318e7d2cfbe1c78363a8cfd0298f5da07e74d2683,06/17/2023 06:15:00 PM,M,29.0,BICYCLE HELMET (PEDACYCLIST INVOLVED ONLY),WITH TRAFFIC,BIKEWAY,TEST NOT OFFERED,,15,CLEAR,DAYLIGHT,PEDALCYCLIST,OTHER,STRAIGHT AND LEVEL,DRY,INJURY AND / OR TOW DUE TO CRASH,LAKE SHORE DR NB,41.8927051473,-87.6138309343,POINT (-87.613830934311 41.892705147328)
O1599903,BICYCLE,e32212f538b5aee0d58cc209f6badfac0e35efc39624c4e0f34c7fc24f7412fcc57b74e412cbdd465d2bbda318e7d2cfbe1c78363a8cfd0298f5da07e74d2683,06/17/2023 06:15:00 PM,F,33.0,HELMET NOT USED,WITH TRAFFIC,SHOULDER,TEST NOT OFFERED,,15,CLEAR,DAYLIGHT,PEDALCYCLIST,OTHER,STRAIGHT AND LEVEL,DRY,INJURY AND / OR TOW DUE TO CRASH,LAKE SHORE DR NB,41.8927051473,-87.6138309343,POINT (-87.613830934311 41.892705147328)
O1599857,BICYCLE,a241c29ee7cca76737578bfb56814780751fa673f5adb54e9cdfbeb9e65696cde4d4f669b71b96f3c908f4dffa6863f902001341e2a6e900e97c766d05910173,06/17/2023 05:45:00 PM,M,23.0,HELMET NOT USED,WITH TRAFFIC,IN ROADWAY,TEST NOT OFFERED,,30,CLEAR,DAYLIGHT,PEDALCYCLIST,DIVIDED - W/MEDIAN (NOT RAISED),STRAIGHT AND LEVEL,DRY,INJURY AND / OR TOW DUE TO CRASH,LAKE ST,41.8855871247,-87.6448113092,POINT (-87.644811309222 41.88558712468)
O1599747,BICYCLE,bb30665edf46462bf3a4be6445cc1729e582f01d06dd08b9a99b07d2da92729a03bba2bc5169b75d6fa9ae71478476e8627b528fe41c3cf13061dc8fd4fb5fcc,06/17/2023 03:25:00 PM,M,80.0,HELMET NOT USED,AGAINST TRAFFIC,IN ROADWAY,TEST NOT OFFERED,,30,CLEAR,DAYLIGHT,PEDALCYCLIST,NOT DIVIDED,STRAIGHT AND LEVEL,DRY,INJURY AND / OR TOW DUE TO CRASH,63RD ST,41.7784213603,-87.7484282786,POINT (-87.748428278574 41.778421360335)
O1599740,BICYCLE,6fedea1253e60f36d17206c05f1d0a27d082b5d10946fc8a93c92c69a4ad431e7299e0bec56e3fd4b92f78cf2b4b5bccad5dc1de4f2ccfeb264bf9baa634baf4,06/17/2023 03:21:00 PM,F,64.0,HELMET NOT USED,TURNING LEFT,IN ROADWAY,TEST NOT OFFERED,,30,CLEAR,DAYLIGHT,PEDALCYCLIST,NOT DIVIDED,STRAIGHT AND LEVEL,DRY,NO INJURY / DRIVE AWAY,ROOT ST,41.8186546004,-87.6457095912,POINT (-87.64570959121 41.818654600412)
O1599609,BICYCLE,7d826e4bbe2dfa092a7137bab8f6dabefbb69f2738c22c47ed73b56ac97eba41d90709736302ae8c25a84dbd9612f22662f33fd3779980d0be0b0066f9009bbc,06/17/2023 11:27:00 AM,F,50.0,BICYCLE HELMET (PEDACYCLIST INVOLVED ONLY),PARKED VEHICLE,IN ROADWAY,TEST NOT OFFERED,,30,CLEAR,DAYLIGHT,PEDALCYCLIST,DIVIDED - W/MEDIAN (NOT RAISED),STRAIGHT AND LEVEL,DRY,INJURY AND / OR TOW DUE TO CRASH,WILSON AVE,41.9647960036,-87.6864189282,POINT (-87.686418928207 41.964796003591)
O1599626,BICYCLE,734befc826f27e85d6e5cd3562e57f1881b6b72334aace38c11f62dbc817383ecf08b623ff1c6484b31d315646e61d1e14de477b4ce6fc8a05c017e8486bffff,06/17/2023 10:30:00 AM,M,51.0,HELMET NOT USED,CROSSING - AGAINST SIGNAL,BIKEWAY,TEST NOT OFFERED,,10,CLEAR,DAYLIGHT,PEDALCYCLIST,FOUR WAY,STRAIGHT AND LEVEL,DRY,INJURY AND / OR TOW DUE TO CRASH,LAKE SHORE DR,41.9096216435,-87.626020115,POINT (-87.626020115041 41.909621643486)
O1599225,BICYCLE,e60cffb663ab08d1675d9feb8c7e214f7b09a2d380cfd5d49aef7fa0ddeba6257568323ac7c63b54fb787159bfb28c0241317803fb622a571403fa33618e725b,06/16/2023 04:50:00 PM,M,32.0,BICYCLE HELMET (PEDACYCLIST INVOLVED ONLY),INTOXICATED PED/PEDAL,IN ROADWAY,TEST NOT OFFERED,,30,CLEAR,DAYLIGHT,PEDALCYCLIST,NOT DIVIDED,STRAIGHT AND LEVEL,DRY,INJURY AND / OR TOW DUE TO CRASH,LINCOLN AVE,41.9603806386,-87.6832929633,POINT (-87.683292963285 41.960380638617)
O1599153,BICYCLE,a45de2f22bff08da5f626b39322dd8fac289682b745d6427ca36a7caa99b242d1b778105eeca52aabc1c4d0231d8a754014c6d1bbd049489fd3e5ee5ff903452,06/16/2023 04:27:00 PM,F,40.0,BICYCLE HELMET (PEDACYCLIST INVOLVED ONLY),CROSSING - WITH SIGNAL,BIKEWAY,TEST NOT OFFERED,,30,CLEAR,DAYLIGHT,PEDALCYCLIST,DIVIDED - W/MEDIAN BARRIER,STRAIGHT AND LEVEL,DRY,INJURY AND / OR TOW DUE TO CRASH,KEDZIE AVE,41.9576405058,-87.7082798724,POINT (-87.708279872383 41.957640505795)