PERSON_ID,PERSON_TYPE,CRASH_RECORD_ID,CRASH_DATE_x,SEX,AGE,SAFETY_EQUIPMENT,PEDPEDAL_ACTION,PEDPEDAL_LOCATION,BAC_RESULT,CRASH_DATE_EST_I,POSTED_SPEED_LIMIT,WEATHER_CONDITION,LIGHTING_CONDITION,FIRST_CRASH_TYPE,TRAFFICWAY_TYPE,ALIGNMENT,ROADWAY_SURFACE_COND,CRASH_TYPE,STREET_NAME,LATITUDE,LONGITUDE,LOCATION
O1599316,BICYCLE,be043e5a43f0b7637661745107c5d4d1870942fc9cf607481eaae52d51de31c09611dd83668b30efba9e7f9f2bdd512974ecf83219caea910a1688d6848a8836,06/16/2023 04:25:00 PM,M,43.0,BICYCLE HELMET (PEDACYCLIST INVOLVED ONLY),OTHER ACTION,IN ROADWAY,TEST NOT OFFERED,,30,CLEAR,DAYLIGHT,PEDALCYCLIST,NOT DIVIDED,STRAIGHT AND LEVEL,UNKNOWN,INJURY AND / OR TOW DUE TO CRASH,KINZIE ST,41.8891576735,-87.6399420188,POINT (-87.639942018757 41.889157673493)
O1599205,NON-MOTOR VEHICLE,3eba1092f684b3875b6d1be7e50cc2d740dd2dbaf432ff8a66604482f878899ff7f6cf5e0d767aece0cebbbbcd92900991effc67990ab688ec313c9a22478dd1,06/16/2023 03:59:00 PM,X,25.0,NONE PRESENT,NO ACTION,IN ROADWAY,TEST NOT OFFERED,,30,CLEAR,DAYLIGHT,OTHER OBJECT,NOT DIVIDED,STRAIGHT AND LEVEL,DRY,INJURY AND / OR TOW DUE TO CRASH,HOMAN BLVD,41.8827856156,-87.7109149833,POINT (-87.710914983327 41.882785615605)
O1599164,BICYCLE,0b057c5c27b19b91e6a37f4fe29c9337272b9a0ef383c854c29cb7e64249ec84e5f90b6126c1acb003ed86a9921e95b685de7245223d747c98b862dc413926b0,06/16/2023 03:50:00 PM,M,17.0,HELMET NOT USED,WITH TRAFFIC,IN ROADWAY,TEST NOT OFFERED,,25,CLEAR,DAYLIGHT,PEDALCYCLIST,T-INTERSECTION,STRAIGHT AND LEVEL,DRY,INJURY AND / OR TOW DUE TO CRASH,LAKEVIEW AVE,41.9281284699,-87.6393552655,POINT (-87.639355265525 41.928128469858)
O1598875,BICYCLE,4eb23c5503bf28c41848091f85c5a2128049b9ecb1bc2b4f2f942331f29a29a0ddae3ba6dbf03f776acbf02f7af463cf71c35228f0c54cb223af9d5fad21b25e,06/16/2023 10:05:00 AM,M,,HELMET NOT USED,CROSSING - AGAINST SIGNAL,IN CROSSWALK,TEST NOT OFFERED,,30,CLEAR,DAYLIGHT,PEDALCYCLIST,T-INTERSECTION,STRAIGHT AND LEVEL,DRY,NO INJURY / DRIVE AWAY,71ST ST,41.765564415,-87.6247349785,POINT (-87.624734978523 41.765564414979)
O1598662,BICYCLE,7b0ac864d85092513b4ba2be05ec2b70ad720a9cad666efa2164a9556845781d4773da412b84469f3785936f971a3b2c75dd459736da9e91502be884ad942143,06/15/2023 07:40:00 PM,M,11.0,HELMET NOT USED,CROSSING - NO CONTROLS (NOT AT INTERSECTION),IN ROADWAY,TEST NOT OFFERED,,25,CLEAR,DAYLIGHT,PEDALCYCLIST,ALLEY,STRAIGHT AND LEVEL,DRY,INJURY AND / OR TOW DUE TO CRASH,MELVINA AVE,41.9896447704,-87.7829054216,POINT (-87.782905421606 41.989644770429)
O1598596,BICYCLE,fe0f9d183774ab327d365f3a9b29aab7fb7ae6754240924fcf3abba11f1dd17b2a74e0a41f631b1f58e0b1fc847fc78a6859173643d57f3518e1a01a51f9e325,06/15/2023 06:30:00 PM,F,53.0,BICYCLE HELMET (PEDACYCLIST INVOLVED ONLY),WITH TRAFFIC,SHOULDER,TEST NOT OFFERED,,30,CLEAR,DAYLIGHT,PEDALCYCLIST,NOT DIVIDED,STRAIGHT AND LEVEL,DRY,NO INJURY / DRIVE AWAY,MILWAUKEE AVE,41.963371583,-87.7570276804,POINT (-87.757027680439 41.963371583048)
O1598600,BICYCLE,4e899e4a959ade204caaa0e5a174942d95004fdb0f96d67628c06856372fac083345143de370e803f1222fd3d025ef69f7687100282e051d684c84761aa8b130,06/15/2023 05:52:00 PM,M,38.0,HELMET NOT USED,WITH TRAFFIC,BIKEWAY,TEST NOT OFFERED,,20,CLEAR,DAYLIGHT,PEDALCYCLIST,ALLEY,STRAIGHT AND LEVEL,DRY,NO INJURY / DRIVE AWAY,GRACE ST,41.9512415974,-87.6539682911,POINT (-87.653968291067 41.951241597406)
O1598531,BICYCLE,6ce2fb143f8d3319f29451941dc82bef76df9314fe52c52ab031660691eaaf1d7fc8d64c6c7bc4d229cf6776afc434ba2f54c4d63c24940494b62a8203642c33,06/15/2023 04:01:00 PM,M,9.0,HELMET NOT USED,CROSSING - NO CONTROLS (AT INTERSECTION),IN CROSSWALK,TEST NOT OFFERED,,20,CLEAR,DAYLIGHT,PEDALCYCLIST,T-INTERSECTION,STRAIGHT AND LEVEL,DRY,INJURY AND / OR TOW DUE TO CRASH,OTTAWA AVE,41.9433265795,-87.8180863437,POINT (-87.818086343746 41.943326579474)
O1598422,BICYCLE,3939d87b51ed59a8f1aac0cee1c7f3ba21690d1a1d4c54a3f380a01918b8f5b2618aecc38594bd8f3a999ba55d99b4fcd7bc48a57580a7b40d3de01336d28c87,06/15/2023 03:35:00 PM,M,19.0,HELMET NOT USED,WITH TRAFFIC,BIKE LANE,TEST NOT OFFERED,,30,CLEAR,DAYLIGHT,PEDALCYCLIST,NOT DIVIDED,STRAIGHT AND LEVEL,DRY,INJURY AND / OR TOW DUE TO CRASH,BLUE ISLAND AVE,41.8583685356,-87.6605516193,POINT (-87.660551619258 41.85836853558)
O1598501,BICYCLE,f90576264047f988ab9dd48afe4136d6bdcd6323cc2f43a0e1ef3e42ede799fa0722515c7b03b5b7ee627f557c92ab314a51ec8156c693a7d193ab63d03ccc2f,06/15/2023 03:27:00 PM,M,72.0,HELMET NOT USED,CROSSING - CONTROLS PRESENT (NOT AT INTERSECTION),IN CROSSWALK,TEST NOT OFFERED,,30,CLEAR,DAYLIGHT,PEDALCYCLIST,DIVIDED - W/MEDIAN (NOT RAISED),STRAIGHT AND LEVEL,DRY,INJURY AND / OR TOW DUE TO CRASH,CALIFORNIA AVE,41.9903471034,-87.6995471344,POINT (-87.699547134414 41.990347103407)
O1600915,BICYCLE,0da3eb0e47e947dc161f744c43624aa87a25ff83fe20ed38e560ab23bb4a59e63db2ca20f485f6cd05ed188570b2f8df279aedd34f9769f82e338b630e455dcc,06/15/2023 03:00:00 PM,F,59.0,HELMET NOT USED,CROSSING - WITH SIGNAL,IN ROADWAY,,,30,CLEAR,DAYLIGHT,PEDALCYCLIST,NOT DIVIDED,STRAIGHT AND LEVEL,DRY,INJURY AND / OR TOW DUE TO CRASH,PULASKI RD,41.7749685428,-87.7225189851,POINT (-87.722518985136 41.774968542822)
O1598314,BICYCLE,a2dfacb5e7d59b8fbf63053930daefbcd1527bda1abe0fcb9c41524610f16643f7245f7c277dfcc86356d100107555c4efb888ffb84a7924503be54cb0c9f716,06/15/2023 01:08:00 PM,M,71.0,HELMET NOT USED,AGAINST TRAFFIC,BIKE LANE,TEST NOT OFFERED,,30,CLEAR,DAYLIGHT,PEDALCYCLIST,ALLEY,STRAIGHT AND LEVEL,DRY,NO INJURY / DRIVE AWAY,83RD ST,41.7441875682,-87.5959620919,POINT (-87.595962091898 41.744187568205)
O1598312,BICYCLE,406bb91028b833d4dbdd3afdccaf4b261c39fd9f4925eb306eaffd7cfe77c82c06a25b1097dbb798357fb3a226f94a5b91be996f3a6767e6517bee96d0f34b8f,06/15/2023 12:30:00 PM,F,33.0,BICYCLE HELMET (PEDACYCLIST INVOLVED ONLY),WITH TRAFFIC,IN ROADWAY,TEST NOT OFFERED,,30,CLEAR,DAYLIGHT,PEDALCYCLIST,NOT DIVIDED,STRAIGHT AND LEVEL,DRY,INJURY AND / OR TOW DUE TO CRASH,ROCKWELL ST,41.9161423894,-87.6921170341,POINT (-87.692117034108 41.916142389355)
O1598265,BICYCLE,063622ab7aa0161a46c6bf32d166a681ebafbec32c922373023fa2d3720f2b973cfdc3157b2fa22e63f6a514cecf32fb7120978f008e2feab5136f1bc4e691ad,06/15/2023 11:08:00 AM,M,63.0,HELMET NOT USED,CROSSING - NO CONTROLS (AT INTERSECTION),IN CROSSWALK,TEST NOT OFFERED,,30,CLEAR,DAYLIGHT,PEDALCYCLIST,FOUR WAY,STRAIGHT AND LEVEL,DRY,INJURY AND / OR TOW DUE TO CRASH,WASHBURNE AVE,41.8660215478,-87.6715245766,POINT (-87.671524576637 41.866021547823)
O1598124,BICYCLE,393532fccd14c5a8fd8c6b2d7cdab59e01ab26b0ca2d83e20560c8197a75799fa4c6c215dc37ba21cce6fc8cec3edfb14bceae8a5b6e718cbdae1b10142fa954,06/15/2023 05:30:00 AM,M,36.0,BICYCLE HELMET (PEDACYCLIST INVOLVED ONLY),NO ACTION,BIKEWAY,TEST NOT OFFERED,,30,CLEAR,DAWN,PEDALCYCLIST,DIVIDED - W/MEDIAN (NOT RAISED),STRAIGHT AND LEVEL,DRY,INJURY AND / OR TOW DUE TO CRASH,ELSTON AVE,41.9201590272,-87.6706121525,POINT (-87.670612152462 41.920159027223)
O1598024,BICYCLE,89e4ccf12f123a89e3436259d5506218e15163f34067f0a87374ec1c5c6c1674b2eab2109335d641ab4844395cc19b39523699500c4e0c9f1387f086d067653b,06/14/2023 10:03:00 PM,M,67.0,BICYCLE HELMET (PEDACYCLIST INVOLVED ONLY),WITH TRAFFIC,BIKE LANE,TEST NOT OFFERED,,30,CLEAR,"DARKNESS, LIGHTED ROAD",PEDALCYCLIST,NOT DIVIDED,STRAIGHT AND LEVEL,DRY,INJURY AND / OR TOW DUE TO CRASH,MILWAUKEE AVE,41.9097808167,-87.6763072357,POINT (-87.676307235681 41.90978081668)
O1598316,BICYCLE,f31db94fa37acd400f6a4e8e1745a4aee1d91bcad33a15e209b0c7c766e920f821160c0d184a0d32bdad84344808dc61a28d4b7009af973a18826dd5ab6cf15e,06/14/2023 07:25:00 PM,M,,HELMET NOT USED,WITH TRAFFIC,IN ROADWAY,TEST NOT OFFERED,,30,CLEAR,DARKNESS,PEDALCYCLIST,NOT DIVIDED,STRAIGHT AND LEVEL,DRY,INJURY AND / OR TOW DUE TO CRASH,MICHIGAN AVE,41.8933722143,-87.6243614185,POINT (-87.624361418497 41.893372214284)
O1598003,BICYCLE,7f28dbbebdbfd29d1e37e244e973c58e57ce5aee2ee38a39e28ecc5e56b56a40de19c82f950dd2e80f7a4f97a8ca204a58aab5720e23a48e81d291e1299a2212,06/14/2023 07:12:00 PM,M,24.0,HELMET NOT USED,CROSSING - WITH SIGNAL,IN CROSSWALK,TEST NOT OFFERED,,30,CLEAR,DAYLIGHT,PEDALCYCLIST,FOUR WAY,STRAIGHT AND LEVEL,DRY,INJURY AND / OR TOW DUE TO CRASH,ROOSEVELT RD,41.8664016708,-87.6958447063,POINT (-87.695844706263 41.866401670828)
O1597911,BICYCLE,c299976dcc0506e7963a62ca3ba35447bc68388450f3005dd82e30a65dd0d6dbfd8467599cd58c748e4651e10a082253780b255bea86c666418db2d20acc0d9a,06/14/2023 06:00:00 PM,M,,HELMET NOT USED,CROSSING - AGAINST SIGNAL,IN CROSSWALK,TEST NOT OFFERED,Y,35,CLEAR,DAYLIGHT,PEDALCYCLIST,DIVIDED - W/MEDIAN BARRIER,STRAIGHT AND LEVEL,DRY,NO INJURY / DRIVE AWAY,CERMAK RD,41.8529618416,-87.6320003897,POINT (-87.632000389706 41.852961841603)
O1597920,BICYCLE,30cd8b44085716b90091120602119761a4068734db690e1bb384242c2cb36ff29b797c1db207b2961c32cc89a179e1ead29801b6ff5cab97accd2d5b4a9314ac,06/14/2023 05:35:00 PM,F,43.0,HELMET NOT USED,AGAINST TRAFFIC,BIKEWAY,TEST NOT OFFERED,,30,CLEAR,DAYLIGHT,PEDALCYCLIST,DIVIDED - W/MEDIAN (NOT RAISED),STRAIGHT AND LEVEL,DRY,INJURY AND / OR TOW DUE TO CRASH,RACINE AVE,41.8876608913,-87.6567096833,POINT (-87.656709683287 41.887660891311)
O1597873,NON-MOTOR VEHICLE,b487146ed323bab211db4228314ffae24bb907cd4a24eac5036a51cb8b6d80e79d7d76ec323cc6c75532e76a89967d25e1f7805d633bd9160c0fef55dda2399e,06/14/2023 05:25:00 PM,M,17.0,NONE PRESENT,CROSSING - NO CONTROLS (AT INTERSECTION),IN ROADWAY,TEST NOT OFFERED,,30,CLEAR,DAYLIGHT,OTHER OBJECT,NOT DIVIDED,STRAIGHT AND LEVEL,DRY,INJURY AND / OR TOW DUE TO CRASH,WESTERN AVE,41.8285457496,-87.6848335118,POINT (-87.68483351184 41.828545749573)
O1597984,BICYCLE,0d1d4afbd573323d8e501b50890767e4a25fac0ba8bb7bfaaedaa46fb05ee78b7c90137dc2c8b57b5cdd6da0f9b2ad9312a37c53f6a0dbd5f4a7c075338be7cd,06/14/2023 04:48:00 PM,M,16.0,HELMET NOT USED,WITH TRAFFIC,IN ROADWAY,TEST NOT OFFERED,,30,CLEAR,DAYLIGHT,PEDALCYCLIST,NOT DIVIDED,STRAIGHT AND LEVEL,DRY,INJURY AND / OR TOW DUE TO CRASH,ASHLAND AVE,41.9038349547,-87.6673611601,POINT (-87.667361160141 41.903834954661)
O1597732,BICYCLE,af86e4c18db83b062b391347c7d2179a1e54ce75daa7afb4cb2b743bf62839aa439eaefae12874bc6a1b6be9e743991c8362eb0c73d7f4853f270e50eb668f7f,06/14/2023 02:21:00 PM,F,58.0,BICYCLE HELMET (PEDACYCLIST INVOLVED ONLY),TURNING LEFT,BIKEWAY,TEST NOT OFFERED,,30,CLEAR,DAYLIGHT,PEDALCYCLIST,T-INTERSECTION,STRAIGHT AND LEVEL,DRY,INJURY AND / OR TOW DUE TO CRASH,DAMEN AVE,41.9732104165,-87.6791709838,POINT (-87.679170983811 41.973210416487)
O1597808,BICYCLE,2c8b348b9edd48d92164ab1cfe09dc50b62ff5b9b069f8c22854591f760c01a0fd0b3b2b4b6a25b3c96a2039ca63d3a0b62eebc0b853e2b37614c9cfc409d4b4,06/14/2023 01:20:00 PM,M,18.0,BICYCLE HELMET (PEDACYCLIST INVOLVED ONLY),UNKNOWN/NA,UNKNOWN/NA,TEST NOT OFFERED,,30,CLEAR,DAYLIGHT,PEDALCYCLIST,NOT DIVIDED,STRAIGHT AND LEVEL,DRY,INJURY AND / OR TOW DUE TO CRASH,HALSTED ST,41.7521368378,-87.6442289066,POINT (-87.644228906559 41.752136837768)
O1597675,BICYCLE,eee518f64cbd12cbf4f7bb06735a9129b5f4c1226814311b0b6d9e666495d4681062c9c9f1fd3637620719df3aab9a3736c9825576631abe6f5d6b9baf34153d,06/14/2023 12:55:00 PM,M,34.0,BICYCLE HELMET (PEDACYCLIST INVOLVED ONLY),NO ACTION,BIKE LANE,,,30,CLEAR,DAYLIGHT,PEDALCYCLIST,NOT DIVIDED,STRAIGHT AND LEVEL,DRY,NO INJURY / DRIVE AWAY,ELSTON AVE,41.9799420028,-87.7591580287,POINT (-87.759158028651 41.979942002805)
O1597507,BICYCLE,5096cbfc03f6d4730be5df6e6e389732371759d638c3440d53b710545518aed2cfe2603180bde2c7863d2252b191c0c7da7ad713eaa57e628108b13be498c0fd,06/14/2023 09:10:00 AM,M,,HELMET NOT USED,WITH TRAFFIC,IN ROADWAY,TEST NOT OFFERED,,30,CLEAR,DAYLIGHT,PEDALCYCLIST,NOT DIVIDED,STRAIGHT AND LEVEL,DRY,NO INJURY / DRIVE AWAY,LAKE ST,41.8855942896,-87.6425260044,POINT (-87.642526004419 41.885594289607)
O1597492,BICYCLE,7e97f0fd15fdb06d40694f4852abf9cc8662b832c494a9fe4ad25f69b6a05038e0b7aaa75cc8facc5cf6b646aa10f9ffc3997620cff078b1fc27736e84202547,06/14/2023 08:44:00 AM,F,65.0,BICYCLE HELMET (PEDACYCLIST INVOLVED ONLY),PARKED VEHICLE,NOT IN ROADWAY,TEST NOT OFFERED,,30,CLEAR,DAYLIGHT,PEDALCYCLIST,ONE-WAY,STRAIGHT AND LEVEL,DRY,INJURY AND / OR TOW DUE TO CRASH,WELLS ST,41.8832420942,-87.634006821,POINT (-87.634006820981 41.88324209419)
O1597061,BICYCLE,652707f3db59a031d1f8b1e17878fbf55e96d8032cc90ee2a2ba7c7be034c55e3f7da0dfe4f639bcfcdcfc06ec1dc9635582f2be732893468617eb09bb7aa7e2,06/13/2023 04:39:00 PM,F,13.0,HELMET NOT USED,CROSSING - NO CONTROLS (AT INTERSECTION),IN ROADWAY,TEST NOT OFFERED,,30,RAIN,DAYLIGHT,PEDALCYCLIST,NOT DIVIDED,STRAIGHT AND LEVEL,WET,NO INJURY / DRIVE AWAY,LAWNDALE AVE,41.8424232064,-87.7173238977,POINT (-87.717323897721 41.842423206356)
O1597066,BICYCLE,ca6830560d878cc150f02f70d4333c55e8876f98e6b93c33e04b6cf374c7e23cab4527cf00d802bacd06b0aca808fb4d2a9808a368c751a4015aaffe269dc515,06/13/2023 04:00:00 PM,,,BICYCLE HELMET (PEDACYCLIST INVOLVED ONLY),TURNING RIGHT,IN ROADWAY,TEST NOT OFFERED,,30,CLEAR,DAYLIGHT,PEDALCYCLIST,NOT DIVIDED,STRAIGHT AND LEVEL,WET,NO INJURY / DRIVE AWAY,ADA ST,41.884638673,-87.6608928011,POINT (-87.660892801095 41.884638672974)
O1597209,NON-MOTOR VEHICLE,10a255d09d62b03d0ff567c395ebfdea37412466a595daeb548fdc37b00ebffeef4a9ce39901124b3e2ac105bf3cab51de470a5e676c475a4b3a332e00778182,06/13/2023 03:15:00 PM,M,46.0,USAGE UNKNOWN,NO ACTION,DRIVEWAY ACCESS,TEST NOT OFFERED,,30,RAIN,DAYLIGHT,OTHER OBJECT,NOT DIVIDED,STRAIGHT AND LEVEL,WET,NO INJURY / DRIVE AWAY,WOOD ST,41.8867467039,-87.6717508555,POINT (-87.671750855501 41.886746703923)
O1596931,BICYCLE,3b5d49c4d0a5bd0abecb7e31d29b94b77510032ec49971249a7571dcf48cfb94589761d43ba307fda70e7fd7bce6a250fa7434e4194701be18d851a55324f288,06/13/2023 02:40:00 PM,F,,BICYCLE HELMET (PEDACYCLIST INVOLVED ONLY),AGAINST TRAFFIC,IN ROADWAY,TEST NOT OFFERED,,30,RAIN,DAYLIGHT,PEDALCYCLIST,NOT DIVIDED,STRAIGHT AND LEVEL,WET,NO INJURY / DRIVE AWAY,CLARK ST,41.9385878726,-87.6493959945,POINT (-87.649395994549 41.938587872628)
O1597278,BICYCLE,0f3fc100e5cf12bca5c25b573f1dfa2725c79a22936d7b8707153cc3403b5109489ffd1a318e4cf8185e7fdf248d743e33e8cdb1b1885509b7c93186fc25620a,06/13/2023 02:13:00 PM,F,68.0,HELMET NOT USED,UNKNOWN/NA,IN ROADWAY,TEST NOT OFFERED,,30,RAIN,UNKNOWN,PEDALCYCLIST,UNKNOWN INTERSECTION TYPE,STRAIGHT AND LEVEL,UNKNOWN,INJURY AND / OR TOW DUE TO CRASH,CLARK ST,,,
O1596805,BICYCLE,268e1486f02325c3ab972c411bac0d48e9de338630281e95c729741c6d94c51efc9fcd89b11d429de6a5a31b62bd851a2ec64b90cdc77d415078888d838973de,06/13/2023 11:58:00 AM,M,54.0,HELMET NOT USED,CROSSING - AGAINST SIGNAL,IN ROADWAY,TEST NOT OFFERED,,30,RAIN,DAYLIGHT,PEDALCYCLIST,FOUR WAY,STRAIGHT AND LEVEL,WET,INJURY AND / OR TOW DUE TO CRASH,MICHIGAN AVE,41.8382495291,-87.6235883654,POINT (-87.623588365364 41.838249529106)
O1596663,BICYCLE,269ce68e6526c5fab64b518f8d09d10b27f591b1aa1dfb67c71c2dfe75651f9e38a977653b2fc502fcb923513c3f70661e884afb1a0ed67a27b446e43cc4437d,06/13/2023 07:40:00 AM,F,27.0,HELMET NOT USED,OTHER ACTION,IN ROADWAY,TEST NOT OFFERED,,30,CLEAR,DAYLIGHT,PEDALCYCLIST,NOT DIVIDED,STRAIGHT AND LEVEL,DRY,INJURY AND / OR TOW DUE TO CRASH,ELSTON AVE,41.9713804734,-87.745247901,POINT (-87.745247900969 41.971380473362)
O1601163,BICYCLE,c196e41e3590ce860cff78f3588429c21376f6db132b4ad4357cd7d4191dac896e597bca75b0910c0e3c8734b2b1d404c1da6d316faded5fe0ebc56335d65b97,06/13/2023 07:26:00 AM,F,44.0,BICYCLE HELMET (PEDACYCLIST INVOLVED ONLY),WITH TRAFFIC,BIKEWAY,TEST NOT OFFERED,,10,CLEAR,DAYLIGHT,PEDALCYCLIST,OTHER,STRAIGHT AND LEVEL,UNKNOWN,NO INJURY / DRIVE AWAY,LAKE SHORE DR NB,41.925701287,-87.6313680508,POINT (-87.631368050773 41.925701287024)
O1611988,BICYCLE,c196e41e3590ce860cff78f3588429c21376f6db132b4ad4357cd7d4191dac896e597bca75b0910c0e3c8734b2b1d404c1da6d316faded5fe0ebc56335d65b97,06/13/2023 07:26:00 AM,F,44.0,BICYCLE HELMET (PEDACYCLIST INVOLVED ONLY),WITH TRAFFIC,BIKEWAY,TEST NOT OFFERED,,10,CLEAR,DAYLIGHT,PEDALCYCLIST,OTHER,STRAIGHT AND LEVEL,UNKNOWN,NO INJURY / DRIVE AWAY,LAKE SHORE DR NB,41.925701287,-87.6313680508,POINT (-87.631368050773 41.925701287024)
O1596645,BICYCLE,63780143c5ec412ad2918461ab8ca5e3d2c46a95096a008eec1d29de58db4c1ca3769195c554c01298080888c85d1f3a03ed3021a40c5d9569f1cfdce33c7248,06/13/2023 06:14:00 AM,M,68.0,BICYCLE HELMET (PEDACYCLIST INVOLVED ONLY),CROSSING - WITH SIGNAL,IN CROSSWALK,TEST NOT OFFERED,,30,CLOUDY/OVERCAST,DAYLIGHT,PEDALCYCLIST,NOT DIVIDED,STRAIGHT AND LEVEL,WET,INJURY AND / OR TOW DUE TO CRASH,CHICAGO AVE,41.8952821287,-87.7233193393,POINT (-87.723319339333 41.895282128747)
O1596532,BICYCLE,888db467e9c8c7c4885b552fdd7251b52f32fe9f949e5b8bc17d03e054b45e0a79335eca5ae69281374dab6de95f6084f887bd8e71afe0840aedb0d5eb14b960,06/12/2023 06:56:00 PM,F,28.0,BICYCLE HELMET (PEDACYCLIST INVOLVED ONLY),UNKNOWN/NA,BIKE LANE,TEST NOT OFFERED,,10,CLEAR,DAYLIGHT,PEDALCYCLIST,DIVIDED - W/MEDIAN (NOT RAISED),STRAIGHT AND LEVEL,DRY,INJURY AND / OR TOW DUE TO CRASH,CLYBOURN AVE,41.9310210058,-87.6768640181,POINT (-87.676864018134 41.931021005798)
O1596616,BICYCLE,23af6910b3145ede0b4bf69776b9449d1925b2217b1765e468ea455855cb6aa452cae16f32cd5b1efc51290b979eff6cd12a8c650d8f01a72c09619099d6ace5,06/12/2023 06:30:00 PM,M,10.0,HELMET NOT USED,CROSSING - NO CONTROLS (AT INTERSECTION),IN CROSSWALK,,Y,30,CLEAR,DAYLIGHT,PEDALCYCLIST,NOT DIVIDED,STRAIGHT AND LEVEL,UNKNOWN,INJURY AND / OR TOW DUE TO CRASH,ALTGELD ST,41.9263741139,-87.7437002599,POINT (-87.743700259867 41.926374113895)
O1596429,BICYCLE,64388022bd8c4fad9c6e97130e9d5fcc7026651c20457d92fe985121f8c61d65450707d6caffa456c24a6783f8d05425862dfa7dfb1d6f101681422aa962ac70,06/12/2023 05:42:00 PM,M,17.0,HELMET NOT USED,OTHER ACTION,IN ROADWAY,TEST NOT OFFERED,,20,CLEAR,DAYLIGHT,PEDALCYCLIST,T-INTERSECTION,STRAIGHT AND LEVEL,DRY,INJURY AND / OR TOW DUE TO CRASH,PALMER ST,41.920404013,-87.768350022,POINT (-87.768350021967 41.920404012953)
O1596389,BICYCLE,fd39642a878721cb8aaa734397301242932dbff60d2881eaf7fc0096413d9e0ab5065b4c683bae851a70cc495e2003d80c7cfaf24a5501a47e42d56b99d19b12,06/12/2023 05:00:00 PM,M,12.0,HELMET NOT USED,AGAINST TRAFFIC,IN CROSSWALK,TEST NOT OFFERED,,20,CLEAR,DAYLIGHT,PEDALCYCLIST,T-INTERSECTION,STRAIGHT AND LEVEL,DRY,INJURY AND / OR TOW DUE TO CRASH,SEDGWICK ST,41.914095655,-87.6385374726,POINT (-87.638537472642 41.914095655028)
O1596424,BICYCLE,9705f35d9d1a53f985f2fe32088928dcc0637c49fa6180a6159cf3db0cbaf1f8b1163254bbfefaf19a4d89d669dab6b36f43272e41b2f6dfbc12a8a3bc2d9680,06/12/2023 04:15:00 PM,M,49.0,HELMET NOT USED,CROSSING - CONTROLS PRESENT (NOT AT INTERSECTION),IN ROADWAY,TEST NOT OFFERED,,20,CLEAR,DAYLIGHT,PEDALCYCLIST,ALLEY,STRAIGHT AND LEVEL,DRY,INJURY AND / OR TOW DUE TO CRASH,WELLINGTON AVE,41.9354539398,-87.7365386368,POINT (-87.736538636758 41.935453939834)
O1596327,BICYCLE,d9a668346c3a64b82b12c281bec21c33a77d815c97d848c6aaab6c4e70a61dc4e283342cbec141346a47026892b8e1550c154fc75a4baab83fd3852447485cea,06/12/2023 02:02:00 PM,M,64.0,BICYCLE HELMET (PEDACYCLIST INVOLVED ONLY),NO ACTION,NOT IN ROADWAY,TEST NOT OFFERED,,35,CLEAR,DAYLIGHT,PEDALCYCLIST,OTHER,STRAIGHT AND LEVEL,DRY,INJURY AND / OR TOW DUE TO CRASH,OAK PARK AVE,41.9523258015,-87.796109159,POINT (-87.796109159002 41.952325801546)
O1596313,BICYCLE,bf82bc233f127482c8a40eb0611c25b0ee71ec2cb05851fff496da6bb4be6e1355556d1aa42706360573f8a0cdafa8190c31f1e8caeee8a972b002697d11c9ec,06/12/2023 01:50:00 PM,M,14.0,HELMET NOT USED,CROSSING - AGAINST SIGNAL,IN ROADWAY,TEST NOT OFFERED,,30,CLEAR,DAYLIGHT,PEDALCYCLIST,FOUR WAY,STRAIGHT AND LEVEL,DRY,INJURY AND / OR TOW DUE TO CRASH,DOUGLAS BLVD,41.8630070594,-87.7112474186,POINT (-87.711247418614 41.863007059435)
O1599851,BICYCLE,bf82bc233f127482c8a40eb0611c25b0ee71ec2cb05851fff496da6bb4be6e1355556d1aa42706360573f8a0cdafa8190c31f1e8caeee8a972b002697d11c9ec,06/12/2023 01:50:00 PM,M,15.0,HELMET NOT USED,CROSSING - AGAINST SIGNAL,IN ROADWAY,TEST NOT OFFERED,,30,CLEAR,DAYLIGHT,PEDALCYCLIST,FOUR WAY,STRAIGHT AND LEVEL,DRY,INJURY AND / OR TOW DUE TO CRASH,DOUGLAS BLVD,41.8630070594,-87.7112474186,POINT (-87.711247418614 41.863007059435)
O1596193,NON-MOTOR VEHICLE,68033770abe6d18f14ff1862efb5c99a4f9181b8b63c61136d7611ec04c4b6879aef4a758b50d50b3e0e6c754904f77d45d6a4315aba8e9006a6084cc8f694ee,06/12/2023 10:00:00 AM,X,,,,,TEST NOT OFFERED,,30,CLEAR,DAYLIGHT,FIXED OBJECT,DIVIDED - W/MEDIAN (NOT RAISED),STRAIGHT AND LEVEL,DRY,NO INJURY / DRIVE AWAY,HALSTED ST,41.7208760487,-87.6433459203,POINT (-87.643345920262 41.720876048735)
O1608491,NON-MOTOR VEHICLE,68033770abe6d18f14ff1862efb5c99a4f9181b8b63c61136d7611ec04c4b6879aef4a758b50d50b3e0e6c754904f77d45d6a4315aba8e9006a6084cc8f694ee,06/12/2023 10:00:00 AM,X,,,,,TEST NOT OFFERED,,30,CLEAR,DAYLIGHT,FIXED OBJECT,DIVIDED - W/MEDIAN (NOT RAISED),STRAIGHT AND LEVEL,DRY,NO INJURY / DRIVE AWAY,HALSTED ST,41.7208760487,-87.6433459203,POINT (-87.643345920262 41.720876048735)