PERSON_ID,PERSON_TYPE,CRASH_RECORD_ID,CRASH_DATE_x,SEX,AGE,SAFETY_EQUIPMENT,PEDPEDAL_ACTION,PEDPEDAL_LOCATION,BAC_RESULT,CRASH_DATE_EST_I,POSTED_SPEED_LIMIT,WEATHER_CONDITION,LIGHTING_CONDITION,FIRST_CRASH_TYPE,TRAFFICWAY_TYPE,ALIGNMENT,ROADWAY_SURFACE_COND,CRASH_TYPE,STREET_NAME,LATITUDE,LONGITUDE,LOCATION
O1608494,NON-MOTOR VEHICLE,68033770abe6d18f14ff1862efb5c99a4f9181b8b63c61136d7611ec04c4b6879aef4a758b50d50b3e0e6c754904f77d45d6a4315aba8e9006a6084cc8f694ee,06/12/2023 10:00:00 AM,M,78.0,,,,,,30,CLEAR,DAYLIGHT,FIXED OBJECT,DIVIDED - W/MEDIAN (NOT RAISED),STRAIGHT AND LEVEL,DRY,NO INJURY / DRIVE AWAY,HALSTED ST,41.7208760487,-87.6433459203,POINT (-87.643345920262 41.720876048735)
O1598253,BICYCLE,479558795453dab3cd3fb40de18798cf298e9201eaf56ae366a62f7becd558ebd5f99b08abbb82fe58ae58e7785dc3978d039107996eae5742ed656d13d773ac,06/12/2023 09:00:00 AM,M,39.0,HELMET NOT USED,UNKNOWN/NA,BIKE LANE,TEST NOT OFFERED,,30,CLEAR,DAYLIGHT,PEDALCYCLIST,NOT DIVIDED,STRAIGHT ON GRADE,DRY,NO INJURY / DRIVE AWAY,LA SALLE DR,41.8888778903,-87.6326623964,POINT (-87.632662396398 41.888877890279)
O1595964,BICYCLE,4ae3d60f5125a758b23099592ba11ddca9683c9f694a8fa5cae3eabaa7419c93b9b0f3c2ddb096e993cf2a2d2d575201867982275173f0960f49671a688fb87e,06/12/2023 08:18:00 AM,M,16.0,HELMET NOT USED,WITH TRAFFIC,BIKEWAY,TEST NOT OFFERED,,30,CLEAR,DAYLIGHT,PEDALCYCLIST,FOUR WAY,STRAIGHT AND LEVEL,DRY,INJURY AND / OR TOW DUE TO CRASH,KEDZIE AVE,41.935843306,-87.7076798674,POINT (-87.707679867404 41.935843305977)
O1595733,BICYCLE,04fbe9bc8396e033e84cf65d252984542bf49171377ef362b7931356b4b257a189a669f36851bb7328c5a34aae0ee544604fef2353d93de3438c04bffe4f7433,06/11/2023 05:40:00 PM,M,30.0,HELMET NOT USED,WITH TRAFFIC,IN ROADWAY,TEST NOT OFFERED,,30,CLOUDY/OVERCAST,DAYLIGHT,PEDALCYCLIST,NOT DIVIDED,STRAIGHT AND LEVEL,WET,INJURY AND / OR TOW DUE TO CRASH,CLARK ST,41.9491234009,-87.6578903634,POINT (-87.657890363405 41.949123400854)
O1595650,BICYCLE,8f8d57bca92181d00a78b3e70c242cf71ea89bbfec852e63ff7dc3dddbd4157c0591e3ee02b9116be5065a26294296f18679993ba8742a967763434a98dbc295,06/11/2023 02:45:00 PM,M,20.0,BICYCLE HELMET (PEDACYCLIST INVOLVED ONLY),WITH TRAFFIC,BIKEWAY,TEST NOT OFFERED,,20,CLOUDY/OVERCAST,DAYLIGHT,PEDALCYCLIST,NOT DIVIDED,STRAIGHT AND LEVEL,DRY,INJURY AND / OR TOW DUE TO CRASH,WESTERN AVE,41.9479473244,-87.6884404339,POINT (-87.688440433925 41.947947324374)
O1595711,NON-MOTOR VEHICLE,d4c7fcfbe80c29a7c84132026ce6f99188a1d0148594ee7265fd2b903614ffaab6f145aa3cab7980f2d567abfd30dff87499373c2ba624a3c131ad994518dc30,06/11/2023 01:27:00 PM,F,40.0,,,,,,30,CLEAR,DAYLIGHT,ANGLE,FOUR WAY,STRAIGHT AND LEVEL,DRY,INJURY AND / OR TOW DUE TO CRASH,114TH ST,41.6883141707,-87.5328112491,POINT (-87.53281124914 41.688314170684)
O1595394,NON-MOTOR VEHICLE,2b8569911fdb38d37c80a96e574d665ae8dd6524aceafb31f18c4da426e76981b82796bb733979e609e01e28c6dc389b4766edda97691d70416b6cb6348f7b68,06/11/2023 09:20:00 AM,M,76.0,,,,,Y,30,UNKNOWN,UNKNOWN,FIXED OBJECT,ALLEY,STRAIGHT AND LEVEL,UNKNOWN,NO INJURY / DRIVE AWAY,WRIGHTWOOD AVE,41.9275407696,-87.7643509658,POINT (-87.764350965819 41.927540769648)
O1961602,BICYCLE,6feb959c02aa99bb7845e870b4fb0ab8e591c4d7c2cb6c082df14d4551e3afb9b6bc9825a75e358b291e54590972caa985fa5ab1b779b3318e5bf6a1a495ee89,06/11/2023 12:16:00 AM,F,43.0,HELMET NOT USED,STANDING IN ROADWAY,IN ROADWAY,TEST NOT OFFERED,,30,CLEAR,"DARKNESS, LIGHTED ROAD",SIDESWIPE SAME DIRECTION,FOUR WAY,STRAIGHT AND LEVEL,DRY,INJURY AND / OR TOW DUE TO CRASH,CLARK ST,41.9473554395,-87.6568104189,POINT (-87.656810418888 41.947355439462)
O1597779,BICYCLE,29ab7196de63b6b39964f1fef5821c99df711e4c14b60e15e6b99f7a49815737d373b87ab4fd3d517d553ca6648e626d0c9b7fe7b4d8c2f7d0ec647cf0c4ab6c,06/11/2023 12:06:00 AM,M,19.0,HELMET NOT USED,CROSSING - WITH SIGNAL,IN CROSSWALK,TEST NOT OFFERED,,30,CLEAR,"DARKNESS, LIGHTED ROAD",PEDALCYCLIST,DIVIDED - W/MEDIAN (NOT RAISED),STRAIGHT AND LEVEL,DRY,INJURY AND / OR TOW DUE TO CRASH,KEELER AVE,41.9573343072,-87.7327332358,POINT (-87.732733235773 41.957334307207)
O1595257,BICYCLE,e0dca30add5a96b50fec8b299807c3da756d5ed8f6f4d4890568de68de0eaf7a412f774bab5a31fa0dfda9d507434f23e35469269577b7e3145482ac7ec73dcb,06/10/2023 11:46:00 PM,M,14.0,HELMET NOT USED,OTHER ACTION,BIKE LANE,TEST NOT OFFERED,,30,CLEAR,"DARKNESS, LIGHTED ROAD",PEDALCYCLIST,FOUR WAY,STRAIGHT AND LEVEL,DRY,INJURY AND / OR TOW DUE TO CRASH,LARAMIE AVE,41.8869370814,-87.7554591248,POINT (-87.755459124833 41.886937081435)
O1595444,BICYCLE,70430b68d3208967f6f1b78c5e046f0534c13fdbaffbc510b075e51b4dd45e3c90393a79224f3dcb97d1a62dfa475f1cb8003a16c1d06b95d642e796e7fab227,06/10/2023 09:15:00 PM,M,33.0,BICYCLE HELMET (PEDACYCLIST INVOLVED ONLY),CROSSING - WITH SIGNAL,IN ROADWAY,TEST NOT OFFERED,,35,CLEAR,"DARKNESS, LIGHTED ROAD",PEDALCYCLIST,FOUR WAY,STRAIGHT AND LEVEL,DRY,INJURY AND / OR TOW DUE TO CRASH,LAWRENCE AVE,41.9689141215,-87.6597349219,POINT (-87.659734921922 41.968914121508)
O1601847,BICYCLE,38d59cbb3b61642f82db4587b4ac1abebed71e1267763bbc31abbcef762af7bace9f4f9fc5ca5aba3e3738fab435dd5a1b3f2fb373a386892f32cfc30f1f6e3b,06/10/2023 08:04:00 PM,M,35.0,BICYCLE HELMET (PEDACYCLIST INVOLVED ONLY),AGAINST TRAFFIC,BIKEWAY,TEST NOT OFFERED,,30,CLEAR,DUSK,PEDALCYCLIST,NOT DIVIDED,STRAIGHT AND LEVEL,DRY,INJURY AND / OR TOW DUE TO CRASH,LAKE SHORE DR NB,41.9075646512,-87.6256584565,POINT (-87.625658456456 41.907564651195)
O1595125,BICYCLE,2c01b68febe243854c3ce33f76ab63bab6457ad9af9dfcf769f5d5a1dfadebc24f07ff0ade739ac49ceee0aee08f56e68ea8b6bf7a862d9cfbb5adc20060e742,06/10/2023 06:52:00 PM,M,58.0,BICYCLE HELMET (PEDACYCLIST INVOLVED ONLY),CROSSING - NO CONTROLS (NOT AT INTERSECTION),IN ROADWAY,TEST NOT OFFERED,,40,CLEAR,DUSK,PEDALCYCLIST,NOT DIVIDED,STRAIGHT AND LEVEL,DRY,INJURY AND / OR TOW DUE TO CRASH,DEVON AVE,41.9972874143,-87.7827154092,POINT (-87.782715409235 41.997287414272)
O1595097,BICYCLE,5268b0f30a175d19869059444a5c467ede266282201e1c9756277a808bef6d687779e14c44439c7329143efaa99107a6bd6b26973681e5577d86cb3ef3a5e225,06/10/2023 06:30:00 PM,M,23.0,HELMET NOT USED,CROSSING - WITH SIGNAL,IN CROSSWALK,TEST NOT OFFERED,,30,CLEAR,DAYLIGHT,PEDALCYCLIST,FOUR WAY,STRAIGHT AND LEVEL,DRY,INJURY AND / OR TOW DUE TO CRASH,59TH ST,41.7859952562,-87.7279145963,POINT (-87.727914596267 41.785995256241)
O1595017,BICYCLE,3df33785f8462a2e6187dfb2c924cf0751c1903b2d2fb850fc92b9b5548bc0058624585b8cd0946eb7453b9c833d1b4e6ed3db4bbb5480344640375d17b4e076,06/10/2023 05:20:00 PM,M,19.0,BICYCLE HELMET (PEDACYCLIST INVOLVED ONLY),OTHER ACTION,IN ROADWAY,TEST NOT OFFERED,,30,CLEAR,DAYLIGHT,PEDALCYCLIST,NOT DIVIDED,STRAIGHT AND LEVEL,DRY,INJURY AND / OR TOW DUE TO CRASH,RAVEN ST,41.9943531312,-87.7857005216,POINT (-87.785700521578 41.994353131172)
O1595950,BICYCLE,b23d15c05facc9050dd20be34f8c826cadc05e57d51556579c3cb501eeb09aaa23d04a4db277e6716a8b58a3dd1cdec4ccbd4270942b90823382ab928665e648,06/10/2023 02:00:00 PM,M,,BICYCLE HELMET (PEDACYCLIST INVOLVED ONLY),STANDING IN ROADWAY,IN ROADWAY,TEST NOT OFFERED,,30,CLEAR,DAYLIGHT,PEDALCYCLIST,FOUR WAY,STRAIGHT AND LEVEL,DRY,NO INJURY / DRIVE AWAY,59TH ST,41.7866447645,-87.6838659262,POINT (-87.683865926221 41.78664476449)
O1594937,BICYCLE,cc902d87c253cd883ae7edc9af552545834ede641dbefeda925938c454ea3b076f3ffb016346238201e2877530afe2a69298e5d1562d96772af35e8260a6f6ea,06/09/2023 10:30:00 PM,M,42.0,BICYCLE HELMET (PEDACYCLIST INVOLVED ONLY),OTHER ACTION,IN ROADWAY,TEST NOT OFFERED,,30,CLEAR,DAYLIGHT,PEDALCYCLIST,"FIVE POINT, OR MORE",STRAIGHT AND LEVEL,DRY,INJURY AND / OR TOW DUE TO CRASH,LINCOLN AVE,41.9433029258,-87.6713551531,POINT (-87.671355153053 41.943302925848)
O1594670,BICYCLE,a9bb3ab1fc789a09e97a93d4afa03c05857ba1b887019382d1e0e57999ea2aa3af31ec64aa942f1e1285c0026dc0d4acb26252f596d99e48b729696c80d12bd5,06/09/2023 09:45:00 PM,M,32.0,HELMET NOT USED,CROSSING - WITH SIGNAL,IN ROADWAY,TEST NOT OFFERED,,30,UNKNOWN,DARKNESS,PEDALCYCLIST,DIVIDED - W/MEDIAN (NOT RAISED),STRAIGHT AND LEVEL,UNKNOWN,INJURY AND / OR TOW DUE TO CRASH,SHERIDAN RD,41.9401923879,-87.6394079724,POINT (-87.639407972398 41.940192387885)
O1594465,BICYCLE,8041e89b8457c34a5940b5376395642c56ebd80eeb418fec6c1157b4b604af7f7b61cfe8f63f366150cc1c354ed2a77613b1d9ce1025cd7b68a6d533f807384c,06/09/2023 08:32:00 PM,M,39.0,HELMET NOT USED,CROSSING - AGAINST SIGNAL,IN ROADWAY,TEST NOT OFFERED,,30,CLEAR,"DARKNESS, LIGHTED ROAD",PEDALCYCLIST,FOUR WAY,STRAIGHT AND LEVEL,DRY,INJURY AND / OR TOW DUE TO CRASH,INDIANA AVE,41.7943689623,-87.6209833126,POINT (-87.620983312554 41.794368962316)
O1594504,BICYCLE,655a06293b3cd8ab6df5e9e5ead8adaee4059f88ec09bb655a66b84dcbbe5628191a38a3df4001802bb24d090c6f2e1168080cf2019334b22434c5febb490fb1,06/09/2023 06:55:00 PM,M,6.0,HELMET NOT USED,OTHER ACTION,NOT IN ROADWAY,TEST NOT OFFERED,,25,CLEAR,DUSK,PEDALCYCLIST,ALLEY,STRAIGHT AND LEVEL,UNKNOWN,INJURY AND / OR TOW DUE TO CRASH,CLAREMONT AVE,41.9990823747,-87.6885529889,POINT (-87.688552988891 41.999082374697)
O1594375,BICYCLE,3acf43cdc5b02f2140d0f84fc67678f0feef975b05372a15ec9e183175c4b37082cfd3a150b82dbc15bdcaaedf8845d792d434e8ecb4588cd4564e5625744df2,06/09/2023 06:30:00 PM,M,32.0,HELMET NOT USED,CROSSING - WITH SIGNAL,IN ROADWAY,TEST NOT OFFERED,,30,CLEAR,DAYLIGHT,PEDALCYCLIST,NOT DIVIDED,STRAIGHT AND LEVEL,DRY,INJURY AND / OR TOW DUE TO CRASH,18TH ST,41.8576430378,-87.6318500315,POINT (-87.63185003155 41.857643037815)
O1597303,BICYCLE,bed50fe43cebb185b58bf55e43ad1d35f0b3e7f3fdbef5bf47c34d9979e1f73d8c209f201f578c5fcee975a5050f3b58da3cfc429d1cd20182ad40d0d5532046,06/09/2023 05:35:00 PM,F,,BICYCLE HELMET (PEDACYCLIST INVOLVED ONLY),UNKNOWN/NA,BIKE LANE,"TEST PERFORMED, RESULTS UNKNOWN",Y,30,UNKNOWN,DAYLIGHT,PEDALCYCLIST,DIVIDED - W/MEDIAN (NOT RAISED),STRAIGHT AND LEVEL,UNKNOWN,NO INJURY / DRIVE AWAY,MILWAUKEE AVE,41.896218801,-87.6556038946,POINT (-87.65560389462 41.896218800987)
O1594703,BICYCLE,6db19af363b79ed4d107ecee86ad0f587c424f27aa1baa718331c13110c7b8b8f452bc6ce6e8727cbe1dd36ac967cfc5fe3366b482a98a7dbb609717746393c8,06/09/2023 04:30:00 PM,M,23.0,BICYCLE HELMET (PEDACYCLIST INVOLVED ONLY),WITH TRAFFIC,IN ROADWAY,TEST REFUSED,,30,CLEAR,DUSK,PEDALCYCLIST,NOT DIVIDED,STRAIGHT AND LEVEL,DRY,NO INJURY / DRIVE AWAY,BELMONT AVE,41.9383033328,-87.7788383905,POINT (-87.778838390459 41.938303332813)
O1594260,BICYCLE,4b8d2dd058f281cfb7c2504d48c3eece7028577b8fbe425f5dbf4c7b8b91da2b7b708da17d572d4220d73f55cb5ecf758b7186d0d4b3c03e91066c24e0ab5178,06/09/2023 04:02:00 PM,M,35.0,HELMET NOT USED,NO ACTION,IN ROADWAY,TEST NOT OFFERED,,30,CLEAR,DAYLIGHT,PEDALCYCLIST,NOT DIVIDED,STRAIGHT AND LEVEL,DRY,INJURY AND / OR TOW DUE TO CRASH,26TH ST,41.8444847516,-87.715492765,POINT (-87.715492765044 41.844484751603)
O1594228,BICYCLE,fcc2c31c63791a6f4b35162d842bb87428eaad2928eddbff9b72524b922e2adf176c810b6075f070a65b93ef46abc575582a266a7fd4f05a59b332635d60f5d3,06/09/2023 03:33:00 PM,M,40.0,BICYCLE HELMET (PEDACYCLIST INVOLVED ONLY),NO ACTION,BIKEWAY,TEST NOT OFFERED,,30,CLEAR,DAYLIGHT,PEDALCYCLIST,ONE-WAY,STRAIGHT AND LEVEL,DRY,NO INJURY / DRIVE AWAY,WASHINGTON ST,41.8831000298,-87.6343782452,POINT (-87.634378245247 41.883100029814)
O1594122,BICYCLE,619891eeb2777666fe5782c9eda02d448c2b120db7cc9e15f664a57997127edefbbb32edeaa324205356664f61542105b616aa1b83a6fa41decefeabe46081be,06/09/2023 01:30:00 PM,M,,BICYCLE HELMET (PEDACYCLIST INVOLVED ONLY),WITH TRAFFIC,IN ROADWAY,TEST NOT OFFERED,,30,CLEAR,DAYLIGHT,PEDALCYCLIST,NOT DIVIDED,STRAIGHT AND LEVEL,UNKNOWN,NO INJURY / DRIVE AWAY,SHERIDAN RD,41.9527136638,-87.6546389062,POINT (-87.65463890621 41.952713663817)
O1594087,BICYCLE,9ead20b14d68fdc9c6ea1ada9d962511e89d91e6c1c669585ba5e8d2fb581447710c993d8e4d2c06b3ba53c85d4f957172adaa968d1942c3804aed497916e27f,06/09/2023 12:40:00 PM,X,,BICYCLE HELMET (PEDACYCLIST INVOLVED ONLY),TURNING RIGHT,IN ROADWAY,,,30,CLEAR,DAYLIGHT,PEDALCYCLIST,NOT DIVIDED,STRAIGHT AND LEVEL,DRY,NO INJURY / DRIVE AWAY,NORTH AVE,41.9104371312,-87.6868237881,POINT (-87.686823788123 41.910437131195)
O1593937,BICYCLE,bc3578bc7345f39a3a9302948228311b6fec0d1b471b3522de4d3b33265bca208155fe6fff7713db295641ab033b6c469fd15d9be156b0b541324141a4efee13,06/09/2023 08:40:00 AM,F,31.0,BICYCLE HELMET (PEDACYCLIST INVOLVED ONLY),WITH TRAFFIC,BIKEWAY,TEST NOT OFFERED,,30,CLEAR,DAYLIGHT,PEDALCYCLIST,DRIVEWAY,STRAIGHT AND LEVEL,DRY,NO INJURY / DRIVE AWAY,WASHINGTON ST,41.8830982388,-87.6332431109,POINT (-87.633243110947 41.883098238776)
O1594407,BICYCLE,8f47e2b13a1ea6c8e93d9b3b28e5ddcb098b593e2e3affef970ae2921e3dd51ef6889149d74fcb6b9890aabfb6464531a2d15bd5dd9e6672ee157e0b44b15a35,06/08/2023 10:30:00 PM,F,34.0,HELMET NOT USED,CROSSING - NO CONTROLS (AT INTERSECTION),IN ROADWAY,TEST NOT OFFERED,,30,CLEAR,"DARKNESS, LIGHTED ROAD",PEDALCYCLIST,FOUR WAY,STRAIGHT AND LEVEL,DRY,INJURY AND / OR TOW DUE TO CRASH,RANDOLPH ST,41.8842772159,-87.6486585296,POINT (-87.648658529598 41.884277215861)
O1593736,BICYCLE,f08487bb83b14d361d3bc349a21ca2266bea234dad657ac0c4bf9f50f4fddb5c60ef5eb5b9694fae09e04f06c94d04179009664c6eb8d9cfbe6b6825d6b208e4,06/08/2023 06:08:00 PM,M,49.0,BICYCLE HELMET (PEDACYCLIST INVOLVED ONLY),WITH TRAFFIC,IN ROADWAY,TEST NOT OFFERED,,30,CLEAR,DAYLIGHT,PEDALCYCLIST,DIVIDED - W/MEDIAN (NOT RAISED),STRAIGHT AND LEVEL,DRY,INJURY AND / OR TOW DUE TO CRASH,ARMITAGE AVE,41.9180200876,-87.6517517471,POINT (-87.651751747126 41.918020087597)
O1593710,BICYCLE,c39f99b64d8f8887906bc6014c2052f88f978b52d398e4af953f872426d3c4320223d864bc6d4b4787e8f330cdeceb304a7a0ab1ce3d5604bde21624a0e007cb,06/08/2023 05:20:00 PM,M,39.0,BICYCLE HELMET (PEDACYCLIST INVOLVED ONLY),NO ACTION,BIKEWAY,TEST NOT OFFERED,,30,CLEAR,DAYLIGHT,PEDALCYCLIST,NOT DIVIDED,STRAIGHT AND LEVEL,UNKNOWN,INJURY AND / OR TOW DUE TO CRASH,DAMEN AVE,41.9332386989,-87.6782942993,POINT (-87.678294299336 41.933238698928)
O1593590,BICYCLE,d188fdd4121073efa56f748d198ad29103c41905cd860e5146d99b17053f11f31d495bef34d111c2eb7db5c442c7570cb168641d2c84ba507fb9a2d73ad0e2df,06/08/2023 03:41:00 PM,M,28.0,BICYCLE HELMET (PEDACYCLIST INVOLVED ONLY),CROSSING - AGAINST SIGNAL,BIKE LANE,TEST NOT OFFERED,,30,CLEAR,DAYLIGHT,PEDALCYCLIST,FOUR WAY,STRAIGHT AND LEVEL,DRY,INJURY AND / OR TOW DUE TO CRASH,PETERSON AVE,41.9909063173,-87.6701144927,POINT (-87.670114492663 41.99090631734)
O1593515,BICYCLE,71c857e4c5de1561974aadfbd9014971f8516f1139424ad710c87259991e5cdc59797f801cec8512b770c3ea5fe87ce005e92f95da27e2b26c518df46c1fb280,06/08/2023 03:26:00 PM,M,63.0,HELMET NOT USED,CROSSING - WITH SIGNAL,IN ROADWAY,TEST NOT OFFERED,,30,CLEAR,DAYLIGHT,PEDALCYCLIST,UNKNOWN INTERSECTION TYPE,STRAIGHT AND LEVEL,DRY,INJURY AND / OR TOW DUE TO CRASH,CLARK ST,41.9444677701,-87.654082824,POINT (-87.654082824047 41.944467770059)
O1593505,BICYCLE,e456e5b5c94c11f6565a7793f7bb205c507aa24b456164c5f5d3b061ea34cbc624b49fe1919d48f3feae4b420d377631d02f4f9806292df8d7db58a39a4141ed,06/08/2023 03:06:00 PM,M,63.0,HELMET NOT USED,NOT AT INTERSECTION,UNKNOWN/NA,TEST NOT OFFERED,,15,CLEAR,DAYLIGHT,PEDALCYCLIST,ALLEY,STRAIGHT AND LEVEL,DRY,NO INJURY / DRIVE AWAY,CALIFORNIA AVE,41.8281584037,-87.6946143518,POINT (-87.694614351767 41.828158403699)
O1593507,BICYCLE,014393c2e1a4bce9f0a3941240ac0c26508265c458292a1ae338b5f8e03de486b58087d8e5e1eb9440b8d54afd4281c1554092774bf550bcfe49cd08feaa038e,06/08/2023 02:24:00 PM,M,15.0,HELMET NOT USED,CROSSING - CONTROLS PRESENT (NOT AT INTERSECTION),IN CROSSWALK,TEST NOT OFFERED,,30,CLEAR,DAYLIGHT,PEDALCYCLIST,NOT DIVIDED,STRAIGHT AND LEVEL,DRY,INJURY AND / OR TOW DUE TO CRASH,PULASKI RD,41.9152588457,-87.726357165,POINT (-87.726357164981 41.915258845662)
O1593512,BICYCLE,8bed9b9496fdf735c0cbff77eda18192f6c4b20ab1f1e9f9fc115166730a74245fab2dedcf2d978fbef7221070737b4bd651fa3c750ebcfe1391bf7e6bac632b,06/08/2023 01:15:00 PM,F,31.0,BICYCLE HELMET (PEDACYCLIST INVOLVED ONLY),WITH TRAFFIC,BIKE LANE,TEST NOT OFFERED,,30,CLEAR,DAYLIGHT,PEDALCYCLIST,NOT DIVIDED,STRAIGHT AND LEVEL,DRY,NO INJURY / DRIVE AWAY,MILWAUKEE AVE,41.894696339,-87.6527954206,POINT (-87.652795420646 41.894696338988)
O1594020,BICYCLE,dfc2951871be2888b9aad770b0fa9ab3cb8eeda8fb86d3ab3c216defa347e2ffd419b3b80394f1becbf8528f967cfe48e58f93201c2b1aa5a5f1839fe84bc581,06/08/2023 01:00:00 PM,M,28.0,HELMET NOT USED,OTHER ACTION,IN ROADWAY,TEST NOT OFFERED,,30,CLEAR,DAYLIGHT,PEDALCYCLIST,UNKNOWN INTERSECTION TYPE,STRAIGHT AND LEVEL,DRY,INJURY AND / OR TOW DUE TO CRASH,AUGUSTA BLVD,41.8990606613,-87.708882578,POINT (-87.708882577975 41.899060661262)
O1593436,BICYCLE,80129185df5563fa5730dfb604219bb7be9555af610558045f3bb1d02a55c3e3456f509d8e135ad1a7dba28dcf5e645bf8aadcac16d57a9a1a7dc4c1bf8e68ae,06/08/2023 12:31:00 PM,M,28.0,BICYCLE HELMET (PEDACYCLIST INVOLVED ONLY),WITH TRAFFIC,IN ROADWAY,TEST NOT OFFERED,,30,CLEAR,DAYLIGHT,PEDALCYCLIST,DIVIDED - W/MEDIAN (NOT RAISED),STRAIGHT AND LEVEL,DRY,INJURY AND / OR TOW DUE TO CRASH,DIVERSEY PKWY,41.9324162241,-87.6764365851,POINT (-87.676436585059 41.932416224144)
O1593417,BICYCLE,6123407c979a491344132c8f634636c30dd89a528e9d7ceb524ed46292d7b976b1d719d570831619237951f9666d92a3612f1ebdaf5a87fec24c47b51a18e6de,06/08/2023 11:30:00 AM,M,,HELMET NOT USED,WITH TRAFFIC,BIKEWAY,TEST NOT OFFERED,,30,CLEAR,DAYLIGHT,PEDALCYCLIST,NOT DIVIDED,STRAIGHT AND LEVEL,UNKNOWN,INJURY AND / OR TOW DUE TO CRASH,LAWRENCE AVE,41.9689560679,-87.6723534126,POINT (-87.672353412594 41.968956067872)
O1593362,BICYCLE,b7caf7f11b537092cf102e8f9e492455c68a455e628e6b6ddb1ce29791cbe3788f6fc9bac08c61c27306969aa2aea04a5780f70c00b06e2a4526872162766310,06/08/2023 10:40:00 AM,M,44.0,HELMET NOT USED,OTHER ACTION,IN ROADWAY,TEST NOT OFFERED,,30,CLEAR,DAYLIGHT,PEDALCYCLIST,NOT DIVIDED,STRAIGHT AND LEVEL,DRY,INJURY AND / OR TOW DUE TO CRASH,TOUHY AVE,42.0126836044,-87.6782938185,POINT (-87.678293818494 42.012683604389)
O1593382,BICYCLE,c0a78333183c8d38a4193cd9959b661178dc5f85714a39138e1b5d09150ae2a026c77bac54db4824d9f7d4c15b3682cee807c780c2c6a0d6bc50866c147b02e2,06/08/2023 10:30:00 AM,M,26.0,HELMET NOT USED,WITH TRAFFIC,IN ROADWAY,TEST NOT OFFERED,,35,CLEAR,DAYLIGHT,PEDALCYCLIST,NOT DIVIDED,STRAIGHT AND LEVEL,DRY,NO INJURY / DRIVE AWAY,KIMBALL AVE,41.9678557164,-87.7134972229,POINT (-87.713497222938 41.967855716436)
O1593321,BICYCLE,7ce061f04294ad95f8d431a906340a6b1b34fb5ce2d8e3be09de553580571bf47c6ab54c14e11b7a1acb097c871290bd106d2122d9bffd246022a5914ee24728,06/08/2023 09:46:00 AM,M,42.0,HELMET NOT USED,CROSSING - WITH SIGNAL,IN ROADWAY,TEST NOT OFFERED,,30,CLEAR,DAYLIGHT,PEDALCYCLIST,NOT DIVIDED,STRAIGHT AND LEVEL,DRY,INJURY AND / OR TOW DUE TO CRASH,CENTRAL AVE,41.8878631596,-87.7652701605,POINT (-87.765270160538 41.887863159627)
O1593267,BICYCLE,2bcd1ebef30a4aeff40c8dba487a4b70f0585f550ccc80f04506bcd2b32319bee92232a5b02accc8f21336f6f14d505524869b78b547b595f124df620fa1fe3b,06/08/2023 07:50:00 AM,F,27.0,BICYCLE HELMET (PEDACYCLIST INVOLVED ONLY),WITH TRAFFIC,BIKE LANE,TEST NOT OFFERED,,30,CLEAR,DAYLIGHT,TURNING,NOT DIVIDED,STRAIGHT AND LEVEL,DRY,INJURY AND / OR TOW DUE TO CRASH,ELSTON AVE,41.9635861038,-87.7333378089,POINT (-87.733337808884 41.963586103835)
O1593040,BICYCLE,8ab6ba95ebd11a03252515d4c3c585deb90d8e3ea506344dfe2fdf560fb31dcd35e8601698712ae63c04e6237fe2c0639c7532a6684a9b1a820a4bd686807f76,06/07/2023 06:59:00 PM,M,16.0,HELMET NOT USED,UNKNOWN/NA,IN CROSSWALK,TEST NOT OFFERED,,25,CLEAR,DAYLIGHT,PEDALCYCLIST,FOUR WAY,STRAIGHT AND LEVEL,DRY,INJURY AND / OR TOW DUE TO CRASH,WINCHESTER AVE,42.0167014206,-87.6792084148,POINT (-87.679208414836 42.0167014206)
O1593087,BICYCLE,6ff8c7cabbcc6325901db3ed4010cee20fac739aea67aa55e58a09eff312fbe00ce8dd4cc782e70c36c2c8fd12cc4e0b3eb175563b83231975fd7c7f4a7d10bd,06/07/2023 06:50:00 PM,M,16.0,HELMET NOT USED,UNKNOWN/NA,IN ROADWAY,TEST NOT OFFERED,,30,CLEAR,DAYLIGHT,PEDALCYCLIST,NOT DIVIDED,STRAIGHT AND LEVEL,DRY,INJURY AND / OR TOW DUE TO CRASH,CORNELL AVE,41.8012925366,-87.5863149391,POINT (-87.586314939113 41.801292536557)
O1593005,BICYCLE,16cf948c6f449207f8b1c4aa52bfe2a776aad9b4dcbcb2df5dad751916fbe622bb752e666b2ffaf990d5ee2dc0b3cff51cc44f28d11a89e193bf21baa2456599,06/07/2023 04:15:00 PM,M,20.0,HELMET NOT USED,CROSSING - CONTROLS PRESENT (NOT AT INTERSECTION),IN ROADWAY,TEST NOT OFFERED,,30,CLEAR,DAYLIGHT,PEDALCYCLIST,NOT DIVIDED,STRAIGHT AND LEVEL,DRY,INJURY AND / OR TOW DUE TO CRASH,MICHIGAN AVE,41.679830589,-87.6207140271,POINT (-87.620714027077 41.679830589026)