PERSON_ID,PERSON_TYPE,CRASH_RECORD_ID,CRASH_DATE_x,SEX,AGE,SAFETY_EQUIPMENT,PEDPEDAL_ACTION,PEDPEDAL_LOCATION,BAC_RESULT,CRASH_DATE_EST_I,POSTED_SPEED_LIMIT,WEATHER_CONDITION,LIGHTING_CONDITION,FIRST_CRASH_TYPE,TRAFFICWAY_TYPE,ALIGNMENT,ROADWAY_SURFACE_COND,CRASH_TYPE,STREET_NAME,LATITUDE,LONGITUDE,LOCATION
O1592760,BICYCLE,9f32e3c46c84e83f73354ce93ef07b44c2346054b3bfab062b54c4e3011d08b711eb397c3c5cb77cacf44017b4b80480651ac6a8102120e8c2578fa49ffe42c2,06/07/2023 01:44:00 PM,M,26.0,HELMET NOT USED,WITH TRAFFIC,IN ROADWAY,TEST NOT OFFERED,,30,CLEAR,DAYLIGHT,PEDALCYCLIST,NOT DIVIDED,STRAIGHT AND LEVEL,DRY,NO INJURY / DRIVE AWAY,79TH ST,41.751227836,-87.6003967152,POINT (-87.600396715153 41.751227836038)
O1593211,BICYCLE,26b5ccfacf031d94be51a55e1fe0aa4f33bffada655e9ffdf18e2cd6727d0fe5117c912e6a38d46edfcbe6a6a88c7f3b42a303ccca2a33bf192750cbb1241ed3,06/07/2023 01:00:00 PM,M,18.0,HELMET NOT USED,CROSSING - NO CONTROLS (AT INTERSECTION),IN ROADWAY,TEST NOT OFFERED,,30,CLEAR,DAYLIGHT,PEDALCYCLIST,NOT DIVIDED,STRAIGHT AND LEVEL,DRY,INJURY AND / OR TOW DUE TO CRASH,RIDGE AVE,41.9956493291,-87.6755980161,POINT (-87.675598016125 41.995649329051)
O1592702,BICYCLE,710da842cba7ad071e40b0f6a5803092d680d51fdba46f4bec661e27cc112123305efef9acc2b402316cb91d12ebdd836958cd5d89e4fe2c02f9d8d2f19a8cb3,06/07/2023 11:28:00 AM,M,21.0,HELMET NOT USED,CROSSING - NO CONTROLS (NOT AT INTERSECTION),IN ROADWAY,TEST NOT OFFERED,,30,CLEAR,DAYLIGHT,PEDALCYCLIST,ALLEY,STRAIGHT AND LEVEL,DRY,INJURY AND / OR TOW DUE TO CRASH,LECLAIRE AVE,41.9345088845,-87.7542286576,POINT (-87.75422865764 41.934508884526)
O1593025,BICYCLE,bb98dd63ccfa5b7496ba59f89ee250cdcac196ec6c77119b3afd29c49737f2bd6df91903a1fd0943c4f118b5dc175e1d002bdc2f2abf2ecda281bd43887258d9,06/06/2023 06:30:00 PM,F,35.0,BICYCLE HELMET (PEDACYCLIST INVOLVED ONLY),WITH TRAFFIC,IN ROADWAY,TEST NOT OFFERED,,30,CLEAR,DAYLIGHT,PEDALCYCLIST,DIVIDED - W/MEDIAN (NOT RAISED),STRAIGHT AND LEVEL,DRY,INJURY AND / OR TOW DUE TO CRASH,CHICAGO AVE,41.8956142622,-87.7116815084,POINT (-87.711681508446 41.895614262196)
O1593695,BICYCLE,dd114a0277db85fa05c23abce09a47f76be7703ff5aa867c6cec41b603640e52b0c3a9bd7d94da7bf49210257b14d4fb09bbb9c064da4270bcb94af48d1c2b53,06/06/2023 05:30:00 PM,M,32.0,HELMET NOT USED,TURNING RIGHT,BIKE LANE,TEST NOT OFFERED,,30,UNKNOWN,UNKNOWN,PEDALCYCLIST,T-INTERSECTION,STRAIGHT AND LEVEL,UNKNOWN,INJURY AND / OR TOW DUE TO CRASH,MILWAUKEE AVE,41.8938344043,-87.6514628691,POINT (-87.651462869126 41.89383440428)
O1592264,BICYCLE,a0bda5893c7849e7fd4450cf641b613358dc6610bc32fab24f59c37d9bb062678cfff0f8f70018593301187ad5d22a93747fcee50f6221f6f1ece3f592b7801a,06/06/2023 05:02:00 PM,M,29.0,BICYCLE HELMET (PEDACYCLIST INVOLVED ONLY),WITH TRAFFIC,IN ROADWAY,TEST NOT OFFERED,,30,CLEAR,DAYLIGHT,PEDALCYCLIST,DIVIDED - W/MEDIAN (NOT RAISED),STRAIGHT AND LEVEL,DRY,INJURY AND / OR TOW DUE TO CRASH,LINCOLN AVE,41.9211623645,-87.6425610317,POINT (-87.642561031686 41.921162364453)
O1592968,BICYCLE,e83f4cf01354a15d8f760e36f3f37ff94f661b43546df2504dfd6ecf6ceb5b76806a3f20c70313096f9a022d14b885b5e8ce51f83e32b75a883056342dd63d0e,06/06/2023 04:45:00 PM,F,,HELMET NOT USED,ENTER FROM DRIVE/ALLEY,UNKNOWN/NA,,,10,CLEAR,DAYLIGHT,PEDALCYCLIST,ALLEY,STRAIGHT AND LEVEL,UNKNOWN,NO INJURY / DRIVE AWAY,CLARK ST,41.9427613984,-87.6527756118,POINT (-87.652775611761 41.942761398392)
O1592243,BICYCLE,5f7cfdbc12045de601f50b409a8fced8b9d3d85b5743c5339707f075e1a49289097afe6ed595a3f461e019af7f84745b2b3ae5235cb2c1874ebb8c2bda93ede3,06/06/2023 04:35:00 PM,F,20.0,HELMET NOT USED,CROSSING - WITH SIGNAL,IN CROSSWALK,TEST NOT OFFERED,,35,CLEAR,DAYLIGHT,PEDALCYCLIST,NOT DIVIDED,STRAIGHT AND LEVEL,DRY,INJURY AND / OR TOW DUE TO CRASH,ASHLAND AVE,41.6848710112,-87.6614553099,POINT (-87.661455309919 41.684871011176)
O1591985,BICYCLE,0b286a2e817f9e7f3a7ee7cff7e35f71abbbb91767d5b9af9fbe80a77bacaf4618c7a634ffa9d992e8f6478c5c8b054dff0ad9c9baaa1fdb8ed326f6d468ad62,06/06/2023 11:20:00 AM,M,14.0,BICYCLE HELMET (PEDACYCLIST INVOLVED ONLY),OTHER ACTION,IN CROSSWALK,,,15,CLEAR,DAYLIGHT,PEDALCYCLIST,ALLEY,STRAIGHT AND LEVEL,DRY,INJURY AND / OR TOW DUE TO CRASH,33RD ST,41.8338692517,-87.6789922414,POINT (-87.678992241428 41.833869251745)
O1592066,NON-MOTOR VEHICLE,704ede23b80bb145264d51105091877ab3ec141d0e4126188264c4ed882e7e24186c8c823d54679bf16a5ee72582c3d8a6b49b7ef743c5ac352ae40bcc6eb8dc,06/06/2023 10:47:00 AM,,,,,,,,10,CLEAR,DAYLIGHT,FIXED OBJECT,OTHER,STRAIGHT AND LEVEL,DRY,NO INJURY / DRIVE AWAY,92ND ST,41.7281502213,-87.5504741449,POINT (-87.550474144876 41.728150221263)
O1591785,BICYCLE,38cfb2f64fa05f4e96042f684ef99ff45f57e45067f575c1f87911f49ffc70cbc1a9c75edf18d33313b8fcc8e622078f90e7a6b70e802b20496aa58cd1d68af0,06/06/2023 07:18:00 AM,M,53.0,BICYCLE HELMET (PEDACYCLIST INVOLVED ONLY),NO ACTION,IN ROADWAY,TEST NOT OFFERED,,35,CLEAR,DAYLIGHT,PEDALCYCLIST,NOT DIVIDED,STRAIGHT AND LEVEL,DRY,INJURY AND / OR TOW DUE TO CRASH,CLYBOURN AVE,41.9175817916,-87.6590228977,POINT (-87.659022897666 41.917581791564)
O1591736,BICYCLE,e049149810a7932f9366875eb9e703258f76a441fddc5c9e58433285d654e115ec3f26ad3769b46abe1385d23e1ff09fd3d54badfe15c5517d0fe44fe2e118cc,06/06/2023 06:55:00 AM,M,24.0,HELMET NOT USED,UNKNOWN/NA,IN ROADWAY,TEST NOT OFFERED,,30,CLEAR,DAYLIGHT,PEDALCYCLIST,ALLEY,STRAIGHT AND LEVEL,DRY,INJURY AND / OR TOW DUE TO CRASH,WRIGHTWOOD AVE,41.9281578427,-87.7160808111,POINT (-87.716080811055 41.928157842672)
O1591689,BICYCLE,32cfce6c8618eab0c8f02e0f89551c37ad40154a6eeb1df083d4eaad7ebf08ecd9c5098b178ea8d5d0b00778920dadac304f52043f0bb4676fa7758521588108,06/06/2023 12:50:00 AM,M,23.0,BICYCLE HELMET (PEDACYCLIST INVOLVED ONLY),STANDING IN ROADWAY,IN ROADWAY,TEST NOT OFFERED,,30,CLEAR,"DARKNESS, LIGHTED ROAD",PEDALCYCLIST,FOUR WAY,STRAIGHT AND LEVEL,DRY,NO INJURY / DRIVE AWAY,DAMEN AVE,41.921302559,-87.6776025633,POINT (-87.677602563345 41.92130255902)
O1591682,BICYCLE,e4720e70777d379b00c24f2bfa9d6410591048eff69b1e2093c414501bec953bf8ad6771170009a6e6a9615d2018fcc569411ffda05f8349d2e23017ef7b8c21,06/05/2023 11:33:00 PM,M,43.0,HELMET NOT USED,CROSSING - AGAINST SIGNAL,IN ROADWAY,TEST NOT OFFERED,,30,CLEAR,"DARKNESS, LIGHTED ROAD",PEDALCYCLIST,FOUR WAY,STRAIGHT AND LEVEL,DRY,INJURY AND / OR TOW DUE TO CRASH,PULASKI RD,41.9282219068,-87.727024943,POINT (-87.727024942983 41.928221906766)
O1591643,BICYCLE,76800c7142ceb01cbfc64b61d92482069e6a44e0ff2743f05a8ca3258baae5e6353fc8d18d5d85e71cc56554e5e243720a5e65ccbb71e6040ff5bcbc130b5125,06/05/2023 09:44:00 PM,M,30.0,BICYCLE HELMET (PEDACYCLIST INVOLVED ONLY),CROSSING - AGAINST SIGNAL,IN ROADWAY,TEST NOT OFFERED,,30,CLEAR,"DARKNESS, LIGHTED ROAD",PEDALCYCLIST,NOT DIVIDED,STRAIGHT AND LEVEL,UNKNOWN,NO INJURY / DRIVE AWAY,MONTROSE AVE,41.9611175054,-87.7229935764,POINT (-87.722993576418 41.961117505421)
O1591594,BICYCLE,0924791727c4d59a90f1306721ab9c2d8c84919073ec7c13d839c98d523ef1b7df9d0955e5b3f9184e0fed364e504087ec251a87e739e14208364153bac94c7f,06/05/2023 06:45:00 PM,F,17.0,BICYCLE HELMET (PEDACYCLIST INVOLVED ONLY),CROSSING - NO CONTROLS (NOT AT INTERSECTION),IN ROADWAY,TEST NOT OFFERED,,30,CLEAR,DAYLIGHT,OTHER OBJECT,DIVIDED - W/MEDIAN BARRIER,STRAIGHT AND LEVEL,DRY,INJURY AND / OR TOW DUE TO CRASH,INDEPENDENCE BLVD,41.8700492496,-87.7203926832,POINT (-87.720392683229 41.870049249623)
O1591556,BICYCLE,0fb8223eb376df9c7ad83069a1a96e59e799869fa2899138475ed34448422ddca14a808950e64a66baa9893ea234658d54a546646b4ff95d7f914787681a0c1f,06/05/2023 06:30:00 PM,M,5.0,BICYCLE HELMET (PEDACYCLIST INVOLVED ONLY),WITH TRAFFIC,BIKE LANE,TEST NOT OFFERED,,30,CLEAR,DAYLIGHT,PEDALCYCLIST,NOT DIVIDED,STRAIGHT AND LEVEL,UNKNOWN,INJURY AND / OR TOW DUE TO CRASH,DAMEN AVE,41.9646601456,-87.6789249358,POINT (-87.678924935789 41.964660145647)
O1591570,BICYCLE,3d4fba7bdbded4cf79a89eac1b596d4278bd9f1cdb0b71d92e174fc56d70ef1346e38554226d59e991087a490494e8ae0c2483fa081d6250cb067819f7d925bb,06/05/2023 06:30:00 PM,M,22.0,HELMET NOT USED,WITH TRAFFIC,BIKEWAY,TEST NOT OFFERED,,30,CLEAR,DAYLIGHT,PEDALCYCLIST,DIVIDED - W/MEDIAN (NOT RAISED),STRAIGHT AND LEVEL,DRY,INJURY AND / OR TOW DUE TO CRASH,DIVERSEY AVE,41.9315832222,-87.7344033708,POINT (-87.734403370823 41.931583222165)
O1591571,BICYCLE,3d4fba7bdbded4cf79a89eac1b596d4278bd9f1cdb0b71d92e174fc56d70ef1346e38554226d59e991087a490494e8ae0c2483fa081d6250cb067819f7d925bb,06/05/2023 06:30:00 PM,M,16.0,HELMET NOT USED,WITH TRAFFIC,IN ROADWAY,TEST NOT OFFERED,,30,CLEAR,DAYLIGHT,PEDALCYCLIST,DIVIDED - W/MEDIAN (NOT RAISED),STRAIGHT AND LEVEL,DRY,INJURY AND / OR TOW DUE TO CRASH,DIVERSEY AVE,41.9315832222,-87.7344033708,POINT (-87.734403370823 41.931583222165)
O1617178,BICYCLE,3d4fba7bdbded4cf79a89eac1b596d4278bd9f1cdb0b71d92e174fc56d70ef1346e38554226d59e991087a490494e8ae0c2483fa081d6250cb067819f7d925bb,06/05/2023 06:30:00 PM,M,22.0,HELMET NOT USED,WITH TRAFFIC,BIKEWAY,TEST NOT OFFERED,,30,CLEAR,DAYLIGHT,PEDALCYCLIST,DIVIDED - W/MEDIAN (NOT RAISED),STRAIGHT AND LEVEL,DRY,INJURY AND / OR TOW DUE TO CRASH,DIVERSEY AVE,41.9315832222,-87.7344033708,POINT (-87.734403370823 41.931583222165)
O1617179,BICYCLE,3d4fba7bdbded4cf79a89eac1b596d4278bd9f1cdb0b71d92e174fc56d70ef1346e38554226d59e991087a490494e8ae0c2483fa081d6250cb067819f7d925bb,06/05/2023 06:30:00 PM,M,16.0,HELMET NOT USED,WITH TRAFFIC,IN ROADWAY,TEST NOT OFFERED,,30,CLEAR,DAYLIGHT,PEDALCYCLIST,DIVIDED - W/MEDIAN (NOT RAISED),STRAIGHT AND LEVEL,DRY,INJURY AND / OR TOW DUE TO CRASH,DIVERSEY AVE,41.9315832222,-87.7344033708,POINT (-87.734403370823 41.931583222165)
O1591521,BICYCLE,6e796a2f8bad17040ad30c76a2122ae7a6aa9e62c52c4186080fd506a12a8e5da1d23604e4e422449537df31f20c89a88be44f666ccdb1321d7c3e947e05fc1b,06/05/2023 05:20:00 PM,M,,HELMET NOT USED,UNKNOWN/NA,UNKNOWN/NA,TEST NOT OFFERED,,35,UNKNOWN,UNKNOWN,PEDALCYCLIST,NOT DIVIDED,STRAIGHT AND LEVEL,UNKNOWN,NO INJURY / DRIVE AWAY,HARRISON ST,41.8746625522,-87.6276634418,POINT (-87.627663441802 41.874662552166)
O1591507,BICYCLE,744e26416ed57669ede58f10df66d983c8dfd877242fa1dd12b5e2509160fcd8250cc0d19d7278e6337208215e4d36685ba9020322f06ec18662b171bc1260fa,06/05/2023 04:49:00 PM,M,21.0,BICYCLE HELMET (PEDACYCLIST INVOLVED ONLY),WITH TRAFFIC,BIKEWAY,TEST NOT OFFERED,Y,30,CLEAR,DAYLIGHT,PEDALCYCLIST,DIVIDED - W/MEDIAN BARRIER,STRAIGHT AND LEVEL,DRY,INJURY AND / OR TOW DUE TO CRASH,CHICAGO AVE,41.8964546047,-87.6505125335,POINT (-87.650512533481 41.89645460472)
O1591354,BICYCLE,973b67762fddc80ab035f3353b3eb75caa0e1af47637f19b7bc0f424d6eb123e0e521d3b43f8e7cd1cb8c27fa6db01dbe2557343317d9c79d6355596e3f0caaa,06/05/2023 03:30:00 PM,M,18.0,BICYCLE HELMET (PEDACYCLIST INVOLVED ONLY),TURNING LEFT,IN ROADWAY,TEST NOT OFFERED,,30,CLEAR,DAYLIGHT,PEDALCYCLIST,ALLEY,STRAIGHT AND LEVEL,DRY,INJURY AND / OR TOW DUE TO CRASH,WESTERN AVE,41.9966768574,-87.6899957552,POINT (-87.689995755163 41.996676857377)
O1591348,BICYCLE,6cb56c8785b96047351008461eae5568424dae5a9e1a2f4a9c0c13f000721d8d7297bdda18632fafc6272d67a6005c245b81ae56b8ba80507fea4666ae49fd9d,06/05/2023 03:10:00 PM,M,12.0,HELMET NOT USED,TURNING LEFT,UNKNOWN/NA,TEST NOT OFFERED,,30,CLEAR,DAYLIGHT,PEDALCYCLIST,NOT DIVIDED,STRAIGHT AND LEVEL,DRY,INJURY AND / OR TOW DUE TO CRASH,ADAMS ST,41.8789271258,-87.6717485454,POINT (-87.671748545396 41.87892712582)
O1591312,BICYCLE,76a9fa81ec1d54200951bffc40c175f062b7a453f0775721a4f4ab88669042f73fd230a1c0d20a10f9d302f4c3973937e4b2dee1f15a40444b7925a5aa21404e,06/05/2023 02:45:00 PM,M,51.0,HELMET NOT USED,UNKNOWN/NA,NOT IN ROADWAY,TEST NOT OFFERED,,30,CLEAR,DAYLIGHT,OTHER OBJECT,ALLEY,STRAIGHT AND LEVEL,DRY,NO INJURY / DRIVE AWAY,49TH ST,41.8040884213,-87.7241798743,POINT (-87.72417987435 41.804088421253)
O1591239,BICYCLE,cb38518a33644396965e8e49375075289c786b9341996cc6b88114479945d959d30212b8f71587dffe393c00989fb132d73ba45a3f1fb7a0f7297afb2965f381,06/05/2023 12:30:00 PM,M,72.0,HELMET NOT USED,ENTER FROM DRIVE/ALLEY,IN ROADWAY,TEST NOT OFFERED,,20,CLEAR,DAYLIGHT,PEDALCYCLIST,OTHER,STRAIGHT AND LEVEL,DRY,INJURY AND / OR TOW DUE TO CRASH,ADAMS ST,41.8791645354,-87.6574006829,POINT (-87.657400682912 41.879164535396)
O1590985,BICYCLE,2afeaf0da53c93ed756f0a92e08854114e5791d2a88ef94716033018368a76377af78d6823d76fe91c6dced965780af754d2368ee56939c5dd4a116b504fad21,06/05/2023 03:49:00 AM,M,38.0,HELMET NOT USED,UNKNOWN/NA,IN ROADWAY,TEST NOT OFFERED,,25,CLEAR,"DARKNESS, LIGHTED ROAD",PEDALCYCLIST,NOT DIVIDED,STRAIGHT AND LEVEL,DRY,INJURY AND / OR TOW DUE TO CRASH,CLARENDON AVE,41.9546185577,-87.6495546428,POINT (-87.649554642815 41.954618557684)
O1590847,BICYCLE,214ee96cb7b177b1526abc6ba712e109fb030c636078883dccb416168d3aed8488c5f4300c0650a9edad23b1be30111e1edc6f2fcc04774480cd0d6645aa83e8,06/04/2023 05:45:00 PM,M,20.0,HELMET NOT USED,UNKNOWN/NA,IN CROSSWALK,TEST NOT OFFERED,,30,CLEAR,DAYLIGHT,PEDALCYCLIST,NOT DIVIDED,STRAIGHT AND LEVEL,DRY,NO INJURY / DRIVE AWAY,PULASKI RD,41.9391381535,-87.7273337101,POINT (-87.727333710143 41.9391381535)
O1590819,BICYCLE,783fbf295855c89ec5cd6a55ee0b59e157d56da6521744655f36c3bfe1b799976538299da49cbd60fa852439a2e582be2fc5f04ae67e2d05667155b05d886d85,06/04/2023 05:17:00 PM,M,31.0,HELMET NOT USED,WITH TRAFFIC,BIKE LANE,TEST NOT OFFERED,,30,CLEAR,DAYLIGHT,PARKED MOTOR VEHICLE,NOT DIVIDED,STRAIGHT AND LEVEL,DRY,INJURY AND / OR TOW DUE TO CRASH,LINCOLN AVE,41.9420843494,-87.6705040182,POINT (-87.670504018165 41.942084349382)
O1590746,BICYCLE,4aab8483b9bff5b745d403a11129f3778b8f41d2f1e4cb8c65dc967de870c2dafe68a89cf1dc82354513174dc6e429e652389d42903323e388a753238f02d87c,06/04/2023 04:20:00 PM,M,25.0,BICYCLE HELMET (PEDACYCLIST INVOLVED ONLY),NO ACTION,IN ROADWAY,TEST NOT OFFERED,,30,CLEAR,DAYLIGHT,PEDALCYCLIST,ONE-WAY,STRAIGHT AND LEVEL,DRY,INJURY AND / OR TOW DUE TO CRASH,ARGYLE ST,41.9717685911,-87.7286171784,POINT (-87.728617178431 41.971768591133)
O1590749,BICYCLE,70ad45a1668b1e9a9d599f489994a0e16ae84b09b9db6ed77489ce5c85eaadfc0ee2ad0f47e61c1a26e1b291581b904ee684893fe2cc0ba38c8126eed504b2e5,06/04/2023 03:20:00 PM,F,31.0,HELMET NOT USED,CROSSING - WITH SIGNAL,IN ROADWAY,TEST NOT OFFERED,,30,CLEAR,DAYLIGHT,PEDALCYCLIST,FOUR WAY,STRAIGHT AND LEVEL,DRY,INJURY AND / OR TOW DUE TO CRASH,CERMAK RD,41.8522064512,-87.6808862581,POINT (-87.680886258054 41.852206451187)
O1590612,BICYCLE,c44dac77037a70e7509f4fc24c5e08858e12026b9d1e7aa4e242fedef48ec8bb7bfe85d9eb5ce3e583fb8b247871adcc88cfbbf795deec1a32dcb478fd68544c,06/04/2023 12:20:00 PM,M,51.0,HELMET NOT USED,OTHER ACTION,BIKE LANE,TEST NOT OFFERED,,30,CLEAR,DAYLIGHT,PEDALCYCLIST,NOT DIVIDED,STRAIGHT AND LEVEL,DRY,INJURY AND / OR TOW DUE TO CRASH,DAMEN AVE,41.9232440482,-87.6779666688,POINT (-87.677966668804 41.923244048166)
O1590520,BICYCLE,ab1c2a92fc2fc30919f5d1002191ade2b16a49032260b0e16817be97991e85bdb6949210c3a1abbaac0f85058e7567a214b80f6c13e08ebbee6bf6b567005be7,06/04/2023 10:00:00 AM,M,61.0,BICYCLE HELMET (PEDACYCLIST INVOLVED ONLY),UNKNOWN/NA,BIKEWAY,TEST TAKEN,,25,CLEAR,DAYLIGHT,PEDALCYCLIST,FOUR WAY,STRAIGHT AND LEVEL,DRY,INJURY AND / OR TOW DUE TO CRASH,LAWRENCE DR,41.9697304894,-87.646115077,POINT (-87.646115076998 41.969730489395)
O1590488,BICYCLE,7e6cb8cb2303aeef89021d542d8d0a4764113c770838dc7033ef16e6e82f840231dc5b87da7255e6e2fcccac9fc76030d369fb1bc7cb3f204c813527207ed71a,06/04/2023 09:30:00 AM,M,,BICYCLE HELMET (PEDACYCLIST INVOLVED ONLY),UNKNOWN/NA,IN ROADWAY,TEST NOT OFFERED,,20,CLEAR,DAYLIGHT,PEDALCYCLIST,ONE-WAY,STRAIGHT AND LEVEL,DRY,NO INJURY / DRIVE AWAY,GRANVILLE AVE,41.9935851107,-87.7283434468,POINT (-87.728343446793 41.993585110666)
O1590344,BICYCLE,f8c890a7572ae4d449e110e3673a4eeda018f5e97ca4979bebf31b3a3390aeaceb84360cc20b666224d2c35e30052de2001fffb3e3020c81fdb9c4b597d44bc6,06/04/2023 12:07:00 AM,F,29.0,HELMET NOT USED,CROSSING - AGAINST SIGNAL,BIKE LANE,TEST NOT OFFERED,,30,CLEAR,"DARKNESS, LIGHTED ROAD",PEDALCYCLIST,"FIVE POINT, OR MORE",STRAIGHT AND LEVEL,DRY,INJURY AND / OR TOW DUE TO CRASH,MILWAUKEE AVE,41.8918455097,-87.6488178364,POINT (-87.648817836369 41.891845509736)
O1590235,NON-MOTOR VEHICLE,94377181a1f4b32c63c0ed3f4d018214ac5be7a9714e1bf2ee349a9b8cec8464c0b106135132eb18cc4b0a99e3560fb1f84bdac6ada4d97b5dbb31d7716eea68,06/03/2023 09:22:00 PM,M,54.0,NONE PRESENT,CROSSING - AGAINST SIGNAL,IN CROSSWALK,TEST NOT OFFERED,,30,CLEAR,"DARKNESS, LIGHTED ROAD",OTHER OBJECT,FOUR WAY,STRAIGHT AND LEVEL,DRY,NO INJURY / DRIVE AWAY,HALSTED ST,41.7797944163,-87.6449341904,POINT (-87.644934190393 41.779794416267)
O1590248,BICYCLE,f8b66ca3d3f23b2a49c831c0e7073587e70a5ba3ae2767104894a26626285c9932560d322353363602297895d558d71513557286ca6aa83a410f647abda15949,06/03/2023 08:43:00 PM,F,4.0,HELMET NOT USED,CROSSING - CONTROLS PRESENT (NOT AT INTERSECTION),IN CROSSWALK,TEST NOT OFFERED,,25,CLEAR,DAYLIGHT,PEDALCYCLIST,NOT DIVIDED,STRAIGHT AND LEVEL,DRY,INJURY AND / OR TOW DUE TO CRASH,HAMLIN AVE,41.7669385837,-87.7177113694,POINT (-87.71771136941 41.766938583659)
O1590226,BICYCLE,6eb4cdcd74c40cd26848d3f3c9904e1a53e068142b4aefb28acd78b1df811a9657a7f310e55514dbd8fc29418e1102ff92fb2990d4eebdb9edb4ac4d739bb54a,06/03/2023 08:10:00 PM,M,29.0,HELMET NOT USED,WITH TRAFFIC,IN ROADWAY,TEST NOT OFFERED,,30,CLEAR,DUSK,PEDALCYCLIST,NOT DIVIDED,STRAIGHT AND LEVEL,DRY,INJURY AND / OR TOW DUE TO CRASH,BROADWAY,41.9402195219,-87.6445521968,POINT (-87.64455219683 41.940219521866)
O1590172,NON-MOTOR VEHICLE,47877f984772a432c823f10d55b9d5d1626d5bec91be3d8d5f27cdbc8cb653dec913eed5acd33b407a7a419b23f239810f0e83df64571541ceafd705ac613312,06/03/2023 06:05:00 PM,F,12.0,USAGE UNKNOWN,UNKNOWN/NA,IN ROADWAY,TEST NOT OFFERED,,20,CLEAR,DAYLIGHT,OTHER OBJECT,NOT DIVIDED,STRAIGHT AND LEVEL,DRY,INJURY AND / OR TOW DUE TO CRASH,LEAVITT ST,41.8798055327,-87.6816471495,POINT (-87.681647149527 41.879805532719)
O1590088,BICYCLE,8a2d97e64af03ab370dc353dffeabae5ca5ba75b2a9a8f9fdf55555ce4c5fad919a33e70477b7ea579d5deb54228b280cef3b8eff76b70c9da5d1aec79f7cdd4,06/03/2023 04:25:00 PM,F,31.0,BICYCLE HELMET (PEDACYCLIST INVOLVED ONLY),CROSSING - CONTROLS PRESENT (NOT AT INTERSECTION),IN CROSSWALK,TEST NOT OFFERED,,30,CLEAR,DAYLIGHT,PEDALCYCLIST,NOT DIVIDED,STRAIGHT AND LEVEL,DRY,INJURY AND / OR TOW DUE TO CRASH,CENTRAL PARK AVE,41.9264817259,-87.7171895884,POINT (-87.717189588434 41.926481725932)
O1590135,BICYCLE,a70da7f98c6bb76bd5e3690c3e46004ebfa8d95c4271a01aca8baa736b7e5585b7acb349b49e90d8d410f6cdb630ab29b4b066b74c1551f15d5ee66d8d382c4e,06/03/2023 04:15:00 PM,M,37.0,HELMET NOT USED,CROSSING - NO CONTROLS (NOT AT INTERSECTION),BIKE LANE,TEST NOT OFFERED,,15,CLEAR,DAYLIGHT,PEDALCYCLIST,NOT DIVIDED,STRAIGHT AND LEVEL,DRY,INJURY AND / OR TOW DUE TO CRASH,CANAL ST,41.8673194053,-87.639056746,POINT (-87.63905674603 41.867319405339)
O1589925,BICYCLE,44e9f6f955ffcbede1d43be0f29ca065f01cb73d2356a90b1f69a97db4478db22adbf79df1ff2ab6215cb5fa001ad193db3ca336740df57d2e4c2a6aa6e44c7a,06/03/2023 12:25:00 PM,F,36.0,HELMET NOT USED,PARKED VEHICLE,BIKE LANE,TEST NOT OFFERED,,30,CLEAR,DAYLIGHT,PEDALCYCLIST,DIVIDED - W/MEDIAN (NOT RAISED),STRAIGHT AND LEVEL,DRY,INJURY AND / OR TOW DUE TO CRASH,CLARK ST,41.9785477687,-87.6684740441,POINT (-87.668474044147 41.978547768731)
O1589848,NON-MOTOR VEHICLE,6d4c5d2e49ccc4426bf8e01bb10e313832970d6d392b0cc1ce9c2119158da4d10702fdfcf6af018648b6ba4b485f739e42285c66ab4a9c11737321043bde9487,06/03/2023 10:49:00 AM,M,32.0,NONE PRESENT,,,TEST NOT OFFERED,,30,CLEAR,DAYLIGHT,FIXED OBJECT,DRIVEWAY,STRAIGHT AND LEVEL,DRY,NO INJURY / DRIVE AWAY,OTTAWA AVE,42.0091086791,-87.8177272934,POINT (-87.817727293354 42.00910867913)
O1589793,BICYCLE,9f8d8e62ae7f34e08ad0595a8095e9e4ce48e3fc14859fcb8378a272c257ee83b0fff172de38de12d348ed37c8b26120e7237103b69728d549f4f1e26ad65e64,06/03/2023 08:45:00 AM,M,55.0,BICYCLE HELMET (PEDACYCLIST INVOLVED ONLY),WITH TRAFFIC,IN ROADWAY,TEST NOT OFFERED,,30,CLEAR,DAYLIGHT,PEDALCYCLIST,DIVIDED - W/MEDIAN (NOT RAISED),STRAIGHT AND LEVEL,DRY,INJURY AND / OR TOW DUE TO CRASH,ASHLAND AVE,41.9613284651,-87.669395415,POINT (-87.66939541498 41.961328465083)
O1589771,BICYCLE,f79447230321dd474d85567b4bf0f5912ef5359e49de0f6ae2307c887c6625c96d0b8e35608c7d77c31b28256fe6e8b9746b983e1bfcb74726abf4c87c453e0a,06/03/2023 07:31:00 AM,M,37.0,HELMET NOT USED,UNKNOWN/NA,IN CROSSWALK,TEST NOT OFFERED,,30,CLEAR,DAYLIGHT,PEDALCYCLIST,FOUR WAY,STRAIGHT AND LEVEL,DRY,INJURY AND / OR TOW DUE TO CRASH,GRAND AVE,41.8920167337,-87.614345353,POINT (-87.614345353001 41.892016733685)
O1589617,BICYCLE,6e9c68f01e4ce3c3e4b6b05de9d59c0058f60ccbe0b8ae206c673e8008d2f60a296e54bd91f46d2b05a48d0e07bea2de565e46cbacee6ec80570232ac90025bd,06/02/2023 11:00:00 PM,M,61.0,HELMET NOT USED,WITH TRAFFIC,SHOULDER,TEST NOT OFFERED,,35,CLEAR,"DARKNESS, LIGHTED ROAD",PEDALCYCLIST,FOUR WAY,STRAIGHT AND LEVEL,DRY,INJURY AND / OR TOW DUE TO CRASH,PULASKI RD,41.9190414938,-87.7264692574,POINT (-87.726469257378 41.919041493828)