PERSON_ID,PERSON_TYPE,CRASH_RECORD_ID,CRASH_DATE_x,SEX,AGE,SAFETY_EQUIPMENT,PEDPEDAL_ACTION,PEDPEDAL_LOCATION,BAC_RESULT,CRASH_DATE_EST_I,POSTED_SPEED_LIMIT,WEATHER_CONDITION,LIGHTING_CONDITION,FIRST_CRASH_TYPE,TRAFFICWAY_TYPE,ALIGNMENT,ROADWAY_SURFACE_COND,CRASH_TYPE,STREET_NAME,LATITUDE,LONGITUDE,LOCATION
O1589570,BICYCLE,a47f1a2bfc15ebada322afa1bb29f790f7b4c90e25eaa44d6c84fc2d56868486bf18ac22974bc57e0305cd931b2914793adde9affc1878ef4c5a2900f65d9898,06/02/2023 08:40:00 PM,M,15.0,HELMET NOT USED,CROSSING - NO CONTROLS (AT INTERSECTION),IN CROSSWALK,TEST NOT OFFERED,,30,CLEAR,"DARKNESS, LIGHTED ROAD",PEDALCYCLIST,NOT DIVIDED,STRAIGHT AND LEVEL,DRY,INJURY AND / OR TOW DUE TO CRASH,54TH ST,41.7954073535,-87.6937826794,POINT (-87.693782679419 41.795407353485)
O1589404,BICYCLE,a69ebe33be1dcb45d2ad3bfe81b0603b2e4ad759bd057a9e017221558b6605dd07742da3f9b4aef4d0b06263f899971dcf62e582234aae9319c98ab22ad42e8d,06/02/2023 06:47:00 PM,M,25.0,BICYCLE HELMET (PEDACYCLIST INVOLVED ONLY),NO ACTION,IN ROADWAY,TEST NOT OFFERED,,30,CLEAR,DAYLIGHT,PEDALCYCLIST,FOUR WAY,STRAIGHT AND LEVEL,DRY,INJURY AND / OR TOW DUE TO CRASH,RACINE AVE,41.9452726295,-87.6589732087,POINT (-87.658973208702 41.945272629527)
O1589494,BICYCLE,c555f9e5ecd22c1b29d9b92080830ff802d34baebf020f00ec1612f30e858b1c8edf389446c6b0e50ce9f62ec0a5f02f45aa4fab0d7bdfe40f4787508c1e1dbb,06/02/2023 06:29:00 PM,M,11.0,HELMET NOT USED,WITH TRAFFIC,IN CROSSWALK,TEST NOT OFFERED,,30,CLEAR,DAYLIGHT,OTHER OBJECT,FOUR WAY,STRAIGHT AND LEVEL,DRY,INJURY AND / OR TOW DUE TO CRASH,KEDZIE AVE,41.8810159487,-87.7062708302,POINT (-87.706270830221 41.881015948678)
O1589860,BICYCLE,ebfc627fa414ee69b38c74471dd6a61d9416fdb952f638588dbd34fb1f3504fcf0c3710ad91e477be0180da203e7c50521ef7fcc600540f5cdfe3de903f53dbe,06/02/2023 05:30:00 PM,M,,HELMET NOT USED,UNKNOWN/NA,UNKNOWN/NA,TEST NOT OFFERED,,30,UNKNOWN,UNKNOWN,PEDALCYCLIST,UNKNOWN,STRAIGHT AND LEVEL,UNKNOWN,NO INJURY / DRIVE AWAY,KINZIE ST,41.8889090762,-87.6499618792,POINT (-87.649961879239 41.888909076248)
O1589358,NON-MOTOR VEHICLE,2a5ab24137abf4a83cc4c9b8ef2e9582f14919481567121e98b71b3e49b035c87e807e02ce4e1591c884413bc9dbf187554dab3a9272f2d7cdd56e1a98f97137,06/02/2023 05:15:00 PM,,,NONE PRESENT,CROSSING - NO CONTROLS (AT INTERSECTION),,,,30,CLEAR,DAYLIGHT,ANIMAL,NOT DIVIDED,STRAIGHT AND LEVEL,DRY,NO INJURY / DRIVE AWAY,61ST ST,41.7838803033,-87.6097277629,POINT (-87.609727762861 41.783880303349)
O1589242,BICYCLE,b09bfb58cc6e6f7b993217db92037dbec0fd7f8fff2744b71ed09d9c0440fda493ff431753436b76fa631652d9025602fa45e49a9ade8d96692aefbab1f2373b,06/02/2023 03:52:00 PM,F,14.0,HELMET NOT USED,CROSSING - NO CONTROLS (NOT AT INTERSECTION),IN CROSSWALK,TEST NOT OFFERED,,30,CLEAR,DAYLIGHT,PEDALCYCLIST,NOT DIVIDED,STRAIGHT AND LEVEL,UNKNOWN,INJURY AND / OR TOW DUE TO CRASH,55TH ST,41.7932597697,-87.7293509766,POINT (-87.72935097663 41.793259769697)
O1589277,BICYCLE,e94e7189849ef9a392a06853606946ab49c0c9a248eb92092cab3e83f525490dc98a9d8f8bad21e5d59c3a82d5d37117fdc2ee74d5b7949bc396d27c569acd8c,06/02/2023 02:15:00 PM,M,33.0,HELMET NOT USED,UNKNOWN/NA,IN ROADWAY,TEST NOT OFFERED,,30,UNKNOWN,UNKNOWN,PEDALCYCLIST,NOT DIVIDED,STRAIGHT AND LEVEL,UNKNOWN,NO INJURY / DRIVE AWAY,RANDOLPH ST,41.8845826561,-87.6325080097,POINT (-87.632508009736 41.884582656121)
O1589209,BICYCLE,874b8d5fa90197cbfa0c72b101f31e94b9bb3925ea78ea0f474053af88e64dc2ed14a3aea6e503eb9991340dc74951d11524ede67aa26cf496461e78aade9fdb,06/02/2023 02:00:00 PM,X,,BICYCLE HELMET (PEDACYCLIST INVOLVED ONLY),TURNING RIGHT,BIKE LANE,,,30,CLEAR,DAYLIGHT,PEDALCYCLIST,FOUR WAY,STRAIGHT AND LEVEL,DRY,NO INJURY / DRIVE AWAY,DAMEN AVE,41.925340963,-87.6780654044,POINT (-87.678065404384 41.925340962997)
O1589218,BICYCLE,ab50ec4777e3d937d22ddbce17b16ea488ec2f702f5c1d83495be06734022dc6bdbf9ed2d67fa2261ebd8999e3024e77639bcf153f84105d13ff55fbaaceeda3,06/02/2023 01:30:00 PM,M,13.0,HELMET NOT USED,WITH TRAFFIC,IN ROADWAY,,,30,CLEAR,DAYLIGHT,PEDALCYCLIST,FOUR WAY,STRAIGHT AND LEVEL,DRY,NO INJURY / DRIVE AWAY,SCHOOL ST,41.9413387195,-87.6740374953,POINT (-87.674037495345 41.94133871953)
O1589104,BICYCLE,14ec3dea3601fc4cdfce1062b71108bbac7a2b0e24660974169086e16f7d669434f648614b0edf4a7e5fc84890e2d06500a446258d5cf47c5117cd7568398474,06/02/2023 01:20:00 PM,M,62.0,HELMET NOT USED,TURNING RIGHT,BIKE LANE,TEST NOT OFFERED,,30,CLEAR,DAYLIGHT,PEDALCYCLIST,FOUR WAY,STRAIGHT AND LEVEL,DRY,INJURY AND / OR TOW DUE TO CRASH,BELMONT AVE,41.9396211646,-87.6833244766,POINT (-87.683324476636 41.939621164636)
O1588724,BICYCLE,7007515388020fe385cebe7a3f25e5fcd81c34f2ed533272055e58be2a50143016b0dd368e73be439a7ecf1e91c1856261a0de451634eb02a86cd89dbbe4ac09,06/01/2023 08:21:00 PM,M,15.0,HELMET NOT USED,CROSSING - CONTROLS PRESENT (NOT AT INTERSECTION),IN CROSSWALK,TEST NOT OFFERED,,30,CLEAR,"DARKNESS, LIGHTED ROAD",PEDALCYCLIST,DIVIDED - W/MEDIAN (NOT RAISED),STRAIGHT AND LEVEL,DRY,NO INJURY / DRIVE AWAY,LAWLER AVE,41.8056249317,-87.749363854,POINT (-87.749363853984 41.805624931738)
O1588607,BICYCLE,869045c1dd76f23af67d36440974c1e23ff0fc3cd9857fe32bb47be7797ad639727e2cbcce30e80d8925fe137df97e99a9c8246946058bf04fa0767bf9cf93ec,06/01/2023 06:40:00 PM,M,41.0,BICYCLE HELMET (PEDACYCLIST INVOLVED ONLY),WITH TRAFFIC,BIKE LANE,TEST NOT OFFERED,,30,CLEAR,DAYLIGHT,PEDALCYCLIST,DIVIDED - W/MEDIAN (NOT RAISED),STRAIGHT AND LEVEL,DRY,NO INJURY / DRIVE AWAY,MILWAUKEE AVE,41.9091996355,-87.6753987614,POINT (-87.675398761391 41.909199635536)
O1588546,BICYCLE,09fa45358587af7cf20440cdcfe2670ea5e5f8c220e88706dfc47fd7ebf46fe9a25e8e6aeffb604a809ff4fe8c908bff94ed4a6d50c20ebc28da3ef604fab35f,06/01/2023 05:23:00 PM,M,38.0,BICYCLE HELMET (PEDACYCLIST INVOLVED ONLY),WITH TRAFFIC,UNKNOWN/NA,TEST NOT OFFERED,,30,CLEAR,DAYLIGHT,PEDALCYCLIST,NOT DIVIDED,STRAIGHT AND LEVEL,DRY,INJURY AND / OR TOW DUE TO CRASH,BROADWAY,41.9752216882,-87.6596909615,POINT (-87.659690961509 41.975221688188)
O1588521,BICYCLE,2637f90e5763ac49570f1fc8cc865cc42e49b2ab4d459e4d7d16720f56799fce52a88af098f26d27098274d6a9c08266f0c94b85bf7abece0ac4b15c9ff36992,06/01/2023 05:09:00 PM,M,28.0,HELMET NOT USED,CROSSING - WITH SIGNAL,IN ROADWAY,TEST NOT OFFERED,,30,CLEAR,DAYLIGHT,PEDALCYCLIST,FOUR WAY,STRAIGHT AND LEVEL,DRY,INJURY AND / OR TOW DUE TO CRASH,GRANVILLE AVE,41.9938274607,-87.7030944338,POINT (-87.703094433774 41.993827460668)
O1589021,BICYCLE,dde507bfa2af29ada921ee72bfe1b897c11c04c6f2511863b69bf85d5b34de51e721c96c911577fe1a4e12f14740a6acb8141c3f1e906bc58fa8d49f87d45d26,06/01/2023 05:06:00 PM,F,14.0,HELMET NOT USED,CROSSING - NO CONTROLS (AT INTERSECTION),IN ROADWAY,TEST NOT OFFERED,,20,CLEAR,DAYLIGHT,PEDALCYCLIST,ALLEY,STRAIGHT AND LEVEL,DRY,INJURY AND / OR TOW DUE TO CRASH,CENTRAL AVE,41.8805173761,-87.7650132948,POINT (-87.765013294839 41.880517376127)
O1593371,BICYCLE,90bed0014e27b367db33ad87e3f7bcb170496319b2cec33b1901c9f8d3bb23147e4b834227b5ea354866cd9b2b468284fee665e4d0a788e96ae7fa2958bb5685,06/01/2023 04:40:00 PM,F,52.0,HELMET NOT USED,WITH TRAFFIC,BIKEWAY,TEST NOT OFFERED,,30,UNKNOWN,DAYLIGHT,PEDALCYCLIST,NOT DIVIDED,STRAIGHT ON GRADE,UNKNOWN,INJURY AND / OR TOW DUE TO CRASH,ELSTON AVE,41.9149168975,-87.665441164,POINT (-87.665441164034 41.914916897506)
O1588559,BICYCLE,c2b3228df37a643401113a5ce0de6c9eafe290866b4870388dc75ee501d263b30a6bf4bb4b163d2922ac2744752c2ec722a68aa8310e43ebea5cd4bab74880a9,06/01/2023 04:00:00 PM,M,26.0,HELMET NOT USED,TURNING LEFT,IN ROADWAY,TEST NOT OFFERED,,30,CLEAR,DAYLIGHT,PEDALCYCLIST,FOUR WAY,STRAIGHT AND LEVEL,DRY,NO INJURY / DRIVE AWAY,NORTH BRANCH ST,41.9035230706,-87.6556137198,POINT (-87.655613719819 41.903523070622)
O1588663,BICYCLE,29aba8de8a10fa66f8870ac8cb299424fa7d127166d4a65ecec88c0787285a065174644de3325a491e6cdd2c12c8402e3ac5cc9ec07bd467756913c7c8ea8b7a,06/01/2023 03:00:00 PM,M,,HELMET NOT USED,CROSSING - AGAINST SIGNAL,IN ROADWAY,TEST NOT OFFERED,,30,CLEAR,DAYLIGHT,PEDALCYCLIST,NOT DIVIDED,STRAIGHT AND LEVEL,DRY,INJURY AND / OR TOW DUE TO CRASH,87TH ST,41.7367599578,-87.6047645676,POINT (-87.604764567582 41.736759957791)
O1588404,BICYCLE,76c488338a3e97d6724cff052183e7818003ff24721f2851d78924484eca1e2e410556040b9e4cbd00472e581250f1c3eba5cc875305147202d339b48545557e,06/01/2023 02:59:00 PM,M,0.0,HELMET NOT USED,WITH TRAFFIC,IN CROSSWALK,TEST NOT OFFERED,,30,CLEAR,DAYLIGHT,PEDALCYCLIST,T-INTERSECTION,STRAIGHT AND LEVEL,DRY,INJURY AND / OR TOW DUE TO CRASH,OGDEN AVE,41.8959615485,-87.6550653905,POINT (-87.655065390467 41.895961548466)
O1588288,BICYCLE,88f9be29acc0be4cf3de28ed695cd1a2c1b3a7f257242cda9b5a785267e0eea1b6411ea1efd18d6891f6f35c6a01a5dfac0b192a86beff4e98107a7c69df8be1,06/01/2023 11:29:00 AM,M,54.0,BICYCLE HELMET (PEDACYCLIST INVOLVED ONLY),CROSSING - AGAINST SIGNAL,IN ROADWAY,TEST NOT OFFERED,,30,CLEAR,DAYLIGHT,PEDALCYCLIST,FOUR WAY,STRAIGHT AND LEVEL,DRY,INJURY AND / OR TOW DUE TO CRASH,KEDZIE AVE,41.8516719795,-87.7053986934,POINT (-87.70539869337 41.851671979532)
O1588280,BICYCLE,6ebf1959b97a58f583841527840ac4a611fef71f0ea43b6775b1a66a8cce852c90ea9c3aeee38944918baba8db644e07971dfba037fb237e1587967e1087bb51,06/01/2023 10:55:00 AM,M,67.0,HELMET NOT USED,CROSSING - NO CONTROLS (AT INTERSECTION),IN CROSSWALK,TEST NOT OFFERED,,30,CLEAR,DAYLIGHT,PEDALCYCLIST,FOUR WAY,STRAIGHT AND LEVEL,DRY,INJURY AND / OR TOW DUE TO CRASH,STONY ISLAND AVE,41.7405062272,-87.5858746195,POINT (-87.585874619515 41.740506227247)
O1588183,BICYCLE,610fc7239d0e0e2aee96caaadc268b09e986bde136368a10fff4be7d382035985c558384cf0240d81fa7a8e33ece7c1353ae53a4c0ba6494f643add1a085c531,06/01/2023 10:30:00 AM,M,,HELMET NOT USED,WITH TRAFFIC,IN ROADWAY,TEST NOT OFFERED,,30,CLEAR,DAYLIGHT,PEDALCYCLIST,NOT DIVIDED,STRAIGHT AND LEVEL,UNKNOWN,INJURY AND / OR TOW DUE TO CRASH,SHEFFIELD AVE,41.9309177015,-87.6536534205,POINT (-87.653653420532 41.930917701477)
O1587795,BICYCLE,86af40122bf781f6cbe4f4a64b2590151e3f68fb6e618c7ac59292e94f16185528f7d14b85cf3891bb58d7a76a7652ebd77dff26bddcf694c25a34a1b4543d79,05/31/2023 04:24:00 PM,M,15.0,HELMET NOT USED,OTHER ACTION,NOT IN ROADWAY,TEST NOT OFFERED,,30,CLEAR,DAYLIGHT,PEDALCYCLIST,OTHER,STRAIGHT AND LEVEL,DRY,INJURY AND / OR TOW DUE TO CRASH,LAWRENCE AVE,41.9678260074,-87.7634216644,POINT (-87.76342166437 41.96782600743)
O1587585,NON-MOTOR VEHICLE,ba3ffda29209a82b9d91f7043e00800b7b61cd86096e55f76c0307ede39a4f2173561e21628e3d6cba77854d14f289487d9bb67af8d041bcc2175beed85ac40e,05/31/2023 08:20:00 AM,F,17.0,USAGE UNKNOWN,UNKNOWN/NA,NOT IN ROADWAY,TEST NOT OFFERED,N,30,CLEAR,DAYLIGHT,OTHER OBJECT,OTHER,STRAIGHT AND LEVEL,DRY,INJURY AND / OR TOW DUE TO CRASH,FULLERTON AVE,41.9240417138,-87.7691234417,POINT (-87.769123441729 41.924041713761)
O1587243,BICYCLE,07286bbc087ad7b50f5c4a23a0631f41f655c3bc51c40c11b2f5a1010ca009a0483201629cc8707335a5201e0aeab5a7bae890f1d46ae68763ca5ecd469cdf73,05/31/2023 07:45:00 AM,M,35.0,HELMET NOT USED,TURNING LEFT,IN ROADWAY,TEST NOT OFFERED,,30,CLEAR,DAYLIGHT,PEDALCYCLIST,FOUR WAY,STRAIGHT AND LEVEL,DRY,INJURY AND / OR TOW DUE TO CRASH,SANGAMON ST,41.8831393824,-87.6510496748,POINT (-87.651049674807 41.883139382351)
O1587283,BICYCLE,58e3af1083195a3fd05395f1c6a4e967b090f9b6a048476fe7d2c05f2d9973d206f63fe795d8e97018997932caa484250759ebb7b44e49ed97264fc7bbd5e759,05/31/2023 07:41:00 AM,M,23.0,HELMET NOT USED,TURNING LEFT,IN CROSSWALK,TEST REFUSED,,30,CLEAR,DAYLIGHT,PEDALCYCLIST,NOT DIVIDED,STRAIGHT AND LEVEL,DRY,INJURY AND / OR TOW DUE TO CRASH,KENMORE AVE,41.9691956453,-87.6563666998,POINT (-87.656366699836 41.969195645349)
O1587095,BICYCLE,6c95df21463e97f33f86f3e20d285e197e86f93f9a68345c06376ca770d101508a48edc59fb7ebb4ae68daf082e328e5a1a3945bbd172bb5e7ac733de5a76c9e,05/30/2023 06:35:00 PM,F,38.0,BICYCLE HELMET (PEDACYCLIST INVOLVED ONLY),CROSSING - WITH SIGNAL,IN CROSSWALK,TEST NOT OFFERED,,30,CLEAR,DAYLIGHT,PEDALCYCLIST,DIVIDED - W/MEDIAN (NOT RAISED),STRAIGHT AND LEVEL,DRY,INJURY AND / OR TOW DUE TO CRASH,CANNON DR,41.9258069317,-87.6338196492,POINT (-87.633819649202 41.925806931737)
O1586996,BICYCLE,66193b235eb88027714112bbd3c54ffaf457c8af075847cce6cdd0b87dcb232cdb5460fbf004f4a2f0cf94f9007722c496559e1b1710336ba358a510dfa68809,05/30/2023 06:00:00 PM,M,31.0,BICYCLE HELMET (PEDACYCLIST INVOLVED ONLY),WITH TRAFFIC,BIKE LANE,TEST NOT OFFERED,,30,CLEAR,DAYLIGHT,PEDALCYCLIST,NOT DIVIDED,STRAIGHT AND LEVEL,DRY,INJURY AND / OR TOW DUE TO CRASH,MILWAUKEE AVE,41.9049811195,-87.6687847476,POINT (-87.6687847476 41.90498111951)
O1586949,BICYCLE,0ff5c199d7e1cb9e7ee4da0b74284e796d70109fe2658fcd3fc7507fc37b4578b3d3cc24e09dc20f65b7aefc1d5aa65785cee0ce08c762c7a3873a31838d8be2,05/30/2023 05:54:00 PM,F,46.0,BICYCLE HELMET (PEDACYCLIST INVOLVED ONLY),NO ACTION,BIKE LANE,TEST NOT OFFERED,,35,CLEAR,DAYLIGHT,PEDALCYCLIST,NOT DIVIDED,STRAIGHT AND LEVEL,DRY,INJURY AND / OR TOW DUE TO CRASH,ARCHER AVE,41.8508841129,-87.6391895227,POINT (-87.63918952267 41.850884112916)
O1586985,BICYCLE,8d5793edcf375b03ea1d603d36f94958d8d152e26b0a998eaa4f42c13e3f5bd9ec987330632866a4968122ec4b3eaaa125ba7a0c9a1d933f79581a90104367dd,05/30/2023 05:47:00 PM,M,25.0,HELMET NOT USED,CROSSING - AGAINST SIGNAL,IN CROSSWALK,TEST NOT OFFERED,,30,CLEAR,DAYLIGHT,PEDALCYCLIST,UNKNOWN INTERSECTION TYPE,STRAIGHT AND LEVEL,DRY,NO INJURY / DRIVE AWAY,73RD ST,41.7620353525,-87.610400498,POINT (-87.61040049801 41.762035352504)
O1586869,BICYCLE,b3a2dd5ea2a8262ab4b2ccee88d53e92e947be3b87468ea119d066403aefaecc5f625ef0c99d0df1d9f0792327a75d0707ee406503748ace5ea3948beec7aaf4,05/30/2023 05:30:00 PM,M,,HELMET NOT USED,CROSSING - NO CONTROLS (NOT AT INTERSECTION),IN ROADWAY,TEST NOT OFFERED,,25,CLEAR,DAYLIGHT,PEDALCYCLIST,ONE-WAY,STRAIGHT AND LEVEL,DRY,NO INJURY / DRIVE AWAY,PARKSIDE AVE,41.8949304901,-87.7667791944,POINT (-87.766779194363 41.894930490054)
O1587044,BICYCLE,01185eb4d8bc98c6505e54058dfaa56f07831ba07503cf54cc2362438036e3659860e6397f40fd61042f8b255bc4289877e986a8f6611278956b3a8d290c7a6e,05/30/2023 05:10:00 PM,M,62.0,HELMET NOT USED,NO ACTION,IN ROADWAY,TEST NOT OFFERED,,30,CLEAR,DAYLIGHT,PEDALCYCLIST,NOT DIVIDED,STRAIGHT AND LEVEL,UNKNOWN,INJURY AND / OR TOW DUE TO CRASH,BRYN MAWR AVE,41.983148128,-87.71136489,POINT (-87.711364889983 41.983148127979)
O1587519,BICYCLE,62ac0548eb5eff9be047eef5445dbcc8c160d5fcc81a14119a9b19a3a78180493139e6133765c9fab0ba80614f6c818c238a2f6ac0dde918d220f1913b40edf2,05/30/2023 01:30:00 PM,M,53.0,HELMET NOT USED,CROSSING - CONTROLS PRESENT (NOT AT INTERSECTION),IN CROSSWALK,TEST NOT OFFERED,,20,CLEAR,DAYLIGHT,PEDALCYCLIST,ONE-WAY,STRAIGHT AND LEVEL,UNKNOWN,INJURY AND / OR TOW DUE TO CRASH,SOLIDARITY DR,41.8664360124,-87.6139983392,POINT (-87.613998339216 41.86643601238)
O1586607,BICYCLE,fbaaf0172036e34d71f65532d50fbe099c81363eeac7ebc8a3f1d4a385f1d52dcd02843d9759dfee1ba4302aa1583e87720f43249ea8d74e76a9acf5015f90c9,05/30/2023 12:45:00 PM,M,42.0,HELMET NOT USED,NO ACTION,IN CROSSWALK,TEST NOT OFFERED,,30,CLEAR,DAYLIGHT,PEDALCYCLIST,NOT DIVIDED,STRAIGHT AND LEVEL,DRY,INJURY AND / OR TOW DUE TO CRASH,MADISON ST,41.880668499,-87.739980899,POINT (-87.739980898973 41.880668498984)
O1606140,BICYCLE,b925952cfe1b14b4332cb70814eee4128830fa03097195e0b8a3ffdb164cd6d604b03556357fed24ae5ff87078108892da66110ac77e906e6de4ccfb23aa9926,05/29/2023 08:00:00 PM,F,18.0,HELMET NOT USED,CROSSING - WITH SIGNAL,IN CROSSWALK,TEST NOT OFFERED,,30,UNKNOWN,UNKNOWN,PEDALCYCLIST,NOT DIVIDED,STRAIGHT AND LEVEL,DRY,INJURY AND / OR TOW DUE TO CRASH,MICHIGAN AVE,41.8578167732,-87.623785007,POINT (-87.623785007005 41.857816773234)
O1586125,BICYCLE,d8ffdafce87414e1372136d1b7f2a1a32143ee83b3b08e169cd656f896a35cabcc7605f08297ef370d7d9f2978eef0b5d5c0ce9ef3306d2e0a3db20cb8574952,05/29/2023 04:21:00 PM,F,36.0,BICYCLE HELMET (PEDACYCLIST INVOLVED ONLY),WITH TRAFFIC,BIKEWAY,TEST NOT OFFERED,N,30,CLEAR,DAYLIGHT,PEDALCYCLIST,NOT DIVIDED,STRAIGHT AND LEVEL,DRY,NO INJURY / DRIVE AWAY,LAWRENCE AVE,41.9688812747,-87.6780104228,POINT (-87.678010422824 41.968881274745)
O1586087,BICYCLE,34b8bb5fba3c2c7e60d7475fd5df0f809cf61e51e702522b5def7277a17716890c37039bcac0c0de82c097c95e4a20af51c80f3d9328b56a4ff6d2cc75c32eef,05/29/2023 02:00:00 PM,M,14.0,BICYCLE HELMET (PEDACYCLIST INVOLVED ONLY),TURNING LEFT,IN ROADWAY,TEST NOT OFFERED,Y,30,CLEAR,DAYLIGHT,PEDALCYCLIST,FOUR WAY,STRAIGHT AND LEVEL,DRY,NO INJURY / DRIVE AWAY,ARCHER AVE,41.8244562296,-87.6875515067,POINT (-87.687551506694 41.824456229628)
O1586015,BICYCLE,9eda8981328cbdf1e08af973a3ca78dd9e360a567dad11a1fc2b8e219f8b1fedcb3e50390d8e7ac8460e4e2223ae1bb400113a6b99c13b9b2b5b719ec5dd7473,05/29/2023 12:27:00 PM,M,14.0,HELMET NOT USED,CROSSING - AGAINST SIGNAL,IN ROADWAY,TEST NOT OFFERED,,30,CLEAR,DAYLIGHT,PEDALCYCLIST,NOT DIVIDED,STRAIGHT AND LEVEL,DRY,INJURY AND / OR TOW DUE TO CRASH,IRVING PARK RD,41.9531678239,-87.7767203871,POINT (-87.776720387061 41.953167823917)
O1585834,BICYCLE,4a39a33bb2374ebb181950cb8d9534f4958c8b56cfb8dfc05da9db67dfefa2a0d5afc0e74919a8f4d67ad44719a8353d5bd939a7b9e0cdd0712d3b3353ed1a64,05/28/2023 10:45:00 PM,M,48.0,BICYCLE HELMET (PEDACYCLIST INVOLVED ONLY),NO ACTION,IN ROADWAY,TEST NOT OFFERED,,30,CLEAR,UNKNOWN,PEDALCYCLIST,T-INTERSECTION,STRAIGHT AND LEVEL,UNKNOWN,INJURY AND / OR TOW DUE TO CRASH,STATE ST,41.8718290816,-87.6276732922,POINT (-87.627673292175 41.871829081642)
O1588271,BICYCLE,4a39a33bb2374ebb181950cb8d9534f4958c8b56cfb8dfc05da9db67dfefa2a0d5afc0e74919a8f4d67ad44719a8353d5bd939a7b9e0cdd0712d3b3353ed1a64,05/28/2023 10:45:00 PM,M,48.0,BICYCLE HELMET (PEDACYCLIST INVOLVED ONLY),NO ACTION,IN ROADWAY,TEST NOT OFFERED,,30,CLEAR,UNKNOWN,PEDALCYCLIST,T-INTERSECTION,STRAIGHT AND LEVEL,UNKNOWN,INJURY AND / OR TOW DUE TO CRASH,STATE ST,41.8718290816,-87.6276732922,POINT (-87.627673292175 41.871829081642)
O1585660,NON-MOTOR VEHICLE,0fa065723624f20990152fac82b73436b6e1af83fc53b4be5c8d6789874f8ec12679e5f40dae841969249b98abef2b4a3f9f65986c7f44f08520c3b647238174,05/28/2023 05:00:00 PM,M,18.0,HELMET NOT USED,OTHER ACTION,DRIVEWAY ACCESS,TEST NOT OFFERED,,15,CLEAR,DAYLIGHT,OTHER OBJECT,ALLEY,STRAIGHT AND LEVEL,DRY,NO INJURY / DRIVE AWAY,TRIPP AVE,41.9687000805,-87.7343629398,POINT (-87.734362939796 41.968700080475)
O1585637,BICYCLE,89818b5344cd7b0756c4a9ed73b90988d671d5d5111e5857aa45312fedb97e2546a70ca0b87712cce5c4c5cc829ceb629cd51ad55c42bccd12da74331d4c57fe,05/28/2023 04:27:00 PM,M,33.0,HELMET NOT USED,AGAINST TRAFFIC,IN ROADWAY,TEST NOT OFFERED,,30,CLEAR,DAYLIGHT,PEDALCYCLIST,ONE-WAY,STRAIGHT AND LEVEL,DRY,INJURY AND / OR TOW DUE TO CRASH,WELLINGTON AVE,41.9366804826,-87.6408371909,POINT (-87.640837190878 41.936680482599)
O1591101,NON-MOTOR VEHICLE,9ea192a931a428a1f4b8783a39d01bc7543b9ac643ed98063250dd00170cf10a68874238f65d6a2907601058ad238f2cb51066b5d18e5ec98b7d3a78b1a10892,05/28/2023 03:45:00 PM,X,,USAGE UNKNOWN,,,TEST NOT OFFERED,,15,CLEAR,DAYLIGHT,OTHER OBJECT,OTHER,STRAIGHT AND LEVEL,DRY,NO INJURY / DRIVE AWAY,LOWER WACKER DR,41.8874815345,-87.6257518489,POINT (-87.625751848893 41.88748153455)
O1585464,BICYCLE,fcd3152b9e23b089204750a80e80b7f45033bd2b9d8c053c9636f9be8d6b15acfc07aa4bff266c16e17ec72efc766fd89acf52325810df3b39f35c9213d26d2d,05/28/2023 11:30:00 AM,M,43.0,BICYCLE HELMET (PEDACYCLIST INVOLVED ONLY),WITH TRAFFIC,IN ROADWAY,TEST NOT OFFERED,,30,CLEAR,DAYLIGHT,PEDALCYCLIST,ONE-WAY,STRAIGHT AND LEVEL,DRY,NO INJURY / DRIVE AWAY,LOWER ILLINOIS ST,41.891021704,-87.6240963438,POINT (-87.624096343768 41.891021704025)
O1585421,NON-MOTOR VEHICLE,4cd3cbd871825c0f50962c28c76d18280c547f38ee887e85e4f5d165e9704851189b0cfd633d440d0d7b864f35aa0546fee8c8fd3b31996999fa7b1d7d2b09fc,05/28/2023 09:05:00 AM,,,,,,,,30,CLEAR,DAYLIGHT,FIXED OBJECT,PARKING LOT,STRAIGHT AND LEVEL,DRY,NO INJURY / DRIVE AWAY,RACINE AVE,41.8798416094,-87.6572316254,POINT (-87.657231625395 41.879841609391)
O1585221,BICYCLE,ba66499f9cb7c43f02d947a1869bfacca2f8148e39b441b3a0e2bb5daf095192433fc533cddd706d5fd7e703cf6270917068176c486bdb3c49d5b7256be1e6a4,05/27/2023 09:05:00 PM,M,,BICYCLE HELMET (PEDACYCLIST INVOLVED ONLY),WITH TRAFFIC,IN ROADWAY,,,30,CLEAR,"DARKNESS, LIGHTED ROAD",PEDALCYCLIST,NOT DIVIDED,STRAIGHT AND LEVEL,DRY,INJURY AND / OR TOW DUE TO CRASH,CENTRAL AVE,41.9205046937,-87.7657116128,POINT (-87.76571161278 41.920504693663)
O1585171,BICYCLE,923f2a04b80205934963b2b66c2f083f606729d354bec4bda73760702717fd73a06d072c8ce53f7dc36dd9c405d6e6ace8738ad8ebe9bc57629d535d2aded625,05/27/2023 06:00:00 PM,M,11.0,BICYCLE HELMET (PEDACYCLIST INVOLVED ONLY),UNKNOWN/NA,IN ROADWAY,TEST NOT OFFERED,,30,CLEAR,DAYLIGHT,PEDALCYCLIST,T-INTERSECTION,STRAIGHT AND LEVEL,DRY,INJURY AND / OR TOW DUE TO CRASH,AVENUE N,41.6517508674,-87.5388155095,POINT (-87.538815509533 41.65175086736)