PERSON_ID,PERSON_TYPE,CRASH_RECORD_ID,CRASH_DATE_x,SEX,AGE,SAFETY_EQUIPMENT,PEDPEDAL_ACTION,PEDPEDAL_LOCATION,BAC_RESULT,CRASH_DATE_EST_I,POSTED_SPEED_LIMIT,WEATHER_CONDITION,LIGHTING_CONDITION,FIRST_CRASH_TYPE,TRAFFICWAY_TYPE,ALIGNMENT,ROADWAY_SURFACE_COND,CRASH_TYPE,STREET_NAME,LATITUDE,LONGITUDE,LOCATION
O1585273,BICYCLE,dac9fe12b6b79b6f35dbcaf10b3fb12647f8bb22d2110284489eb9b51617ffa231461aea5d1031a29cf068e43fa2ee8f813a80d12076c4207b192f37d8f8fa8d,05/27/2023 05:28:00 PM,M,50.0,BICYCLE HELMET (PEDACYCLIST INVOLVED ONLY),WITH TRAFFIC,IN ROADWAY,TEST NOT OFFERED,,30,CLEAR,DAYLIGHT,PEDALCYCLIST,NOT DIVIDED,STRAIGHT AND LEVEL,DRY,INJURY AND / OR TOW DUE TO CRASH,MONTROSE AVE,41.961398949,-87.6923267696,POINT (-87.692326769554 41.961398949031)
O1587315,BICYCLE,fb3dd1e588282743c34d5fac8449a06bf96460583c0daa0a612162b3cbdbf96a6a0d8884d3e0584b0510aa665661f5b6f7ab54f6278762753176c559e71b40b8,05/27/2023 02:50:00 PM,M,16.0,BICYCLE HELMET (PEDACYCLIST INVOLVED ONLY),TURNING LEFT,IN ROADWAY,TEST NOT OFFERED,,30,CLEAR,DAYLIGHT,PEDALCYCLIST,FOUR WAY,STRAIGHT AND LEVEL,DRY,INJURY AND / OR TOW DUE TO CRASH,ADDISON ST,41.9463614131,-87.7200440015,POINT (-87.720044001505 41.946361413083)
O1585019,BICYCLE,d391d49328c1b9de79b370a7173f40186e7afb2ded12ac21b6ff6dbb47b75101292d0576d51f75d5a89fd228f4f88b6b3fad7d69b005fed52159fb86bc6af7f9,05/27/2023 01:00:00 PM,M,,BICYCLE HELMET (PEDACYCLIST INVOLVED ONLY),CROSSING - NO CONTROLS (AT INTERSECTION),IN ROADWAY,TEST NOT OFFERED,,25,CLEAR,DAYLIGHT,PEDALCYCLIST,"FIVE POINT, OR MORE",STRAIGHT AND LEVEL,DRY,INJURY AND / OR TOW DUE TO CRASH,ROOSEVELT RD,41.8667550373,-87.6837146474,POINT (-87.683714647379 41.866755037307)
O1584929,BICYCLE,91ee27b7d220a5ee9354a089b75a4ee4c3a052cedcbed7d7c3f580cd0503c3b96330282833ab343833168b191294f67288c3004c3bdf7576c79126c007576ed3,05/27/2023 12:12:00 PM,M,35.0,HELMET NOT USED,TURNING RIGHT,IN ROADWAY,TEST NOT OFFERED,,10,CLEAR,DAYLIGHT,PEDALCYCLIST,ALLEY,STRAIGHT AND LEVEL,DRY,NO INJURY / DRIVE AWAY,ADDISON ST,41.9471990296,-87.6627499172,POINT (-87.662749917193 41.947199029553)
O1584617,BICYCLE,235b9f01e36a02ec56f0a7c311b9f23881f336289d308113ccda697dba575285fdc95a6ab7909438efb8540cfb3dc42e6f53a3136a0f70d4fa005f7f11b25741,05/26/2023 09:30:00 PM,F,32.0,BICYCLE HELMET (PEDACYCLIST INVOLVED ONLY),CROSSING - WITH SIGNAL,IN ROADWAY,TEST NOT OFFERED,,30,CLEAR,"DARKNESS, LIGHTED ROAD",PEDALCYCLIST,NOT DIVIDED,STRAIGHT AND LEVEL,DRY,NO INJURY / DRIVE AWAY,AUGUSTA BLVD,41.8994821199,-87.6746471944,POINT (-87.674647194388 41.899482119947)
O1584533,BICYCLE,eb56240cf578c6778ab908e240a903a9e23786a99b2c030843b7aad38482a3650edb0c4fafeddbcb206ab3a0c0a2acccca966625d635a74d3e8c49bf12279c6f,05/26/2023 06:34:00 PM,M,21.0,BICYCLE HELMET (PEDACYCLIST INVOLVED ONLY),CROSSING - WITH SIGNAL,BIKE LANE,TEST NOT OFFERED,,30,CLEAR,DAYLIGHT,PEDALCYCLIST,FOUR WAY,STRAIGHT AND LEVEL,DRY,INJURY AND / OR TOW DUE TO CRASH,CENTRAL AVE,41.984988217,-87.7681529623,POINT (-87.768152962319 41.984988216955)
O1587366,BICYCLE,8cb7fe4eb67c559a08404512d9685ca36dcff04eae3114eec17ef2e01cb7d34cd5f30a2c613dc109d837c15559d3bed8fce3ddde1d61584247dc43c9f24cfe2d,05/26/2023 06:30:00 PM,M,38.0,HELMET NOT USED,WITH TRAFFIC,IN ROADWAY,TEST NOT OFFERED,,30,CLEAR,DAYLIGHT,PEDALCYCLIST,NOT DIVIDED,STRAIGHT AND LEVEL,DRY,INJURY AND / OR TOW DUE TO CRASH,CENTRAL PARK AVE,41.9312012202,-87.7170317702,POINT (-87.717031770247 41.931201220246)
O1584873,BICYCLE,18d3afad32ec5ee7fdf9b9855ec227a670d6ca3ba687634d198b05c412a6287d6dc3342549934446766d7431531bfb05215423955b65583ffedace527b82e0d3,05/26/2023 05:00:00 PM,M,36.0,HELMET NOT USED,CROSSING - WITH SIGNAL,IN ROADWAY,TEST NOT OFFERED,,30,CLEAR,DAYLIGHT,PEDALCYCLIST,DIVIDED - W/MEDIAN (NOT RAISED),STRAIGHT AND LEVEL,DRY,INJURY AND / OR TOW DUE TO CRASH,CERMAK RD,41.8524380492,-87.6661522304,POINT (-87.666152230449 41.852438049213)
O1584406,BICYCLE,aea7b9db3454171c7ea0e66bc0c4a9132f51d0c107356f9c8707904d5072a5d89e5c94e563b6b080a426b8c900a446d5ef2d82f1728450898d525098fc45906b,05/26/2023 04:05:00 PM,F,21.0,HELMET NOT USED,WITH TRAFFIC,BIKEWAY,TEST NOT OFFERED,,30,CLEAR,DAYLIGHT,PEDALCYCLIST,NOT DIVIDED,STRAIGHT AND LEVEL,UNKNOWN,INJURY AND / OR TOW DUE TO CRASH,MILWAUKEE AVE,41.9097081691,-87.6761936756,POINT (-87.676193675597 41.909708169073)
O1584038,BICYCLE,8868e70f307c3a3823b07e19ac330db51c90f5838fd6375d43c1f735a4e52ca5af4502003f3e83bce89e6b2e2a83a9a41558c4b09a8d6d19850887055f0f3421,05/26/2023 08:15:00 AM,F,0.0,HELMET NOT USED,CROSSING - NO CONTROLS (NOT AT INTERSECTION),DRIVEWAY ACCESS,TEST NOT OFFERED,,30,CLEAR,DAYLIGHT,PEDALCYCLIST,ONE-WAY,STRAIGHT AND LEVEL,DRY,INJURY AND / OR TOW DUE TO CRASH,HALSTED ST,41.7138346039,-87.6431350143,POINT (-87.643135014349 41.713834603938)
O1583966,BICYCLE,82902b538002a02cf0f5cd16803637704eb96cefa37693a7df61c26252a13b693e458d8df543decbff65b0bb2c12a5774e6a03a23b74ae7a23f2f4df21f5b3f3,05/26/2023 06:58:00 AM,M,35.0,BICYCLE HELMET (PEDACYCLIST INVOLVED ONLY),CROSSING - NO CONTROLS (AT INTERSECTION),IN ROADWAY,TEST NOT OFFERED,,30,CLEAR,DAYLIGHT,PEDALCYCLIST,T-INTERSECTION,STRAIGHT AND LEVEL,DRY,INJURY AND / OR TOW DUE TO CRASH,DIVISION ST,41.9034813673,-87.6651026857,POINT (-87.665102685655 41.903481367346)
O1583876,BICYCLE,2a2eab40b42d7178fded8d345b270b7a464525df621e94328aa48a81ea29bdb1a1268a6d2e45d0b47c03a772156ae1ae7769e9c7e32a7457af796c259b20c262,05/25/2023 10:02:00 PM,M,,HELMET NOT USED,WITH TRAFFIC,IN ROADWAY,TEST NOT OFFERED,,30,UNKNOWN,UNKNOWN,PEDALCYCLIST,FOUR WAY,STRAIGHT AND LEVEL,UNKNOWN,NO INJURY / DRIVE AWAY,BELMONT AVE,41.9401520755,-87.6445257003,POINT (-87.644525700326 41.94015207546)
O1584516,BICYCLE,ad73adf27b7f3a7b93cb3cab13ca15335981dd387d8201bc063adf09b1f0f7177ed05668b87bc87fc71da0be82d3ec02a5910e8d113c4387153012f3eb86d4e4,05/25/2023 06:36:00 PM,M,26.0,BICYCLE HELMET (PEDACYCLIST INVOLVED ONLY),WITH TRAFFIC,BIKE LANE,TEST NOT OFFERED,,30,CLEAR,DAYLIGHT,PEDALCYCLIST,NOT DIVIDED,STRAIGHT AND LEVEL,DRY,NO INJURY / DRIVE AWAY,CLYBOURN AVE,41.9103963215,-87.649011267,POINT (-87.649011266995 41.910396321517)
O1583759,BICYCLE,ed348a240efab62568ed8acab7bcbad16c72faab06bf779598e3a5bea97b08c282894ab7a43eebeaa42a48e86da0d018f72c2ebdad62be6d18f6a1f5a887f8ec,05/25/2023 05:34:00 PM,M,21.0,HELMET NOT USED,WITH TRAFFIC,BIKEWAY,TEST NOT OFFERED,,30,CLEAR,DAYLIGHT,PEDALCYCLIST,NOT DIVIDED,STRAIGHT AND LEVEL,DRY,INJURY AND / OR TOW DUE TO CRASH,ROOSEVELT RD,41.8671088962,-87.6422588014,POINT (-87.642258801375 41.867108896215)
O1583733,BICYCLE,2afa6b67ec9cb9651633ed028ac83c85c0539acdc8d5647f0a5f89ab6e9d085839812116e1956684b2ed78b3cfdc284cc8377aa28b5e03821da26b80497e9fd9,05/25/2023 05:33:00 PM,M,17.0,BICYCLE HELMET (PEDACYCLIST INVOLVED ONLY),OTHER ACTION,UNKNOWN/NA,TEST NOT OFFERED,,30,CLEAR,DAYLIGHT,PEDALCYCLIST,NOT DIVIDED,STRAIGHT AND LEVEL,DRY,INJURY AND / OR TOW DUE TO CRASH,CALIFORNIA AVE,42.0125523055,-87.6995657026,POINT (-87.699565702559 42.0125523055)
O1583638,BICYCLE,ee10d2e34ec315fe34bcc58b884f2632b4ff9761a141503b057687fd7d0f920140c1bba3afa20cff346531a0727ca32fdd6fd6803719ac3af68bd5c69778a37b,05/25/2023 04:00:00 PM,M,27.0,BICYCLE HELMET (PEDACYCLIST INVOLVED ONLY),TURNING LEFT,IN ROADWAY,TEST NOT OFFERED,,30,CLEAR,DAYLIGHT,PEDALCYCLIST,NOT DIVIDED,STRAIGHT AND LEVEL,DRY,INJURY AND / OR TOW DUE TO CRASH,DIVISION ST,41.9034065738,-87.6705169548,POINT (-87.670516954773 41.903406573753)
O1583277,BICYCLE,f68b4f4ae37c8111a7e0968d9172db9f0b175bcafb5cc9af8820cd7702d6e87749f5187e672fd7bec6bd0261db215e1f92e584c9903cf0ab2be3cc39e2ac8016,05/25/2023 07:40:00 AM,,,HELMET NOT USED,CROSSING - NO CONTROLS (NOT AT INTERSECTION),IN ROADWAY,TEST NOT OFFERED,,30,CLEAR,DAYLIGHT,PEDALCYCLIST,OTHER,STRAIGHT AND LEVEL,DRY,NO INJURY / DRIVE AWAY,ROSCOE ST,41.9432064733,-87.6882561075,POINT (-87.688256107495 41.94320647326)
O1583175,BICYCLE,3481a9bf6e16315d5f87a53308fdbbe6fc20553004ffdec3646ba1bd072103918b93c88cfa888d84e51942997ea65a1af0afbe8c47b2d503480bc7de195de4dc,05/25/2023 06:45:00 AM,F,51.0,BICYCLE HELMET (PEDACYCLIST INVOLVED ONLY),AGAINST TRAFFIC,IN CROSSWALK,TEST NOT OFFERED,,30,CLOUDY/OVERCAST,DAYLIGHT,PEDALCYCLIST,NOT DIVIDED,STRAIGHT AND LEVEL,DRY,INJURY AND / OR TOW DUE TO CRASH,ARCHER AVE,41.8421553628,-87.6566342432,POINT (-87.656634243209 41.842155362803)
O1583074,BICYCLE,b4ef002fa485cb150ac7d7ed75daa6ad00ab5234f7fac5f6d06c004005ceeb40ad2f50e09e554621a250f489e08cc4edc92d5f63060883cff5fc84efd2cd2593,05/24/2023 07:25:00 PM,M,25.0,HELMET NOT USED,WITH TRAFFIC,IN ROADWAY,TEST NOT OFFERED,,30,CLEAR,DAYLIGHT,PEDALCYCLIST,NOT DIVIDED,STRAIGHT AND LEVEL,DRY,INJURY AND / OR TOW DUE TO CRASH,NORTH AVE,41.9105832923,-87.677942724,POINT (-87.677942724003 41.910583292258)
O1583150,BICYCLE,65d0a299d427765fdf3dd182365a3ef6baa3c9d62d94ef3eb739a072993e62358113c4160636d0a16ca70fd63780aee1ad6ac4cc45848ce27cb34b647531e4d4,05/24/2023 07:20:00 PM,M,,HELMET NOT USED,OTHER ACTION,IN ROADWAY,TEST NOT OFFERED,,30,UNKNOWN,UNKNOWN,PEDALCYCLIST,NOT DIVIDED,STRAIGHT AND LEVEL,UNKNOWN,NO INJURY / DRIVE AWAY,HALSTED ST,41.9495570608,-87.6494092962,POINT (-87.649409296213 41.949557060784)
O1583058,BICYCLE,f800272ee72416c9e273ae1a60c4954c79c19e7e9386301c71a00912212a71e70d8e537bd2b41cf993ed032f694934579b21102b617f3b6bb15dc04fbdebc835,05/24/2023 06:15:00 PM,M,44.0,HELMET NOT USED,CROSSING - NO CONTROLS (NOT AT INTERSECTION),IN ROADWAY,TEST NOT OFFERED,,30,CLEAR,DAYLIGHT,PEDALCYCLIST,NOT DIVIDED,STRAIGHT AND LEVEL,DRY,INJURY AND / OR TOW DUE TO CRASH,EASTMAN ST,41.9070229502,-87.6507939774,POINT (-87.650793977409 41.90702295018)
O1583009,BICYCLE,ee39b8197e244fecb7f1d4db80e6861c6e908cceea03c4ee8b6bd0580174816a6d1d45ae7f8287de03462e1c10b634bf9e8d79a31d5548573ded9e1a59fa8e59,05/24/2023 05:49:00 PM,M,71.0,HELMET NOT USED,UNKNOWN/NA,BIKE LANE,TEST NOT OFFERED,,35,CLEAR,DAYLIGHT,PEDALCYCLIST,FOUR WAY,STRAIGHT AND LEVEL,DRY,INJURY AND / OR TOW DUE TO CRASH,ROOSEVELT RD,41.8672886544,-87.6451393164,POINT (-87.645139316373 41.867288654444)
O1582889,BICYCLE,e258c38cdbabdbe0e2aad778080d659d760b496561b9a7127e7a644eabe99ccb1e5e02d874737189850b6295ff8a2facbf85dfce63bcfb2e934c2b40315f7f6c,05/24/2023 03:48:00 PM,X,,HELMET NOT USED,WITH TRAFFIC,IN ROADWAY,TEST NOT OFFERED,,30,CLEAR,DAYLIGHT,PEDALCYCLIST,NOT DIVIDED,STRAIGHT AND LEVEL,DRY,NO INJURY / DRIVE AWAY,HARLEM AVE,41.7939666809,-87.8014433212,POINT (-87.801443321237 41.79396668089)
O1582873,BICYCLE,9a1c4fa66e845f90e38101e95e08e871d860704b44d6dc3bfce53f08a34754d237ab2c28065c41f069c1e3d8f8c54c63aa208b46d6f6adf9d0fc7a9221ba7ce6,05/24/2023 03:45:00 PM,M,64.0,HELMET NOT USED,CROSSING - NO CONTROLS (NOT AT INTERSECTION),IN CROSSWALK,TEST NOT OFFERED,,30,CLEAR,DAYLIGHT,PEDALCYCLIST,DIVIDED - W/MEDIAN (NOT RAISED),STRAIGHT AND LEVEL,DRY,INJURY AND / OR TOW DUE TO CRASH,MANOR AVE,41.9684786702,-87.7027363327,POINT (-87.702736332738 41.968478670155)
O1582892,BICYCLE,df2e5df2c3047442a6718a0466bb5eaf88b63391647bfc777420a2fa847d65432eb302678aefc808e1d79824bf7eaec2c27b339b1f6386534b3a0ae0d86dda84,05/24/2023 03:40:00 PM,M,52.0,HELMET NOT USED,CROSSING - WITH SIGNAL,IN ROADWAY,TEST NOT OFFERED,,30,CLEAR,DAYLIGHT,PEDALCYCLIST,FOUR WAY,STRAIGHT AND LEVEL,DRY,NO INJURY / DRIVE AWAY,LOWER COLUMBUS DR,41.8857408067,-87.6205629422,POINT (-87.620562942203 41.88574080669)
O1582793,BICYCLE,50d347c2dbb1db72eae6cf8154cb8cd1d8baf3fc329d5b94460f64a428b9fcccd65c7ddf077c8ed7e00ac1c24d7969b0ab02ae8161c663d1622bf1be56776343,05/24/2023 09:10:00 AM,M,21.0,HELMET NOT USED,CROSSING - NO CONTROLS (NOT AT INTERSECTION),IN ROADWAY,TEST NOT OFFERED,,30,CLEAR,DAYLIGHT,PEDALCYCLIST,NOT DIVIDED,STRAIGHT AND LEVEL,DRY,INJURY AND / OR TOW DUE TO CRASH,TAYLOR ST,41.8693936394,-87.6651523881,POINT (-87.665152388106 41.869393639406)
O1583125,BICYCLE,57bcfe9166a95aef6f22d4a10353b1d56780342d42c51ef1f6d82c3b37e9a54471cf5bee3782c0b8d77357f1a95254e377e63fdb0f914bb48913013d91a52d16,05/23/2023 10:18:00 PM,M,30.0,BICYCLE HELMET (PEDACYCLIST INVOLVED ONLY),WITH TRAFFIC,BIKEWAY,TEST NOT OFFERED,,30,CLEAR,"DARKNESS, LIGHTED ROAD",PEDALCYCLIST,NOT DIVIDED,STRAIGHT AND LEVEL,UNKNOWN,INJURY AND / OR TOW DUE TO CRASH,HALSTED ST,41.9509011575,-87.6497718382,POINT (-87.649771838187 41.950901157508)
O1582385,BICYCLE,480f9c7b59c6ba98d704f8eff3104942f8a6bee3d77ddec0fed281e38ce4d866730a02b4c90432b4d50f7d727e7f70e5e9b12f65c86c9c64eb556a59f0b71543,05/23/2023 07:50:00 PM,M,13.0,HELMET NOT USED,CROSSING - NO CONTROLS (NOT AT INTERSECTION),IN ROADWAY,,,30,CLEAR,DUSK,PEDALCYCLIST,ONE-WAY,STRAIGHT AND LEVEL,DRY,INJURY AND / OR TOW DUE TO CRASH,WHIPPLE ST,41.7930420278,-87.6997331391,POINT (-87.699733139085 41.793042027823)
O1582377,BICYCLE,a1d46a7c4a60895d93e5335ee5371030eb1927a8929fc5d22233e4ae7cd6c360e48f37ec246791e740fd1782db92104743e2ff7f861b26be5845fd813a109312,05/23/2023 06:02:00 PM,M,39.0,BICYCLE HELMET (PEDACYCLIST INVOLVED ONLY),WITH TRAFFIC,IN ROADWAY,TEST NOT OFFERED,,30,CLEAR,DAYLIGHT,PEDALCYCLIST,NOT DIVIDED,STRAIGHT AND LEVEL,DRY,INJURY AND / OR TOW DUE TO CRASH,HALSTED ST,41.8318186027,-87.645984415,POINT (-87.645984414956 41.831818602662)
O1603602,BICYCLE,0996c29c3adffa8fef26bc5f09ef8e8c133f4e38f5e428b1667085ca2d155fd3b342e31d3c595c7bcc708c437c925970cbec1801aaae87909e17a787be6d7bc0,05/23/2023 05:45:00 PM,M,64.0,BICYCLE HELMET (PEDACYCLIST INVOLVED ONLY),WITH TRAFFIC,IN ROADWAY,TEST NOT OFFERED,,20,CLEAR,DAYLIGHT,PEDALCYCLIST,NOT DIVIDED,STRAIGHT AND LEVEL,DRY,INJURY AND / OR TOW DUE TO CRASH,KOSTNER AVE,41.9930609845,-87.7384427782,POINT (-87.738442778211 41.99306098448)
O1582161,BICYCLE,285c9afcc7042091b4fd2d9610067fadbf5a2148576249d2a221641835a699f99b84b6cba63549b9cc9bc1a65b44bfbcc07477727feb494a5d0c711064d7f9e0,05/23/2023 04:30:00 PM,M,56.0,HELMET NOT USED,WITH TRAFFIC,BIKE LANE,TEST NOT OFFERED,,30,CLEAR,DAYLIGHT,PEDALCYCLIST,CENTER TURN LANE,STRAIGHT AND LEVEL,DRY,INJURY AND / OR TOW DUE TO CRASH,DIVISION ST,41.9037004353,-87.6518969945,POINT (-87.651896994454 41.903700435319)
O1582181,BICYCLE,aa8664a8bdbc6bf5f9dfa71c05b742a696df2526ddaefa604e595a29931c8f432cddc9cb1b5ca6d4da2456601f2163ab26c6e699700f8e44a19114b60f534ea8,05/23/2023 03:50:00 PM,M,,HELMET NOT USED,CROSSING - AGAINST SIGNAL,IN ROADWAY,TEST NOT OFFERED,,30,CLEAR,DAYLIGHT,PEDALCYCLIST,NOT DIVIDED,STRAIGHT AND LEVEL,DRY,NO INJURY / DRIVE AWAY,ASHLAND AVE,41.9107192433,-87.6678408072,POINT (-87.66784080722 41.910719243344)
O1584623,BICYCLE,30ef3676f9daf4396c79563e859e89fd97a81d20395a8b4fda1bd8e4a12214f5699c2a1c8f86a6eb5eb3cb3f9b90d7ecf9015d8c9583fbe0526324a4c945c1b9,05/23/2023 11:30:00 AM,M,28.0,HELMET NOT USED,NO ACTION,IN ROADWAY,TEST NOT OFFERED,,30,CLEAR,DAYLIGHT,PEDALCYCLIST,NOT DIVIDED,STRAIGHT AND LEVEL,DRY,NO INJURY / DRIVE AWAY,JACKSON BLVD,41.8780644341,-87.6286959458,POINT (-87.628695945836 41.878064434112)
O1581849,BICYCLE,9eb11e89c54e90f32e4b1d8ad3e3c06010f656b87ceedd31fd9cf47d6d5d472f17a6af32d44735a4775e3c0ccdef25f104753ec31ae63fc0903a9de7c3565424,05/23/2023 09:29:00 AM,M,24.0,BICYCLE HELMET (PEDACYCLIST INVOLVED ONLY),WITH TRAFFIC,BIKEWAY,TEST NOT OFFERED,,30,CLEAR,DAYLIGHT,PEDALCYCLIST,NOT DIVIDED,STRAIGHT AND LEVEL,DRY,INJURY AND / OR TOW DUE TO CRASH,HALSTED ST,41.9081693201,-87.6483480201,POINT (-87.648348020104 41.908169320053)
O1581887,NON-MOTOR VEHICLE,1a5a642e5cb0eed349719ef60f7b9be58921344da8934729ec998cb2fe7960b96251117dcdb6d689b9c0b6037abc6879acaab6bf7a423b125bc75b4f3f98f645,05/23/2023 09:20:00 AM,M,29.0,SAFETY BELT USED,WORKING IN ROADWAY,IN ROADWAY,TEST NOT OFFERED,,30,CLEAR,DAYLIGHT,OTHER OBJECT,DIVIDED - W/MEDIAN (NOT RAISED),STRAIGHT AND LEVEL,DRY,NO INJURY / DRIVE AWAY,POLK ST,41.8720407585,-87.6336454845,POINT (-87.633645484534 41.872040758511)
O1588828,NON-MOTOR VEHICLE,1a5a642e5cb0eed349719ef60f7b9be58921344da8934729ec998cb2fe7960b96251117dcdb6d689b9c0b6037abc6879acaab6bf7a423b125bc75b4f3f98f645,05/23/2023 09:20:00 AM,M,29.0,SAFETY BELT USED,WORKING IN ROADWAY,IN ROADWAY,TEST NOT OFFERED,,30,CLEAR,DAYLIGHT,OTHER OBJECT,DIVIDED - W/MEDIAN (NOT RAISED),STRAIGHT AND LEVEL,DRY,NO INJURY / DRIVE AWAY,POLK ST,41.8720407585,-87.6336454845,POINT (-87.633645484534 41.872040758511)
O1581894,BICYCLE,e02b29e15c593fac4a093b762fa5acf0d8988fa594784cb85bcab934658c6c57bd7bde901abd0e4dbcd4f3932c64371c71b28ea52ba3b323fa3143b35d46ae3a,05/23/2023 08:05:00 AM,X,,HELMET NOT USED,UNKNOWN/NA,UNKNOWN/NA,TEST NOT OFFERED,,30,UNKNOWN,UNKNOWN,PEDALCYCLIST,UNKNOWN,STRAIGHT AND LEVEL,UNKNOWN,NO INJURY / DRIVE AWAY,110TH ST,41.6953181503,-87.5258630514,POINT (-87.525863051379 41.695318150298)
O1582503,BICYCLE,6f2adaeec13dfead704ee82b6bb732d39ec9bfbe2f66dd9ea0a4e64f02a4884b71ae68556371e2f2dd6fc75604cb552acb982860a7e466ca0c297f950e4a6f44,05/23/2023 07:25:00 AM,M,27.0,BICYCLE HELMET (PEDACYCLIST INVOLVED ONLY),OTHER ACTION,IN CROSSWALK,TEST NOT OFFERED,,30,CLEAR,DAYLIGHT,PEDALCYCLIST,DIVIDED - W/MEDIAN (NOT RAISED),STRAIGHT AND LEVEL,DRY,NO INJURY / DRIVE AWAY,ASHLAND AVE,41.945255189,-87.6689638185,POINT (-87.668963818529 41.945255189047)
O1581707,BICYCLE,104167f32f17710438c1920ccc143f7950a060de3f6019a75f07754d5acabea4e6a4958b9750455147781acebb2fc0e8dec417837d340444f7bfa646ec63d1de,05/22/2023 11:46:00 PM,M,20.0,HELMET NOT USED,WITH TRAFFIC,BIKEWAY,TEST NOT OFFERED,,25,CLEAR,"DARKNESS, LIGHTED ROAD",PEDALCYCLIST,NOT DIVIDED,STRAIGHT AND LEVEL,DRY,INJURY AND / OR TOW DUE TO CRASH,PRATT BLVD,42.0053627304,-87.6780446866,POINT (-87.678044686614 42.005362730383)
O1582649,NON-MOTOR VEHICLE,cccf8dce127c079927e4800a54df8898ec413eb21e5b99d26a635dfc2e9f582dd63a2bb576e2108d4a0c5afed71b6f6f09b5349a91fc4ae3401a0d4eb7412360,05/22/2023 07:00:00 PM,F,42.0,,,,,,20,CLEAR,DUSK,FIXED OBJECT,ALLEY,STRAIGHT AND LEVEL,DRY,NO INJURY / DRIVE AWAY,DRAKE AVE,41.859871504,-87.7141597002,POINT (-87.714159700211 41.859871503953)
O1581619,BICYCLE,67768dce15b9eda50ed93cf3a105292f1b84b76f1db6c73dfda3c8b1c4aa9033ef7b3415ebfd1afe808cfe5501c02913ddba9dcccabfdebe88ede933fecfe6b3,05/22/2023 06:19:00 PM,M,38.0,HELMET NOT USED,WITH TRAFFIC,IN ROADWAY,TEST NOT OFFERED,,30,CLEAR,DAYLIGHT,PEDALCYCLIST,NOT DIVIDED,STRAIGHT AND LEVEL,DRY,INJURY AND / OR TOW DUE TO CRASH,DIVERSEY AVE,41.9316414204,-87.7467199106,POINT (-87.746719910646 41.931641420407)
O1581330,BICYCLE,3e9903df86c77614119a2abe31cf5fac504bced0a765c5399f3e4406fa22485f40d0dc2de9082fa21d190f6a9c2d8d642cd1565be0eee5e7da0790edb4611411,05/22/2023 03:30:00 PM,M,10.0,BICYCLE HELMET (PEDACYCLIST INVOLVED ONLY),CROSSING - NO CONTROLS (NOT AT INTERSECTION),UNKNOWN/NA,TEST NOT OFFERED,,20,CLEAR,DAYLIGHT,PEDALCYCLIST,NOT DIVIDED,STRAIGHT AND LEVEL,DRY,NO INJURY / DRIVE AWAY,SEELEY AVE,41.7064267396,-87.6731758875,POINT (-87.673175887545 41.706426739627)
O1581984,BICYCLE,b7fb83df29264edc565dac1a8b80e2c3617e7a155ca8b595ca4209c1e97b12e4e9995eedecde56c6ced345ce4f76c37e2cde86eac718e063c05b55eb4e721c84,05/22/2023 02:40:00 PM,F,30.0,BICYCLE HELMET (PEDACYCLIST INVOLVED ONLY),CROSSING - CONTROLS PRESENT (NOT AT INTERSECTION),IN CROSSWALK,TEST NOT OFFERED,,30,CLEAR,DAYLIGHT,PEDALCYCLIST,FOUR WAY,STRAIGHT AND LEVEL,DRY,INJURY AND / OR TOW DUE TO CRASH,JEFFERY BLVD,41.7642839116,-87.5764066694,POINT (-87.576406669444 41.764283911619)
O1581778,BICYCLE,d84389bb8f4d7533a1bd87704297ee5c84ea9e58eca40d4556f21d28a3efda430e8231f4fa66527ce9f6fd6a021a04adf6df333aea6bfa24d7b072887b70bea1,05/22/2023 01:45:00 PM,F,29.0,BICYCLE HELMET (PEDACYCLIST INVOLVED ONLY),WITH TRAFFIC,IN ROADWAY,TEST NOT OFFERED,,30,CLEAR,DAYLIGHT,PEDALCYCLIST,NOT DIVIDED,STRAIGHT AND LEVEL,DRY,INJURY AND / OR TOW DUE TO CRASH,LAWRENCE AVE,41.9691980485,-87.6549784566,POINT (-87.654978456594 41.969198048497)
O1581058,BICYCLE,3eb4aa011bbac62d72fbd4b827ce8f4a47cfaab47d722feb37d3982868aeecd960b5872bf31cd9e8518dcaf9be2d5f57fb6b9e0284f93b3b59d132a4dafeabc5,05/22/2023 08:15:00 AM,M,14.0,HELMET NOT USED,WITH TRAFFIC,NOT IN ROADWAY,TEST NOT OFFERED,,30,CLEAR,DAYLIGHT,PEDALCYCLIST,NOT DIVIDED,STRAIGHT AND LEVEL,DRY,INJURY AND / OR TOW DUE TO CRASH,KEDZIE AVE,41.9592767503,-87.7080389751,POINT (-87.708038975069 41.959276750279)
O1580886,BICYCLE,dd3b919b04255bb316dda99648db10db3ecbcaf3cedf21ce20182f8e0216458b940fcf6ea1abc7f4aeeee2d220f7fa022c25ad8c6546ffe45ddf829ae947bc3c,05/21/2023 09:54:00 PM,M,34.0,HELMET NOT USED,TURNING LEFT,IN ROADWAY,TEST NOT OFFERED,,25,CLEAR,"DARKNESS, LIGHTED ROAD",PEDALCYCLIST,FOUR WAY,STRAIGHT AND LEVEL,DRY,INJURY AND / OR TOW DUE TO CRASH,NORTH AVE,41.9098864673,-87.7165303108,POINT (-87.71653031082 41.909886467267)