PERSON_ID,PERSON_TYPE,CRASH_RECORD_ID,CRASH_DATE_x,SEX,AGE,SAFETY_EQUIPMENT,PEDPEDAL_ACTION,PEDPEDAL_LOCATION,BAC_RESULT,CRASH_DATE_EST_I,POSTED_SPEED_LIMIT,WEATHER_CONDITION,LIGHTING_CONDITION,FIRST_CRASH_TYPE,TRAFFICWAY_TYPE,ALIGNMENT,ROADWAY_SURFACE_COND,CRASH_TYPE,STREET_NAME,LATITUDE,LONGITUDE,LOCATION
O1580775,BICYCLE,672faf08adaf173261389309433718150718c7494147627e782df881388144d4b86cab9bb0e0a8265404311bb3999ee85e899c3c408bc832533a5d32e3354ec9,05/21/2023 06:55:00 PM,M,57.0,HELMET NOT USED,WITH TRAFFIC,NOT IN ROADWAY,TEST NOT OFFERED,Y,25,CLEAR,DUSK,PEDALCYCLIST,ONE-WAY,STRAIGHT AND LEVEL,UNKNOWN,INJURY AND / OR TOW DUE TO CRASH,BARRY AVE,41.9371293703,-87.7456914802,POINT (-87.745691480213 41.937129370284)
O1580571,BICYCLE,87ba28251400576fe993a6017250644c2d454efbe2412f355524c4aa600147d744fe913ede5e9ec601f2148f9b4857bc52c2ce2af828d062fe98657fc6e7d4b4,05/21/2023 09:59:00 AM,F,66.0,HELMET NOT USED,OTHER ACTION,IN ROADWAY,TEST NOT OFFERED,,30,CLEAR,DAYLIGHT,PEDALCYCLIST,T-INTERSECTION,STRAIGHT AND LEVEL,DRY,INJURY AND / OR TOW DUE TO CRASH,112TH ST,41.6919118552,-87.5247165967,POINT (-87.524716596716 41.691911855152)
O1580257,BICYCLE,34effe17d1a118e2566a5f0d565c0a7bee5a628cee0a8b049ee92e4014838d3914395f1361723d906c56331000f247e0b0cadd0ed9b41ff449a4431ded68552d,05/20/2023 10:09:00 PM,F,40.0,HELMET NOT USED,CROSSING - CONTROLS PRESENT (NOT AT INTERSECTION),IN CROSSWALK,TEST NOT OFFERED,,30,CLEAR,"DARKNESS, LIGHTED ROAD",PEDALCYCLIST,NOT DIVIDED,STRAIGHT AND LEVEL,DRY,INJURY AND / OR TOW DUE TO CRASH,BRAINARD AVE,41.6456674844,-87.5425098131,POINT (-87.542509813131 41.645667484379)
O1580347,BICYCLE,6f94f354baf04877f7ac996281d2cc338e4090819613393c5a90970087ce5ed52ccab4b561e2ebdc24426da5e0fc96c985b03c37fbd39497aa7a1f9637f9ec06,05/20/2023 09:30:00 PM,M,23.0,HELMET NOT USED,UNKNOWN/NA,BIKE LANE,TEST NOT OFFERED,,30,CLEAR,"DARKNESS, LIGHTED ROAD",PEDALCYCLIST,NOT DIVIDED,STRAIGHT AND LEVEL,DRY,INJURY AND / OR TOW DUE TO CRASH,MILWAUKEE AVE,41.9077154154,-87.6735285681,POINT (-87.673528568066 41.907715415432)
O1589765,BICYCLE,ebb380605d25d028c51b28c54e68ebbb75198872d91d92c62b3c6fc3218297e862d98884ceb05f8db5d4d868228d9347bc84c9c73c32c74eaeedc8fc7ffb5691,05/20/2023 09:24:00 PM,M,36.0,HELMET NOT USED,WITH TRAFFIC,IN ROADWAY,,,30,CLEAR,"DARKNESS, LIGHTED ROAD",PEDALCYCLIST,DIVIDED - W/MEDIAN BARRIER,STRAIGHT AND LEVEL,DRY,INJURY AND / OR TOW DUE TO CRASH,LAWRENCE AVE,41.9688143696,-87.6826447841,POINT (-87.682644784106 41.968814369625)
O1580171,BICYCLE,052c152955f12f2841fe36b1241a734036b14430a6d607e743aa0892797f11b81b13c1e4ad045191b46a87d4a123a34626c9f25a23f8e17228f0532e852412d5,05/20/2023 08:17:00 PM,M,17.0,BICYCLE HELMET (PEDACYCLIST INVOLVED ONLY),WITH TRAFFIC,IN ROADWAY,TEST NOT OFFERED,,30,CLEAR,"DARKNESS, LIGHTED ROAD",PEDALCYCLIST,DIVIDED - W/MEDIAN (NOT RAISED),STRAIGHT AND LEVEL,DRY,INJURY AND / OR TOW DUE TO CRASH,MILWAUKEE AVE,41.9090376541,-87.6751459225,POINT (-87.67514592249 41.909037654061)
O1580193,BICYCLE,359025fc2e1674a83d3a66dc31961023772c4f401eb511196a47f5cd412fd49cedd6a1611e1ee566f8a48f66074031240855e8674b26b193f6739da1b2960c32,05/20/2023 08:10:00 PM,M,25.0,BICYCLE HELMET (PEDACYCLIST INVOLVED ONLY),CROSSING - WITH SIGNAL,IN CROSSWALK,TEST NOT OFFERED,,30,CLEAR,"DARKNESS, LIGHTED ROAD",PEDALCYCLIST,DIVIDED - W/MEDIAN BARRIER,STRAIGHT AND LEVEL,DRY,INJURY AND / OR TOW DUE TO CRASH,CENTRAL AVE,41.8701072004,-87.7645714293,POINT (-87.764571429282 41.870107200411)
O1580723,BICYCLE,a2650f77c7c8cc4ac68c3054f0ccd387907bd6b8327018d22d1a74108d986e5a324f89ecf6636a35beb3b1e814818d25e0f1126e47c22f2acefc739642fd2764,05/20/2023 02:18:00 PM,M,72.0,HELMET NOT USED,WITH TRAFFIC,BIKEWAY,TEST NOT OFFERED,,30,CLEAR,DAYLIGHT,PEDALCYCLIST,DIVIDED - W/MEDIAN (NOT RAISED),STRAIGHT AND LEVEL,DRY,INJURY AND / OR TOW DUE TO CRASH,MILWAUKEE AVE,41.9240012945,-87.69890951,POINT (-87.698909509994 41.924001294451)
O1579779,BICYCLE,f835e3f764826f819ceefeeead5d85bdd26eace32fa6cd4c1389a94a98e16d629ffb7b57eb0d507240253eaa5b696acb4733f2ae46d0c0d39d62542c5c00b516,05/20/2023 11:00:00 AM,M,22.0,HELMET NOT USED,CROSSING - NO CONTROLS (NOT AT INTERSECTION),IN ROADWAY,TEST NOT OFFERED,,30,CLEAR,DAYLIGHT,PEDALCYCLIST,DIVIDED - W/MEDIAN (NOT RAISED),STRAIGHT AND LEVEL,UNKNOWN,NO INJURY / DRIVE AWAY,BELMONT AVE,41.9392978392,-87.6951563609,POINT (-87.695156360863 41.939297839156)
O1579530,BICYCLE,c81110dfab6c5e53cedc5746f39e8b0224d387e4cfcf93180bfd5a87457e142c5a7c8d68fc89ad2f9afd5f111f06a6ba74699a557ed73369a397012f1408144d,05/19/2023 07:20:00 PM,M,14.0,HELMET NOT USED,CROSSING - NO CONTROLS (AT INTERSECTION),IN ROADWAY,TEST NOT OFFERED,,30,CLEAR,DAYLIGHT,PEDALCYCLIST,NOT DIVIDED,STRAIGHT AND LEVEL,DRY,INJURY AND / OR TOW DUE TO CRASH,RICHMOND ST,41.8081263306,-87.6977191871,POINT (-87.697719187128 41.80812633062)
O1579493,BICYCLE,a03ac90ab7531b09acc6b9d2e6f39b6569074b25b9950d9f87c817251310ba36e09696b33eb4939c293e7e0aad4013de6d7c0bb1844e657f09cc9ac16c7622d6,05/19/2023 06:30:00 PM,M,20.0,BICYCLE HELMET (PEDACYCLIST INVOLVED ONLY),UNKNOWN/NA,IN ROADWAY,TEST NOT OFFERED,,30,CLEAR,DAYLIGHT,PEDALCYCLIST,NOT DIVIDED,STRAIGHT AND LEVEL,DRY,NO INJURY / DRIVE AWAY,BELMONT AVE,41.9400923468,-87.6491477779,POINT (-87.649147777873 41.940092346773)
O1584142,BICYCLE,c4da62b286594bf1d33ca423b362d77d3d78becc2115ecd426d2343be5151d965f96542d99d3055a1390cc14fccbc5e5f4bca0556ee8426bc21c581f294b5b46,05/19/2023 06:20:00 PM,F,40.0,BICYCLE HELMET (PEDACYCLIST INVOLVED ONLY),WITH TRAFFIC,BIKE LANE,TEST NOT OFFERED,,30,CLEAR,DAYLIGHT,PEDALCYCLIST,NOT DIVIDED,STRAIGHT AND LEVEL,DRY,INJURY AND / OR TOW DUE TO CRASH,MILWAUKEE AVE,41.8934906417,-87.6509256458,POINT (-87.650925645752 41.89349064168)
O1579474,BICYCLE,148b41e88487276823ff8ca73eb557552ecd07e5e3828c8298819172e48a604c1f8eb773cf86bf1b317a0e2ca244ab1af208c75c5777eb7e13ed257bbb46ed07,05/19/2023 05:52:00 PM,M,54.0,BICYCLE HELMET (PEDACYCLIST INVOLVED ONLY),WITH TRAFFIC,IN ROADWAY,TEST NOT OFFERED,,30,CLEAR,DAYLIGHT,PEDALCYCLIST,OTHER,STRAIGHT AND LEVEL,DRY,INJURY AND / OR TOW DUE TO CRASH,HARLEM AVE,41.9469025732,-87.8072093181,POINT (-87.807209318094 41.946902573172)
O1579350,BICYCLE,14b1906c4c81e518fa683c477281d158f24392962c3e6113027634b9b9bdf743fa544cea3ce92aeb9e6d230571fa5abc9c247afc2cda090c72cf1ef2561555a8,05/19/2023 04:05:00 PM,M,16.0,HELMET NOT USED,NOT AT INTERSECTION,NOT IN ROADWAY,TEST NOT OFFERED,,30,CLEAR,DAYLIGHT,PEDALCYCLIST,ONE-WAY,STRAIGHT AND LEVEL,DRY,INJURY AND / OR TOW DUE TO CRASH,HENDERSON ST,41.9416565996,-87.7317320335,POINT (-87.731732033458 41.941656599643)
O1579299,BICYCLE,d2046aced035d917e475a7502acdc07b2897c3813869383863b3c6bb42f1f5a47651236cfc574cca46780efe392ca20795efb5d17e4ff5689ad7e5e5c9dc4ea4,05/19/2023 03:30:00 PM,F,25.0,BICYCLE HELMET (PEDACYCLIST INVOLVED ONLY),TURNING LEFT,IN CROSSWALK,TEST NOT OFFERED,,30,CLEAR,DAYLIGHT,PEDALCYCLIST,NOT DIVIDED,STRAIGHT AND LEVEL,DRY,INJURY AND / OR TOW DUE TO CRASH,BROADWAY,41.9433400555,-87.6446638704,POINT (-87.64466387045 41.943340055477)
O1579180,BICYCLE,f1d046bd75911af8c8d9d0596fd27f81f3766918d84d498a3fea61cdf3ed1c9390cdab04f9a45cee24367330576379a7db8b432030d2fb5a41caf3f5a986750d,05/19/2023 12:50:00 PM,M,53.0,HELMET NOT USED,CROSSING - NO CONTROLS (AT INTERSECTION),IN CROSSWALK,TEST NOT OFFERED,,30,CLEAR,DAYLIGHT,PEDALCYCLIST,T-INTERSECTION,STRAIGHT AND LEVEL,DRY,INJURY AND / OR TOW DUE TO CRASH,WASHTENAW AVE,41.9686054743,-87.6963922915,POINT (-87.696392291536 41.968605474312)
O1579103,BICYCLE,d5c75ddb71f75a405e1099107d9f5f49d882008950b49c9c0dd54b4b2c743f75077c8918f9142d5ef1baa8c2c783c49d7e68501224596211402a96f05e0e5c71,05/19/2023 09:37:00 AM,M,38.0,BICYCLE HELMET (PEDACYCLIST INVOLVED ONLY),TURNING LEFT,IN ROADWAY,TEST NOT OFFERED,,35,UNKNOWN,DAYLIGHT,PEDALCYCLIST,FOUR WAY,STRAIGHT AND LEVEL,UNKNOWN,INJURY AND / OR TOW DUE TO CRASH,KEDZIE AVE,42.019032314,-87.7085170022,POINT (-87.708517002237 42.019032314015)
O1578832,BICYCLE,b477aa640865091bf9fb836318abea82f64cb3913e4db73353377454f39b5d47653bc75a8ebae318f0ec36a4495b091b4e8da62898692522fd36677f535db824,05/18/2023 09:48:00 PM,M,31.0,HELMET NOT USED,TURNING LEFT,UNKNOWN/NA,TEST NOT OFFERED,,30,CLEAR,"DARKNESS, LIGHTED ROAD",PEDALCYCLIST,FOUR WAY,STRAIGHT AND LEVEL,DRY,INJURY AND / OR TOW DUE TO CRASH,ROSCOE ST,41.9436734814,-87.6535125538,POINT (-87.653512553759 41.94367348143)
O1578813,BICYCLE,b9153209511bfab30efa77b3883a9038698af11f0f130a3f0fa10973113da98c6a990dfddaf7eb0251d06a662f408724d20ebe1c44bcde6108414f84f30e8fef,05/18/2023 08:45:00 PM,M,65.0,HELMET NOT USED,WITH TRAFFIC,IN ROADWAY,TEST NOT OFFERED,,30,CLEAR,DARKNESS,PEDALCYCLIST,DIVIDED - W/MEDIAN BARRIER,STRAIGHT AND LEVEL,DRY,INJURY AND / OR TOW DUE TO CRASH,95TH ST,41.7214818109,-87.6335513825,POINT (-87.633551382487 41.721481810929)
O1578733,BICYCLE,a023827c04be1764a55e30826c208f76408d1db820488863b6a108cbdad94ad3c1d047a886677cefe95bb3e2c33f83c963e8dc9b270696c2768cd96950f4f388,05/18/2023 05:38:00 PM,M,17.0,BICYCLE HELMET (PEDACYCLIST INVOLVED ONLY),WITH TRAFFIC,IN ROADWAY,TEST NOT OFFERED,,30,CLEAR,DAYLIGHT,PEDALCYCLIST,NOT DIVIDED,STRAIGHT AND LEVEL,DRY,NO INJURY / DRIVE AWAY,ARMITAGE AVE,41.9181796131,-87.6558598375,POINT (-87.655859837472 41.918179613059)
O1579038,BICYCLE,7bd7e25535ca21583361ed8152f938fb0b40594a546da70f971f605e93ecd2fe5b7bae6ac31a3cf8b29389505ef9ade75c5ae51d274a8bc0a0dbf6897c32b4e6,05/18/2023 04:45:00 PM,M,46.0,BICYCLE HELMET (PEDACYCLIST INVOLVED ONLY),OTHER ACTION,BIKEWAY,TEST NOT OFFERED,,35,CLEAR,DAYLIGHT,PEDALCYCLIST,DIVIDED - W/MEDIAN BARRIER,STRAIGHT AND LEVEL,DRY,INJURY AND / OR TOW DUE TO CRASH,CLYBOURN AVE,41.9043561109,-87.6401709766,POINT (-87.640170976562 41.904356110902)
O1662053,BICYCLE,7bd7e25535ca21583361ed8152f938fb0b40594a546da70f971f605e93ecd2fe5b7bae6ac31a3cf8b29389505ef9ade75c5ae51d274a8bc0a0dbf6897c32b4e6,05/18/2023 04:45:00 PM,M,46.0,BICYCLE HELMET (PEDACYCLIST INVOLVED ONLY),OTHER ACTION,BIKEWAY,TEST NOT OFFERED,,35,CLEAR,DAYLIGHT,PEDALCYCLIST,DIVIDED - W/MEDIAN BARRIER,STRAIGHT AND LEVEL,DRY,INJURY AND / OR TOW DUE TO CRASH,CLYBOURN AVE,41.9043561109,-87.6401709766,POINT (-87.640170976562 41.904356110902)
O1578609,BICYCLE,904c1f9123879045d29c8369b73dba8b999300eb467a285c89edb4b861a56549a9a94d61fc995dbe618c6e3ed073dda8b238edcfd7f377e18aa5ffea82498efa,05/18/2023 04:25:00 PM,M,31.0,BICYCLE HELMET (PEDACYCLIST INVOLVED ONLY),OTHER ACTION,IN ROADWAY,TEST NOT OFFERED,,30,CLEAR,DAYLIGHT,PEDALCYCLIST,FOUR WAY,STRAIGHT AND LEVEL,DRY,NO INJURY / DRIVE AWAY,WRIGHTWOOD AVE,41.9280569017,-87.7252761676,POINT (-87.725276167646 41.928056901731)
O1578504,BICYCLE,d45e3921a36321e20ff1c80c4e8b1ffedce1e80b507265009042c3401bebbb3f9aabd033a352f39f5bbc6f80c67dbe5543e86b93d3e528634230e480b4da3bea,05/18/2023 02:10:00 PM,F,,BICYCLE HELMET (PEDACYCLIST INVOLVED ONLY),UNKNOWN/NA,IN ROADWAY,TEST NOT OFFERED,,30,CLEAR,DAYLIGHT,PEDALCYCLIST,UNKNOWN INTERSECTION TYPE,STRAIGHT AND LEVEL,DRY,NO INJURY / DRIVE AWAY,WOLCOTT AVE,41.9160751656,-87.6752981879,POINT (-87.675298187924 41.916075165644)
O1578467,BICYCLE,1d1f2e0be489bb5e77c048508ba38bf012993240f5507707366bdaa4d61a6df1384e355c3c94b471537230050809f7fbb884e32761dd5cb08b4c3cb55572af2d,05/18/2023 01:20:00 PM,M,22.0,HELMET NOT USED,AGAINST TRAFFIC,IN ROADWAY,TEST NOT OFFERED,,25,CLEAR,DAYLIGHT,PEDALCYCLIST,FOUR WAY,STRAIGHT AND LEVEL,DRY,INJURY AND / OR TOW DUE TO CRASH,58TH ST,41.7867939829,-87.7914332964,POINT (-87.791433296427 41.786793982948)
O1578281,BICYCLE,f78bc5dafdfa5061824212cb04f0084ceb6c87d06a53708d59ee2b4ee55c374251dda72c437dc48592f631210ed203e55bf7b7a771c911e65f12eed441805b0e,05/18/2023 07:20:00 AM,M,40.0,BICYCLE HELMET (PEDACYCLIST INVOLVED ONLY),WITH TRAFFIC,IN ROADWAY,TEST NOT OFFERED,,30,CLEAR,DAYLIGHT,PEDALCYCLIST,ONE-WAY,STRAIGHT AND LEVEL,DRY,INJURY AND / OR TOW DUE TO CRASH,FRANCISCO AVE,41.9606327223,-87.7007469543,POINT (-87.700746954327 41.96063272235)
O1578227,BICYCLE,73f1c675836e731e04d9185412fe74a3bbee3fc6794620d26f5d76a9d6dae28e2dc7340f66bb0228dad112bf4ba9cc67307a678225e043987a5e32d522b3c42d,05/18/2023 01:50:00 AM,M,49.0,HELMET NOT USED,WITH TRAFFIC,UNKNOWN/NA,TEST NOT OFFERED,Y,30,CLEAR,"DARKNESS, LIGHTED ROAD",PEDALCYCLIST,NOT DIVIDED,STRAIGHT AND LEVEL,DRY,INJURY AND / OR TOW DUE TO CRASH,71ST ST,41.7653136517,-87.6443543102,POINT (-87.644354310185 41.765313651678)
O1597594,NON-MOTOR VEHICLE,f15348e624a454ef1c7088309b89993bd48edf34eb3bd672a987df90f82276fcc02de7887ef423c749f593eea56ec6f30189d4f3c3b67dd31915bda749dbbebe,05/18/2023 12:01:00 AM,M,63.0,,,,,,15,UNKNOWN,UNKNOWN,FIXED OBJECT,ALLEY,STRAIGHT AND LEVEL,UNKNOWN,NO INJURY / DRIVE AWAY,ST LOUIS AVE,41.8402107468,-87.7123841986,POINT (-87.712384198602 41.840210746809)
O1578145,BICYCLE,2309e2649ac80846b1c7f630734b30655b57fbdf6d9a1208afc737bbc053c322aa3a8c4cf7367e34ad08f7a6ca0fe872172327b6a73129c0f5daee9576bcfdd5,05/17/2023 09:00:00 PM,M,38.0,HELMET NOT USED,CROSSING - AGAINST SIGNAL,IN ROADWAY,TEST NOT OFFERED,,30,CLEAR,"DARKNESS, LIGHTED ROAD",PEDALCYCLIST,FOUR WAY,STRAIGHT AND LEVEL,DRY,INJURY AND / OR TOW DUE TO CRASH,LINCOLN AVE,41.9614263368,-87.6840213973,POINT (-87.684021397337 41.961426336795)
O1577844,BICYCLE,8377ca01e385d2f8f7f48cd1528d6b5ec45ca352dcb4ee78b10deabba4ade90b5c1091236e46052b70c916fa71d2388c777bf2a5c2473cdea9b74ecca52de501,05/17/2023 03:15:00 PM,,26.0,HELMET NOT USED,NO ACTION,BIKE LANE,,,30,CLEAR,DAYLIGHT,PEDALCYCLIST,NOT DIVIDED,STRAIGHT AND LEVEL,DRY,NO INJURY / DRIVE AWAY,PERSHING RD,41.8231525443,-87.6805621474,POINT (-87.680562147433 41.823152544283)
O1577814,BICYCLE,321a45cee4644e339a8e6f81dd3fa52191bd8d8de4a171afe569db8bf23c8ad027ac7fb16ebdcc681c77ed741f446c5e6d31a0bb3658032fb8b57ec4a56aa473,05/17/2023 02:40:00 PM,F,18.0,HELMET NOT USED,CROSSING - NO CONTROLS (AT INTERSECTION),IN CROSSWALK,TEST NOT OFFERED,,30,CLEAR,DAYLIGHT,PEDALCYCLIST,FOUR WAY,STRAIGHT AND LEVEL,DRY,INJURY AND / OR TOW DUE TO CRASH,CICERO AVE,41.9470755739,-87.7472623161,POINT (-87.747262316098 41.947075573926)
O1578239,BICYCLE,33d37ae0b705420c01853e9f81ed7d009c7bb6b57e06061bc61c095e145656e0f3688cf18d34b2da76e18b882949d2248c622b882a0737adaad0758bc0754946,05/17/2023 10:45:00 AM,M,,HELMET NOT USED,OTHER ACTION,IN ROADWAY,"TEST PERFORMED, RESULTS UNKNOWN",,35,CLEAR,DAYLIGHT,PEDALCYCLIST,NOT DIVIDED,STRAIGHT AND LEVEL,DRY,INJURY AND / OR TOW DUE TO CRASH,GRAND AVE,41.8916138669,-87.6397539462,POINT (-87.639753946231 41.891613866866)
O1593939,BICYCLE,33d37ae0b705420c01853e9f81ed7d009c7bb6b57e06061bc61c095e145656e0f3688cf18d34b2da76e18b882949d2248c622b882a0737adaad0758bc0754946,05/17/2023 10:45:00 AM,M,,HELMET NOT USED,OTHER ACTION,IN ROADWAY,"TEST PERFORMED, RESULTS UNKNOWN",,35,CLEAR,DAYLIGHT,PEDALCYCLIST,NOT DIVIDED,STRAIGHT AND LEVEL,DRY,INJURY AND / OR TOW DUE TO CRASH,GRAND AVE,41.8916138669,-87.6397539462,POINT (-87.639753946231 41.891613866866)
O1577796,BICYCLE,800f7471df645d542a462e2615a8432b4ad701e1718716c8c837a6f5171e5f70fb37faff4bb581bb5d0ba731b75b93f0ec3b57474f7ffe456e0358d78f67c951,05/17/2023 08:50:00 AM,F,29.0,BICYCLE HELMET (PEDACYCLIST INVOLVED ONLY),NO ACTION,BIKE LANE,TEST NOT OFFERED,,30,CLEAR,DAYLIGHT,PEDALCYCLIST,DIVIDED - W/MEDIAN (NOT RAISED),STRAIGHT AND LEVEL,DRY,INJURY AND / OR TOW DUE TO CRASH,CLARK ST,41.9562503996,-87.6635729203,POINT (-87.663572920316 41.956250399624)
O1577554,BICYCLE,84cff775901186c78c76b00334a5de9b345d209ff04956d3e69ea67262b15c8857cf78847b493562ddfa0b5debf6efd1844ce9c43013dc1ac724dede08112e6e,05/17/2023 08:39:00 AM,F,26.0,BICYCLE HELMET (PEDACYCLIST INVOLVED ONLY),WITH TRAFFIC,IN ROADWAY,TEST NOT OFFERED,,30,CLEAR,DAYLIGHT,PEDALCYCLIST,FOUR WAY,STRAIGHT AND LEVEL,DRY,INJURY AND / OR TOW DUE TO CRASH,18TH ST,41.8574637725,-87.644758793,POINT (-87.644758793009 41.85746377249)
O1577441,BICYCLE,18c220f7eeceb2cf6f9512c9b83382da28d8565fbbaaecad1651827c360f6724b91d1d01af5981aff28cfc48874431a6169a734899cea75d2a507f33fae8e2ef,05/16/2023 10:20:00 PM,,,HELMET NOT USED,WITH TRAFFIC,IN ROADWAY,TEST NOT OFFERED,,25,CLEAR,DARKNESS,PEDALCYCLIST,PARKING LOT,STRAIGHT AND LEVEL,DRY,INJURY AND / OR TOW DUE TO CRASH,37TH ST,41.8273395374,-87.6364750004,POINT (-87.636475000374 41.827339537397)
O1577237,BICYCLE,f3ae270712fa77ab2591990ba19f4cb14875e059957af2e92e5826b4b815c9aacb58ea6f805e85c0ccaec8ca0e6f3ecf5267b3d1bd4e3a3a47b54e871156f908,05/16/2023 05:01:00 PM,M,21.0,HELMET NOT USED,CROSSING - WITH SIGNAL,BIKE LANE,TEST NOT OFFERED,,25,CLEAR,DAYLIGHT,PEDALCYCLIST,FOUR WAY,STRAIGHT AND LEVEL,DRY,NO INJURY / DRIVE AWAY,MILWAUKEE AVE,41.9072585964,-87.6728131905,POINT (-87.672813190452 41.907258596391)
O1577149,BICYCLE,b1c99ca699c5233cfb05c9ef7b14dc44fc8d995ceffd7f47b108ce5066f62a34b5e32f614e96fbea526f730bf2935a5ae4cd5f5e315bac51af51b279defebe89,05/16/2023 04:20:00 PM,M,25.0,HELMET NOT USED,CROSSING - NO CONTROLS (AT INTERSECTION),BIKE LANE,TEST NOT OFFERED,,35,CLEAR,DAYLIGHT,PEDALCYCLIST,T-INTERSECTION,STRAIGHT AND LEVEL,DRY,INJURY AND / OR TOW DUE TO CRASH,63RD ST,41.7803495859,-87.6018087829,POINT (-87.60180878292 41.780349585867)
O1577168,BICYCLE,1b71458e49310a1f18686fb7f801268719bc3d03a50af77e4b44dd7f7ab20a2385721c9be59a9d2013feb6947ca07c67621c4960de0680f259d066260121e221,05/16/2023 02:30:00 PM,M,68.0,HELMET NOT USED,CROSSING - NO CONTROLS (NOT AT INTERSECTION),DRIVEWAY ACCESS,TEST NOT OFFERED,,35,CLEAR,DAYLIGHT,PEDALCYCLIST,PARKING LOT,STRAIGHT AND LEVEL,DRY,INJURY AND / OR TOW DUE TO CRASH,HALSTED ST,41.7596745819,-87.6444202389,POINT (-87.644420238889 41.759674581874)
O1577254,NON-MOTOR VEHICLE,bcaff8d9e1e4d8fa08dc1c19d8575a0d3df1a39c68bdc35047e9f9837a8304d7b6fa8d6a0d9bf5cbd43bd7f75c224399ef1107e70563cfe8856212651e20b586,05/16/2023 02:00:00 PM,X,,NONE PRESENT,,,TEST NOT OFFERED,,30,CLEAR,DAYLIGHT,ANIMAL,NOT DIVIDED,STRAIGHT AND LEVEL,DRY,NO INJURY / DRIVE AWAY,KEDZIE AVE,41.7430978993,-87.7023580355,POINT (-87.702358035504 41.743097899345)
O1576910,BICYCLE,8b150a0cd4ba891e9422c87a49bd15fba1c27f6828bdceee7a1855863c879f12dd8538b93684b92b18a7b3e32f372612f980487cbd73cb8e6d7e3a92ca3c2523,05/16/2023 09:45:00 AM,M,27.0,HELMET NOT USED,UNKNOWN/NA,IN CROSSWALK,TEST NOT OFFERED,,30,CLEAR,DAYLIGHT,PEDALCYCLIST,NOT DIVIDED,STRAIGHT AND LEVEL,DRY,INJURY AND / OR TOW DUE TO CRASH,MILWAUKEE AVE,41.8920858074,-87.6491792156,POINT (-87.649179215604 41.892085807376)
O1577675,BICYCLE,86e3359281a8fc3fa91cc3e00ba74de35466be56e4c88bb695f328a98acbde936fd0567c95cfe1477f6e67f428c8ca9de7ebedec36f1543335609cce37075207,05/16/2023 08:50:00 AM,M,41.0,BICYCLE HELMET (PEDACYCLIST INVOLVED ONLY),UNKNOWN/NA,IN ROADWAY,TEST NOT OFFERED,,30,CLEAR,DAYLIGHT,PEDALCYCLIST,NOT DIVIDED,STRAIGHT AND LEVEL,DRY,INJURY AND / OR TOW DUE TO CRASH,KEDZIE AVE,41.8520135396,-87.7051152944,POINT (-87.705115294363 41.852013539574)
O1576830,BICYCLE,b791b9e42f6a20cca0d73a68e33c7d2777fb7d3970688627c27c22658e4851c130e6321de181ea9d7084990e978f3872f4d62cf3d987f0e614ed153263fd21f6,05/16/2023 07:49:00 AM,F,18.0,HELMET NOT USED,UNKNOWN/NA,IN ROADWAY,TEST NOT OFFERED,,30,CLEAR,DAYLIGHT,PEDALCYCLIST,FOUR WAY,STRAIGHT AND LEVEL,DRY,INJURY AND / OR TOW DUE TO CRASH,HOLLYWOOD AVE,41.9855760454,-87.6601764914,POINT (-87.660176491432 41.985576045424)
O1576735,BICYCLE,6dac6ec9cadce6ddf92e691bebd932509551418211bdf96760e451593ae2e128dada69035a587061dc3621e7b391dbacbe30ba5123bf8060083fa73cfd2627f8,05/15/2023 08:54:00 PM,M,40.0,BICYCLE HELMET (PEDACYCLIST INVOLVED ONLY),WITH TRAFFIC,IN ROADWAY,TEST NOT OFFERED,,30,CLEAR,"DARKNESS, LIGHTED ROAD",PEDALCYCLIST,NOT DIVIDED,STRAIGHT AND LEVEL,DRY,INJURY AND / OR TOW DUE TO CRASH,DAMEN AVE,41.7924057162,-87.6743978978,POINT (-87.674397897758 41.792405716157)
O1576243,BICYCLE,f81fe5296066fd5dcc4e943d9e062754e280caa3203cdee43837cd92c4df6f2ea1afb8e53f756cb6a941b728ee3da3ce94cbc0581c13f5d7070bdb3c7e308fea,05/15/2023 10:15:00 AM,M,,HELMET NOT USED,WITH TRAFFIC,IN ROADWAY,TEST NOT OFFERED,,30,CLEAR,DAYLIGHT,PEDALCYCLIST,"FIVE POINT, OR MORE",STRAIGHT AND LEVEL,DRY,INJURY AND / OR TOW DUE TO CRASH,31ST ST,41.8384753036,-87.6218631054,POINT (-87.621863105414 41.838475303648)
O1576204,BICYCLE,a3964e584fa6516565d302c9c43bb0a2ab9207c3977995a450cab843b5bd20ee12fb56b5a730770f36b1d6c74b47aae68aaff008af53c06f1f9c09d42d8b6707,05/15/2023 09:14:00 AM,M,39.0,HELMET NOT USED,WITH TRAFFIC,IN ROADWAY,TEST NOT OFFERED,,25,CLEAR,DAYLIGHT,PEDALCYCLIST,DIVIDED - W/MEDIAN (NOT RAISED),STRAIGHT AND LEVEL,DRY,INJURY AND / OR TOW DUE TO CRASH,ROGERS AVE,42.0140091659,-87.67925721,POINT (-87.679257210004 42.014009165881)