PERSON_ID,PERSON_TYPE,CRASH_RECORD_ID,CRASH_DATE_x,SEX,AGE,SAFETY_EQUIPMENT,PEDPEDAL_ACTION,PEDPEDAL_LOCATION,BAC_RESULT,CRASH_DATE_EST_I,POSTED_SPEED_LIMIT,WEATHER_CONDITION,LIGHTING_CONDITION,FIRST_CRASH_TYPE,TRAFFICWAY_TYPE,ALIGNMENT,ROADWAY_SURFACE_COND,CRASH_TYPE,STREET_NAME,LATITUDE,LONGITUDE,LOCATION
O1578862,NON-MOTOR VEHICLE,b693d1bbfff8a764d3c65897486b0e06ef306d0e21625b3e87a77f7da756dc047fd883858bfd992021d93e7bc9923c47dd292bffd2d78a9dd90998db6f801476,05/15/2023 01:30:00 AM,,,,,,,,40,CLEAR,"DARKNESS, LIGHTED ROAD",OTHER OBJECT,OTHER,STRAIGHT AND LEVEL,UNKNOWN,NO INJURY / DRIVE AWAY,LAKE SHORE DR NB,41.9546892413,-87.6449746442,POINT (-87.644974644209 41.954689241342)
O1575971,BICYCLE,f7db6516f31112cd028565afc8a387906b129a355d8767b5cf84c006bdd9a6af04653a49129d9e2bd71a56644a83b3acfba8896b7c244f55dccf795fc420cd17,05/14/2023 07:47:00 PM,M,17.0,HELMET NOT USED,CROSSING - NO CONTROLS (AT INTERSECTION),IN CROSSWALK,TEST NOT OFFERED,Y,30,CLEAR,"DARKNESS, LIGHTED ROAD",PEDALCYCLIST,NOT DIVIDED,STRAIGHT AND LEVEL,WET,INJURY AND / OR TOW DUE TO CRASH,GLENWOOD AVE,42.0054900655,-87.6660328265,POINT (-87.666032826506 42.005490065533)
O1575798,BICYCLE,b46b960089c1fbbfec2b15d602669e1b0387f690f4d7785f57eda78e1f2d2eaa28eeebae2107e7ca854fed188cfea5539402b53d4c3c2bfdc6276d62b415f93c,05/14/2023 03:10:00 PM,M,13.0,BICYCLE HELMET (PEDACYCLIST INVOLVED ONLY),UNKNOWN/NA,IN CROSSWALK,TEST NOT OFFERED,,30,CLEAR,DAYLIGHT,PEDALCYCLIST,ONE-WAY,STRAIGHT AND LEVEL,UNKNOWN,INJURY AND / OR TOW DUE TO CRASH,KILPATRICK AVE,41.7509313668,-87.7391307943,POINT (-87.739130794276 41.750931366844)
O1575281,BICYCLE,05e15a982b1b7f42e233314c74fa8cbb916e7bf2742a49a6c19ad908bd862327c04f584501c5899c3c55e8b0dd32c46338d37fffd409389fe3ac229bab41c6f0,05/13/2023 04:18:00 PM,M,37.0,HELMET NOT USED,OTHER ACTION,IN ROADWAY,TEST NOT OFFERED,,30,CLOUDY/OVERCAST,DAYLIGHT,PARKED MOTOR VEHICLE,ONE-WAY,STRAIGHT AND LEVEL,DRY,INJURY AND / OR TOW DUE TO CRASH,ST LOUIS AVE,41.9127465854,-87.7135407516,POINT (-87.713540751587 41.912746585435)
O1576276,BICYCLE,cd7ff6c98b39ec5f718fdb2f277131bfa3e71086eb8bdadbc94bf52ff84e16f4ed93c7669738fdc53fbeba40c64e033a9e8efda4310590494d116c7309916921,05/13/2023 12:51:00 PM,F,45.0,HELMET NOT USED,AGAINST TRAFFIC,NOT IN ROADWAY,TEST NOT OFFERED,,10,CLEAR,DAYLIGHT,PEDALCYCLIST,DRIVEWAY,STRAIGHT AND LEVEL,DRY,INJURY AND / OR TOW DUE TO CRASH,DIVISION ST,41.9037973735,-87.6449704613,POINT (-87.644970461293 41.90379737352)
O1574938,BICYCLE,0cec85e47bb46fdce58270e94513a65d01ac7a345328f9ad3d0b5ba73a12155116b6fd0e14cee8a457a7c58376ace461a5cad0907f7cae497abf6560d527e33b,05/13/2023 11:50:00 AM,M,23.0,HELMET NOT USED,WITH TRAFFIC,BIKE LANE,TEST NOT OFFERED,,30,CLEAR,DAYLIGHT,PEDALCYCLIST,DIVIDED - W/MEDIAN (NOT RAISED),STRAIGHT AND LEVEL,DRY,INJURY AND / OR TOW DUE TO CRASH,DAMEN AVE,41.9182926221,-87.6777867964,POINT (-87.677786796442 41.918292622071)
O1574784,BICYCLE,bf2e41a2ae31b01d196eee6231339762b0c7ab41d9aa52ec2b76722f6a0446440769f9bf5b6c4644727edce75e6441d06d0640c0a5b7e3742925a2b24e721525,05/12/2023 06:15:00 PM,F,15.0,HELMET NOT USED,CROSSING - NO CONTROLS (AT INTERSECTION),IN CROSSWALK,,,30,UNKNOWN,UNKNOWN,PEDALCYCLIST,DIVIDED - W/MEDIAN (NOT RAISED),STRAIGHT AND LEVEL,UNKNOWN,NO INJURY / DRIVE AWAY,BELMONT AVE,41.9397453926,-87.6578948688,POINT (-87.657894868823 41.939745392609)
O1574427,BICYCLE,7d55d550dbf69e2c7060fef2c64adfa04ebd139910034d80f8a8a1d2f7032bb1f991ccebba0e6938beec4f330c1270d3fd383c53777c1c5b040b277b9f367509,05/12/2023 02:57:00 PM,M,54.0,BICYCLE HELMET (PEDACYCLIST INVOLVED ONLY),WITH TRAFFIC,BIKE LANE,TEST NOT OFFERED,,30,CLEAR,DAYLIGHT,PEDALCYCLIST,NOT DIVIDED,STRAIGHT AND LEVEL,WET,INJURY AND / OR TOW DUE TO CRASH,MILWAUKEE AVE,41.9068856121,-87.6722281237,POINT (-87.672228123651 41.906885612088)
O1574252,BICYCLE,a47a0b67fa86ac933fde58cb1af627265f2aa438e76479bbc6b1cc5ee088be6d2af62a8c3b1908edaf483cb3a35ed62a2014dcdf8bb5ee9e1c2a80b60a0f6e5c,05/12/2023 01:15:00 PM,,,BICYCLE HELMET (PEDACYCLIST INVOLVED ONLY),CROSSING - AGAINST SIGNAL,IN ROADWAY,TEST NOT OFFERED,,30,RAIN,DAYLIGHT,PEDALCYCLIST,FOUR WAY,STRAIGHT AND LEVEL,WET,NO INJURY / DRIVE AWAY,ASHLAND AVE,41.8853485588,-87.6671144038,POINT (-87.667114403773 41.88534855881)
O1574037,BICYCLE,25b294493e14f383462c6f64cd1f085aae308d123bbe045fe9ea17bf3c4c84459159a1865e28f8556087a0d7327c4179892f2d5552d0d0447dce36ef83d077e5,05/12/2023 07:25:00 AM,F,,BICYCLE HELMET (PEDACYCLIST INVOLVED ONLY),UNKNOWN/NA,IN ROADWAY,TEST NOT OFFERED,,30,CLEAR,DAYLIGHT,PEDALCYCLIST,NOT DIVIDED,STRAIGHT AND LEVEL,DRY,INJURY AND / OR TOW DUE TO CRASH,LINCOLN AVE,41.9367742969,-87.6644012488,POINT (-87.664401248767 41.936774296922)
O1574736,BICYCLE,22a1e8955784a122d94e758085ce6079b00718faceba0b45c4afa9cee0a4aaa858f9b4be2e65abce68d685f18852ef745f152570a83dec812a0349a5332cbd0d,05/12/2023 05:30:00 AM,F,32.0,HELMET NOT USED,CROSSING - WITH SIGNAL,IN CROSSWALK,TEST NOT OFFERED,,35,CLEAR,DAYLIGHT,PEDALCYCLIST,FOUR WAY,STRAIGHT AND LEVEL,DRY,INJURY AND / OR TOW DUE TO CRASH,WESTERN AVE,42.0194389987,-87.6903220221,POINT (-87.690322022083 42.019438998687)
O1573881,BICYCLE,8d0cad7651130718f6917f02ea1f8bd01f5ff7a57d0ea2a7bd848074c49ca02118b52abc82c0971b4c6121440fdc6f7d7f1da25843440152f4810402ac0796fb,05/11/2023 08:36:00 PM,M,50.0,BICYCLE HELMET (PEDACYCLIST INVOLVED ONLY),CROSSING - NO CONTROLS (AT INTERSECTION),IN ROADWAY,TEST NOT OFFERED,,30,CLEAR,"DARKNESS, LIGHTED ROAD",PEDALCYCLIST,NOT DIVIDED,STRAIGHT AND LEVEL,DRY,INJURY AND / OR TOW DUE TO CRASH,ELSTON AVE,41.9070494717,-87.6597649708,POINT (-87.659764970845 41.907049471714)
O1573773,BICYCLE,8efbacea10624c1696585e3b7ccdef5de5e7ba11c3345fd3d72e8e7b1bac8284c561c8b4a874acf158de873feb1ca8ff11f66c8321aebadbbd13981cf96874d9,05/11/2023 06:58:00 PM,,,HELMET NOT USED,TURNING LEFT,IN ROADWAY,TEST NOT OFFERED,,30,CLEAR,DAYLIGHT,PEDALCYCLIST,DIVIDED - W/MEDIAN (NOT RAISED),STRAIGHT AND LEVEL,DRY,INJURY AND / OR TOW DUE TO CRASH,DIVERSEY AVE,41.9318018933,-87.7171315161,POINT (-87.717131516053 41.931801893313)
O1573677,BICYCLE,e49df8a328b72f5fbd43cbbc1aa187df1ffedaf5d7d0d9c15f3d9126c4f5df2b6cbb32ddf5c14ce700f156aa0842f1bf55f354da116970f7d681c3f794826955,05/11/2023 05:16:00 PM,M,32.0,BICYCLE HELMET (PEDACYCLIST INVOLVED ONLY),WITH TRAFFIC,IN ROADWAY,TEST NOT OFFERED,,30,CLEAR,DAYLIGHT,PEDALCYCLIST,ONE-WAY,STRAIGHT AND LEVEL,DRY,NO INJURY / DRIVE AWAY,MICHIGAN AVE,41.8157147494,-87.6231545397,POINT (-87.623154539655 41.815714749373)
O1573476,BICYCLE,801d2661a1e609e82a0fd7ab50faa0d4a2115c3f38f2c7b5d82c905b1fa39965e6860ee49eb4c2f948bdd514a904ac463a4808408b65e232ef93c453b07b3b0a,05/11/2023 01:08:00 PM,F,30.0,BICYCLE HELMET (PEDACYCLIST INVOLVED ONLY),CROSSING - NO CONTROLS (AT INTERSECTION),BIKEWAY,TEST NOT OFFERED,,25,CLEAR,DAYLIGHT,PEDALCYCLIST,T-INTERSECTION,STRAIGHT AND LEVEL,DRY,INJURY AND / OR TOW DUE TO CRASH,WILSON DR,41.9657632802,-87.6473750248,POINT (-87.647375024804 41.965763280172)
O1573447,BICYCLE,a4b457a87463e1d134b6009ab3ba0ecfda762dfd6aeadb7c4d750cb3d2217db76538f5bd59c655d01d2f4684a0533b44b2d9fe45e614fde65ab72bf0779f2418,05/11/2023 12:25:00 PM,M,66.0,HELMET NOT USED,WITH TRAFFIC,IN ROADWAY,TEST NOT OFFERED,,30,CLEAR,DAYLIGHT,PEDALCYCLIST,DIVIDED - W/MEDIAN (NOT RAISED),STRAIGHT AND LEVEL,DRY,INJURY AND / OR TOW DUE TO CRASH,HOMAN AVE,41.9087497889,-87.7117228554,POINT (-87.711722855406 41.908749788863)
O1573370,BICYCLE,2210e6deffa49c99ffe5db6ecf773f5c450bc4990116685abe6032045144c8ead1a28002672e3ad496ef511f826c0d13c1c7b065520cfddce361849cf30f7118,05/11/2023 10:28:00 AM,M,67.0,BICYCLE HELMET (PEDACYCLIST INVOLVED ONLY),WITH TRAFFIC,IN ROADWAY,TEST NOT OFFERED,,30,CLEAR,DAYLIGHT,PEDALCYCLIST,T-INTERSECTION,STRAIGHT AND LEVEL,DRY,INJURY AND / OR TOW DUE TO CRASH,WELLS ST,41.9147752832,-87.6346752945,POINT (-87.634675294533 41.914775283157)
O1573252,BICYCLE,7f0e9a81df1d630e99ff9bab63cbfe208bf31c4c9353e2f62204e761adfe4d0b19b0478d744f738847c52f71245d18e1bd847b69db2da0d4be78aaf701478de6,05/11/2023 08:20:00 AM,M,44.0,BICYCLE HELMET (PEDACYCLIST INVOLVED ONLY),WITH TRAFFIC,IN ROADWAY,TEST NOT OFFERED,,35,CLEAR,DAYLIGHT,PEDALCYCLIST,NOT DIVIDED,STRAIGHT AND LEVEL,DRY,NO INJURY / DRIVE AWAY,CALIFORNIA AVE,41.9979313434,-87.6998037288,POINT (-87.699803728789 41.997931343398)
O1573176,NON-MOTOR VEHICLE,3d29b3c5cde73b4f07a4eb97e05b1f9d32fe5b93b10db093bcde5e371c371857c7a68b1759a1dc3f31c7f8a7a410b85ea8389d85d02cf0ee300458913cc50ff6,05/10/2023 08:45:00 PM,M,30.0,NONE PRESENT,WITH TRAFFIC,IN ROADWAY,TEST NOT OFFERED,,35,CLEAR,"DARKNESS, LIGHTED ROAD",OTHER OBJECT,PARKING LOT,STRAIGHT AND LEVEL,DRY,INJURY AND / OR TOW DUE TO CRASH,PULASKI RD,41.7736526227,-87.7224844508,POINT (-87.722484450753 41.77365262266)
O1573075,BICYCLE,93d79d77650a42acc939d95da285dff8a64ff467edce8f51fcf0b74d3228c19a6a8aa919b5c5da530fe21eab56a6c543d2bb54ff36f63b715a2dcdbaef8ffcbb,05/10/2023 07:28:00 PM,F,13.0,HELMET NOT USED,CROSSING - NO CONTROLS (AT INTERSECTION),IN ROADWAY,TEST NOT OFFERED,,30,CLEAR,DUSK,PEDALCYCLIST,FOUR WAY,STRAIGHT AND LEVEL,DRY,INJURY AND / OR TOW DUE TO CRASH,FITCH AVE,42.0113773265,-87.6951765325,POINT (-87.695176532464 42.011377326519)
O1573472,NON-MOTOR VEHICLE,7b3c2c524b88803e2b9dec24552c92f881f34f173d9c37764b10d283ac423628827f387847bb7acc13245d9e99643a8a63ce616ed61ba2024dbdf5bab94746ba,05/10/2023 07:00:00 PM,F,,USAGE UNKNOWN,UNKNOWN/NA,UNKNOWN/NA,TEST NOT OFFERED,N,30,UNKNOWN,"DARKNESS, LIGHTED ROAD",FIXED OBJECT,DIVIDED - W/MEDIAN (NOT RAISED),STRAIGHT AND LEVEL,DRY,NO INJURY / DRIVE AWAY,HOUSTON AVE,41.7324079568,-87.549779126,POINT (-87.549779125983 41.732407956791)
O1573315,BICYCLE,9567b05b346286361b490bacfd60cba663a2ce1ac867b4b97bee4c0413991d72b822e50fc9c26e743e3f8cd1ffb51a66247482f015345b66ad52448699c196ab,05/10/2023 02:00:00 PM,,,HELMET NOT USED,WITH TRAFFIC,IN ROADWAY,TEST NOT OFFERED,,30,CLEAR,DAYLIGHT,PEDALCYCLIST,NOT DIVIDED,STRAIGHT AND LEVEL,DRY,NO INJURY / DRIVE AWAY,SOUTHPORT AVE,41.9398074224,-87.6639693978,POINT (-87.663969397827 41.939807422391)
O1572814,BICYCLE,99214ea0fa8f7cb3d5a213e7a5c65d5fd33cedec89c23e8cf8088a19f9899fc9f75c6e2af31a71b599e3d93b9225f97370524e58a62b6df5142c3d62915db5d1,05/10/2023 01:55:00 PM,M,52.0,HELMET NOT USED,CROSSING - NO CONTROLS (NOT AT INTERSECTION),IN ROADWAY,TEST NOT OFFERED,,30,CLEAR,DAYLIGHT,PEDALCYCLIST,T-INTERSECTION,STRAIGHT AND LEVEL,DRY,NO INJURY / DRIVE AWAY,PULASKI RD,41.8725551777,-87.7252537934,POINT (-87.725253793432 41.872555177695)
O1572468,BICYCLE,355f2a58a636941854e907c06e2b362a9274ca9569aa5f04db08aa8dbd307ffd2ecff36b1b2afeed575543f3a0f987ac5b0a6e938e53f54317ba3566df195856,05/10/2023 07:30:00 AM,M,27.0,HELMET NOT USED,CROSSING - WITH SIGNAL,IN ROADWAY,TEST NOT OFFERED,,30,CLEAR,DAYLIGHT,PEDALCYCLIST,FOUR WAY,STRAIGHT AND LEVEL,DRY,NO INJURY / DRIVE AWAY,ORLEANS ST,41.889980026,-87.6371313237,POINT (-87.637131323699 41.889980026029)
O1572505,NON-MOTOR VEHICLE,e3d2827921e731fae7cefd074241e6cd342b16aaaaf68701697bf762d667d82697b68de3884b8505e6073a7de0c286b2beb65252a260da1c81e33037c6ca2fbb,05/10/2023 06:27:00 AM,X,,,,,TEST NOT OFFERED,,30,CLEAR,DAYLIGHT,FIXED OBJECT,NOT DIVIDED,STRAIGHT AND LEVEL,DRY,INJURY AND / OR TOW DUE TO CRASH,JEFFERSON ST,41.8638729153,-87.6419293877,POINT (-87.641929387683 41.863872915292)
O1573090,BICYCLE,ea3870ac8ebdd8597e52aa1a82093840a36cc795f1eac9dc196e6639657b9f66e23bf8d78a929c994ee927db358ae999c052109ca20ff810f3960402aa19b9c7,05/09/2023 08:00:00 PM,M,14.0,HELMET NOT USED,ENTER FROM DRIVE/ALLEY,IN CROSSWALK,TEST NOT OFFERED,,10,CLEAR,DAWN,PEDALCYCLIST,ALLEY,STRAIGHT AND LEVEL,DRY,INJURY AND / OR TOW DUE TO CRASH,EAST END AVE,41.7514286091,-87.5830369308,POINT (-87.583036930848 41.751428609075)
O1572219,BICYCLE,5dd96775a1a51a15abba58a8a25bf0d2987147d5fc6612e3af7dd19232c341f47eea2a0a7ca5a50975ebaa815482aa31e8b90e8ce30964b1a1dd8e625df0d4ce,05/09/2023 04:30:00 PM,M,27.0,HELMET NOT USED,WITH TRAFFIC,BIKEWAY,TEST NOT OFFERED,,30,CLEAR,DAYLIGHT,PEDALCYCLIST,NOT DIVIDED,STRAIGHT AND LEVEL,DRY,INJURY AND / OR TOW DUE TO CRASH,CLARK ST,41.9386034377,-87.6497530745,POINT (-87.649753074455 41.938603437669)
O1572205,BICYCLE,ea527f7faa597b72869b1cdadca5ce39accf81bb12477d1ce194e038b6a8aa852d9b3f5033b65c3a89bd5737d238c34d565024af592abcc0af620709087c3359,05/09/2023 01:40:00 PM,F,23.0,BICYCLE HELMET (PEDACYCLIST INVOLVED ONLY),WITH TRAFFIC,UNKNOWN/NA,TEST NOT OFFERED,,30,CLEAR,DAYLIGHT,PEDALCYCLIST,NOT DIVIDED,STRAIGHT AND LEVEL,DRY,INJURY AND / OR TOW DUE TO CRASH,BROADWAY,41.9531720543,-87.6495216441,POINT (-87.649521644121 41.953172054334)
O1572052,BICYCLE,785836b55db49e2eb00f3ed078d7972a85dd0ffca5ab0faa0f04c7c27713a0701655e16ece94fd1e3b1ec5c1576e89d9f6496b5f77d2d7281fcf8e71a2642b31,05/09/2023 11:00:00 AM,M,59.0,HELMET NOT USED,UNKNOWN/NA,IN ROADWAY,,,30,CLEAR,DAYLIGHT,PEDALCYCLIST,ONE-WAY,STRAIGHT AND LEVEL,DRY,INJURY AND / OR TOW DUE TO CRASH,WABASH AVE,41.7479312673,-87.6227690987,POINT (-87.622769098678 41.747931267275)
O1571839,BICYCLE,c9cb18af8cf1243e3445825fb307e19bacfd46038cb9c59488d7f9ae775505dc5561969c9624998d39c1737c47d0a1b4adb811f3492d34343cb84ba172039381,05/09/2023 09:30:00 AM,F,,HELMET NOT USED,UNKNOWN/NA,DRIVEWAY ACCESS,TEST NOT OFFERED,,30,CLEAR,DAYLIGHT,PEDALCYCLIST,DRIVEWAY,STRAIGHT AND LEVEL,DRY,NO INJURY / DRIVE AWAY,ADDISON ST,41.9465528262,-87.7005357656,POINT (-87.700535765616 41.946552826169)
O1571806,BICYCLE,f8b626f7aa8fd302d81df456783b1a7d8215eaae1bcd3a26c149f0f27afff2811ab9bd4907ee0969eb54b9145ee54f54be8e9be1aedcaa0c9c52eda5038dac54,05/09/2023 09:18:00 AM,M,37.0,BICYCLE HELMET (PEDACYCLIST INVOLVED ONLY),OTHER ACTION,DRIVEWAY ACCESS,TEST NOT OFFERED,,30,CLEAR,DAYLIGHT,PEDALCYCLIST,DRIVEWAY,STRAIGHT AND LEVEL,DRY,INJURY AND / OR TOW DUE TO CRASH,PULASKI RD,41.9533009776,-87.7277549312,POINT (-87.72775493125 41.953300977627)
O1571732,BICYCLE,b0f2762bae113eb5debde8d22aba1f86b8da5d41b6bcc343c5d45243de02ad473f871ba407bfd67717b55dff4f4ae43d74ebb6b2b51154e1044607ab6b3b22f5,05/09/2023 07:10:00 AM,M,29.0,BICYCLE HELMET (PEDACYCLIST INVOLVED ONLY),OTHER ACTION,IN ROADWAY,TEST NOT OFFERED,Y,35,CLEAR,DAYLIGHT,PEDALCYCLIST,NOT DIVIDED,STRAIGHT AND LEVEL,DRY,INJURY AND / OR TOW DUE TO CRASH,WELLS ST,41.9107854964,-87.6348462519,POINT (-87.63484625188 41.910785496445)
O1571729,BICYCLE,fb447a44616b1d1b59d20e48953f9c69750e68126eefd9b2121555b52481c95bccd32432434d12b1a751ebc50c788d516fb57b78d40d7821876e52ed81555d03,05/09/2023 06:28:00 AM,M,39.0,BICYCLE HELMET (PEDACYCLIST INVOLVED ONLY),WITH TRAFFIC,IN ROADWAY,TEST NOT OFFERED,,30,CLEAR,DAYLIGHT,PEDALCYCLIST,DIVIDED - W/MEDIAN (NOT RAISED),STRAIGHT AND LEVEL,DRY,INJURY AND / OR TOW DUE TO CRASH,LAKE SHORE DR,41.9012419136,-87.6243596199,POINT (-87.62435961991 41.901241913577)
O1571058,BICYCLE,1c9ef66390ab6eb96c285e7ecaf64cbb1894ba6acd1933633948a38cd79395c1f5f439fac787efe91886fd6f2b32e50697c89c6f7052f0aa69dd244fd576b559,05/08/2023 09:03:00 AM,M,13.0,BICYCLE HELMET (PEDACYCLIST INVOLVED ONLY),WITH TRAFFIC,IN ROADWAY,TEST NOT OFFERED,,25,CLOUDY/OVERCAST,DAYLIGHT,PEDALCYCLIST,NOT DIVIDED,STRAIGHT AND LEVEL,DRY,INJURY AND / OR TOW DUE TO CRASH,MORSE AVE,42.0079468459,-87.6701461746,POINT (-87.67014617461 42.007946845945)
O1570958,BICYCLE,605eb67316bb7fdf11b498cc466648c97c2cb0f6dafa414ba416eab5deb314b711f2df6c89fefbb6cf5e25f832b139945daef6048aa8a441cbb4d7c69f8935a4,05/08/2023 03:00:00 AM,M,33.0,HELMET NOT USED,NO ACTION,IN ROADWAY,TEST NOT OFFERED,,30,CLEAR,"DARKNESS, LIGHTED ROAD",PEDALCYCLIST,NOT DIVIDED,STRAIGHT AND LEVEL,DRY,INJURY AND / OR TOW DUE TO CRASH,WESTERN AVE,41.8501660529,-87.6857333914,POINT (-87.685733391395 41.850166052914)
O1570642,BICYCLE,e64eddc24c44add669418811a564d3f669c04e5ab161281d0917d5e51dfd463120ca083a66c1311a1c20c7ac833296fd5979d7d27e74e2c5f7befbc0524daadb,05/07/2023 02:00:00 PM,M,22.0,HELMET NOT USED,UNKNOWN/NA,IN ROADWAY,TEST NOT OFFERED,,30,CLEAR,DAYLIGHT,PEDALCYCLIST,DIVIDED - W/MEDIAN (NOT RAISED),STRAIGHT AND LEVEL,DRY,INJURY AND / OR TOW DUE TO CRASH,MILWAUKEE AVE,41.9361254297,-87.7192061622,POINT (-87.719206162152 41.9361254297)
O1570508,BICYCLE,7197c028adb1dbd4e5d0e2d824668e90b91f916a75af9991fe97567e0166770aa3e9fba2cc92a00a6aad60288af3ceb5f8fcc0de716edd5b76133a8a1cb2afe1,05/07/2023 11:10:00 AM,M,31.0,HELMET NOT USED,WITH TRAFFIC,IN ROADWAY,TEST NOT OFFERED,,30,CLEAR,DAYLIGHT,PEDALCYCLIST,DIVIDED - W/MEDIAN (NOT RAISED),STRAIGHT AND LEVEL,DRY,INJURY AND / OR TOW DUE TO CRASH,MILWAUKEE AVE,41.9086112258,-87.6749320525,POINT (-87.674932052475 41.908611225841)
O1570407,BICYCLE,8c16c33c0bf60652830a578e7471e2862361d279365e644eb9266a669c1076551f7dd4fe200db7a1ea0ead769b0f941dc010d1c2069197916f21d58a38c78330,05/07/2023 01:48:00 AM,M,,HELMET NOT USED,CROSSING - AGAINST SIGNAL,IN ROADWAY,TEST NOT OFFERED,,30,CLEAR,DARKNESS,PEDALCYCLIST,DIVIDED - W/MEDIAN (NOT RAISED),STRAIGHT AND LEVEL,WET,INJURY AND / OR TOW DUE TO CRASH,CALIFORNIA AVE,41.8993269856,-87.696938725,POINT (-87.696938725048 41.899326985577)
O1570263,BICYCLE,cef27bf620740a67cd7fbd7c98f8bd03b1dc9c21a37a4c53152361eec781be15989aaf3c2a3954059dcf9334001ba11cc8f7f1dec5b7222d2c82be0b7d6cf6e7,05/06/2023 09:19:00 PM,M,25.0,HELMET NOT USED,OTHER ACTION,BIKE LANE,TEST NOT OFFERED,,35,RAIN,"DARKNESS, LIGHTED ROAD",PEDALCYCLIST,NOT DIVIDED,STRAIGHT AND LEVEL,WET,INJURY AND / OR TOW DUE TO CRASH,47TH ST,41.8087802473,-87.6599568571,POINT (-87.659956857111 41.808780247268)
O1570227,BICYCLE,5fed52f4c8802a06d8ca80b7ba1de3a6ba33f5e2384855afd83d1dd147a9db21ff5b0c7b8acdc2b1f466b376c6036e2a9a8cdd99295a0fabc3af830ede5ecf9e,05/06/2023 08:35:00 PM,F,37.0,BICYCLE HELMET (PEDACYCLIST INVOLVED ONLY),CROSSING - NO CONTROLS (AT INTERSECTION),IN ROADWAY,TEST NOT OFFERED,Y,30,CLEAR,DARKNESS,PEDALCYCLIST,NOT DIVIDED,STRAIGHT AND LEVEL,DRY,INJURY AND / OR TOW DUE TO CRASH,GREENVIEW AVE,41.9451155286,-87.6662410692,POINT (-87.66624106921 41.945115528562)
O1570198,BICYCLE,277436b016b8b9bc1e3c86c213519e62a9c87fafd23876a77690aeeb3e15ac13d014e1faf310abc89914747de90000877480de9c383abab0dbf982585194df34,05/06/2023 05:40:00 PM,M,25.0,HELMET NOT USED,CROSSING - AGAINST SIGNAL,IN ROADWAY,TEST NOT OFFERED,,30,CLEAR,DAYLIGHT,PEDALCYCLIST,FOUR WAY,STRAIGHT AND LEVEL,DRY,INJURY AND / OR TOW DUE TO CRASH,ELSTON AVE,41.9392919431,-87.6983967504,POINT (-87.69839675044 41.939291943063)
O1570053,BICYCLE,984bec6d3945017662fd9c00a0ca04bab2d28a35da623c2afa7be6ca9db1f7f2c5c4eafb3ab81eb0a2895895cb91e84f25974a6b77cca6f86fd14ae1a0618a7b,05/06/2023 03:30:00 PM,M,35.0,BICYCLE HELMET (PEDACYCLIST INVOLVED ONLY),WITH TRAFFIC,BIKE LANE,TEST NOT OFFERED,,30,CLEAR,DAYLIGHT,PEDALCYCLIST,NOT DIVIDED,STRAIGHT AND LEVEL,DRY,NO INJURY / DRIVE AWAY,MONTROSE AVE,41.9614074053,-87.6745554522,POINT (-87.674555452213 41.96140740529)
O1569927,BICYCLE,98650e85a3b5145a6ba6fb7d562d021e45804de91884d35804ed55655806468295aaabd52a2400a3b65b2c402d51c38e1f6b69afde471873243762269830a80c,05/06/2023 12:30:00 PM,M,18.0,HELMET NOT USED,NO ACTION,IN ROADWAY,TEST NOT OFFERED,,25,CLEAR,DAYLIGHT,PEDALCYCLIST,NOT DIVIDED,STRAIGHT AND LEVEL,DRY,NO INJURY / DRIVE AWAY,13TH ST,41.8643155222,-87.7187169004,POINT (-87.718716900366 41.864315522174)
O1571895,BICYCLE,974ddda8bce7ec0c12beadd935d6bbfe01f651c54cc689ab7a21c9dc883c9273dd1b776824e4921b241bf898035cd5ff086a751a3631213563fab63fa3a735ce,05/06/2023 11:55:00 AM,F,27.0,HELMET NOT USED,WITH TRAFFIC,BIKE LANE,TEST NOT OFFERED,,30,RAIN,DAYLIGHT,PEDALCYCLIST,FOUR WAY,STRAIGHT AND LEVEL,WET,INJURY AND / OR TOW DUE TO CRASH,CHICAGO AVE,41.8964336115,-87.6518120567,POINT (-87.651812056672 41.896433611479)
O1569943,BICYCLE,6343d314c4bbb9603fd1fceb6f26b46851d952f97272865cb136f9f82b486046f9424974f3f9bb3efcde71a23fa928d6477e366b2443517fe8e6d42df5d5bfcc,05/06/2023 11:44:00 AM,M,40.0,HELMET NOT USED,NO ACTION,BIKE LANE,TEST NOT OFFERED,,30,CLOUDY/OVERCAST,DAYLIGHT,PEDALCYCLIST,NOT DIVIDED,STRAIGHT AND LEVEL,WET,NO INJURY / DRIVE AWAY,BROADWAY,41.9751764099,-87.6599839078,POINT (-87.659983907751 41.975176409933)
O1569469,BICYCLE,6621685977008a2b37d3477c9501a95cc6d46a911b43e5fd918c9b23a0e9072a49fa5ecc8caca99acb628a16563bf6883f0ca3992170e996b6a704ed964208d2,05/05/2023 07:40:00 PM,M,65.0,BICYCLE HELMET (PEDACYCLIST INVOLVED ONLY),OTHER ACTION,IN ROADWAY,TEST NOT OFFERED,,30,CLEAR,DAYLIGHT,PEDALCYCLIST,NOT DIVIDED,STRAIGHT AND LEVEL,DRY,INJURY AND / OR TOW DUE TO CRASH,HOMAN AVE,41.8975312477,-87.7116478677,POINT (-87.711647867686 41.897531247674)
O1570713,BICYCLE,d561cd1d0c84d8bee697bc2b0d43dad37a8459487cd9a5b85c4bc4a653897e02b7e878b3b3a81de3c63ecc1f6e95d5304abf9d868561628ab753ee6dbac6896e,05/05/2023 04:45:00 PM,M,24.0,BICYCLE HELMET (PEDACYCLIST INVOLVED ONLY),UNKNOWN/NA,BIKEWAY,TEST NOT OFFERED,,30,UNKNOWN,UNKNOWN,PEDALCYCLIST,OTHER,STRAIGHT AND LEVEL,UNKNOWN,INJURY AND / OR TOW DUE TO CRASH,BROADWAY,41.9531720543,-87.6495216441,POINT (-87.649521644121 41.953172054334)