PERSON_ID,PERSON_TYPE,CRASH_RECORD_ID,CRASH_DATE_x,SEX,AGE,SAFETY_EQUIPMENT,PEDPEDAL_ACTION,PEDPEDAL_LOCATION,BAC_RESULT,CRASH_DATE_EST_I,POSTED_SPEED_LIMIT,WEATHER_CONDITION,LIGHTING_CONDITION,FIRST_CRASH_TYPE,TRAFFICWAY_TYPE,ALIGNMENT,ROADWAY_SURFACE_COND,CRASH_TYPE,STREET_NAME,LATITUDE,LONGITUDE,LOCATION
O1569143,BICYCLE,59526a9572dd38883bdea70650302b668a0f1efddd0965379ef003ca20bb3922a37e0141f4192f62403aa81cddf2c46ac1df8baeb5632c40a4b639b4950da786,05/05/2023 01:20:00 PM,M,,HELMET NOT USED,UNKNOWN/NA,IN ROADWAY,TEST NOT OFFERED,,30,CLEAR,DAYLIGHT,PEDALCYCLIST,NOT DIVIDED,STRAIGHT AND LEVEL,DRY,NO INJURY / DRIVE AWAY,ASHLAND AVE,41.9243180011,-87.6682602452,POINT (-87.668260245242 41.924318001068)
O1569158,BICYCLE,2b9e6c6244c51e163ad1f2b2d0c4ac41023b014e1aa313ce888f1f1bec79603e5d1bcb0b3a81a2e58ac43c93e5199fb6c33f3a324258f0ead451308fff18b816,05/05/2023 12:49:00 PM,M,27.0,HELMET NOT USED,UNKNOWN/NA,IN CROSSWALK,TEST NOT OFFERED,,30,CLEAR,DAYLIGHT,PEDALCYCLIST,DIVIDED - W/MEDIAN (NOT RAISED),STRAIGHT AND LEVEL,DRY,INJURY AND / OR TOW DUE TO CRASH,LAKE SHORE DR,41.9377384839,-87.6371266927,POINT (-87.637126692744 41.937738483908)
O1568916,BICYCLE,d313bbafece051a48e92c3de2fd8bbad529bec42fbd1db4a98f4d5c4245603c83d4f8a3f4a275a9d367752a6a826beeb1867c4b29095f68b3136dfc94cf8d0e3,05/05/2023 08:08:00 AM,M,19.0,HELMET NOT USED,TURNING LEFT,IN ROADWAY,TEST NOT OFFERED,,30,CLEAR,DAYLIGHT,PEDALCYCLIST,NOT DIVIDED,STRAIGHT AND LEVEL,DRY,INJURY AND / OR TOW DUE TO CRASH,CLARK ST,42.0157353246,-87.6753044248,POINT (-87.675304424846 42.015735324575)
O1569769,BICYCLE,84e70d1535727f6aa1aeeb7a768a5a3c895764b6c38a3478e3d287be4594f117dbad5890e093b08a30f9b5d79c12cddc47805474b577ff6da034994557f7119b,05/05/2023 06:50:00 AM,F,34.0,BICYCLE HELMET (PEDACYCLIST INVOLVED ONLY),WITH TRAFFIC,IN ROADWAY,TEST NOT OFFERED,,25,CLEAR,DAYLIGHT,PEDALCYCLIST,NOT DIVIDED,STRAIGHT AND LEVEL,DRY,INJURY AND / OR TOW DUE TO CRASH,GRANVILLE AVE,41.9945150165,-87.6721228216,POINT (-87.672122821597 41.9945150165)
O1568784,BICYCLE,2d04b4a3620893531387db99403189873bb0094e54b88c1573d1a4329ab4c4ba298b79afda0e4658c160c594c39d4fb4c0371b9a5456a4e43940101fd7edf636,05/04/2023 10:20:00 PM,M,30.0,HELMET NOT USED,AGAINST TRAFFIC,IN ROADWAY,TEST NOT OFFERED,,30,CLEAR,"DARKNESS, LIGHTED ROAD",PEDALCYCLIST,NOT DIVIDED,STRAIGHT AND LEVEL,DRY,INJURY AND / OR TOW DUE TO CRASH,NORTH AVE,41.9107150632,-87.6540281597,POINT (-87.654028159736 41.910715063167)
O1570027,BICYCLE,735180c3ca944dbd20841d319cc047839ade9eabf6c428f6e28f1af82fa7716fb069e07b04e1a35aeda98ed8a97f8b92fe9b77c4816616945e6cc42b44724dc7,05/04/2023 09:00:00 PM,M,43.0,BICYCLE HELMET (PEDACYCLIST INVOLVED ONLY),WITH TRAFFIC,BIKE LANE,TEST NOT OFFERED,,10,CLEAR,DARKNESS,PEDALCYCLIST,OTHER,STRAIGHT AND LEVEL,UNKNOWN,INJURY AND / OR TOW DUE TO CRASH,HARBOR DR,41.884657301,-87.6158852894,POINT (-87.615885289417 41.884657300987)
O1568729,BICYCLE,0728906a8534bebafd13d7a42f98671bc0c68d7b63c39175f227ed654789e52e9647d44704aa1e157569d9374ab7723b572035dbb561752ef642d40eefdc010d,05/04/2023 07:40:00 PM,M,30.0,HELMET NOT USED,CROSSING - NO CONTROLS (NOT AT INTERSECTION),IN ROADWAY,TEST NOT OFFERED,,30,CLEAR,"DARKNESS, LIGHTED ROAD",PEDALCYCLIST,NOT DIVIDED,STRAIGHT AND LEVEL,DRY,INJURY AND / OR TOW DUE TO CRASH,LA SALLE DR,41.9128756647,-87.6329741852,POINT (-87.632974185213 41.912875664741)
O1568716,BICYCLE,2e07a8275e4f6f93d74b7c8506f6d3048c85028ad4b413b4b45c5163b1ab379a1ae58f2eb8e82f494dcb1a68e7a1d737f261ea5893aec3d05317aedf89cc2bdc,05/04/2023 06:33:00 PM,M,10.0,HELMET NOT USED,CROSSING - NO CONTROLS (AT INTERSECTION),IN ROADWAY,TEST NOT OFFERED,,25,CLEAR,DAYLIGHT,PEDALCYCLIST,FOUR WAY,STRAIGHT AND LEVEL,DRY,INJURY AND / OR TOW DUE TO CRASH,OVERHILL AVE,41.9383345345,-87.819128554,POINT (-87.819128554014 41.938334534531)
O1568493,BICYCLE,bc84e4fac9462b927093d0b990018ba8c33960e8b126a3ffc3dfde9f30f250be9302d31fea254d74bcf0daac19fb814523c110a1b0284a35ff41be1acb136aa0,05/04/2023 04:45:00 PM,M,,BICYCLE HELMET (PEDACYCLIST INVOLVED ONLY),CROSSING - AGAINST SIGNAL,IN ROADWAY,TEST NOT OFFERED,,30,CLEAR,DAYLIGHT,PEDALCYCLIST,NOT DIVIDED,STRAIGHT AND LEVEL,DRY,NO INJURY / DRIVE AWAY,BRYN MAWR AVE,41.9832561003,-87.6943448296,POINT (-87.694344829578 41.983256100308)
O1568508,BICYCLE,445dd1a0d34b79d5e7f657a5472f04ec17ecb617831c5f669d1e38c158d4649f850c8253fbda260befe8f93aa3b5b21bf6ea38920f1954bb80f4a4625f893659,05/04/2023 03:50:00 PM,M,,HELMET NOT USED,OTHER ACTION,IN ROADWAY,TEST NOT OFFERED,,30,CLEAR,DAYLIGHT,PEDALCYCLIST,ONE-WAY,STRAIGHT AND LEVEL,UNKNOWN,NO INJURY / DRIVE AWAY,MASON AVE,41.9204163005,-87.774528317,POINT (-87.774528316986 41.920416300528)
O1568466,BICYCLE,d1df8dbaa011a05526fbc7fca8bdf4760224914be092e4b29ceaa0712b1224199d94e57c2049282606d16788433cd506d53e9804cc3ffeaa104f822141a5bdfb,05/04/2023 03:45:00 PM,M,0.0,BICYCLE HELMET (PEDACYCLIST INVOLVED ONLY),OTHER ACTION,IN ROADWAY,TEST NOT OFFERED,,30,CLEAR,DAYLIGHT,PEDALCYCLIST,NOT DIVIDED,STRAIGHT AND LEVEL,DRY,INJURY AND / OR TOW DUE TO CRASH,WOOD ST,41.9006108215,-87.6721648429,POINT (-87.672164842904 41.900610821463)
O1568511,BICYCLE,9e610478b050f0ad061c5b3a71d6575a773e4f403cb06cf0ffd7bbd9453c055d93fbdd08b37efe09a4bee76c278f1555d6dca6563784ee4661d2fe681e5d7a77,05/04/2023 03:20:00 PM,M,15.0,HELMET NOT USED,NO ACTION,BIKEWAY,TEST NOT OFFERED,,30,CLEAR,DAYLIGHT,PARKED MOTOR VEHICLE,NOT DIVIDED,STRAIGHT AND LEVEL,DRY,INJURY AND / OR TOW DUE TO CRASH,47TH ST,41.8084144938,-87.6729534765,POINT (-87.672953476507 41.80841449376)
O1568269,BICYCLE,70c2169b22cf58fcb8829252b020aae94ddab62c63854a0f3236528f4b4d7a5d5b0102291ff2b5510e24fe693a455e818d2665b6abd86c4b875e11fb53435722,05/04/2023 10:45:00 AM,M,76.0,BICYCLE HELMET (PEDACYCLIST INVOLVED ONLY),CROSSING - WITH SIGNAL,BIKE LANE,TEST NOT OFFERED,,30,CLEAR,DAYLIGHT,PEDALCYCLIST,NOT DIVIDED,STRAIGHT AND LEVEL,DRY,INJURY AND / OR TOW DUE TO CRASH,BRYN MAWR AVE,41.9829594103,-87.7087748776,POINT (-87.708774877615 41.982959410342)
O1568164,BICYCLE,c80702beb9937bd05f853749598f84f4f1f2f612b17b0b094ce2f5fd387cf2e6abb4d6af17a953453e7f10242596f9f33cd3e17a57f29323dfe6674a7b38d1aa,05/04/2023 08:57:00 AM,F,28.0,BICYCLE HELMET (PEDACYCLIST INVOLVED ONLY),WITH TRAFFIC,IN ROADWAY,TEST NOT OFFERED,,30,CLEAR,DAYLIGHT,PEDALCYCLIST,NOT DIVIDED,STRAIGHT AND LEVEL,DRY,INJURY AND / OR TOW DUE TO CRASH,HALSTED ST,41.8826376813,-87.6472446358,POINT (-87.647244635789 41.882637681271)
O1569939,BICYCLE,201544dad2b16875414f02c101f44730154bd91ce3969e45743d21ae8cf91b49b9e0dd4c2940eaf50087e3b61cc0f188b4eadbdb1f63e619568e834b0d560319,05/03/2023 09:10:00 PM,M,63.0,HELMET NOT USED,UNKNOWN/NA,IN ROADWAY,,,30,CLEAR,"DARKNESS, LIGHTED ROAD",PEDALCYCLIST,DIVIDED - W/MEDIAN (NOT RAISED),STRAIGHT AND LEVEL,DRY,INJURY AND / OR TOW DUE TO CRASH,ASHLAND AVE,,,
O1567906,BICYCLE,ece6b7ae2deb18811f0440d67d14197e689f1684266632e58ada142ff16b5d4932d1347a8863e84ea6bd129cfe0fe8bab168252838c112969e104aa827e98f99,05/03/2023 05:55:00 PM,M,35.0,HELMET NOT USED,NO ACTION,BIKEWAY,TEST NOT OFFERED,,30,CLEAR,DAYLIGHT,PEDALCYCLIST,DIVIDED - W/MEDIAN (NOT RAISED),STRAIGHT AND LEVEL,DRY,INJURY AND / OR TOW DUE TO CRASH,ARMITAGE AVE,41.9182792918,-87.6491988701,POINT (-87.649198870143 41.91827929179)
O1567935,BICYCLE,a7682e723b767555245f635ca1be1cd861036301d7867d5d9046c2dbf2d3998043ac9254cb8743fdee221695efc357382d33e43667f3ff44f528ec47f5f66189,05/03/2023 05:45:00 PM,M,43.0,BICYCLE HELMET (PEDACYCLIST INVOLVED ONLY),NO ACTION,BIKE LANE,TEST NOT OFFERED,,30,CLEAR,DAYLIGHT,PEDALCYCLIST,NOT DIVIDED,STRAIGHT AND LEVEL,DRY,INJURY AND / OR TOW DUE TO CRASH,LINCOLN AVE,41.9354733481,-87.662576987,POINT (-87.662576987002 41.935473348072)
O1654633,BICYCLE,a7682e723b767555245f635ca1be1cd861036301d7867d5d9046c2dbf2d3998043ac9254cb8743fdee221695efc357382d33e43667f3ff44f528ec47f5f66189,05/03/2023 05:45:00 PM,M,43.0,BICYCLE HELMET (PEDACYCLIST INVOLVED ONLY),NO ACTION,BIKE LANE,TEST NOT OFFERED,,30,CLEAR,DAYLIGHT,PEDALCYCLIST,NOT DIVIDED,STRAIGHT AND LEVEL,DRY,INJURY AND / OR TOW DUE TO CRASH,LINCOLN AVE,41.9354733481,-87.662576987,POINT (-87.662576987002 41.935473348072)
O1567911,BICYCLE,8d0ed606b0be5b218eb3df8fd2886e3e4207b3da3ce3bccbbf5682a54595f8d2fc5e394ce73919f4d0659b4f6274b857d7bf9c2040ffc997c2805080fea49841,05/03/2023 05:19:00 PM,M,14.0,HELMET NOT USED,CROSSING - NO CONTROLS (AT INTERSECTION),NOT IN ROADWAY,TEST NOT OFFERED,,20,CLEAR,DAYLIGHT,PEDALCYCLIST,NOT DIVIDED,STRAIGHT AND LEVEL,DRY,NO INJURY / DRIVE AWAY,PARKSIDE AVE,41.9188182833,-87.7668648651,POINT (-87.766864865125 41.918818283271)
O1572994,BICYCLE,f706dba990e6a89d5b19f38d4ccff94392c452650c69f7aa20c3b7c47a856ae6a321b1976e47878ac7d3512501d6a3069b70652076c28a2a8a103f3fb32a2e8d,05/03/2023 04:00:00 PM,M,,BICYCLE HELMET (PEDACYCLIST INVOLVED ONLY),WITH TRAFFIC,IN ROADWAY,TEST REFUSED,,30,UNKNOWN,UNKNOWN,PEDALCYCLIST,T-INTERSECTION,STRAIGHT AND LEVEL,UNKNOWN,INJURY AND / OR TOW DUE TO CRASH,PEORIA ST,41.8964053951,-87.649946772,POINT (-87.649946771952 41.896405395109)
O1567808,BICYCLE,1bedf73a70a4405b78d208ee40f7640e7147f00ba183b24bab5856c6654e96b86b52b2c3d7ba6f31eba4e219e39f9da223cc351519d219c6b138cd1b176d0079,05/03/2023 03:46:00 PM,M,17.0,HELMET NOT USED,UNKNOWN/NA,BIKEWAY,TEST NOT OFFERED,,30,CLEAR,DAYLIGHT,PEDALCYCLIST,DIVIDED - W/MEDIAN (NOT RAISED),STRAIGHT AND LEVEL,DRY,INJURY AND / OR TOW DUE TO CRASH,ELSTON AVE,41.9301493799,-87.6846468858,POINT (-87.684646885781 41.93014937989)
O1567800,BICYCLE,68f28fa6b5864fa4e2e9865b03d4f27fb73100087eedb35447c8ae219f18c3d30583f0321d5967ca5b40ff7ef37344c1e75c28a9a51822ef5c64edb9031ba983,05/03/2023 03:28:00 PM,M,34.0,HELMET NOT USED,CROSSING - AGAINST SIGNAL,IN ROADWAY,TEST NOT OFFERED,,30,CLEAR,DAYLIGHT,PEDALCYCLIST,NOT DIVIDED,STRAIGHT AND LEVEL,DRY,INJURY AND / OR TOW DUE TO CRASH,KINGSBURY ST,41.8914049906,-87.6399778041,POINT (-87.639977804097 41.891404990596)
O1567669,BICYCLE,ec8f9013efdb173ac24f158bc719278290a0a1be235faae1d0e95c65acedd9a359fbf1b37bcfe5272da2d743de1e011b3e31a953e9bab05f0fc85cdda9fa3518,05/03/2023 02:03:00 PM,M,15.0,HELMET NOT USED,NOT AT INTERSECTION,IN ROADWAY,,,30,CLEAR,DAYLIGHT,PEDALCYCLIST,DIVIDED - W/MEDIAN (NOT RAISED),STRAIGHT AND LEVEL,DRY,INJURY AND / OR TOW DUE TO CRASH,STATE ST,41.8773495243,-87.6278079621,POINT (-87.627807962088 41.877349524306)
O1567648,BICYCLE,f3beea9165e10097eba65cc7474af12ef184bf89511a1c6a9bb181444e67088f4e7d27a231be3a5bce4132821dc4bbaae1c06c4d2d156a5cbe2c7f6a8cb19bfd,05/03/2023 09:09:00 AM,M,13.0,BICYCLE HELMET (PEDACYCLIST INVOLVED ONLY),OTHER ACTION,IN ROADWAY,TEST NOT OFFERED,,30,CLEAR,DAYLIGHT,PEDALCYCLIST,NOT DIVIDED,STRAIGHT AND LEVEL,DRY,NO INJURY / DRIVE AWAY,HYDE PARK BLVD,41.802532085,-87.5917879592,POINT (-87.591787959191 41.802532084952)
O1567544,BICYCLE,af5a4e2b6085175e7187aee77ae9f0ecc6222a87cefbedb710104c7220d443a8ce86687574705e59f3369aab8481ec77903f2b6ed93a46d74ee71ce7d7b441d2,05/02/2023 09:45:00 PM,M,27.0,HELMET NOT USED,WITH TRAFFIC,SHOULDER,TEST NOT OFFERED,,30,CLEAR,"DARKNESS, LIGHTED ROAD",PEDALCYCLIST,FOUR WAY,STRAIGHT AND LEVEL,DRY,NO INJURY / DRIVE AWAY,CERMAK RD,41.8525261656,-87.6612900647,POINT (-87.661290064695 41.852526165608)
O1567350,BICYCLE,7424ea42fd460919e6fa5fbcd7dd145a31e72efbd2e6344334571cca782d5e59ff5df8f0c69adf7f4df9c7e7ba7c19d50347c668b93a81b8d3b528679117d737,05/02/2023 09:19:00 PM,M,27.0,BICYCLE HELMET (PEDACYCLIST INVOLVED ONLY),OTHER ACTION,IN ROADWAY,TEST NOT OFFERED,,30,CLEAR,"DARKNESS, LIGHTED ROAD",PEDALCYCLIST,NOT DIVIDED,STRAIGHT AND LEVEL,DRY,INJURY AND / OR TOW DUE TO CRASH,SAYRE AVE,41.9828284758,-87.8012742829,POINT (-87.801274282924 41.982828475788)
O1567299,BICYCLE,98f748521602a6fbd08c5cbede862feef6cfa4798a178f701a3e880a9ed7a8a0b8f2c6aa7063b9b79f66de185ea66a6d4773583c3b3039ad957a5da268ed381c,05/02/2023 07:06:00 PM,M,14.0,HELMET NOT USED,AGAINST TRAFFIC,IN ROADWAY,TEST NOT OFFERED,,30,CLEAR,DUSK,PEDALCYCLIST,T-INTERSECTION,STRAIGHT AND LEVEL,DRY,INJURY AND / OR TOW DUE TO CRASH,ROGERS AVE,42.0147373476,-87.6782659109,POINT (-87.678265910855 42.014737347557)
O1566795,BICYCLE,2cb406fc1d316b8cf2dd1e7924d7ecfe0d46a44ac09210b4b85e0021e132737a18a90e70191aa9fff82efafda9a2353a50ba16cdbe73e8243207bcd7c2178b0b,05/02/2023 07:30:00 AM,M,46.0,BICYCLE HELMET (PEDACYCLIST INVOLVED ONLY),WITH TRAFFIC,BIKE LANE,TEST NOT OFFERED,,30,CLEAR,DAYLIGHT,PEDALCYCLIST,NOT DIVIDED,STRAIGHT AND LEVEL,DRY,INJURY AND / OR TOW DUE TO CRASH,WELLS ST,41.8963357343,-87.6343406345,POINT (-87.634340634473 41.896335734312)
O1566431,BICYCLE,dfe6238f116fb768a21a743dadb5f8911431fd01234b134a8a2a8bf879866f291f12cca9ec9d56bbce4e4f97c364ddcbed290d0921ddc3b1e726a9fbcb2d601c,05/01/2023 04:45:00 PM,F,36.0,BICYCLE HELMET (PEDACYCLIST INVOLVED ONLY),WITH TRAFFIC,IN ROADWAY,TEST NOT OFFERED,,30,RAIN,DAYLIGHT,PEDALCYCLIST,T-INTERSECTION,STRAIGHT AND LEVEL,WET,NO INJURY / DRIVE AWAY,CLARK ST,41.9839522006,-87.6690061635,POINT (-87.669006163545 41.983952200631)
O1695923,BICYCLE,2643718949cc0c919c8a1cfdf61142dfb0bc123aa1b40745712c4b4cc9ebbb6215b49177510d914a56f5db315de8e193ba66f718b953c5c4747e52dc2dbdbd96,05/01/2023 02:45:00 PM,F,27.0,HELMET NOT USED,WITH TRAFFIC,BIKEWAY,TEST NOT OFFERED,,30,RAIN,DAYLIGHT,PEDALCYCLIST,NOT DIVIDED,STRAIGHT AND LEVEL,WET,INJURY AND / OR TOW DUE TO CRASH,WELLS ST,41.9147701763,-87.6349691312,POINT (-87.634969131239 41.914770176294)
O1566181,BICYCLE,7faa15dcd2f33fb90b2292eaf8a6a8eee8e5cb0de04f004673cd27e5f61994c80a5876a93a2c6d294aeb01d38773318bf1af04ae6068a5a349aa70e524f1ee17,05/01/2023 11:35:00 AM,M,61.0,BICYCLE HELMET (PEDACYCLIST INVOLVED ONLY),WITH TRAFFIC,IN ROADWAY,TEST NOT OFFERED,,30,RAIN,DAYLIGHT,PEDALCYCLIST,NOT DIVIDED,STRAIGHT AND LEVEL,WET,NO INJURY / DRIVE AWAY,GRAND AVE,41.8917914631,-87.6276577412,POINT (-87.6276577412 41.891791463112)
O1565314,BICYCLE,f27b53b31cc98a0adb1ef5a6e18400bcd3ed091806d112a44301688963a93eb4d56d70522a8ec8d9cd5553711b42ef6cd78aabc4877d6e1f0f13c82b5b89370f,04/29/2023 06:45:00 PM,M,15.0,BICYCLE HELMET (PEDACYCLIST INVOLVED ONLY),WITH TRAFFIC,IN ROADWAY,TEST NOT OFFERED,,30,CLEAR,DAYLIGHT,PEDALCYCLIST,NOT DIVIDED,STRAIGHT AND LEVEL,DRY,NO INJURY / DRIVE AWAY,NORTH AVE,41.9107384033,-87.6526288748,POINT (-87.652628874825 41.910738403293)
O1565226,NON-MOTOR VEHICLE,7bfcd8ce907c1484d2ee8948c4d65139578cb8f6e94570d24c2bfd3ecd2967749154bcb160b33fc1ac052bf8caf7be1043a12caa0cc325a80bd6f4f4a6102677,04/29/2023 04:45:00 PM,M,43.0,USAGE UNKNOWN,,,TEST NOT OFFERED,Y,30,UNKNOWN,DAYLIGHT,OTHER OBJECT,NOT DIVIDED,STRAIGHT AND LEVEL,DRY,INJURY AND / OR TOW DUE TO CRASH,31ST ST,41.8381655452,-87.6288997377,POINT (-87.628899737658 41.83816554524)
O1565257,BICYCLE,39122821d347f4c4f47b1dfd5c2af844091824e4acd306374039d0fcff32922d10cee2bf79906c671ca995ec82af706cd7ff300a2dd1899efe181698f81ee60f,04/29/2023 04:30:00 PM,M,25.0,HELMET NOT USED,CROSSING - CONTROLS PRESENT (NOT AT INTERSECTION),IN CROSSWALK,,,30,CLEAR,DAYLIGHT,PEDALCYCLIST,NOT DIVIDED,STRAIGHT AND LEVEL,DRY,INJURY AND / OR TOW DUE TO CRASH,UNION AVE,41.765156091,-87.6416882698,POINT (-87.641688269805 41.765156090966)
O1564834,BICYCLE,3fe6e7a313d52be4cfb8ef6687f9a3b0a51384d3921b175f4385d3e7248b080fd1ed27f82736bbc9271c7b3dbbac1d838185323e5fb9fed23c5b9e9c1ffc9c1c,04/29/2023 08:56:00 AM,M,23.0,BICYCLE HELMET (PEDACYCLIST INVOLVED ONLY),CROSSING - WITH SIGNAL,IN CROSSWALK,TEST NOT OFFERED,,40,CLEAR,DAYLIGHT,PEDALCYCLIST,FOUR WAY,STRAIGHT AND LEVEL,DRY,INJURY AND / OR TOW DUE TO CRASH,LAKE SHORE DR NB,41.8808560477,-87.6176358918,POINT (-87.617635891755 41.880856047671)
O1564802,BICYCLE,774a92218da0ee9383a9cde51d0f7eb3c18b0c5900eca9deed007d837a6373c22275075c0f830a2e79f838ebeba57bbe10f3c4cabbb0d4da9c4769e16a62dee0,04/28/2023 01:30:00 PM,M,,HELMET NOT USED,TURNING LEFT,IN ROADWAY,TEST NOT OFFERED,,30,CLEAR,DAYLIGHT,PEDALCYCLIST,NOT DIVIDED,STRAIGHT AND LEVEL,DRY,NO INJURY / DRIVE AWAY,MICHIGAN AVE,41.8664892793,-87.6242793048,POINT (-87.624279304789 41.866489279306)
O1564360,BICYCLE,4add6cdfbff243d19c88fcd3d70b7b9cd73d59362112c9d4e78bf0240d99ade9ff343744131a066b857a5557169b5a946791f51a569185a14fad4cadfbd79b17,04/28/2023 01:08:00 PM,M,25.0,BICYCLE HELMET (PEDACYCLIST INVOLVED ONLY),CROSSING - NO CONTROLS (NOT AT INTERSECTION),IN ROADWAY,TEST NOT OFFERED,,20,CLEAR,DAYLIGHT,PEDALCYCLIST,ALLEY,STRAIGHT AND LEVEL,DRY,NO INJURY / DRIVE AWAY,GREEN ST,41.878597052,-87.6482862612,POINT (-87.648286261162 41.878597051997)
O1564327,BICYCLE,3db3554c7484d6e21521645b1553a33bb3f208ddbfbd9a16ef17829e2be720eeff59667710f35c07dfe2b3d6a3ce95e66104d06b49b3c6ca9d1d0d3f20edf8b8,04/28/2023 12:21:00 PM,M,18.0,HELMET NOT USED,CROSSING - AGAINST SIGNAL,IN CROSSWALK,TEST NOT OFFERED,,35,CLEAR,DAYLIGHT,PEDALCYCLIST,ONE-WAY,STRAIGHT AND LEVEL,DRY,INJURY AND / OR TOW DUE TO CRASH,ADAMS ST,41.879183645,-87.6410304458,POINT (-87.641030445845 41.879183645039)
O1564542,BICYCLE,a66f9a2705e3201033c51d5a60860a6dbf5d038113e9dfb216473bf7fc72a63d0a3246aae0f9c20a496014c525bcf4d002cdefd497f893019a1ffc6694d3ec50,04/28/2023 11:30:00 AM,F,41.0,BICYCLE HELMET (PEDACYCLIST INVOLVED ONLY),WITH TRAFFIC,BIKEWAY,TEST NOT OFFERED,,30,CLEAR,DAYLIGHT,PEDALCYCLIST,DIVIDED - W/MEDIAN (NOT RAISED),STRAIGHT AND LEVEL,DRY,INJURY AND / OR TOW DUE TO CRASH,MILWAUKEE AVE,41.9088711271,-87.6753374249,POINT (-87.675337424865 41.908871127141)
O1564169,NON-MOTOR VEHICLE,407b5d8b7569a8f4505f355777e9b4dd013c317c5c42d8dece7a96ef9f51105763ce75d8c8f8e6d87f77628e292cd68fcde75922a2d0768a7137ed17df6532fb,04/28/2023 07:56:00 AM,,,NONE PRESENT,UNKNOWN/NA,UNKNOWN/NA,TEST NOT OFFERED,,30,CLEAR,DAYLIGHT,OTHER OBJECT,FOUR WAY,STRAIGHT AND LEVEL,DRY,NO INJURY / DRIVE AWAY,CICERO AVE,41.9074365268,-87.7459094074,POINT (-87.74590940737 41.907436526791)
O1563993,BICYCLE,68c379b377e07599a6c819f4ccfd4a56e107da1a5afb1b475effc8b51ff1d0a6754f64f8cd905136702621076a3ee07e4c6b1453980a723c924c09f296bb2648,04/27/2023 05:40:00 PM,M,28.0,HELMET NOT USED,WITH TRAFFIC,BIKEWAY,TEST NOT OFFERED,,30,CLEAR,DAYLIGHT,PEDALCYCLIST,Y-INTERSECTION,STRAIGHT AND LEVEL,DRY,INJURY AND / OR TOW DUE TO CRASH,MILWAUKEE AVE,41.8969781658,-87.6563310948,POINT (-87.656331094792 41.89697816583)
O1564420,BICYCLE,c3beb5188bc58f4b59e29928c35e0317c03e4c1fa54433ea8fc9fe720dbebc04c5bbfd9e0dd5455171325f2e77fa0af048d6e8680736e84329b84e4dd42117cd,04/27/2023 03:00:00 PM,M,77.0,BICYCLE HELMET (PEDACYCLIST INVOLVED ONLY),OTHER ACTION,IN CROSSWALK,TEST NOT OFFERED,,25,CLEAR,DAYLIGHT,PEDALCYCLIST,NOT DIVIDED,STRAIGHT AND LEVEL,DRY,NO INJURY / DRIVE AWAY,CORNELL AVE,41.8023870019,-87.5867582771,POINT (-87.586758277123 41.802387001878)
O1563614,BICYCLE,56e92f93b68fbadd4a7863872dc549995ede38f5dd2eb5e20cd2f73a87a6ebe3e416fb6bdcf8a17e5dc343a1e92a1dac0e0b9aa881d205dce5e0c1784fbe1db5,04/27/2023 11:01:00 AM,M,23.0,BICYCLE HELMET (PEDACYCLIST INVOLVED ONLY),CROSSING - NO CONTROLS (NOT AT INTERSECTION),BIKEWAY,TEST NOT OFFERED,,30,CLEAR,DAYLIGHT,PEDALCYCLIST,NOT DIVIDED,STRAIGHT AND LEVEL,DRY,INJURY AND / OR TOW DUE TO CRASH,LAKE ST,41.8846526218,-87.6827079224,POINT (-87.682707922378 41.884652621752)
O1564143,BICYCLE,02539a9c7a5770f923599a466e63b52f0252c37729e277a11c61d5038f2438c449d06da7a8a1c063084154c74403c333f220cb9225fa71f6d535e54d6bedd7e1,04/27/2023 09:50:00 AM,F,26.0,BICYCLE HELMET (PEDACYCLIST INVOLVED ONLY),WITH TRAFFIC,SHOULDER,TEST NOT OFFERED,,30,CLEAR,DAYLIGHT,PEDALCYCLIST,DIVIDED - W/MEDIAN BARRIER,STRAIGHT AND LEVEL,DRY,INJURY AND / OR TOW DUE TO CRASH,IRVING PARK RD,41.9538896388,-87.6921252774,POINT (-87.692125277395 41.953889638784)
O1563482,BICYCLE,d4546b3b655bd442862fecaf765aca8245ce78289c9d212d2f71572bdf43e1fed410db8e477137ea0833c67eeec28059df72bd3ebe4f69237fbd8dc7d21f9479,04/27/2023 09:00:00 AM,M,35.0,HELMET NOT USED,WITH TRAFFIC,IN ROADWAY,TEST NOT OFFERED,,30,CLEAR,DAYLIGHT,PEDALCYCLIST,NOT DIVIDED,STRAIGHT AND LEVEL,DRY,INJURY AND / OR TOW DUE TO CRASH,GRACE ST,41.950977794,-87.6567521651,POINT (-87.656752165062 41.950977793986)
O1563304,BICYCLE,addc516bd8308a31941919721e4d0f78b3a2d7055d9a1c97642e7c727add2ef26eeaa801ab38c91f02a971d89f29bb364ee7a4ddc75970c992ccadc0311d4a26,04/26/2023 09:00:00 PM,M,,HELMET NOT USED,CROSSING - AGAINST SIGNAL,IN ROADWAY,TEST NOT OFFERED,,30,CLEAR,"DARKNESS, LIGHTED ROAD",PEDALCYCLIST,DIVIDED - W/MEDIAN (NOT RAISED),STRAIGHT AND LEVEL,DRY,INJURY AND / OR TOW DUE TO CRASH,ARCHER AVE,41.8436088732,-87.6541586388,POINT (-87.654158638809 41.843608873229)