PERSON_ID,PERSON_TYPE,CRASH_RECORD_ID,CRASH_DATE_x,SEX,AGE,SAFETY_EQUIPMENT,PEDPEDAL_ACTION,PEDPEDAL_LOCATION,BAC_RESULT,CRASH_DATE_EST_I,POSTED_SPEED_LIMIT,WEATHER_CONDITION,LIGHTING_CONDITION,FIRST_CRASH_TYPE,TRAFFICWAY_TYPE,ALIGNMENT,ROADWAY_SURFACE_COND,CRASH_TYPE,STREET_NAME,LATITUDE,LONGITUDE,LOCATION
O1563330,BICYCLE,0042e7637fa7a635c20ad81bab808b975c76d292a4ec36da78575ec4944067f38f5b3d367aea5be03d9051343c0536bc2a9b8635ca33703dab6b4aa8f7c41a2a,04/26/2023 08:30:00 PM,M,25.0,BICYCLE HELMET (PEDACYCLIST INVOLVED ONLY),NO ACTION,IN ROADWAY,TEST NOT OFFERED,,35,CLEAR,"DARKNESS, LIGHTED ROAD",PEDALCYCLIST,NOT DIVIDED,STRAIGHT ON GRADE,DRY,INJURY AND / OR TOW DUE TO CRASH,WABASH AVE,41.8906307887,-87.6268291274,POINT (-87.62682912738 41.890630788703)
O1563164,BICYCLE,36858eae3db6ef8f42008a0fee4d0abcc61a988384a9bd7ab3bea3c68dd8853f57ac15361a0de8ba9ccaf8f652c45db12787b2e33b58f320fa7eadd6a317e4c0,04/26/2023 04:45:00 PM,M,34.0,HELMET NOT USED,OTHER ACTION,BIKEWAY,TEST NOT OFFERED,,30,CLEAR,DAYLIGHT,PEDALCYCLIST,NOT DIVIDED,STRAIGHT AND LEVEL,DRY,INJURY AND / OR TOW DUE TO CRASH,HARRISON ST,41.8745308554,-87.6489162443,POINT (-87.64891624426 41.874530855403)
O1562752,BICYCLE,408e5e807617c51c6e744d359fe0255e2d4c8def14c75391152e12b3053e16d9d6f77ae5ee7d78b010039970b3733d04e23cd7810bd9e2f96738913a64312b7a,04/26/2023 08:40:00 AM,M,37.0,BICYCLE HELMET (PEDACYCLIST INVOLVED ONLY),NO ACTION,BIKE LANE,TEST NOT OFFERED,,30,CLEAR,DAYLIGHT,PEDALCYCLIST,ONE-WAY,STRAIGHT AND LEVEL,DRY,INJURY AND / OR TOW DUE TO CRASH,WARREN BLVD,41.8819740815,-87.68694342,POINT (-87.686943419958 41.881974081478)
O1562774,BICYCLE,901ead1e34743dedbc7b97cb804f7acd113ad9167bce7e8d771162fe9328dab25c178a36c21b8bfb55cd1b8174a17b16ba7e60fd868f895e738a940530215e82,04/26/2023 08:40:00 AM,M,19.0,HELMET NOT USED,CROSSING - NO CONTROLS (NOT AT INTERSECTION),IN CROSSWALK,TEST NOT OFFERED,,30,CLEAR,DAYLIGHT,PEDALCYCLIST,ONE-WAY,STRAIGHT AND LEVEL,DRY,NO INJURY / DRIVE AWAY,NORTH AVE,41.909903268,-87.7333042287,POINT (-87.733304228701 41.909903267964)
O1562528,BICYCLE,966d803ad86f30a66986d286fa861fe998d35a1bc4114c8b74b61c9ccb32661acd12a89770e42331b56029840a976122a4cea7377c3db61cdde8b1a4f4fee67f,04/25/2023 05:50:00 PM,M,,HELMET NOT USED,WITH TRAFFIC,BIKEWAY,TEST NOT OFFERED,,30,CLEAR,DAYLIGHT,SIDESWIPE SAME DIRECTION,DIVIDED - W/MEDIAN (NOT RAISED),STRAIGHT AND LEVEL,DRY,NO INJURY / DRIVE AWAY,HALSTED ST,41.9213323893,-87.6484717346,POINT (-87.648471734626 41.921332389269)
O1562260,BICYCLE,6a110501dc595af544f810892f4b58905536d348dadeeba3850320edf0d464923b19ea4d3dd59c34ec8974041ae59caaf646cd5dfa61bd3bb07b598a0031663f,04/25/2023 11:20:00 AM,M,36.0,HELMET NOT USED,AGAINST TRAFFIC,IN ROADWAY,TEST NOT OFFERED,,30,CLEAR,DAYLIGHT,PEDALCYCLIST,DIVIDED - W/MEDIAN (NOT RAISED),STRAIGHT AND LEVEL,WET,INJURY AND / OR TOW DUE TO CRASH,DIVISION ST,41.902138635,-87.7558329875,POINT (-87.755832987503 41.902138635014)
O1562169,BICYCLE,808799ae8cf99056e4d16c778e28f123e7375bb72f716f6a9b87c232a2a8b8e24a9b02be401c9f9571d56cbd5762d49d155b1494999d98cce0c300cef0036e57,04/25/2023 08:00:00 AM,M,,BICYCLE HELMET (PEDACYCLIST INVOLVED ONLY),STANDING IN ROADWAY,IN ROADWAY,TEST NOT OFFERED,,30,RAIN,DAYLIGHT,PEDALCYCLIST,OTHER,STRAIGHT AND LEVEL,WET,INJURY AND / OR TOW DUE TO CRASH,MICHIGAN AVE,41.8657003856,-87.6242595813,POINT (-87.624259581278 41.865700385616)
O1562109,BICYCLE,2c89b7e0e8655bf5ca9a1082cd1b839baf3c76cfa4dd72861e6ceec256092ab60e383271463ea1979be9bc3cf195db11a9b47e7980b1fe71a197118a36865793,04/25/2023 07:35:00 AM,M,40.0,BICYCLE HELMET (PEDACYCLIST INVOLVED ONLY),OTHER ACTION,IN CROSSWALK,TEST NOT OFFERED,,20,RAIN,DAYLIGHT,PEDALCYCLIST,ALLEY,STRAIGHT AND LEVEL,WET,INJURY AND / OR TOW DUE TO CRASH,SPAULDING AVE,41.9605282062,-87.7108238015,POINT (-87.710823801491 41.96052820624)
O1568161,BICYCLE,3f11a4af399e16d9ed72ced1ab1082c620ff85cf00b64357d5f3716acc95a4453c66fc39cf0933a4c785f9e077951f78826c41c42e0bcc161ab4fc912b681fca,04/24/2023 09:39:00 PM,F,33.0,BICYCLE HELMET (PEDACYCLIST INVOLVED ONLY),CROSSING - WITH SIGNAL,IN ROADWAY,TEST NOT OFFERED,,30,UNKNOWN,UNKNOWN,PEDALCYCLIST,T-INTERSECTION,STRAIGHT AND LEVEL,UNKNOWN,INJURY AND / OR TOW DUE TO CRASH,CONGRESS PKWY,41.8755809882,-87.6258667111,POINT (-87.62586671107 41.875580988217)
O1588851,BICYCLE,3f11a4af399e16d9ed72ced1ab1082c620ff85cf00b64357d5f3716acc95a4453c66fc39cf0933a4c785f9e077951f78826c41c42e0bcc161ab4fc912b681fca,04/24/2023 09:39:00 PM,F,33.0,BICYCLE HELMET (PEDACYCLIST INVOLVED ONLY),CROSSING - WITH SIGNAL,IN ROADWAY,TEST NOT OFFERED,,30,UNKNOWN,UNKNOWN,PEDALCYCLIST,T-INTERSECTION,STRAIGHT AND LEVEL,UNKNOWN,INJURY AND / OR TOW DUE TO CRASH,CONGRESS PKWY,41.8755809882,-87.6258667111,POINT (-87.62586671107 41.875580988217)
O1561754,BICYCLE,a087931475bc4d76273b79f47a38473477073e4a4ca4a9f1a657e59860191fd0c472ac580d305da24e5fe1850fef2b6af1a61fd59e3f682e1ea3f9343e827dc9,04/24/2023 05:00:00 PM,M,37.0,HELMET NOT USED,NO ACTION,NOT IN ROADWAY,TEST NOT OFFERED,,30,CLEAR,DAYLIGHT,PEDALCYCLIST,DIVIDED - W/MEDIAN (NOT RAISED),STRAIGHT AND LEVEL,DRY,INJURY AND / OR TOW DUE TO CRASH,PULASKI RD,41.9774430394,-87.7284327295,POINT (-87.728432729456 41.977443039389)
O1566447,BICYCLE,16d80f019e2bdbb0d45fff38a3107db97599c9562c5eb2929b8a47b3ba1c66a4eddde9ec0baac09dc3820b3d56e5871dfc35c3e282d4bf5630067510a275440a,04/24/2023 04:10:00 PM,M,31.0,BICYCLE HELMET (PEDACYCLIST INVOLVED ONLY),WITH TRAFFIC,BIKE LANE,TEST NOT OFFERED,,30,UNKNOWN,DAYLIGHT,PEDALCYCLIST,NOT DIVIDED,STRAIGHT AND LEVEL,UNKNOWN,INJURY AND / OR TOW DUE TO CRASH,MILWAUKEE AVE,41.9079805734,-87.6739451672,POINT (-87.673945167172 41.907980573414)
O1563007,BICYCLE,6aaa8d1d94b7784cd416da0507f1b8b9794ef51f136554f5927c4f73fec9851fe3fa9fc014d2a743db2b4192bd48309d2287f0fbfe7f822655761ca27f1039a7,04/24/2023 08:40:00 AM,M,51.0,BICYCLE HELMET (PEDACYCLIST INVOLVED ONLY),WITH TRAFFIC,BIKEWAY,TEST NOT OFFERED,,30,UNKNOWN,DAYLIGHT,PEDALCYCLIST,DIVIDED - W/MEDIAN (NOT RAISED),STRAIGHT AND LEVEL,UNKNOWN,NO INJURY / DRIVE AWAY,MILWAUKEE AVE,41.8917328651,-87.6486541929,POINT (-87.648654192939 41.891732865147)
O1560708,NON-MOTOR VEHICLE,3fc44585c822111110914d3510c71b3140b86ec289ec17481780215b6cbea77d8dd5f607914e40e4d5fd9a61adff6222e90cda0585cf987ea7d1ea5367675057,04/23/2023 03:37:00 AM,,,,,,,,30,CLEAR,DARKNESS,FIXED OBJECT,NOT DIVIDED,CURVE ON HILLCREST,DRY,NO INJURY / DRIVE AWAY,CENTRAL AVE,41.9128514997,-87.765488892,POINT (-87.765488892039 41.912851499712)
O1560568,BICYCLE,9ae95ecc4cdc55bd2b95b3a781a9a7c16f69aa2ac4978f13233facce3ce46b4815882e85c944057b9b7bdef143805a9578005021f808a36f557eb3e3af0767b1,04/22/2023 07:59:00 PM,F,26.0,BICYCLE HELMET (PEDACYCLIST INVOLVED ONLY),CROSSING - WITH SIGNAL,IN ROADWAY,TEST NOT OFFERED,,30,CLEAR,"DARKNESS, LIGHTED ROAD",PEDALCYCLIST,NOT DIVIDED,STRAIGHT AND LEVEL,DRY,INJURY AND / OR TOW DUE TO CRASH,LEAVITT ST,41.9104312326,-87.6824947889,POINT (-87.682494788913 41.910431232609)
O1560485,BICYCLE,bb1506515593530d03479ff8b49f8bfdffc13179d55464b8ff3d7b702383687b6fe29f0443b0a90f3092bfe452a9c5eda2d5407806c84793f5075aae793bc6a2,04/22/2023 05:00:00 PM,M,36.0,BICYCLE HELMET (PEDACYCLIST INVOLVED ONLY),WITH TRAFFIC,IN ROADWAY,TEST NOT OFFERED,,30,CLEAR,DAYLIGHT,PEDALCYCLIST,NOT DIVIDED,STRAIGHT AND LEVEL,DRY,NO INJURY / DRIVE AWAY,FAIRBANKS CT,41.8922749656,-87.6200987945,POINT (-87.620098794549 41.892274965647)
O1560316,NON-MOTOR VEHICLE,b38bf24fed9e0ebfc45a57bc677391daefcb79a9648db7017e0de5adb7e16f8bcd28f9894012d326f5abc41e0ebcdda037805bfcd393553a219a714f9f87f7e5,04/22/2023 01:15:00 PM,,,,CROSSING - WITH SIGNAL,IN CROSSWALK,,,30,SNOW,DAYLIGHT,OTHER OBJECT,TRAFFIC ROUTE,STRAIGHT AND LEVEL,WET,NO INJURY / DRIVE AWAY,WAVELAND AVE,41.9492249518,-87.649662349,POINT (-87.649662349009 41.949224951833)
O1559948,BICYCLE,6041f219b50de640ad5dda416db84f96fc37fe5c19a520f71ca4ecf88a1990434d42ced45aa4977c1293fc976dc487b6edf5531a99c54fa6cd0513e9009e8a87,04/21/2023 06:16:00 PM,M,30.0,HELMET NOT USED,WITH TRAFFIC,BIKE LANE,TEST NOT OFFERED,,30,CLEAR,DAYLIGHT,PEDALCYCLIST,NOT DIVIDED,STRAIGHT AND LEVEL,DRY,NO INJURY / DRIVE AWAY,STOCKTON DR,41.9220937645,-87.635578466,POINT (-87.635578465956 41.922093764494)
O1559917,BICYCLE,b0900d5a2a66dd75137fb39a0262b1fdf7e949ba82ad0434b860fb0d4e54404efd58124613ee6414d4c6941307c1ed095bde6f43ba3c5de4d3d89afacc07018b,04/21/2023 05:10:00 PM,F,12.0,HELMET NOT USED,CROSSING - CONTROLS PRESENT (NOT AT INTERSECTION),IN CROSSWALK,TEST NOT OFFERED,,30,CLEAR,DAYLIGHT,PEDALCYCLIST,ONE-WAY,STRAIGHT AND LEVEL,DRY,INJURY AND / OR TOW DUE TO CRASH,ALBANY AVE,41.7752651618,-87.7007488278,POINT (-87.700748827801 41.775265161825)
O1560376,BICYCLE,fb89fb92a517ed01b948c7c466cfcbe63e436a501af5b7ab50a53c567951acb5cb7d358a4787d9a0dedc993b7d9458d39fc42cf5dc243e65953edbab0e0f06fd,04/21/2023 04:23:00 PM,M,,HELMET NOT USED,CROSSING - WITH SIGNAL,IN CROSSWALK,TEST NOT OFFERED,,30,CLEAR,DAYLIGHT,PEDALCYCLIST,NOT DIVIDED,STRAIGHT AND LEVEL,DRY,INJURY AND / OR TOW DUE TO CRASH,ROOSEVELT RD,41.8672978274,-87.6444711883,POINT (-87.644471188313 41.867297827439)
O1559768,BICYCLE,0d4d53e9b5db0e380b913bdd5cd379fde47a0e1b1ec3ba535ae1eb2f324cb0a835752f7310acd33ec07e89927e6b297ff584f1c942b0fbef7492b7f036224233,04/21/2023 03:58:00 PM,M,71.0,HELMET NOT USED,NO ACTION,IN ROADWAY,TEST NOT OFFERED,,25,CLEAR,DAYLIGHT,PEDALCYCLIST,NOT DIVIDED,STRAIGHT AND LEVEL,DRY,INJURY AND / OR TOW DUE TO CRASH,THORNDALE AVE,41.9899464074,-87.6583148831,POINT (-87.658314883118 41.989946407385)
O1559746,BICYCLE,813f3d4679c3a01982d8e9a8728ff2a3a400da95cd5a794b7003e5bc228d4e676f5afcd87bd8da35987a395efb7de07a2fcc9b87f80155a7340aaebc842349c1,04/21/2023 03:00:00 PM,M,38.0,BICYCLE HELMET (PEDACYCLIST INVOLVED ONLY),CROSSING - NO CONTROLS (NOT AT INTERSECTION),IN CROSSWALK,TEST NOT OFFERED,,30,CLEAR,DAYLIGHT,PEDALCYCLIST,ONE-WAY,STRAIGHT AND LEVEL,DRY,NO INJURY / DRIVE AWAY,SOLIDARITY DR,41.8665630261,-87.6108628295,POINT (-87.610862829506 41.866563026051)
O1559731,BICYCLE,fdbf9a53bab00cd7c7ba44c473f678346c30bb9dc5f16d9f6cee0857d896182fd39159369ba113d9c63ea67d42cf703b19f5471b2a4d471dd68746132e6b598f,04/21/2023 02:03:00 PM,M,54.0,HELMET NOT USED,ENTER FROM DRIVE/ALLEY,IN ROADWAY,TEST NOT OFFERED,,30,CLEAR,DAYLIGHT,PEDALCYCLIST,NOT DIVIDED,STRAIGHT AND LEVEL,DRY,INJURY AND / OR TOW DUE TO CRASH,98TH ST,41.7172032624,-87.5503135735,POINT (-87.550313573477 41.717203262372)
O1559332,BICYCLE,7aa31dc874ec63b8646a43f3b44249a4c899210c40fbd8379d7f79b9b901d991d976abce005a508f42e5796e86dd7a68d1acc8064290f5b9bc6496b2e29ca115,04/20/2023 08:46:00 PM,M,57.0,HELMET NOT USED,NO ACTION,IN ROADWAY,TEST NOT OFFERED,,25,CLEAR,"DARKNESS, LIGHTED ROAD",PEDALCYCLIST,FOUR WAY,STRAIGHT AND LEVEL,DRY,INJURY AND / OR TOW DUE TO CRASH,CICERO AVE,41.8659794863,-87.7446098835,POINT (-87.744609883514 41.865979486289)
O1588979,BICYCLE,7aa31dc874ec63b8646a43f3b44249a4c899210c40fbd8379d7f79b9b901d991d976abce005a508f42e5796e86dd7a68d1acc8064290f5b9bc6496b2e29ca115,04/20/2023 08:46:00 PM,M,57.0,HELMET NOT USED,NO ACTION,IN ROADWAY,TEST NOT OFFERED,,25,CLEAR,"DARKNESS, LIGHTED ROAD",PEDALCYCLIST,FOUR WAY,STRAIGHT AND LEVEL,DRY,INJURY AND / OR TOW DUE TO CRASH,CICERO AVE,41.8659794863,-87.7446098835,POINT (-87.744609883514 41.865979486289)
O1559249,BICYCLE,d6418d1ed4204decde84416ec2465463036a3384efb132b12daa197a2ce084f1c4e3fde0800809ae0f94571236999be580342e5430a501a14d37878bf9e7e691,04/20/2023 06:42:00 PM,M,23.0,HELMET NOT USED,OTHER ACTION,UNKNOWN/NA,TEST NOT OFFERED,,30,CLEAR,DAYLIGHT,PEDALCYCLIST,NOT DIVIDED,STRAIGHT AND LEVEL,DRY,INJURY AND / OR TOW DUE TO CRASH,PULASKI RD,41.917620259,-87.7267229199,POINT (-87.726722919892 41.917620258991)
O1559281,BICYCLE,4c334f871d9d2f51051919013e1284bbb153de4564f106acea6ed3b9813d8572c31960410fa60dbba48fef4001b7d7096ee8a93a8db3478de59d436e8ce6b553,04/20/2023 05:38:00 PM,M,32.0,HELMET NOT USED,CROSSING - AGAINST SIGNAL,IN CROSSWALK,TEST NOT OFFERED,,30,RAIN,DAYLIGHT,PEDALCYCLIST,NOT DIVIDED,STRAIGHT ON GRADE,WET,INJURY AND / OR TOW DUE TO CRASH,VAN BUREN ST,41.8763769432,-87.6722086711,POINT (-87.672208671062 41.876376943192)
O1559728,BICYCLE,3287271009e1557b01c5cf5a623407398fdf256b8f0d854cfd6723f1972f101cfe39d5634f9958ab013fd9fdfdd159b3de875950ad258a0f28feb4e237e407b3,04/20/2023 04:45:00 PM,M,37.0,HELMET NOT USED,NO ACTION,IN ROADWAY,TEST NOT OFFERED,,30,UNKNOWN,UNKNOWN,PEDALCYCLIST,NOT DIVIDED,STRAIGHT AND LEVEL,UNKNOWN,INJURY AND / OR TOW DUE TO CRASH,IRVING PARK RD,41.9542296409,-87.6812468061,POINT (-87.681246806111 41.954229640918)
O1559127,NON-MOTOR VEHICLE,1b582d3ab719f80bd01491668eea41a125b8628944b58cc10229af1bc66b97e180ddbd6c321d1102a9183e02dbb717ab083cec4f1215a2c79716625c0143df84,04/20/2023 03:41:00 PM,F,15.0,HELMET NOT USED,CROSSING - AGAINST SIGNAL,IN ROADWAY,TEST NOT OFFERED,,30,CLEAR,DAYLIGHT,OTHER OBJECT,NOT DIVIDED,STRAIGHT AND LEVEL,DRY,INJURY AND / OR TOW DUE TO CRASH,WESTERN AVE,41.9032004292,-87.6868850279,POINT (-87.686885027871 41.903200429191)
O1559214,NON-MOTOR VEHICLE,079bc5d97fcd23c75eb18368d30e5163679c977575f9321f62393025bc0e25bebb6b2f352851b96755e42f09e1c3d5f2ea98ec70edb3abcf763116df4521fb3f,04/20/2023 02:30:00 PM,M,19.0,NONE PRESENT,CROSSING - NO CONTROLS (NOT AT INTERSECTION),BIKEWAY,TEST NOT OFFERED,,30,CLEAR,DAYLIGHT,OTHER OBJECT,DIVIDED - W/MEDIAN (NOT RAISED),STRAIGHT AND LEVEL,DRY,INJURY AND / OR TOW DUE TO CRASH,CLYBOURN AVE,41.9203077887,-87.6623721949,POINT (-87.662372194942 41.920307788711)
O1558893,BICYCLE,6bfcd96451d25f9fab66089cb4bd12fa930a4f67e1679d336930f2de9ccce873136cca336d8fa7481d6c3fa982491f02e761211a7a1437ec025ac0cda86c33e1,04/20/2023 11:35:00 AM,M,36.0,BICYCLE HELMET (PEDACYCLIST INVOLVED ONLY),NO ACTION,BIKEWAY,TEST NOT OFFERED,,30,CLOUDY/OVERCAST,DAYLIGHT,PEDALCYCLIST,CENTER TURN LANE,STRAIGHT AND LEVEL,DRY,NO INJURY / DRIVE AWAY,CLARK ST,41.9417354272,-87.6519447555,POINT (-87.651944755475 41.941735427154)
O1558970,BICYCLE,8046b84bdae7d22ecf655663381c72e17b8a775c3aed234e9f9d7d0821e94f16598382de829c604f462c050c0eaa08eba900400c50ce0e7bb71973425eaad455,04/20/2023 09:44:00 AM,M,28.0,HELMET NOT USED,OTHER ACTION,BIKE LANE,TEST NOT OFFERED,,30,CLEAR,DAYLIGHT,PEDALCYCLIST,ONE-WAY,STRAIGHT AND LEVEL,DRY,INJURY AND / OR TOW DUE TO CRASH,RANDOLPH ST,41.8846081309,-87.625351202,POINT (-87.625351202033 41.884608130894)
O1558887,NON-MOTOR VEHICLE,f66fe4b3097acfc1b0854684f1d99ffa6219db4ee79ecf9244a5c763a699d07208c2428a17891b3b2e09b1d4c4c99ee43861d593d5989a6026679a0a44c3f309,04/19/2023 09:00:00 PM,F,20.0,NONE PRESENT,NO ACTION,UNKNOWN/NA,TEST NOT OFFERED,,30,CLEAR,"DARKNESS, LIGHTED ROAD",OTHER OBJECT,OTHER,STRAIGHT AND LEVEL,DRY,NO INJURY / DRIVE AWAY,40TH ST,41.8210627872,-87.6971951666,POINT (-87.697195166553 41.821062787177)
O1558486,BICYCLE,bfce8b092f549a5785e9249d266bb88960d2dc54a08717a09816bbcb4e5bf018aaafa89a92c28d8740add0424685bd5410dd302be51a440db1ff1ed74cdbbacb,04/19/2023 05:20:00 PM,F,0.0,BICYCLE HELMET (PEDACYCLIST INVOLVED ONLY),WITH TRAFFIC,BIKEWAY,TEST NOT OFFERED,,30,CLEAR,DAYLIGHT,PEDALCYCLIST,DIVIDED - W/MEDIAN (NOT RAISED),STRAIGHT AND LEVEL,DRY,NO INJURY / DRIVE AWAY,MILWAUKEE AVE,41.9419388632,-87.7287449255,POINT (-87.728744925493 41.94193886319)
O1566655,BICYCLE,0a41d1ce46b4912282df4f3d498a5bf75f52213a14743f80c9056605e6b8bad4edb535dd753f49f1679b4e8c621fb3603fb7f8b0097c0a9acb8a9ba2c96c06b8,04/19/2023 05:07:00 PM,M,24.0,HELMET NOT USED,WITH TRAFFIC,IN ROADWAY,TEST NOT OFFERED,,30,CLEAR,DAYLIGHT,PEDALCYCLIST,NOT DIVIDED,STRAIGHT AND LEVEL,DRY,INJURY AND / OR TOW DUE TO CRASH,DEARBORN ST,41.8843896038,-87.6295990986,POINT (-87.629599098569 41.884389603817)
O1609068,BICYCLE,0a41d1ce46b4912282df4f3d498a5bf75f52213a14743f80c9056605e6b8bad4edb535dd753f49f1679b4e8c621fb3603fb7f8b0097c0a9acb8a9ba2c96c06b8,04/19/2023 05:07:00 PM,M,24.0,HELMET NOT USED,WITH TRAFFIC,IN ROADWAY,TEST NOT OFFERED,,30,CLEAR,DAYLIGHT,PEDALCYCLIST,NOT DIVIDED,STRAIGHT AND LEVEL,DRY,INJURY AND / OR TOW DUE TO CRASH,DEARBORN ST,41.8843896038,-87.6295990986,POINT (-87.629599098569 41.884389603817)
O1558342,BICYCLE,b131d8e80f329ed77ed279badb1d3c60f06b108c7f63c71561d0be1fb4192b40d73127f8ce9a07d469b72534db2a5a73dae150ed35243c011b8743db4ff9568c,04/19/2023 01:45:00 PM,M,43.0,BICYCLE HELMET (PEDACYCLIST INVOLVED ONLY),CROSSING - NO CONTROLS (AT INTERSECTION),IN ROADWAY,TEST NOT OFFERED,,20,CLOUDY/OVERCAST,DAYLIGHT,PEDALCYCLIST,NOT DIVIDED,STRAIGHT AND LEVEL,UNKNOWN,NO INJURY / DRIVE AWAY,AVENUE M,41.7137743148,-87.5378379013,POINT (-87.537837901305 41.713774314783)
O1557801,BICYCLE,7f2973a58faf9f144e52c79548aea91aa80dd8215ff895e90aeb7d242f85ba69bfefea254d5cd34c6ed0e4090f95c2c5323705efab976001d0fff9ccb2f4f1ab,04/18/2023 05:00:00 PM,M,,HELMET NOT USED,UNKNOWN/NA,IN ROADWAY,TEST NOT OFFERED,,30,CLEAR,DAYLIGHT,PEDALCYCLIST,NOT DIVIDED,STRAIGHT AND LEVEL,DRY,NO INJURY / DRIVE AWAY,52ND ST,41.8009651378,-87.6026959329,POINT (-87.602695932875 41.800965137842)
O1557579,BICYCLE,5797ef617462310791cfc1f05782eefae94be1fd1d3ffb4fa75e2ffb63cd7ed99725095c5d3e17f192326d27062486ad07c97219b6df4bd0aad82ea22a01b57c,04/18/2023 07:20:00 AM,M,,HELMET NOT USED,WITH TRAFFIC,IN ROADWAY,TEST NOT OFFERED,,30,CLEAR,DAYLIGHT,PEDALCYCLIST,NOT DIVIDED,STRAIGHT AND LEVEL,DRY,NO INJURY / DRIVE AWAY,ADDISON ST,41.9457475747,-87.7685382793,POINT (-87.76853827934 41.945747574682)
O1561880,BICYCLE,38dad5f84c5f01e6ea58b08b2ed9fd24da369e9d85cd96b0b255571f67d7f2bcd2d5cb97e1db912145af4e65cdc607375ee721803c8938bfc7232eae012ca049,04/17/2023 07:38:00 AM,M,37.0,BICYCLE HELMET (PEDACYCLIST INVOLVED ONLY),TURNING LEFT,IN ROADWAY,TEST NOT OFFERED,,30,SNOW,DAYLIGHT,PEDALCYCLIST,FOUR WAY,STRAIGHT AND LEVEL,WET,INJURY AND / OR TOW DUE TO CRASH,IRVING PARK RD,41.9536520655,-87.7368649768,POINT (-87.736864976755 41.953652065486)
O1556398,NON-MOTOR VEHICLE,90106738790996a6cfd0f49401f37ec08be47da02696afe762d39827725d1c5012da3e8816ec9de4b8cf79d1497473ecfe8899def28fc76771c69109130ca835,04/16/2023 12:19:00 PM,,,,,,,,15,CLEAR,DAYLIGHT,FIXED OBJECT,ALLEY,STRAIGHT AND LEVEL,WET,NO INJURY / DRIVE AWAY,INDIANA AVE,41.7964015411,-87.621035113,POINT (-87.621035112965 41.796401541065)
O1556235,BICYCLE,79a547d827f3d21a487fdb57f3e38ee1b140ce0d34d5b8926e0c9ebe7945d796f39cc93d6907ef9fdc180849a50e5d4371722206474c4a515ba8d466e8e049b0,04/16/2023 10:56:00 AM,M,68.0,HELMET NOT USED,CROSSING - NO CONTROLS (NOT AT INTERSECTION),IN ROADWAY,TEST NOT OFFERED,,30,RAIN,DAYLIGHT,PEDALCYCLIST,NOT DIVIDED,STRAIGHT AND LEVEL,WET,INJURY AND / OR TOW DUE TO CRASH,42ND ST,41.8178185942,-87.6652512482,POINT (-87.66525124825 41.817818594235)
O1556148,NON-MOTOR VEHICLE,b753c55a3502a6483603cd04969055981baf593fcc9ad0400b4ae60c62ebc1302c93d05cc9bea550577e27145dae1e412fd0792ae5ebb0bf43603aeeca36e7a3,04/16/2023 07:45:00 AM,X,,USAGE UNKNOWN,UNKNOWN/NA,SHOULDER,TEST NOT OFFERED,,30,RAIN,DAYLIGHT,FIXED OBJECT,NOT DIVIDED,STRAIGHT AND LEVEL,WET,NO INJURY / DRIVE AWAY,MILWAUKEE AVE,41.9364327382,-87.7197104561,POINT (-87.719710456089 41.936432738247)
O1555933,BICYCLE,1cc8fd818d791b75588f6228857f077a42a49013fed4b5dd4932e250710670ead407334c3f2faf702104450869842aee7c538da6880b4c755c988a13b8852516,04/15/2023 10:57:00 PM,M,56.0,BICYCLE HELMET (PEDACYCLIST INVOLVED ONLY),CROSSING - WITH SIGNAL,IN ROADWAY,TEST NOT OFFERED,,30,CLEAR,"DARKNESS, LIGHTED ROAD",PEDALCYCLIST,FOUR WAY,STRAIGHT AND LEVEL,DRY,INJURY AND / OR TOW DUE TO CRASH,ARCHER AVE,41.847315045,-87.6465210344,POINT (-87.646521034427 41.847315044981)
O1555911,BICYCLE,74a96150ec56e3429bd034bd57e2990e715bd99924ca7a3a46f0c9cffec891870ce06ffdc8614da5bcf1c322fc57d1aa590468a3500aef15f6c88e29ec7f4983,04/15/2023 09:45:00 PM,M,,HELMET NOT USED,UNKNOWN/NA,UNKNOWN/NA,TEST NOT OFFERED,,35,CLEAR,DARKNESS,PEDALCYCLIST,FOUR WAY,STRAIGHT AND LEVEL,DRY,NO INJURY / DRIVE AWAY,SEDGWICK ST,41.9111602413,-87.638740951,POINT (-87.638740950988 41.911160241295)
O1556285,BICYCLE,39c0cd4322052ddd2e4b9a09747bc42b9bab592bcc94d0da2d0cb26a1fbdee97a91bbf1aed1346a4181d0a694350b1820c942b9c95714a0a93a9e08ae4e8c3b0,04/15/2023 08:00:00 PM,F,24.0,HELMET NOT USED,UNKNOWN/NA,UNKNOWN/NA,TEST NOT OFFERED,,30,CLEAR,"DARKNESS, LIGHTED ROAD",PEDALCYCLIST,FOUR WAY,STRAIGHT AND LEVEL,UNKNOWN,INJURY AND / OR TOW DUE TO CRASH,DIVERSEY AVE,41.9309925577,-87.7955288567,POINT (-87.795528856684 41.930992557711)
O1557725,BICYCLE,dd2a199f971eed15d383c887b2d170e0e3ed379b5e82d37b7bc46e4b6eb2a2708abfd8933fa6a6c468d65acf35cfbfddcb546ffb9f43368911283574230cde69,04/15/2023 03:58:00 PM,M,24.0,BICYCLE HELMET (PEDACYCLIST INVOLVED ONLY),CROSSING - CONTROLS PRESENT (NOT AT INTERSECTION),IN CROSSWALK,TEST NOT OFFERED,,30,CLEAR,DAYLIGHT,PEDALCYCLIST,NOT DIVIDED,STRAIGHT AND LEVEL,DRY,NO INJURY / DRIVE AWAY,HALSTED ST,41.8757713366,-87.6473210697,POINT (-87.647321069668 41.875771336631)