PERSON_ID,PERSON_TYPE,CRASH_RECORD_ID,CRASH_DATE_x,SEX,AGE,SAFETY_EQUIPMENT,PEDPEDAL_ACTION,PEDPEDAL_LOCATION,BAC_RESULT,CRASH_DATE_EST_I,POSTED_SPEED_LIMIT,WEATHER_CONDITION,LIGHTING_CONDITION,FIRST_CRASH_TYPE,TRAFFICWAY_TYPE,ALIGNMENT,ROADWAY_SURFACE_COND,CRASH_TYPE,STREET_NAME,LATITUDE,LONGITUDE,LOCATION
O1555728,BICYCLE,7f6b75004d6b0056787f0991aa161026314c35fe2cd2395675571122ed354495173ffe8a85f33d0a444514a52eba9b3ead026aac31828b1909e9687da85fb547,04/15/2023 03:44:00 PM,F,30.0,BICYCLE HELMET (PEDACYCLIST INVOLVED ONLY),NO ACTION,BIKEWAY,TEST NOT OFFERED,,30,CLEAR,DAYLIGHT,PEDALCYCLIST,NOT DIVIDED,STRAIGHT AND LEVEL,DRY,INJURY AND / OR TOW DUE TO CRASH,HALSTED ST,41.9189488512,-87.6483911318,POINT (-87.648391131824 41.918948851186)
O1555654,BICYCLE,d6872824ed34bd7608cc0c6dbec0746e5f7b37a50f1bc3793457c258df9417240e73ccc44c20416c065cb992f1e14f2e4b95a2387a0345091ab00ff398ae608b,04/15/2023 02:30:00 PM,M,28.0,HELMET NOT USED,CROSSING - NO CONTROLS (AT INTERSECTION),IN CROSSWALK,TEST NOT OFFERED,,30,CLEAR,DAYLIGHT,PEDALCYCLIST,NOT DIVIDED,STRAIGHT AND LEVEL,DRY,INJURY AND / OR TOW DUE TO CRASH,LAKE PARK AVE,41.800941976,-87.5876367922,POINT (-87.587636792157 41.800941975966)
O1555603,BICYCLE,a57d4761d63b4297d3fa1ab4ab832637b67bc273890b3a27b70f25a8c5eef81cc9b1d87a71bfee903a5597f0616e66f71057ad9cbe28439248dfef0dbefe801e,04/15/2023 01:53:00 PM,M,17.0,HELMET NOT USED,WITH TRAFFIC,IN ROADWAY,TEST NOT OFFERED,,30,CLEAR,DAYLIGHT,PEDALCYCLIST,NOT DIVIDED,STRAIGHT AND LEVEL,DRY,INJURY AND / OR TOW DUE TO CRASH,PULASKI RD,41.9167335176,-87.7266900414,POINT (-87.726690041368 41.91673351757)
O1555604,BICYCLE,a57d4761d63b4297d3fa1ab4ab832637b67bc273890b3a27b70f25a8c5eef81cc9b1d87a71bfee903a5597f0616e66f71057ad9cbe28439248dfef0dbefe801e,04/15/2023 01:53:00 PM,M,35.0,HELMET NOT USED,WITH TRAFFIC,IN ROADWAY,TEST NOT OFFERED,,30,CLEAR,DAYLIGHT,PEDALCYCLIST,NOT DIVIDED,STRAIGHT AND LEVEL,DRY,INJURY AND / OR TOW DUE TO CRASH,PULASKI RD,41.9167335176,-87.7266900414,POINT (-87.726690041368 41.91673351757)
O1555905,BICYCLE,39fe64e5f5153dd69bcba63c8495bd24c240442eb86f5d5bc55b40746e8ac8e642c303966727c10dd9450016ceed4584128be1a2774f054a96e36768fe38fc60,04/14/2023 07:28:00 PM,M,47.0,HELMET NOT USED,WITH TRAFFIC,IN ROADWAY,TEST NOT OFFERED,,30,CLEAR,"DARKNESS, LIGHTED ROAD",PEDALCYCLIST,DIVIDED - W/MEDIAN (NOT RAISED),STRAIGHT AND LEVEL,DRY,INJURY AND / OR TOW DUE TO CRASH,CALIFORNIA AVE,41.997649133,-87.6997926289,POINT (-87.699792628914 41.997649133049)
O1555140,BICYCLE,1cd433f4709f5cff48b4487f122e66d4d3a1b8d24a36a26d427fbbb16843b9d60b2bc92da3c2b8be7c76f89f614bda259c5114101bcc00ee582506bbad1f1d75,04/14/2023 05:00:00 PM,M,58.0,HELMET NOT USED,WITH TRAFFIC,UNKNOWN/NA,TEST NOT OFFERED,,30,CLEAR,DAYLIGHT,PEDALCYCLIST,ONE-WAY,STRAIGHT AND LEVEL,DRY,INJURY AND / OR TOW DUE TO CRASH,BERTEAU AVE,41.9577722868,-87.67355274,POINT (-87.673552739993 41.957772286845)
O1554986,BICYCLE,74cef6c6cd509c01b3027f2bbe2af2754acbc7e3916b3b8e62b85ced6e2cd25d9cd5f2352824bf6ee788bee2afa6d3d991423b92953761b7c9708842bbc45243,04/14/2023 03:29:00 PM,M,30.0,BICYCLE HELMET (PEDACYCLIST INVOLVED ONLY),CROSSING - AGAINST SIGNAL,BIKE LANE,TEST NOT OFFERED,,25,CLEAR,DAYLIGHT,PEDALCYCLIST,FOUR WAY,STRAIGHT AND LEVEL,DRY,INJURY AND / OR TOW DUE TO CRASH,WASHINGTON ST,41.883314692,-87.63547051,POINT (-87.635470509974 41.883314691963)
O1554907,BICYCLE,fd8f6821c1196759044b8ed8d12b494dda69f120b538735e88e5dcc2cc2fad6c14ed872da4974f2bd79f62cdad28d96c2d69bfaa4d6105e5bddff3f677bdccf8,04/14/2023 03:04:00 PM,M,66.0,HELMET NOT USED,WITH TRAFFIC,IN ROADWAY,TEST NOT OFFERED,,30,CLEAR,DAYLIGHT,PEDALCYCLIST,NOT DIVIDED,STRAIGHT AND LEVEL,DRY,INJURY AND / OR TOW DUE TO CRASH,PULASKI RD,41.8780218523,-87.7257267644,POINT (-87.72572676438 41.878021852294)
O1554991,BICYCLE,d7180854556bfcea56c7aa0c4c3e39c30dfa36d0122e3ae108bd74baa39710eb0f1af285c42455c057bead55901e14764eafa305173817af12cd42855be5f3a6,04/14/2023 02:10:00 PM,,,BICYCLE HELMET (PEDACYCLIST INVOLVED ONLY),CROSSING - CONTROLS PRESENT (NOT AT INTERSECTION),IN ROADWAY,TEST NOT OFFERED,,30,CLEAR,DAYLIGHT,PEDALCYCLIST,DIVIDED - W/MEDIAN BARRIER,STRAIGHT AND LEVEL,DRY,NO INJURY / DRIVE AWAY,DAMEN AVE,41.8941264196,-87.6771484158,POINT (-87.677148415822 41.89412641965)
O1554451,BICYCLE,7a60f2d3bc56383eef9bc1c7d5dacc914cb511676f266fa4900cfd898d22fcf699b33d21e493f89ae7421eedeaf234df3b6e46b50acbf708bc09ad48b9ae214b,04/13/2023 09:24:00 PM,M,42.0,HELMET NOT USED,OTHER ACTION,IN ROADWAY,TEST NOT OFFERED,,30,CLEAR,"DARKNESS, LIGHTED ROAD",PEDALCYCLIST,DIVIDED - W/MEDIAN (NOT RAISED),STRAIGHT AND LEVEL,DRY,INJURY AND / OR TOW DUE TO CRASH,MADISON ST,41.8804609992,-87.7388965773,POINT (-87.738896577257 41.880460999176)
O1554343,BICYCLE,90594e4ff08da6a11289974d5dba909645b5cb9fc57c7281c3a8361a5d23e843b0592bcd68d8ce3cce72eb4e98f5776ff20d23ecb2bdbf982311e72e0e85bb77,04/13/2023 06:22:00 PM,M,32.0,BICYCLE HELMET (PEDACYCLIST INVOLVED ONLY),WITH TRAFFIC,BIKEWAY,TEST NOT OFFERED,,30,CLEAR,DAYLIGHT,PEDALCYCLIST,ONE-WAY,STRAIGHT AND LEVEL,DRY,INJURY AND / OR TOW DUE TO CRASH,ARDMORE AVE,41.9872309112,-87.6562268367,POINT (-87.656226836655 41.987230911246)
O1557220,BICYCLE,0f8f00f98b1955d033c466400c9c3f4438454a473d4106ee99c52195749c61e6d5e6d540e24a1e466c52638571d22425af7b5cd7b9c9e6f0103c7f3ca44186b6,04/13/2023 06:00:00 PM,M,30.0,HELMET NOT USED,CROSSING - WITH SIGNAL,IN CROSSWALK,TEST NOT OFFERED,,30,UNKNOWN,UNKNOWN,PEDALCYCLIST,NOT DIVIDED,STRAIGHT AND LEVEL,UNKNOWN,NO INJURY / DRIVE AWAY,RANDOLPH ST,41.8845380426,-87.6441327462,POINT (-87.644132746185 41.884538042597)
O1554366,BICYCLE,2e923feec4339d0eed7db6b4f4bd809afdcceee32b4cac02096e40872455482e5faa0100994ad79791c46f8f611eb289e6a684f7c50d47f6d9bdb01ab049bb5b,04/13/2023 06:00:00 PM,F,33.0,BICYCLE HELMET (PEDACYCLIST INVOLVED ONLY),CROSSING - NO CONTROLS (NOT AT INTERSECTION),IN CROSSWALK,TEST NOT OFFERED,,35,CLEAR,DAYLIGHT,PEDALCYCLIST,T-INTERSECTION,STRAIGHT AND LEVEL,DRY,INJURY AND / OR TOW DUE TO CRASH,COLES AVE,41.766191215,-87.5647703042,POINT (-87.564770304214 41.766191214981)
O1554911,BICYCLE,b66e10c685396a48ee7dee1ece1ba59c36060d6a9af88d9d6f7102b4f32b4f334cdcc3e38e5b83303b5627c8c927fe1e2254ffe919673a0efbca56c30efaa4be,04/13/2023 05:30:00 PM,M,15.0,HELMET NOT USED,UNKNOWN/NA,UNKNOWN/NA,TEST NOT OFFERED,,30,CLEAR,DAYLIGHT,PEDALCYCLIST,DIVIDED - W/MEDIAN (NOT RAISED),STRAIGHT AND LEVEL,DRY,NO INJURY / DRIVE AWAY,DAMEN AVE,41.9649978338,-87.6789339991,POINT (-87.678933999109 41.964997833833)
O1554161,BICYCLE,a38f0acc38e73ea313ffdd36ff8cb14d8bcb7851805c003ec585a6a0d641d0808f0573a157e5e793cf5d11d1b65d32711f2fd5bd5bef2b131a188a44e16b5cc0,04/13/2023 03:58:00 PM,M,27.0,HELMET NOT USED,PARKED VEHICLE,IN ROADWAY,TEST NOT OFFERED,,30,CLEAR,DAYLIGHT,PARKED MOTOR VEHICLE,NOT DIVIDED,STRAIGHT AND LEVEL,DRY,NO INJURY / DRIVE AWAY,WABASH AVE,41.8714476425,-87.6257814491,POINT (-87.625781449142 41.871447642507)
O1554114,BICYCLE,e1ca89023834e8844d7d444b81674b79340d180e8fe14d2f3abe4dffa6842598555dcf3dd2f242564020c5eddffc6368ad53fd69a1ace0ec4f92895badf22f2f,04/13/2023 03:38:00 PM,F,11.0,HELMET NOT USED,CROSSING - WITH SIGNAL,IN CROSSWALK,TEST NOT OFFERED,,30,CLEAR,DAYLIGHT,PEDALCYCLIST,NOT DIVIDED,STRAIGHT AND LEVEL,DRY,INJURY AND / OR TOW DUE TO CRASH,NORTHWEST HWY,42.0025814331,-87.8160703608,POINT (-87.816070360799 42.00258143309)
O1554098,BICYCLE,3f58ca4b3cdc7b9ce25c5805b76550bc8d8ac8f9ba14ebd7134b0a1a2edb4428cd42286b0a59d7d62a61eec9bd2cafed34dd5192b1fa4af724de66e4d05d8e7b,04/13/2023 02:19:00 PM,M,30.0,HELMET NOT USED,CROSSING - AGAINST SIGNAL,IN ROADWAY,TEST NOT OFFERED,,30,CLEAR,DAYLIGHT,PEDALCYCLIST,FOUR WAY,STRAIGHT AND LEVEL,DRY,INJURY AND / OR TOW DUE TO CRASH,MONTROSE AVE,41.9614246429,-87.6885411202,POINT (-87.688541120172 41.961424642893)
O1553997,BICYCLE,9766832fd4b5dd26f2ea0c60e7cfd75465236f51440b821dc187ce8a8b9cde0b82208a3f4ad63f1ea928fdaf9ad08a444c1b39ddbcfdc745ddac0826a5c801e7,04/13/2023 12:40:00 PM,M,24.0,HELMET NOT USED,WITH TRAFFIC,IN ROADWAY,TEST NOT OFFERED,,30,CLEAR,DAYLIGHT,PEDALCYCLIST,NOT DIVIDED,STRAIGHT AND LEVEL,DRY,INJURY AND / OR TOW DUE TO CRASH,CLYBOURN AVE,41.9149060261,-87.6553005443,POINT (-87.655300544332 41.914906026113)
O1553876,BICYCLE,cac0d083874b36519ab2e7f750593374df678661f6987ba72fbee1144211bb0d5021c31b74ebc4dfbc0ceee61d5a6727d8581c0d2f61206bb1735aad7d08763d,04/13/2023 08:19:00 AM,F,47.0,HELMET NOT USED,CROSSING - NO CONTROLS (AT INTERSECTION),IN ROADWAY,TEST NOT OFFERED,,30,CLEAR,DAYLIGHT,PEDALCYCLIST,T-INTERSECTION,STRAIGHT AND LEVEL,DRY,INJURY AND / OR TOW DUE TO CRASH,DAMEN AVE,41.9677869645,-87.6793051269,POINT (-87.679305126868 41.967786964485)
O1553732,NON-MOTOR VEHICLE,453f57aff71d75da9be23788d292e889c87d699bd7e25b68dced281b614087fc82d13d9bf3817850e9824fdc9116a628e8558c5771e8f462363257e31043087e,04/12/2023 11:26:00 PM,,,,,,,,30,CLEAR,"DARKNESS, LIGHTED ROAD",OTHER NONCOLLISION,NOT DIVIDED,STRAIGHT AND LEVEL,DRY,NO INJURY / DRIVE AWAY,GRACE ST,41.9509432997,-87.6588757067,POINT (-87.65887570669 41.950943299651)
O1553709,BICYCLE,591a79ec16e7143c90c9f3d73f436ae6161a8059bca5f749029d5f6b7d3cbd55033d181c041f7f3a8c7ca57d51a08324e35c805b540bc66b7f9e655b859361e3,04/12/2023 10:30:00 PM,M,53.0,HELMET NOT USED,WITH TRAFFIC,IN ROADWAY,TEST NOT OFFERED,,30,CLEAR,"DARKNESS, LIGHTED ROAD",PEDALCYCLIST,ONE-WAY,STRAIGHT AND LEVEL,DRY,NO INJURY / DRIVE AWAY,ARDMORE AVE,41.9879852903,-87.6643757369,POINT (-87.664375736883 41.987985290294)
O1553704,NON-MOTOR VEHICLE,61b50b47bda2650e1f158d18fd5ab6707f7bcb97458f2e357812d058c13bafd9c1cfb3bec0bcd410e7c5cbe389500ffd3c68fdf91e8e9db2d2871f2afe302095,04/12/2023 10:00:00 PM,F,29.0,NONE PRESENT,WITH TRAFFIC,BIKE LANE,TEST NOT OFFERED,Y,30,CLEAR,"DARKNESS, LIGHTED ROAD",OTHER OBJECT,NOT DIVIDED,STRAIGHT AND LEVEL,DRY,NO INJURY / DRIVE AWAY,DIVERSEY AVE,41.9321265564,-87.7088649331,POINT (-87.708864933126 41.932126556366)
O1553581,BICYCLE,0da22a8db8904c602c56e3c62c9704b211b44cf65d43df43aa740f477fc6d5df82c34d1bbf660d8e8946d2da345cb1258a64dcc5b19651ef3ed935c6a2acabc9,04/12/2023 06:16:00 PM,M,16.0,HELMET NOT USED,NO ACTION,IN ROADWAY,TEST NOT OFFERED,,35,CLEAR,DAYLIGHT,PEDALCYCLIST,CENTER TURN LANE,STRAIGHT AND LEVEL,DRY,INJURY AND / OR TOW DUE TO CRASH,ARCHER AVE,41.8229096789,-87.6900973342,POINT (-87.690097334163 41.822909678928)
O1553614,BICYCLE,bd0258378b34b4f23534c2afe3c5cae6a4da3083d9fccc4023429659f43aef37e5e6092e0f419427fd6e2d85eab197183d02d45fe959615897f47d594158c3c9,04/12/2023 06:16:00 PM,M,23.0,HELMET NOT USED,UNKNOWN/NA,IN CROSSWALK,TEST NOT OFFERED,,15,CLEAR,DAYLIGHT,PEDALCYCLIST,ALLEY,STRAIGHT AND LEVEL,DRY,INJURY AND / OR TOW DUE TO CRASH,BLUE ISLAND AVE,41.8467918254,-87.6806281011,POINT (-87.680628101114 41.846791825412)
O1558574,BICYCLE,4581be087d638e70cd9ed751b0deb9a55613ba30857db79502a1265deac3aa8f021809dfd3b61e9e33095ce5df4357e63c47be012386678f918d842543c34793,04/12/2023 05:50:00 PM,M,28.0,BICYCLE HELMET (PEDACYCLIST INVOLVED ONLY),WITH TRAFFIC,IN ROADWAY,TEST NOT OFFERED,,30,CLEAR,DAYLIGHT,PEDALCYCLIST,NOT DIVIDED,STRAIGHT AND LEVEL,UNKNOWN,NO INJURY / DRIVE AWAY,HERMITAGE AVE,41.9686391523,-87.6724454395,POINT (-87.672445439544 41.968639152309)
O1553657,BICYCLE,06465712426c9560ac09ec675d9a8b3225792e6f1d31c3f5e24eda83b772ab9b7e916084c06f8a1d5fcc56f446a8fe002539867dff3c9efb6b27d660a8bf47d1,04/12/2023 05:34:00 PM,M,35.0,HELMET NOT USED,CROSSING - NO CONTROLS (AT INTERSECTION),IN CROSSWALK,TEST NOT OFFERED,,30,CLEAR,DAYLIGHT,PEDALCYCLIST,DIVIDED - W/MEDIAN (NOT RAISED),STRAIGHT ON GRADE,DRY,INJURY AND / OR TOW DUE TO CRASH,BELMONT AVE,41.9393118171,-87.6931185407,POINT (-87.693118540684 41.939311817093)
O1553533,BICYCLE,1bb5e0ca59b3ebf2f8ccde30e59906714d5ac9b34bb2269d51ec91d70929882d179d7abec2d7c2f17427b854c1dad102b66e08a2e9315645d856c37dd0f0ef9f,04/12/2023 04:10:00 PM,M,,HELMET NOT USED,CROSSING - NO CONTROLS (AT INTERSECTION),IN ROADWAY,TEST NOT OFFERED,,25,CLEAR,DAYLIGHT,PEDALCYCLIST,NOT DIVIDED,STRAIGHT AND LEVEL,DRY,NO INJURY / DRIVE AWAY,PALATINE AVE,41.9956567315,-87.7875609425,POINT (-87.787560942512 41.995656731543)
O1553479,BICYCLE,11b5d16b30c36e959565dac3aad272470dd8bb140fe253bae231b7f8417eb0ee884a2ae4563ab9155d70721906f648f8f559e145a1c511884d0dbc2fe22a9206,04/12/2023 02:30:00 PM,M,60.0,HELMET NOT USED,CROSSING - WITH SIGNAL,IN CROSSWALK,TEST NOT OFFERED,,30,CLEAR,DAYLIGHT,PEDALCYCLIST,ONE-WAY,STRAIGHT AND LEVEL,DRY,NO INJURY / DRIVE AWAY,OGLESBY AVE,41.7518044413,-87.5675983403,POINT (-87.567598340309 41.751804441287)
O1553387,BICYCLE,5cb8f97550fc128a6376950e3bf2c1641075f402d626758d11317b6a827ce60a8f84e731876e81275980d59d115885c8902554278490d18345149bbf39a6687d,04/12/2023 01:55:00 PM,M,13.0,HELMET NOT USED,CROSSING - NO CONTROLS (AT INTERSECTION),IN ROADWAY,TEST NOT OFFERED,,30,CLEAR,DAYLIGHT,PEDALCYCLIST,DIVIDED - W/MEDIAN (NOT RAISED),STRAIGHT AND LEVEL,UNKNOWN,INJURY AND / OR TOW DUE TO CRASH,CLAREMONT AVE,42.0123600971,-87.6890543984,POINT (-87.689054398445 42.012360097085)
O1553255,BICYCLE,e84dc4f06eba46f368f05b669aeaf334de94c7fa352e9a5b30ae8119895e6478e5f8d207e536787d21143c34cec404461963b77c5433e113946a309c6f26148b,04/12/2023 11:37:00 AM,F,35.0,BICYCLE HELMET (PEDACYCLIST INVOLVED ONLY),WITH TRAFFIC,BIKE LANE,TEST NOT OFFERED,Y,30,CLEAR,DAYLIGHT,PEDALCYCLIST,NOT DIVIDED,STRAIGHT AND LEVEL,DRY,INJURY AND / OR TOW DUE TO CRASH,DAMEN AVE,41.9496422163,-87.6787778767,POINT (-87.678777876665 41.949642216331)
O1568115,NON-MOTOR VEHICLE,9eabefc95a6f3b8a6eddecd3a0a64b11682dc7d9bfaa53896aad8a4d75902ffa9bc98feb3ce7d17dc8652651da401ad4c7dd898a342c3d63587e3aa919593492,04/12/2023 09:55:00 AM,M,30.0,NONE PRESENT,UNKNOWN/NA,NOT IN ROADWAY,TEST NOT OFFERED,,30,CLEAR,DAYLIGHT,OTHER OBJECT,PARKING LOT,STRAIGHT AND LEVEL,DRY,NO INJURY / DRIVE AWAY,WESTERN AVE,42.019062458,-87.690326528,POINT (-87.690326528045 42.019062458003)
O1553065,BICYCLE,c5c1345bffbf3aa86302a04c7c11631c17d298049a594382bb93cc00de2eb2c8a3732d83a423905a9f4e1abd335d1301b4d1bf6e1da65a120bf7a2bf4d470983,04/12/2023 08:00:00 AM,M,33.0,BICYCLE HELMET (PEDACYCLIST INVOLVED ONLY),NO ACTION,BIKE LANE,TEST NOT OFFERED,,25,CLEAR,DAYLIGHT,PEDALCYCLIST,NOT DIVIDED,STRAIGHT AND LEVEL,DRY,INJURY AND / OR TOW DUE TO CRASH,LINCOLN AVE,41.9267447187,-87.6507899802,POINT (-87.650789980201 41.926744718707)
O1555868,BICYCLE,afa07136da22b8ec58f7a0ca1bdb40d9bbf46ce6731fda89c0340b7222f068b72538fea4e798b5c09ae9280c339e5a2d876d1196ad88ac22d3de2b7a98b31aa4,04/11/2023 08:15:00 PM,M,35.0,HELMET NOT USED,CROSSING - NO CONTROLS (AT INTERSECTION),IN CROSSWALK,TEST NOT OFFERED,,30,CLEAR,"DARKNESS, LIGHTED ROAD",PEDALCYCLIST,RAMP,STRAIGHT AND LEVEL,DRY,INJURY AND / OR TOW DUE TO CRASH,LAKE SHORE DR SB,41.9764370125,-87.6507034791,POINT (-87.650703479122 41.976437012453)
O1552857,BICYCLE,00f21ec8bb82353055ee75f7ff38c8494293566a3991c1673f7ac85d4144b10ce7ee725d2eb6d5559349c403e8167700b9bc5e11b8cc0bacce1e6bd9e49a86cd,04/11/2023 06:17:00 PM,M,42.0,BICYCLE HELMET (PEDACYCLIST INVOLVED ONLY),OTHER ACTION,BIKE LANE,TEST NOT OFFERED,,25,CLEAR,DAYLIGHT,PEDALCYCLIST,FOUR WAY,STRAIGHT AND LEVEL,DRY,INJURY AND / OR TOW DUE TO CRASH,ERIE ST,41.8932652687,-87.6477317385,POINT (-87.64773173853 41.893265268726)
O1552614,BICYCLE,d9febf3b5d103a98927738dc6dcc87dfe0676cf8d4411b6f4d144950c504dace8e21d3a6194405fa6fe9a7bce0fc3683132eb4c5a9ba2e19008042008195e748,04/11/2023 02:45:00 PM,M,,BICYCLE HELMET (PEDACYCLIST INVOLVED ONLY),WITH TRAFFIC,BIKE LANE,TEST NOT OFFERED,,30,CLEAR,DAYLIGHT,PEDALCYCLIST,T-INTERSECTION,STRAIGHT AND LEVEL,DRY,NO INJURY / DRIVE AWAY,HALSTED ST,41.8542302415,-87.6463916147,POINT (-87.646391614681 41.854230241516)
O1552093,BICYCLE,857c43f80c1c73b995968460483c2c7ec5237f41bc1c36e96e9506dbb45dee16018b54f4ef806714dc7406c2fb0bd61f0d2e5f8e5061f0a0e03086970bd4137b,04/10/2023 05:45:00 PM,M,16.0,HELMET NOT USED,OTHER ACTION,UNKNOWN/NA,TEST NOT OFFERED,,15,CLEAR,DAYLIGHT,PEDALCYCLIST,ALLEY,STRAIGHT AND LEVEL,DRY,INJURY AND / OR TOW DUE TO CRASH,BELMONT AVE,41.9391902861,-87.710502973,POINT (-87.710502973026 41.939190286086)
O1552671,BICYCLE,d2e3fb9c43a04cb65755caf65f27de68220217e16ae452c1ef80b328999fcd68f9272d944b8193ada3b8f93426efea6e65260a4231d0e3b24e88148ac5b3e291,04/10/2023 04:15:00 PM,M,26.0,BICYCLE HELMET (PEDACYCLIST INVOLVED ONLY),WITH TRAFFIC,BIKE LANE,TEST NOT OFFERED,,20,CLEAR,DAYLIGHT,PEDALCYCLIST,FOUR WAY,STRAIGHT AND LEVEL,DRY,NO INJURY / DRIVE AWAY,KEDZIE AVE,41.9027857301,-87.7066414144,POINT (-87.70664141436 41.902785730071)
O1551955,BICYCLE,3ca9487a985613134f90d4ac3b5ea83a020cb2774e5af9684a7984a9f6e5bd23e5d806a8c2f70299a839d374e2b3b4c162111022ac21464107702b83e8b85ec8,04/10/2023 03:19:00 PM,M,,HELMET NOT USED,UNKNOWN/NA,UNKNOWN/NA,TEST NOT OFFERED,,30,CLEAR,DAYLIGHT,PEDALCYCLIST,UNKNOWN,STRAIGHT AND LEVEL,DRY,NO INJURY / DRIVE AWAY,EVANS AVE,41.8144795491,-87.6084550514,POINT (-87.608455051394 41.814479549147)
O1550940,BICYCLE,b363642f944e9801808eaa145f831acadeef659f687fddec45178f859b5405a984d60c5d03c785649b2c6874f2d831ead931cfb6a1822cbce8a8cc9a81960d2e,04/08/2023 08:50:00 PM,M,24.0,HELMET NOT USED,CROSSING - WITH SIGNAL,BIKE LANE,TEST NOT OFFERED,,30,CLEAR,"DARKNESS, LIGHTED ROAD",PEDESTRIAN,ONE-WAY,STRAIGHT AND LEVEL,DRY,INJURY AND / OR TOW DUE TO CRASH,RANDOLPH ST,41.884584272,-87.6244702969,POINT (-87.624470296902 41.884584272017)
O1550916,BICYCLE,8964b0582cd263b190a39b01339bd29c8622eefdf65f9d98ccbb8f0eca46ea3fcfe16ac2f66f1bc64e8a6fbe2840894cfc5bf1635669f0c803f2ff846fd45258,04/08/2023 07:23:00 PM,F,43.0,HELMET NOT USED,CROSSING - WITH SIGNAL,IN CROSSWALK,TEST NOT OFFERED,,35,CLEAR,DAYLIGHT,PEDALCYCLIST,DIVIDED - W/MEDIAN (NOT RAISED),STRAIGHT AND LEVEL,DRY,INJURY AND / OR TOW DUE TO CRASH,21ST ST,41.8539887827,-87.6857946835,POINT (-87.685794683493 41.853988782719)
O1551450,BICYCLE,2826bbbca9b2611d9fee9bf9731f0b23cb7293f8922bc3cdf822804869711b82c60f6bf9f9442a2e9cda7043184229bb95ddcfe21b3f4c6f5cd53ab06498d990,04/08/2023 06:00:00 PM,M,15.0,HELMET NOT USED,OTHER ACTION,NOT IN ROADWAY,TEST NOT OFFERED,,15,CLEAR,DAYLIGHT,PEDALCYCLIST,ALLEY,STRAIGHT AND LEVEL,UNKNOWN,INJURY AND / OR TOW DUE TO CRASH,WESTERN AVE,41.9972465307,-87.6897199827,POINT (-87.689719982736 41.997246530681)
O1550758,BICYCLE,9b425a17e95cff747c6ced520d8dd86fa2d76c932ccd2c8d9fb5889dd90916eb0ba5ae07653a32d6a9c31365d8aa3d680c02110fbf35e48bda709dad197d6579,04/08/2023 03:10:00 PM,F,6.0,BICYCLE HELMET (PEDACYCLIST INVOLVED ONLY),ENTER FROM DRIVE/ALLEY,IN CROSSWALK,TEST NOT OFFERED,,10,CLEAR,DAYLIGHT,PEDALCYCLIST,ALLEY,STRAIGHT AND LEVEL,DRY,NO INJURY / DRIVE AWAY,36TH ST,41.8290621083,-87.6271656778,POINT (-87.62716567775 41.829062108269)
O1551291,BICYCLE,5be21a6ab04383a4ec504381758c8bfb380438af9366a2a30f9ebee84b5abfd2364c8ca1c80ae8be4d8d2e4398030f1e0dcfd81b19e4a33aa46467e1ef99efce,04/08/2023 01:08:00 PM,M,27.0,BICYCLE HELMET (PEDACYCLIST INVOLVED ONLY),PARKED VEHICLE,IN ROADWAY,TEST NOT OFFERED,,30,CLEAR,DAYLIGHT,PEDALCYCLIST,NOT DIVIDED,STRAIGHT AND LEVEL,DRY,INJURY AND / OR TOW DUE TO CRASH,DAMEN AVE,41.9119671894,-87.6776457907,POINT (-87.677645790716 41.911967189399)
O1550345,BICYCLE,d4eef2e73713a96eaf1e65933087934c66d084296eb53602ef6491418ea45392f8f4ba1f6922bff77132853a2943e2789e8ae6d0b991da3d9f11c7aa92572f29,04/07/2023 06:27:00 PM,M,16.0,BICYCLE HELMET (PEDACYCLIST INVOLVED ONLY),UNKNOWN/NA,IN ROADWAY,TEST NOT OFFERED,,30,CLEAR,DAYLIGHT,PEDALCYCLIST,NOT DIVIDED,STRAIGHT AND LEVEL,DRY,NO INJURY / DRIVE AWAY,CENTRAL AVE,41.9231020299,-87.765810802,POINT (-87.765810801961 41.92310202986)
O1550258,BICYCLE,6eaa6b05993fdfdddc0d9109eabd02dd217c4437e65b6f53033b405030e4173394b8694b84460a0c134300132d134b62b62ac4719089a86dc42fbf55a9d96e53,04/07/2023 04:30:00 PM,M,34.0,BICYCLE HELMET (PEDACYCLIST INVOLVED ONLY),WITH TRAFFIC,BIKEWAY,TEST NOT OFFERED,,30,CLEAR,DAYLIGHT,PEDALCYCLIST,DIVIDED - W/MEDIAN (NOT RAISED),STRAIGHT AND LEVEL,DRY,INJURY AND / OR TOW DUE TO CRASH,KINZIE ST,41.8891639278,-87.6421345297,POINT (-87.642134529688 41.889163927794)
O1550211,BICYCLE,ba75a4a7f7b44f186af5be76743079afb2a2b550cf8dbb64bb5628b55611bc471f198f68abb651b9cf9579c15f142e7a7640dba56ce3ba879466e7124ad4d73c,04/07/2023 01:50:00 PM,M,29.0,HELMET NOT USED,TURNING LEFT,IN ROADWAY,TEST NOT OFFERED,,30,CLEAR,DAYLIGHT,PEDALCYCLIST,DIVIDED - W/MEDIAN (NOT RAISED),STRAIGHT AND LEVEL,DRY,INJURY AND / OR TOW DUE TO CRASH,MICHIGAN AVE,41.8991675625,-87.6242736573,POINT (-87.624273657334 41.899167562535)