PERSON_ID,PERSON_TYPE,CRASH_RECORD_ID,CRASH_DATE_x,SEX,AGE,SAFETY_EQUIPMENT,PEDPEDAL_ACTION,PEDPEDAL_LOCATION,BAC_RESULT,CRASH_DATE_EST_I,POSTED_SPEED_LIMIT,WEATHER_CONDITION,LIGHTING_CONDITION,FIRST_CRASH_TYPE,TRAFFICWAY_TYPE,ALIGNMENT,ROADWAY_SURFACE_COND,CRASH_TYPE,STREET_NAME,LATITUDE,LONGITUDE,LOCATION
O1549930,BICYCLE,cf920b51004273970462e6e26407b1fd01ca6eded5dd36cc6f7d6b9046938b7b514ec1074ab26b8b7e90357981666686edf5ca876bd6c578db6d096eb1f556db,04/07/2023 08:40:00 AM,M,68.0,HELMET NOT USED,CROSSING - WITH SIGNAL,IN CROSSWALK,TEST NOT OFFERED,,30,CLEAR,DAYLIGHT,PEDALCYCLIST,FOUR WAY,STRAIGHT AND LEVEL,DRY,INJURY AND / OR TOW DUE TO CRASH,IRVING PARK RD,41.9536362981,-87.7382130055,POINT (-87.738213005458 41.953636298117)
O1550521,BICYCLE,121be0214a16e589b13b405745d141c33885eaa7e3e12b2ebb4bb26a614a6eebcccb9a45f6166e99741888994b56c380f8dd8895fcc7554828b961a1a3245c8d,04/06/2023 06:20:00 PM,M,27.0,BICYCLE HELMET (PEDACYCLIST INVOLVED ONLY),WITH TRAFFIC,BIKEWAY,TEST NOT OFFERED,,25,CLEAR,"DARKNESS, LIGHTED ROAD",PEDALCYCLIST,DIVIDED - W/MEDIAN (NOT RAISED),STRAIGHT AND LEVEL,DRY,INJURY AND / OR TOW DUE TO CRASH,FULTON MARKET,41.8869113507,-87.6458637605,POINT (-87.645863760512 41.886911350738)
O1550166,BICYCLE,c3581b4f164f717d5deca241549a2e8ca1336b4d48a48d467ddbb53bd4cdbf66d3075fbbce0b6a15a4882d92cb1184136e700b93686e919d0481f9bbe5d5acb4,04/06/2023 04:50:00 PM,M,,HELMET NOT USED,CROSSING - AGAINST SIGNAL,IN ROADWAY,TEST NOT OFFERED,,30,CLEAR,DAYLIGHT,PEDALCYCLIST,DIVIDED - W/MEDIAN (NOT RAISED),STRAIGHT AND LEVEL,DRY,NO INJURY / DRIVE AWAY,ARCHER AVE,41.8510273907,-87.6388934799,POINT (-87.63889347987 41.851027390659)
O1548902,BICYCLE,94ad96be1874390f26264628e22d071f08f5dd1b8e43409eb0ded5fa3f936e68a1256b6affdfa2807fff40921a00d0c6f40ed8bc688a0aa3e07f66b9436ff582,04/05/2023 11:34:00 AM,M,35.0,BICYCLE HELMET (PEDACYCLIST INVOLVED ONLY),CROSSING - AGAINST SIGNAL,IN ROADWAY,TEST NOT OFFERED,,35,CLEAR,DAYLIGHT,PEDALCYCLIST,FOUR WAY,STRAIGHT AND LEVEL,DRY,NO INJURY / DRIVE AWAY,HYDE PARK BLVD,41.8026472484,-87.5838403085,POINT (-87.58384030849 41.8026472484)
O1548740,NON-MOTOR VEHICLE,01f123caf770b1b75657bc18ee1934ae319c21aad9a68accbdf42139b93df3468b8460cc88657fa38110e0411cde4c1a9e6b03eaf626fea29419b97a7623c3b1,04/05/2023 02:26:00 AM,,,NONE PRESENT,,,,,30,RAIN,DARKNESS,OTHER OBJECT,ONE-WAY,STRAIGHT AND LEVEL,WET,NO INJURY / DRIVE AWAY,HERMITAGE AVE,41.9934353492,-87.6732307237,POINT (-87.67323072372 41.993435349174)
O1548604,NON-MOTOR VEHICLE,648004650d3e5035c00dfefe088134b828c05d7e464178c82ab6cabb433bf3b3b956b7a4153e03d6ebe9f4d3e7b93f398afbb4e870d2c1a08b2794aab3b2e963,04/04/2023 07:41:00 PM,,,,,,,,30,CLEAR,"DARKNESS, LIGHTED ROAD",FIXED OBJECT,DIVIDED - W/MEDIAN BARRIER,STRAIGHT AND LEVEL,DRY,NO INJURY / DRIVE AWAY,LARAMIE AVE,41.8855754612,-87.7551107024,POINT (-87.755110702418 41.885575461192)
O1548628,BICYCLE,d5f4665a9ff70bf2192a4688459f71eb133e4580fcd9e04b992cb37b72e17871698222df0a323628efc545295fd49661772e0260b7e7f14d8a39600dd9771324,04/04/2023 06:50:00 PM,M,14.0,HELMET NOT USED,CROSSING - CONTROLS PRESENT (NOT AT INTERSECTION),IN CROSSWALK,,N,25,CLOUDY/OVERCAST,DAYLIGHT,PEDALCYCLIST,DIVIDED - W/MEDIAN BARRIER,STRAIGHT AND LEVEL,WET,INJURY AND / OR TOW DUE TO CRASH,EBERHART AVE,41.6590422389,-87.6105003571,POINT (-87.610500357093 41.659042238863)
O1548383,BICYCLE,f6cdd512e64d7251e8a4aa82a724e56b116f01ebfa0e94bbd1fb00474a0a8a6e60b777a04eca6c9b65216ef01ead6b97b9d0ebc4e329fc4e8722b734336bd1c5,04/04/2023 01:50:00 PM,F,23.0,HELMET NOT USED,WITH TRAFFIC,IN ROADWAY,TEST NOT OFFERED,,30,RAIN,DAYLIGHT,PEDALCYCLIST,NOT DIVIDED,STRAIGHT AND LEVEL,WET,INJURY AND / OR TOW DUE TO CRASH,WELLINGTON AVE,41.9364265172,-87.6516921972,POINT (-87.651692197192 41.936426517165)
O1548205,BICYCLE,c50c0599bf26a2fdffbd4b94f64d455fc1a201b321facb7972959b38bf1b775fcbf0979dcc820eacb45e6532c9cb9f5f53981ddcbf712bc360a6cbfd79f3f89e,04/04/2023 08:20:00 AM,M,17.0,HELMET NOT USED,CROSSING - NO CONTROLS (NOT AT INTERSECTION),BIKE LANE,TEST NOT OFFERED,,30,CLEAR,DAYLIGHT,PEDALCYCLIST,ONE-WAY,STRAIGHT AND LEVEL,DRY,INJURY AND / OR TOW DUE TO CRASH,MANGO AVE,41.9274880059,-87.7696142943,POINT (-87.769614294314 41.927488005933)
O1548156,BICYCLE,da67e640aa3660b5ac8ff7d3adf97bee882b64201c66e29cfece09738411d3416c1bc1387ab69d572adaee0e8e64c6e19400291cdf23cd457dfb9a66aecdc99e,04/04/2023 05:02:00 AM,M,25.0,BICYCLE HELMET (PEDACYCLIST INVOLVED ONLY),CROSSING - WITH SIGNAL,IN CROSSWALK,TEST NOT OFFERED,,25,RAIN,"DARKNESS, LIGHTED ROAD",PEDALCYCLIST,FOUR WAY,STRAIGHT AND LEVEL,WET,INJURY AND / OR TOW DUE TO CRASH,RUSH ST,41.89672111,-87.6257716931,POINT (-87.625771693137 41.896721110026)
O1548420,BICYCLE,43642e87c316a6293c609d77bc846668dbc3fcc27935589f3c181545ae3673eeb12495184ea290b31d786b098cf00c6b2bee38ad73beed789f88f8ca3924b01c,04/03/2023 08:22:00 PM,M,43.0,HELMET NOT USED,CROSSING - AGAINST SIGNAL,IN CROSSWALK,TEST NOT OFFERED,,30,RAIN,"DARKNESS, LIGHTED ROAD",PEDALCYCLIST,FOUR WAY,STRAIGHT AND LEVEL,WET,INJURY AND / OR TOW DUE TO CRASH,PULASKI RD,41.836789643,-87.7244954651,POINT (-87.724495465118 41.836789642982)
O1547873,BICYCLE,02fad5693ed487958ac7e2a8f3adb8122644efe9a158f50f298789e2d451066f9a1fb523dd7d495e928efa6437d255b588463c827963231b3c30c3e076127c3a,04/03/2023 02:58:00 PM,,16.0,HELMET NOT USED,NOT AT INTERSECTION,NOT IN ROADWAY,TEST REFUSED,,15,CLOUDY/OVERCAST,DAYLIGHT,PEDALCYCLIST,T-INTERSECTION,STRAIGHT AND LEVEL,WET,INJURY AND / OR TOW DUE TO CRASH,SCHUBERT AVE,41.9296912573,-87.7568577345,POINT (-87.756857734465 41.929691257311)
O1548216,NON-MOTOR VEHICLE,02b7a8c87034dd10d49ebd210c7adb6ae37b9f30477d852c5841956252ca5d1d55a08852202b50c3e8a24d5090e3c93dd6bcaf691622e1bc260cc2a9d1ccb99b,04/03/2023 01:15:00 PM,X,,,,,,,15,CLEAR,DAYLIGHT,FIXED OBJECT,PARKING LOT,STRAIGHT AND LEVEL,DRY,NO INJURY / DRIVE AWAY,BENTON PL,41.8853900467,-87.6189867116,POINT (-87.61898671164 41.88539004667)
O1547725,NON-MOTOR VEHICLE,3cad8f7f4a38fcbd7cb881a024bab90f7bc3ff913461c76ac1b063333a64177ccd020db3875bbf20c2c1af1445a8280dd4572726e682ad8b3083f6cae43c96a4,04/03/2023 12:25:00 PM,,,NONE PRESENT,,,TEST NOT OFFERED,,20,CLEAR,DAYLIGHT,OTHER OBJECT,NOT DIVIDED,STRAIGHT AND LEVEL,DRY,NO INJURY / DRIVE AWAY,BELMONT AVE,41.9390351095,-87.7230881983,POINT (-87.723088198261 41.939035109499)
O1547350,BICYCLE,e1e1c65a0d9881b05ea147be359d55bab03cb82d2d5ba280812740cbc681e0b11e6d23ca5ccef4f445be2971849621789dce03f55b625c16b5da1bc379d590ba,04/02/2023 04:42:00 PM,F,38.0,HELMET NOT USED,TURNING LEFT,IN ROADWAY,TEST NOT OFFERED,,30,CLEAR,DAYLIGHT,PEDALCYCLIST,NOT DIVIDED,STRAIGHT AND LEVEL,DRY,INJURY AND / OR TOW DUE TO CRASH,MEDILL AVE,41.9239568728,-87.6882562119,POINT (-87.688256211919 41.923956872794)
O1547256,BICYCLE,7043dcfe82af1dfadf1ba3cdddb4ce6ebb8550e52092ef9e51dd0670d54ee9b977c94877d8692bd7d433a1eb64723117456609df5bc6c9a363b1d7462e93a0f7,04/02/2023 03:20:00 PM,M,20.0,BICYCLE HELMET (PEDACYCLIST INVOLVED ONLY),WITH TRAFFIC,BIKEWAY,TEST NOT OFFERED,,30,CLEAR,DAYLIGHT,PEDALCYCLIST,NOT DIVIDED,STRAIGHT AND LEVEL,DRY,INJURY AND / OR TOW DUE TO CRASH,CLARK ST,41.9406343464,-87.6510573566,POINT (-87.651057356553 41.940634346439)
O1547273,BICYCLE,abcc2d2cfe81d0b7d1da844923b4f89b1315c0958de41ddd4b3fb74ff0e34afc0f33e6dc91f44b2304b300031b111b002795d0b38dc65ae746ba83cd4672fc5c,04/02/2023 01:30:00 PM,M,13.0,HELMET NOT USED,NO ACTION,NOT IN ROADWAY,TEST NOT OFFERED,,10,CLEAR,DAYLIGHT,PEDALCYCLIST,OTHER,STRAIGHT AND LEVEL,DRY,INJURY AND / OR TOW DUE TO CRASH,ADDISON ST,41.9468272181,-87.6926837374,POINT (-87.692683737407 41.946827218144)
O1546851,BICYCLE,f3f5fe7a4748c60fa56ca81765eba29ed5efdd23a019ca3a9830168093f0a43849ff489d3a42fd6b3a0c08cc682c20d55dc3641bf3b9c6cb0e5ca06a3209fa0d,04/01/2023 08:51:00 PM,M,46.0,HELMET NOT USED,TURNING RIGHT,BIKEWAY,TEST NOT OFFERED,,30,CLEAR,"DARKNESS, LIGHTED ROAD",PEDALCYCLIST,FOUR WAY,STRAIGHT AND LEVEL,DRY,INJURY AND / OR TOW DUE TO CRASH,WACKER DR,41.8870444781,-87.6293084436,POINT (-87.629308443553 41.887044478059)
O1546553,BICYCLE,c70e466fa3588e43a2eb66c1328e9645666c83bc528c533f47037955abb771215c6f41fe1678be380e3ab15e2de1494310820803fa9add8ac22e26ec332c0704,04/01/2023 12:24:00 PM,M,26.0,HELMET NOT USED,WITH TRAFFIC,BIKE LANE,TEST NOT OFFERED,,30,UNKNOWN,UNKNOWN,PEDALCYCLIST,NOT DIVIDED,STRAIGHT AND LEVEL,UNKNOWN,INJURY AND / OR TOW DUE TO CRASH,GRAND AVE,41.8916792806,-87.6354185257,POINT (-87.635418525719 41.891679280638)
O1546469,BICYCLE,357efca9dfe938d5f5473840790a546793d64722d1a51d0cc6823787336d860fd0a3307306b665ebfc0e415b72f9ea8ebae93a802548d8a8c5b3a4e7e839d74f,04/01/2023 11:15:00 AM,,,HELMET NOT USED,AGAINST TRAFFIC,IN ROADWAY,TEST NOT OFFERED,,30,CLOUDY/OVERCAST,DAYLIGHT,PEDALCYCLIST,ONE-WAY,STRAIGHT AND LEVEL,WET,INJURY AND / OR TOW DUE TO CRASH,GOETHE ST,41.9055722605,-87.6373367647,POINT (-87.637336764749 41.905572260454)
O1546014,BICYCLE,3f2cd8bc81a03ee82c082ed530f5171663c4877df4538bc77979bc9e7097e9ffde82f2ebe3060ff96fdcd23b19e7e065c569ccff515780f2930d0aa42985b511,03/31/2023 03:51:00 PM,F,51.0,HELMET NOT USED,PARKED VEHICLE,BIKEWAY,TEST NOT OFFERED,,30,CLEAR,DAYLIGHT,PEDALCYCLIST,NOT DIVIDED,STRAIGHT AND LEVEL,DRY,NO INJURY / DRIVE AWAY,MONTROSE AVE,41.9616866585,-87.6703672252,POINT (-87.670367225184 41.961686658493)
O1545751,NON-MOTOR VEHICLE,fb847f566ccca8405a48f0ca8739be631bbafcbbb01ddbba4cc39b0e0284b1f7096e2d0c9584158ed6df37faecb08c4db9ab5c8c56e52f689214c793602d9c57,03/31/2023 08:20:00 AM,M,68.0,USAGE UNKNOWN,UNKNOWN/NA,UNKNOWN/NA,TEST NOT OFFERED,,30,RAIN,DAYLIGHT,PARKED MOTOR VEHICLE,DIVIDED - W/MEDIAN (NOT RAISED),STRAIGHT AND LEVEL,WET,INJURY AND / OR TOW DUE TO CRASH,63RD ST,41.7776440039,-87.7771444382,POINT (-87.777144438194 41.77764400389)
O1545583,BICYCLE,c0d38f50d8658077130f0e28ad4a737d73d8e22e978731229ee64bc4aebf029409408fc44019fd813d613724776f524550bd183456643949beb08216f4074163,03/30/2023 09:38:00 PM,M,24.0,HELMET NOT USED,AGAINST TRAFFIC,IN ROADWAY,TEST NOT OFFERED,,30,UNKNOWN,"DARKNESS, LIGHTED ROAD",PEDALCYCLIST,UNKNOWN,STRAIGHT AND LEVEL,UNKNOWN,NO INJURY / DRIVE AWAY,WABASH AVE,41.8947821556,-87.6269509584,POINT (-87.626950958404 41.894782155613)
O1665252,BICYCLE,c0d38f50d8658077130f0e28ad4a737d73d8e22e978731229ee64bc4aebf029409408fc44019fd813d613724776f524550bd183456643949beb08216f4074163,03/30/2023 09:38:00 PM,M,24.0,HELMET NOT USED,AGAINST TRAFFIC,IN ROADWAY,TEST NOT OFFERED,,30,UNKNOWN,"DARKNESS, LIGHTED ROAD",PEDALCYCLIST,UNKNOWN,STRAIGHT AND LEVEL,UNKNOWN,NO INJURY / DRIVE AWAY,WABASH AVE,41.8947821556,-87.6269509584,POINT (-87.626950958404 41.894782155613)
O1545409,BICYCLE,f353823fe220c58737e42fcd760a9fb93f54a54f6f8ca995504c5c735f3944e891b07d033e25e31770de38269809d04c50854706bc27519baf0d34a441f13ac1,03/30/2023 04:38:00 PM,M,41.0,BICYCLE HELMET (PEDACYCLIST INVOLVED ONLY),AGAINST TRAFFIC,BIKEWAY,TEST NOT OFFERED,,30,CLEAR,DAYLIGHT,PEDALCYCLIST,DIVIDED - W/MEDIAN (NOT RAISED),STRAIGHT AND LEVEL,DRY,INJURY AND / OR TOW DUE TO CRASH,MADISON ST,41.8808562178,-87.7241495079,POINT (-87.724149507852 41.880856217839)
O1545395,BICYCLE,00e5ceb4976370d87c93e5eca7a61c4c6397a3a7b7d91a70b1eeabff4ea8f8c571434b2ac9f1ed7c5cd285999b9096b5e2fd11f7836e6d2f3680f139c8fa8090,03/30/2023 02:44:00 PM,M,45.0,BICYCLE HELMET (PEDACYCLIST INVOLVED ONLY),WITH TRAFFIC,IN ROADWAY,TEST NOT OFFERED,,30,CLEAR,DAYLIGHT,PEDALCYCLIST,NOT DIVIDED,STRAIGHT AND LEVEL,DRY,NO INJURY / DRIVE AWAY,BELMONT AVE,41.9395915239,-87.6682961676,POINT (-87.668296167628 41.939591523937)
O1544810,BICYCLE,e43d53e1c7929b713a5fd2b2322b4027abc4bae67938cf50500b017606bcea94b2a42a70827f5cddae7372ef86bad77622c2d98ac2748f95bf97658cf28bffbd,03/29/2023 06:15:00 PM,M,44.0,BICYCLE HELMET (PEDACYCLIST INVOLVED ONLY),CROSSING - WITH SIGNAL,BIKE LANE,TEST NOT OFFERED,,30,CLEAR,DAYLIGHT,PEDALCYCLIST,FOUR WAY,STRAIGHT AND LEVEL,DRY,INJURY AND / OR TOW DUE TO CRASH,WILSON AVE,41.9653418602,-87.6694301319,POINT (-87.669430131885 41.96534186021)
O1544693,BICYCLE,124c456e93567d0a66cde25666fa6c3925bda8d79020be0447396b668704656532b476d54ce7c9323e28446a994f6fe0c52c9781b03787f667f98cd2502c38c1,03/29/2023 04:54:00 PM,M,27.0,BICYCLE HELMET (PEDACYCLIST INVOLVED ONLY),WITH TRAFFIC,IN ROADWAY,TEST NOT OFFERED,,30,CLEAR,DAYLIGHT,PEDALCYCLIST,NOT DIVIDED,STRAIGHT AND LEVEL,DRY,NO INJURY / DRIVE AWAY,ALBANY AVE,41.8533123196,-87.7027172909,POINT (-87.702717290907 41.853312319593)
O1544673,BICYCLE,097f609db456a5f355ecd0fa069d2b6bb5487765f5813507bed8cce447d5d1f49a7c51dfdddf7566a6fdf11a12f2101ccbb384b3760f49dc2604b5657d2edcb5,03/29/2023 04:39:00 PM,M,35.0,HELMET NOT USED,NO ACTION,BIKEWAY,TEST REFUSED,,30,CLEAR,DAYLIGHT,PEDALCYCLIST,ONE-WAY,STRAIGHT AND LEVEL,DRY,NO INJURY / DRIVE AWAY,JACKSON BLVD,41.8780385165,-87.6485189583,POINT (-87.648518958316 41.878038516522)
O1544410,BICYCLE,26d8f7a6e1005dfbc57fb672968fe583aa9f709be7ef840561b5c453c86b6b3b0ebb54459531ca9493034634909b58c1ff72564e9b8358e299fb481bc53c6a7f,03/29/2023 08:56:00 AM,M,25.0,HELMET NOT USED,TURNING LEFT,IN ROADWAY,TEST NOT OFFERED,,30,CLEAR,DAYLIGHT,PEDALCYCLIST,FOUR WAY,STRAIGHT AND LEVEL,DRY,NO INJURY / DRIVE AWAY,MADISON ST,41.8815526019,-87.6547395681,POINT (-87.654739568075 41.881552601927)
O1544225,BICYCLE,6f962d12dfeb998d84877eac68a9f388e2b30e3c34ae44b229a6f685eb00fadbc2fb086f2914156734e9a3a76a6f40282c70377dea5672d8a0168845175c502a,03/28/2023 07:33:00 PM,M,32.0,BICYCLE HELMET (PEDACYCLIST INVOLVED ONLY),AGAINST TRAFFIC,IN ROADWAY,TEST NOT OFFERED,,30,CLEAR,DAYLIGHT,PEDALCYCLIST,Y-INTERSECTION,STRAIGHT AND LEVEL,DRY,INJURY AND / OR TOW DUE TO CRASH,FULLERTON PKWY,41.9257655547,-87.6366512733,POINT (-87.636651273282 41.925765554709)
O1544180,BICYCLE,608dcb5c12c376e8b6cdab6cf734e2924ad8fbca013ce5eacf5c842157d3ddf0b65384937b361e9ed9feeaa1977ec53251271fc055d0a63ceea2ee3a4f6760f6,03/28/2023 06:45:00 PM,M,62.0,HELMET NOT USED,WITH TRAFFIC,BIKE LANE,TEST NOT OFFERED,,30,CLEAR,"DARKNESS, LIGHTED ROAD",PEDALCYCLIST,DIVIDED - W/MEDIAN (NOT RAISED),STRAIGHT AND LEVEL,DRY,INJURY AND / OR TOW DUE TO CRASH,KIMBALL AVE,41.9689419406,-87.7135266079,POINT (-87.713526607935 41.968941940574)
O1544129,BICYCLE,cfbbe3733b8a05a84f4269e13065e459d44a17278cb44907d32afa304e5cc14b521393ac6b20109e8d621151d17d094b0c69be8ec124a7415a2a96d616512566,03/28/2023 06:11:00 PM,F,19.0,HELMET NOT USED,NO ACTION,IN ROADWAY,TEST NOT OFFERED,,30,CLEAR,DAWN,PEDALCYCLIST,NOT DIVIDED,STRAIGHT AND LEVEL,UNKNOWN,NO INJURY / DRIVE AWAY,DIVISION ST,41.9039639609,-87.6344018357,POINT (-87.634401835733 41.90396396089)
O1544054,BICYCLE,ea9047f4b7dec931e2b0b22ceb9af9230e3003341e1b8fefb6d014606d3dd396590d6f8a4c3a1e388bdeb49f9cda8948a0e401061afd4d359f147895a2d62583,03/28/2023 04:30:00 PM,M,34.0,HELMET NOT USED,AGAINST TRAFFIC,IN ROADWAY,,,30,CLEAR,DAYLIGHT,PEDALCYCLIST,UNKNOWN INTERSECTION TYPE,STRAIGHT AND LEVEL,DRY,INJURY AND / OR TOW DUE TO CRASH,PULASKI RD,41.9481394802,-87.7275975928,POINT (-87.72759759278 41.948139480179)
O1543770,BICYCLE,17d0656f6c7a6f4a858504218190597db3155b4acae70c745eda7e9df87cf66cf449f37b60b4e82de9309ab9a57ca08ae83d3238b360f3a4ee96a65be60b18cf,03/28/2023 09:15:00 AM,M,,HELMET NOT USED,NO ACTION,UNKNOWN/NA,TEST NOT OFFERED,,15,CLOUDY/OVERCAST,DAYLIGHT,PEDALCYCLIST,ALLEY,STRAIGHT AND LEVEL,DRY,INJURY AND / OR TOW DUE TO CRASH,CALIFORNIA AVE,41.8488148276,-87.6952135287,POINT (-87.695213528697 41.848814827583)
O1543676,BICYCLE,1496226ca1e3908eec7c7bed9987469d292e8d5536f58d478e607bb2fda4f5b575c61a740a93699b5303c93c696922611a54b93a3fb31d17a6b317178668d6d0,03/28/2023 05:55:00 AM,M,41.0,BICYCLE HELMET (PEDACYCLIST INVOLVED ONLY),CROSSING - NO CONTROLS (AT INTERSECTION),BIKE LANE,TEST NOT OFFERED,,30,CLEAR,"DARKNESS, LIGHTED ROAD",PEDALCYCLIST,T-INTERSECTION,STRAIGHT AND LEVEL,DRY,NO INJURY / DRIVE AWAY,SHAKESPEARE AVE,41.9205329683,-87.6973593377,POINT (-87.697359337662 41.920532968315)
O1543662,NON-MOTOR VEHICLE,1e00d9cc36701905dc1d4e9ecd375b5950c21d8ed9cc757bb63a99d67614685a4bf834fc524eae6eb3588b84dbd0ff68056737cac49547a97f60db1c62f16e07,03/28/2023 01:50:00 AM,,,,,,,,15,CLEAR,"DARKNESS, LIGHTED ROAD",SIDESWIPE SAME DIRECTION,ONE-WAY,STRAIGHT AND LEVEL,DRY,NO INJURY / DRIVE AWAY,TERMINAL ST,,,
O1543423,NON-MOTOR VEHICLE,136ddb1506774850f9800d38061ce1650dd3c85d484dc00a1bf875001c0f25687a6452f805e559b7b40a74b40862dfc000881bcdd1ae2f9a11eabd8823d08b21,03/27/2023 04:30:00 PM,,,,,,,,30,CLEAR,DAYLIGHT,OTHER OBJECT,DIVIDED - W/MEDIAN (NOT RAISED),STRAIGHT AND LEVEL,DRY,NO INJURY / DRIVE AWAY,WESTERN AVE,41.9286758237,-87.6876283648,POINT (-87.687628364786 41.92867582372)
O1542901,NON-MOTOR VEHICLE,bb401967976df015a77502047abbeaa086b62c6f2e084606ade6fbd734680fc5787962fdbbd73919fe88848345cbfd17e3aabbf6b25bb64375d242895ee6966c,03/26/2023 09:05:00 PM,X,,NONE PRESENT,,UNKNOWN/NA,TEST NOT OFFERED,,5,RAIN,DARKNESS,OTHER OBJECT,OTHER,CURVE ON HILLCREST,DRY,NO INJURY / DRIVE AWAY,HALSTED ST,41.9308998968,-87.648803203,POINT (-87.648803203039 41.930899896796)
O1542847,BICYCLE,c8ed2534c38ae25a18dff8b177fa6e543f2e087d336b5159e0aee2159b7f38f668a43d41e63cc7ef12261159ff090a8ae89441342fe569095ef5dc7336627a68,03/26/2023 03:00:00 PM,F,28.0,BICYCLE HELMET (PEDACYCLIST INVOLVED ONLY),WITH TRAFFIC,SHOULDER,TEST NOT OFFERED,,30,CLEAR,DAYLIGHT,PEDALCYCLIST,ONE-WAY,STRAIGHT AND LEVEL,DRY,INJURY AND / OR TOW DUE TO CRASH,GREEN ST,41.8823842045,-87.6483994977,POINT (-87.648399497748 41.88238420451)
O1542680,BICYCLE,298e80eff4298351b95f12e03174974c28a64943ef60e6dc8189397f1e5d9c5452adee02e61c516a58ba3940e53ce31d099330bd1fe1e7749c783a77ccfa9656,03/26/2023 01:35:00 PM,M,,HELMET NOT USED,AGAINST TRAFFIC,IN ROADWAY,TEST NOT OFFERED,,30,CLEAR,DAYLIGHT,PEDALCYCLIST,FOUR WAY,STRAIGHT AND LEVEL,DRY,INJURY AND / OR TOW DUE TO CRASH,FULLERTON AVE,41.9239957229,-87.7720110989,POINT (-87.772011098875 41.923995722921)
O1542469,NON-MOTOR VEHICLE,3248a9f5d4f3fb8a663856cc79eef93209bc835835a79b7360a153b39cb2ad06d2cd6ae1c0ab51e026d459ca663873ec5738c5f8237a3d47813c4d423170566e,03/25/2023 10:30:00 PM,F,23.0,USAGE UNKNOWN,CROSSING - NO CONTROLS (AT INTERSECTION),IN ROADWAY,TEST NOT OFFERED,Y,30,CLEAR,"DARKNESS, LIGHTED ROAD",OTHER OBJECT,TRAFFIC ROUTE,STRAIGHT AND LEVEL,DRY,INJURY AND / OR TOW DUE TO CRASH,ROOSEVELT RD,41.8672871622,-87.6452469415,POINT (-87.645246941532 41.867287162218)
O1542002,BICYCLE,a4241a6a521f53e18864e2934086a35265451292960bd670df9af1992426b364e708b97200149bded5200b5c4f4291619ba786e5d4672f768e8d0830b107c09a,03/25/2023 08:55:00 AM,F,,BICYCLE HELMET (PEDACYCLIST INVOLVED ONLY),CROSSING - NO CONTROLS (NOT AT INTERSECTION),DRIVEWAY ACCESS,TEST NOT OFFERED,,30,RAIN,DAYLIGHT,PEDALCYCLIST,DRIVEWAY,STRAIGHT ON GRADE,WET,INJURY AND / OR TOW DUE TO CRASH,LA SALLE DR,41.9103517341,-87.6332694689,POINT (-87.633269468856 41.91035173405)
O1542094,BICYCLE,da76dcfafe4c0a06b04ac0c34891c808db55ee16fbf32d542e92f96a049210acef7e636e193f13a6b2cc1097da3383f98f9175b78fe1a06b55dec33acae2a0e7,03/25/2023 02:00:00 AM,M,31.0,BICYCLE HELMET (PEDACYCLIST INVOLVED ONLY),INTOXICATED PED/PEDAL,IN ROADWAY,TEST NOT OFFERED,,25,RAIN,"DARKNESS, LIGHTED ROAD",PEDALCYCLIST,FOUR WAY,STRAIGHT AND LEVEL,WET,INJURY AND / OR TOW DUE TO CRASH,DRAKE AVE,41.9629961837,-87.717015219,POINT (-87.717015218958 41.962996183666)
O1541629,BICYCLE,c364c5957c24ae5686d5398923d1ece9dd4993bb0465fbb03ff1c673bf94683feb0e3bd5612b9f2f18ea54bc9f94e2c6bf23b0a17cf1a3cd17e04a8214139926,03/24/2023 05:11:00 PM,M,25.0,BICYCLE HELMET (PEDACYCLIST INVOLVED ONLY),CROSSING - AGAINST SIGNAL,UNKNOWN/NA,TEST NOT OFFERED,,25,CLEAR,DAYLIGHT,PEDALCYCLIST,FOUR WAY,STRAIGHT AND LEVEL,DRY,NO INJURY / DRIVE AWAY,CLYBOURN AVE,41.9250761888,-87.6694361625,POINT (-87.669436162483 41.92507618881)
O1541188,NON-MOTOR VEHICLE,97cd0af3043cba14557ad24268e4211011ffa6d824eb3a301f3d6c1d6f6261340bb170415a2eef3962c2dee237c5f20bff3f699fc8735c625f90516529bb60a2,03/24/2023 04:30:00 AM,,,,,,,,30,CLEAR,"DARKNESS, LIGHTED ROAD",FIXED OBJECT,NOT DIVIDED,STRAIGHT AND LEVEL,DRY,NO INJURY / DRIVE AWAY,PULASKI RD,41.7712669977,-87.7227197265,POINT (-87.722719726454 41.771266997713)
O1541021,BICYCLE,971d203e60ea534bed6649becd6a5749087f1ca492922744213729c21af46c35d3e61475cbe0c9726cf82d5a597172c39ca62686db583e071b912700af1e5d42,03/23/2023 05:14:00 PM,M,24.0,BICYCLE HELMET (PEDACYCLIST INVOLVED ONLY),UNKNOWN/NA,BIKEWAY,,,30,UNKNOWN,DAWN,PEDALCYCLIST,NOT DIVIDED,STRAIGHT AND LEVEL,UNKNOWN,INJURY AND / OR TOW DUE TO CRASH,HALSTED ST,41.9149752601,-87.6482369073,POINT (-87.648236907322 41.914975260132)