PERSON_ID,PERSON_TYPE,CRASH_RECORD_ID,CRASH_DATE_x,SEX,AGE,SAFETY_EQUIPMENT,PEDPEDAL_ACTION,PEDPEDAL_LOCATION,BAC_RESULT,CRASH_DATE_EST_I,POSTED_SPEED_LIMIT,WEATHER_CONDITION,LIGHTING_CONDITION,FIRST_CRASH_TYPE,TRAFFICWAY_TYPE,ALIGNMENT,ROADWAY_SURFACE_COND,CRASH_TYPE,STREET_NAME,LATITUDE,LONGITUDE,LOCATION
O1540991,NON-MOTOR VEHICLE,8599c4135ba8d6dd5d8c916569ef521abc72122410c8b277464e8a0b025c8bdb7b885cbf02b1502a05214d6c0b8e9c5b50e98171f26f983a07091ab42774864e,03/23/2023 04:43:00 PM,X,,NONE PRESENT,UNKNOWN/NA,IN ROADWAY,TEST NOT OFFERED,,35,CLEAR,DAYLIGHT,ANIMAL,NOT DIVIDED,STRAIGHT AND LEVEL,DRY,INJURY AND / OR TOW DUE TO CRASH,DEVON AVE,41.99754676,-87.7773989526,POINT (-87.777398952566 41.997546759974)
O1540862,BICYCLE,26ad10507e3aa0166e97fff606a887c1dae3accf991e58f9bc2ac41558f7452c71c0b885fbbeef2eb0a34a7c304858ffc6735efce74f06767a41c48627b1d8cd,03/23/2023 03:25:00 PM,M,,HELMET NOT USED,UNKNOWN/NA,IN CROSSWALK,TEST NOT OFFERED,,30,CLOUDY/OVERCAST,DAYLIGHT,PEDALCYCLIST,NOT DIVIDED,STRAIGHT AND LEVEL,UNKNOWN,INJURY AND / OR TOW DUE TO CRASH,ROCKWELL ST,41.9393766138,-87.6928615873,POINT (-87.692861587258 41.9393766138)
O1540767,BICYCLE,2e4fd3097a7d23168aa6cf3e557f9bfa9a6d4bbf3fb05de1b08822bb38a893815e54430d65703c0a2c41f8c45b9bee1cb37c591d0bfb9b115ef9269ababb6d3d,03/23/2023 12:20:00 PM,M,25.0,BICYCLE HELMET (PEDACYCLIST INVOLVED ONLY),CROSSING - AGAINST SIGNAL,IN ROADWAY,TEST NOT OFFERED,,30,CLOUDY/OVERCAST,DAYLIGHT,PEDALCYCLIST,DIVIDED - W/MEDIAN (NOT RAISED),STRAIGHT AND LEVEL,UNKNOWN,INJURY AND / OR TOW DUE TO CRASH,SHEFFIELD AVE,41.9434831743,-87.6540683997,POINT (-87.654068399676 41.943483174349)
O1540980,BICYCLE,eedabff4f0754a8198a43b979b44228d3845fed0e8f2a46025565ebd73459c724c29df64d514a6f523ca8a4dbadf29b2a9c44d33c80354898aadb80198847488,03/23/2023 08:49:00 AM,F,38.0,BICYCLE HELMET (PEDACYCLIST INVOLVED ONLY),WITH TRAFFIC,IN ROADWAY,TEST NOT OFFERED,,30,CLEAR,DAYLIGHT,PEDALCYCLIST,NOT DIVIDED,STRAIGHT AND LEVEL,UNKNOWN,NO INJURY / DRIVE AWAY,BELMONT AVE,41.9393355759,-87.6892885028,POINT (-87.689288502795 41.939335575884)
O1540390,BICYCLE,c4dae8c2cbd65bea331b99c15a3378e8a2bd3d27f741d7b2221a0b0a629fc319088523e7f5490683af423f9dc5fb435d979e5dadb671321028a4a792d92845b7,03/22/2023 05:52:00 PM,F,26.0,HELMET NOT USED,PARKED VEHICLE,BIKEWAY,TEST NOT OFFERED,,30,CLEAR,DAYLIGHT,PEDALCYCLIST,NOT DIVIDED,STRAIGHT AND LEVEL,DRY,INJURY AND / OR TOW DUE TO CRASH,CLARENDON AVE,41.9566254925,-87.6499079364,POINT (-87.649907936353 41.956625492507)
O1540367,BICYCLE,576cf92423b032c08c6414aa3406900a247062139803c0433a3da492b5a9fe326803d3e5281d4f663ca7dc86b24e31b6a5fd9e24c642f664ccb385ce9acee531,03/22/2023 04:57:00 PM,M,29.0,BICYCLE HELMET (PEDACYCLIST INVOLVED ONLY),WITH TRAFFIC,BIKEWAY,TEST NOT OFFERED,,35,RAIN,DAYLIGHT,PEDALCYCLIST,NOT DIVIDED,STRAIGHT AND LEVEL,WET,INJURY AND / OR TOW DUE TO CRASH,KINZIE ST,41.8891091282,-87.6305406286,POINT (-87.63054062863 41.889109128178)
O1540570,BICYCLE,30e78c245d36f6f8df57795799ec4cb346160a810796ecbc4c984a6bb8607b534e2c7d830607cb8cc35c516079d3863ecbec69caf4dd26caa8d95fe8bb6f9511,03/22/2023 12:40:00 PM,M,26.0,BICYCLE HELMET (PEDACYCLIST INVOLVED ONLY),WITH TRAFFIC,IN ROADWAY,TEST NOT OFFERED,,30,CLEAR,DAYLIGHT,PEDALCYCLIST,NOT DIVIDED,STRAIGHT AND LEVEL,DRY,INJURY AND / OR TOW DUE TO CRASH,FULLERTON AVE,41.9250983892,-87.6639909519,POINT (-87.663990951864 41.925098389224)
O1539919,BICYCLE,085d7d81f318727b4fca41e02e1f82028ad2ada98734ba5a44f5428941a4aa463fa9651df2a2862f269aa90a4d1f5c5f7c533aa67eca942b9bc62c2dab5419fc,03/21/2023 09:45:00 PM,M,69.0,HELMET NOT USED,TURNING RIGHT,IN ROADWAY,TEST NOT OFFERED,,30,CLEAR,"DARKNESS, LIGHTED ROAD",PEDALCYCLIST,NOT DIVIDED,STRAIGHT AND LEVEL,DRY,INJURY AND / OR TOW DUE TO CRASH,KEDZIE AVE,41.9503702668,-87.7080669684,POINT (-87.708066968423 41.95037026681)
O1539827,BICYCLE,06b3e56b629cf37817b4b72ba0036cc8a86aa47ca1ce91f0fdc7492fa514be21c869bb09a51ede530581ee4550dc66640c918f9aa29c0696ba0f3be77dfedb34,03/21/2023 05:00:00 PM,M,,HELMET NOT USED,UNKNOWN/NA,IN ROADWAY,,,30,UNKNOWN,UNKNOWN,PEDALCYCLIST,DIVIDED - W/MEDIAN (NOT RAISED),STRAIGHT AND LEVEL,UNKNOWN,NO INJURY / DRIVE AWAY,CLARK ST,41.9797408497,-87.6681251852,POINT (-87.668125185191 41.979740849694)
O1541417,BICYCLE,12390fafc3209a974caea85bf63d0a8e806382d5964cfc402052d3dd243c13944b9eba64bcccc84ae7a7b506e612e0cc3161bd5c9e27c27ced05b01def9296ab,03/21/2023 05:00:00 PM,M,26.0,BICYCLE HELMET (PEDACYCLIST INVOLVED ONLY),UNKNOWN/NA,IN ROADWAY,TEST NOT OFFERED,,25,UNKNOWN,UNKNOWN,PEDALCYCLIST,T-INTERSECTION,STRAIGHT AND LEVEL,UNKNOWN,INJURY AND / OR TOW DUE TO CRASH,DR MARTIN LUTHER KING JR DR,41.7837914741,-87.6158576657,POINT (-87.615857665732 41.783791474078)
O1539743,BICYCLE,ed2ea2ce9369e506d7711e60443013ba9a8dc77b3dedd76beb834bd1e950fb065e7f1cef6a1a59d2ab4bbc82179c367bebdddc27e8455d068cb704dc268ef066,03/21/2023 04:20:00 PM,M,,BICYCLE HELMET (PEDACYCLIST INVOLVED ONLY),CROSSING - CONTROLS PRESENT (NOT AT INTERSECTION),BIKEWAY,TEST NOT OFFERED,,30,CLEAR,DAYLIGHT,PEDALCYCLIST,NOT DIVIDED,STRAIGHT AND LEVEL,DRY,NO INJURY / DRIVE AWAY,WOOD ST,41.9063897039,-87.6712683403,POINT (-87.671268340305 41.906389703885)
O1571725,BICYCLE,2794e7364b9ae07e97fdd0732424ca7986b59a9465236bde1c3c421963c282a65b190805d141f51f0c579bde2c919521e37a20072aa65c7f3efe310f757d51b5,03/21/2023 03:30:00 PM,M,29.0,BICYCLE HELMET (PEDACYCLIST INVOLVED ONLY),WITH TRAFFIC,IN ROADWAY,TEST NOT OFFERED,N,25,CLEAR,DAYLIGHT,PEDALCYCLIST,NOT DIVIDED,STRAIGHT AND LEVEL,DRY,INJURY AND / OR TOW DUE TO CRASH,CHICAGO AVE,41.8960379276,-87.6760649398,POINT (-87.676064939775 41.896037927606)
O1539376,BICYCLE,c3e60b41332b06d97a9b951afcfffa7fa7ed48a817fea71727e279681cfee933ffa8228555470ceb3ce5a87828055b529d0f8e01453be6c5ae754184757fd37a,03/21/2023 06:25:00 AM,M,27.0,HELMET NOT USED,CROSSING - WITH SIGNAL,IN ROADWAY,TEST NOT OFFERED,,30,CLEAR,DAYLIGHT,PEDALCYCLIST,NOT DIVIDED,STRAIGHT AND LEVEL,DRY,INJURY AND / OR TOW DUE TO CRASH,111TH ST,41.6927627012,-87.618138939,POINT (-87.618138939048 41.692762701196)
O1538290,BICYCLE,d459b77c14c4431ef26f4cea5fd41be1f4d17d00313e5701e4467ac446ca994fff88aeef6f82d50134adb5a43613241580cbfa9919095594efcf7acc212d7208,03/18/2023 07:15:00 PM,M,44.0,HELMET NOT USED,WITH TRAFFIC,BIKE LANE,TEST NOT OFFERED,Y,25,CLEAR,DAYLIGHT,PEDALCYCLIST,FOUR WAY,STRAIGHT AND LEVEL,WET,INJURY AND / OR TOW DUE TO CRASH,ARCHER AVE,41.8205830407,-87.693426166,POINT (-87.693426165962 41.820583040659)
O1537087,BICYCLE,ac2e51a62a29f440135102278f965c4653a039c11df3f8c0eb31ed4f9a96b21241af4844393edff651ccc1f0b0968e66815ed5c52742a5a44cbd716c0396d9ac,03/17/2023 12:21:00 PM,M,28.0,HELMET NOT USED,CROSSING - WITH SIGNAL,IN ROADWAY,TEST NOT OFFERED,,30,CLEAR,DAYLIGHT,OTHER OBJECT,FOUR WAY,STRAIGHT AND LEVEL,DRY,NO INJURY / DRIVE AWAY,SHERIDAN RD,42.0128473324,-87.6636197775,POINT (-87.663619777525 42.012847332398)
O1537301,BICYCLE,c05bf562238454f373ffd293ab2ca8c5ceb04ac8042c0230e74c205cbfcfdf96c633aeae76d46a84c14cd9646f3d88d8bef967dfbf03da092103087152387492,03/17/2023 08:45:00 AM,M,42.0,BICYCLE HELMET (PEDACYCLIST INVOLVED ONLY),OTHER ACTION,IN ROADWAY,TEST NOT OFFERED,,30,CLEAR,DAYLIGHT,PEDALCYCLIST,FOUR WAY,STRAIGHT AND LEVEL,DRY,NO INJURY / DRIVE AWAY,GRAND AVE,41.8911894141,-87.6574703094,POINT (-87.657470309402 41.891189414133)
O1538054,BICYCLE,2f5ea36b299db4c41c823fabc11b612696b347ecda61be3b02cc2cb4285cf6ce581a0e87f3212055b53fea77f0cb9f19271d7be60d05b0b549279e713f986f0e,03/17/2023 05:00:00 AM,X,,HELMET NOT USED,UNKNOWN/NA,IN ROADWAY,TEST NOT OFFERED,,30,CLEAR,"DARKNESS, LIGHTED ROAD",OTHER OBJECT,DIVIDED - W/MEDIAN (NOT RAISED),STRAIGHT AND LEVEL,DRY,NO INJURY / DRIVE AWAY,ADDISON ST,41.9458044436,-87.7840108976,POINT (-87.78401089763 41.94580444359)
O1536763,BICYCLE,167310d6afa30d6044bce5ee417e17848ff17359d1f82f8a17a1b1cfcd0bd261a83b488d80b8705721b6d68e2d5fb16dd10aec65e4b56daa1995163133056585,03/16/2023 06:30:00 PM,M,39.0,HELMET NOT USED,WITH TRAFFIC,BIKEWAY,TEST NOT OFFERED,,30,RAIN,"DARKNESS, LIGHTED ROAD",PEDALCYCLIST,NOT DIVIDED,STRAIGHT AND LEVEL,WET,NO INJURY / DRIVE AWAY,LINCOLN AVE,41.9246990999,-87.6479290249,POINT (-87.64792902485 41.924699099903)
O1542052,BICYCLE,a96ac11a1e4b4f18d952acaedde44b2af7b3eae6504411ffe7fca878ead18d21bd42c87611718bb4469fb36391a9f71a584dccf720be351af116f3b37a5a1393,03/16/2023 05:00:00 PM,M,,HELMET NOT USED,UNKNOWN/NA,IN ROADWAY,TEST NOT OFFERED,,30,CLEAR,DAYLIGHT,PEDALCYCLIST,NOT DIVIDED,STRAIGHT AND LEVEL,DRY,NO INJURY / DRIVE AWAY,CALIFORNIA AVE,41.8445843003,-87.6953598432,POINT (-87.695359843215 41.844584300311)
O1544107,BICYCLE,2684da6247c14eab6a6606b087718ac18541185354f8450d8de9f2225a2bf13696c672cac84a1ed63feb65186f31e395ff058cca2052ec2de31135fedcd26551,03/16/2023 04:13:00 PM,F,37.0,BICYCLE HELMET (PEDACYCLIST INVOLVED ONLY),WITH TRAFFIC,UNKNOWN/NA,TEST NOT OFFERED,,30,UNKNOWN,DAYLIGHT,PEDALCYCLIST,NOT DIVIDED,STRAIGHT AND LEVEL,UNKNOWN,NO INJURY / DRIVE AWAY,CALIFORNIA AVE,41.9600131741,-87.6985729739,POINT (-87.698572973884 41.960013174096)
O1538811,BICYCLE,f58811570c1ac55373d88602fafd749168f2ce5d6477c915dd6f2ffc681d740dfe2b6e45018e06d925fcf40f6f6fd8f829df9f6c2195d3fdc2687c93089b9e95,03/15/2023 09:10:00 PM,M,43.0,HELMET NOT USED,AGAINST TRAFFIC,DRIVEWAY ACCESS,TEST NOT OFFERED,,15,CLEAR,"DARKNESS, LIGHTED ROAD",PEDALCYCLIST,PARKING LOT,STRAIGHT AND LEVEL,DRY,INJURY AND / OR TOW DUE TO CRASH,KEDZIE AVE,41.789112548,-87.7035797266,POINT (-87.703579726608 41.789112548017)
O1535971,BICYCLE,5fb714243d6d463a8b61c8577e2bfacbf0d111790a0ba039b6f82ca121cf78fb9c28b2443807665daac646259cb346471980b2da187d2ecbc4c640e16d84ad78,03/15/2023 02:00:00 PM,F,15.0,HELMET NOT USED,OTHER ACTION,NOT IN ROADWAY,TEST NOT OFFERED,,15,CLEAR,DAYLIGHT,PEDALCYCLIST,ALLEY,STRAIGHT AND LEVEL,UNKNOWN,INJURY AND / OR TOW DUE TO CRASH,AUGUSTA BLVD,41.898704385,-87.7540381054,POINT (-87.754038105359 41.898704384969)
O1535906,BICYCLE,0a0c311cdc347be7447c826734f8c02982d7b0e7bc29dd35fe5114824641722983d8a2cce21c78ea3cf25d040fe2cf9b1f6719be6e6e6e4baf7c178710a3798a,03/15/2023 01:44:00 PM,F,41.0,BICYCLE HELMET (PEDACYCLIST INVOLVED ONLY),WITH TRAFFIC,BIKE LANE,TEST NOT OFFERED,,30,CLEAR,DAYLIGHT,PEDALCYCLIST,"FIVE POINT, OR MORE",STRAIGHT AND LEVEL,DRY,INJURY AND / OR TOW DUE TO CRASH,ASHLAND AVE,41.9397395728,-87.6688100555,POINT (-87.668810055507 41.939739572806)
O1547019,BICYCLE,bca606d8a7e3c0dd4258a43bbcff5bfcc770ca07e2a51eade01795361d14de9b9b1cd426c1202ea5133488cc68ff926be13938c45f03960166a38b2dec2bf703,03/14/2023 08:00:00 PM,M,26.0,HELMET NOT USED,WITH TRAFFIC,IN ROADWAY,TEST NOT OFFERED,Y,30,UNKNOWN,UNKNOWN,PEDALCYCLIST,NOT DIVIDED,STRAIGHT AND LEVEL,UNKNOWN,INJURY AND / OR TOW DUE TO CRASH,WILSON AVE,41.9651941116,-87.6641579385,POINT (-87.664157938525 41.965194111622)
O1535252,NON-MOTOR VEHICLE,6cd7273488efca42c3609dd0ba344ed1bb7f282f930c3055b82abc4551a2fccb38799a29e6ee493761645b0050492935e63d4ba5988852e7ad667081e98f2cd4,03/14/2023 04:09:00 PM,X,,NONE PRESENT,,,TEST NOT OFFERED,Y,30,CLEAR,DAYLIGHT,ANIMAL,NOT DIVIDED,STRAIGHT AND LEVEL,DRY,INJURY AND / OR TOW DUE TO CRASH,AUGUSTA BLVD,41.8987021804,-87.7545254697,POINT (-87.754525469706 41.898702180369)
O1535438,BICYCLE,b40a61b449ab384f9d2819deebfc055581fe562f9dffc2292e34a8b8bf876be04973e90d44f5811a507539ae546577da3d9e8219c3225599a33c058d38c9db1e,03/14/2023 07:47:00 AM,F,53.0,BICYCLE HELMET (PEDACYCLIST INVOLVED ONLY),CROSSING - WITH SIGNAL,IN CROSSWALK,TEST NOT OFFERED,N,25,CLEAR,DAYLIGHT,PEDALCYCLIST,FOUR WAY,STRAIGHT AND LEVEL,DRY,INJURY AND / OR TOW DUE TO CRASH,KEDZIE AVE,41.8844019134,-87.7063676684,POINT (-87.706367668413 41.884401913381)
O1534268,BICYCLE,1c44c28cb6c36ea45ce7ec5f020dcb96b4b95fa607d3f8354d0263fe5077d2b28c78b9536e1aa5d074c8d35dd4ddfa60d2419de2ad9e9d4fcce00cad80bb930c,03/13/2023 08:50:00 AM,M,38.0,BICYCLE HELMET (PEDACYCLIST INVOLVED ONLY),NOT AT INTERSECTION,NOT IN ROADWAY,TEST NOT OFFERED,,20,CLEAR,DAYLIGHT,PEDALCYCLIST,DIVIDED - W/MEDIAN (NOT RAISED),STRAIGHT AND LEVEL,WET,INJURY AND / OR TOW DUE TO CRASH,ADDISON ST,41.9468248791,-87.6932129127,POINT (-87.693212912693 41.946824879097)
O1534143,BICYCLE,6bc956161989e9384950aff7b864eab4fee8f1e2453d54aac0707bc2e6b2e35abdfc5d8f3ce0dcad18cb0a8baf69e052a34672f10051243fef4495fec545719f,03/12/2023 10:30:00 PM,F,37.0,HELMET NOT USED,UNKNOWN/NA,IN CROSSWALK,TEST NOT OFFERED,,30,CLEAR,"DARKNESS, LIGHTED ROAD",PEDALCYCLIST,NOT DIVIDED,STRAIGHT AND LEVEL,DRY,INJURY AND / OR TOW DUE TO CRASH,CICERO AVE,41.9206776721,-87.7460655041,POINT (-87.746065504081 41.920677672101)
O1534050,BICYCLE,5f65eb23b131e6a9ec3832998245628bae5385ffa2337626e8a558d6f048aab61e3f53f6b39afad781e3d7239c177d99b0f0b8d25bda368c3e4765c86791ecd1,03/12/2023 07:34:00 PM,M,30.0,HELMET NOT USED,WITH TRAFFIC,BIKEWAY,TEST NOT OFFERED,,30,RAIN,DARKNESS,PEDALCYCLIST,NOT DIVIDED,STRAIGHT AND LEVEL,WET,NO INJURY / DRIVE AWAY,MILWAUKEE AVE,41.9216143622,-87.6954814291,POINT (-87.695481429135 41.921614362232)
O1534011,BICYCLE,116b8ca8bdc1305ce20a69a3a6f93b88ae15c979171fe48da84affd4ed03160932ff10495805ac4bc4632c7fca81ff1e65cd4e6f5de38bc2262fe1a52597a8f4,03/12/2023 05:00:00 PM,M,39.0,HELMET NOT USED,NO ACTION,BIKE LANE,,,30,FREEZING RAIN/DRIZZLE,DAYLIGHT,PEDALCYCLIST,NOT DIVIDED,STRAIGHT AND LEVEL,WET,INJURY AND / OR TOW DUE TO CRASH,CLARK ST,41.9765926405,-87.6685572422,POINT (-87.668557242178 41.976592640537)
O1533372,BICYCLE,a406736a9fe9d768209d8895f81c229fc4a7f2b45cbce34b237de55fe55d0dde48d256b072a8efa5d2698aef30251820c8983fddf476cf48c20b74b1d90244ba,03/11/2023 04:18:00 PM,M,,HELMET NOT USED,AGAINST TRAFFIC,IN ROADWAY,TEST NOT OFFERED,,30,CLEAR,DAYLIGHT,PEDALCYCLIST,NOT DIVIDED,STRAIGHT AND LEVEL,DRY,NO INJURY / DRIVE AWAY,CLARK ST,41.9019056681,-87.6315370857,POINT (-87.631537085674 41.901905668083)
O1531182,BICYCLE,4b18ef20cf98a3608e11ec1de0dfedb47b60c4a66d806f0a3def18307b2df136b9213467c60579f53710725467d7d89512fb25a71fe3a34d0ada3d4de04b374c,03/08/2023 08:20:00 AM,M,58.0,BICYCLE HELMET (PEDACYCLIST INVOLVED ONLY),WITH TRAFFIC,IN ROADWAY,TEST NOT OFFERED,,30,CLEAR,DAYLIGHT,PEDALCYCLIST,NOT DIVIDED,STRAIGHT AND LEVEL,DRY,INJURY AND / OR TOW DUE TO CRASH,WESTERN AVE,41.8819144601,-87.6863038519,POINT (-87.686303851898 41.881914460121)
O1531119,BICYCLE,2dc97f6a49ba57941ee10680ce149440c14f25e6369925090eb5c670cb40ea8c167b719b74389b7ad25358d891a83134d718ebea4a9fed9aa07e5636a14ed94a,03/08/2023 04:58:00 AM,M,67.0,HELMET NOT USED,CROSSING - WITH SIGNAL,IN CROSSWALK,TEST NOT OFFERED,,30,CLEAR,"DARKNESS, LIGHTED ROAD",PEDALCYCLIST,NOT DIVIDED,STRAIGHT AND LEVEL,DRY,INJURY AND / OR TOW DUE TO CRASH,KEDZIE AVE,41.8007272599,-87.7039102174,POINT (-87.703910217369 41.800727259896)
O1531005,BICYCLE,86fe1bf39cfea037727e5bee55125d2f8bee7661b48eb578bcac47b06f38c0dba1a2f8827c72d166e5bcc1ec919b3ae25cfa8d93a37911a3512fe1d302282b1f,03/07/2023 07:58:00 PM,M,29.0,BICYCLE HELMET (PEDACYCLIST INVOLVED ONLY),WITH TRAFFIC,IN ROADWAY,TEST NOT OFFERED,,30,CLEAR,"DARKNESS, LIGHTED ROAD",PEDALCYCLIST,DRIVEWAY,STRAIGHT AND LEVEL,DRY,NO INJURY / DRIVE AWAY,ADDISON ST,41.9474004564,-87.651512018,POINT (-87.651512017951 41.947400456376)
O1531214,BICYCLE,e2f2453b03aa22fcc8163ca0e135b104d52e5af48446b8c8d40da85f415db1f35f189d7674d11cbc6d41cca6239cae22f9eff32fd4d7470549ed2a8e7ba6cfd5,03/07/2023 06:40:00 PM,M,31.0,BICYCLE HELMET (PEDACYCLIST INVOLVED ONLY),NO ACTION,IN ROADWAY,TEST NOT OFFERED,,30,CLEAR,DUSK,PEDALCYCLIST,NOT DIVIDED,STRAIGHT AND LEVEL,DRY,INJURY AND / OR TOW DUE TO CRASH,BELMONT AVE,41.9399295021,-87.6446634103,POINT (-87.644663410343 41.939929502103)
O1530747,BICYCLE,d7d3877b21452fc8db78a05f317eab047daa76fc872c03446afbf5b37d35f5d5e7179deb7a0e6d0747095954ea7946e798abd7b3e0a9b693bc49251d40331d30,03/07/2023 11:44:00 AM,M,36.0,HELMET NOT USED,CROSSING - NO CONTROLS (NOT AT INTERSECTION),IN CROSSWALK,TEST NOT OFFERED,,30,CLEAR,DAYLIGHT,PEDALCYCLIST,NOT DIVIDED,STRAIGHT AND LEVEL,DRY,INJURY AND / OR TOW DUE TO CRASH,CREGIER AVE,41.7732977343,-87.5815590175,POINT (-87.581559017543 41.773297734255)
O1531292,BICYCLE,cfa9497a95d9f14cd9025af0c7fa4d84140e9ce27213eaa7a8d0cca999ef26dd7eb438b3ec8db911e865a93e215311a3728d57c04ec32e9edc29608e30124ff8,03/07/2023 10:00:00 AM,M,46.0,HELMET NOT USED,WITH TRAFFIC,IN ROADWAY,TEST NOT OFFERED,,30,CLEAR,DAYLIGHT,PEDALCYCLIST,NOT DIVIDED,STRAIGHT AND LEVEL,DRY,INJURY AND / OR TOW DUE TO CRASH,KOSTNER AVE,41.7941174013,-87.7331396865,POINT (-87.733139686476 41.794117401338)
O1530581,BICYCLE,1e0c5bfef9fd6d3cf6664af8e4684d80992dabea34f5ce8cbf5d63ba37827d6546659d2031d14b75460a4245f7a9e1293503c374043c45cc2fa69eda58ebaab7,03/07/2023 08:30:00 AM,M,32.0,BICYCLE HELMET (PEDACYCLIST INVOLVED ONLY),CROSSING - NO CONTROLS (AT INTERSECTION),BIKEWAY,TEST NOT OFFERED,,30,CLEAR,DAYLIGHT,PEDALCYCLIST,T-INTERSECTION,STRAIGHT AND LEVEL,DRY,INJURY AND / OR TOW DUE TO CRASH,ELSTON AVE,41.9443986889,-87.7058138934,POINT (-87.705813893419 41.944398688909)
O1530503,BICYCLE,b6fcc78bb7467bff6c1fd15f324a79220763c675ef311281987f4a1e581a13f1fd464276382eaee443b2028321c63f7f8f9515418e10ed9c358963994b8506e6,03/06/2023 12:35:00 AM,M,25.0,HELMET NOT USED,CROSSING - WITH SIGNAL,IN ROADWAY,TEST NOT OFFERED,,30,RAIN,"DARKNESS, LIGHTED ROAD",PEDALCYCLIST,FOUR WAY,STRAIGHT AND LEVEL,WET,INJURY AND / OR TOW DUE TO CRASH,NORTH AVE,41.90898946,-87.8043628415,POINT (-87.804362841452 41.908989459958)
O1529965,BICYCLE,38fe313d82b2a1b57b794dc6e80dadbd8c29f2cd6ddc6d6ec4f224bbb75915f81a980ea601556dd2cb6ac03b68eac12738f9fbf874ea3be186418eaae384e2f1,03/05/2023 01:20:00 PM,M,30.0,HELMET NOT USED,WITH TRAFFIC,BIKEWAY,TEST NOT OFFERED,,30,CLEAR,DAYLIGHT,PEDALCYCLIST,NOT DIVIDED,STRAIGHT AND LEVEL,DRY,INJURY AND / OR TOW DUE TO CRASH,KEDZIE AVE,41.9582086206,-87.7080029139,POINT (-87.708002913875 41.958208620642)
O1529555,BICYCLE,974f98946186c0fb64d91103aac5236795c25dffbc13c8edfaa38ed8a728e414df6c740e1d8a661a31e24d424011dba44e7b5a7850aa8b2354acab328c34a3a2,03/05/2023 12:53:00 PM,M,71.0,HELMET NOT USED,ENTER FROM DRIVE/ALLEY,IN ROADWAY,TEST NOT OFFERED,,30,CLEAR,DAYLIGHT,PEDALCYCLIST,NOT DIVIDED,STRAIGHT AND LEVEL,DRY,INJURY AND / OR TOW DUE TO CRASH,MONTROSE AVE,41.9616796333,-87.6539489546,POINT (-87.653948954639 41.961679633323)
O1529541,BICYCLE,7971702f76a8c499a1c1b3e707d31ec961763f696c509ccd0f8b11b3a2aab55db2610bbfd4a354f7425f6975a048d92c7fbba331469cca56c08f4a0cad06a4e7,03/05/2023 11:58:00 AM,M,40.0,BICYCLE HELMET (PEDACYCLIST INVOLVED ONLY),WITH TRAFFIC,IN ROADWAY,TEST NOT OFFERED,,30,CLEAR,DAYLIGHT,PEDALCYCLIST,NOT DIVIDED,STRAIGHT AND LEVEL,DRY,INJURY AND / OR TOW DUE TO CRASH,LINCOLN AVE,41.9808255417,-87.6926492889,POINT (-87.692649288939 41.980825541725)
O1529211,BICYCLE,9121fd0d1f64525c6f688576b3def4545b5dbb7ea77783ee7ff62fc7c6b87287d4a47590ccb075adc9d1f231ffda97b613b362da404e75cb7d1c722f6fcdddd2,03/04/2023 06:35:00 PM,M,19.0,HELMET NOT USED,TURNING LEFT,IN CROSSWALK,TEST NOT OFFERED,,30,RAIN,"DARKNESS, LIGHTED ROAD",PEDALCYCLIST,DIVIDED - W/MEDIAN (NOT RAISED),STRAIGHT AND LEVEL,WET,INJURY AND / OR TOW DUE TO CRASH,HUBBARD ST,41.8901240194,-87.6547464373,POINT (-87.654746437335 41.890124019406)
O1529209,BICYCLE,403841a4e7b8f496a6a709c16b20046fe46deeb193457e4e15fcd2d3986f845513bb0a409acc390bc5d3b1c4bac5a042154c8ef98bf351095970a13d8acc5198,03/04/2023 05:34:00 PM,M,40.0,HELMET NOT USED,NO ACTION,BIKEWAY,TEST NOT OFFERED,,30,RAIN,DARKNESS,PEDALCYCLIST,NOT DIVIDED,STRAIGHT ON HILLCREST,WET,INJURY AND / OR TOW DUE TO CRASH,ROOSEVELT RD,41.8672963091,-87.6445807474,POINT (-87.644580747354 41.867296309075)
O1527949,BICYCLE,84b1dce035d003fa89f75009619f1ed14c388ef5f616d227226f9170166c4e8ab631ca00e6a507a40363f4643aa81a97d05aa14956322553c7e6035608358ed1,03/02/2023 05:16:00 PM,M,23.0,HELMET NOT USED,OTHER ACTION,IN ROADWAY,,,30,CLEAR,DUSK,PEDALCYCLIST,FOUR WAY,STRAIGHT AND LEVEL,DRY,INJURY AND / OR TOW DUE TO CRASH,NORTH AVE,41.9108375097,-87.6608337836,POINT (-87.660833783595 41.910837509728)
O1544525,NON-MOTOR VEHICLE,5ecdf10381e7450f0630ac76ba1590561af56fdcaf19bd40a1867a2efa6730bfd241aa66f88164b18be8f3ec9338a98a5de9db497315bb9cc9da7a04983343c2,03/02/2023 03:40:00 PM,M,,NONE PRESENT,,,TEST NOT OFFERED,,35,CLEAR,DAYLIGHT,FIXED OBJECT,DIVIDED - W/MEDIAN BARRIER,STRAIGHT AND LEVEL,OTHER,NO INJURY / DRIVE AWAY,LAKE SHORE DR NB,41.9505506361,-87.6445465724,POINT (-87.644546572439 41.950550636125)
O1530100,BICYCLE,a09e052e4510a6cf3a5467981da3cc201675f4d95a5310b5831acd2b723d798dea5c24bcd4c5eab8ee0ba3f276fd2a13877eb4f59b4ca871c023f3f84dd5a036,03/02/2023 06:59:00 AM,M,50.0,HELMET NOT USED,CROSSING - AGAINST SIGNAL,IN ROADWAY,TEST NOT OFFERED,,35,CLEAR,DAYLIGHT,PEDALCYCLIST,FOUR WAY,STRAIGHT AND LEVEL,DRY,NO INJURY / DRIVE AWAY,87TH ST,41.7356809547,-87.6630013649,POINT (-87.663001364915 41.735680954718)