PERSON_ID,PERSON_TYPE,CRASH_RECORD_ID,CRASH_DATE_x,SEX,AGE,SAFETY_EQUIPMENT,PEDPEDAL_ACTION,PEDPEDAL_LOCATION,BAC_RESULT,CRASH_DATE_EST_I,POSTED_SPEED_LIMIT,WEATHER_CONDITION,LIGHTING_CONDITION,FIRST_CRASH_TYPE,TRAFFICWAY_TYPE,ALIGNMENT,ROADWAY_SURFACE_COND,CRASH_TYPE,STREET_NAME,LATITUDE,LONGITUDE,LOCATION
O1527473,BICYCLE,90bc2c1ba80fcc402d4e94b9b57f6bc6c48d54ae7bdfa539115cccf9c9b8da20ebca3e111101050a98c437a08a29461688b38226b1c477b9df124a9bf1970f2f,03/01/2023 06:34:00 PM,,,BICYCLE HELMET (PEDACYCLIST INVOLVED ONLY),WITH TRAFFIC,IN ROADWAY,TEST NOT OFFERED,,25,CLEAR,"DARKNESS, LIGHTED ROAD",PEDALCYCLIST,ONE-WAY,STRAIGHT AND LEVEL,DRY,INJURY AND / OR TOW DUE TO CRASH,GOETHE ST,41.905697826,-87.629704561,POINT (-87.629704560956 41.905697826047)
O1527331,BICYCLE,9dc207cecf809ca42b02cd5b95d7bdfadda9ca3d1976c96ae87962ea42636cc3d94c4f846e957b06a8047f93d9f5da43ec01f4d36937d3a486288376e7bc08a5,03/01/2023 02:35:00 PM,M,53.0,HELMET NOT USED,CROSSING - NO CONTROLS (NOT AT INTERSECTION),IN ROADWAY,TEST NOT OFFERED,Y,30,CLEAR,DAYLIGHT,PEDALCYCLIST,NOT DIVIDED,STRAIGHT AND LEVEL,DRY,INJURY AND / OR TOW DUE TO CRASH,PETERSON AVE,41.9905527855,-87.6993426384,POINT (-87.69934263843 41.990552785496)
O1549682,NON-MOTOR VEHICLE,6a160534f722a22602204031fcad087e9237f73200e399a48b878be2fe5059ead3917a382a6d0de4b3039fada6ab34a37f429947fab0e3edb2d59eafc8742291,03/01/2023 10:30:00 AM,M,,USAGE UNKNOWN,UNKNOWN/NA,UNKNOWN/NA,TEST NOT OFFERED,N,30,CLEAR,"DARKNESS, LIGHTED ROAD",OTHER OBJECT,NOT DIVIDED,STRAIGHT AND LEVEL,DRY,INJURY AND / OR TOW DUE TO CRASH,MILWAUKEE AVE,41.896218801,-87.6556038946,POINT (-87.65560389462 41.896218800987)
O1526805,BICYCLE,fa52c081055aabfb54c482e1a7781f8ee42096e159eea728ffdf1f09b16fd85918833741405dda19330b9042e8e1de4a78e67df0e4b7f9954bfb830973c4cfa9,02/28/2023 06:20:00 PM,M,52.0,HELMET NOT USED,UNKNOWN/NA,IN ROADWAY,TEST NOT OFFERED,,35,CLEAR,DUSK,PEDALCYCLIST,FOUR WAY,STRAIGHT AND LEVEL,DRY,INJURY AND / OR TOW DUE TO CRASH,67TH ST,41.7731231953,-87.6129877079,POINT (-87.612987707912 41.773123195334)
O1526717,BICYCLE,9c940981ac3efe3591e525e1c40087d8524180e72fb32de653a2ae665f72da3c40606efd5ea2b9918d2954e9ad342c6daee598b15423b93b6904d476fa4f093c,02/28/2023 04:05:00 PM,M,23.0,BICYCLE HELMET (PEDACYCLIST INVOLVED ONLY),CROSSING - WITH SIGNAL,BIKEWAY,TEST NOT OFFERED,,30,CLEAR,DAYLIGHT,PEDALCYCLIST,FOUR WAY,STRAIGHT AND LEVEL,DRY,INJURY AND / OR TOW DUE TO CRASH,MILWAUKEE AVE,41.896218801,-87.6556038946,POINT (-87.65560389462 41.896218800987)
O1544483,NON-MOTOR VEHICLE,d0cf6a82d56fa62e973f48be78fd79f103654c6b9ab6929d3a74f38118967d9837e3711fd010ca25078ae44bfd8c7c4fa6b096ce47e5d4fa7ae25d5bd8b30339,02/28/2023 09:30:00 AM,M,41.0,NONE PRESENT,WITH TRAFFIC,BIKE LANE,TEST NOT OFFERED,,30,CLEAR,DAYLIGHT,OTHER OBJECT,NOT DIVIDED,STRAIGHT AND LEVEL,DRY,INJURY AND / OR TOW DUE TO CRASH,ELSTON AVE,41.9333220839,-87.6896994153,POINT (-87.689699415346 41.933322083876)
O1526386,BICYCLE,3f1c523f68c546681f427dd3577a6e7300726b9cab51cb023ad51fdf150412e75b937980fc64cbf3eb27cf38957cefb2caf4cb580b4de1bf866a8e6cec994042,02/28/2023 07:42:00 AM,M,29.0,BICYCLE HELMET (PEDACYCLIST INVOLVED ONLY),NO ACTION,BIKEWAY,TEST NOT OFFERED,,30,CLEAR,DAYLIGHT,PEDALCYCLIST,DIVIDED - W/MEDIAN (NOT RAISED),STRAIGHT AND LEVEL,DRY,INJURY AND / OR TOW DUE TO CRASH,HALSTED ST,41.8931336396,-87.6478085911,POINT (-87.64780859112 41.893133639583)
O1527141,BICYCLE,b73a5a4cea14d09feea950c34fd0c9bc5d33e99955bfb28f697b0d3d552846b97e883366a0b9d4b5c20dbc6784ce7db37657db7970de64a65cf58727f95a1cce,02/27/2023 05:15:00 PM,M,,HELMET NOT USED,CROSSING - NO CONTROLS (AT INTERSECTION),IN ROADWAY,TEST NOT OFFERED,,30,CLEAR,DAYLIGHT,PEDALCYCLIST,NOT DIVIDED,STRAIGHT AND LEVEL,DRY,NO INJURY / DRIVE AWAY,DAMEN AVE,41.9089214003,-87.6775677955,POINT (-87.677567795523 41.908921400283)
O1525583,BICYCLE,70c933a328308f42051baf23e5f95efac0351256aee1cd3022b55bcb0a862884b475abd727e13eec01d96d98251f0b349e1733843f3377a8d1717ac1b7ca3336,02/26/2023 06:15:00 PM,M,27.0,HELMET NOT USED,WITH TRAFFIC,IN ROADWAY,TEST NOT OFFERED,,15,CLEAR,DARKNESS,PEDALCYCLIST,OTHER,STRAIGHT AND LEVEL,DRY,INJURY AND / OR TOW DUE TO CRASH,ROSCOE ST,41.9437037036,-87.6510203735,POINT (-87.651020373476 41.943703703592)
O1525582,BICYCLE,58f2e55924dd5d7b656bbf6465ba27a5092f1889c3129465a484854eb82a804c02b7b25753de2a90e3a46a831c1041f7f06b8366e20ab951d4675db1989f9dae,02/26/2023 05:51:00 PM,M,27.0,BICYCLE HELMET (PEDACYCLIST INVOLVED ONLY),CROSSING - NO CONTROLS (AT INTERSECTION),IN ROADWAY,"TEST PERFORMED, RESULTS UNKNOWN",,30,CLEAR,"DARKNESS, LIGHTED ROAD",PEDALCYCLIST,NOT DIVIDED,STRAIGHT AND LEVEL,DRY,INJURY AND / OR TOW DUE TO CRASH,WOLCOTT AVE,42.0089709006,-87.6782074942,POINT (-87.678207494167 42.008970900604)
O1525519,BICYCLE,48c02dc28059bf7fa4d5acc41d9023f24e4f5d6d1ba275cfa302f26b182e0ed570162d6d7bb1cbe5854d306339e4bec204abb5a4435692dd2266841b81283f03,02/26/2023 05:50:00 PM,M,15.0,HELMET NOT USED,WITH TRAFFIC,BIKEWAY,TEST NOT OFFERED,,30,CLEAR,DAYLIGHT,PEDALCYCLIST,NOT DIVIDED,STRAIGHT AND LEVEL,DRY,INJURY AND / OR TOW DUE TO CRASH,KEDZIE AVE,41.7807529132,-87.7030397094,POINT (-87.703039709383 41.780752913204)
O1524872,BICYCLE,4b810b4daee5f5548fb4b6093f9fd3ff92d6ac16ef1aa4ee67a1c5ab57aef8a4b0d8a03fab6e111e7480132842ac1b50085a6b9c67b09096edf9aa63860c602b,02/25/2023 04:41:00 PM,F,27.0,HELMET NOT USED,NO ACTION,IN ROADWAY,TEST NOT OFFERED,,30,CLEAR,DAYLIGHT,PEDALCYCLIST,NOT DIVIDED,STRAIGHT AND LEVEL,DRY,INJURY AND / OR TOW DUE TO CRASH,GRAND AVE,41.8907562838,-87.6867370547,POINT (-87.68673705466 41.890756283824)
O1524368,NON-MOTOR VEHICLE,0c2446fa42e59ba561e0dd75c2abcd5102e35e92b7d03e806cbe933457345c19269dcba0bb9109850d8969bd7d94aec1d040bee69a6c01dc23195e1f43ef8670,02/25/2023 03:43:00 AM,,,,,,,,25,SNOW,"DARKNESS, LIGHTED ROAD",FIXED OBJECT,PARKING LOT,CURVE ON GRADE,WET,NO INJURY / DRIVE AWAY,PARKING LOT A ST,,,
O1525892,BICYCLE,d194cd9779e7a6a24335780b2c111ac81290370868303f043fcb33982a7a8242e7be099f1e08661294da7195ca5a2f436ed979255133c6b2ced5abf6fdd4c59e,02/22/2023 11:15:00 AM,F,38.0,BICYCLE HELMET (PEDACYCLIST INVOLVED ONLY),NO ACTION,BIKE LANE,TEST NOT OFFERED,,10,RAIN,DAYLIGHT,PEDALCYCLIST,ALLEY,STRAIGHT AND LEVEL,WET,INJURY AND / OR TOW DUE TO CRASH,MONTROSE AVE,41.9613761888,-87.695828905,POINT (-87.695828904971 41.96137618882)
O1522084,BICYCLE,16aa16ebf07aedf2d60abd353640d65c3ee66c55a73cd5f7e84ab34a63851be49732065463feecdd0321b7c1de7627a5fc1bd3c666a2a0e332e296a377198ff3,02/21/2023 06:17:00 PM,M,57.0,BICYCLE HELMET (PEDACYCLIST INVOLVED ONLY),AGAINST TRAFFIC,DRIVEWAY ACCESS,TEST NOT OFFERED,,30,CLEAR,"DARKNESS, LIGHTED ROAD",PEDALCYCLIST,DRIVEWAY,STRAIGHT AND LEVEL,DRY,INJURY AND / OR TOW DUE TO CRASH,RANDOLPH ST,41.8846247731,-87.619254324,POINT (-87.619254324027 41.884624773137)
O1521983,BICYCLE,bf5ec855daae8428524eb072b6332886f8ebb3288b5143b9f2ecdd2c374b181db6f919060f9f5f45a4c03763e4a53a9ea8f7625f652376c79061fe4003acc208,02/21/2023 04:00:00 PM,M,,HELMET NOT USED,UNKNOWN/NA,IN ROADWAY,TEST NOT OFFERED,,30,UNKNOWN,UNKNOWN,PEDALCYCLIST,FOUR WAY,STRAIGHT AND LEVEL,UNKNOWN,NO INJURY / DRIVE AWAY,CICERO AVE,41.9169733245,-87.7462602225,POINT (-87.746260222511 41.916973324511)
O1532264,BICYCLE,fb455e9079afb5675ec7c43bfd1cb240a7fdd3357a9b5dd2b6f884805f80201da9a16c4f82274ca1579c45a3ddfb7796415eb3b7fe6fc8ff2a14a7f67e539b32,02/21/2023 02:00:00 PM,F,31.0,BICYCLE HELMET (PEDACYCLIST INVOLVED ONLY),WITH TRAFFIC,IN ROADWAY,TEST NOT OFFERED,,30,CLEAR,DAYLIGHT,PEDALCYCLIST,DIVIDED - W/MEDIAN (NOT RAISED),STRAIGHT AND LEVEL,DRY,NO INJURY / DRIVE AWAY,MILWAUKEE AVE,41.9076325044,-87.6733987348,POINT (-87.673398734787 41.907632504432)
O1527827,BICYCLE,5c7e4afc35061a1057afb0ffe822df76ced5dfe6f18fe5f4530e0fbb3b93efda7a6e14f252edddadd300f61cdc5b9613957bbd8021a577acd7a693ef46590c77,02/21/2023 11:15:00 AM,M,26.0,BICYCLE HELMET (PEDACYCLIST INVOLVED ONLY),CROSSING - WITH SIGNAL,IN CROSSWALK,TEST NOT OFFERED,,20,UNKNOWN,UNKNOWN,PEDALCYCLIST,NOT DIVIDED,STRAIGHT AND LEVEL,UNKNOWN,NO INJURY / DRIVE AWAY,STATE ST,41.8553847996,-87.627291545,POINT (-87.627291544963 41.85538479956)
O1522678,BICYCLE,ea94685e57cf1a3ecb867a46b7c01a184a41a8e8862339b178469c5e68d64fdd8ff47ae735f620f73eb3819cc3328f8fcf50a9fcf2342bac692ff82e5baaf4e1,02/20/2023 10:10:00 PM,M,27.0,BICYCLE HELMET (PEDACYCLIST INVOLVED ONLY),NO ACTION,SHOULDER,TEST NOT OFFERED,,10,CLEAR,DARKNESS,PEDALCYCLIST,PARKING LOT,STRAIGHT AND LEVEL,DRY,INJURY AND / OR TOW DUE TO CRASH,ASHLAND AVE,41.9397446157,-87.6685161011,POINT (-87.668516101064 41.939744615735)
O1528312,BICYCLE,0677e2877198b0f51894f4014f837250051ccce73aaa64ab02189ac350a741113105d954048a305885835af53c1ade4c88688b2ccb0c541103e5f90c3e60e206,02/20/2023 05:30:00 PM,M,39.0,HELMET NOT USED,OTHER ACTION,BIKE LANE,TEST NOT OFFERED,,30,CLEAR,DUSK,PEDALCYCLIST,NOT DIVIDED,STRAIGHT AND LEVEL,DRY,INJURY AND / OR TOW DUE TO CRASH,PULASKI RD,41.8096085752,-87.7237950428,POINT (-87.723795042838 41.809608575198)
O1520893,BICYCLE,6e6038076393d1ad0a3da7c38c09f3580f2a1c762bbee8c1c29b0ea4efbed4fede3c30da3d6b0a8c099d137457aa6cb89fce52f4d353b5b02515069450997578,02/19/2023 05:12:00 PM,M,,HELMET NOT USED,UNKNOWN/NA,UNKNOWN/NA,TEST NOT OFFERED,,30,CLEAR,DARKNESS,PEDALCYCLIST,NOT DIVIDED,STRAIGHT AND LEVEL,DRY,NO INJURY / DRIVE AWAY,DIVERSEY AVE,41.9320022092,-87.7185590124,POINT (-87.718559012356 41.932002209153)
O1520795,BICYCLE,023cd44de128f4cf1ce0b336f969be94bbd70adae90f9120c484ed8ccd6f71255b6aa04ace66a9a23470362a76fade9b094fc34201beb2f65eb56ab5668f1bfd,02/19/2023 03:34:00 PM,M,23.0,HELMET NOT USED,UNKNOWN/NA,IN ROADWAY,TEST NOT OFFERED,,20,CLEAR,DAYLIGHT,PEDALCYCLIST,ONE-WAY,STRAIGHT AND LEVEL,DRY,INJURY AND / OR TOW DUE TO CRASH,CHARLESTON ST,41.9200396286,-87.6833220047,POINT (-87.683322004669 41.920039628563)
O1520731,BICYCLE,c4a9198c638f6904c58342942cad1ca096b428f972c822021b5ed135951de8d3c7389e32dfc7ba7e0a8b8864b14952ede518d0204112a5c09d42975f9e411604,02/19/2023 11:25:00 AM,M,3.0,BICYCLE HELMET (PEDACYCLIST INVOLVED ONLY),CROSSING - WITH SIGNAL,IN CROSSWALK,TEST NOT OFFERED,,25,CLEAR,DAYLIGHT,PEDESTRIAN,FOUR WAY,STRAIGHT AND LEVEL,DRY,INJURY AND / OR TOW DUE TO CRASH,AUGUSTA BLVD,41.8998938478,-87.6626287557,POINT (-87.6626287557 41.899893847802)
O1520556,NON-MOTOR VEHICLE,04eb060a81d6b1c95c9d847edb3c88ee9caeba085262d51a6e0243af0a2e0aca2d6e6ab3e28959f434581086778b6fa35668b460fed2c5b8d2b7df160948c315,02/19/2023 02:25:00 AM,M,24.0,SAFETY BELT NOT USED,NO ACTION,UNKNOWN/NA,TEST REFUSED,,10,CLEAR,DARKNESS,FIXED OBJECT,PARKING LOT,STRAIGHT AND LEVEL,DRY,NO INJURY / DRIVE AWAY,CLYBOURN AVE,41.9077120185,-87.6448489852,POINT (-87.644848985174 41.907712018509)
O1520532,BICYCLE,3e59c40186b8f815bd665ff329055c919f4c1d6b24f8e371546497916361218c549873b6fc2b303c1504445721d4643844aec75b5df23b84fdadfc9f9ad226c1,02/18/2023 11:14:00 PM,M,45.0,HELMET NOT USED,NO ACTION,UNKNOWN/NA,TEST NOT OFFERED,,30,CLEAR,"DARKNESS, LIGHTED ROAD",PEDALCYCLIST,NOT DIVIDED,STRAIGHT AND LEVEL,DRY,INJURY AND / OR TOW DUE TO CRASH,LAWRENCE AVE,41.9683897212,-87.7245257258,POINT (-87.724525725802 41.968389721175)
O1519558,BICYCLE,78e4917e7df5e758c7c18c31f54db5d60fba4ea10d6dfa9b6530854baf378f79cf624d3b8bfc91eb6f33b06e596c407325dbff401734fe495ee30ee0ae44e9ae,02/17/2023 02:15:00 PM,F,18.0,HELMET NOT USED,TURNING LEFT,IN ROADWAY,TEST NOT OFFERED,,30,CLEAR,DAYLIGHT,PEDALCYCLIST,NOT DIVIDED,STRAIGHT AND LEVEL,DRY,NO INJURY / DRIVE AWAY,BRYN MAWR AVE,41.9834343576,-87.6747551902,POINT (-87.674755190175 41.983434357551)
O1518812,BICYCLE,6cfc8a6825d119511fadf064f17b830553b502b752780fffce51b20d40850b8438d5a3d3a6a2946cccaf451fff70854ca2d3f93aff788749e0dc2a82b3ceec7a,02/16/2023 03:40:00 PM,F,44.0,HELMET NOT USED,OTHER ACTION,IN CROSSWALK,TEST NOT OFFERED,,30,SLEET/HAIL,UNKNOWN,PEDALCYCLIST,ONE-WAY,STRAIGHT AND LEVEL,WET,INJURY AND / OR TOW DUE TO CRASH,AINSLIE ST,41.9701555122,-87.7294587019,POINT (-87.729458701893 41.970155512155)
O1518284,BICYCLE,3449eab537b00642d2b3d5449ce6d1f4aabc9b7049a997052927722a14c0ed9b70ee90333dc261d5b1ad689f103a3840592f3c6775be3b06e7eba7439538ff09,02/15/2023 04:40:00 PM,M,39.0,HELMET NOT USED,WITH TRAFFIC,IN ROADWAY,TEST NOT OFFERED,,30,CLEAR,"DARKNESS, LIGHTED ROAD",PEDALCYCLIST,NOT DIVIDED,STRAIGHT AND LEVEL,DRY,INJURY AND / OR TOW DUE TO CRASH,MONTROSE AVE,41.960242504,-87.7769558962,POINT (-87.776955896207 41.960242503969)
O1518112,BICYCLE,028ba16b0f85480e6dabc49f86f2931dece3f7258247d4882d14d29b9e8687cab34ebf98c7c16869930bd874e2f532fb86720ffdc192d4d9489f1cbd2e189452,02/15/2023 12:40:00 PM,M,,BICYCLE HELMET (PEDACYCLIST INVOLVED ONLY),UNKNOWN/NA,IN ROADWAY,TEST NOT OFFERED,,30,CLEAR,DAYLIGHT,PEDALCYCLIST,ONE-WAY,STRAIGHT AND LEVEL,DRY,NO INJURY / DRIVE AWAY,CLARK ST,41.890058266,-87.6312298874,POINT (-87.631229887382 41.890058266028)
O1517690,BICYCLE,3a47b4da3d18afc69b24054de518fba98681bf6b0b1af10ad7aacb89f9239fce65f4e112f1c1bf8aa9966532d950b56026a1d6e9e1ab2da551f1b644190e7c7f,02/14/2023 06:20:00 PM,M,15.0,HELMET NOT USED,OTHER ACTION,UNKNOWN/NA,TEST NOT OFFERED,,20,RAIN,"DARKNESS, LIGHTED ROAD",PEDALCYCLIST,PARKING LOT,STRAIGHT AND LEVEL,WET,INJURY AND / OR TOW DUE TO CRASH,POPLAR AVE,41.8413489899,-87.6495076896,POINT (-87.649507689582 41.841348989899)
O1517644,BICYCLE,50d33b46c56affbbed878736e4e16f7ddcc08279d44c77640d5d32bc7456c64df8f90fa28b8e93a5b46e3ba2af74034164be96aac4ee7daca8a543fa617fb33d,02/14/2023 05:10:00 PM,M,40.0,BICYCLE HELMET (PEDACYCLIST INVOLVED ONLY),WITH TRAFFIC,SHOULDER,TEST NOT OFFERED,,30,RAIN,"DARKNESS, LIGHTED ROAD",PEDALCYCLIST,NOT DIVIDED,STRAIGHT AND LEVEL,WET,NO INJURY / DRIVE AWAY,BLACKHAWK ST,41.9071066531,-87.6675024254,POINT (-87.667502425393 41.90710665305)
O1517859,BICYCLE,8d20a709772e2c7a6f21b30435af59befdc58e087e13b008e556a775c9e10d52d6f103665168bcfdf51c2039b87cbf32f5d976282a22b6f2f1686356e8a98387,02/14/2023 05:30:00 AM,M,17.0,BICYCLE HELMET (PEDACYCLIST INVOLVED ONLY),CROSSING - NO CONTROLS (AT INTERSECTION),DRIVEWAY ACCESS,TEST NOT OFFERED,Y,30,RAIN,"DARKNESS, LIGHTED ROAD",PEDALCYCLIST,ALLEY,STRAIGHT AND LEVEL,WET,INJURY AND / OR TOW DUE TO CRASH,PERSHING RD,41.823671514,-87.6211215111,POINT (-87.621121511095 41.823671514033)
O1516559,BICYCLE,a3de044fd2311a44f7a4b4b713b3e1258676720aa368bed4de1dd77df4dc3c6af353bf9078af11bd1ca8170bc21385ded1998e5f03a0a870af35d8821b989302,02/12/2023 10:30:00 PM,M,63.0,HELMET NOT USED,WITH TRAFFIC,SHOULDER,TEST NOT OFFERED,Y,30,CLEAR,"DARKNESS, LIGHTED ROAD",PEDALCYCLIST,DIVIDED - W/MEDIAN (NOT RAISED),STRAIGHT AND LEVEL,DRY,INJURY AND / OR TOW DUE TO CRASH,SHERIDAN RD,42.0041637463,-87.6606890572,POINT (-87.660689057214 42.004163746339)
O1516453,BICYCLE,555947f52a9351835c4866e4e4b36572cae9c451b60f266708168a7b4684046b058405a91c4d474b470378dcd92dec5703e2a93105f47259c81bbd362c54a6fa,02/12/2023 05:20:00 PM,M,25.0,BICYCLE HELMET (PEDACYCLIST INVOLVED ONLY),WITH TRAFFIC,IN ROADWAY,TEST NOT OFFERED,,25,CLEAR,"DARKNESS, LIGHTED ROAD",PEDALCYCLIST,NOT DIVIDED,STRAIGHT AND LEVEL,DRY,INJURY AND / OR TOW DUE TO CRASH,BROADWAY,41.9452445612,-87.6458255009,POINT (-87.645825500882 41.945244561184)
O1516510,BICYCLE,2510b195e4eed26ccc81aa957789e591d6016e1b0b32cac1aa0ef0b8005ad21771e98e60b1442e763ea7cd69a6add7dd49d9136249e0e122e42fe924b4cf2260,02/12/2023 03:45:00 PM,M,19.0,HELMET NOT USED,CROSSING - NO CONTROLS (AT INTERSECTION),IN ROADWAY,TEST NOT OFFERED,,25,CLEAR,DAYLIGHT,PEDALCYCLIST,NOT DIVIDED,STRAIGHT AND LEVEL,DRY,INJURY AND / OR TOW DUE TO CRASH,25TH ST,41.8465313622,-87.69782704,POINT (-87.697827040031 41.846531362239)
O1516851,BICYCLE,bc78e2cdd95f097427d167f3eb2f1a9d1808912d7c7ebb92246ff30d29668f4b696022d14cbda5475b8c4ce58443e8e0312beba244ef967b6ed41597051a3f1f,02/11/2023 10:55:00 PM,M,22.0,BICYCLE HELMET (PEDACYCLIST INVOLVED ONLY),WITH TRAFFIC,BIKE LANE,TEST NOT OFFERED,,30,CLEAR,"DARKNESS, LIGHTED ROAD",PEDALCYCLIST,ONE-WAY,STRAIGHT AND LEVEL,DRY,INJURY AND / OR TOW DUE TO CRASH,RANDOLPH ST,41.884552309,-87.63975418,POINT (-87.639754179988 41.884552309006)
O1516010,BICYCLE,d8c58a8e36a9edcf6c85d0c347d530b401e02d99501bc01c6c12460992d07e858f9cd3b4d9bf921c2c9f70e86e2158ce62a4c555a98bced4dfc1768df4cb5847,02/11/2023 10:37:00 PM,M,50.0,BICYCLE HELMET (PEDACYCLIST INVOLVED ONLY),TURNING RIGHT,IN ROADWAY,,,30,CLEAR,"DARKNESS, LIGHTED ROAD",PEDALCYCLIST,FOUR WAY,STRAIGHT AND LEVEL,DRY,INJURY AND / OR TOW DUE TO CRASH,BELMONT AVE,41.9398520812,-87.6506533288,POINT (-87.650653328786 41.93985208124)
O1515648,BICYCLE,1831a4dac00c0c04334a5c63e22376fb2c5e45c66ffc25fafa68bc74676c3d68c3cb40e9028f57ff6b90eb07af6508ce55fea4ca04f83229e5a6aa1f913b79db,02/11/2023 10:30:00 AM,F,34.0,HELMET NOT USED,AGAINST TRAFFIC,IN ROADWAY,TEST NOT OFFERED,N,25,CLEAR,DAYLIGHT,PEDALCYCLIST,DIVIDED - W/MEDIAN (NOT RAISED),STRAIGHT AND LEVEL,DRY,INJURY AND / OR TOW DUE TO CRASH,BROADWAY,41.9605671771,-87.6542206605,POINT (-87.654220660453 41.960567177127)
O1515216,BICYCLE,9a1a883a7d7b6544776d07cee89516f5d75d423b1cea971cc71bc752a313b885102165995b16cc059e35bd5862ebe9077d124ff9032f1402d10c1e9307a8c5aa,02/10/2023 03:58:00 PM,M,42.0,BICYCLE HELMET (PEDACYCLIST INVOLVED ONLY),WITH TRAFFIC,IN ROADWAY,,,35,CLEAR,DAYLIGHT,PEDALCYCLIST,NOT DIVIDED,STRAIGHT AND LEVEL,DRY,NO INJURY / DRIVE AWAY,CHICAGO AVE,41.8967860509,-87.6282808746,POINT (-87.62828087456 41.896786050908)
O1515224,BICYCLE,314bdf08c49ac00b2cea5d9c9a733b7097cb34d85038e63477a053ff71332fa6f20bacf1220c481960dc415ebac03a7fc79d581ee478b9798e7d49f484aae0b1,02/10/2023 03:50:00 PM,M,27.0,HELMET NOT USED,NO ACTION,BIKEWAY,TEST NOT OFFERED,,30,CLEAR,DAYLIGHT,PEDALCYCLIST,NOT DIVIDED,STRAIGHT AND LEVEL,DRY,INJURY AND / OR TOW DUE TO CRASH,ARMITAGE AVE,41.918163306,-87.6569540129,POINT (-87.656954012877 41.918163305961)
O1515062,NON-MOTOR VEHICLE,08dd0eede28b23eab1d0939e554571c70d22e69ed8e060560dfcbeb8ca3cb46139104344a3a062b1e6f2d6c897cbbb8d904949a07e1f43c6beb0b06e1288f9b8,02/10/2023 11:44:00 AM,,,,,,,,30,CLEAR,DAYLIGHT,FIXED OBJECT,DIVIDED - W/MEDIAN (NOT RAISED),STRAIGHT AND LEVEL,DRY,INJURY AND / OR TOW DUE TO CRASH,CORNELL DR,41.7864334731,-87.5848290881,POINT (-87.584829088072 41.786433473055)
O1515029,BICYCLE,7a6ec07f5dc62e991fce8ce53197238266aa47f7cecca2eedb989731141eeeea37491de2ac78baaf09aebd2340020edd1af3d89a0a8e49367590c66c628752f0,02/10/2023 09:47:00 AM,F,59.0,HELMET NOT USED,CROSSING - WITH SIGNAL,IN CROSSWALK,TEST NOT OFFERED,,30,CLEAR,DAYLIGHT,PEDALCYCLIST,CENTER TURN LANE,STRAIGHT AND LEVEL,DRY,INJURY AND / OR TOW DUE TO CRASH,HALSTED ST,41.8233563484,-87.6460685025,POINT (-87.646068502511 41.823356348371)
O1514801,NON-MOTOR VEHICLE,b020eb4e069ca06b9528fe3246bfb9e90059755735ece8d63d522f2072db153e8fbd8031d81ff8b919c06418ca5863fbf18c585adf1dcc27ef4aebaa2b7e4372,02/09/2023 10:00:00 PM,,,USAGE UNKNOWN,UNKNOWN/NA,UNKNOWN/NA,"TEST PERFORMED, RESULTS UNKNOWN",,30,CLEAR,DARKNESS,FIXED OBJECT,NOT DIVIDED,STRAIGHT AND LEVEL,DRY,NO INJURY / DRIVE AWAY,ROOT ST,41.8189429405,-87.6361578516,POINT (-87.636157851618 41.818942940473)
O1514046,BICYCLE,02136ab40bf593703c77a452dc955ce1193d60f61943cf523a73e0764cf7f8e74e40329506d14d63757434b6ae25c195447d08826cfb1e261e880a9c717b64fe,02/08/2023 05:55:00 PM,M,67.0,HELMET NOT USED,CROSSING - NO CONTROLS (AT INTERSECTION),IN CROSSWALK,TEST NOT OFFERED,,35,CLEAR,"DARKNESS, LIGHTED ROAD",PEDALCYCLIST,NOT DIVIDED,STRAIGHT AND LEVEL,DRY,INJURY AND / OR TOW DUE TO CRASH,CENTRAL AVE,41.9331889972,-87.7664596188,POINT (-87.766459618755 41.933188997167)
O1517636,BICYCLE,088e8ccad849a82811c664867e0ba20a14e812b95af7a8617bc6e3af4a4a76ce44b5c5cdd8f1049e9cc84111d3abf0277f63acf418e55284b2a1549ccbf52db6,02/08/2023 05:45:00 PM,M,32.0,BICYCLE HELMET (PEDACYCLIST INVOLVED ONLY),WITH TRAFFIC,BIKE LANE,TEST NOT OFFERED,,30,UNKNOWN,"DARKNESS, LIGHTED ROAD",PEDALCYCLIST,DIVIDED - W/MEDIAN (NOT RAISED),STRAIGHT AND LEVEL,DRY,INJURY AND / OR TOW DUE TO CRASH,KINZIE ST,41.8892649255,-87.6349286922,POINT (-87.634928692179 41.889264925537)
O1513933,BICYCLE,82df3f34b5a2be0703cf514adcfe1b01d201d70e8a0158874b4e90bad522dc7f289435969b1aa620172d3656c5e7f3f990abf4b81eed338c17adc577114eb016,02/08/2023 03:07:00 PM,M,54.0,HELMET NOT USED,CROSSING - NO CONTROLS (NOT AT INTERSECTION),IN CROSSWALK,TEST NOT OFFERED,,10,CLEAR,DAYLIGHT,PEDALCYCLIST,ALLEY,STRAIGHT AND LEVEL,DRY,INJURY AND / OR TOW DUE TO CRASH,57TH ST,41.7900565433,-87.686894159,POINT (-87.686894158958 41.790056543306)