PERSON_ID,PERSON_TYPE,CRASH_RECORD_ID,CRASH_DATE_x,SEX,AGE,SAFETY_EQUIPMENT,PEDPEDAL_ACTION,PEDPEDAL_LOCATION,BAC_RESULT,CRASH_DATE_EST_I,POSTED_SPEED_LIMIT,WEATHER_CONDITION,LIGHTING_CONDITION,FIRST_CRASH_TYPE,TRAFFICWAY_TYPE,ALIGNMENT,ROADWAY_SURFACE_COND,CRASH_TYPE,STREET_NAME,LATITUDE,LONGITUDE,LOCATION
O1513898,NON-MOTOR VEHICLE,cec794d0a04e994657580b4a9d104995b16ed8b24f11db1cc150d4e8bc4c482e454fe0dff91a2d2a43b9c9e1d670b55826d12d32fe31f487dc7b146b1fd89f07,02/08/2023 01:19:00 PM,,,,,,,,15,CLEAR,DAYLIGHT,OTHER OBJECT,NOT DIVIDED,STRAIGHT AND LEVEL,UNKNOWN,NO INJURY / DRIVE AWAY,MONTROSE AVE,41.9604310357,-87.7624365697,POINT (-87.762436569726 41.960431035691)
O1513874,BICYCLE,7aba912f901deb5f1048c23b31a9fd5ce338592df4ac9b7e0d4a17e68b17667f4274da34e0c44590e525897f523d120de9d7c94f450a21bee00f5b1cbf241e0b,02/08/2023 12:55:00 PM,M,25.0,BICYCLE HELMET (PEDACYCLIST INVOLVED ONLY),CROSSING - WITH SIGNAL,IN CROSSWALK,TEST NOT OFFERED,,30,CLEAR,DAYLIGHT,PEDALCYCLIST,NOT DIVIDED,STRAIGHT AND LEVEL,WET,INJURY AND / OR TOW DUE TO CRASH,LAKE SHORE DR,41.9486836744,-87.6436497585,POINT (-87.643649758505 41.948683674375)
O1513840,BICYCLE,848e9001af21af989e449a2fa777150e83d25f2276998c08207dd3a6a56c214b2dba9334e9c5c19de181181fa8fefb2a568c157f14da693547bbb6efa6be221d,02/08/2023 12:46:00 PM,F,45.0,HELMET NOT USED,WITH TRAFFIC,IN ROADWAY,TEST NOT OFFERED,,30,CLEAR,DAYLIGHT,PEDALCYCLIST,NOT DIVIDED,STRAIGHT AND LEVEL,DRY,NO INJURY / DRIVE AWAY,MONTROSE AVE,41.9609602305,-87.7179761918,POINT (-87.71797619183 41.960960230483)
O1513816,BICYCLE,677a4690a3a10a771c002083f99d7f13a244fa90d08109701fa713df5d933ba514f890746525aac623f3de75e7aa50b11c344b3b1e244240dcedefa727cb5ac7,02/08/2023 11:00:00 AM,F,63.0,HELMET NOT USED,CROSSING - NO CONTROLS (NOT AT INTERSECTION),IN ROADWAY,TEST NOT OFFERED,Y,30,CLEAR,DAYLIGHT,PEDALCYCLIST,DIVIDED - W/MEDIAN (NOT RAISED),STRAIGHT AND LEVEL,DRY,INJURY AND / OR TOW DUE TO CRASH,95TH ST,41.7215474119,-87.628892953,POINT (-87.628892953005 41.721547411864)
O1513417,BICYCLE,28917b68c0591f46e043ebcd4317c1aff8c1efd57bedd6d30649e8f7433bcd383b59f98fecdf6e459e47ae6fdcc55a28cce9012b69b5e06e18f3b5928b4494ad,02/07/2023 03:43:00 PM,M,32.0,BICYCLE HELMET (PEDACYCLIST INVOLVED ONLY),OTHER ACTION,BIKE LANE,TEST NOT OFFERED,,30,CLEAR,DAYLIGHT,PEDALCYCLIST,T-INTERSECTION,STRAIGHT AND LEVEL,DRY,INJURY AND / OR TOW DUE TO CRASH,AUGUSTA BLVD,41.8997983047,-87.6685445318,POINT (-87.668544531763 41.899798304689)
O1513093,BICYCLE,039ab0b55110f3ec4d1273c56e28e24ae7c7f5ffb34ff12ea66ba450e8c85ba53fe96f1bd2d7b905e1442f9da630b80b4092bd9786e39deec5a303ca2f928b39,02/07/2023 05:08:00 AM,M,33.0,HELMET NOT USED,WITH TRAFFIC,IN ROADWAY,TEST NOT OFFERED,,30,CLEAR,"DARKNESS, LIGHTED ROAD",PEDALCYCLIST,ONE-WAY,STRAIGHT AND LEVEL,DRY,NO INJURY / DRIVE AWAY,26TH ST,41.8444097476,-87.7208351247,POINT (-87.720835124652 41.844409747615)
O1512937,BICYCLE,76b9c15935a68953ec8c106aa3b7af702bedd3e89fb56dd18f12290878004133254e70c5269f802a74065edd3a958a1b57c1693756338f1636fae34c40cf81e2,02/06/2023 03:20:00 PM,F,43.0,HELMET NOT USED,WITH TRAFFIC,IN ROADWAY,TEST NOT OFFERED,,30,CLEAR,DAYLIGHT,PEDALCYCLIST,ALLEY,STRAIGHT AND LEVEL,DRY,NO INJURY / DRIVE AWAY,GREENVIEW AVE,41.9510344554,-87.6675614496,POINT (-87.667561449581 41.951034455387)
O1512682,BICYCLE,014f6598161e717bcb80dd877d211d9be2dcb62f204761d14cfa516cab58ec858eb6fbc47144a446576caaa4fab6f6c607c8032f8058001478b42682ca01de9f,02/06/2023 11:01:00 AM,M,45.0,HELMET NOT USED,WITH TRAFFIC,BIKEWAY,TEST NOT OFFERED,,25,CLEAR,DAYLIGHT,PEDALCYCLIST,NOT DIVIDED,STRAIGHT AND LEVEL,DRY,NO INJURY / DRIVE AWAY,HALSTED ST,41.8350647903,-87.646058492,POINT (-87.646058492001 41.835064790349)
O1514577,NON-MOTOR VEHICLE,1bfff6649fe5095a93f7c73c04dd9053e0d00a722c216b4b6effd5c44116f20cff950649ac75fa3d3f44cbaf93bd1256427a287f84c97dcbb06f2765e00249fa,02/06/2023 09:30:00 AM,M,,NONE PRESENT,CROSSING - WITH SIGNAL,IN ROADWAY,TEST NOT OFFERED,,30,UNKNOWN,DAYLIGHT,OTHER OBJECT,NOT DIVIDED,STRAIGHT AND LEVEL,UNKNOWN,NO INJURY / DRIVE AWAY,COMMERCIAL AVE,41.728172803,-87.5513593679,POINT (-87.551359367872 41.728172802992)
O1512534,NON-MOTOR VEHICLE,cb8196be18d55e32ec15e7f868fece833d4075e0837f2c20ad98d4183196370c3bd6e573e67506a355f608c4ce6cfb58ee4627e0cca70a8bce880b2fe0dae9df,02/06/2023 07:37:00 AM,,,,,,,,25,CLEAR,DAYLIGHT,FIXED OBJECT,NOT DIVIDED,STRAIGHT AND LEVEL,WET,NO INJURY / DRIVE AWAY,CENTRAL PARK AVE,41.851033414,-87.7151286141,POINT (-87.715128614097 41.851033414019)
O1512375,BICYCLE,fa69b2820c5a6ecd548187f359932dcd6828fa1de5c673559b6dad2d6603adcbf9b54c259df71342d3cee17c7739873e704e0a26103220c9bdff776e3064d653,02/05/2023 08:25:00 PM,M,24.0,HELMET NOT USED,CROSSING - NO CONTROLS (NOT AT INTERSECTION),UNKNOWN/NA,TEST NOT OFFERED,Y,30,CLEAR,"DARKNESS, LIGHTED ROAD",PEDALCYCLIST,NOT DIVIDED,STRAIGHT AND LEVEL,DRY,INJURY AND / OR TOW DUE TO CRASH,WABANSIA AVE,41.9123685444,-87.6798373529,POINT (-87.679837352943 41.912368544406)
O1512939,BICYCLE,f2309d8127d730ad8ad7f0f0ada8711b121484c7e4b0123da4576a7f0a2347b723f399468530a4148219d34b8c1a75f39b545ff43cd33392a833af7bc303e2f5,02/05/2023 02:03:00 PM,M,16.0,BICYCLE HELMET (PEDACYCLIST INVOLVED ONLY),OTHER ACTION,BIKE LANE,TEST NOT OFFERED,,30,CLEAR,DAYLIGHT,PEDALCYCLIST,DIVIDED - W/MEDIAN (NOT RAISED),STRAIGHT AND LEVEL,DRY,INJURY AND / OR TOW DUE TO CRASH,DIVERSEY AVE,41.9313096155,-87.7549968394,POINT (-87.754996839358 41.93130961546)
O1511774,BICYCLE,52384caa07cb4907c51ea0f2be58f2e675d1cd88c8d2e0405cdeb12e16639655a06c3d8fad66d9a2b975081e3212b9c34ad6b40fd46a0462781723b0454c2b57,02/04/2023 07:50:00 PM,M,34.0,HELMET NOT USED,WITH TRAFFIC,BIKE LANE,TEST NOT OFFERED,,30,CLEAR,"DARKNESS, LIGHTED ROAD",PEDALCYCLIST,NOT DIVIDED,STRAIGHT AND LEVEL,DRY,INJURY AND / OR TOW DUE TO CRASH,ELSTON AVE,41.9847329931,-87.7675272877,POINT (-87.767527287728 41.984732993092)
O1513872,BICYCLE,89fc944be36573c5046a2783b85824eabb3913439aed5a30d745c6df318aec23c39aa434e71f769abe711bc32c823670941a1d19c04c7163235dc545333027d5,02/04/2023 06:00:00 PM,M,27.0,HELMET NOT USED,OTHER ACTION,BIKEWAY,TEST NOT OFFERED,,30,CLEAR,"DARKNESS, LIGHTED ROAD",PEDALCYCLIST,FOUR WAY,STRAIGHT AND LEVEL,DRY,INJURY AND / OR TOW DUE TO CRASH,111TH ST,41.6924957828,-87.6209778671,POINT (-87.620977867105 41.692495782818)
O1528555,BICYCLE,99ccb302318ef525d5c0c84fbd38e94e2b08f67c669ecd9d7381f634d3ea6b7a74aa3be2d71d0d041d2860a70f6a88c46cc880e086589459532706543e2d2321,02/02/2023 05:15:00 PM,F,54.0,HELMET NOT USED,CROSSING - WITH SIGNAL,IN CROSSWALK,TEST NOT OFFERED,,30,UNKNOWN,UNKNOWN,PEDALCYCLIST,FOUR WAY,STRAIGHT AND LEVEL,UNKNOWN,INJURY AND / OR TOW DUE TO CRASH,ORLEANS ST,41.8924106658,-87.63720268,POINT (-87.637202679986 41.892410665824)
O1510273,NON-MOTOR VEHICLE,234fca348e4b429a049669a97a6449e6496a7200251dd0deada73cd133fa840fb6badac7b025ea89bc1e51d5d90473fa9b5c83ab47b93ea8f470785b7d9ec0bf,01/30/2023 01:28:00 AM,M,71.0,NONE PRESENT,UNKNOWN/NA,UNKNOWN/NA,TEST NOT OFFERED,,10,SNOW,"DARKNESS, LIGHTED ROAD",FIXED OBJECT,ALLEY,STRAIGHT AND LEVEL,SNOW OR SLUSH,NO INJURY / DRIVE AWAY,21ST PL,41.852607044,-87.7311420897,POINT (-87.731142089737 41.852607043955)
O1506989,BICYCLE,fe8e3bf92de539ddffb7f696dac444289517b3a1a2c1a655676d039efd0aa5755ae90b9e93ab7fce221aa585b507da5bed4891ca4dddbd10063be62e225e54c5,01/28/2023 10:10:00 AM,M,37.0,HELMET NOT USED,CROSSING - NO CONTROLS (NOT AT INTERSECTION),IN ROADWAY,TEST NOT OFFERED,,30,CLOUDY/OVERCAST,DAYLIGHT,PEDALCYCLIST,NOT DIVIDED,STRAIGHT AND LEVEL,ICE,NO INJURY / DRIVE AWAY,BELMONT AVE,41.939267491,-87.7221489161,POINT (-87.722148916094 41.939267490999)
O1507023,BICYCLE,7924f00c55a8ac8a56064c60cd1b9a0ff63a2c27c4bc16ebcbd21c9b55d25f0ef8cb41d360f007a1931e4743b702f1480c2cb5f539a4b94e84062874a865122a,01/28/2023 09:30:00 AM,X,,HELMET NOT USED,UNKNOWN/NA,IN CROSSWALK,TEST NOT OFFERED,,30,SNOW,DAYLIGHT,PEDALCYCLIST,FOUR WAY,STRAIGHT AND LEVEL,SNOW OR SLUSH,NO INJURY / DRIVE AWAY,RIDGE AVE,41.9890034683,-87.6690822443,POINT (-87.669082244321 41.989003468279)
O1506725,BICYCLE,5e295f1baf2a227684e3c551ecf24d9c3f60c9f5271bfd1ac02c152269344e4a412b10a045e8521d0b6d631618780aed833b0fb47642d1dd927138c3ef3b4f40,01/27/2023 07:20:00 PM,M,27.0,BICYCLE HELMET (PEDACYCLIST INVOLVED ONLY),CROSSING - NO CONTROLS (NOT AT INTERSECTION),IN ROADWAY,TEST NOT OFFERED,,15,CLEAR,"DARKNESS, LIGHTED ROAD",PEDALCYCLIST,ALLEY,STRAIGHT AND LEVEL,UNKNOWN,INJURY AND / OR TOW DUE TO CRASH,GREENLEAF AVE,42.0104932306,-87.6633686808,POINT (-87.663368680788 42.010493230632)
O1506299,BICYCLE,4cc3c3a63480f855e0ddff44c409f0f22f7856e23ab0235c7573297a7065c19514d63d0398dd8050f382fe34fbda31d183351eb439ab120ebca1546602965de9,01/27/2023 10:15:00 AM,M,27.0,HELMET NOT USED,TURNING RIGHT,IN ROADWAY,TEST NOT OFFERED,,30,SNOW,DAYLIGHT,PEDALCYCLIST,FOUR WAY,STRAIGHT AND LEVEL,SNOW OR SLUSH,INJURY AND / OR TOW DUE TO CRASH,18TH ST,41.8577710109,-87.6761195654,POINT (-87.676119565392 41.857771010925)
O1506137,NON-MOTOR VEHICLE,ce0f5752d705ea612e469ca284a391195baf371dfbbdd165ea53dcff0b5d2caa98d693bcc4daca4db9ad3ffe55b4d75866682f99c2e1faef40deea3f2744d52e,01/27/2023 08:12:00 AM,M,17.0,,OTHER ACTION,UNKNOWN/NA,,,15,CLEAR,DAYLIGHT,OTHER OBJECT,ALLEY,STRAIGHT AND LEVEL,DRY,NO INJURY / DRIVE AWAY,ARGYLE ST,41.9720008582,-87.7275281886,POINT (-87.727528188568 41.972000858181)
O1506175,BICYCLE,71923976f68a87f05f5db90bf927f751053ef7ece1c27918f6d696aea7a721ceb972ccbc21a59d8ede2cf9f4b59bcebf96be52d748116ef38a90068920a38ba1,01/27/2023 07:33:00 AM,M,63.0,BICYCLE HELMET (PEDACYCLIST INVOLVED ONLY),OTHER ACTION,BIKEWAY,TEST NOT OFFERED,,30,CLEAR,DAYLIGHT,PEDALCYCLIST,NOT DIVIDED,STRAIGHT AND LEVEL,DRY,INJURY AND / OR TOW DUE TO CRASH,CORTLAND ST,41.9168252668,-87.6653247479,POINT (-87.665324747896 41.916825266803)
O1505878,BICYCLE,24ef9f33f133de93cd8c6c8b94b078b862ec33271468a7eadeb625458a83bfb4fd90c176d9386eceed6e1edf7753aafae35e9c973e3833b396251f7172b86877,01/26/2023 05:23:00 PM,M,37.0,HELMET NOT USED,WITH TRAFFIC,BIKE LANE,TEST NOT OFFERED,,30,SNOW,"DARKNESS, LIGHTED ROAD",PEDALCYCLIST,NOT DIVIDED,STRAIGHT AND LEVEL,WET,INJURY AND / OR TOW DUE TO CRASH,MILWAUKEE AVE,41.9054112089,-87.6694582378,POINT (-87.6694582378 41.905411208877)
O1504678,BICYCLE,4538eedfc9a3ba0cdecec25c2e8a6a01d8768ef5586ccb11397a8db2bcbb76701052861ec6a47ed1d8ac8df271f7370c4e177ae8b81a1c931a0ffc7bb9c1cda1,01/25/2023 08:08:00 AM,M,13.0,HELMET NOT USED,WITH TRAFFIC,IN ROADWAY,TEST NOT OFFERED,,30,SNOW,DAYLIGHT,PEDALCYCLIST,NOT DIVIDED,STRAIGHT AND LEVEL,SNOW OR SLUSH,NO INJURY / DRIVE AWAY,CORTLAND ST,41.9152499396,-87.7252189935,POINT (-87.725218993469 41.915249939618)
O1506195,NON-MOTOR VEHICLE,8d5231f3afc3a0ce00e24866e7cfc8e2ac3c9d32e8a448fb9b0499c5aeb7d683cc65f6b99ba3f785d8e025a1326f0b3ac83aa73ff6bbe538994143dbdaf3d8d3,01/25/2023 08:00:00 AM,,,,,,,,30,SNOW,DAYLIGHT,FIXED OBJECT,OTHER,STRAIGHT AND LEVEL,SNOW OR SLUSH,NO INJURY / DRIVE AWAY,OHARE ST,,,
O1504572,BICYCLE,9581a9560bc4cdb20282519083ff7956f538f1dd73895e3116318a916108b69889d8f9e3c83eb124ec978fa6d1479ecfd5462232a3139f11703779a52e5d350f,01/24/2023 11:04:00 PM,M,41.0,HELMET NOT USED,CROSSING - NO CONTROLS (NOT AT INTERSECTION),IN ROADWAY,TEST NOT OFFERED,,30,CLEAR,"DARKNESS, LIGHTED ROAD",PEDALCYCLIST,NOT DIVIDED,STRAIGHT AND LEVEL,DRY,INJURY AND / OR TOW DUE TO CRASH,HARLEM AVE,41.9225572636,-87.8060627948,POINT (-87.80606279482 41.92255726355)
O1504557,BICYCLE,ec1fdf9b643cee4e619ce5ecbed2dcfc36f7b2d4be1e369c95f576dc26bb348cdccb18fc85cee1f0383437ae65219590933766d50bb50183c2f1f262b730f951,01/24/2023 09:38:00 PM,M,21.0,BICYCLE HELMET (PEDACYCLIST INVOLVED ONLY),WITH TRAFFIC,IN ROADWAY,TEST NOT OFFERED,,30,CLEAR,"DARKNESS, LIGHTED ROAD",PEDALCYCLIST,OTHER,STRAIGHT AND LEVEL,DRY,INJURY AND / OR TOW DUE TO CRASH,ERIE ST,41.8941219289,-87.6325904421,POINT (-87.632590442063 41.894121928903)
O1504410,NON-MOTOR VEHICLE,1da4dfd489907ea8a8c9ab39a6f58ee6abc0b1562499c9a82235eef1f8b64b5b0258c5f59e9dc547768f63587c2890448de9e8090e21e96f65f6bca30bf0a7d6,01/24/2023 03:30:00 PM,F,55.0,,,,TEST NOT OFFERED,N,30,CLEAR,UNKNOWN,FIXED OBJECT,RAMP,STRAIGHT AND LEVEL,UNKNOWN,NO INJURY / DRIVE AWAY,MICHIGAN AVE,41.8637391948,-87.6239241337,POINT (-87.623924133706 41.863739194782)
O1504565,BICYCLE,d363fa0a6bd73e029dc236081583090e914ef3fec3472d9da2f70b7a732b23ce4ad466c21a9b9be879e12eb8d9cf19b2f497f80c522d091845fc40f4882ef8ca,01/24/2023 10:12:00 AM,,,HELMET NOT USED,WITH TRAFFIC,UNKNOWN/NA,TEST NOT OFFERED,,30,CLEAR,"DARKNESS, LIGHTED ROAD",PEDALCYCLIST,NOT DIVIDED,STRAIGHT AND LEVEL,DRY,NO INJURY / DRIVE AWAY,HUBBARD ST,41.8900914387,-87.6341061944,POINT (-87.634106194444 41.890091438689)
O1506285,BICYCLE,c5ad30acd6734f11895ce116eefe67cf432f3c4871d85e54fc3f05cc2ebf4264ec6b3822d5d94e1d3f784e672e8acecb1201aaab5790fb7b08e13e14195dab16,01/24/2023 07:20:00 AM,M,,BICYCLE HELMET (PEDACYCLIST INVOLVED ONLY),WITH TRAFFIC,IN ROADWAY,TEST NOT OFFERED,,30,CLEAR,DAYLIGHT,PEDALCYCLIST,NOT DIVIDED,STRAIGHT AND LEVEL,DRY,INJURY AND / OR TOW DUE TO CRASH,STATE ST,41.9023119157,-87.6284973814,POINT (-87.628497381363 41.902311915686)
O1502655,BICYCLE,f87d7f40b29a95d8969d9cc86c1619f5c4b894f8eb1d17608930e1f801035e0cb3418f6ad5b2fb706c63becc334387177c664c5ffa07443c12b11410647c7a37,01/21/2023 02:51:00 PM,M,63.0,BICYCLE HELMET (PEDACYCLIST INVOLVED ONLY),WITH TRAFFIC,IN ROADWAY,TEST NOT OFFERED,,30,CLEAR,DAYLIGHT,PEDALCYCLIST,DIVIDED - W/MEDIAN (NOT RAISED),STRAIGHT AND LEVEL,DRY,INJURY AND / OR TOW DUE TO CRASH,SHERIDAN RD,41.9526213022,-87.65067083,POINT (-87.650670830029 41.952621302247)
O1508392,BICYCLE,4bafea0047d50ea71a43d8d3663feb354bb36d6377d8a1bd75d3c8bd5bcb4a67709c83c20eadf89020289fa8a29e65934039cee290e43a8c59ff5f46785b509a,01/21/2023 02:45:00 PM,M,29.0,HELMET NOT USED,CROSSING - NO CONTROLS (NOT AT INTERSECTION),BIKE LANE,TEST NOT OFFERED,,30,CLEAR,DAYLIGHT,PEDALCYCLIST,PARKING LOT,STRAIGHT AND LEVEL,DRY,INJURY AND / OR TOW DUE TO CRASH,HARRISON ST,41.8744295194,-87.6545492731,POINT (-87.654549273052 41.874429519405)
O1501764,NON-MOTOR VEHICLE,379a262452eb9ef37cfeb25ab5a3f112e95e945c7dbebd299db69175e3acad1f43654e950b671f55990406ced5d054368f801a37723156fb93bc51ac2d502ff6,01/19/2023 11:00:00 PM,,,NONE PRESENT,,,TEST NOT OFFERED,,30,RAIN,"DARKNESS, LIGHTED ROAD",FIXED OBJECT,DIVIDED - W/MEDIAN (NOT RAISED),STRAIGHT AND LEVEL,WET,INJURY AND / OR TOW DUE TO CRASH,CICERO AVE,41.9406074923,-87.7467686034,POINT (-87.746768603401 41.940607492281)
O1504858,BICYCLE,ac901f5ba7568b107364f8aeb0644aeab2e896edcf0f270593084ae808072fec957a00fbdbb61afc2972b7cac0c5e145a49f6a33f10c839ed4513ceccc8d9cea,01/19/2023 07:30:00 PM,M,28.0,BICYCLE HELMET (PEDACYCLIST INVOLVED ONLY),CROSSING - NO CONTROLS (NOT AT INTERSECTION),DRIVEWAY ACCESS,TEST NOT OFFERED,,15,CLEAR,"DARKNESS, LIGHTED ROAD",PEDALCYCLIST,PARKING LOT,STRAIGHT AND LEVEL,DRY,NO INJURY / DRIVE AWAY,KIMBALL AVE,41.9686080489,-87.7132236519,POINT (-87.713223651865 41.968608048852)
O1501733,BICYCLE,8fd79c25afd5c5085a3143ad3c36d4a16162bb1e6003b7915b5dc48b0ae5f160ee2e67b430a2418347078c0dc734c921b73577231e76985c96766679520efff5,01/19/2023 07:19:00 PM,M,28.0,HELMET NOT USED,CROSSING - WITH SIGNAL,IN CROSSWALK,TEST NOT OFFERED,,30,CLEAR,"DARKNESS, LIGHTED ROAD",PEDALCYCLIST,NOT DIVIDED,STRAIGHT AND LEVEL,WET,INJURY AND / OR TOW DUE TO CRASH,CICERO AVE,41.9168364877,-87.7462520454,POINT (-87.74625204539 41.916836487728)
O1501079,BICYCLE,906fae4922f713fe6be5bc00143e45673296fe228eeb7d6e9cd3456539aa9cd107820ca75786a6cd250eee0cd8a4d35f105722436cf89c4d00c59a9e659cb3b3,01/18/2023 10:25:00 PM,F,19.0,HELMET NOT USED,CROSSING - WITH SIGNAL,IN CROSSWALK,TEST NOT OFFERED,,30,RAIN,"DARKNESS, LIGHTED ROAD",PEDALCYCLIST,NOT DIVIDED,STRAIGHT AND LEVEL,WET,INJURY AND / OR TOW DUE TO CRASH,KIMBALL AVE,41.9630404262,-87.7133476514,POINT (-87.71334765143 41.963040426218)
O1501047,NON-MOTOR VEHICLE,19c46dbc9581937329e727df9f47ab41dedd412c691482fe4459434cd8eefc7b411b1e6aa44b4cb9f021a11f3c1227a5dbd271d1c9899b17a1af769fa0711414,01/18/2023 07:00:00 PM,,,,,,,,45,CLEAR,DARKNESS,FIXED OBJECT,DIVIDED - W/MEDIAN BARRIER,STRAIGHT AND LEVEL,WET,INJURY AND / OR TOW DUE TO CRASH,LAKE SHORE DR NB,41.8993222788,-87.6187384331,POINT (-87.618738433114 41.899322278833)
O1501004,BICYCLE,7ebcf325877153117737dfccfd583d789fabf34609fc67484dd5a814fb7c2cd8f1d94e8f89518bfc71c31ad7cb5f10f0aec95f64bdcb8a7bc96f19553289e9b0,01/18/2023 06:26:00 PM,F,63.0,HELMET NOT USED,OTHER ACTION,BIKE LANE,TEST NOT OFFERED,,30,CLEAR,DARKNESS,PEDALCYCLIST,DIVIDED - W/MEDIAN (NOT RAISED),STRAIGHT AND LEVEL,UNKNOWN,INJURY AND / OR TOW DUE TO CRASH,CLARK ST,42.0153969107,-87.6749503452,POINT (-87.674950345201 42.015396910676)
O1500677,BICYCLE,514835a6e09b469aa5782f8a6e7e78e933add1b6c8f996d42e4683d2e6456cb73518c0a6ecf4802ec3e99fcd4450889daac80d72b452a81cee131d6496a96166,01/18/2023 09:09:00 AM,F,28.0,HELMET NOT USED,CROSSING - WITH SIGNAL,BIKE LANE,TEST NOT OFFERED,,30,CLEAR,DAYLIGHT,PEDALCYCLIST,ONE-WAY,STRAIGHT AND LEVEL,DRY,INJURY AND / OR TOW DUE TO CRASH,MONROE ST,41.8804479088,-87.6418389753,POINT (-87.641838975344 41.880447908792)
O1500466,BICYCLE,76a59280409e89d301088f063048accd0a2d72431dadbab1d6d07acb87f5916037f13b571df2e3d6ea41a44eef5e3a6c26b1bfbbcbd1031e6389e3ebdf3216e7,01/17/2023 05:55:00 PM,M,60.0,HELMET NOT USED,AGAINST TRAFFIC,UNKNOWN/NA,TEST NOT OFFERED,,30,CLEAR,"DARKNESS, LIGHTED ROAD",PEDALCYCLIST,FOUR WAY,STRAIGHT AND LEVEL,DRY,INJURY AND / OR TOW DUE TO CRASH,HARDING AVE,41.8516605902,-87.7233522336,POINT (-87.723352233586 41.851660590164)
O1499878,BICYCLE,460aea72ae058d5979533bc767fb672db62baec497cbda65fd509175799076e84cd81aa3b235ff0391b24b7293d2fc870f2b277b9eb93c0caeb46582ff8a73bc,01/16/2023 07:00:00 PM,X,,HELMET NOT USED,OTHER ACTION,UNKNOWN/NA,TEST NOT OFFERED,,30,CLEAR,DARKNESS,PEDALCYCLIST,ONE-WAY,STRAIGHT AND LEVEL,WET,NO INJURY / DRIVE AWAY,SUPERIOR ST,41.8958263727,-87.6258105835,POINT (-87.625810583484 41.895826372695)
O1507198,BICYCLE,9110e2cb7b565b4ae177335f509db265e688ea0186339c4eb803d363a9e0fdedd61ca2d0f5baf5c91752daaeb72114d3528fccc7c74abeb5e5d5eac5c529e5b2,01/15/2023 02:40:00 PM,F,31.0,HELMET NOT USED,WITH TRAFFIC,BIKE LANE,TEST NOT OFFERED,,30,CLEAR,DAYLIGHT,PEDALCYCLIST,NOT DIVIDED,STRAIGHT AND LEVEL,UNKNOWN,INJURY AND / OR TOW DUE TO CRASH,DAMEN AVE,41.953723263,-87.678887838,POINT (-87.678887838023 41.953723263042)
O1499271,BICYCLE,09334661913115c9704a8f6f5654f8949b8c2a997530cb1a3b69e1833bb47db8c70c30ed92d4f7652a3f425283cace906295a7096c59fb456c431cb044abf393,01/15/2023 01:00:00 PM,M,20.0,HELMET NOT USED,OTHER ACTION,IN ROADWAY,TEST NOT OFFERED,,30,CLEAR,DAYLIGHT,PEDALCYCLIST,ONE-WAY,"CURVE, LEVEL",DRY,INJURY AND / OR TOW DUE TO CRASH,ADAMS ST,41.8792431075,-87.6366277969,POINT (-87.636627796922 41.879243107531)
O1498258,BICYCLE,3239d6c7845cde8713ca69212e7d9ff0bcae126709223551660e0d3efa27cb23fdfac0b3f38807ff1a48efdfe6db90c2f1904c1d84b409a00098e16df2965197,01/13/2023 05:38:00 PM,M,46.0,BICYCLE HELMET (PEDACYCLIST INVOLVED ONLY),WITH TRAFFIC,SHOULDER,TEST NOT OFFERED,,25,CLEAR,"DARKNESS, LIGHTED ROAD",PEDALCYCLIST,NOT DIVIDED,STRAIGHT ON GRADE,DRY,INJURY AND / OR TOW DUE TO CRASH,CLARK ST,42.0149756917,-87.6751761987,POINT (-87.67517619872 42.014975691711)
O1497923,NON-MOTOR VEHICLE,c95f1584bea74e20ef851dea06a58b0b273ac4f3b90605fde09d9592cd82230cd10e8e7526f7667c09f068d509d67bc57d11cbb0066797a11e9d3be60a635a01,01/13/2023 10:55:00 AM,M,48.0,NONE PRESENT,,,TEST NOT OFFERED,,30,CLEAR,DAYLIGHT,PARKED MOTOR VEHICLE,DIVIDED - W/MEDIAN (NOT RAISED),STRAIGHT AND LEVEL,DRY,NO INJURY / DRIVE AWAY,DR MARTIN LUTHER KING JR DR,41.7247703488,-87.6143642713,POINT (-87.614364271349 41.724770348786)
O1497190,BICYCLE,a8a5e97165a371b8edf7ef02d187aeb0cc045adbddfc2cac116625553b9293f7bb6b30ae08809edee2c04586a3f5a4653d7b5e9ed0eaa89508ab35876c0f5da2,01/12/2023 07:54:00 AM,F,39.0,BICYCLE HELMET (PEDACYCLIST INVOLVED ONLY),CROSSING - AGAINST SIGNAL,IN ROADWAY,TEST NOT OFFERED,,30,CLOUDY/OVERCAST,DAYLIGHT,PEDALCYCLIST,FOUR WAY,STRAIGHT AND LEVEL,DRY,INJURY AND / OR TOW DUE TO CRASH,FULTON ST,41.8867688223,-87.6841863825,POINT (-87.684186382479 41.886768822349)
O1496186,BICYCLE,43037c81c2958f06343bab0a990aebaceb51fc5d3b954a8ab0869b4892e2eeaf9e3c8a609fc44eb51c7783d4d294629e08cc63a70682416fe823993944781f47,01/10/2023 01:22:00 PM,M,62.0,HELMET NOT USED,CROSSING - WITH SIGNAL,BIKEWAY,TEST NOT OFFERED,,30,CLEAR,DAYLIGHT,PEDALCYCLIST,FOUR WAY,STRAIGHT AND LEVEL,DRY,INJURY AND / OR TOW DUE TO CRASH,RANDOLPH ST,41.8845826561,-87.6325080097,POINT (-87.632508009736 41.884582656121)