PERSON_ID,PERSON_TYPE,CRASH_RECORD_ID,CRASH_DATE_x,SEX,AGE,SAFETY_EQUIPMENT,PEDPEDAL_ACTION,PEDPEDAL_LOCATION,BAC_RESULT,CRASH_DATE_EST_I,POSTED_SPEED_LIMIT,WEATHER_CONDITION,LIGHTING_CONDITION,FIRST_CRASH_TYPE,TRAFFICWAY_TYPE,ALIGNMENT,ROADWAY_SURFACE_COND,CRASH_TYPE,STREET_NAME,LATITUDE,LONGITUDE,LOCATION
O1495963,BICYCLE,b1d49083606517b18b2e534d6ad8846f472e372450e251d9f073f163bc193521b15e55d7b9fbd80a92545dc2252087dc7dfa81d6eae697470e89e2c860fc1a0e,01/10/2023 08:16:00 AM,F,38.0,BICYCLE HELMET (PEDACYCLIST INVOLVED ONLY),WITH TRAFFIC,BIKE LANE,TEST NOT OFFERED,,30,CLEAR,DAYLIGHT,PEDALCYCLIST,DIVIDED - W/MEDIAN (NOT RAISED),STRAIGHT AND LEVEL,DRY,INJURY AND / OR TOW DUE TO CRASH,MILWAUKEE AVE,41.9238730951,-87.6991628536,POINT (-87.699162853601 41.923873095147)
O1500121,BICYCLE,0df5999bc9eb478e7933d6f4e70459a05ca9b05fe839329be5876b073e70deba0a0f3b4b5ea5ccc785ee7f187d11ed7052760b2007e506ddf52b83e98c937cfc,01/08/2023 03:00:00 PM,M,67.0,BICYCLE HELMET (PEDACYCLIST INVOLVED ONLY),NO ACTION,IN ROADWAY,TEST NOT OFFERED,,30,CLEAR,DAYLIGHT,PEDALCYCLIST,UNKNOWN,STRAIGHT AND LEVEL,UNKNOWN,INJURY AND / OR TOW DUE TO CRASH,ARGYLE ST,41.9733807841,-87.6578391389,POINT (-87.657839138881 41.973380784098)
O1502568,BICYCLE,6206f70d3f6598aef39038fa8de5c25ae023004fcab63d3fdec6f2a216ebb022c41569a2c73e7e6a16389998dafbca277307c4c70cba776b11e0fa03291d4d43,01/07/2023 11:30:00 PM,M,44.0,BICYCLE HELMET (PEDACYCLIST INVOLVED ONLY),WITH TRAFFIC,IN ROADWAY,TEST NOT OFFERED,N,30,UNKNOWN,"DARKNESS, LIGHTED ROAD",PEDALCYCLIST,NOT DIVIDED,STRAIGHT AND LEVEL,UNKNOWN,INJURY AND / OR TOW DUE TO CRASH,OAK ST,41.9006497816,-87.627416813,POINT (-87.627416813024 41.900649781594)
O1494545,BICYCLE,df3b812eea5915bc4b6bd39b70287c6ac2d68601ed395ddb55700db0df7fd169b3ec4f585881dfce5002ab5d0470d5d17ff7fc4502956e6cceb909d5b4cf547b,01/07/2023 12:23:00 AM,M,28.0,HELMET NOT USED,CROSSING - NO CONTROLS (AT INTERSECTION),IN ROADWAY,TEST NOT OFFERED,,25,CLOUDY/OVERCAST,"DARKNESS, LIGHTED ROAD",PEDALCYCLIST,FOUR WAY,STRAIGHT AND LEVEL,DRY,INJURY AND / OR TOW DUE TO CRASH,SAWYER AVE,41.9357849297,-87.7088881443,POINT (-87.708888144279 41.935784929669)
O1493520,BICYCLE,076229fab2ec040e664a2b13e70f7985f7b34ef2f963516e225d2f68c85d4a2680bbfa6b5610d5315cd5bfd39d27525c51c732d8e3dd162a6e45b4a44a179409,01/04/2023 09:35:00 PM,M,45.0,BICYCLE HELMET (PEDACYCLIST INVOLVED ONLY),TURNING LEFT,IN ROADWAY,TEST NOT OFFERED,,30,CLEAR,"DARKNESS, LIGHTED ROAD",PEDALCYCLIST,NOT DIVIDED,STRAIGHT AND LEVEL,WET,INJURY AND / OR TOW DUE TO CRASH,HALSTED ST,41.8124012651,-87.6457785902,POINT (-87.645778590241 41.8124012651)
O1502424,BICYCLE,b4f5c11b0b03e1d2b2a17b845c9ae77256f8bfcea3022ad03629ec34935906527af67b98fe875a88dd998a7fcf013c986586009e35b3d46ab745d9612ffe50cd,01/04/2023 08:07:00 PM,M,42.0,HELMET NOT USED,CROSSING - WITH SIGNAL,IN ROADWAY,TEST NOT OFFERED,,30,CLOUDY/OVERCAST,"DARKNESS, LIGHTED ROAD",PEDALCYCLIST,FOUR WAY,STRAIGHT AND LEVEL,UNKNOWN,INJURY AND / OR TOW DUE TO CRASH,PULASKI RD,41.8991654527,-87.7263440589,POINT (-87.72634405888 41.899165452656)
O1493466,BICYCLE,05463f20a4cb41d431ca63c785170683919a6c240434736197a55df388b55bfa56d6f27adc947fff09242962f41ce9e3a22311eb3361beee71fb8f2e26254757,01/04/2023 06:50:00 PM,F,59.0,HELMET NOT USED,WITH TRAFFIC,IN ROADWAY,TEST NOT OFFERED,,30,CLEAR,"DARKNESS, LIGHTED ROAD",PEDALCYCLIST,T-INTERSECTION,STRAIGHT AND LEVEL,DRY,NO INJURY / DRIVE AWAY,BROADWAY,41.9731550358,-87.6596339394,POINT (-87.659633939402 41.973155035837)
O1493081,BICYCLE,01e8478cebb69d848c082f3ea7c20fe7371fb6bf4407b7dc8384d3f351db314e34bc97a367045c28912dc2030d1043f86d70ef9334413370bfcade33d078a01e,01/03/2023 09:33:00 PM,M,,HELMET NOT USED,TURNING LEFT,IN ROADWAY,TEST NOT OFFERED,,30,CLEAR,"DARKNESS, LIGHTED ROAD",PEDALCYCLIST,NOT DIVIDED,STRAIGHT AND LEVEL,WET,NO INJURY / DRIVE AWAY,CICERO AVE,41.9314847047,-87.7467398263,POINT (-87.746739826261 41.931484704659)
O1493006,BICYCLE,b21f20b40a7ce45a8ecd5949cc86a115818d41efd7f346d49f8f3103d2563d02681ae69e2ce6b346f996776e3da28b3ac8a675503558d7f3a5c73742e79b0600,01/03/2023 07:05:00 PM,M,75.0,BICYCLE HELMET (PEDACYCLIST INVOLVED ONLY),CROSSING - WITH SIGNAL,IN ROADWAY,TEST NOT OFFERED,,30,FOG/SMOKE/HAZE,"DARKNESS, LIGHTED ROAD",PEDALCYCLIST,NOT DIVIDED,STRAIGHT AND LEVEL,WET,INJURY AND / OR TOW DUE TO CRASH,GRAND AVE,41.9036538217,-87.7197881371,POINT (-87.71978813708 41.903653821701)
O1492713,BICYCLE,2d5e97e3bdc373875e10f81bfd4e54798cde312ea40eec48ac3ed667c18ac23c20361eeb6dc5fa5d7e827a8367583be94b56d5ee4f9ee7991fa0681ac4bffce0,01/03/2023 11:45:00 AM,M,76.0,HELMET NOT USED,CROSSING - NO CONTROLS (AT INTERSECTION),IN CROSSWALK,TEST NOT OFFERED,,30,RAIN,DAYLIGHT,PEDALCYCLIST,NOT DIVIDED,STRAIGHT AND LEVEL,WET,INJURY AND / OR TOW DUE TO CRASH,HARLEM AVE,41.7900439686,-87.8013003947,POINT (-87.801300394739 41.790043968552)
O1493125,NON-MOTOR VEHICLE,07992f4470c479d4609449cd6b9cdc1099c7f64eef4ed7f9830bd2588b3b769d6a489632130a652080229b2e56bb98694c113abd3f6bcb2949f6b4f691226357,01/03/2023 08:30:00 AM,,,,,,,,30,CLOUDY/OVERCAST,DAYLIGHT,OTHER OBJECT,ALLEY,STRAIGHT AND LEVEL,WET,NO INJURY / DRIVE AWAY,68TH ST,41.771212777,-87.6182240084,POINT (-87.618224008353 41.771212777002)
O1491974,BICYCLE,a6bdf91d12530d34bfa8ecac63dfaf3adbfc6d9e987698862d40b89c48ac01e8c9d07ff71102d2588b7a00006ac38ccba5d22c1d977fdcd7f5b1e6e673cf8252,01/01/2023 06:00:00 PM,M,58.0,HELMET NOT USED,CROSSING - WITH SIGNAL,IN ROADWAY,,,30,CLEAR,DARKNESS,PEDALCYCLIST,NOT DIVIDED,STRAIGHT AND LEVEL,DRY,NO INJURY / DRIVE AWAY,SHERIDAN RD,42.0161299449,-87.6652531975,POINT (-87.665253197542 42.016129944887)
O1491572,BICYCLE,d53508cfb08e532dccec9aa29e62d75d08273e1c8df7b89b2fe7d21c56c1f4cf76c39ce1d42e3641a19e1b218ad195f52eb97667a55fe989170bb72c23a1116e,01/01/2023 01:56:00 AM,M,,HELMET NOT USED,CROSSING - AGAINST SIGNAL,IN ROADWAY,TEST NOT OFFERED,,30,RAIN,"DARKNESS, LIGHTED ROAD",PEDALCYCLIST,FOUR WAY,STRAIGHT AND LEVEL,WET,NO INJURY / DRIVE AWAY,NORTH AVE,41.9105827644,-87.6777016771,POINT (-87.677701677062 41.910582764445)
O1491792,NON-MOTOR VEHICLE,6bba425e1d1475ded168e595931396369489ecb3ddea93108212cd1d1f8896063abb352f099dd29ff17c0d6505c596205c5ea2abf995c24f5b5447522216bf6e,12/31/2022 11:34:00 PM,F,26.0,NONE PRESENT,UNKNOWN/NA,IN ROADWAY,TEST NOT OFFERED,,30,UNKNOWN,"DARKNESS, LIGHTED ROAD",OTHER OBJECT,NOT DIVIDED,STRAIGHT AND LEVEL,UNKNOWN,INJURY AND / OR TOW DUE TO CRASH,KINGSBURY ST,41.8914049906,-87.6399778041,POINT (-87.639977804097 41.891404990596)
O1491882,BICYCLE,b9276d4cbf5cc9264784384f39994372ca50ba0aa4ab865780214065495bbc4017706a28335e920191dbea0001ec837736c4f9212ca2eb232b7d17da47a8224f,12/31/2022 10:00:00 PM,M,35.0,HELMET NOT USED,WITH TRAFFIC,BIKE LANE,TEST NOT OFFERED,,30,CLEAR,"DARKNESS, LIGHTED ROAD",PEDALCYCLIST,NOT DIVIDED,STRAIGHT AND LEVEL,DRY,INJURY AND / OR TOW DUE TO CRASH,HALSTED ST,41.9489661967,-87.6496833304,POINT (-87.649683330434 41.948966196714)
O1491453,BICYCLE,edc77d243ab70a525f3023a8c407b672e1e62fd2b1b9428db5ad31566fe6efa7e96b883476d80aa7775c86ce5ccd668bc2f7be6cd2ad220259786a5995e4df9e,12/31/2022 09:02:00 PM,M,23.0,HELMET NOT USED,CROSSING - NO CONTROLS (AT INTERSECTION),IN ROADWAY,TEST NOT OFFERED,,30,CLEAR,"DARKNESS, LIGHTED ROAD",PEDALCYCLIST,NOT DIVIDED,STRAIGHT AND LEVEL,DRY,INJURY AND / OR TOW DUE TO CRASH,SOUTHPORT AVE,41.9561387407,-87.6644077836,POINT (-87.664407783629 41.956138740705)
O1491461,NON-MOTOR VEHICLE,099e4ad39a28d063fd912adab9a6bd3793e2c96e7c788a642d58a543305a7af61728128054868b36fd01f1586620397619ec723c31dd7973f80d7a006a4bf7e5,12/31/2022 03:55:00 PM,,,USAGE UNKNOWN,,,TEST NOT OFFERED,Y,30,CLEAR,DAYLIGHT,OTHER OBJECT,UNKNOWN INTERSECTION TYPE,STRAIGHT AND LEVEL,DRY,INJURY AND / OR TOW DUE TO CRASH,87TH ST,41.7358979855,-87.6431762512,POINT (-87.643176251179 41.735897985492)
O1491894,BICYCLE,e212a88524adc4a370b6e39673490522560659ba575ff9e41be67cfa8edd5f0cb71e384d95b1405434b0fbb4f00c58a8fd91e91fa18a285c0c180c040a655684,12/31/2022 12:42:00 PM,M,79.0,HELMET NOT USED,CROSSING - WITH SIGNAL,IN CROSSWALK,TEST NOT OFFERED,,30,CLEAR,DAYLIGHT,PEDALCYCLIST,NOT DIVIDED,STRAIGHT AND LEVEL,DRY,INJURY AND / OR TOW DUE TO CRASH,KEDZIE AVE,41.8009634781,-87.7036228091,POINT (-87.703622809117 41.800963478135)
O1491193,BICYCLE,8e38a8b59a499b1f96104acb257ce8c749d64db91f74b4e335856f2f99b6fe6bd4a96346f5ed95a5eab2a9548ce18e8c7366d04a071e210858bd917f88f59f7f,12/31/2022 10:50:00 AM,F,34.0,BICYCLE HELMET (PEDACYCLIST INVOLVED ONLY),CROSSING - WITH SIGNAL,IN ROADWAY,TEST NOT OFFERED,,30,CLEAR,DAYLIGHT,PEDALCYCLIST,NOT DIVIDED,STRAIGHT AND LEVEL,DRY,INJURY AND / OR TOW DUE TO CRASH,DAMEN AVE,41.8549113191,-87.6757725659,POINT (-87.675772565874 41.854911319104)
O1491074,BICYCLE,a3c8a19eab9b4d958c12394e462dfb2161dcc58df9f136f60f50766a1e361e9d0d304cf299a86e0e3761f224ecc57b91a168d097b56ef401da38542f603e52ff,12/31/2022 06:45:00 AM,M,51.0,HELMET NOT USED,WITH TRAFFIC,IN ROADWAY,TEST NOT OFFERED,,30,CLEAR,DAWN,PEDALCYCLIST,NOT DIVIDED,STRAIGHT AND LEVEL,DRY,INJURY AND / OR TOW DUE TO CRASH,GRAND AVE,41.9076847876,-87.7299261443,POINT (-87.729926144309 41.907684787642)
O1490884,BICYCLE,162fb3516e9a13c7e7634713abfcb534db1f8062b8382f1faccc4ca88e59a800fccb0c7ab4b86795db7967f23a3d4e20504e628ebba3972bd6316806803c5f58,12/30/2022 08:00:00 PM,F,,BICYCLE HELMET (PEDACYCLIST INVOLVED ONLY),WITH TRAFFIC,IN ROADWAY,TEST NOT OFFERED,,30,CLEAR,DARKNESS,PEDALCYCLIST,NOT DIVIDED,STRAIGHT AND LEVEL,DRY,NO INJURY / DRIVE AWAY,CLARK ST,41.9767814711,-87.6682546305,POINT (-87.668254630512 41.976781471075)
O1490820,BICYCLE,0e6f1f52ebbe6021dab8890433002c0d44481dd51e9c0f5b2d40dba04959da76f821a7ab8708f34f1a0b50fcc81bd9f4d8fd8b70a65c87caad37658dba45f19b,12/30/2022 05:00:00 PM,M,36.0,HELMET NOT USED,WITH TRAFFIC,BIKEWAY,TEST NOT OFFERED,,30,CLEAR,"DARKNESS, LIGHTED ROAD",PEDALCYCLIST,DIVIDED - W/MEDIAN (NOT RAISED),STRAIGHT AND LEVEL,WET,INJURY AND / OR TOW DUE TO CRASH,BELMONT AVE,41.9390528708,-87.7384092392,POINT (-87.73840923916 41.939052870842)
O1490458,BICYCLE,0dac570633985c160be034c3a9e9e14a528859d28f3f10b3d7496e1842dfec6b43cbeb236e2859ed441b604f792563dad6773db1db7c7d2aa4c23a0cf21eba5d,12/30/2022 05:42:00 AM,M,59.0,HELMET NOT USED,WITH TRAFFIC,IN ROADWAY,TEST NOT OFFERED,,30,CLEAR,DAWN,PEDALCYCLIST,DIVIDED - W/MEDIAN (NOT RAISED),STRAIGHT AND LEVEL,DRY,INJURY AND / OR TOW DUE TO CRASH,BROADWAY,41.987362026,-87.6600369911,POINT (-87.660036991142 41.987362025988)
O1490327,BICYCLE,ad639530dbe98a05ec7ac76628811ce6150a88d478b4858532dd951fc6bb52025e3d6ddcd4ac1a73c69d13deb788105da13add0cc036b6bb8876ff2f4f73c1df,12/29/2022 08:38:00 PM,M,20.0,BICYCLE HELMET (PEDACYCLIST INVOLVED ONLY),CROSSING - WITH SIGNAL,IN ROADWAY,TEST NOT OFFERED,,30,CLEAR,"DARKNESS, LIGHTED ROAD",PEDALCYCLIST,NOT DIVIDED,STRAIGHT AND LEVEL,WET,INJURY AND / OR TOW DUE TO CRASH,CICERO AVE,41.9139463567,-87.7461382531,POINT (-87.746138253093 41.913946356732)
O1489880,NON-MOTOR VEHICLE,d92c1d60c4ef01580de0c37d4ecf30fc07fe915508e5d4caedf522bb8e2c3031d948062cb65216a26afc7b61da3662058cc83f5ec158db5cd12f54d4caa26753,12/29/2022 09:00:00 AM,F,63.0,USAGE UNKNOWN,UNKNOWN/NA,UNKNOWN/NA,TEST NOT OFFERED,Y,15,CLOUDY/OVERCAST,DAYLIGHT,FIXED OBJECT,ALLEY,STRAIGHT AND LEVEL,DRY,NO INJURY / DRIVE AWAY,68TH ST,41.7695894268,-87.7130436755,POINT (-87.713043675454 41.769589426794)
O1489849,NON-MOTOR VEHICLE,e2132429585e1d7e9cf69ecf6dfbabad1495253e2bd26cb772f6c9fecba7e95e72c0df445512007d6da08950b76dac50169b7d9b454024fcc38a9dc127782bda,12/25/2022 01:37:00 AM,F,46.0,NONE PRESENT,,,TEST NOT OFFERED,,30,SNOW,DAYLIGHT,FIXED OBJECT,NOT DIVIDED,STRAIGHT AND LEVEL,SNOW OR SLUSH,NO INJURY / DRIVE AWAY,ABERDEEN ST,41.7130089161,-87.6504358765,POINT (-87.650435876505 41.713008916051)
O1487506,BICYCLE,b5f780e73b62b4859dee49e1bed618d8844d9ec6180e41ebb9267fef87c664f10dc5c616ef586f83344e67248686e0714e506566cfb6f4e04c59a5b9e91d0648,12/24/2022 04:46:00 PM,M,38.0,HELMET NOT USED,UNKNOWN/NA,IN ROADWAY,TEST NOT OFFERED,,30,SNOW,"DARKNESS, LIGHTED ROAD",PEDALCYCLIST,NOT DIVIDED,STRAIGHT AND LEVEL,SNOW OR SLUSH,INJURY AND / OR TOW DUE TO CRASH,HOWARD ST,42.0193242349,-87.6785996429,POINT (-87.678599642913 42.01932423495)
O1486614,NON-MOTOR VEHICLE,605c714fdee86aa50e5aab02c89774fe86a1d86125c5802756eff30766015ab812f83b3363673c445585193b816c9c58b8fab888c988c1de72f36657b37e5eb4,12/23/2022 12:45:00 AM,M,,NONE PRESENT,,,TEST NOT OFFERED,,30,CLEAR,"DARKNESS, LIGHTED ROAD",SIDESWIPE OPPOSITE DIRECTION,NOT DIVIDED,STRAIGHT AND LEVEL,SNOW OR SLUSH,INJURY AND / OR TOW DUE TO CRASH,LAKE ST,41.885736292,-87.7325395159,POINT (-87.732539515935 41.885736292008)
O1485854,BICYCLE,76cffbca5a096a48cec7466a26c1aa73471968b90ea7f2689602d2cf3029c274b1032e151db34f165ca91e68213de8c2da6a09d6c4228bb9a46e0e32b40308b8,12/21/2022 06:20:00 PM,F,54.0,BICYCLE HELMET (PEDACYCLIST INVOLVED ONLY),WITH TRAFFIC,IN ROADWAY,TEST NOT OFFERED,,30,CLEAR,DUSK,OTHER NONCOLLISION,Y-INTERSECTION,STRAIGHT AND LEVEL,DRY,INJURY AND / OR TOW DUE TO CRASH,DAMEN AVE,41.9090863216,-87.6772793765,POINT (-87.677279376453 41.909086321633)
O1485833,BICYCLE,f0fdb62389d7777282c36b3a3394fee93164e2a0573ab88617901ca4684a09a2127235f75ef9180b45d744a6efa4932be9a57866e22521024968f7a27615f4b3,12/21/2022 06:10:00 PM,M,60.0,HELMET NOT USED,CROSSING - WITH SIGNAL,IN CROSSWALK,TEST NOT OFFERED,,30,CLEAR,"DARKNESS, LIGHTED ROAD",PEDALCYCLIST,FOUR WAY,STRAIGHT AND LEVEL,DRY,INJURY AND / OR TOW DUE TO CRASH,IRVING PARK RD,41.9535100011,-87.7302621207,POINT (-87.730262120716 41.953510001139)
O1485090,BICYCLE,4a1cfe03b7a50416d7a66b54f26095f646283bae9d39db29fe2ee0732483f8c5fa4af37954952b64dd8c793744ea50e62f520cb6e076c280c60b2e199e2190b6,12/20/2022 04:56:00 PM,M,34.0,HELMET NOT USED,WITH TRAFFIC,IN ROADWAY,TEST NOT OFFERED,,30,CLEAR,"DARKNESS, LIGHTED ROAD",PEDALCYCLIST,NOT DIVIDED,STRAIGHT AND LEVEL,DRY,NO INJURY / DRIVE AWAY,CHICAGO AVE,41.896096602,-87.6724499135,POINT (-87.672449913538 41.89609660204)
O1486630,BICYCLE,d7b466add96abfbae0c519ecb710f451e8a8ed9c8fa20dd0b839588c7e34eb360b0a0fd1abce6c411191dbe3ed9b7b816aacd0670225a7691b2126bed2978511,12/20/2022 04:44:00 PM,M,69.0,BICYCLE HELMET (PEDACYCLIST INVOLVED ONLY),OTHER ACTION,IN ROADWAY,TEST NOT OFFERED,,30,CLEAR,DAWN,PEDALCYCLIST,NOT DIVIDED,STRAIGHT AND LEVEL,DRY,NO INJURY / DRIVE AWAY,LINCOLN AVE,41.9768950984,-87.6922796678,POINT (-87.692279667764 41.976895098405)
O1484505,BICYCLE,288e59809d999dfcfc63d054bdeff2dabe7b8d9c7e475f054a221fc57e4ccbf59d62bdc523c75931d308c6ca5f0042fd8ed4d9a7c27fee24dc44ed800c484e2c,12/19/2022 07:54:00 PM,M,39.0,HELMET NOT USED,WITH TRAFFIC,BIKE LANE,TEST NOT OFFERED,,30,CLEAR,"DARKNESS, LIGHTED ROAD",PEDALCYCLIST,NOT DIVIDED,STRAIGHT AND LEVEL,DRY,INJURY AND / OR TOW DUE TO CRASH,66TH ST,41.7733006393,-87.7226862427,POINT (-87.72268624266 41.773300639272)
O1486106,BICYCLE,913472192b768fe6c7d6ea6b5cb60dc2ee234338c2dbf0369f942b93d4a26c4bd8c16d3714529136a4a1cb5b165f2cd740401fe07ca7f4065a44c28ace8a7d00,12/19/2022 07:12:00 PM,M,,BICYCLE HELMET (PEDACYCLIST INVOLVED ONLY),OTHER ACTION,IN ROADWAY,TEST NOT OFFERED,,30,CLEAR,"DARKNESS, LIGHTED ROAD",PEDALCYCLIST,ONE-WAY,STRAIGHT AND LEVEL,DRY,NO INJURY / DRIVE AWAY,BURLING ST,41.9302770272,-87.6478506117,POINT (-87.647850611697 41.930277027173)
O1484298,BICYCLE,28495acacf42170bff45a0c7785f2a54c913920e02d48e03ecd8e00eafd53b8456ac980fdc67331925f0f2bae153cca571bdfefc2ed6b8850ec946c341265196,12/19/2022 02:30:00 PM,X,,BICYCLE HELMET (PEDACYCLIST INVOLVED ONLY),CROSSING - NO CONTROLS (AT INTERSECTION),BIKE LANE,,,30,CLEAR,DAWN,PEDALCYCLIST,ONE-WAY,STRAIGHT AND LEVEL,DRY,NO INJURY / DRIVE AWAY,JACKSON BLVD,41.8782872837,-87.6284025523,POINT (-87.628402552267 41.878287283698)
O1483810,BICYCLE,c4f2955a2a1c7c1d29d21939de2b09cf9fc3c6f1592ef8584306bbbde4f25dc8862b75df666c4b377e798ae43a58da3b7639bd2fe47eb74432e7857fbb30dc0a,12/18/2022 04:30:00 PM,F,19.0,HELMET NOT USED,CROSSING - NO CONTROLS (AT INTERSECTION),IN ROADWAY,TEST NOT OFFERED,,30,CLEAR,DUSK,PEDALCYCLIST,FOUR WAY,STRAIGHT AND LEVEL,DRY,INJURY AND / OR TOW DUE TO CRASH,79TH ST,41.7506982031,-87.6327745087,POINT (-87.632774508711 41.750698203096)
O1483210,BICYCLE,412cee1edf096f094bd43bdbcfcaf1e253c5c20803bc8e24bc41a611d8a4df7106cfcf2b8665fd2b79212cbf18fc82aed3193c784344ab2e3174ca28a2378789,12/17/2022 06:10:00 PM,M,29.0,HELMET NOT USED,AGAINST TRAFFIC,IN ROADWAY,TEST NOT OFFERED,,30,CLEAR,"DARKNESS, LIGHTED ROAD",PEDALCYCLIST,DIVIDED - W/MEDIAN (NOT RAISED),STRAIGHT AND LEVEL,WET,INJURY AND / OR TOW DUE TO CRASH,CLARK ST,41.9176515007,-87.6357693091,POINT (-87.635769309092 41.917651500701)
O1482345,BICYCLE,9af89f8f6022ef47b6aec550bfbb54e5e73e2ac6831c041b14100378b483f109d4de6621c45ac42b113bfc07077fce29e1f37594eec0b2c70b2b6cdfecb07712,12/16/2022 03:58:00 PM,F,26.0,BICYCLE HELMET (PEDACYCLIST INVOLVED ONLY),WITH TRAFFIC,BIKEWAY,TEST NOT OFFERED,,30,SNOW,DAYLIGHT,PEDALCYCLIST,NOT DIVIDED,STRAIGHT AND LEVEL,WET,INJURY AND / OR TOW DUE TO CRASH,KEDZIE AVE,41.9365801283,-87.7074044409,POINT (-87.707404440947 41.936580128254)
O1485033,BICYCLE,a7e637698ee91130cf00588b4b50b73076cd12cb2afeaa5fc5c4a0c5d0c5ea7b5e92c9d3c3af2806060b33d6d505231e2166678b7cd9d4069c926bcf00707769,12/16/2022 08:45:00 AM,M,29.0,BICYCLE HELMET (PEDACYCLIST INVOLVED ONLY),CROSSING - WITH SIGNAL,UNKNOWN/NA,TEST NOT OFFERED,,30,CLEAR,DAYLIGHT,PEDALCYCLIST,FOUR WAY,STRAIGHT AND LEVEL,DRY,NO INJURY / DRIVE AWAY,LOOMIS ST,41.8524092963,-87.6613109926,POINT (-87.661310992602 41.852409296276)
O1481843,NON-MOTOR VEHICLE,8266e2295ac36c07dc4236edad281354f5ed020cb237036a59cff999b4a3ce27b2eac67f1400cab3f4db4bcfd7cb2b2012799224cd4392dac3e5093d99c47513,12/15/2022 11:56:00 PM,X,,USAGE UNKNOWN,UNKNOWN/NA,UNKNOWN/NA,TEST NOT OFFERED,,30,FREEZING RAIN/DRIZZLE,"DARKNESS, LIGHTED ROAD",OTHER OBJECT,UNKNOWN,STRAIGHT AND LEVEL,WET,NO INJURY / DRIVE AWAY,HARLEM AVE,41.9324787727,-87.8064058437,POINT (-87.806405843652 41.932478772707)
O1481844,NON-MOTOR VEHICLE,8266e2295ac36c07dc4236edad281354f5ed020cb237036a59cff999b4a3ce27b2eac67f1400cab3f4db4bcfd7cb2b2012799224cd4392dac3e5093d99c47513,12/15/2022 11:56:00 PM,X,,USAGE UNKNOWN,UNKNOWN/NA,UNKNOWN/NA,TEST NOT OFFERED,,30,FREEZING RAIN/DRIZZLE,"DARKNESS, LIGHTED ROAD",OTHER OBJECT,UNKNOWN,STRAIGHT AND LEVEL,WET,NO INJURY / DRIVE AWAY,HARLEM AVE,41.9324787727,-87.8064058437,POINT (-87.806405843652 41.932478772707)
O1481871,BICYCLE,e4cb9d2dfbc8c5b7c2b74fea16127d48f1dcc2787f04675896912d0cbe6b68bff3d298cb147aa8a91bce8226c8745978314f9bda8c7e9924243afb1be05f494d,12/15/2022 10:48:00 PM,M,32.0,HELMET NOT USED,CROSSING - AGAINST SIGNAL,IN ROADWAY,TEST NOT OFFERED,,25,UNKNOWN,"DARKNESS, LIGHTED ROAD",PEDALCYCLIST,NOT DIVIDED,STRAIGHT AND LEVEL,DRY,NO INJURY / DRIVE AWAY,STATE ST,41.8821176335,-87.6276736122,POINT (-87.627673612189 41.882117633495)
O1481778,BICYCLE,2a93ba38569ac9ebaa61ed56bfdc9c334a935fab936dba0dcd91d7dfb9fc22ee26a672e96d80d78422ec1b383ceef372626d786a0ea2172896491601fe8b0b8d,12/15/2022 07:48:00 PM,M,35.0,HELMET NOT USED,WITH TRAFFIC,BIKE LANE,TEST NOT OFFERED,,35,FREEZING RAIN/DRIZZLE,"DARKNESS, LIGHTED ROAD",PEDALCYCLIST,NOT DIVIDED,STRAIGHT AND LEVEL,SNOW OR SLUSH,INJURY AND / OR TOW DUE TO CRASH,63RD ST,41.780560497,-87.6026335666,POINT (-87.602633566578 41.780560497004)
O1481602,BICYCLE,0a0ee7db5c92d427cd2f3a52b0a262d61fbc8d55b4b489cadbcd671eeb1e5796de92e3b7d2541f097a3f510c5800d1870d57c21d05e40d6cd737f961def3e0b6,12/15/2022 04:47:00 PM,M,29.0,HELMET NOT USED,NO ACTION,IN CROSSWALK,TEST NOT OFFERED,,30,CLEAR,"DARKNESS, LIGHTED ROAD",PEDALCYCLIST,DIVIDED - W/MEDIAN (NOT RAISED),STRAIGHT AND LEVEL,WET,INJURY AND / OR TOW DUE TO CRASH,DIVERSEY AVE,41.9318714995,-87.711340287,POINT (-87.711340286964 41.931871499538)
O1481556,BICYCLE,802b9c80fb9627a5b368b1e1004551f1f3849c30b416f13ac49d132a213753b5c5d557b6efd2620733b0b6ba7136af301b792b74ed9524b7b5fc70d88cd36049,12/15/2022 03:35:00 PM,F,57.0,BICYCLE HELMET (PEDACYCLIST INVOLVED ONLY),WITH TRAFFIC,BIKE LANE,TEST NOT OFFERED,,30,RAIN,DAYLIGHT,PEDALCYCLIST,ONE-WAY,STRAIGHT AND LEVEL,WET,NO INJURY / DRIVE AWAY,BERWYN AVE,41.9775778694,-87.6910152592,POINT (-87.691015259163 41.97757786938)
O1481220,BICYCLE,1056e0a2834a5c6fe7d36fcea436c357dd88ff100eb6b4d656f5b8085cf12335ea739b781cdcda3de7088d2bb2ec09d24f3e4b8a8c6279c3331cd4336a3acd83,12/15/2022 08:05:00 AM,M,57.0,HELMET NOT USED,OTHER ACTION,NOT IN ROADWAY,,,25,CLEAR,DAYLIGHT,PEDALCYCLIST,ONE-WAY,STRAIGHT AND LEVEL,WET,INJURY AND / OR TOW DUE TO CRASH,CHAPPEL AVE,41.7722445066,-87.5750922074,POINT (-87.575092207434 41.772244506641)