PERSON_ID,PERSON_TYPE,CRASH_RECORD_ID,CRASH_DATE_x,SEX,AGE,SAFETY_EQUIPMENT,PEDPEDAL_ACTION,PEDPEDAL_LOCATION,BAC_RESULT,CRASH_DATE_EST_I,POSTED_SPEED_LIMIT,WEATHER_CONDITION,LIGHTING_CONDITION,FIRST_CRASH_TYPE,TRAFFICWAY_TYPE,ALIGNMENT,ROADWAY_SURFACE_COND,CRASH_TYPE,STREET_NAME,LATITUDE,LONGITUDE,LOCATION
O1481011,BICYCLE,666ea806c35c3fcacef7ec6c23c8b2a7bed9704d7174bbd7e11e47f55699b26d92c893a850289b4de2fcfdb0d9564089f2f919bb50e2162300b873943691c73d,12/14/2022 06:57:00 PM,M,28.0,HELMET NOT USED,WITH TRAFFIC,BIKEWAY,TEST NOT OFFERED,,20,RAIN,DARKNESS,PEDALCYCLIST,ONE-WAY,STRAIGHT AND LEVEL,WET,INJURY AND / OR TOW DUE TO CRASH,CLARK ST,41.8885267139,-87.6311913744,POINT (-87.631191374354 41.888526713886)
O1480168,BICYCLE,f3302660051fc27105bf48e7d5ed729488aa74d4255f95a1c2d2abb2f45a947690365349b0fed537a2ff788cf7f2299f40f41745cdc32432d6e8bb93ee7e9b98,12/13/2022 05:00:00 PM,M,17.0,HELMET NOT USED,OTHER ACTION,IN ROADWAY,TEST NOT OFFERED,,30,CLEAR,"DARKNESS, LIGHTED ROAD",PEDALCYCLIST,UNKNOWN INTERSECTION TYPE,STRAIGHT AND LEVEL,DRY,INJURY AND / OR TOW DUE TO CRASH,LONG AVE,41.9077131833,-87.7610247261,POINT (-87.761024726141 41.907713183251)
O1479788,BICYCLE,117757e516cae76c6829ef2af3ec5fec2fca885bd64a88e0da950aa42aadcef1a81063dddb60c2cce87a4f92a0b24c6c850de3413f1284b28672404385211e5c,12/13/2022 08:50:00 AM,M,31.0,BICYCLE HELMET (PEDACYCLIST INVOLVED ONLY),NO ACTION,BIKE LANE,TEST NOT OFFERED,,30,CLEAR,DAYLIGHT,PEDALCYCLIST,NOT DIVIDED,STRAIGHT AND LEVEL,DRY,NO INJURY / DRIVE AWAY,WELLS ST,41.9106267514,-87.6345471582,POINT (-87.634547158195 41.910626751382)
O1479742,NON-MOTOR VEHICLE,2b79c28caed9d2b4190dbf36af0e6096078dc6cc0821693beded9bffd19587805ad1bb7c06dfd0133972b491edcea4681424c2f851beffd6a398ad74ad4e329e,12/13/2022 07:57:00 AM,,,,,,,Y,35,CLEAR,DAYLIGHT,OTHER NONCOLLISION,DIVIDED - W/MEDIAN (NOT RAISED),STRAIGHT AND LEVEL,DRY,NO INJURY / DRIVE AWAY,STATE ST,41.8394836617,-87.6269569799,POINT (-87.626956979915 41.839483661701)
O1479106,BICYCLE,039b860a8dbbd21fef4f1edb52e5f0e15076e0b978feabcd2aea78b2c9249b18c73c8f6a451ae367dbf4979d3d4fae6371e55b2d87df30eff9d03b35ee14ec2e,12/12/2022 06:13:00 AM,M,29.0,HELMET NOT USED,CROSSING - WITH SIGNAL,BIKE LANE,TEST NOT OFFERED,,30,RAIN,DAWN,PEDALCYCLIST,NOT DIVIDED,STRAIGHT AND LEVEL,WET,INJURY AND / OR TOW DUE TO CRASH,CHICAGO AVE,41.8959757893,-87.6796255956,POINT (-87.679625595613 41.895975789272)
O1478847,BICYCLE,dfd2f5f182615eb9d0955d9505cc7eb85f97936618d5c233197800ad64872271d6982559ba41fa6d5e6862a2a4b479c97106b8ed426fb7b2d70e7164a63e3311,12/11/2022 05:10:00 PM,M,21.0,BICYCLE HELMET (PEDACYCLIST INVOLVED ONLY),WITH TRAFFIC,SHOULDER,TEST NOT OFFERED,N,30,CLEAR,DARKNESS,PEDALCYCLIST,FOUR WAY,STRAIGHT AND LEVEL,DRY,NO INJURY / DRIVE AWAY,WELLINGTON AVE,41.9363045601,-87.6589625968,POINT (-87.658962596834 41.936304560064)
O1477591,BICYCLE,ca8c63de0dda8320800c7fab96e83d29fb0e6657f783e7001ff896ab1f45bea41fdb5720b560198cec56ab39dfff4f348ecb31fe260753ef54cd961e6c54e69e,12/09/2022 06:42:00 PM,M,63.0,HELMET NOT USED,AGAINST TRAFFIC,IN ROADWAY,TEST NOT OFFERED,,30,FREEZING RAIN/DRIZZLE,"DARKNESS, LIGHTED ROAD",PEDALCYCLIST,DIVIDED - W/MEDIAN (NOT RAISED),STRAIGHT AND LEVEL,WET,NO INJURY / DRIVE AWAY,COTTAGE GROVE AVE,41.7694511713,-87.6058302165,POINT (-87.605830216477 41.769451171337)
O1477458,BICYCLE,0966861b4bd177da4ae2e024820eda2967b14d1e321a2719402fc46e760ddad80e43f6de743a080eee65e17d532baaa0389bfcbd224db4c46d1d26f5de1ad21f,12/09/2022 04:43:00 PM,M,31.0,BICYCLE HELMET (PEDACYCLIST INVOLVED ONLY),WITH TRAFFIC,UNKNOWN/NA,TEST NOT OFFERED,,30,RAIN,DARKNESS,PEDALCYCLIST,OTHER,STRAIGHT AND LEVEL,WET,INJURY AND / OR TOW DUE TO CRASH,WAYNE AVE,41.9471772011,-87.6629566127,POINT (-87.662956612687 41.947177201074)
O1477311,BICYCLE,c18599514380aebee684b74e5298bc08b99d1cbe9ccc90e9d17668102a7e58e803902ad015ffdeebfabaf6b655e2775ecd7fb04c8b8860bfdf73bbda0e9ab352,12/09/2022 10:24:00 AM,M,,BICYCLE HELMET (PEDACYCLIST INVOLVED ONLY),TURNING LEFT,IN ROADWAY,TEST NOT OFFERED,,30,RAIN,DAYLIGHT,PEDALCYCLIST,DIVIDED - W/MEDIAN (NOT RAISED),STRAIGHT AND LEVEL,WET,NO INJURY / DRIVE AWAY,ARMITAGE AVE,41.9176453691,-87.6777408957,POINT (-87.677740895709 41.9176453691)
O1477063,NON-MOTOR VEHICLE,73058ef2c52f8592966747953e997233a89ad1f432fefd9854182375ab1327eee815c9a6a69d5c5fad23a1946ed1679a2f464e4bc413834a208a8f7215335859,12/09/2022 08:40:00 AM,M,,,,,,,10,RAIN,DAYLIGHT,OTHER OBJECT,OTHER,STRAIGHT AND LEVEL,WET,INJURY AND / OR TOW DUE TO CRASH,CICERO AVE,41.7893386418,-87.7413525626,POINT (-87.741352562622 41.789338641753)
O1477079,NON-MOTOR VEHICLE,419972753201fcc4a94d99cf38f05b6bfe7cc30f7bede6408ef6466834c1e3da0d89b8fa2ddcc4ac63488ec869ae083e777f9fcf0473b19d734d3e704789b294,12/09/2022 08:00:00 AM,,64.0,,,,,N,5,RAIN,DAWN,OTHER OBJECT,OTHER,STRAIGHT AND LEVEL,WET,NO INJURY / DRIVE AWAY,HAMLIN AVE,41.8492994558,-87.7196641833,POINT (-87.719664183346 41.849299455806)
O1476898,BICYCLE,c286acc39184684eee7739189d25e0eb70182492cd05b5b974180ec510d0db7f65d7e4fd724f9babcd27cb64f550aa18c49dd8d359c9801e87a725d7c8e667b1,12/08/2022 09:55:00 PM,F,31.0,BICYCLE HELMET (PEDACYCLIST INVOLVED ONLY),NO ACTION,IN ROADWAY,TEST NOT OFFERED,,30,CLEAR,"DARKNESS, LIGHTED ROAD",PEDALCYCLIST,CENTER TURN LANE,STRAIGHT AND LEVEL,DRY,INJURY AND / OR TOW DUE TO CRASH,OGDEN AVE,41.8871705997,-87.6618829685,POINT (-87.661882968521 41.887170599659)
O1476881,BICYCLE,e914782ce1b48db0f06bbccb4da99cc277c02a0fb1bbbaef5317acda2c1407156fc53c9679ee3796b453306ae11aab9b14d6d632cf5d0c4091e76911f3d95e96,12/08/2022 08:56:00 PM,M,43.0,HELMET NOT USED,UNKNOWN/NA,IN ROADWAY,TEST NOT OFFERED,,30,CLEAR,DAWN,PEDALCYCLIST,NOT DIVIDED,STRAIGHT AND LEVEL,DRY,INJURY AND / OR TOW DUE TO CRASH,83RD ST,41.7427166518,-87.6955708873,POINT (-87.695570887263 41.742716651774)
O1476803,BICYCLE,7d7fcb8c71e9a266fff96f52a2ce00c22e40bd24becccdfa8cde8106618efba3335e26e745e1bb7f1d720d9adffc30c772ff94f1fe69899f5d003f65213dc579,12/08/2022 06:00:00 PM,F,,BICYCLE HELMET (PEDACYCLIST INVOLVED ONLY),CROSSING - WITH SIGNAL,BIKEWAY,TEST NOT OFFERED,,30,CLEAR,DAYLIGHT,PEDALCYCLIST,FOUR WAY,STRAIGHT AND LEVEL,DRY,NO INJURY / DRIVE AWAY,WASHINGTON ST,41.8831004792,-87.6301472293,POINT (-87.630147229272 41.883100479248)
O1476694,NON-MOTOR VEHICLE,0448a75e3d7a1c3194d95df9f9b10511b8ea8ced22c30a02a13ff624fed384c2684b92ed0eb34a743241412fbe1402eda712e1ccf1745521c0e05e01fd5a2860,12/08/2022 01:10:00 PM,,,NONE PRESENT,,,,,15,CLEAR,DAYLIGHT,FIXED OBJECT,PARKING LOT,STRAIGHT AND LEVEL,DRY,NO INJURY / DRIVE AWAY,OHIO ST,41.89261824,-87.6261603485,POINT (-87.626160348476 41.892618240004)
O1476486,BICYCLE,b4bb201f501185080df6227463d7b1ae9a3701e6e1362e0bad73fd0ff9a5b1e39e5a60159e6d5ccd4a68e5f3d85e1cda10737d6b564934e121cb746ef3279b1f,12/08/2022 09:40:00 AM,M,49.0,HELMET NOT USED,WITH TRAFFIC,BIKE LANE,TEST NOT OFFERED,,20,CLEAR,DAYLIGHT,PEDALCYCLIST,DIVIDED - W/MEDIAN (NOT RAISED),STRAIGHT AND LEVEL,DRY,INJURY AND / OR TOW DUE TO CRASH,LAFAYETTE AVE,41.7436985382,-87.6257779011,POINT (-87.625777901105 41.743698538238)
O1476467,BICYCLE,e4980ad71f8c0015d0de2940aceb97a6e6e7f6571faa43b079669d831e00ed7cc09bfedd90bd4c13af08a3914c6b1d86740172356b2768228437efbc9f495e27,12/08/2022 09:33:00 AM,M,31.0,HELMET NOT USED,UNKNOWN/NA,UNKNOWN/NA,TEST NOT OFFERED,,30,CLOUDY/OVERCAST,DAYLIGHT,PEDALCYCLIST,NOT DIVIDED,STRAIGHT AND LEVEL,UNKNOWN,INJURY AND / OR TOW DUE TO CRASH,HALSTED ST,41.9306487204,-87.6490888805,POINT (-87.649088880496 41.930648720423)
O1521161,BICYCLE,a37ed39e0b8b9bc6f2c0e3f25ce9b73c62cd87a26ae9359dcb4d2940f767d5f0b7371a083aac75bee51da7a65cfbdfcf442bf29ae54f5b1cae054636d19ec0d2,12/07/2022 07:10:00 AM,M,25.0,HELMET NOT USED,CROSSING - AGAINST SIGNAL,IN CROSSWALK,TEST NOT OFFERED,,35,FOG/SMOKE/HAZE,DAYLIGHT,PEDALCYCLIST,NOT DIVIDED,STRAIGHT AND LEVEL,DRY,INJURY AND / OR TOW DUE TO CRASH,CHICAGO AVE,41.8964850537,-87.6342748186,POINT (-87.63427481858 41.896485053701)
O1475733,NON-MOTOR VEHICLE,d1ea358eed9969414d0634af662d1e88727911a50d701458679abebb7876fd10449b55861b8013741bfe01908d977698a2f85e8a518a7c77fee4a4350d3368da,12/06/2022 06:35:00 PM,,,NONE PRESENT,,,TEST NOT OFFERED,,35,CLEAR,"DARKNESS, LIGHTED ROAD",OTHER OBJECT,NOT DIVIDED,STRAIGHT AND LEVEL,DRY,INJURY AND / OR TOW DUE TO CRASH,TALCOTT AVE,41.9894657994,-87.8142106663,POINT (-87.814210666295 41.989465799368)
O1475670,BICYCLE,413ef7e60dcae7e93691ab1f5300e476257edc67752c1db5768e8ac92502413385d7059cb506bd5e240db5292be3abfed37d027c9e9f27cfc650870ccb7aecb1,12/06/2022 04:50:00 PM,M,36.0,HELMET NOT USED,WITH TRAFFIC,IN ROADWAY,TEST NOT OFFERED,,30,CLEAR,"DARKNESS, LIGHTED ROAD",PEDALCYCLIST,NOT DIVIDED,STRAIGHT AND LEVEL,DRY,NO INJURY / DRIVE AWAY,NORTH AVE,41.9112696208,-87.6351678448,POINT (-87.635167844822 41.911269620782)
O1475686,BICYCLE,6f6e3431a064b169c6193229827b3c9409a27df17b4d5760eaa084b94a1c6023eb4a28cf7c99c9563cc40d0690ece5b7d160e694129620a447b8333b5866f4dd,12/06/2022 04:15:00 PM,F,26.0,HELMET NOT USED,CROSSING - WITH SIGNAL,BIKE LANE,TEST NOT OFFERED,,30,CLOUDY/OVERCAST,DUSK,PEDALCYCLIST,FOUR WAY,STRAIGHT AND LEVEL,DRY,NO INJURY / DRIVE AWAY,OGDEN AVE,41.8959615485,-87.6550653905,POINT (-87.655065390467 41.895961548466)
O1475448,BICYCLE,b36b2242965ba61c5333af4ec63129d5ffcfca12ff0722dc679f2340e20297c8cef2beb817151f233e23aea37d545752717ebb57f2eb73f397d8c0ad4790f0f5,12/06/2022 11:48:00 AM,F,32.0,BICYCLE HELMET (PEDACYCLIST INVOLVED ONLY),ENTER FROM DRIVE/ALLEY,IN ROADWAY,TEST NOT OFFERED,,20,CLEAR,DAYLIGHT,PEDALCYCLIST,ONE-WAY,STRAIGHT AND LEVEL,DRY,INJURY AND / OR TOW DUE TO CRASH,BELLE PLAINE AVE,41.9562342389,-87.6686873581,POINT (-87.668687358072 41.956234238882)
O1475393,BICYCLE,c39fa4bd00cce21d9661c5bffd9b5216debde3b7ca694207f91f39199f3bd41bf95a63d1f90898884d8836db67b7f31dbe7017c646f29370e52a7a1341ad9cb1,12/06/2022 10:00:00 AM,F,39.0,BICYCLE HELMET (PEDACYCLIST INVOLVED ONLY),WITH TRAFFIC,IN ROADWAY,TEST NOT OFFERED,Y,20,CLEAR,DAYLIGHT,PEDALCYCLIST,FOUR WAY,STRAIGHT AND LEVEL,DRY,NO INJURY / DRIVE AWAY,POLK ST,41.8714740738,-87.6837835958,POINT (-87.683783595812 41.871474073792)
O1475155,BICYCLE,550027c113c782809f572b6ceb38c4c5ae089a5792ee3490707e93c192974b8c7a6561a61c4e73586841b92997c8764c14f01d936da9f6e8abe49f9d79bcf73d,12/05/2022 05:33:00 PM,M,,HELMET NOT USED,UNKNOWN/NA,IN ROADWAY,TEST NOT OFFERED,,30,CLEAR,"DARKNESS, LIGHTED ROAD",PEDALCYCLIST,NOT DIVIDED,STRAIGHT AND LEVEL,DRY,NO INJURY / DRIVE AWAY,WABASH AVE,41.8739084556,-87.6258377057,POINT (-87.62583770571 41.873908455592)
O1475092,BICYCLE,553cedaadce2d7da3eaab10bb7eb4b15bcf6e3ac7050e400f23d5d5d41a990ed441e75f4dcacb049d89e4cc903f9710d2b7b2fe025a2653ad8436cf247c93c9b,12/05/2022 05:15:00 PM,M,35.0,BICYCLE HELMET (PEDACYCLIST INVOLVED ONLY),NO ACTION,BIKEWAY,TEST NOT OFFERED,,25,CLEAR,"DARKNESS, LIGHTED ROAD",PEDALCYCLIST,DIVIDED - W/MEDIAN (NOT RAISED),STRAIGHT AND LEVEL,DRY,NO INJURY / DRIVE AWAY,HALSTED ST,41.8466115003,-87.646322101,POINT (-87.646322101047 41.846611500337)
O1475048,BICYCLE,1e85c68fabc554a6f754bd46c9a470e70f4cec7382aebcc9ec7ce01a2759aa3401655a3fd5759f88cb66cf10958fb3282654bd4177203c87162ee043c3de029d,12/05/2022 04:25:00 PM,M,42.0,HELMET NOT USED,WITH TRAFFIC,IN CROSSWALK,TEST NOT OFFERED,,20,CLEAR,"DARKNESS, LIGHTED ROAD",PEDALCYCLIST,FOUR WAY,STRAIGHT AND LEVEL,DRY,INJURY AND / OR TOW DUE TO CRASH,MAJOR AVE,41.9329225863,-87.7685858671,POINT (-87.768585867124 41.932922586279)
O1479235,BICYCLE,45f48d41ba1ea037b6ea66c3f8f5ae66a7fbf7f2e60e80259380a14041744115bfaf7a85c9ae38ad9c5d5389c1ad5b241ab4b27c42c606baef1009ffdb1d9a63,12/04/2022 05:30:00 PM,M,56.0,HELMET NOT USED,CROSSING - CONTROLS PRESENT (NOT AT INTERSECTION),IN ROADWAY,TEST NOT OFFERED,,20,CLEAR,DUSK,PEDALCYCLIST,ROUNDABOUT,STRAIGHT AND LEVEL,UNKNOWN,INJURY AND / OR TOW DUE TO CRASH,POTOMAC AVE,41.9049054666,-87.6919364293,POINT (-87.691936429331 41.904905466556)
O1474376,BICYCLE,a4f3b19acd89dd4cf9d1b830ac79e521fa0ee91c1fc7cf2851f6ea48e64382ec6b3ed9195898e6e6ad9c8aec607dd57e47ec94554f44f043397cfb78569b8605,12/04/2022 01:41:00 PM,M,24.0,BICYCLE HELMET (PEDACYCLIST INVOLVED ONLY),UNKNOWN/NA,IN ROADWAY,TEST NOT OFFERED,,30,CLEAR,DAYLIGHT,PEDALCYCLIST,NOT DIVIDED,STRAIGHT AND LEVEL,DRY,INJURY AND / OR TOW DUE TO CRASH,CLARK ST,41.9770559065,-87.6682430379,POINT (-87.668243037861 41.977055906458)
O1474050,BICYCLE,7a26b75c39e67f013877c89b8e05f931d4d985c699d68074bdae610dfdfef2d2e7efc58a7203e979d0c9cf6634e09d4098cceaf6283003c54b43a95658dfa3f4,12/04/2022 12:29:00 AM,M,27.0,BICYCLE HELMET (PEDACYCLIST INVOLVED ONLY),WITH TRAFFIC,IN ROADWAY,TEST NOT OFFERED,,25,CLEAR,DARKNESS,OTHER OBJECT,FOUR WAY,STRAIGHT AND LEVEL,DRY,NO INJURY / DRIVE AWAY,LOOMIS ST,41.86149697,-87.6615647878,POINT (-87.661564787762 41.861496970028)
O1474036,BICYCLE,26dc5eb980965d15a313acde032eac338e0addc1f0d5c868df24313411c70f1334668e57d11394426ac6459dcf8be02c8e08c85355cdc7699b4a2a1d8e93ac2e,12/03/2022 09:40:00 PM,M,23.0,BICYCLE HELMET (PEDACYCLIST INVOLVED ONLY),CROSSING - WITH SIGNAL,IN ROADWAY,TEST NOT OFFERED,Y,35,CLEAR,"DARKNESS, LIGHTED ROAD",PEDALCYCLIST,NOT DIVIDED,STRAIGHT AND LEVEL,DRY,INJURY AND / OR TOW DUE TO CRASH,STATE ST,41.8717406197,-87.6276706791,POINT (-87.627670679085 41.871740619681)
O1475796,BICYCLE,2f744cbf445de8e9e834d9e4147a02305eff3743d49e8096b6658fd0644750705093c4b8428b77ed59830356bdf2beb6982318cdaef8ce38bc852118eaaa0e42,12/03/2022 08:20:00 PM,F,14.0,HELMET NOT USED,UNKNOWN/NA,IN CROSSWALK,TEST NOT OFFERED,N,30,CLEAR,"DARKNESS, LIGHTED ROAD",PEDALCYCLIST,T-INTERSECTION,STRAIGHT AND LEVEL,DRY,INJURY AND / OR TOW DUE TO CRASH,CHICAGO AVE,41.8957563007,-87.6796197003,POINT (-87.679619700253 41.895756300748)
O1475797,BICYCLE,2f744cbf445de8e9e834d9e4147a02305eff3743d49e8096b6658fd0644750705093c4b8428b77ed59830356bdf2beb6982318cdaef8ce38bc852118eaaa0e42,12/03/2022 08:20:00 PM,F,16.0,HELMET NOT USED,UNKNOWN/NA,IN CROSSWALK,TEST NOT OFFERED,N,30,CLEAR,"DARKNESS, LIGHTED ROAD",PEDALCYCLIST,T-INTERSECTION,STRAIGHT AND LEVEL,DRY,INJURY AND / OR TOW DUE TO CRASH,CHICAGO AVE,41.8957563007,-87.6796197003,POINT (-87.679619700253 41.895756300748)
O1473783,BICYCLE,d0adade162d9717af5616544f418519f57317dae297c9e9ffc911343eb691b456bae39f00b535437300a51cdeebc488c8ba8a1ee2c1a07f5d6b1e5c4c3458f25,12/03/2022 10:15:00 AM,F,60.0,BICYCLE HELMET (PEDACYCLIST INVOLVED ONLY),WITH TRAFFIC,BIKEWAY,TEST NOT OFFERED,,30,UNKNOWN,UNKNOWN,PEDALCYCLIST,NOT DIVIDED,STRAIGHT AND LEVEL,UNKNOWN,INJURY AND / OR TOW DUE TO CRASH,DIVERSEY AVE,41.9312925463,-87.7562181616,POINT (-87.756218161588 41.931292546318)
O1473542,BICYCLE,a8f66da2a8e1a832145e4ae759c9717eb94896ca16eb8672f1c6fd2d4c4629adfa7178db7bdff0e3fba41960f99452d490e23d18ffd3695d763adb935284fcdd,12/03/2022 09:10:00 AM,M,55.0,HELMET NOT USED,UNKNOWN/NA,IN CROSSWALK,TEST NOT OFFERED,,30,CLEAR,DAYLIGHT,PEDALCYCLIST,DIVIDED - W/MEDIAN (NOT RAISED),STRAIGHT AND LEVEL,DRY,INJURY AND / OR TOW DUE TO CRASH,CERMAK RD,41.8518622699,-87.6904052932,POINT (-87.690405293162 41.851862269943)
O1473219,BICYCLE,63e76b4b5621664dae4ca69e20b1cdfb24ac39e5209a02466632379d0220416fcd0bed83a0a650006e8e5d8347f6339b554c3eaeb943ca89160702bfbac83671,12/02/2022 04:00:00 PM,M,,BICYCLE HELMET (PEDACYCLIST INVOLVED ONLY),NO ACTION,IN ROADWAY,TEST NOT OFFERED,,25,CLEAR,DAYLIGHT,PEDALCYCLIST,NOT DIVIDED,STRAIGHT AND LEVEL,DRY,NO INJURY / DRIVE AWAY,GLENWOOD AVE,41.9867222776,-87.6651930382,POINT (-87.66519303816 41.986722277625)
O1473008,NON-MOTOR VEHICLE,4c50d9a6b57b09508a9cf21ef85528ff61b793e1048053bf8a7f49cf48ab6f7279e091b0b90823490b19d89eaf2cd9eeabbc005c71c3069312c29f08867f2e1c,12/02/2022 11:41:00 AM,X,,,,,,,25,CLEAR,DAYLIGHT,FIXED OBJECT,DIVIDED - W/MEDIAN (NOT RAISED),STRAIGHT AND LEVEL,DRY,INJURY AND / OR TOW DUE TO CRASH,MILWAUKEE AVE,41.9332666625,-87.7145186634,POINT (-87.714518663413 41.93326666253)
O1472880,BICYCLE,7ef73b22e32a2c1fe4169b60647ec180c47b578f398c880493e47cfc9119bf8aa7df787fc58c56745951a32715ac6430d2a1b76d6ef2feec5026e8b490326132,12/02/2022 08:35:00 AM,M,47.0,HELMET NOT USED,CROSSING - WITH SIGNAL,IN CROSSWALK,TEST NOT OFFERED,,30,CLEAR,DAYLIGHT,PEDALCYCLIST,ONE-WAY,STRAIGHT AND LEVEL,DRY,INJURY AND / OR TOW DUE TO CRASH,CERMAK RD,41.8520439207,-87.693059395,POINT (-87.693059394965 41.852043920722)
O1472855,NON-MOTOR VEHICLE,bb6fe0df1dcaf17f52d602ec73480199709d6c607663989b2c4f7fb143f057063f5b8149779eaf9cd4569c2f587607f4144473151774f3e76d4f9a88beaf53fc,12/02/2022 08:10:00 AM,M,68.0,USAGE UNKNOWN,,,TEST NOT OFFERED,,25,CLEAR,DAYLIGHT,FIXED OBJECT,ALLEY,STRAIGHT AND LEVEL,DRY,NO INJURY / DRIVE AWAY,CALIFORNIA AVE,41.9275532811,-87.6976384934,POINT (-87.697638493442 41.927553281129)
O1472714,BICYCLE,b713a75de8aed33c54c47e5fb68474494903fb1df041ab7117384d9b60693093b425ed4b4ddf96d31e6bd93a1610e1c51f2de7f60c7583bcf5e9401818d91bc5,12/01/2022 07:15:00 PM,F,38.0,BICYCLE HELMET (PEDACYCLIST INVOLVED ONLY),WITH TRAFFIC,BIKE LANE,TEST NOT OFFERED,Y,30,CLEAR,"DARKNESS, LIGHTED ROAD",PEDALCYCLIST,NOT DIVIDED,STRAIGHT AND LEVEL,DRY,NO INJURY / DRIVE AWAY,HALSTED ST,41.9438489459,-87.6495287791,POINT (-87.649528779104 41.943848945892)
O1472807,BICYCLE,43e346f077fd74bc62460932932318613559b9210f8453e45d6435c3ac8650b039d80cac154584e43286fcc23a0f17c32f9ba1fb4a7e34bc60001f732f505c92,12/01/2022 12:50:00 PM,M,39.0,HELMET NOT USED,UNKNOWN/NA,IN ROADWAY,TEST NOT OFFERED,,30,CLEAR,DAYLIGHT,PEDALCYCLIST,FOUR WAY,STRAIGHT AND LEVEL,DRY,INJURY AND / OR TOW DUE TO CRASH,RACINE AVE,41.8718028659,-87.6569770958,POINT (-87.656977095793 41.871802865922)
O1472151,BICYCLE,8f9f0ec078279229ef1b8cdfab8f44fa9f313e2f028977f95a5231baafca62f5bfe522cce5590b5d730ad7e827d13faccfa539ad624aa04290646dd30d78e9bc,12/01/2022 12:25:00 AM,M,,HELMET NOT USED,NO ACTION,IN ROADWAY,,,30,CLEAR,"DARKNESS, LIGHTED ROAD",PEDALCYCLIST,DIVIDED - W/MEDIAN (NOT RAISED),STRAIGHT AND LEVEL,DRY,NO INJURY / DRIVE AWAY,DAMEN AVE,41.9455831839,-87.6783710793,POINT (-87.67837107933 41.945583183886)
O1472629,NON-MOTOR VEHICLE,2f215c81eda8712342673efad7c5565880c7b84afcefcf8dea1255115952b98c940beaeca0d31f205c139c7eb5d02a8fdafd328755b217fdc390f3f4a33e3cd1,11/30/2022 09:30:00 PM,F,38.0,NONE PRESENT,WITH TRAFFIC,IN ROADWAY,TEST NOT OFFERED,Y,30,CLEAR,DARKNESS,OTHER OBJECT,NOT DIVIDED,STRAIGHT AND LEVEL,DRY,INJURY AND / OR TOW DUE TO CRASH,MADISON ST,41.8813612489,-87.6808782423,POINT (-87.680878242308 41.881361248935)
O1472684,BICYCLE,9ca6a2b4521779c28e3866486d62bfd04f773d310bc5bfe8fb86c8433bf7b4a7ea04dd99c1b8ff6e52db1b6494f0cc7f26641a066f8d3268a855abc171278a2a,11/30/2022 09:30:00 PM,F,38.0,BICYCLE HELMET (PEDACYCLIST INVOLVED ONLY),UNKNOWN/NA,UNKNOWN/NA,TEST NOT OFFERED,,30,CLEAR,"DARKNESS, LIGHTED ROAD",PEDALCYCLIST,NOT DIVIDED,STRAIGHT AND LEVEL,DRY,NO INJURY / DRIVE AWAY,MADISON ST,41.8813672004,-87.68049925,POINT (-87.680499250006 41.881367200432)
O1471922,BICYCLE,f94ebc9cfdff1078c5c1766ddd5227114108d879a9311ffa6290fd72c8134644a8031d68608ed4835be21ce6dd3193dfecb4e2d1133615b390567a91a71cd3e2,11/30/2022 04:00:00 PM,M,31.0,HELMET NOT USED,WITH TRAFFIC,IN ROADWAY,TEST NOT OFFERED,,30,CLEAR,DAWN,PEDALCYCLIST,DIVIDED - W/MEDIAN (NOT RAISED),STRAIGHT AND LEVEL,DRY,INJURY AND / OR TOW DUE TO CRASH,WABASH AVE,41.894854301,-87.626952553,POINT (-87.626952553038 41.89485430104)
O1471906,BICYCLE,a1a82bf7e03152f723c53a5c6ada0d2d94c92bcd4068c80c676330c99dee163e94ef94830ab63b89b6597611986c728a1739e719758cccac9ab9bf0dd07a18a7,11/30/2022 03:37:00 PM,M,19.0,HELMET NOT USED,AGAINST TRAFFIC,IN ROADWAY,TEST NOT OFFERED,,10,CLEAR,DAYLIGHT,PEDALCYCLIST,OTHER,STRAIGHT AND LEVEL,DRY,INJURY AND / OR TOW DUE TO CRASH,MONTICELLO AVE,41.9103514416,-87.7179239244,POINT (-87.717923924448 41.910351441595)
O1474617,BICYCLE,c811306e79192518281f72f1d96b1eb7b45aee4b872ed72636a210165d3fa75461068b36503e461dee1529a1e2d3f5a95bacaffd655bf2f2064012bef2f828d0,11/30/2022 01:30:00 PM,F,,HELMET NOT USED,UNKNOWN/NA,IN ROADWAY,TEST NOT OFFERED,,30,CLEAR,DAYLIGHT,PEDALCYCLIST,FOUR WAY,STRAIGHT AND LEVEL,DRY,NO INJURY / DRIVE AWAY,HONORE ST,41.9095088433,-87.6740612593,POINT (-87.674061259267 41.909508843293)
O1471599,BICYCLE,1670d5f5fb29dcc064d5dc1f0ad0d8147e6542a08f21cc815c8928af3fcf894fc8dceeb5b8264106464eba91e7809c6595f9b9e6a7bac729ecbb78e01052fafb,11/30/2022 08:10:00 AM,M,23.0,BICYCLE HELMET (PEDACYCLIST INVOLVED ONLY),WITH TRAFFIC,IN ROADWAY,TEST NOT OFFERED,,30,CLEAR,DAYLIGHT,PEDALCYCLIST,DIVIDED - W/MEDIAN BARRIER,STRAIGHT AND LEVEL,DRY,NO INJURY / DRIVE AWAY,WACKER DR,41.8870408811,-87.6340425111,POINT (-87.634042511085 41.887040881068)
O1471510,BICYCLE,3c304c06d5edb7061ef3ba3c5c5930c61bbb61f28669b1261923fa8a9cff405478276aebbc9768a77f29d081e0c7d189b0825aebbab1abdae4df11af55eedbd1,11/29/2022 05:30:00 PM,M,26.0,BICYCLE HELMET (PEDACYCLIST INVOLVED ONLY),WITH TRAFFIC,IN ROADWAY,TEST NOT OFFERED,,30,RAIN,"DARKNESS, LIGHTED ROAD",PEDALCYCLIST,NOT DIVIDED,STRAIGHT AND LEVEL,UNKNOWN,INJURY AND / OR TOW DUE TO CRASH,MILWAUKEE AVE,41.9394975023,-87.7242782253,POINT (-87.724278225334 41.939497502308)