PERSON_ID,PERSON_TYPE,CRASH_RECORD_ID,CRASH_DATE_x,SEX,AGE,SAFETY_EQUIPMENT,PEDPEDAL_ACTION,PEDPEDAL_LOCATION,BAC_RESULT,CRASH_DATE_EST_I,POSTED_SPEED_LIMIT,WEATHER_CONDITION,LIGHTING_CONDITION,FIRST_CRASH_TYPE,TRAFFICWAY_TYPE,ALIGNMENT,ROADWAY_SURFACE_COND,CRASH_TYPE,STREET_NAME,LATITUDE,LONGITUDE,LOCATION
O1471272,BICYCLE,c0de8b6545cc99c6f28065d0e42166b0b09eafd0799716529635874e5bd5dc6fb278ce8cf86e622f9a3704c56e1690d13c3c7b7c590a9b906fb5f462bdd0665a,11/29/2022 01:30:00 PM,F,27.0,BICYCLE HELMET (PEDACYCLIST INVOLVED ONLY),WITH TRAFFIC,BIKE LANE,TEST NOT OFFERED,,30,CLEAR,"DARKNESS, LIGHTED ROAD",PEDALCYCLIST,DIVIDED - W/MEDIAN (NOT RAISED),STRAIGHT AND LEVEL,DRY,INJURY AND / OR TOW DUE TO CRASH,MILWAUKEE AVE,41.916549847,-87.6867641504,POINT (-87.686764150369 41.916549846951)
O1475031,BICYCLE,dbeea43a385164e154d7996acbd0c1ef00c669c8f22a777b502b4f4f7c6ace865648d6f803646af15cf8ec371a8c2d63b27e048441f30cb14b87c2d02859356d,11/29/2022 01:00:00 PM,M,,HELMET NOT USED,WITH TRAFFIC,BIKE LANE,TEST NOT OFFERED,,25,CLEAR,DAYLIGHT,PEDALCYCLIST,NOT DIVIDED,STRAIGHT AND LEVEL,DRY,INJURY AND / OR TOW DUE TO CRASH,KEDZIE AVE,41.9547461052,-87.7078927376,POINT (-87.707892737567 41.954746105246)
O1471073,BICYCLE,abf02f16714a56d7d3fae259d1390f98ec9f413b94264179a31f7f916b99fa69874deaa36e115093a0d3af777f8b868fc09feaacf713ab188151dc650bb17510,11/29/2022 09:45:00 AM,M,71.0,BICYCLE HELMET (PEDACYCLIST INVOLVED ONLY),WITH TRAFFIC,IN ROADWAY,TEST NOT OFFERED,,30,CLEAR,DAYLIGHT,PEDALCYCLIST,NOT DIVIDED,STRAIGHT AND LEVEL,DRY,INJURY AND / OR TOW DUE TO CRASH,WABASH AVE,41.8521587888,-87.625632039,POINT (-87.625632038984 41.85215878878)
O1471079,BICYCLE,6ff454ffa9c15ea35fdbddd98b16fb9d65e43a2cedbb753b5baea62b719b037732586d7b3483f559c23f7f6e04fa7e6d210b9051afa36af72628661a52d5ab99,11/29/2022 07:45:00 AM,M,34.0,HELMET NOT USED,WITH TRAFFIC,IN ROADWAY,TEST NOT OFFERED,,30,CLEAR,DAYLIGHT,PEDALCYCLIST,DIVIDED - W/MEDIAN (NOT RAISED),STRAIGHT AND LEVEL,DRY,INJURY AND / OR TOW DUE TO CRASH,MILWAUKEE AVE,41.9587264424,-87.7530033813,POINT (-87.753003381307 41.958726442387)
O1492520,BICYCLE,d0b98225ac901ed9f31216ed1c134fbb9552a7064bb5e3a91e1bd2ad07f730a536b53854b2c832024aed2f51a4486758def2f488446a78a4ee4e494f01389e1b,11/29/2022 05:45:00 AM,M,46.0,HELMET NOT USED,WITH TRAFFIC,NOT IN ROADWAY,TEST NOT OFFERED,,30,CLEAR,"DARKNESS, LIGHTED ROAD",PEDALCYCLIST,PARKING LOT,STRAIGHT AND LEVEL,DRY,INJURY AND / OR TOW DUE TO CRASH,CALIFORNIA AVE,41.7792038779,-87.69354234,POINT (-87.69354233998 41.779203877943)
O1470686,BICYCLE,12ccc063c1f319a8b4aec477f2aeffb3480aae78c2c8d4677a0741b0f213a2fbdda01e95a6249ac2644ae9f5dc054679bbdffe73c95b80df9eb00390d624ae3f,11/28/2022 01:52:00 PM,M,0.0,BICYCLE HELMET (PEDACYCLIST INVOLVED ONLY),NO ACTION,IN ROADWAY,TEST NOT OFFERED,,30,CLOUDY/OVERCAST,DAYLIGHT,PEDALCYCLIST,T-INTERSECTION,STRAIGHT AND LEVEL,DRY,INJURY AND / OR TOW DUE TO CRASH,51ST ST,41.8022184811,-87.6153420361,POINT (-87.615342036082 41.802218481103)
O1497977,BICYCLE,4776d3691aaf933ad4b2085083172b314c7076c4d44db73394feab37ea14fb0e4a086ab5ed38936856d05fa92bfb9ae6342c76f028e518f52f939cfe8a5d8bd8,11/28/2022 12:45:00 PM,F,22.0,BICYCLE HELMET (PEDACYCLIST INVOLVED ONLY),WITH TRAFFIC,IN ROADWAY,TEST NOT OFFERED,,30,CLEAR,DAYLIGHT,PEDALCYCLIST,NOT DIVIDED,STRAIGHT AND LEVEL,UNKNOWN,INJURY AND / OR TOW DUE TO CRASH,LAWRENCE DR,41.9697609022,-87.645873414,POINT (-87.645873414024 41.969760902199)
O1470494,BICYCLE,9b430aff9ca81f8442fc18cb457e4c993c2173ef26b8346ce392b36758e48336ff136a591b14c3846405e4bcb5d478cc1820daf46e95771ccd7dd16583ad66fd,11/28/2022 08:18:00 AM,F,,HELMET NOT USED,UNKNOWN/NA,UNKNOWN/NA,TEST NOT OFFERED,,30,CLEAR,DAYLIGHT,PEDALCYCLIST,UNKNOWN,STRAIGHT AND LEVEL,DRY,NO INJURY / DRIVE AWAY,GRAND AVE,41.9094690663,-87.7351005032,POINT (-87.735100503208 41.909469066314)
O1470461,BICYCLE,6c8f5b147d0d2cbedbbcc92e103e6ccb5b62d7bf1ec4d84153b507593c748f32007b7bc7ec018865c14fd1e7e39e6562d3766bf1b326a7f1e86d8055caa1e4f2,11/28/2022 06:22:00 AM,M,49.0,HELMET NOT USED,AGAINST TRAFFIC,BIKEWAY,TEST NOT OFFERED,,30,CLEAR,DAYLIGHT,PEDALCYCLIST,NOT DIVIDED,STRAIGHT AND LEVEL,DRY,INJURY AND / OR TOW DUE TO CRASH,HALSTED ST,41.8911269147,-87.6474724456,POINT (-87.647472445636 41.891126914712)
O1469777,BICYCLE,b16df9b2373b4311455421d0755c1011090b02ede3e0f261a5a4481faf221f750f69a144488150a68cb4c3e9a98f9128d9b00bd85504291506309d7a189d1f11,11/26/2022 05:02:00 PM,F,50.0,HELMET NOT USED,WITH TRAFFIC,IN ROADWAY,TEST NOT OFFERED,,30,CLEAR,DUSK,PEDALCYCLIST,FOUR WAY,STRAIGHT AND LEVEL,DRY,INJURY AND / OR TOW DUE TO CRASH,SAGINAW AVE,41.7571625512,-87.5601661413,POINT (-87.560166141276 41.757162551174)
O1469785,BICYCLE,ac366c9cca51279a88a4ad185c7f3229dee7a17d26ea6a238c8bfff8eafe0138a3745450ef8e9f3054e48d7a6137374a745174ac21da619b648d351f5df910f5,11/26/2022 05:00:00 PM,F,21.0,HELMET NOT USED,OTHER ACTION,UNKNOWN/NA,TEST NOT OFFERED,,30,CLEAR,DUSK,PEDALCYCLIST,NOT REPORTED,STRAIGHT AND LEVEL,DRY,INJURY AND / OR TOW DUE TO CRASH,SAGINAW AVE,41.7535353487,-87.5600951849,POINT (-87.560095184906 41.753535348725)
O1469614,BICYCLE,e13922ed9246663d723e5acfea58fd639f4b8c17dd9156e2ae400bfadbba6c12533caf897811292a4e6e4a61e98c9a91b4bd43ad442525096a12e0346f99b87c,11/26/2022 01:40:00 PM,M,25.0,HELMET NOT USED,NO ACTION,IN ROADWAY,,,25,CLEAR,DAYLIGHT,PEDALCYCLIST,NOT DIVIDED,STRAIGHT AND LEVEL,DRY,NO INJURY / DRIVE AWAY,BLACKSTONE AVE,41.8010660289,-87.5903294565,POINT (-87.590329456536 41.801066028908)
O1469591,BICYCLE,98c44721633f25f2b9e7ec5a00dd07b58924712a42d7121126f38ebb6199e8fd13f28d431c595ea36e05dd4ecc35b3ae2ab1501fa32bc83c9b00f6847208c863,11/26/2022 12:51:00 PM,M,,HELMET NOT USED,CROSSING - AGAINST SIGNAL,IN ROADWAY,TEST NOT OFFERED,,30,CLEAR,DAYLIGHT,PEDALCYCLIST,DIVIDED - W/MEDIAN (NOT RAISED),STRAIGHT AND LEVEL,DRY,NO INJURY / DRIVE AWAY,OAKLEY BLVD,41.8958290779,-87.6845447259,POINT (-87.684544725869 41.895829077924)
O1469169,BICYCLE,ad6c8076c380819407c6a0fd9a8697bf16c97eaf73eddd33be0886ea556cb123a00240a73090f7928c9885e37f73579d937e2fdbdd22e92fc9ce761ae2fae7e3,11/25/2022 03:57:00 PM,M,24.0,BICYCLE HELMET (PEDACYCLIST INVOLVED ONLY),WITH TRAFFIC,BIKEWAY,TEST NOT OFFERED,,30,CLEAR,DAYLIGHT,PEDALCYCLIST,DIVIDED - W/MEDIAN (NOT RAISED),STRAIGHT AND LEVEL,DRY,INJURY AND / OR TOW DUE TO CRASH,NORTH AVE,41.9103675236,-87.6929519294,POINT (-87.69295192936 41.910367523601)
O1469174,BICYCLE,c45a8d266fc1cb4c1f292a3130eec0f8b250f4e286257371c32ea43220f188f00021f01dd0d58f536fe61c54d462ae696d644c6ad1e9caa59e8c7e5e88e33934,11/25/2022 03:16:00 PM,M,39.0,HELMET NOT USED,UNKNOWN/NA,IN CROSSWALK,TEST NOT OFFERED,,30,CLEAR,DAYLIGHT,PEDALCYCLIST,DIVIDED - W/MEDIAN (NOT RAISED),STRAIGHT AND LEVEL,DRY,INJURY AND / OR TOW DUE TO CRASH,PERSHING RD,41.8232598776,-87.6654566505,POINT (-87.665456650451 41.823259877619)
O1469101,BICYCLE,eead0ec7af769fbd122fc284dc81eece145bc3704b42fefa378924befe22816f965d5b7f20910ee4756b4a5b61cf7d5576ba0b3511e93abff550368ebc5e4f30,11/24/2022 08:34:00 PM,M,56.0,HELMET NOT USED,UNKNOWN/NA,IN ROADWAY,TEST NOT OFFERED,,30,CLEAR,"DARKNESS, LIGHTED ROAD",PEDALCYCLIST,FOUR WAY,STRAIGHT AND LEVEL,DRY,INJURY AND / OR TOW DUE TO CRASH,IRVING PARK RD,41.9546701051,-87.6497454019,POINT (-87.649745401896 41.954670105092)
O1468789,BICYCLE,350f934809cf607db527c770bfca40b215bee49483d007a8a22b9bc83f7117fa62456cf8c39d8cef4e90f10d38cc293b862717143baa8b39bca63c564ff66a09,11/23/2022 08:30:00 PM,M,60.0,HELMET NOT USED,CROSSING - WITH SIGNAL,IN CROSSWALK,TEST NOT OFFERED,,30,CLEAR,"DARKNESS, LIGHTED ROAD",PEDESTRIAN,FOUR WAY,STRAIGHT AND LEVEL,DRY,NO INJURY / DRIVE AWAY,HARRISON ST,41.873026274,-87.7451007245,POINT (-87.745100724533 41.873026274017)
O1468226,BICYCLE,9749b9cf9875b5c6d59ee7b02e8546dcd3dab02dd40bed42339d8f8e08c240e8a6c0dc71d0965c128cebfc20a308b65ad63f9a8e5a1334b94185a18ec4bf6186,11/23/2022 05:07:00 PM,M,12.0,HELMET NOT USED,CROSSING - NO CONTROLS (AT INTERSECTION),IN ROADWAY,TEST NOT OFFERED,,20,CLEAR,DARKNESS,PEDALCYCLIST,NOT DIVIDED,STRAIGHT AND LEVEL,DRY,INJURY AND / OR TOW DUE TO CRASH,KEOTA AVE,42.0030987437,-87.7701116141,POINT (-87.770111614143 42.003098743681)
O1468573,BICYCLE,3b59a76038b526a21b48e7ab574995186ff8ce6e6ab3f079500cf256ca65b7fdb6099b63e39cf1ad8b555ed0778e785ef17f79b1a7e4a71fa87efb9020e948c0,11/23/2022 04:40:00 PM,M,44.0,HELMET NOT USED,CROSSING - NO CONTROLS (NOT AT INTERSECTION),IN ROADWAY,TEST REFUSED,,20,CLEAR,DAYLIGHT,PEDALCYCLIST,T-INTERSECTION,STRAIGHT AND LEVEL,DRY,NO INJURY / DRIVE AWAY,26TH ST,41.8448648875,-87.6904137885,POINT (-87.69041378852 41.84486488751)
O1468257,BICYCLE,0dc8289629bda63731fdee0fd296cdf7fa75df398f780bc57451d56c6fce2fdd83820e74d2c29e7f57607a8d6d6f1e57a4a0691d3a582f920aff610225804b41,11/23/2022 03:30:00 PM,M,56.0,BICYCLE HELMET (PEDACYCLIST INVOLVED ONLY),AGAINST TRAFFIC,IN CROSSWALK,TEST NOT OFFERED,,30,CLEAR,DAYLIGHT,PEDALCYCLIST,FOUR WAY,STRAIGHT AND LEVEL,DRY,INJURY AND / OR TOW DUE TO CRASH,BELMONT AVE,41.9389066022,-87.7492192513,POINT (-87.749219251309 41.938906602213)
O1468167,BICYCLE,e70fac8e76422a3ce7e4a71f19d2e120ef2ba925dc289af889641c7c639aede3e10c7994cae8e00fef3bbe994508a8a20c36221c2bfa6720e2a16f4128289739,11/23/2022 03:30:00 PM,M,18.0,HELMET NOT USED,CROSSING - NO CONTROLS (AT INTERSECTION),IN CROSSWALK,TEST NOT OFFERED,,30,CLEAR,DAYLIGHT,PEDALCYCLIST,OTHER,STRAIGHT AND LEVEL,DRY,INJURY AND / OR TOW DUE TO CRASH,DAMEN AVE,41.8985980466,-87.6772761443,POINT (-87.677276144269 41.898598046614)
O1468010,BICYCLE,7cdd1aae9d6ff093449e5fc2ada14541d0086d5fe71222ef1b0522b500ba0c4386d4283df99fc1ea73d0b03b62583d21c3522b14aed1abaf84fba6b57385bbe5,11/23/2022 01:25:00 PM,M,21.0,HELMET NOT USED,UNKNOWN/NA,IN ROADWAY,TEST NOT OFFERED,,30,CLEAR,DAYLIGHT,PEDALCYCLIST,FOUR WAY,STRAIGHT AND LEVEL,DRY,INJURY AND / OR TOW DUE TO CRASH,HALSTED ST,41.8635251405,-87.6469566747,POINT (-87.646956674734 41.863525140538)
O1467642,BICYCLE,981197234fdd439bcbfb605db2d6d551430c529b71d8bf9789b972dc75f4a2741cce43bb06a5ffa9f14ebddf0fc31818bdd243dea68e6998387e6835f53c47e4,11/22/2022 09:00:00 PM,M,30.0,HELMET NOT USED,CROSSING - AGAINST SIGNAL,IN ROADWAY,TEST NOT OFFERED,,30,CLEAR,"DARKNESS, LIGHTED ROAD",PEDALCYCLIST,FOUR WAY,STRAIGHT AND LEVEL,DRY,INJURY AND / OR TOW DUE TO CRASH,WELLS ST,41.8844984057,-87.6340428468,POINT (-87.634042846828 41.884498405733)
O1467469,BICYCLE,d36b98c867ace83c877beac3cf6781a789fcee8a7e28925cad1a9103dc5333234be9f4ff109283aceee3cd910dbf51a7aaf3169d1bfa9185f60e495b16bb6d15,11/22/2022 04:30:00 PM,M,61.0,BICYCLE HELMET (PEDACYCLIST INVOLVED ONLY),NO ACTION,BIKE LANE,TEST NOT OFFERED,,30,UNKNOWN,UNKNOWN,PEDALCYCLIST,NOT DIVIDED,STRAIGHT AND LEVEL,UNKNOWN,INJURY AND / OR TOW DUE TO CRASH,ELSTON AVE,41.9155065131,-87.6658766237,POINT (-87.665876623685 41.91550651307)
O1526127,BICYCLE,7a69008ca709e0dd40a80e610293073e213e4480c2da0cc605e8dc10646b6d8e7f7d2ead0603530a947ba6afdb51e2d1aa0f8885f7e04a26a3560137ddcd32cf,11/22/2022 12:15:00 PM,M,30.0,BICYCLE HELMET (PEDACYCLIST INVOLVED ONLY),NO ACTION,BIKE LANE,TEST NOT OFFERED,,30,CLEAR,DAYLIGHT,PEDALCYCLIST,NOT DIVIDED,STRAIGHT AND LEVEL,UNKNOWN,NO INJURY / DRIVE AWAY,SHERIDAN RD,41.9591962522,-87.6545308998,POINT (-87.654530899813 41.959196252222)
O1467009,BICYCLE,45dc1435139d07147baef48ecdbafbdd5bfb990482df30386d65a16eb48930b7ab078c0b13b4475b086c592763a6a17ead43242c73cbb4cddc165cd2cf6413ab,11/22/2022 08:17:00 AM,M,,HELMET NOT USED,WITH TRAFFIC,IN CROSSWALK,TEST NOT OFFERED,,30,CLEAR,DAYLIGHT,PEDALCYCLIST,DIVIDED - W/MEDIAN BARRIER,STRAIGHT AND LEVEL,DRY,NO INJURY / DRIVE AWAY,ASHLAND AVE,41.8304081329,-87.6657127581,POINT (-87.66571275812 41.830408132944)
O1466709,NON-MOTOR VEHICLE,8901c9d1fcd17258b4698f6f81102d6454372a727bd6d3be1d85d0e63ac7de309ed9c7cabc1871e404f4859f593d38d9d1edf76d4fe7e4d0d08e8bca69c8ad30,11/21/2022 03:45:00 PM,F,,,,,,,30,CLEAR,DAYLIGHT,FIXED OBJECT,ONE-WAY,STRAIGHT AND LEVEL,DRY,INJURY AND / OR TOW DUE TO CRASH,AVERS AVE,41.8620740765,-87.721543254,POINT (-87.721543254033 41.862074076452)
O1466736,BICYCLE,7be3db11faa09a4d85691909e2128b2f62ebf755adc9169eaf2c94a2b69a7698c4e4b7877f261d8e423f951df12af182d52c6b06ca325a7e17c1f5c61e851440,11/21/2022 02:55:00 PM,M,27.0,BICYCLE HELMET (PEDACYCLIST INVOLVED ONLY),WITH TRAFFIC,UNKNOWN/NA,TEST NOT OFFERED,,30,CLEAR,DAYLIGHT,PEDALCYCLIST,NOT DIVIDED,STRAIGHT AND LEVEL,DRY,INJURY AND / OR TOW DUE TO CRASH,72ND ST,41.7643790072,-87.582463498,POINT (-87.58246349798 41.76437900716)
O1466448,BICYCLE,10be78c1c66a8d23209bec9bd892a7089084998b2cddc05e41fdf4b1814c3704a2fd4ef29e1590304264e8855de1116446f68b3ce6ed9363424cdfdc04b0451f,11/21/2022 10:30:00 AM,M,41.0,BICYCLE HELMET (PEDACYCLIST INVOLVED ONLY),WITH TRAFFIC,IN ROADWAY,TEST NOT OFFERED,,30,CLEAR,DAYLIGHT,PEDALCYCLIST,ONE-WAY,STRAIGHT AND LEVEL,UNKNOWN,NO INJURY / DRIVE AWAY,CARMEN AVE,41.9742630253,-87.6680301515,POINT (-87.668030151479 41.974263025253)
O1466389,BICYCLE,48e89baa92ecaa42baac5b4cac5639d6d803fd1bac3b8e4826aff3cd4f0a4009833ad2369b4b47ad285d40658a7017fb99672f2873af00b7b6324f4df5e3f491,11/21/2022 07:45:00 AM,M,21.0,HELMET NOT USED,CROSSING - NO CONTROLS (AT INTERSECTION),IN CROSSWALK,TEST NOT OFFERED,,30,CLEAR,DAYLIGHT,PEDALCYCLIST,ALLEY,STRAIGHT AND LEVEL,DRY,INJURY AND / OR TOW DUE TO CRASH,HIRSCH ST,41.906251607,-87.7356720648,POINT (-87.735672064821 41.906251606995)
O1466130,BICYCLE,b0c3e947851330af90e4d7040c9e3dab75fbe768686a9d798d3d67084e971cc471b6a86fe6f58f2c0c966c5c1d8dd113eeb7d8ffab8c42dd81689bd891b17a27,11/20/2022 03:59:00 PM,M,33.0,BICYCLE HELMET (PEDACYCLIST INVOLVED ONLY),NO ACTION,IN ROADWAY,TEST NOT OFFERED,,35,CLEAR,DAYLIGHT,PEDALCYCLIST,"FIVE POINT, OR MORE",STRAIGHT AND LEVEL,DRY,NO INJURY / DRIVE AWAY,LINCOLN AVE,41.9200575367,-87.6410193443,POINT (-87.641019344258 41.920057536694)
O1466204,BICYCLE,fd19f5fa4ee7d54421d77be8465d9057b0e9905bc520fb3056a80c17b86fcada4d3635d7669d0b0002452196a232cc8402e6a8319ec1c1306d46823243200e7d,11/20/2022 03:36:00 PM,M,42.0,HELMET NOT USED,WITH TRAFFIC,IN ROADWAY,TEST NOT OFFERED,,30,CLEAR,DAYLIGHT,PEDALCYCLIST,DIVIDED - W/MEDIAN (NOT RAISED),STRAIGHT AND LEVEL,DRY,INJURY AND / OR TOW DUE TO CRASH,CLARK ST,41.9385878726,-87.6493959945,POINT (-87.649395994549 41.938587872628)
O1465759,NON-MOTOR VEHICLE,18cb03d1d154a469e10b3abafc30b648c72121213662a540f2232e0716025d056d1a38e0db0bd655f221629b23247837186b57a3ec83b16178247ba7dac8c434,11/20/2022 02:23:00 AM,X,,USAGE UNKNOWN,UNKNOWN/NA,UNKNOWN/NA,TEST NOT OFFERED,,25,OTHER,"DARKNESS, LIGHTED ROAD",FIXED OBJECT,NOT DIVIDED,STRAIGHT AND LEVEL,DRY,INJURY AND / OR TOW DUE TO CRASH,50TH ST,41.8035388956,-87.643944169,POINT (-87.643944169027 41.803538895612)
O1465535,BICYCLE,5e606d70bb01da78a1b8be10371160d81c2f67b6133e2649eb49fa375b3e91b3b4b6c6ced1250f75d0b00491fae94019564ba31751f03a04205ad11744f373e1,11/19/2022 05:50:00 PM,M,19.0,BICYCLE HELMET (PEDACYCLIST INVOLVED ONLY),CROSSING - WITH SIGNAL,IN CROSSWALK,TEST NOT OFFERED,,30,CLEAR,"DARKNESS, LIGHTED ROAD",PEDALCYCLIST,FOUR WAY,STRAIGHT AND LEVEL,DRY,NO INJURY / DRIVE AWAY,DAMEN AVE,41.9256976647,-87.6777925853,POINT (-87.67779258527 41.92569766468)
O1473290,BICYCLE,f102d0ebafcfb42e16c98041b0d26fd05f80debed3686fb83f81b7947f1929b06334050843ee49e7603610fce033ba5121d1f6e8ff770746a33d25db68228aa0,11/19/2022 02:00:00 PM,M,20.0,BICYCLE HELMET (PEDACYCLIST INVOLVED ONLY),WITH TRAFFIC,BIKE LANE,TEST NOT OFFERED,,30,UNKNOWN,DAYLIGHT,PEDALCYCLIST,NOT DIVIDED,STRAIGHT AND LEVEL,UNKNOWN,INJURY AND / OR TOW DUE TO CRASH,MILWAUKEE AVE,41.9216143622,-87.6954814291,POINT (-87.695481429135 41.921614362232)
O1466119,BICYCLE,cf2d555b8acc5a93a1e31c4ce9f99ac749439bd1fa18c3fbe0ef03345700a479af750432a1929f5efcde14d12d7a85a239054a9eaba0b9d2d118231281ae1069,11/19/2022 08:00:00 AM,M,19.0,BICYCLE HELMET (PEDACYCLIST INVOLVED ONLY),CROSSING - NO CONTROLS (AT INTERSECTION),IN CROSSWALK,TEST NOT OFFERED,,25,CLEAR,DAYLIGHT,PEDALCYCLIST,DIVIDED - W/MEDIAN (NOT RAISED),STRAIGHT AND LEVEL,DRY,INJURY AND / OR TOW DUE TO CRASH,LAWRENCE AVE,41.9680377831,-87.7366014673,POINT (-87.736601467281 41.968037783068)
O1465130,BICYCLE,ed0b72a0e333577d03eeeb0ae127afad95fc452268c352292485468cbfba87cdfc208728fbf69f7c16ed8731a3b68b6c0fff8a1da7e0e25425fd86a0c77ccad8,11/19/2022 05:32:00 AM,F,38.0,HELMET NOT USED,WITH TRAFFIC,IN ROADWAY,TEST NOT OFFERED,,30,CLEAR,DARKNESS,PEDALCYCLIST,NOT DIVIDED,STRAIGHT AND LEVEL,DRY,INJURY AND / OR TOW DUE TO CRASH,CENTRAL PARK AVE,41.923347433,-87.7171040183,POINT (-87.717104018321 41.92334743304)
O1464615,BICYCLE,7f7566785b019d71e8877866e6d6252534f460b2151de222f6da395f1d904d24e13ccfa0e8043f6ff93d0a64d47515437135272153dd02333c65ed1b7d4c937e,11/18/2022 10:59:00 AM,F,25.0,HELMET NOT USED,NO ACTION,NOT IN ROADWAY,TEST NOT OFFERED,,30,CLOUDY/OVERCAST,DAYLIGHT,SIDESWIPE SAME DIRECTION,DIVIDED - W/MEDIAN (NOT RAISED),STRAIGHT AND LEVEL,DRY,INJURY AND / OR TOW DUE TO CRASH,BROADWAY,41.9677372742,-87.6588083592,POINT (-87.658808359222 41.967737274228)
O1463864,BICYCLE,d4d97e3f682eca846821317c829b11aa8f9902bff6e4997c299466729a2eab2f6b8fd16ace2721b62b4c22a91cd029d211f4ca29bef141e9f84f417f3a3e7968,11/17/2022 02:50:00 PM,F,,HELMET NOT USED,UNKNOWN/NA,UNKNOWN/NA,TEST NOT OFFERED,,30,CLOUDY/OVERCAST,DAYLIGHT,PEDALCYCLIST,NOT DIVIDED,STRAIGHT AND LEVEL,UNKNOWN,NO INJURY / DRIVE AWAY,BELMONT AVE,41.9398117884,-87.6682429431,POINT (-87.668242943059 41.939811788413)
O1463689,BICYCLE,610529fb2700c15d207f3da90ffb1a80c74ce3194d2cd0a691b77761ad90e8e6c683c1d21588b06da201cbdad379e6277b9e03d1506c9a3cd11cb6469f1f19ea,11/17/2022 08:18:00 AM,M,48.0,BICYCLE HELMET (PEDACYCLIST INVOLVED ONLY),CROSSING - AGAINST SIGNAL,IN ROADWAY,TEST NOT OFFERED,,25,CLOUDY/OVERCAST,DAYLIGHT,PEDALCYCLIST,OTHER,STRAIGHT AND LEVEL,DRY,INJURY AND / OR TOW DUE TO CRASH,AUGUSTA BLVD,41.8995286336,-87.6846131315,POINT (-87.684613131504 41.899528633581)
O1463480,BICYCLE,ea8804e06787baf68fd19cfc06cc351e3de2e0d118ce2f53a20d5dd5bbcdd3f4384ac7a539b2faae6277a30b37f6cd91fdaeb5894f0cffa64c033c760be9db09,11/16/2022 08:08:00 PM,M,37.0,BICYCLE HELMET (PEDACYCLIST INVOLVED ONLY),CROSSING - NO CONTROLS (AT INTERSECTION),IN ROADWAY,TEST NOT OFFERED,,30,OTHER,"DARKNESS, LIGHTED ROAD",PEDALCYCLIST,NOT REPORTED,STRAIGHT AND LEVEL,WET,NO INJURY / DRIVE AWAY,LA SALLE DR,41.8915668944,-87.6324334307,POINT (-87.632433430714 41.891566894424)
O1462485,NON-MOTOR VEHICLE,c76a62b1b7c9749adcb926d138d9c0753f48c8178dc32af0ceb1c4d89740fc77727d224eb54c1120d0eb068c5a5cbe8c5c91ebf563d27b5dca9aecf68c9b6f0a,11/15/2022 10:30:00 AM,,39.0,NONE PRESENT,,,,,30,UNKNOWN,DAYLIGHT,FIXED OBJECT,OTHER,STRAIGHT AND LEVEL,UNKNOWN,NO INJURY / DRIVE AWAY,MICHIGAN AVE,41.6943978815,-87.6206453643,POINT (-87.620645364253 41.69439788148)
O1461956,NON-MOTOR VEHICLE,15a93d80eefad0b6827973169bb7d26384a4f18bf2f99e18a7a31a1248576e4bf3f59e8a50f3f72dd3ecf748e33fdc34b7bf2b0042753a354102729cfede4993,11/14/2022 08:47:00 PM,M,36.0,USAGE UNKNOWN,,,TEST NOT OFFERED,,30,CLEAR,"DARKNESS, LIGHTED ROAD",FIXED OBJECT,NOT DIVIDED,STRAIGHT AND LEVEL,DRY,INJURY AND / OR TOW DUE TO CRASH,KEDZIE AVE,41.8917595318,-87.7062947816,POINT (-87.706294781569 41.891759531797)
O1461933,BICYCLE,f0e860fcd9e18f88c2544d9591d088fb703b0239dbef0251e12c16d36cb460b989cf517866acb07df53649dad2a93c109bacde0f7b0f4a267cf424c65065d494,11/14/2022 07:55:00 PM,M,,HELMET NOT USED,CROSSING - AGAINST SIGNAL,IN ROADWAY,TEST NOT OFFERED,,30,CLEAR,DARKNESS,PEDALCYCLIST,"FIVE POINT, OR MORE",STRAIGHT AND LEVEL,UNKNOWN,INJURY AND / OR TOW DUE TO CRASH,WESTERN AVE,41.9320855678,-87.6877381397,POINT (-87.687738139734 41.932085567831)
O1461766,BICYCLE,04c7a66fc7f4f02c571e7415363d5cf331a5966c2c6f1bbfad858c79969c841b5f7c5e67bf7b1085dde3aab2684979416a1acbe5b1aab0a034f5c2a45d01da74,11/14/2022 03:50:00 PM,F,17.0,HELMET NOT USED,CROSSING - NO CONTROLS (NOT AT INTERSECTION),IN CROSSWALK,TEST NOT OFFERED,,30,CLEAR,DAYLIGHT,PEDALCYCLIST,OTHER,STRAIGHT AND LEVEL,DRY,INJURY AND / OR TOW DUE TO CRASH,WESTERN AVE,41.8083784079,-87.6845707169,POINT (-87.684570716896 41.808378407947)
O1467756,BICYCLE,02c75330574a48857045eceb12ec8cd986bdcbbad7ce22eb62de4251b616c14b7b670264a3b29fd98d7f1dd41883341a488293981e9752bfc2cf5e25d7909f18,11/14/2022 03:05:00 PM,F,25.0,BICYCLE HELMET (PEDACYCLIST INVOLVED ONLY),WITH TRAFFIC,BIKE LANE,TEST NOT OFFERED,,30,CLEAR,DAYLIGHT,PEDALCYCLIST,NOT DIVIDED,STRAIGHT AND LEVEL,DRY,INJURY AND / OR TOW DUE TO CRASH,HALSTED ST,41.8526847127,-87.6466432337,POINT (-87.646643233677 41.852684712744)