PERSON_ID,PERSON_TYPE,CRASH_RECORD_ID,CRASH_DATE_x,SEX,AGE,SAFETY_EQUIPMENT,PEDPEDAL_ACTION,PEDPEDAL_LOCATION,BAC_RESULT,CRASH_DATE_EST_I,POSTED_SPEED_LIMIT,WEATHER_CONDITION,LIGHTING_CONDITION,FIRST_CRASH_TYPE,TRAFFICWAY_TYPE,ALIGNMENT,ROADWAY_SURFACE_COND,CRASH_TYPE,STREET_NAME,LATITUDE,LONGITUDE,LOCATION
O1461757,BICYCLE,3052e87d6f1dbba9bf0a45ca589e8189273b618f90683522b6013f28738d077a0f1160ab48b7a66a03483321534109861d64e3b859bb5a0740484ff7d06f72cc,11/14/2022 03:00:00 PM,M,8.0,HELMET NOT USED,ENTER FROM DRIVE/ALLEY,UNKNOWN/NA,TEST NOT OFFERED,,15,CLEAR,DAYLIGHT,PEDALCYCLIST,ALLEY,STRAIGHT AND LEVEL,DRY,INJURY AND / OR TOW DUE TO CRASH,KOSTNER AVE,41.9376288467,-87.7371392601,POINT (-87.73713926012 41.937628846727)
O1461091,BICYCLE,0fde9e91288e58470e9629b55f3e779de5f900370b7a772e8dff0a80debd1f1458bbac716d349e1ec1f7a75f96480c51e5301401823aecdf5d27b689ee7475ea,11/13/2022 03:30:00 PM,M,36.0,HELMET NOT USED,CROSSING - WITH SIGNAL,BIKEWAY,TEST NOT OFFERED,,30,CLEAR,DAYLIGHT,PEDALCYCLIST,FOUR WAY,STRAIGHT AND LEVEL,DRY,NO INJURY / DRIVE AWAY,WESTERN AVE,41.9286697899,-87.6879222355,POINT (-87.687922235539 41.92866978991)
O1461114,BICYCLE,561f5f4bfe955735556852dcfcbd655c5f76af9ed753e61421e242241698b323a11b50b2d464d5bda88ee0e263912d391d153d1776a6d84a2b304e398db0339e,11/13/2022 02:00:00 PM,M,,HELMET NOT USED,ENTER FROM DRIVE/ALLEY,IN ROADWAY,TEST NOT OFFERED,,30,CLEAR,DAYLIGHT,PEDALCYCLIST,UNKNOWN,STRAIGHT AND LEVEL,DRY,NO INJURY / DRIVE AWAY,ARTESIAN AVE,41.9980840824,-87.6909675379,POINT (-87.690967537869 41.998084082359)
O1460612,NON-MOTOR VEHICLE,47cfe6d1091e826051d7a82680cdc099aa5bcf2c245f84b10752bfab5d3bef351897fd6b88788e7d18e5b53ed33745c15dd954102434f0a197b2db858855a20f,11/12/2022 05:30:00 PM,M,,USAGE UNKNOWN,NO ACTION,IN ROADWAY,TEST NOT OFFERED,,30,CLEAR,"DARKNESS, LIGHTED ROAD",ANIMAL,FOUR WAY,STRAIGHT AND LEVEL,DRY,INJURY AND / OR TOW DUE TO CRASH,CENTRAL AVE,41.8801968597,-87.7647163899,POINT (-87.764716389906 41.880196859672)
O1460871,BICYCLE,6c564a2fdc0fccbd3c4fdb73e9aa001155ebd9e26aa8a6b4025771f214c9be13834bd622d10a744be62659640a2d906deba78c0908d84ee1674821b77841753b,11/12/2022 12:18:00 PM,M,41.0,HELMET NOT USED,NOT AT INTERSECTION,IN ROADWAY,TEST NOT OFFERED,,30,CLEAR,DAYLIGHT,PEDALCYCLIST,NOT DIVIDED,STRAIGHT AND LEVEL,DRY,INJURY AND / OR TOW DUE TO CRASH,74TH ST,41.7600650958,-87.6309390187,POINT (-87.630939018657 41.760065095842)
O1460350,BICYCLE,cdaef87628507e4af34692d454d6df8ed4b71167c938561ade6df813a34c8b0c1385162b1ad0a5629cd66bbf6af25ac47523d1bbb4ec36b35b82b67ac9ac5952,11/12/2022 10:10:00 AM,M,,BICYCLE HELMET (PEDACYCLIST INVOLVED ONLY),WITH TRAFFIC,BIKEWAY,,,30,CLEAR,DAYLIGHT,PEDALCYCLIST,NOT DIVIDED,STRAIGHT AND LEVEL,DRY,INJURY AND / OR TOW DUE TO CRASH,SOUTHPORT AVE,41.9539223304,-87.6643533877,POINT (-87.664353387666 41.953922330405)
O1460122,BICYCLE,95954cc32bcb5dba32cebb0908e9743eb991930e41841465dbdd5c033e07684f9ad0490cc8d6e990b786be402a848f818ad6c098dc16b544ae8cf2d6a4b02cde,11/11/2022 08:10:00 PM,M,29.0,HELMET NOT USED,WITH TRAFFIC,IN ROADWAY,TEST REFUSED,,30,CLEAR,"DARKNESS, LIGHTED ROAD",PEDALCYCLIST,NOT DIVIDED,STRAIGHT AND LEVEL,DRY,INJURY AND / OR TOW DUE TO CRASH,51ST ST,41.80145782,-87.6625012621,POINT (-87.662501262059 41.801457820023)
O1460072,BICYCLE,0d1ead39fbc85f95c6fed19865e44ed6d8a16783394fef1a28b660155517be71a29a469ce00c74b29d9aa02889e339b6ed11fecc471c83da1c0683d21cb8e05c,11/11/2022 05:44:00 PM,M,46.0,HELMET NOT USED,AGAINST TRAFFIC,IN ROADWAY,TEST NOT OFFERED,,30,CLEAR,DARKNESS,PEDALCYCLIST,T-INTERSECTION,STRAIGHT AND LEVEL,DRY,INJURY AND / OR TOW DUE TO CRASH,KEELER AVE,41.8349188342,-87.7293163766,POINT (-87.729316376564 41.834918834234)
O1460383,BICYCLE,8e3c0e3667942c18ed1ff8e3d603414e7cc79e061eb4c8bc9ec88ca3ada2c1d39a6811c5e30db7566851168f381dc89d9d15cd90dd85e8eb1724109ad4acb8c8,11/11/2022 04:59:00 PM,M,52.0,HELMET NOT USED,UNKNOWN/NA,UNKNOWN/NA,TEST NOT OFFERED,,30,UNKNOWN,UNKNOWN,PEDALCYCLIST,UNKNOWN,STRAIGHT AND LEVEL,UNKNOWN,INJURY AND / OR TOW DUE TO CRASH,CALIFORNIA AVE,41.7935975128,-87.6939420481,POINT (-87.6939420481 41.793597512795)
O1459885,BICYCLE,42cae7ffcbfdfca3d18d66e3a2b5913d52e98035b2c1b058b748c13a653aa382b80c64d236ba1e068e388c802273fd6e0b66489e35f8451d846dc30b5412d3cf,11/11/2022 03:35:00 PM,M,10.0,HELMET NOT USED,ENTER FROM DRIVE/ALLEY,IN ROADWAY,TEST NOT OFFERED,,30,CLEAR,DAYLIGHT,PEDALCYCLIST,NOT DIVIDED,STRAIGHT AND LEVEL,DRY,INJURY AND / OR TOW DUE TO CRASH,CENTRAL PARK AVE,41.6918434181,-87.7107400806,POINT (-87.710740080558 41.691843418114)
O1459817,BICYCLE,0c59f20aaf71bc7ccfcbc1060d12b542715d5442d014a57143f5c7f63bf1a7e83c630b9a794d89d5d0154e00c270aa30be25869ab129f5f97ed4a694493f164a,11/11/2022 02:20:00 PM,F,29.0,BICYCLE HELMET (PEDACYCLIST INVOLVED ONLY),WITH TRAFFIC,IN ROADWAY,TEST NOT OFFERED,,30,CLEAR,DAYLIGHT,PEDALCYCLIST,DIVIDED - W/MEDIAN (NOT RAISED),STRAIGHT AND LEVEL,DRY,INJURY AND / OR TOW DUE TO CRASH,ARMITAGE AVE,41.9178130523,-87.6802224163,POINT (-87.680222416299 41.917813052311)
O1459815,BICYCLE,cd163b49e48ce95b69b7213004a25f938510551a4fb1a26f07ded06333a90114772b800365425fbda465dc73c8e7b26a793da1fa08db79a965d8d631ddc44c1f,11/11/2022 02:00:00 PM,F,27.0,HELMET NOT USED,CROSSING - NO CONTROLS (AT INTERSECTION),IN CROSSWALK,,,30,CLEAR,DAYLIGHT,PEDALCYCLIST,NOT DIVIDED,STRAIGHT AND LEVEL,DRY,NO INJURY / DRIVE AWAY,CORTLAND ST,41.9169608823,-87.6614312448,POINT (-87.661431244756 41.916960882255)
O1459640,NON-MOTOR VEHICLE,6d58730e264ad27e44f5ec1be4031411487e878de9c5b6f1cc7278a00ec849fe2baafb70d091edd9bec462f26e97165adf49acd22b9a74bce927dccc55b135e0,11/11/2022 06:23:00 AM,M,50.0,USAGE UNKNOWN,,,TEST NOT OFFERED,,30,CLEAR,DAYLIGHT,TRAIN,NOT DIVIDED,STRAIGHT AND LEVEL,DRY,INJURY AND / OR TOW DUE TO CRASH,RACINE AVE,41.8086878811,-87.6553867772,POINT (-87.655386777207 41.808687881101)
O1459484,BICYCLE,271b4e97a41645e8b4463e4d820ad6f979c6ec8809e8dae7de2e83360eeab0975b178ac7c7fa8773d588ad1fc6d94ab6bbd8d2b6f9e6fd4c39d0cb8fa086ed26,11/10/2022 09:42:00 PM,M,56.0,BICYCLE HELMET (PEDACYCLIST INVOLVED ONLY),CROSSING - AGAINST SIGNAL,IN ROADWAY,TEST NOT OFFERED,,30,CLEAR,"DARKNESS, LIGHTED ROAD",PEDALCYCLIST,FOUR WAY,STRAIGHT AND LEVEL,DRY,INJURY AND / OR TOW DUE TO CRASH,MONTROSE AVE,41.9603077255,-87.7721879263,POINT (-87.772187926323 41.960307725506)
O1462301,NON-MOTOR VEHICLE,c23da491572c6891cd57b0f1831f298fc36e3fa42af0a4907029ac202e15ec8d5e38de8abadaba17e356b3b39c05768f9d0a190cd6750d8d199ee96fde668cee,11/10/2022 06:45:00 PM,F,,USAGE UNKNOWN,,,TEST NOT OFFERED,,30,UNKNOWN,"DARKNESS, LIGHTED ROAD",OTHER OBJECT,T-INTERSECTION,STRAIGHT AND LEVEL,UNKNOWN,NO INJURY / DRIVE AWAY,GRAND AVE,41.913079572,-87.7435621766,POINT (-87.743562176581 41.913079571952)
O1459401,BICYCLE,9f375510c08571b98b24a6741dfec0b2b84eb16fddd83deed8c74678257a345d5da37e1feccacc6526bbbae872fe8af1964353a808120de99f38a631586ef9b9,11/10/2022 05:55:00 PM,M,52.0,HELMET NOT USED,UNKNOWN/NA,IN ROADWAY,TEST NOT OFFERED,,30,CLEAR,"DARKNESS, LIGHTED ROAD",PEDALCYCLIST,ONE-WAY,STRAIGHT AND LEVEL,DRY,INJURY AND / OR TOW DUE TO CRASH,MAJOR AVE,41.93859292,-87.7687846362,POINT (-87.768784636203 41.938592920043)
O1459415,BICYCLE,20a8895b265c21f03f944058e42b18634e05d1390c8789430d860e21e571d96df7bdad4a1a2cee60611c641aba1b6bf98919663525c91a58ba60954fffa16499,11/10/2022 04:02:00 PM,M,17.0,HELMET NOT USED,WITH TRAFFIC,BIKEWAY,TEST NOT OFFERED,,30,CLEAR,DAYLIGHT,PEDALCYCLIST,FOUR WAY,STRAIGHT AND LEVEL,DRY,INJURY AND / OR TOW DUE TO CRASH,LAWRENCE AVE,41.9683759547,-87.7256609418,POINT (-87.725660941782 41.968375954701)
O1459126,BICYCLE,0b013ae30e2cb2740703e9bbff30f9cee2968da14b7cb2f030994daf3c9dbac9a23c848b2429b2e09ae756eb99a400a367e02f1ee1138f6dbdab9a158c3a96b3,11/10/2022 01:11:00 PM,F,64.0,BICYCLE HELMET (PEDACYCLIST INVOLVED ONLY),NOT AT INTERSECTION,IN ROADWAY,TEST NOT OFFERED,,30,CLEAR,DAYLIGHT,PEDALCYCLIST,FOUR WAY,STRAIGHT AND LEVEL,DRY,INJURY AND / OR TOW DUE TO CRASH,NARRAGANSETT AVE,41.9596946928,-87.7866506626,POINT (-87.786650662632 41.959694692786)
O1459150,NON-MOTOR VEHICLE,16ac433bd4cbc52642392aa9234583a93fc32ced6e566aa8d36c5fabee9d50c2c51b33e88822af5f4d67dc77c95bc401e87df2dff2f0c8aa11a09bf0c41c0d69,11/10/2022 01:10:00 PM,X,,USAGE UNKNOWN,,,TEST NOT OFFERED,,25,CLEAR,DAYLIGHT,OTHER NONCOLLISION,PARKING LOT,STRAIGHT AND LEVEL,DRY,NO INJURY / DRIVE AWAY,ASHLAND AVE,41.8364683477,-87.6655669021,POINT (-87.665566902132 41.836468347729)
O1459149,NON-MOTOR VEHICLE,d4e1f51aa2237f47099bfd2aeadd3a0fbb8d128a320d0be74b525b12af270c87070939c05c124e9625c3f9ea7024ce5f6d6fb7d12bcf18e803ed845c08ecba32,11/10/2022 01:10:00 PM,X,,NONE PRESENT,,,TEST NOT OFFERED,,25,CLEAR,DAYLIGHT,OTHER NONCOLLISION,PARKING LOT,STRAIGHT AND LEVEL,DRY,INJURY AND / OR TOW DUE TO CRASH,ASHLAND AVE,41.8364683477,-87.6655669021,POINT (-87.665566902132 41.836468347729)
O1459138,BICYCLE,fdd54970ea80c884b932cbb440a475d27406b4dcf05a25e94c5d8f0e5ed603a99f25f1aa917e80ed043dcb6fdeaf5cf17fdae338944f54a80a1112e076ab17ef,11/10/2022 12:30:00 PM,F,21.0,HELMET NOT USED,WITH TRAFFIC,IN ROADWAY,TEST NOT OFFERED,,30,CLEAR,DAYLIGHT,PEDALCYCLIST,NOT DIVIDED,STRAIGHT AND LEVEL,DRY,INJURY AND / OR TOW DUE TO CRASH,WOOD ST,41.8084643213,-87.6699719936,POINT (-87.669971993627 41.808464321319)
O1459091,BICYCLE,0b07c9ad4ff0c16f12efd755e7280673f81e888a993a48b5bb2b17172a03b1b7c84e859029e082e4e8e08e8c4536bb522f87fed10e9d20ded17adeb25fed3168,11/10/2022 11:00:00 AM,M,24.0,BICYCLE HELMET (PEDACYCLIST INVOLVED ONLY),WITH TRAFFIC,BIKEWAY,TEST NOT OFFERED,,30,CLEAR,DAYLIGHT,PEDALCYCLIST,ONE-WAY,STRAIGHT AND LEVEL,DRY,INJURY AND / OR TOW DUE TO CRASH,WASHINGTON ST,41.8831000298,-87.6343782452,POINT (-87.634378245247 41.883100029814)
O1458939,BICYCLE,aa4dfefc4b6191e84134f4088d097953da203ac0be344ed13a85e51ae7c4ecf750c2d9861e67d3cab9745d7dc609c23cb5af6a3963321cf13c9689e08e12db21,11/10/2022 09:10:00 AM,M,,HELMET NOT USED,WITH TRAFFIC,IN ROADWAY,TEST NOT OFFERED,,30,CLEAR,DAYLIGHT,PEDALCYCLIST,NOT DIVIDED,STRAIGHT AND LEVEL,DRY,NO INJURY / DRIVE AWAY,MILWAUKEE AVE,41.8957962445,-87.6549535956,POINT (-87.654953595644 41.895796244484)
O1459509,BICYCLE,8884d252c3a6f6dedc71323dcfcc24d0310a578e0c93983f41ceb49b5d320dcf39e6f9808f9c074f25bf4d35bfebccf5170223b17f6832bd1604c88ad5d6c015,11/10/2022 05:00:00 AM,F,2.0,BICYCLE HELMET (PEDACYCLIST INVOLVED ONLY),UNKNOWN/NA,IN ROADWAY,TEST NOT OFFERED,N,35,CLEAR,UNKNOWN,PEDALCYCLIST,PARKING LOT,STRAIGHT AND LEVEL,UNKNOWN,INJURY AND / OR TOW DUE TO CRASH,DIVERSEY AVE,41.9317030936,-87.74199681,POINT (-87.741996810045 41.931703093602)
O1458836,BICYCLE,641ceab8c4e9787c77c0d796eeb258eda940d7a67c57ef75b045b4c22b3cdf33c2014f6bdcd57666e46d3854295170fd2d27a288cc9e1682bd3b60865bb1216c,11/10/2022 12:48:00 AM,M,65.0,HELMET NOT USED,CROSSING - WITH SIGNAL,IN CROSSWALK,TEST NOT OFFERED,,35,CLEAR,"DARKNESS, LIGHTED ROAD",PEDALCYCLIST,DIVIDED - W/MEDIAN (NOT RAISED),STRAIGHT AND LEVEL,DRY,INJURY AND / OR TOW DUE TO CRASH,63RD ST,41.7800965005,-87.6301721989,POINT (-87.630172198939 41.780096500488)
O1458758,BICYCLE,a8b5ab9ee9cdcd045b41ceb4b9d25df678207763925795a79a43d6da95042abbfec59667eebacf250bca1986fc0cc909d361a57ee173ba2049d6e3f44034b3f0,11/09/2022 06:30:00 PM,M,24.0,HELMET NOT USED,WITH TRAFFIC,IN ROADWAY,TEST NOT OFFERED,,30,CLEAR,"DARKNESS, LIGHTED ROAD",PEDALCYCLIST,NOT DIVIDED,STRAIGHT AND LEVEL,DRY,INJURY AND / OR TOW DUE TO CRASH,WABASH AVE,41.8969664738,-87.6267058833,POINT (-87.626705883331 41.896966473769)
O1460663,BICYCLE,e2027c41a75e676e649fcc8a02a6c8e93dec5ed05832955ef388ed9fbcb229f40f9182658643f95e56f4946cec5b23dd5a76016aa9bcfb2700ed504c5fda8944,11/09/2022 06:02:00 PM,F,34.0,BICYCLE HELMET (PEDACYCLIST INVOLVED ONLY),WITH TRAFFIC,BIKEWAY,TEST NOT OFFERED,,30,CLEAR,"DARKNESS, LIGHTED ROAD",PEDALCYCLIST,DIVIDED - W/MEDIAN (NOT RAISED),STRAIGHT AND LEVEL,DRY,INJURY AND / OR TOW DUE TO CRASH,CHICAGO AVE,41.8963861772,-87.6547860899,POINT (-87.654786089862 41.896386177176)
O1458711,NON-MOTOR VEHICLE,767106e58276a6d180e2e658030e162ae40fa50c0e20e579d289dc3c29187601e8cf551701031eaa4d4c0f4a10a802327bcc7c89dda298143690f5ede3e02795,11/09/2022 05:35:00 PM,M,,NONE PRESENT,UNKNOWN/NA,IN ROADWAY,TEST NOT OFFERED,,30,CLEAR,DARKNESS,OTHER OBJECT,DIVIDED - W/MEDIAN (NOT RAISED),STRAIGHT AND LEVEL,DRY,NO INJURY / DRIVE AWAY,HUMBOLDT BLVD,41.9102690337,-87.7020158725,POINT (-87.702015872469 41.910269033664)
O1458634,BICYCLE,7ce8639951ea9cfaa27282f6c09c0465645a15d964189c9840d44a740ed13713f0f86964d0e05683cd97d62f034dbf6fd134643b2a1378c3ea477fc01372c0f4,11/09/2022 05:20:00 PM,M,25.0,HELMET NOT USED,OTHER ACTION,IN ROADWAY,TEST NOT OFFERED,,20,CLEAR,"DARKNESS, LIGHTED ROAD",PEDALCYCLIST,NOT DIVIDED,STRAIGHT AND LEVEL,DRY,INJURY AND / OR TOW DUE TO CRASH,DAMEN AVE,42.0000390342,-87.6803542046,POINT (-87.680354204575 42.000039034182)
O1459376,BICYCLE,e767fd6038498a9d24a2a175e2191ce90297cdda3894a42e7bda99139db18545ceb9b31023a4806cd3c7a4e672cca30dd6278d801880f295aed0836a40d85e09,11/09/2022 05:00:00 PM,F,28.0,BICYCLE HELMET (PEDACYCLIST INVOLVED ONLY),WITH TRAFFIC,IN ROADWAY,TEST NOT OFFERED,,30,CLEAR,"DARKNESS, LIGHTED ROAD",PEDALCYCLIST,NOT DIVIDED,STRAIGHT AND LEVEL,DRY,INJURY AND / OR TOW DUE TO CRASH,DAMEN AVE,41.907194665,-87.6775222307,POINT (-87.677522230706 41.907194665035)
O1458566,BICYCLE,93f547df36764dff88636b4ae0c5b3f846cfecd43b29182d86da9a8960618f9c72f6a811ddc04d2ec6c79f003cbf9e010a03573b9babcb89b3cc3b5bad12cd63,11/09/2022 04:10:00 PM,M,54.0,HELMET NOT USED,CROSSING - CONTROLS PRESENT (NOT AT INTERSECTION),IN CROSSWALK,TEST NOT OFFERED,,30,CLEAR,DAYLIGHT,PEDALCYCLIST,NOT DIVIDED,STRAIGHT AND LEVEL,DRY,INJURY AND / OR TOW DUE TO CRASH,103RD ST,41.7082118107,-87.5645743282,POINT (-87.564574328221 41.708211810687)
O1458019,BICYCLE,4a4b0c3e5b4729ef3e29a04aba7bfb1f3f54d0cb6444a088a78bcdbbfc567a7337a525f61193a63830f5590109c5ef6a99feafbef39affd4163974ee3aaa24b4,11/08/2022 04:55:00 PM,M,15.0,HELMET NOT USED,CROSSING - CONTROLS PRESENT (NOT AT INTERSECTION),IN CROSSWALK,TEST NOT OFFERED,,30,CLEAR,"DARKNESS, LIGHTED ROAD",PEDALCYCLIST,DIVIDED - W/MEDIAN BARRIER,STRAIGHT AND LEVEL,DRY,INJURY AND / OR TOW DUE TO CRASH,CENTRAL AVE,41.9741527784,-87.7683639325,POINT (-87.768363932471 41.974152778407)
O1457955,BICYCLE,94662a0d1e51584b72f74b55c6c066e9584c7cfdd84aeca756be1a7b91483ded50ce37067dd95d0ee651849e5fc4a5e7c88f9aca0e617e32dbe75457df305055,11/08/2022 03:08:00 PM,M,16.0,HELMET NOT USED,CROSSING - WITH SIGNAL,IN CROSSWALK,TEST NOT OFFERED,,30,CLEAR,DAYLIGHT,PEDALCYCLIST,FOUR WAY,STRAIGHT AND LEVEL,DRY,NO INJURY / DRIVE AWAY,MILWAUKEE AVE,41.9973821735,-87.7880776739,POINT (-87.78807767392 41.997382173454)
O1457593,BICYCLE,070abe351ae65753daee68f8e48811636a6a428f95a4cfd0f45077c93e0a4934acd629a11894564ef8ebf701f42dfc6371db4c1e8b5abb65aa77b6b86c7090c9,11/07/2022 08:32:00 PM,M,28.0,HELMET NOT USED,CROSSING - WITH SIGNAL,IN CROSSWALK,TEST NOT OFFERED,,25,CLEAR,"DARKNESS, LIGHTED ROAD",PEDALCYCLIST,NOT DIVIDED,STRAIGHT AND LEVEL,DRY,INJURY AND / OR TOW DUE TO CRASH,FOREST PRESERVE AVE,41.9538559461,-87.8070340721,POINT (-87.807034072141 41.953855946101)
O1457606,BICYCLE,37482590b686279731bd80a9b299fdc24065e4df1d1d576ca466cfcda025a3c5377b58122ea4e60b439fa092215c59ddde26742fb593ac56e7f481a996a1eb94,11/07/2022 07:30:00 PM,M,56.0,HELMET NOT USED,NO ACTION,UNKNOWN/NA,TEST NOT OFFERED,Y,30,CLEAR,DARKNESS,PEDALCYCLIST,NOT DIVIDED,STRAIGHT AND LEVEL,DRY,INJURY AND / OR TOW DUE TO CRASH,JUSTINE ST,41.7899591098,-87.6633948866,POINT (-87.663394886581 41.789959109752)
O1457604,BICYCLE,5b916866b2fcb3cd1e8555f2360b5a945a5e520bc3fe384360fca0e489e8ed860856816df6e3f12f0c3f6648110c17e9514b1031ef5201824fe6ab5be803fa3e,11/07/2022 07:14:00 PM,M,14.0,BICYCLE HELMET (PEDACYCLIST INVOLVED ONLY),TURNING LEFT,IN ROADWAY,TEST NOT OFFERED,,30,CLEAR,"DARKNESS, LIGHTED ROAD",PEDALCYCLIST,NOT DIVIDED,STRAIGHT AND LEVEL,DRY,INJURY AND / OR TOW DUE TO CRASH,ARMITAGE AVE,41.9169782,-87.7326054445,POINT (-87.732605444482 41.916978200029)
O1457510,BICYCLE,2e251f397a5743a617d99d1a8bff6f7a89bd83031904bec68113c50e2d9ea07fa86050e98d336b6c25714982da778757bfd73214cb22c07e1905ec5d061b4d2f,11/07/2022 06:20:00 PM,M,51.0,HELMET NOT USED,UNKNOWN/NA,IN ROADWAY,TEST NOT OFFERED,,30,CLEAR,"DARKNESS, LIGHTED ROAD",PEDALCYCLIST,DIVIDED - W/MEDIAN (NOT RAISED),STRAIGHT AND LEVEL,DRY,INJURY AND / OR TOW DUE TO CRASH,CALIFORNIA AVE,41.9084852955,-87.6971623005,POINT (-87.697162300515 41.9084852955)
O1457502,BICYCLE,464d67297666156b90ac33af18d637948536db2151273e236e7979fe6ff5dfb1ddceb9e67ee78433e152cca76341253c7c52d3d6834275730bfe094ee13a01ce,11/07/2022 03:43:00 PM,F,25.0,HELMET NOT USED,WITH TRAFFIC,UNKNOWN/NA,TEST NOT OFFERED,,30,CLEAR,DAYLIGHT,PEDALCYCLIST,DIVIDED - W/MEDIAN (NOT RAISED),STRAIGHT AND LEVEL,DRY,INJURY AND / OR TOW DUE TO CRASH,HALSTED ST,41.8547577881,-87.6467011755,POINT (-87.646701175506 41.854757788062)
O1456732,BICYCLE,5e43ee82aa35c807b5991caa526d8f4a12350d6e13d0c4559a27551c9c54cc4bfe7f1da0afe2f64cd528966f98dfc8774b9468ec67b47cca7d4078bae6671f62,11/06/2022 02:50:00 PM,M,17.0,HELMET NOT USED,UNKNOWN/NA,UNKNOWN/NA,TEST NOT OFFERED,,30,CLEAR,DAYLIGHT,PEDALCYCLIST,NOT DIVIDED,STRAIGHT AND LEVEL,DRY,INJURY AND / OR TOW DUE TO CRASH,MADISON ST,41.880349814,-87.7652746741,POINT (-87.765274674126 41.880349814022)
O1456776,BICYCLE,c4165f4108493f4f1412365c68f7332a7d5eae06a3483ad388307a4d1179ea5b988945a4b742ef993bd0af57d968b5fecceba876cc0b02c4fedabf5491d6123d,11/06/2022 02:30:00 PM,F,35.0,HELMET NOT USED,UNKNOWN/NA,IN ROADWAY,TEST NOT OFFERED,,30,UNKNOWN,UNKNOWN,PEDALCYCLIST,NOT DIVIDED,STRAIGHT AND LEVEL,UNKNOWN,NO INJURY / DRIVE AWAY,STATE ST,41.8893187111,-87.6281526679,POINT (-87.6281526679 41.889318711059)
O1456719,BICYCLE,5e014bcb236356749b1d0dac0602ae9857a77184c881d03797422746a2c1c204944fe33f85e9a06b29fcebda638403537e68d000efc3ad4858ae7279c49877e3,11/06/2022 12:57:00 PM,F,46.0,BICYCLE HELMET (PEDACYCLIST INVOLVED ONLY),WITH TRAFFIC,IN ROADWAY,TEST NOT OFFERED,,30,CLEAR,DAYLIGHT,PEDALCYCLIST,NOT DIVIDED,STRAIGHT AND LEVEL,DRY,INJURY AND / OR TOW DUE TO CRASH,BELMONT AVE,41.9398433458,-87.65125514,POINT (-87.651255140032 41.939843345836)
O1457859,NON-MOTOR VEHICLE,f44f90c8e156761bd776827b5fe0666b13a72b0fdf9750e9d28aa2ea5a2f70fbfcb29fa091b9c5f6586ca3f46c31171ef13ab9256884493c6d3876598e78765f,11/06/2022 06:30:00 AM,M,86.0,NONE PRESENT,,,,,20,UNKNOWN,DAWN,FIXED OBJECT,NOT DIVIDED,STRAIGHT AND LEVEL,UNKNOWN,NO INJURY / DRIVE AWAY,DIVERSEY AVE,41.9313366508,-87.7698333105,POINT (-87.769833310462 41.931336650781)
O1456806,BICYCLE,8f46cf763d3adb15fb8b6eadcfa24cb6bf379f2f6138a4516e080073df61c94b98aaac85c19069798f158ffc07876affec4e23bdd256095d5967885cd2fd30ca,11/05/2022 06:56:00 PM,M,,HELMET NOT USED,OTHER ACTION,NOT IN ROADWAY,TEST NOT OFFERED,,30,RAIN,DARKNESS,PEDALCYCLIST,DRIVEWAY,STRAIGHT AND LEVEL,WET,NO INJURY / DRIVE AWAY,CORNELL AVE,41.8002053807,-87.5858696678,POINT (-87.585869667845 41.800205380697)
O1456047,BICYCLE,b337824315cba3836059b805444385284ee6798d4c9e464b5ad6cf309f0256730839cda528b40663b51202c65d28763c75f107aa6335943ff4eb55e0bde3dd91,11/05/2022 02:15:00 PM,M,28.0,HELMET NOT USED,WITH TRAFFIC,BIKE LANE,TEST NOT OFFERED,,30,RAIN,DAYLIGHT,PARKED MOTOR VEHICLE,FOUR WAY,STRAIGHT AND LEVEL,WET,NO INJURY / DRIVE AWAY,DIVISION ST,41.9039142502,-87.6374252898,POINT (-87.637425289759 41.903914250235)
O1455997,NON-MOTOR VEHICLE,8cd657fdf248d97ac7ce2fdc04a018102d985004ccab05e2cf1b3c7a98fda96f60ffdb1dbb18d4c8f024c769c79d653c7558d8bee9babd7adf4272affc72cfba,11/05/2022 01:00:00 PM,,,,,,,,30,SEVERE CROSS WIND GATE,DAYLIGHT,OTHER NONCOLLISION,NOT DIVIDED,STRAIGHT AND LEVEL,WET,NO INJURY / DRIVE AWAY,CAMPBELL AVE,41.7457105982,-87.6853857663,POINT (-87.685385766265 41.745710598159)
O1459129,BICYCLE,96292dafc47ab9999c194983c20e2591ee28115dce1991ff556558b1f4628a68d38ba4a1123cd4c75f94d5b618b805eee971f3905295b5d609ddcfca62207d8a,11/05/2022 12:50:00 PM,F,,HELMET NOT USED,TURNING LEFT,UNKNOWN/NA,TEST NOT OFFERED,Y,30,UNKNOWN,UNKNOWN,PEDALCYCLIST,T-INTERSECTION,STRAIGHT AND LEVEL,UNKNOWN,INJURY AND / OR TOW DUE TO CRASH,DIVISION ST,41.9039135342,-87.6376525333,POINT (-87.637652533281 41.903913534212)
O1455929,BICYCLE,b5cf5a5ad3f773e282d978a081592cf1110ee66fa55f6fb74fdc4892627111f57adfed782e4792bbf254e26401a76f9e617102b5d4c7b316967edd35845a553f,11/05/2022 12:28:00 PM,F,,HELMET NOT USED,CROSSING - AGAINST SIGNAL,IN ROADWAY,TEST NOT OFFERED,,30,RAIN,DAYLIGHT,PEDALCYCLIST,NOT DIVIDED,STRAIGHT AND LEVEL,WET,NO INJURY / DRIVE AWAY,DIVISION ST,41.9036947196,-87.6374245335,POINT (-87.637424533508 41.903694719608)