PERSON_ID,PERSON_TYPE,CRASH_RECORD_ID,CRASH_DATE_x,SEX,AGE,SAFETY_EQUIPMENT,PEDPEDAL_ACTION,PEDPEDAL_LOCATION,BAC_RESULT,CRASH_DATE_EST_I,POSTED_SPEED_LIMIT,WEATHER_CONDITION,LIGHTING_CONDITION,FIRST_CRASH_TYPE,TRAFFICWAY_TYPE,ALIGNMENT,ROADWAY_SURFACE_COND,CRASH_TYPE,STREET_NAME,LATITUDE,LONGITUDE,LOCATION
O1455701,BICYCLE,e40756cba1c0eef86ddf604a4c0d9c5e6b08211c3362796fd843afd81fae856a400a9fbc11aabb7f81fcf7be1f9cf69e9780124892a8396f2a8ed0f1d96b76ef,11/05/2022 02:02:00 AM,M,28.0,BICYCLE HELMET (PEDACYCLIST INVOLVED ONLY),OTHER ACTION,BIKE LANE,TEST NOT OFFERED,,30,RAIN,DARKNESS,PEDALCYCLIST,NOT DIVIDED,STRAIGHT AND LEVEL,WET,NO INJURY / DRIVE AWAY,CORTLAND ST,41.9171678404,-87.6633443803,POINT (-87.663344380343 41.917167840406)
O1455545,BICYCLE,2003723fb0c2f1bbed6766901506ae818af7826527d8765e5b5d05957bcbd11ac16652115051eaa8fddd5696105bebb5b1f99dbc32e7fca0396c9385d3449cdf,11/04/2022 07:22:00 PM,F,25.0,BICYCLE HELMET (PEDACYCLIST INVOLVED ONLY),CROSSING - CONTROLS PRESENT (NOT AT INTERSECTION),IN ROADWAY,TEST NOT OFFERED,,30,CLEAR,"DARKNESS, LIGHTED ROAD",PEDALCYCLIST,FOUR WAY,STRAIGHT AND LEVEL,UNKNOWN,INJURY AND / OR TOW DUE TO CRASH,FULLERTON AVE,41.9248712432,-87.7024366591,POINT (-87.702436659073 41.924871243181)
O1455501,BICYCLE,3d36edc110634e35a0dbd2ca22d38c80c09e420be7f0d92ade2c0151384a1597e920a931a4e795af96f7eb187d35bf1901bc7f76a90cc119de0de407e254ddd5,11/04/2022 06:30:00 PM,M,60.0,HELMET NOT USED,CROSSING - WITH SIGNAL,IN ROADWAY,TEST NOT OFFERED,,30,CLOUDY/OVERCAST,"DARKNESS, LIGHTED ROAD",PEDALCYCLIST,FOUR WAY,STRAIGHT AND LEVEL,DRY,INJURY AND / OR TOW DUE TO CRASH,COMMERCIAL AVE,41.719026305,-87.5508827339,POINT (-87.550882733931 41.719026305043)
O1455358,BICYCLE,9481a1e0762fb098013944882cd00eb43e787bdfdae28a51ec7b4c7971cc800f4c509c5f285674a3313e9a7d2a30270458d1329f810110626d0616b32474ec04,11/04/2022 03:30:00 PM,F,29.0,BICYCLE HELMET (PEDACYCLIST INVOLVED ONLY),CROSSING - CONTROLS PRESENT (NOT AT INTERSECTION),IN ROADWAY,TEST NOT OFFERED,,30,CLEAR,DAYLIGHT,PEDALCYCLIST,DIVIDED - W/MEDIAN (NOT RAISED),STRAIGHT AND LEVEL,DRY,NO INJURY / DRIVE AWAY,MADISON ST,41.8818087852,-87.6520930659,POINT (-87.652093065923 41.88180878523)
O1455197,BICYCLE,0adaf07499654d44851943dc9577366912dc5360f0955eef6939f3e210e3c8fb00934a375df2a2abd951a84f5c9acfff61bfbec8ad99bd628a7b59815ae84ff1,11/04/2022 01:00:00 PM,,,HELMET NOT USED,CROSSING - WITH SIGNAL,IN CROSSWALK,TEST NOT OFFERED,,30,RAIN,DAYLIGHT,PEDALCYCLIST,DIVIDED - W/MEDIAN (NOT RAISED),STRAIGHT AND LEVEL,WET,NO INJURY / DRIVE AWAY,CONGRESS PKWY,41.8750647607,-87.6667463667,POINT (-87.666746366711 41.875064760708)
O1455075,BICYCLE,71371fd7d7e4e65b09e8e8cb5b1dd3754425a1307d28b2e6df18e38663ec016c3622c361f2c8687f71d7f316a2c831e74004f617974786242c204b536503a935,11/04/2022 11:03:00 AM,M,50.0,HELMET NOT USED,WITH TRAFFIC,IN ROADWAY,TEST NOT OFFERED,,30,CLEAR,DAYLIGHT,PEDALCYCLIST,DIVIDED - W/MEDIAN (NOT RAISED),STRAIGHT AND LEVEL,DRY,INJURY AND / OR TOW DUE TO CRASH,BROADWAY,41.9434891902,-87.645078817,POINT (-87.64507881702 41.943489190249)
O1455098,BICYCLE,d020cb81fc47ce95f0ae1300ff777b9a7f705fbe99639b72732756bf87031c995019aa84a8da7c0db829c6e1b716a14556d3df469da1181d136a2fab8786e170,11/04/2022 10:52:00 AM,M,33.0,HELMET NOT USED,WITH TRAFFIC,IN ROADWAY,TEST NOT OFFERED,,30,CLOUDY/OVERCAST,DAYLIGHT,PEDALCYCLIST,DIVIDED - W/MEDIAN (NOT RAISED),STRAIGHT AND LEVEL,DRY,INJURY AND / OR TOW DUE TO CRASH,BERTEAU AVE,41.9574326606,-87.7091618092,POINT (-87.709161809167 41.957432660608)
O1461071,BICYCLE,c57628aa2c660a225ac9be852abc014cb16a2b752f387a047b679a58c04cfad19bd5701fdc8683ffec8daf809e4b229593d5f2e67e9e7edcdb7b34c48cb415e8,11/04/2022 08:15:00 AM,F,26.0,BICYCLE HELMET (PEDACYCLIST INVOLVED ONLY),WITH TRAFFIC,BIKEWAY,TEST NOT OFFERED,,30,CLEAR,DAYLIGHT,PEDALCYCLIST,NOT DIVIDED,STRAIGHT AND LEVEL,DRY,NO INJURY / DRIVE AWAY,DAMEN AVE,41.9091920591,-87.6772829073,POINT (-87.677282907276 41.909192059084)
O1454841,BICYCLE,d8a108ded8891d2b8c460e24e53e7c1ac5347bf95bd53a485a2686fd08b1f66ee4f18a54798969969ca1d4f6880cc3854d28ea10d39fe71dfdadfdab60b36f5e,11/03/2022 07:11:00 PM,M,29.0,HELMET NOT USED,OTHER ACTION,IN ROADWAY,TEST NOT OFFERED,,30,CLEAR,DARKNESS,PEDALCYCLIST,NOT DIVIDED,STRAIGHT AND LEVEL,DRY,NO INJURY / DRIVE AWAY,FULLERTON PKWY,41.9256428279,-87.6438712794,POINT (-87.643871279413 41.925642827928)
O1454627,BICYCLE,fe0cdc0df6b4f0658cf3ba75d5b62a10763d31c64567c1244d6e6a585911ce34123090a16d8a510a6099d2fbc629ee68084cd503da63467427c42e547819bc4a,11/03/2022 04:00:00 PM,M,38.0,BICYCLE HELMET (PEDACYCLIST INVOLVED ONLY),CROSSING - NO CONTROLS (NOT AT INTERSECTION),IN CROSSWALK,TEST NOT OFFERED,,30,CLEAR,DAYLIGHT,PEDALCYCLIST,T-INTERSECTION,STRAIGHT AND LEVEL,UNKNOWN,INJURY AND / OR TOW DUE TO CRASH,HOWARD ST,42.0192660842,-87.6973474689,POINT (-87.697347468881 42.019266084235)
O1454795,BICYCLE,f2f98a5f0c87510240bf07c8b3e83371a13ef1642dced4372a6c071ed64471724aec579f8236039d5fa955b104d235bede690fbbc46e45a5b37969b389e62653,11/03/2022 03:50:00 PM,M,15.0,HELMET NOT USED,AGAINST TRAFFIC,IN ROADWAY,TEST NOT OFFERED,,30,CLEAR,DAYLIGHT,PEDALCYCLIST,ONE-WAY,STRAIGHT AND LEVEL,DRY,INJURY AND / OR TOW DUE TO CRASH,GRACE ST,41.9500294094,-87.7183623796,POINT (-87.718362379613 41.950029409353)
O1454394,BICYCLE,ef2a8bc03c3dc68fb10766f56eee33c5fa6c122d7f0e216318c8a61ce2ea8940bb62039914d6d7c8e8811cb96cbb910182355a7bd6ebcf4e2e5c89647c06d997,11/03/2022 08:53:00 AM,M,18.0,HELMET NOT USED,WITH TRAFFIC,IN ROADWAY,TEST NOT OFFERED,,30,CLEAR,DAYLIGHT,PEDALCYCLIST,FOUR WAY,STRAIGHT AND LEVEL,DRY,INJURY AND / OR TOW DUE TO CRASH,GARFIELD BLVD,41.7939695828,-87.6377406708,POINT (-87.637740670834 41.79396958283)
O1454492,BICYCLE,7b2b9117f39e2ebd180d488ccf752a8c0124146e7e89ba70aa11ce0bfc70ced520c42687ba7406c85b17acc01b3be2200d4789b0e0b81646cc6fe08d36ba200b,11/03/2022 08:01:00 AM,M,,BICYCLE HELMET (PEDACYCLIST INVOLVED ONLY),CROSSING - WITH SIGNAL,BIKEWAY,TEST NOT OFFERED,,30,CLEAR,DAYLIGHT,PEDALCYCLIST,OTHER,STRAIGHT AND LEVEL,DRY,NO INJURY / DRIVE AWAY,MILWAUKEE AVE,41.8963844813,-87.6554111193,POINT (-87.655411119252 41.896384481321)
O1454460,BICYCLE,f4e1eaad8d4dc10ea775bae7ea73290b33fa744c57ac4cb2060f2630920e01d20ceee71e77876dc771b089bb838f62ffc990669c1bf7909693c87cf27ac7aba5,11/03/2022 07:40:00 AM,M,15.0,HELMET NOT USED,WITH TRAFFIC,IN ROADWAY,TEST NOT OFFERED,,30,CLEAR,DAYLIGHT,PEDALCYCLIST,DIVIDED - W/MEDIAN (NOT RAISED),STRAIGHT AND LEVEL,DRY,INJURY AND / OR TOW DUE TO CRASH,ADDISON ST,41.9464905948,-87.7100948109,POINT (-87.710094810938 41.946490594807)
O1454281,BICYCLE,9b25cac22f172a2e81eabd1c8bc2ed04d7975b3673ea428899a5947bc6448901cf1463665b65171f208dda1772d18c25ee6dbda67abf443f86bdbf3a136bc373,11/03/2022 05:56:00 AM,M,59.0,BICYCLE HELMET (PEDACYCLIST INVOLVED ONLY),CROSSING - NO CONTROLS (AT INTERSECTION),IN CROSSWALK,TEST NOT OFFERED,,30,CLEAR,"DARKNESS, LIGHTED ROAD",PEDALCYCLIST,DIVIDED - W/MEDIAN (NOT RAISED),STRAIGHT AND LEVEL,DRY,INJURY AND / OR TOW DUE TO CRASH,DIVERSEY AVE,41.9315417683,-87.7540862233,POINT (-87.754086223274 41.931541768265)
O1454269,NON-MOTOR VEHICLE,5ac1c8bbfacb706b41ca52388941e5319e36ac2335a4ceb1c12518e195fd4460d1142977e5abf50490ac5b1d3b39da2ef484e8d17f5ad764058174818c5a4183,11/03/2022 02:23:00 AM,,,,,,TEST NOT OFFERED,,30,CLEAR,"DARKNESS, LIGHTED ROAD",FIXED OBJECT,NOT DIVIDED,STRAIGHT AND LEVEL,DRY,INJURY AND / OR TOW DUE TO CRASH,76TH ST,41.7567370114,-87.5989732203,POINT (-87.598973220349 41.756737011377)
O1454777,BICYCLE,dbd85ee63c57fd773b3dfd9970c08e54b3064c925f8ed661af30dce27c3d2255f06d7049a63924dba5306f008c2e4b514077fb33c45293f6d2c5c07ea641e72d,11/02/2022 06:20:00 PM,F,,HELMET NOT USED,UNKNOWN/NA,IN ROADWAY,TEST NOT OFFERED,,30,UNKNOWN,UNKNOWN,PEDALCYCLIST,FOUR WAY,STRAIGHT AND LEVEL,UNKNOWN,NO INJURY / DRIVE AWAY,DIVERSEY PKWY,41.9326088807,-87.6490677548,POINT (-87.649067754812 41.932608880671)
O1454149,BICYCLE,c8100d361300ad5debccb4a731829a0ecf70a7a7aaefedd2b66ade6f3a4b4419d74c6060a908ea2f6a25c0ec26f4bab58f6a50ca8dfe116de1862b64b60fd53e,11/02/2022 05:00:00 PM,M,46.0,HELMET NOT USED,WITH TRAFFIC,BIKE LANE,TEST NOT OFFERED,,30,CLEAR,DAYLIGHT,PEDALCYCLIST,NOT DIVIDED,STRAIGHT AND LEVEL,DRY,INJURY AND / OR TOW DUE TO CRASH,LAWRENCE AVE,41.9681784797,-87.7441381988,POINT (-87.744138198784 41.968178479703)
O1454047,BICYCLE,3a7612415c2bea2f0b907f4e593b0cc51fcff23c6e41997b094ec19bc2b6cc2c8799e01e9a71ecf79f556c783604be2199511fe1eeb533962f12f90ff975d393,11/02/2022 04:40:00 PM,M,26.0,BICYCLE HELMET (PEDACYCLIST INVOLVED ONLY),CROSSING - NO CONTROLS (AT INTERSECTION),BIKE LANE,TEST NOT OFFERED,,30,CLEAR,DAYLIGHT,PEDALCYCLIST,FOUR WAY,STRAIGHT AND LEVEL,DRY,INJURY AND / OR TOW DUE TO CRASH,ELSTON AVE,41.9437178912,-87.7048269833,POINT (-87.704826983328 41.943717891185)
O1453957,BICYCLE,29bf45f027288eb6e2bfdf69738b6cbd64788cf304e4ab43224e3fa5660eee77391de772a096cafccec1c6073b3aeffeacb6fdd11c5123a96bdc69b8693ff1d5,11/02/2022 03:43:00 PM,M,27.0,HELMET NOT USED,WITH TRAFFIC,IN ROADWAY,TEST NOT OFFERED,,30,CLEAR,DAYLIGHT,PEDALCYCLIST,NOT DIVIDED,STRAIGHT AND LEVEL,DRY,INJURY AND / OR TOW DUE TO CRASH,STATE ST,41.8964220155,-87.6280463636,POINT (-87.628046363601 41.89642201552)
O1454208,BICYCLE,b8141239ca9a9f06c690ae322e9cfef432be4bdbd8493e613bf4194b471688d7066458d17f3c6d391b5287a2669a07bb4f92d9abca33a0a70799253ec2fbfb9c,11/02/2022 02:20:00 PM,M,51.0,HELMET NOT USED,WITH TRAFFIC,IN ROADWAY,TEST NOT OFFERED,,30,CLEAR,DAYLIGHT,PEDALCYCLIST,NOT DIVIDED,STRAIGHT AND LEVEL,DRY,INJURY AND / OR TOW DUE TO CRASH,COTTAGE GROVE AVE,41.792210056,-87.6063185716,POINT (-87.606318571565 41.792210056022)
O1453757,BICYCLE,83591a60b10e6545b686b698c480d2b6d568da8be2c682be74688bdde78a4c094b70f5c2fdf39381ef3a4e97397753214a60fde3eb4b10b27ebbc601da12c4b3,11/02/2022 09:59:00 AM,M,27.0,HELMET NOT USED,UNKNOWN/NA,IN ROADWAY,TEST NOT OFFERED,,30,CLEAR,DAYLIGHT,PEDALCYCLIST,NOT DIVIDED,STRAIGHT AND LEVEL,DRY,INJURY AND / OR TOW DUE TO CRASH,WELLS ST,41.9101297869,-87.6348252838,POINT (-87.63482528375 41.910129786942)
O1453678,BICYCLE,27fdc155adea3b2ba5304c5cd1422d11e53887f46460cdcbc4c0e2961ee71980a3fda5f00bdac1374fd07c803b2e8668cf27db701785e16a08e45c2c4943196e,11/02/2022 08:05:00 AM,M,14.0,HELMET NOT USED,CROSSING - AGAINST SIGNAL,IN CROSSWALK,TEST NOT OFFERED,,30,CLEAR,DAYLIGHT,PEDALCYCLIST,CENTER TURN LANE,STRAIGHT AND LEVEL,DRY,INJURY AND / OR TOW DUE TO CRASH,CALIFORNIA AVE,41.9902891782,-87.699545547,POINT (-87.699545547039 41.990289178171)
O1453629,BICYCLE,db536d2d2778dff3dbbaa905fa3db622fa96d3389128b5ce6637811a6bf82cbfbc6e085c6751d36136fc071a7f7aad0a19dbb83da6470c41cb3181e0940c1527,11/02/2022 08:04:00 AM,M,16.0,HELMET NOT USED,CROSSING - NO CONTROLS (AT INTERSECTION),IN ROADWAY,TEST NOT OFFERED,,25,CLEAR,DAYLIGHT,PEDALCYCLIST,NOT DIVIDED,STRAIGHT AND LEVEL,DRY,INJURY AND / OR TOW DUE TO CRASH,OZANAM AVE,41.9777461025,-87.8219705918,POINT (-87.821970591828 41.977746102546)
O1453653,BICYCLE,dc9ea08963aad730ec3f987934440b5e586335ad4150f2fcec4992c74865ff907372073639fb4b0fb8e482cca9f85a4aa5b8fd4212bbcecdf683e0736959edbe,11/02/2022 08:00:00 AM,M,30.0,HELMET NOT USED,OTHER ACTION,BIKE LANE,,,30,CLEAR,DAYLIGHT,PEDALCYCLIST,NOT DIVIDED,STRAIGHT AND LEVEL,DRY,NO INJURY / DRIVE AWAY,KINZIE ST,41.8892581895,-87.6355708424,POINT (-87.635570842423 41.889258189498)
O1453986,BICYCLE,ee9bf35e47bb07418edd17ffd0d728aceef25be114721ec334d873d76757b8d2b9665e1d08e8b5d6586b9f62128b96618f7e99dac830460ee475e90df2ab04a8,11/02/2022 06:30:00 AM,M,,BICYCLE HELMET (PEDACYCLIST INVOLVED ONLY),AGAINST TRAFFIC,IN ROADWAY,TEST NOT OFFERED,,30,CLEAR,"DARKNESS, LIGHTED ROAD",PEDALCYCLIST,NOT DIVIDED,STRAIGHT AND LEVEL,DRY,NO INJURY / DRIVE AWAY,KIMBALL AVE,41.953900709,-87.7130541045,POINT (-87.71305410446 41.953900708977)
O1453642,NON-MOTOR VEHICLE,7f81e5bc76927665fb959b77576606d6b7166bfd64ae770c4ccf7248ecc67cd396456bc8a751b25760e365c4cd5271d0b85e36c27084e15f87b43facca3a4548,11/02/2022 12:30:00 AM,M,33.0,NONE PRESENT,NO ACTION,NOT IN ROADWAY,TEST REFUSED,,20,CLEAR,DARKNESS,OTHER OBJECT,ALLEY,STRAIGHT AND LEVEL,DRY,NO INJURY / DRIVE AWAY,KARLOV AVE,41.9144658297,-87.7287724588,POINT (-87.728772458815 41.914465829704)
O1453507,BICYCLE,8039fbd427b5518843424c092cd305f37f6bde4e1c08b3d15ee2c106e79c93c562c4790f497f7b4f36c2d987d66de987038454b37283775e0666914d2043b7ec,11/01/2022 10:00:00 PM,M,26.0,BICYCLE HELMET (PEDACYCLIST INVOLVED ONLY),WITH TRAFFIC,IN ROADWAY,TEST NOT OFFERED,,30,CLEAR,"DARKNESS, LIGHTED ROAD",PEDALCYCLIST,ONE-WAY,STRAIGHT AND LEVEL,DRY,INJURY AND / OR TOW DUE TO CRASH,WALTON ST,41.8999082903,-87.6305533977,POINT (-87.630553397691 41.899908290324)
O1453419,BICYCLE,b1c7e41d3607340304d3574664ae832d7d8d56dc4ca2cc82e6721988364e68eeb245b5df19a97e79808337d847a18132c598ccbfe782aaafb63769e79b043378,11/01/2022 06:32:00 PM,F,31.0,HELMET NOT USED,CROSSING - NO CONTROLS (AT INTERSECTION),IN ROADWAY,TEST NOT OFFERED,,30,CLEAR,"DARKNESS, LIGHTED ROAD",PEDALCYCLIST,DIVIDED - W/MEDIAN (NOT RAISED),STRAIGHT AND LEVEL,DRY,INJURY AND / OR TOW DUE TO CRASH,DIVISION ST,41.9033619789,-87.6732455292,POINT (-87.673245529231 41.903361978872)
O1453294,BICYCLE,4b7ea62ad3df13ec1bc46480e23d74931212888ddc2d1672058de0c0420eaaa4a1909974881875382f2ab10bb47d9bc740170909efa302cc055c9f0359a8d176,11/01/2022 04:53:00 PM,M,43.0,HELMET NOT USED,AGAINST TRAFFIC,DRIVEWAY ACCESS,,,30,CLEAR,DAYLIGHT,PEDALCYCLIST,NOT DIVIDED,STRAIGHT AND LEVEL,DRY,INJURY AND / OR TOW DUE TO CRASH,LINCOLN AVE,41.9762685007,-87.6922112165,POINT (-87.692211216544 41.976268500661)
O1453355,BICYCLE,1f21f7f3b33523fa137780fdf500632d539d114d56927463862157e8a1931f286d013b364acd59f5ce0b96f034337ac408bb8706ee20b291379b4ed5e14295ef,11/01/2022 04:50:00 PM,M,17.0,HELMET NOT USED,CROSSING - WITH SIGNAL,IN CROSSWALK,TEST NOT OFFERED,,30,CLEAR,DAYLIGHT,PEDALCYCLIST,FOUR WAY,STRAIGHT AND LEVEL,DRY,INJURY AND / OR TOW DUE TO CRASH,MILWAUKEE AVE,41.9462374368,-87.7358106577,POINT (-87.735810657669 41.946237436772)
O1453353,BICYCLE,1273ae1453bf71be2cf396968c56a1c99f802061c1a7c3c171a95fbe011befae9390e1eb6abaf66ead343898b963390de4509da643f2c8985d59282ce0c2bb8f,11/01/2022 04:25:00 PM,M,51.0,HELMET NOT USED,NO ACTION,IN ROADWAY,TEST NOT OFFERED,,30,CLEAR,DAYLIGHT,PEDALCYCLIST,CENTER TURN LANE,STRAIGHT AND LEVEL,DRY,INJURY AND / OR TOW DUE TO CRASH,CLYBOURN AVE,41.9135223868,-87.6529400928,POINT (-87.652940092836 41.913522386843)
O1452994,BICYCLE,e43468f3226ae29638c2ea9c62199661158dea22c4f42a70a7b4932f038e467b17c6c7072b1f6f9fa7ef6e0606ca9f8aaf48122e917d7fd552e027839443accb,11/01/2022 09:00:00 AM,M,29.0,HELMET NOT USED,WITH TRAFFIC,IN CROSSWALK,TEST NOT OFFERED,,30,CLEAR,DAYLIGHT,PEDALCYCLIST,NOT DIVIDED,STRAIGHT AND LEVEL,DRY,NO INJURY / DRIVE AWAY,GRANVILLE AVE,41.9935825209,-87.7288218301,POINT (-87.72882183013 41.993582520915)
O1452947,BICYCLE,81b907cbd595368d9b27596cdc09fca237888a36abf4ed4a0f74379826a6c3c5060f15bfdea0cb1ce92966d43ffd2c45a56774b0f74d0e5336b8e4e232e84ba0,11/01/2022 08:00:00 AM,M,,HELMET NOT USED,AGAINST TRAFFIC,SHOULDER,TEST NOT OFFERED,,25,CLEAR,DAYLIGHT,PEDALCYCLIST,FOUR WAY,STRAIGHT AND LEVEL,DRY,INJURY AND / OR TOW DUE TO CRASH,69TH ST,41.7686605533,-87.6639628761,POINT (-87.663962876119 41.768660553306)
O1452677,BICYCLE,77725cc93554b3540ed56e36ccd6cffd48db5b9cedbd765a805e2c643365a2c26eaa25e991aaa7f6375f4f2299412aa3aa49b1c277215515d55ab1dd5fd3c8df,10/31/2022 05:33:00 PM,F,27.0,HELMET NOT USED,WITH TRAFFIC,BIKE LANE,TEST NOT OFFERED,,35,CLEAR,DUSK,PEDALCYCLIST,DIVIDED - W/MEDIAN (NOT RAISED),STRAIGHT AND LEVEL,WET,INJURY AND / OR TOW DUE TO CRASH,MONROE ST,41.8800858906,-87.6789957958,POINT (-87.67899579575 41.880085890619)
O1452569,BICYCLE,583245a402b79a418eb72364982543fb4dee0fa45ca5eea47bcef41df2cda808fd1d0552cc0ec3038572f75a77aab51e0e3f1496599804dfd5c7db9f0d231061,10/31/2022 04:15:00 PM,M,39.0,HELMET NOT USED,WITH TRAFFIC,BIKEWAY,TEST NOT OFFERED,,30,RAIN,DAWN,PEDALCYCLIST,FOUR WAY,STRAIGHT AND LEVEL,WET,INJURY AND / OR TOW DUE TO CRASH,PULASKI RD,41.8762260877,-87.7253701423,POINT (-87.725370142308 41.876226087698)
O1452587,BICYCLE,9b49e68fff86a8044dff4064a9be81b6862947470b6d139276de6bf1bbf288e56961f8b9905c5120053179bac064b6d6e333bb0a68a181280632b1b1bea9966f,10/31/2022 04:00:00 PM,M,,HELMET NOT USED,WITH TRAFFIC,IN CROSSWALK,TEST NOT OFFERED,,30,CLEAR,DAYLIGHT,PEDALCYCLIST,DIVIDED - W/MEDIAN (NOT RAISED),STRAIGHT AND LEVEL,DRY,NO INJURY / DRIVE AWAY,ADDISON ST,41.946467796,-87.7120240971,POINT (-87.712024097067 41.946467795996)
O1452244,BICYCLE,6322e3eb6657650b18eb8d8c0521b1c609d247cadabd09ed08bd523e134750f9bb908f54d910d0a9aebcab4dda66c78369a0719420706d8cc4c485991823ca4c,10/31/2022 08:20:00 AM,M,58.0,BICYCLE HELMET (PEDACYCLIST INVOLVED ONLY),WITH TRAFFIC,IN ROADWAY,TEST NOT OFFERED,,30,FOG/SMOKE/HAZE,DAYLIGHT,PEDALCYCLIST,FOUR WAY,STRAIGHT AND LEVEL,WET,INJURY AND / OR TOW DUE TO CRASH,MONROE ST,41.880598955,-87.6299073905,POINT (-87.629907390518 41.880598955013)
O1458186,BICYCLE,9aac9cf74379cbf52a409e5f0f62a76f9e7e9fb2e688d78f9c38df89d78a95c6674527794ed2a62cc9853906a9f7c5b336552204a5b5a681fcf4c06faa38ee1d,10/30/2022 07:03:00 PM,M,42.0,HELMET NOT USED,NO ACTION,UNKNOWN/NA,TEST NOT OFFERED,,30,UNKNOWN,UNKNOWN,PEDALCYCLIST,UNKNOWN,STRAIGHT AND LEVEL,UNKNOWN,INJURY AND / OR TOW DUE TO CRASH,RUSH ST,41.8925622525,-87.6255420976,POINT (-87.625542097587 41.892562252544)
O1453519,BICYCLE,05b7fd20c3a06b366adf702394d1cf05479fccd98489ba8cb1fa59515baa6ea8cd05fcf73f08e3b9457cd31a52186c4314115d703993402b5345ae4486a7bc79,10/30/2022 07:00:00 PM,M,50.0,BICYCLE HELMET (PEDACYCLIST INVOLVED ONLY),WITH TRAFFIC,BIKE LANE,TEST NOT OFFERED,,25,CLEAR,"DARKNESS, LIGHTED ROAD",PEDALCYCLIST,OTHER,STRAIGHT AND LEVEL,DRY,NO INJURY / DRIVE AWAY,33RD ST,41.8346963596,-87.6323255921,POINT (-87.63232559214 41.834696359592)
O1451339,BICYCLE,172467b6028b12ee94089c520d5868efcd0b5432263ed1ccb5821eeeeac686d491b6bdca11d0cd855e695bdef6e386db0b13d7317205dca0437b1aca92b710a9,10/29/2022 07:20:00 PM,M,15.0,BICYCLE HELMET (PEDACYCLIST INVOLVED ONLY),WITH TRAFFIC,IN ROADWAY,TEST NOT OFFERED,,25,CLEAR,"DARKNESS, LIGHTED ROAD",PEDALCYCLIST,DIVIDED - W/MEDIAN (NOT RAISED),STRAIGHT AND LEVEL,DRY,INJURY AND / OR TOW DUE TO CRASH,LARAMIE AVE,41.9244023584,-87.7560092867,POINT (-87.756009286689 41.924402358382)
O1451414,BICYCLE,07efee2bc723ea6de067637878703e3b2b3d5e89d74a16dc1f8554916fcbad0a36ddfc559a1ea259fec28a50900aa086c6e0d29d2fc69ea5b1ff12a06b4d0a54,10/29/2022 06:10:00 PM,M,16.0,HELMET NOT USED,OTHER ACTION,IN ROADWAY,TEST NOT OFFERED,,30,CLEAR,"DARKNESS, LIGHTED ROAD",PEDALCYCLIST,ONE-WAY,STRAIGHT AND LEVEL,DRY,INJURY AND / OR TOW DUE TO CRASH,BELMONT AVE,41.9384498205,-87.7677705158,POINT (-87.767770515779 41.938449820454)
O1451285,BICYCLE,053cdc7a2fe7a2e4e116fa8712ff1c0339d37aa186bdee5f63c54d708822b64c2db74710757d3962fc1d6a3e038841f1b2835be51b926a028ada163890fa78ca,10/29/2022 04:00:00 PM,M,25.0,BICYCLE HELMET (PEDACYCLIST INVOLVED ONLY),NO ACTION,IN ROADWAY,TEST NOT OFFERED,,30,CLEAR,DAYLIGHT,PEDALCYCLIST,FOUR WAY,STRAIGHT AND LEVEL,DRY,INJURY AND / OR TOW DUE TO CRASH,BELMONT AVE,41.937880483,-87.8100782783,POINT (-87.810078278319 41.937880483018)
O1451163,NON-MOTOR VEHICLE,316dd8f11c054ee25e18bbefc85e50ff5b63f37aee7a0db9cfa70fd77169fd3680eb299a8b61e44ab7f064a3e533912f06f28795488172e0424683ee2e191d46,10/29/2022 03:40:00 PM,M,27.0,NONE PRESENT,CROSSING - NO CONTROLS (AT INTERSECTION),IN CROSSWALK,TEST NOT OFFERED,,0,CLEAR,DAYLIGHT,OTHER OBJECT,FOUR WAY,STRAIGHT AND LEVEL,DRY,INJURY AND / OR TOW DUE TO CRASH,LINDER AVE,41.9315169797,-87.7636498204,POINT (-87.7636498204 41.931516979738)
O1455283,BICYCLE,a88f584308400326d5b34936285006bde7d2428488c80c2229cd8ccb0413762ed4b902fdb5baccd68a0975af6bb3ef8cd9599856c09beec8417ef6e375d75884,10/29/2022 12:15:00 PM,M,11.0,HELMET NOT USED,OTHER ACTION,NOT IN ROADWAY,TEST NOT OFFERED,,30,CLEAR,DAYLIGHT,PEDALCYCLIST,NOT DIVIDED,STRAIGHT AND LEVEL,DRY,NO INJURY / DRIVE AWAY,CENTRAL AVE,41.9608196273,-87.7674002859,POINT (-87.767400285882 41.960819627345)
O1450519,BICYCLE,bb634beb8c581e8ffb24c1b07c9e01623198ec12513712e586484f769d0df80148b501ae5c7ab5a939fb342ba2dc2d25fdbed50e7da8caaf20d8de937865f17a,10/28/2022 03:30:00 PM,F,44.0,HELMET NOT USED,TURNING RIGHT,IN ROADWAY,TEST NOT OFFERED,,30,CLEAR,DAYLIGHT,PEDALCYCLIST,DIVIDED - W/MEDIAN (NOT RAISED),STRAIGHT AND LEVEL,DRY,INJURY AND / OR TOW DUE TO CRASH,DIVISION ST,41.903766951,-87.6329946152,POINT (-87.632994615242 41.903766951035)