PERSON_ID,PERSON_TYPE,CRASH_RECORD_ID,CRASH_DATE_x,SEX,AGE,SAFETY_EQUIPMENT,PEDPEDAL_ACTION,PEDPEDAL_LOCATION,BAC_RESULT,CRASH_DATE_EST_I,POSTED_SPEED_LIMIT,WEATHER_CONDITION,LIGHTING_CONDITION,FIRST_CRASH_TYPE,TRAFFICWAY_TYPE,ALIGNMENT,ROADWAY_SURFACE_COND,CRASH_TYPE,STREET_NAME,LATITUDE,LONGITUDE,LOCATION
O1450351,NON-MOTOR VEHICLE,27fe2ecd813af55bca6a853e31f90719bb80b346bd5bd699a56ff551fa074e840c51ec99431aef6ed7ab983526b7df50fe7fe9f45acea75378277fad149f2e30,10/28/2022 02:45:00 PM,F,77.0,NONE PRESENT,CROSSING - WITH SIGNAL,IN ROADWAY,,,30,CLEAR,DAYLIGHT,OTHER OBJECT,NOT DIVIDED,STRAIGHT AND LEVEL,DRY,NO INJURY / DRIVE AWAY,SHERIDAN RD,41.9613977799,-87.6545929748,POINT (-87.654592974847 41.961397779903)
O1450224,BICYCLE,b4539ba81480f585c418ef4e81332041c77656b4e4c2fb9aed8e17af1848bfb2dd8d0cc55c19f0d2730e7df4da345481cb4d149a6e7a4c0a635e4a78d9d19e89,10/28/2022 12:08:00 PM,M,79.0,HELMET NOT USED,UNKNOWN/NA,DRIVEWAY ACCESS,TEST NOT OFFERED,Y,30,CLEAR,DAYLIGHT,PEDALCYCLIST,NOT DIVIDED,STRAIGHT AND LEVEL,DRY,INJURY AND / OR TOW DUE TO CRASH,63RD ST,41.778987189,-87.7088638153,POINT (-87.708863815297 41.778987188969)
O1450188,BICYCLE,cb83aee2a1e31bd40568a2031c9e6fb767024fa8f65c71e4fef4c15110b21f35c2e422cfaa505188265cb36809f7973d25c8e48d0a26c5d485dddfdd8f2938a3,10/28/2022 10:52:00 AM,M,32.0,HELMET NOT USED,WITH TRAFFIC,BIKE LANE,TEST NOT OFFERED,,35,CLEAR,DAYLIGHT,PEDALCYCLIST,DIVIDED - W/MEDIAN (NOT RAISED),STRAIGHT AND LEVEL,DRY,NO INJURY / DRIVE AWAY,KEDZIE AVE,41.9499648988,-87.7077621606,POINT (-87.707762160562 41.9499648988)
O1450101,BICYCLE,b483438c733e005177d507881367ac43d3c7d6cb7ebadd423413f1353d627ac40edaf0c340ce49aa592b806f8fdbe0b8fdfd0f318c8e2a40a0a9ebd6e0ec63fb,10/28/2022 07:33:00 AM,M,57.0,HELMET NOT USED,CROSSING - WITH SIGNAL,IN ROADWAY,TEST NOT OFFERED,,30,CLEAR,DAYLIGHT,PEDALCYCLIST,DIVIDED - W/MEDIAN (NOT RAISED),STRAIGHT AND LEVEL,DRY,NO INJURY / DRIVE AWAY,87TH ST,41.7355447347,-87.6728012809,POINT (-87.672801280906 41.735544734727)
O1449997,BICYCLE,ae5f153a441852a7ff51523d0df695f69f7d8cae7dcb4e0ccbcc275b6893091cfc7fa641a42138e01e198caa358baff4e38452f3228eaf19a148e3bafafb1de8,10/27/2022 09:37:00 PM,M,50.0,BICYCLE HELMET (PEDACYCLIST INVOLVED ONLY),WITH TRAFFIC,IN ROADWAY,TEST NOT OFFERED,,30,CLEAR,DARKNESS,PEDALCYCLIST,ONE-WAY,STRAIGHT AND LEVEL,DRY,NO INJURY / DRIVE AWAY,WABASH AVE,41.7675146604,-87.6232042453,POINT (-87.623204245338 41.767514660369)
O1452992,NON-MOTOR VEHICLE,28b7424c1c3937c72ac62240d5bdcc1a75a47aed1152decd6d185393bfb620e7873d15d995f54bfacdeb46cbc47bf7648767844aa853256ab2d5e814f1620d4c,10/27/2022 07:06:00 PM,X,,SAFETY BELT USED,,,TEST NOT OFFERED,,10,UNKNOWN,UNKNOWN,FIXED OBJECT,PARKING LOT,STRAIGHT AND LEVEL,UNKNOWN,NO INJURY / DRIVE AWAY,71ST ST,41.7659000641,-87.5926168598,POINT (-87.592616859776 41.765900064126)
O1449296,BICYCLE,c7eb1a82725446beea8b8270f567b0a76ff9bcb72719044d3c64d3666cca94e4e97becb0aa6e0d68f18a19149b99b1bd02e5c60aa97a5fc3221b82b6c54c6062,10/26/2022 08:30:00 PM,M,29.0,BICYCLE HELMET (PEDACYCLIST INVOLVED ONLY),WITH TRAFFIC,BIKE LANE,TEST NOT OFFERED,,30,CLEAR,"DARKNESS, LIGHTED ROAD",PEDALCYCLIST,"FIVE POINT, OR MORE",STRAIGHT AND LEVEL,DRY,NO INJURY / DRIVE AWAY,LINCOLN AVE,41.9240379607,-87.6465804557,POINT (-87.646580455741 41.924037960687)
O1451000,NON-MOTOR VEHICLE,fcbe4014bdef498559fd90fb0bc65d94b2402070b68a38496e93e5578489e2a84f0fe5c01bfa79ddd47b66f2fc4d986d9645b8c6ca521b6374d60d9415ef56c3,10/26/2022 07:05:00 PM,M,72.0,NONE PRESENT,,,,,20,CLEAR,DARKNESS,FIXED OBJECT,ALLEY,STRAIGHT AND LEVEL,DRY,INJURY AND / OR TOW DUE TO CRASH,KARLOV AVE,41.8355769,-87.7266115277,POINT (-87.726611527696 41.835576899975)
O1449305,BICYCLE,acf82f7db11c71c7d8882f41bc41a442c05f807130ff9ab9083c8bbc656044894c36575075f7eea218967faffd88496c8026edfb6d3c596140d3e65252effa8e,10/26/2022 06:22:00 PM,M,49.0,BICYCLE HELMET (PEDACYCLIST INVOLVED ONLY),OTHER ACTION,IN ROADWAY,TEST NOT OFFERED,,30,CLEAR,DUSK,PEDALCYCLIST,ONE-WAY,STRAIGHT AND LEVEL,DRY,INJURY AND / OR TOW DUE TO CRASH,LEAVITT ST,41.9081902999,-87.6824329435,POINT (-87.682432943528 41.9081902999)
O1449119,BICYCLE,7736440d7f9f81474f96ced7ed6c0b068860a25756e7a4f75bd490ecf87d556ea8c4faac5d0bea4563e3614400f81693f8e8961dcecc58b04a5007107e89977e,10/26/2022 05:25:00 PM,M,40.0,BICYCLE HELMET (PEDACYCLIST INVOLVED ONLY),NO ACTION,BIKE LANE,TEST NOT OFFERED,,30,CLEAR,DAYLIGHT,PEDALCYCLIST,ONE-WAY,STRAIGHT AND LEVEL,DRY,INJURY AND / OR TOW DUE TO CRASH,DEARBORN ST,41.8916103043,-87.6295031435,POINT (-87.629503143485 41.891610304281)
O1449107,BICYCLE,ca4610756fd7027beef83d34c33b3efdefd52dea2519baa078916865522386ec039ff1a801bbd2c5ae2b59e84d9df25e2564b854a526e2e41c91d356daac3f0e,10/26/2022 02:43:00 PM,M,34.0,BICYCLE HELMET (PEDACYCLIST INVOLVED ONLY),TURNING LEFT,IN ROADWAY,TEST NOT OFFERED,,30,CLEAR,DAYLIGHT,PEDALCYCLIST,ONE-WAY,STRAIGHT AND LEVEL,DRY,INJURY AND / OR TOW DUE TO CRASH,CLARK ST,41.8854907843,-87.6308222718,POINT (-87.630822271774 41.885490784288)
O1448911,BICYCLE,b11f21e75521e6a171aa79304547cdea3cde0aec001d827ba077042c483842e0ccada752244d73ee67c595e3cc5e6939d75a978966340b37b8bb2774e3270b10,10/26/2022 01:45:00 PM,F,23.0,HELMET NOT USED,CROSSING - WITH SIGNAL,IN ROADWAY,TEST NOT OFFERED,,30,CLEAR,DAYLIGHT,PEDALCYCLIST,FOUR WAY,STRAIGHT AND LEVEL,DRY,INJURY AND / OR TOW DUE TO CRASH,CLARK ST,41.9510640531,-87.659795128,POINT (-87.659795128028 41.951064053085)
O1449238,BICYCLE,04e4f9bbf7e0b5d343d6acf424b25f6acc24926f9e2ae4bd2db893cfe7f2af2e65ff333b9ed72bd7e61f5f562aa9720b34d51a27287cf73ec0337ea80dd15c02,10/26/2022 08:30:00 AM,M,46.0,BICYCLE HELMET (PEDACYCLIST INVOLVED ONLY),WITH TRAFFIC,IN ROADWAY,TEST NOT OFFERED,Y,30,CLEAR,DAYLIGHT,PEDALCYCLIST,NOT DIVIDED,STRAIGHT AND LEVEL,DRY,NO INJURY / DRIVE AWAY,HALSTED ST,41.8934649855,-87.6478201109,POINT (-87.64782011094 41.893464985491)
O1448812,BICYCLE,470218a124d6927db9c8bcdaebe3ec9e1d6a0e4fcf31be42533570ae4789e8ec8f1c6d830e75318a317364f1c44afa59b38c88277d63f68b71b23fc0c1924f50,10/26/2022 08:00:00 AM,M,55.0,BICYCLE HELMET (PEDACYCLIST INVOLVED ONLY),NO ACTION,BIKEWAY,TEST NOT OFFERED,,30,CLEAR,DAYLIGHT,PEDALCYCLIST,FOUR WAY,STRAIGHT AND LEVEL,DRY,INJURY AND / OR TOW DUE TO CRASH,CARROLL AVE,41.8877832514,-87.6769428838,POINT (-87.67694288382 41.887783251431)
O1448568,NON-MOTOR VEHICLE,85d1f0201be5060109074abbef0fb8df44ce25455c4538061c4c362e653737988c6beb5975491f522394c197305547fdb3c3f5da6b5a2ee383b1b650b20a8748,10/25/2022 11:05:00 PM,M,32.0,NONE PRESENT,,,TEST NOT OFFERED,Y,30,RAIN,"DARKNESS, LIGHTED ROAD",OTHER OBJECT,ONE-WAY,STRAIGHT AND LEVEL,WET,INJURY AND / OR TOW DUE TO CRASH,GRAND AVE,41.8916961121,-87.634145905,POINT (-87.634145905035 41.891696112063)
O1450581,BICYCLE,73cf9ae9aa2f8caaed6252772c7775b0a86a8df11bca7028ddd032176a5d7b16fccd3ef2fe464df42ab3d46924a87f0586624eeabed8012aaf04ef6605e76889,10/25/2022 05:30:00 PM,M,50.0,HELMET NOT USED,AGAINST TRAFFIC,IN ROADWAY,TEST NOT OFFERED,,30,CLEAR,DAYLIGHT,PEDALCYCLIST,NOT DIVIDED,STRAIGHT AND LEVEL,DRY,NO INJURY / DRIVE AWAY,WESTERN AVE,41.8846863716,-87.6866766609,POINT (-87.68667666091 41.884686371563)
O1447853,BICYCLE,1ebc3c3e2859490b7dfad7906179554a41bd48bad0ad04fee797077eb047058e7e6d2b9a9307e14671a0be8e5fc3c65307b9b926c32e89160f6776715ccec315,10/25/2022 08:45:00 AM,M,47.0,BICYCLE HELMET (PEDACYCLIST INVOLVED ONLY),CROSSING - WITH SIGNAL,IN ROADWAY,TEST NOT OFFERED,,30,RAIN,DAYLIGHT,PEDALCYCLIST,NOT DIVIDED,STRAIGHT AND LEVEL,WET,NO INJURY / DRIVE AWAY,CLYBOURN AVE,41.9135580335,-87.6529900764,POINT (-87.652990076449 41.913558033454)
O1447855,BICYCLE,d8944e7a1733a2bed760d77320ecff863e8a2bf29a52f9c1a19406d3876a4e433a7b5abe70b8b7b79ebfb7fb17ae22f955db7231cdc16ff929b433c928a65476,10/25/2022 07:58:00 AM,M,24.0,BICYCLE HELMET (PEDACYCLIST INVOLVED ONLY),OTHER ACTION,IN ROADWAY,,,30,RAIN,DAYLIGHT,PEDALCYCLIST,FOUR WAY,STRAIGHT AND LEVEL,WET,INJURY AND / OR TOW DUE TO CRASH,KINGSBURY ST,41.9172717981,-87.6604816766,POINT (-87.660481676594 41.917271798118)
O1447800,BICYCLE,3b36140959aa54d38481501d4a81dcabe2ecb150171af7504fbe6cb5e9945a51b68d3675ed487672b2b721a1b3292878f705e2af9f6b8554de1a862e7f1ec6cd,10/25/2022 07:25:00 AM,M,15.0,HELMET NOT USED,CROSSING - WITH SIGNAL,IN CROSSWALK,TEST NOT OFFERED,,30,RAIN,DAYLIGHT,PEDALCYCLIST,NOT DIVIDED,STRAIGHT AND LEVEL,WET,INJURY AND / OR TOW DUE TO CRASH,KEDZIE AVE,41.8954646591,-87.7064064593,POINT (-87.706406459259 41.895464659105)
O1447610,BICYCLE,0cf6b402135c5500645fbe378dd2c1909a5c21ef2df060fa96d7f6e6170425fa371c2f05b942b7d1bfefe0c665a78c41ac8a4c93a52607304ff5c64bb4745f03,10/24/2022 08:00:00 PM,M,29.0,HELMET NOT USED,NO ACTION,BIKE LANE,TEST NOT OFFERED,,25,CLEAR,DARKNESS,PEDALCYCLIST,NOT DIVIDED,STRAIGHT AND LEVEL,DRY,INJURY AND / OR TOW DUE TO CRASH,CLARK ST,41.9214667754,-87.637819971,POINT (-87.637819970995 41.921466775433)
O1447939,BICYCLE,1881ddbe9db87cd84792fa6e5b38ece97b751a038cadf86f71b96e5f9cae7ae683ba3d830d091cb32b6dd617e5526bc096f49f547c98d26faf1a4afcf5c8350e,10/24/2022 07:00:00 PM,F,30.0,BICYCLE HELMET (PEDACYCLIST INVOLVED ONLY),NO ACTION,IN ROADWAY,TEST NOT OFFERED,,30,CLEAR,DARKNESS,PEDALCYCLIST,ONE-WAY,STRAIGHT AND LEVEL,DRY,INJURY AND / OR TOW DUE TO CRASH,ROCKWELL ST,41.9218405911,-87.6929078579,POINT (-87.692907857944 41.921840591109)
O1447509,BICYCLE,1f73841e045676cf48fc82ec0eee6a21b2a8ddc8c8d4a8c5692161ed2f5e33e4f07c4b0664276756a01f0804de52288ad7684435ad069554b0353cb8a96d17e5,10/24/2022 05:45:00 PM,M,66.0,HELMET NOT USED,CROSSING - WITH SIGNAL,IN CROSSWALK,TEST NOT OFFERED,,30,CLEAR,DAYLIGHT,PEDALCYCLIST,NOT DIVIDED,STRAIGHT AND LEVEL,DRY,NO INJURY / DRIVE AWAY,CALIFORNIA AVE,41.7935975128,-87.6939420481,POINT (-87.6939420481 41.793597512795)
O1447231,NON-MOTOR VEHICLE,36d5500c9ed08aadef6f41ce3ee4cc9375c52b51975d044caf9e59d1d60beb50e816dd60c9b7756f4a886f0169af52c97cd3b3792b4475d838e0749f5cb43f03,10/24/2022 09:48:00 AM,,,,,,TEST NOT OFFERED,,15,CLEAR,DAYLIGHT,FIXED OBJECT,PARKING LOT,STRAIGHT AND LEVEL,DRY,NO INJURY / DRIVE AWAY,95TH ST,41.7214892448,-87.649696606,POINT (-87.649696606023 41.72148924475)
O1447037,BICYCLE,882ba93d23996bb3e09dc7b5597556ac86a665830874438d555991f574fecf405812bd3e7bef08cb13db9bd297ad07ea0881685b78fcca23da017a2cde4ce38c,10/24/2022 07:45:00 AM,M,44.0,HELMET NOT USED,WITH TRAFFIC,IN ROADWAY,TEST NOT OFFERED,,30,CLEAR,DAYLIGHT,PEDALCYCLIST,DIVIDED - W/MEDIAN (NOT RAISED),STRAIGHT AND LEVEL,DRY,INJURY AND / OR TOW DUE TO CRASH,MADISON ST,41.8813290607,-87.6680499009,POINT (-87.668049900896 41.881329060652)
O1446957,BICYCLE,d03cb3b4c9b7bf67526b41c2bbb398b6552a956cbf5e29344ea050b663e9276ea8738661cd6f47cf3a53f20afea53d948d0959a63261203ab953f4114bd856e1,10/23/2022 11:16:00 PM,M,12.0,HELMET NOT USED,TURNING RIGHT,IN ROADWAY,TEST NOT OFFERED,,30,CLEAR,"DARKNESS, LIGHTED ROAD",PEDALCYCLIST,ONE-WAY,STRAIGHT AND LEVEL,DRY,INJURY AND / OR TOW DUE TO CRASH,LOWE AVE,41.771152817,-87.6404084769,POINT (-87.640408476859 41.771152817045)
O1446755,BICYCLE,8d41462dd822b50367c3f028b5e49d5e5496920621439311b3527308d525f3df31d273ef37778cb6ef092efc8933dce577e4302f15a4d6251a7eaa011b1d2698,10/23/2022 04:20:00 PM,M,,HELMET NOT USED,CROSSING - WITH SIGNAL,IN CROSSWALK,TEST NOT OFFERED,,30,CLEAR,DUSK,PEDALCYCLIST,FOUR WAY,STRAIGHT AND LEVEL,DRY,INJURY AND / OR TOW DUE TO CRASH,CONGRESS PKWY,41.8756129698,-87.6243439421,POINT (-87.624343942054 41.875612969826)
O1449506,BICYCLE,5554271ee37bfa1a560eb97d2a7aef24b09f22c8c4b042ed01bce059067d8215739c1672e268cf27a6e89dced3c994dc81662374e8fbc02d8bd69eacc0d466fa,10/23/2022 02:50:00 PM,M,53.0,HELMET NOT USED,OTHER ACTION,IN ROADWAY,TEST NOT OFFERED,,30,CLEAR,DAYLIGHT,PEDALCYCLIST,NOT DIVIDED,STRAIGHT AND LEVEL,DRY,INJURY AND / OR TOW DUE TO CRASH,63RD ST,41.7788059571,-87.7066573383,POINT (-87.706657338291 41.778805957085)
O1446640,BICYCLE,47b5bdb9b2a3d13ee60cf9997988aa11ef161629464d779835fef631cdad17a93ada52bb3431edfb206bd8d47682d42e2f88192fbf7ed45f85d1057e12b5a207,10/23/2022 01:00:00 PM,F,44.0,BICYCLE HELMET (PEDACYCLIST INVOLVED ONLY),UNKNOWN/NA,BIKE LANE,TEST NOT OFFERED,,30,CLEAR,DAYLIGHT,PEDALCYCLIST,NOT DIVIDED,STRAIGHT AND LEVEL,DRY,INJURY AND / OR TOW DUE TO CRASH,CALIFORNIA AVE,41.8502531967,-87.6952573186,POINT (-87.695257318623 41.850253196666)
O1446568,BICYCLE,05ded7231c0800a89a343d1d43763af38aae0f5c65352b9e78229359806cb3830c37200b4c103470d39ed856d3ec66ff586d2bfa977839cfa04539f939f1881a,10/23/2022 12:00:00 PM,M,0.0,HELMET NOT USED,TURNING LEFT,IN ROADWAY,TEST NOT OFFERED,,30,CLEAR,DAYLIGHT,PEDALCYCLIST,FOUR WAY,STRAIGHT AND LEVEL,DRY,INJURY AND / OR TOW DUE TO CRASH,SHEFFIELD AVE,41.9234673765,-87.6533982911,POINT (-87.653398291073 41.923467376505)
O1446482,BICYCLE,da38f3f2781e3bc5ddccd0f24dfbd2e5ffd42cd69872a7557bf3b3960d6f1308709927360967f2422337feb9a2ec98fd68ccc1a8fc2489b3be09e2e4a82f6ee0,10/22/2022 07:00:00 PM,M,17.0,HELMET NOT USED,ENTER FROM DRIVE/ALLEY,UNKNOWN/NA,TEST NOT OFFERED,,30,UNKNOWN,UNKNOWN,OTHER OBJECT,OTHER,STRAIGHT AND LEVEL,UNKNOWN,INJURY AND / OR TOW DUE TO CRASH,47TH ST,41.8079520046,-87.7085557361,POINT (-87.70855573606 41.807952004574)
O1446214,BICYCLE,5f9628f10f1931ca44e45d09381a68679bb537f0ded17919ae7ba64ecc1655bcbfb59b0b495c7b79ad24938cf7891a2ef0f12fcb26bb24dfb936a7aa5062eb5f,10/22/2022 05:00:00 PM,M,0.0,HELMET NOT USED,CROSSING - AGAINST SIGNAL,UNKNOWN/NA,TEST NOT OFFERED,,30,CLEAR,DAYLIGHT,PEDALCYCLIST,T-INTERSECTION,STRAIGHT AND LEVEL,DRY,INJURY AND / OR TOW DUE TO CRASH,MICHIGAN AVE,41.8827966056,-87.6242414925,POINT (-87.624241492543 41.882796605581)
O1446145,BICYCLE,d982368deaf2f236dcd47f20218c5d68e40ec7283aa06b1802c16a0038c75ccda9c774feb7d3e6f2a2703dfe906f246b9963c0104d7018bbb625e900e2ff663b,10/22/2022 04:20:00 PM,M,22.0,HELMET NOT USED,CROSSING - WITH SIGNAL,IN ROADWAY,TEST NOT OFFERED,,30,CLEAR,DAYLIGHT,PEDALCYCLIST,DIVIDED - W/MEDIAN (NOT RAISED),STRAIGHT AND LEVEL,DRY,INJURY AND / OR TOW DUE TO CRASH,MICHIGAN AVE,41.8474843388,-87.6238157805,POINT (-87.62381578054 41.84748433877)
O1446052,BICYCLE,033af6cfdcd7e28c752e889705533682d77d9bc0bceb9b7ade059611c3aebf66b90544290fc8127fb6f342e3951e116740dc07c4b24662ce84ea923b87809b99,10/22/2022 03:18:00 PM,M,64.0,BICYCLE HELMET (PEDACYCLIST INVOLVED ONLY),AGAINST TRAFFIC,BIKEWAY,TEST NOT OFFERED,,30,CLEAR,DAYLIGHT,PEDALCYCLIST,ONE-WAY,STRAIGHT AND LEVEL,DRY,INJURY AND / OR TOW DUE TO CRASH,81ST ST,41.746887475,-87.6439913832,POINT (-87.643991383217 41.746887475004)
O1445991,BICYCLE,54809cc66cd364525b2399daf7fbb9bf79e9668987c7028f8c5de22bd4d0a355a77c0b84a464c7dcb5399251aa8bc7ce895d94db487998ec541491877ed4b605,10/22/2022 01:48:00 PM,F,,HELMET NOT USED,CROSSING - AGAINST SIGNAL,IN ROADWAY,TEST NOT OFFERED,,35,CLEAR,DAYLIGHT,PEDALCYCLIST,FOUR WAY,STRAIGHT AND LEVEL,DRY,INJURY AND / OR TOW DUE TO CRASH,WELLS ST,41.8837606352,-87.6340203098,POINT (-87.634020309803 41.883760635239)
O1449638,BICYCLE,a36412e4e702c0caf02dd2c0c3d79e84439f5b3e440564dd4f36bd9958a1419d60f7890e9a483b8fc2d28650c8a5c6a2ff1a90f563f09fe1d1a025b57683554b,10/22/2022 01:45:00 PM,M,,HELMET NOT USED,NO ACTION,BIKEWAY,TEST NOT OFFERED,,30,CLEAR,DAYLIGHT,PEDALCYCLIST,FOUR WAY,STRAIGHT AND LEVEL,DRY,NO INJURY / DRIVE AWAY,MILWAUKEE AVE,41.9039010423,-87.6675578593,POINT (-87.667557859258 41.903901042327)
O1445844,BICYCLE,0a3f1331d2949cc0b0fa9c735b929baf977a20fc30931e6932bf3d399e1a6c683b87865f4eec9378854c4e446c4f4a014fc5d00674eb4c312b1badd8ccb17ebe,10/22/2022 12:10:00 PM,M,63.0,HELMET NOT USED,UNKNOWN/NA,UNKNOWN/NA,TEST NOT OFFERED,,35,CLEAR,DAYLIGHT,PEDALCYCLIST,Y-INTERSECTION,STRAIGHT ON HILLCREST,DRY,INJURY AND / OR TOW DUE TO CRASH,JEFFERSON ST,41.8528362846,-87.6418551597,POINT (-87.641855159733 41.85283628464)
O1446119,BICYCLE,0890f988faa21536f3d7f0aadd9e7bf0d495949bb4bea772e4675ff133344c4bc9a870448bcf89e4482eb831f692b10916fdce461e9cb1f6320c34e392b3ca26,10/22/2022 03:15:00 AM,M,26.0,HELMET NOT USED,OTHER ACTION,IN ROADWAY,TEST NOT OFFERED,,30,CLEAR,"DARKNESS, LIGHTED ROAD",PEDALCYCLIST,NOT DIVIDED,STRAIGHT AND LEVEL,DRY,INJURY AND / OR TOW DUE TO CRASH,SHERIDAN RD,42.0171344557,-87.6652543197,POINT (-87.665254319666 42.017134455698)
O1445467,BICYCLE,07b6ed339c079acd8b5d39dab87ec83efb8fe00ef1f5e7dfcf49ceaeb4775cbfba76ef827c157a7f6c8891bbce7d860db133d350a9e7b06e7d4812238e35e8f3,10/21/2022 08:15:00 PM,M,,BICYCLE HELMET (PEDACYCLIST INVOLVED ONLY),UNKNOWN/NA,IN ROADWAY,TEST NOT OFFERED,,30,CLEAR,"DARKNESS, LIGHTED ROAD",PEDALCYCLIST,CENTER TURN LANE,STRAIGHT AND LEVEL,DRY,NO INJURY / DRIVE AWAY,LA SALLE DR,41.9036710715,-87.6327663492,POINT (-87.632766349246 41.903671071469)
O1445746,BICYCLE,03fbc0ce2747c3fd231708c4df03ace6b7fb7b924600ded0b991142de0e7c0ee4704132d42743234de814aca48b4eef93c99feb3244cad783552dea366f35dd0,10/21/2022 05:30:00 PM,M,30.0,HELMET NOT USED,NO ACTION,NOT IN ROADWAY,TEST NOT OFFERED,,30,CLEAR,DAYLIGHT,PARKED MOTOR VEHICLE,NOT DIVIDED,STRAIGHT AND LEVEL,DRY,INJURY AND / OR TOW DUE TO CRASH,DAMEN AVE,41.9430499878,-87.6785946169,POINT (-87.678594616867 41.943049987813)
O1494135,BICYCLE,a9dc6cd56ee015fd4765634ebc2d8e378708048ee4239a87df1134fa3d36bebbd29ca87ac9246a6d0bd20b86a5a5c24b8b40a79dec71ce0baf0ef132aacbc56e,10/21/2022 05:25:00 PM,F,18.0,HELMET NOT USED,CROSSING - AGAINST SIGNAL,IN ROADWAY,TEST REFUSED,,35,CLEAR,DAYLIGHT,PEDALCYCLIST,ONE-WAY,STRAIGHT AND LEVEL,DRY,INJURY AND / OR TOW DUE TO CRASH,HURON ST,41.8947455075,-87.6296428781,POINT (-87.629642878063 41.894745507486)
O1445211,BICYCLE,0352873aae47cde9fc18855421e389cb5a98c0cda5406871445242ea78ea115b7b4e846f0a9ee82f7a77e78cbace9fec571e64096b731f5a990572fb99602879,10/21/2022 02:38:00 PM,M,87.0,HELMET NOT USED,WITH TRAFFIC,IN ROADWAY,TEST NOT OFFERED,,35,CLEAR,DAYLIGHT,PEDALCYCLIST,FOUR WAY,STRAIGHT AND LEVEL,DRY,INJURY AND / OR TOW DUE TO CRASH,ADDISON ST,41.9452039105,-87.8044748013,POINT (-87.804474801264 41.945203910474)
O1447843,BICYCLE,aaa064394a804355d370a1644596acdab49ac599e8345549d9bce4d6df4c2959d54d6c18ac93af606234a6a68a7601882c86c9581f3c5acca69b2781a05b5053,10/21/2022 01:50:00 PM,M,36.0,BICYCLE HELMET (PEDACYCLIST INVOLVED ONLY),CROSSING - NO CONTROLS (NOT AT INTERSECTION),BIKE LANE,TEST NOT OFFERED,,30,CLEAR,DAYLIGHT,PEDALCYCLIST,NOT DIVIDED,STRAIGHT AND LEVEL,DRY,INJURY AND / OR TOW DUE TO CRASH,DAMEN AVE,41.9200146581,-87.677849362,POINT (-87.677849361992 41.920014658141)
O1445132,BICYCLE,dd7ce527301d1e8f8fa4820e9e1cae78322c910e693ad399c0cf27c42a31657a1fe5e3b4289ecb8f16e2b919924dffd53e77ed7050738a5caed24ca6cd51533c,10/21/2022 01:00:00 PM,M,37.0,BICYCLE HELMET (PEDACYCLIST INVOLVED ONLY),CROSSING - WITH SIGNAL,BIKE LANE,TEST REFUSED,,30,UNKNOWN,UNKNOWN,PEDALCYCLIST,NOT DIVIDED,STRAIGHT AND LEVEL,UNKNOWN,NO INJURY / DRIVE AWAY,DEARBORN ST,41.8987721231,-87.6296858279,POINT (-87.629685827939 41.898772123081)
O1445011,NON-MOTOR VEHICLE,13a0c1423d49438c1e3fe8676983bc2f5851eeda03cb3c2f95dc764f3485b4ff34cd3e4659749bb245ee01b17319452199b49e8f598f8ca1e552daa986ab8b1f,10/21/2022 11:00:00 AM,F,64.0,DOT COMPLIANT MOTORCYCLE HELMET,,UNKNOWN/NA,,,35,CLEAR,DAYLIGHT,FIXED OBJECT,NOT DIVIDED,STRAIGHT AND LEVEL,DRY,NO INJURY / DRIVE AWAY,MARQUETTE RD,41.7728062177,-87.6183857267,POINT (-87.618385726674 41.772806217686)
O1444925,BICYCLE,ecd68c546abbf662ea4fe1d04eeb63d1c415457a5440b6c245da3f19d42742540c27b391ae2125794d73174976dc36e7f331d0786be7dc40bbc8e47778c1c26a,10/21/2022 08:43:00 AM,F,22.0,HELMET NOT USED,TURNING LEFT,IN ROADWAY,,,20,CLEAR,DAYLIGHT,PEDALCYCLIST,NOT DIVIDED,STRAIGHT AND LEVEL,DRY,INJURY AND / OR TOW DUE TO CRASH,CENTRAL PARK AVE,41.8947817243,-87.7161470473,POINT (-87.716147047305 41.89478172434)
O1444888,BICYCLE,553942c81750520aa2d384ab0d7f6736416f0caca977ed532daa6f1895cdf972cc83c3f0f87b45df4b315c38a7789eecb8b228f39e239937bef8d49044e1eb10,10/21/2022 08:05:00 AM,F,26.0,HELMET NOT USED,WITH TRAFFIC,IN ROADWAY,TEST NOT OFFERED,Y,30,CLEAR,DAYLIGHT,PEDALCYCLIST,NOT DIVIDED,STRAIGHT AND LEVEL,UNKNOWN,INJURY AND / OR TOW DUE TO CRASH,BROADWAY,41.943035722,-87.6444809591,POINT (-87.644480959088 41.943035722021)
O1445017,BICYCLE,a3ff86f6b01201a9808d799fd01df76d8dfc511698f2e155ba4b06a1ecf518d3d20145d85eac24d95dd854ab51a591b8a1d45809c83f07466f57ccfa6e35011c,10/20/2022 09:00:00 PM,F,,HELMET NOT USED,WITH TRAFFIC,IN ROADWAY,,,30,CLEAR,"DARKNESS, LIGHTED ROAD",PEDALCYCLIST,ONE-WAY,STRAIGHT AND LEVEL,UNKNOWN,NO INJURY / DRIVE AWAY,ADAMS ST,41.8792878493,-87.6496792879,POINT (-87.649679287917 41.879287849338)
O1447147,BICYCLE,b77b6340cf4a5b7b55644b830e77729dffff5f8cdd4234b9daa517fb8ee3a1fc8b2f5d7be26ed4965bb809eb445d3f2af374269bb2cd36dd3ff6395ad9b31fd7,10/20/2022 09:00:00 PM,F,42.0,HELMET NOT USED,CROSSING - NO CONTROLS (NOT AT INTERSECTION),UNKNOWN/NA,TEST NOT OFFERED,,25,UNKNOWN,DARKNESS,PEDALCYCLIST,NOT DIVIDED,STRAIGHT AND LEVEL,UNKNOWN,NO INJURY / DRIVE AWAY,PEORIA ST,41.8791136668,-87.6497633119,POINT (-87.649763311933 41.879113666762)