PERSON_ID,PERSON_TYPE,CRASH_RECORD_ID,CRASH_DATE_x,SEX,AGE,SAFETY_EQUIPMENT,PEDPEDAL_ACTION,PEDPEDAL_LOCATION,BAC_RESULT,CRASH_DATE_EST_I,POSTED_SPEED_LIMIT,WEATHER_CONDITION,LIGHTING_CONDITION,FIRST_CRASH_TYPE,TRAFFICWAY_TYPE,ALIGNMENT,ROADWAY_SURFACE_COND,CRASH_TYPE,STREET_NAME,LATITUDE,LONGITUDE,LOCATION
O1444728,BICYCLE,3c015cdfb38e61d9908599bd9c8e5f8a8b91cb0a2e7dd5a3d9bf3e6c109d965db147bc0f02b19ededd2ee1ee89e0a42143e2926ea1adf272816b69241d99fb09,10/20/2022 08:08:00 PM,M,19.0,BICYCLE HELMET (PEDACYCLIST INVOLVED ONLY),WITH TRAFFIC,BIKE LANE,TEST NOT OFFERED,,30,CLEAR,"DARKNESS, LIGHTED ROAD",PEDALCYCLIST,NOT DIVIDED,STRAIGHT AND LEVEL,DRY,INJURY AND / OR TOW DUE TO CRASH,LAWRENCE AVE,41.9683954718,-87.7238948946,POINT (-87.723894894634 41.968395471763)
O1444546,NON-MOTOR VEHICLE,2ce5e84c799c2cc03d558e4788a0c9edf64170c06c1151dee3869c23f5c5c5792f0c4b73cd6d2363e24e50424fba6d0c2ca15d91331e026bf3ce5162f70c533f,10/20/2022 02:55:00 PM,M,,USAGE UNKNOWN,UNKNOWN/NA,UNKNOWN/NA,TEST NOT OFFERED,,30,CLEAR,DAYLIGHT,TRAIN,NOT DIVIDED,STRAIGHT AND LEVEL,DRY,INJURY AND / OR TOW DUE TO CRASH,KILBOURN AVE,41.857588084,-87.736995647,POINT (-87.736995647 41.85758808397)
O1464896,BICYCLE,11dc56f9db6d2be2566f9f049a4ea512de1da6f22aa21a5a8c2c95837884460de58b3c67f62ce7f8131918a6439a5c742332f5d568d7ea6a0ecc410faaf5884f,10/19/2022 08:16:00 PM,M,30.0,BICYCLE HELMET (PEDACYCLIST INVOLVED ONLY),WITH TRAFFIC,BIKE LANE,TEST NOT OFFERED,,30,CLEAR,"DARKNESS, LIGHTED ROAD",PEDALCYCLIST,DIVIDED - W/MEDIAN (NOT RAISED),STRAIGHT AND LEVEL,DRY,INJURY AND / OR TOW DUE TO CRASH,HALSTED ST,41.9255403154,-87.6489121555,POINT (-87.648912155512 41.925540315432)
O1443987,BICYCLE,86090d53583f818544e0a00b507b9626275a36b028c3bca56210e5925ed64dee565662617ee51fd493ad9c8920b8d4d58449437e1a3b74623db7df827c7001ea,10/19/2022 05:15:00 PM,M,35.0,HELMET NOT USED,CROSSING - CONTROLS PRESENT (NOT AT INTERSECTION),IN CROSSWALK,TEST NOT OFFERED,,30,CLEAR,DAYLIGHT,PEDALCYCLIST,FOUR WAY,STRAIGHT AND LEVEL,DRY,NO INJURY / DRIVE AWAY,LELAND AVE,41.9667577379,-87.7060357122,POINT (-87.706035712179 41.966757737904)
O1443940,BICYCLE,28ac99f3fda4f437c5f4dbd165b8b4fc90bea398b59c37ae254578c371aa7e85a45e63f28329af121ddb0974065fba845e4ebc235f497eeeb85bc805ac09895a,10/19/2022 03:55:00 PM,M,18.0,HELMET NOT USED,TURNING LEFT,IN ROADWAY,TEST NOT OFFERED,,30,CLEAR,DAYLIGHT,PEDALCYCLIST,NOT DIVIDED,STRAIGHT AND LEVEL,DRY,NO INJURY / DRIVE AWAY,DIVERSEY AVE,41.9317080039,-87.7416052388,POINT (-87.741605238773 41.93170800389)
O1443965,BICYCLE,9177dd7638a707f6468a0b5da45bba4349e7991afe4a17e93d523982ad0943ff806b6a648d57020ab9ad4ae6eb2c1d70323da683e3dde08cdb068b25a37cd70e,10/19/2022 01:30:00 PM,M,,HELMET NOT USED,UNKNOWN/NA,IN ROADWAY,TEST NOT OFFERED,,30,CLEAR,DAYLIGHT,PEDALCYCLIST,NOT DIVIDED,STRAIGHT AND LEVEL,DRY,NO INJURY / DRIVE AWAY,119TH ST,41.6776662651,-87.6603192253,POINT (-87.660319225333 41.677666265131)
O1443733,BICYCLE,19c08f50797c18c6073784696fc5e3b46a7579d7b37a90f907499729e2977ec0f85e709a006f2ead566efa98f94f9f9fd728f455974b795173f8a7a65117363d,10/19/2022 11:15:00 AM,M,62.0,HELMET NOT USED,CROSSING - WITH SIGNAL,IN CROSSWALK,TEST NOT OFFERED,,30,CLEAR,DAYLIGHT,PEDALCYCLIST,NOT DIVIDED,STRAIGHT AND LEVEL,DRY,INJURY AND / OR TOW DUE TO CRASH,MARQUETTE RD,41.7717835388,-87.7030897727,POINT (-87.703089772736 41.771783538784)
O1443620,NON-MOTOR VEHICLE,7d9da68356e922eed89f624ea3f2ca6176875006cdd57d4ce82e7a4569cf645250a75b6c9b40e8034e2791c01c7421504cde0bdd54d78ceb5f53d956aa7b8411,10/19/2022 07:40:00 AM,M,20.0,BICYCLE HELMET (PEDACYCLIST INVOLVED ONLY),CROSSING - NO CONTROLS (NOT AT INTERSECTION),BIKE LANE,TEST NOT OFFERED,,30,CLEAR,DAYLIGHT,OTHER OBJECT,NOT DIVIDED,STRAIGHT AND LEVEL,DRY,INJURY AND / OR TOW DUE TO CRASH,AUGUSTA BLVD,41.8993725022,-87.6993223774,POINT (-87.699322377393 41.899372502249)
O1443463,BICYCLE,3c852262921d4d14c2cfb5e20c63f25cc69a572c034cf4cb41fa9b21a05248170462866dc49ba1a55424e9866a53995eac9e13959e30389d3ce65920acfe308f,10/18/2022 07:10:00 PM,M,61.0,HELMET NOT USED,CROSSING - CONTROLS PRESENT (NOT AT INTERSECTION),IN ROADWAY,TEST NOT OFFERED,,20,CLEAR,"DARKNESS, LIGHTED ROAD",PEDALCYCLIST,NOT DIVIDED,STRAIGHT AND LEVEL,DRY,INJURY AND / OR TOW DUE TO CRASH,43RD ST,41.8165273393,-87.6312559585,POINT (-87.63125595851 41.816527339334)
O1443443,NON-MOTOR VEHICLE,43e287e2d10cd53a72fc7145550b6d42b599382c5a4daa3d24977a6f184efc672df73b6d3afca8d5ac29e304e55e683df3d5a444f65ba8afc6f886e9d106ac58,10/18/2022 06:58:00 PM,M,22.0,HELMET USED,WITH TRAFFIC,BIKE LANE,TEST NOT OFFERED,,30,CLEAR,"DARKNESS, LIGHTED ROAD",OTHER OBJECT,DIVIDED - W/MEDIAN (NOT RAISED),STRAIGHT AND LEVEL,DRY,NO INJURY / DRIVE AWAY,DEVON AVE,41.9974410784,-87.7002054823,POINT (-87.700205482283 41.997441078373)
O1443073,BICYCLE,53ecc64d30e0a1dc8af14c2c042a7e0859ccf966698fd561ee8f1e1a822d5160285d4e12385ba3047023eeb942dead64ef62b6f11efbfabd7803d7b97b77e6cd,10/18/2022 10:50:00 AM,M,23.0,HELMET NOT USED,WITH TRAFFIC,IN ROADWAY,TEST NOT OFFERED,,30,CLEAR,DAYLIGHT,PEDALCYCLIST,FOUR WAY,STRAIGHT AND LEVEL,DRY,INJURY AND / OR TOW DUE TO CRASH,STATE ST,41.881960316,-87.6279372789,POINT (-87.627937278925 41.881960316027)
O1443097,BICYCLE,e660733729b3302b85514a7877eae4c0be1d4cd3fb5fa38f79892ac1d76b3099bc38cdc37821cb87902e4aaa57fb4d92677e262d122b264dfb970fad3e2d9c57,10/18/2022 10:41:00 AM,M,31.0,BICYCLE HELMET (PEDACYCLIST INVOLVED ONLY),ENTER FROM DRIVE/ALLEY,NOT IN ROADWAY,TEST NOT OFFERED,,30,CLEAR,DAYLIGHT,PEDALCYCLIST,NOT DIVIDED,STRAIGHT AND LEVEL,DRY,INJURY AND / OR TOW DUE TO CRASH,CULLERTON ST,41.8555677196,-87.6263299017,POINT (-87.626329901706 41.855567719615)
O1442890,BICYCLE,7813ab8224a5c41c1d754b0ea4868b0d8d61f2e2b022758464e5608410c5073fc441b01e847d307c0896933c4cbf044f0341a18d4d51535d8fbc8d2c78c6563f,10/18/2022 05:51:00 AM,M,41.0,HELMET NOT USED,UNKNOWN/NA,IN ROADWAY,TEST NOT OFFERED,,30,CLEAR,"DARKNESS, LIGHTED ROAD",PEDALCYCLIST,CENTER TURN LANE,STRAIGHT AND LEVEL,DRY,INJURY AND / OR TOW DUE TO CRASH,HALSTED ST,41.8818156316,-87.647214717,POINT (-87.647214717041 41.881815631642)
O1447643,BICYCLE,354dd94e343ae9f444991e4e5bbac853c1b97820b23b213fba5e17161ef7a8fadf0d04ab97693e876d69663fa33bd4cd6f7b7d311845ed95e2b0ab097ea4bb60,10/17/2022 06:11:00 PM,M,15.0,HELMET NOT USED,CROSSING - WITH SIGNAL,IN CROSSWALK,TEST NOT OFFERED,,30,UNKNOWN,UNKNOWN,PEDALCYCLIST,FOUR WAY,STRAIGHT AND LEVEL,UNKNOWN,INJURY AND / OR TOW DUE TO CRASH,NORTH AVE,41.9102242986,-87.7070365056,POINT (-87.707036505555 41.910224298601)
O1442542,BICYCLE,86cf8af9c902e462c625a3e0ea2cc16a4ec4ca570ca7a083ed6dbe7279680023d81f38d9c25ccd843c9dfef1f1abae8ebbeccfeb20b65de51462a43f9d3f2e61,10/17/2022 02:45:00 PM,M,40.0,BICYCLE HELMET (PEDACYCLIST INVOLVED ONLY),WITH TRAFFIC,IN ROADWAY,TEST NOT OFFERED,,25,CLEAR,DAYLIGHT,PEDALCYCLIST,NOT DIVIDED,STRAIGHT AND LEVEL,UNKNOWN,INJURY AND / OR TOW DUE TO CRASH,HIGGINS AVE,41.9740278873,-87.7805204582,POINT (-87.78052045817 41.974027887275)
O1442440,BICYCLE,1c335fa393cf916a2c2f8fa4f2f744f8225dde0eae7159b56e1228f06f103492d96eef0fbacc6b6e42c1a305eb9c953c599cce10611a4e5203d8e6af3c2f2639,10/17/2022 10:50:00 AM,F,29.0,HELMET NOT USED,CROSSING - WITH SIGNAL,IN CROSSWALK,TEST NOT OFFERED,,20,CLEAR,DAYLIGHT,PEDALCYCLIST,NOT DIVIDED,STRAIGHT AND LEVEL,DRY,INJURY AND / OR TOW DUE TO CRASH,WILSON AVE,41.9652560234,-87.659692692,POINT (-87.659692692019 41.965256023404)
O1442282,BICYCLE,34be6dfd1a179384eae66e47fc1ccb2a608dd44557380bddfa9e669a2b6423c09347caa9745621d11b475e1b3ca7c7874a9cbaf565f54901aaa47d950c677e5f,10/17/2022 07:50:00 AM,M,17.0,HELMET NOT USED,OTHER ACTION,IN CROSSWALK,TEST NOT OFFERED,Y,30,CLEAR,DAYLIGHT,PEDALCYCLIST,FOUR WAY,STRAIGHT AND LEVEL,DRY,INJURY AND / OR TOW DUE TO CRASH,WESTERN AVE,41.97487353,-87.6892620433,POINT (-87.689262043252 41.974873529995)
O1442274,BICYCLE,9cb9d82b915ff420d3c3f631ee8927eb0021da0ccada9ce0f259286b79c75f251eaed87774f229333be5a340ec6a38c2de7187fe25fbf1edd8c849881d0e87fc,10/17/2022 07:45:00 AM,M,62.0,HELMET NOT USED,ENTER FROM DRIVE/ALLEY,IN ROADWAY,TEST NOT OFFERED,,20,CLOUDY/OVERCAST,DAYLIGHT,PEDALCYCLIST,ONE-WAY,STRAIGHT AND LEVEL,DRY,INJURY AND / OR TOW DUE TO CRASH,CULLOM AVE,41.9592483562,-87.7088403752,POINT (-87.708840375207 41.959248356163)
O1442197,NON-MOTOR VEHICLE,65b9263edebfa2bc0d05f2e76d9e17ee0d817042a835836ab7d25a4c2c4787be7c8fb223fd43649cd86141f94307f81a42dd1ff331231b56cf30875e6fb6653b,10/16/2022 10:00:00 PM,,,,,,,,30,CLEAR,"DARKNESS, LIGHTED ROAD",FIXED OBJECT,NOT DIVIDED,"CURVE, LEVEL",DRY,INJURY AND / OR TOW DUE TO CRASH,BIRKHOFF AVE,41.7418118967,-87.6391278804,POINT (-87.639127880414 41.741811896682)
O1442050,BICYCLE,4a322fcd5dfb05f523399629d923181834455104c5c126b23ff7456c15380da07f326f5bc00b05d3172942a64cea811ab927053785ae39b9ae7c5de2146fd626,10/16/2022 05:10:00 PM,M,22.0,HELMET NOT USED,WITH TRAFFIC,IN ROADWAY,TEST NOT OFFERED,,30,CLEAR,DAYLIGHT,PEDALCYCLIST,NOT DIVIDED,STRAIGHT AND LEVEL,DRY,INJURY AND / OR TOW DUE TO CRASH,MICHIGAN AVE,41.7909766288,-87.6225174203,POINT (-87.622517420256 41.790976628788)
O1442045,BICYCLE,a3dc703c661c4ce2848068381fbb837a2503d375e0e58b97643944903d0dc3e4cfa8e0c5b57a2119a564c683c01bf5eb7049d1c207a29ec44fadf3402607070c,10/16/2022 04:45:00 PM,M,,BICYCLE HELMET (PEDACYCLIST INVOLVED ONLY),WITH TRAFFIC,IN ROADWAY,TEST NOT OFFERED,,30,CLOUDY/OVERCAST,DUSK,PEDALCYCLIST,NOT DIVIDED,STRAIGHT AND LEVEL,UNKNOWN,NO INJURY / DRIVE AWAY,CLARK ST,41.9313182786,-87.6444237581,POINT (-87.644423758138 41.931318278588)
O1441941,BICYCLE,d311813cca8b514cbd8ee5f1563dd0d28c87dd8bfc5597d0bea356a0ed1dda68c339c666451a93ea55b3eaed57c71bcc7acd66fad15572babff2372250178b80,10/16/2022 02:10:00 PM,M,22.0,BICYCLE HELMET (PEDACYCLIST INVOLVED ONLY),WITH TRAFFIC,IN ROADWAY,,N,20,CLOUDY/OVERCAST,DAYLIGHT,PEDALCYCLIST,DIVIDED - W/MEDIAN (NOT RAISED),STRAIGHT AND LEVEL,DRY,NO INJURY / DRIVE AWAY,DIVISION ST,41.9031248989,-87.6870709642,POINT (-87.68707096423 41.903124898943)
O1441507,BICYCLE,7d86b9db7dc0cc77803407b62dbae7581ab88e26f05505649b8b4b98f20ffe6b6b2d7604b180cdecca1769bb74b68d5ecaa733d71468bddd7a29a570fa525cdd,10/15/2022 07:20:00 PM,F,,BICYCLE HELMET (PEDACYCLIST INVOLVED ONLY),CROSSING - WITH SIGNAL,IN CROSSWALK,TEST NOT OFFERED,,30,CLEAR,"DARKNESS, LIGHTED ROAD",PEDALCYCLIST,DIVIDED - W/MEDIAN (NOT RAISED),STRAIGHT AND LEVEL,DRY,NO INJURY / DRIVE AWAY,DAMEN AVE,41.9760749349,-87.6795524562,POINT (-87.679552456208 41.976074934899)
O1441441,BICYCLE,06c5176dfd9802d434988182c31116ad16084ceb0f7e13aed67a17503f77f7b495c6be066d8f23a668bb57e052ca6a9ba7518a79edb88caec612bc52cd1388f5,10/15/2022 02:40:00 PM,M,27.0,HELMET NOT USED,CROSSING - WITH SIGNAL,IN CROSSWALK,TEST NOT OFFERED,,30,CLEAR,DAYLIGHT,PEDALCYCLIST,DIVIDED - W/MEDIAN (NOT RAISED),STRAIGHT AND LEVEL,DRY,INJURY AND / OR TOW DUE TO CRASH,LAKE ST,41.8858146661,-87.642935336,POINT (-87.642935335984 41.885814666134)
O1441291,BICYCLE,7dbc5bc17b6b896746c407633de7869d54557dbae62c24ce7b8b4b9dbbab4925569105df1cffe72791c1b33dc4d4f662220fef953518a0d5419605aacb0f6cf5,10/15/2022 01:30:00 PM,M,20.0,HELMET NOT USED,WITH TRAFFIC,IN ROADWAY,TEST NOT OFFERED,,10,CLEAR,DAYLIGHT,PEDALCYCLIST,T-INTERSECTION,STRAIGHT AND LEVEL,DRY,INJURY AND / OR TOW DUE TO CRASH,DAMEN AVE,42.0043173719,-87.6801961365,POINT (-87.680196136467 42.004317371852)
O1440945,BICYCLE,77b65622296cb24b146c289a23b6a306ec715d5b1f7b9c72dec9904c66dd91eb6378f2801e47cbb1c116d7e24224ed2a53b98d56a8b734e41bc7330246e6f5f3,10/14/2022 11:45:00 PM,M,62.0,HELMET NOT USED,UNKNOWN/NA,IN ROADWAY,TEST NOT OFFERED,,30,RAIN,"DARKNESS, LIGHTED ROAD",PEDALCYCLIST,FOUR WAY,STRAIGHT AND LEVEL,WET,INJURY AND / OR TOW DUE TO CRASH,CLINTON ST,41.8856336694,-87.641168337,POINT (-87.641168336988 41.885633669444)
O1441160,BICYCLE,f3677bdb6c8e6b0449df69f26d321a27d2ce3779bc15ae8e076ddf7e31adb93f4fb304de175f8f17c5a38599e1e873a497bf5a9c9cf5d810c96d60005e79a994,10/14/2022 11:33:00 PM,M,,BICYCLE HELMET (PEDACYCLIST INVOLVED ONLY),WITH TRAFFIC,BIKE LANE,TEST NOT OFFERED,,30,CLEAR,"DARKNESS, LIGHTED ROAD",PEDALCYCLIST,DIVIDED - W/MEDIAN (NOT RAISED),STRAIGHT AND LEVEL,DRY,NO INJURY / DRIVE AWAY,WELLS ST,41.9106813916,-87.6345489248,POINT (-87.634548924822 41.910681391602)
O1440841,NON-MOTOR VEHICLE,de6085fcc6f01686e6a8151f7ca4790c8c37a42643a2d4d27e9a52ebe30e0277f15c2429d1fe36a3886fe738ccc6766e569209e38c9808d1d3ac3b0d337d49b2,10/14/2022 09:22:00 PM,X,,NONE PRESENT,UNKNOWN/NA,UNKNOWN/NA,TEST NOT OFFERED,,25,RAIN,"DARKNESS, LIGHTED ROAD",FIXED OBJECT,ONE-WAY,STRAIGHT AND LEVEL,WET,INJURY AND / OR TOW DUE TO CRASH,CORNELIA AVE,41.9434608996,-87.811786031,POINT (-87.811786030967 41.94346089965)
O1440743,BICYCLE,4b4372181bfa68ff808f2ea4fa9ba7918a8ba1d9932f34e15f32f38ec010e177d40a43a161125cc8df0321ecc48b93cdb8890155d0541b45878e136bc5abd832,10/14/2022 06:00:00 PM,M,28.0,BICYCLE HELMET (PEDACYCLIST INVOLVED ONLY),UNKNOWN/NA,NOT IN ROADWAY,TEST NOT OFFERED,,30,UNKNOWN,UNKNOWN,PEDALCYCLIST,NOT DIVIDED,STRAIGHT AND LEVEL,UNKNOWN,NO INJURY / DRIVE AWAY,HURON ST,41.894990607,-87.6278291977,POINT (-87.627829197674 41.894990607036)
O1440667,BICYCLE,9440477861187d7d71f112d52e6a7754d8f661589fde6c2addcfb30ce536ec3eb6a2af0949f445b75d189d57ef0c6795a8aab6d93dc02d9833b31d099a76309d,10/14/2022 03:30:00 PM,M,24.0,HELMET NOT USED,UNKNOWN/NA,IN ROADWAY,TEST NOT OFFERED,,30,CLEAR,DAYLIGHT,PEDALCYCLIST,NOT DIVIDED,STRAIGHT AND LEVEL,DRY,INJURY AND / OR TOW DUE TO CRASH,LAKE ST,41.8858062367,-87.645008859,POINT (-87.645008858982 41.885806236694)
O1440436,NON-MOTOR VEHICLE,115e28ffc34dfcb59edb39555702d7031c0d64cce0ef86f27cf305d06284585a59734c5b845f9e6acb3af5ffca8bbd361e0f8cae7a1bd6488c004a65d8b5a359,10/14/2022 10:21:00 AM,F,,NONE PRESENT,,,TEST NOT OFFERED,,0,CLEAR,DAYLIGHT,FIXED OBJECT,ALLEY,STRAIGHT AND LEVEL,DRY,NO INJURY / DRIVE AWAY,18TH ST,41.8578818943,-87.6538966409,POINT (-87.653896640947 41.857881894306)
O1440067,BICYCLE,cfe642e8861292ee98545ba13345014cd480645953a9044d9096b3ac560898e76d2e663936dcade3dd0555f5edf308863a5edabb66dea6f81ab44884bd45c2f6,10/13/2022 06:43:00 PM,M,,BICYCLE HELMET (PEDACYCLIST INVOLVED ONLY),WITH TRAFFIC,IN ROADWAY,TEST NOT OFFERED,,30,CLEAR,"DARKNESS, LIGHTED ROAD",PEDALCYCLIST,NOT DIVIDED,STRAIGHT AND LEVEL,DRY,INJURY AND / OR TOW DUE TO CRASH,WELLS ST,41.8986597769,-87.6344262877,POINT (-87.634426287697 41.898659776937)
O1440095,BICYCLE,fb56c54e7985118b0ae966c9faf34eec0e41db263619d91426a74b66ec754440affac4c41e1a039bbefc0172fe460d51df2e71734015188fe43892a6fe880584,10/13/2022 06:00:00 PM,M,24.0,HELMET NOT USED,WITH TRAFFIC,IN ROADWAY,TEST NOT OFFERED,,30,CLEAR,DARKNESS,PEDALCYCLIST,FOUR WAY,STRAIGHT AND LEVEL,DRY,INJURY AND / OR TOW DUE TO CRASH,STATE ST,41.890027918,-87.6278603458,POINT (-87.627860345765 41.890027917989)
O1439926,BICYCLE,aeb42f2edb50877c02346ec9aa1a33ae474369fa3c627a07f251918a0de581aeb1008be89f42267bba8c60667de63eafec11bb222c0b739a72d0a61152616b24,10/13/2022 05:12:00 PM,M,29.0,HELMET NOT USED,WITH TRAFFIC,IN ROADWAY,TEST NOT OFFERED,,30,CLEAR,DAYLIGHT,PEDALCYCLIST,ONE-WAY,STRAIGHT AND LEVEL,DRY,INJURY AND / OR TOW DUE TO CRASH,CORNELIA AVE,41.9455677122,-87.6471823545,POINT (-87.647182354455 41.945567712224)
O1439728,BICYCLE,af21dab294eed3a92708214741e2b7f4b9b0c491b6f9fca7d2b4882b95c688cf6465d430b25ab9c6fd7081a1bb4fdd16fbbb9d7891e63fed1e5d0c66e984717c,10/13/2022 12:54:00 PM,M,39.0,HELMET NOT USED,WITH TRAFFIC,IN ROADWAY,TEST NOT OFFERED,,30,CLEAR,DAYLIGHT,PEDALCYCLIST,NOT DIVIDED,STRAIGHT AND LEVEL,DRY,INJURY AND / OR TOW DUE TO CRASH,LOOMIS ST,41.8583613108,-87.6611848465,POINT (-87.661184846457 41.858361310825)
O1448801,NON-MOTOR VEHICLE,627774b6ba3e399fce8cb343bcb9ea48c3d94f8bb9930f69dcdb1399238f1a1fcb183472b12144ecd1079195939a42571a36e442386475b72dfc78c069615a65,10/13/2022 09:15:00 AM,M,32.0,USAGE UNKNOWN,UNKNOWN/NA,IN ROADWAY,TEST NOT OFFERED,,30,CLEAR,DAYLIGHT,REAR END,NOT DIVIDED,STRAIGHT AND LEVEL,DRY,INJURY AND / OR TOW DUE TO CRASH,SOUTH CHICAGO AVE,41.7404502196,-87.5704349999,POINT (-87.570434999864 41.74045021964)
O1439611,BICYCLE,aee049c9785590fa3ed704459253e90bbf432b67907d604a11994c6d651dc437a4d49ab0a5a6024bf8f26f5cb53951dd248da14f4be3ace725ae132b42e85ca2,10/13/2022 08:30:00 AM,M,18.0,HELMET NOT USED,WITH TRAFFIC,IN ROADWAY,TEST NOT OFFERED,,35,CLEAR,DAYLIGHT,PEDALCYCLIST,FOUR WAY,STRAIGHT AND LEVEL,DRY,INJURY AND / OR TOW DUE TO CRASH,ROOSEVELT RD,41.867196447,-87.6510882209,POINT (-87.651088220891 41.867196446975)
O1439506,BICYCLE,d7f8d43f17bf355375d81e4ff0487d04d078cd6cf2b8a90ffc103147fdbaf2fda13997326512d6626995dccda0180d0666607fb25a189a5c38b9c3cb439b0087,10/13/2022 08:00:00 AM,M,,HELMET NOT USED,AGAINST TRAFFIC,IN ROADWAY,,,20,CLEAR,DAYLIGHT,PEDALCYCLIST,FOUR WAY,STRAIGHT AND LEVEL,DRY,NO INJURY / DRIVE AWAY,PARKSIDE AVE,41.9204012294,-87.7672202157,POINT (-87.767220215703 41.920401229378)
O1438747,BICYCLE,3aa0ee647bac22b58a42480468f77b0b30e55209726039596e03c7b64060a2ae68d067f0233c95b0a4c673cf87a4cc2e34cc586d991dcb7ac800ea49d8cb381a,10/12/2022 07:25:00 AM,M,46.0,HELMET NOT USED,NO ACTION,BIKE LANE,TEST NOT OFFERED,,25,RAIN,"DARKNESS, LIGHTED ROAD",PEDALCYCLIST,NOT DIVIDED,STRAIGHT AND LEVEL,WET,INJURY AND / OR TOW DUE TO CRASH,CLARK ST,41.9703513435,-87.6678137687,POINT (-87.667813768676 41.970351343503)
O1438580,BICYCLE,b3c88aaf65f4446326583e0cd2793d3d63aab40659c4919098b028634d7b3c77d55e97c39f41f29089a61258f53308d94d01b402011594813a10a296a3859a1e,10/11/2022 08:00:00 PM,M,65.0,BICYCLE HELMET (PEDACYCLIST INVOLVED ONLY),AGAINST TRAFFIC,IN CROSSWALK,,,30,RAIN,"DARKNESS, LIGHTED ROAD",PEDALCYCLIST,DIVIDED - W/MEDIAN BARRIER,STRAIGHT AND LEVEL,WET,INJURY AND / OR TOW DUE TO CRASH,ASHLAND AVE,41.9269153768,-87.6683545455,POINT (-87.668354545523 41.926915376827)
O1438374,BICYCLE,ee2a82d06fc2336f79bdff20101c9875c65a2105fe67fd4b6eb2bc3bae6bc264b1f63ef93b0d43ec65be63adc735bddad9099da9184029cb9a327e9b90aa8709,10/11/2022 06:02:00 PM,M,36.0,HELMET NOT USED,UNKNOWN/NA,UNKNOWN/NA,TEST NOT OFFERED,Y,20,RAIN,DARKNESS,PEDALCYCLIST,FOUR WAY,STRAIGHT AND LEVEL,WET,INJURY AND / OR TOW DUE TO CRASH,CENTRAL PARK AVE,41.9118992646,-87.7167548014,POINT (-87.716754801367 41.911899264612)
O1438405,BICYCLE,cc0a6c6a5376cd062012de3cc52c26ab051c10a46fc5748a318ca5d5c18393f54472491edbbe700de3d7bd74a500a9afec49f516a76917b5507556bce40fac69,10/11/2022 06:00:00 PM,M,19.0,HELMET NOT USED,OTHER ACTION,IN CROSSWALK,TEST NOT OFFERED,,30,RAIN,DARKNESS,PEDALCYCLIST,ONE-WAY,STRAIGHT AND LEVEL,WET,INJURY AND / OR TOW DUE TO CRASH,56TH ST,41.7916970054,-87.6973433577,POINT (-87.697343357655 41.791697005355)
O1442350,BICYCLE,4e4c926deae3783f3cb37cea268fa003232ab7d5a220dd2921a423c4a21b1f8a0fa2b4bc7b50bf03ac25f95bc4230e2202d09bc09e99f4b23a320afc5e0498f8,10/11/2022 03:33:00 PM,M,41.0,BICYCLE HELMET (PEDACYCLIST INVOLVED ONLY),NO ACTION,IN ROADWAY,TEST NOT OFFERED,,30,CLEAR,DAYLIGHT,PEDALCYCLIST,NOT DIVIDED,STRAIGHT AND LEVEL,DRY,NO INJURY / DRIVE AWAY,MILWAUKEE AVE,41.9036437258,-87.66670595,POINT (-87.666705950015 41.903643725828)
O1438259,BICYCLE,4e4eed18e02b20b459977c7c5e1a9002af1d7639ec31cf974098665e27e14e461d79164bf983f0aea89cf1ae1210dbeef7a88742ff1bb0e50b859c1c67e93278,10/11/2022 02:07:00 PM,M,30.0,HELMET NOT USED,CROSSING - WITH SIGNAL,IN CROSSWALK,TEST NOT OFFERED,,30,RAIN,DAYLIGHT,PEDALCYCLIST,FOUR WAY,STRAIGHT AND LEVEL,WET,INJURY AND / OR TOW DUE TO CRASH,FRANKLIN BLVD,41.8899620151,-87.7062647911,POINT (-87.706264791117 41.889962015064)
O1437692,BICYCLE,438b063c1d2f7eb7f2ebbe38afa580120191c558060fba53f798f857a174fea9d02eec4fa8c534f56706e8274f222feb06dfff86c98d10e83f8c8ae3aa18be06,10/10/2022 05:16:00 PM,M,26.0,BICYCLE HELMET (PEDACYCLIST INVOLVED ONLY),CROSSING - WITH SIGNAL,IN ROADWAY,TEST NOT OFFERED,,30,CLEAR,DAYLIGHT,PEDALCYCLIST,FOUR WAY,STRAIGHT AND LEVEL,DRY,NO INJURY / DRIVE AWAY,ADDISON ST,41.9466752452,-87.7127785774,POINT (-87.712778577395 41.946675245157)
O1437686,BICYCLE,142d9e058af306c31ae18bf2c480cbaf7f27b3beaa78f38e6488a94c25131bf120f292e8a82f79a7a2702a72eb9aff1875fbd430acaeded888b8ce461129d169,10/10/2022 05:15:00 PM,M,19.0,HELMET NOT USED,CROSSING - AGAINST SIGNAL,IN ROADWAY,TEST NOT OFFERED,,35,CLEAR,DAYLIGHT,PEDALCYCLIST,FOUR WAY,STRAIGHT AND LEVEL,DRY,INJURY AND / OR TOW DUE TO CRASH,69TH ST,41.769062342,-87.6266405634,POINT (-87.626640563436 41.76906234202)