PERSON_ID,PERSON_TYPE,CRASH_RECORD_ID,CRASH_DATE_x,SEX,AGE,SAFETY_EQUIPMENT,PEDPEDAL_ACTION,PEDPEDAL_LOCATION,BAC_RESULT,CRASH_DATE_EST_I,POSTED_SPEED_LIMIT,WEATHER_CONDITION,LIGHTING_CONDITION,FIRST_CRASH_TYPE,TRAFFICWAY_TYPE,ALIGNMENT,ROADWAY_SURFACE_COND,CRASH_TYPE,STREET_NAME,LATITUDE,LONGITUDE,LOCATION
O1437674,BICYCLE,d5da3293150f968a3aab43763386fb5f46add142e0faa20d3ce4056904f022df59b49b965b480e7447a0f09b7785195efcdbf20d798ecf1890a4382fe9e950bb,10/10/2022 03:50:00 PM,M,29.0,BICYCLE HELMET (PEDACYCLIST INVOLVED ONLY),WITH TRAFFIC,IN ROADWAY,TEST NOT OFFERED,,35,CLEAR,DAYLIGHT,PEDALCYCLIST,FOUR WAY,STRAIGHT AND LEVEL,DRY,INJURY AND / OR TOW DUE TO CRASH,FULLERTON AVE,41.9251349437,-87.6779635455,POINT (-87.677963545538 41.925134943749)
O1437600,BICYCLE,c5623c566795f569fbed81f638970213a9cbb26fc5cad374ff3d29442f27166ae2d308513af1d5717923a7c88f4aa6393c44089b7c56701f628e82c00747268f,10/10/2022 03:10:00 PM,M,53.0,HELMET NOT USED,AGAINST TRAFFIC,IN ROADWAY,TEST NOT OFFERED,,30,CLEAR,DAYLIGHT,PEDALCYCLIST,DIVIDED - W/MEDIAN BARRIER,STRAIGHT AND LEVEL,DRY,INJURY AND / OR TOW DUE TO CRASH,ASHLAND AVE,41.7657907704,-87.6639668865,POINT (-87.663966886455 41.765790770432)
O1437417,BICYCLE,e43ed0ecfe044f88ac5339045194c44f1131e1bb90d11ba6d0fffbd36ccad7bc006741d4950fccdf81b991bb57e33176539089ba8d1fbb42ddc5c6aed9d8e415,10/10/2022 10:37:00 AM,M,33.0,HELMET NOT USED,WITH TRAFFIC,IN ROADWAY,TEST NOT OFFERED,,30,CLEAR,DAYLIGHT,PEDALCYCLIST,NOT DIVIDED,STRAIGHT AND LEVEL,DRY,INJURY AND / OR TOW DUE TO CRASH,PAULINA ST,42.0124947045,-87.6722121838,POINT (-87.672212183778 42.012494704516)
O1437343,NON-MOTOR VEHICLE,66871fb18c9b51dfd37163be29ff7b6452fe52ac80abc0e481fb5d714b420427626e2812a33112cfebae1275d1ed39a99abbb6188de729077db965f934ca696f,10/10/2022 07:30:00 AM,M,65.0,NONE PRESENT,WORKING IN ROADWAY,IN ROADWAY,TEST NOT OFFERED,,15,CLEAR,DAYLIGHT,OTHER OBJECT,OTHER,STRAIGHT AND LEVEL,DRY,INJURY AND / OR TOW DUE TO CRASH,AUSTIN AVE,41.9148204267,-87.7755596697,POINT (-87.775559669684 41.914820426706)
O1437028,BICYCLE,b8e253b337639fecd89f1ce1045ebae8da570ec82b97a4200b732817dca16e4190778bbe0b27168c62100c4c7a5f7ddfa136cf75b8d62c9c82cf1e40b71d5d9a,10/09/2022 02:24:00 PM,M,18.0,HELMET NOT USED,CROSSING - CONTROLS PRESENT (NOT AT INTERSECTION),IN CROSSWALK,TEST NOT OFFERED,,30,CLEAR,DAYLIGHT,PEDALCYCLIST,NOT DIVIDED,STRAIGHT AND LEVEL,DRY,INJURY AND / OR TOW DUE TO CRASH,PULASKI RD,41.8916055909,-87.7258218463,POINT (-87.725821846324 41.891605590869)
O1437094,NON-MOTOR VEHICLE,3c1e354c39b79ce46aef04be2f86bd8b44ab221486ca69bf1b7afcc7b163bd553e00035dadd81b748a7e066f2430b186c1f61f57199cdcb0d89a58f4d0001023,10/09/2022 02:20:00 PM,M,29.0,HELMET USED,NO ACTION,IN ROADWAY,TEST NOT OFFERED,,30,CLEAR,DAYLIGHT,OTHER OBJECT,DIVIDED - W/MEDIAN (NOT RAISED),STRAIGHT AND LEVEL,DRY,NO INJURY / DRIVE AWAY,KEDZIE AVE,41.9740156215,-87.7087790789,POINT (-87.708779078915 41.974015621473)
O1437051,BICYCLE,957adc24c82a5272cad63c958a476adc8f87f476173af7e7bba4c3e4ff1fdfd08cd4f95da320bf44764ff628c82ebef7fbf61e0797d5c2fd710446720ea37599,10/09/2022 02:00:00 PM,F,28.0,HELMET NOT USED,UNKNOWN/NA,IN ROADWAY,TEST NOT OFFERED,,30,UNKNOWN,UNKNOWN,PEDALCYCLIST,NOT DIVIDED,STRAIGHT AND LEVEL,DRY,NO INJURY / DRIVE AWAY,LINCOLN AVE,41.9262408491,-87.6496626449,POINT (-87.649662644864 41.926240849122)
O1443169,BICYCLE,03727fccee1d734b85b969b8f5759f997ad069c2d24c5a1d4868cffecbc4e36dff2c146a516e35fdd7998b826389a764bb83a1f5d3c0d66c69b25653b07c97d7,10/09/2022 10:30:00 AM,F,34.0,BICYCLE HELMET (PEDACYCLIST INVOLVED ONLY),WITH TRAFFIC,IN ROADWAY,TEST NOT OFFERED,,30,CLEAR,DAYLIGHT,PEDALCYCLIST,ONE-WAY,STRAIGHT AND LEVEL,UNKNOWN,INJURY AND / OR TOW DUE TO CRASH,FREMONT ST,41.9487653105,-87.6521003588,POINT (-87.652100358768 41.948765310527)
O1437278,BICYCLE,d475ae604195568838e1bafd84fcb6ed3f6f0e8dfb90f05e3e318855e88c7a060f7faf55dbf7a7d3d8d091f8ff786d8b403b1367dde3f411c69535175c373313,10/08/2022 10:35:00 PM,M,,HELMET NOT USED,TURNING LEFT,IN ROADWAY,TEST NOT OFFERED,,30,CLEAR,"DARKNESS, LIGHTED ROAD",PEDALCYCLIST,OTHER,STRAIGHT AND LEVEL,DRY,NO INJURY / DRIVE AWAY,FOSTER AVE,41.9755709126,-87.7695595538,POINT (-87.769559553774 41.975570912638)
O1436661,BICYCLE,018a839d2a3a27302ce80650753574f588c49198c81d6ee1f706c9c9cb4178c650f7ab0150a18ea1f8545627243d857004db764a47edb2f8dda8d07117f9db23,10/08/2022 07:36:00 PM,M,19.0,HELMET NOT USED,UNKNOWN/NA,IN ROADWAY,TEST NOT OFFERED,,30,CLEAR,"DARKNESS, LIGHTED ROAD",PEDALCYCLIST,FOUR WAY,STRAIGHT AND LEVEL,DRY,INJURY AND / OR TOW DUE TO CRASH,LINCOLN AVE,41.9830307135,-87.695181524,POINT (-87.695181524012 41.983030713455)
O1436915,BICYCLE,ac0c244fe2456df69a8d44131ae2f39f9f171d40cfede0b10a881f126daa17181a3a4ca3399d8838eb895d776b7b1a2badb995273b216f3bb6a4e7fcf94c5233,10/08/2022 07:30:00 PM,F,30.0,HELMET NOT USED,NO ACTION,BIKE LANE,TEST NOT OFFERED,,30,CLEAR,"DARKNESS, LIGHTED ROAD",PEDALCYCLIST,NOT DIVIDED,STRAIGHT AND LEVEL,DRY,INJURY AND / OR TOW DUE TO CRASH,WELLS ST,41.9071764304,-87.6347378392,POINT (-87.634737839168 41.907176430353)
O1436524,BICYCLE,d473291ca76afc372785eca2ef02c292b924783e600f5913772210b4c77c26d3f3e3b7ca52f3f0687fe411cd305d7019f0faa24969c995cf08252c4274c1a29b,10/08/2022 02:38:00 PM,F,21.0,HELMET NOT USED,CROSSING - WITH SIGNAL,IN CROSSWALK,TEST NOT OFFERED,,30,CLEAR,DAYLIGHT,PEDALCYCLIST,DIVIDED - W/MEDIAN BARRIER,STRAIGHT AND LEVEL,DRY,INJURY AND / OR TOW DUE TO CRASH,HARRISON ST,41.8743045568,-87.6493652314,POINT (-87.649365231407 41.874304556786)
O1436421,BICYCLE,6e867a558241d70fbcd40a82f4b455ad7cb843ffb537647f80b6e96012fca7f7b41e87bd0ad060d0143640d69046a251eb08ef7b55896f58cf918d4949c9c20a,10/08/2022 01:16:00 PM,F,64.0,BICYCLE HELMET (PEDACYCLIST INVOLVED ONLY),NO ACTION,NOT IN ROADWAY,TEST NOT OFFERED,,30,CLEAR,DAYLIGHT,PEDALCYCLIST,DIVIDED - W/MEDIAN (NOT RAISED),STRAIGHT AND LEVEL,DRY,INJURY AND / OR TOW DUE TO CRASH,BELMONT AVE,41.9395708768,-87.6882621442,POINT (-87.688262144179 41.939570876779)
O1436393,BICYCLE,24cc93118cc06f50abdcd8239b4cf9e47463244b4ddf5f65cc4df5ec87922d89249fc4b813f0cc7eb33dce5e6554938350375fba9eaa9d80fc0bd0d56b0ccef5,10/08/2022 12:55:00 PM,M,,BICYCLE HELMET (PEDACYCLIST INVOLVED ONLY),AGAINST TRAFFIC,IN ROADWAY,TEST NOT OFFERED,,20,CLEAR,DAYLIGHT,PEDALCYCLIST,DIVIDED - W/MEDIAN (NOT RAISED),STRAIGHT AND LEVEL,DRY,NO INJURY / DRIVE AWAY,THROOP ST,41.8414570973,-87.6522058892,POINT (-87.652205889205 41.841457097282)
O1435909,BICYCLE,9329bd884ba6313cced04ba9c89b1ea504424ffbb9d4722cefaa4e6a2953be81323eb9c3f7bfd35816f6ca7be9e9513899e0351bec8e2ddd1132642bfe35f1c4,10/07/2022 05:05:00 PM,M,,HELMET NOT USED,WITH TRAFFIC,IN ROADWAY,TEST NOT OFFERED,,30,CLEAR,DAYLIGHT,PEDALCYCLIST,NOT DIVIDED,STRAIGHT AND LEVEL,DRY,INJURY AND / OR TOW DUE TO CRASH,HALSTED ST,41.9219054777,-87.6487819809,POINT (-87.648781980903 41.921905477671)
O1435932,NON-MOTOR VEHICLE,62fd71928a9cd67667a5da5cdc4c9c1b19ff223b746044ec842a1479f9bf4333b5c7b43971c0e2f95293afb4228631aa86e87fc166c2c51b0123576796b53f12,10/07/2022 04:57:00 PM,M,21.0,NONE PRESENT,CROSSING - AGAINST SIGNAL,IN CROSSWALK,TEST NOT OFFERED,,30,CLOUDY/OVERCAST,DUSK,OTHER OBJECT,FOUR WAY,STRAIGHT AND LEVEL,DRY,INJURY AND / OR TOW DUE TO CRASH,RANDOLPH ST,41.8845472243,-87.6412009371,POINT (-87.64120093714 41.884547224337)
O1435769,BICYCLE,b3f6eb19f4a0104f11ae7da117960acb085182ce0909a69d4626e07e5dfd9e67e45ddbaa161b6ce7758573877c730d989ed81dd7679a49c68f3b8004d0ddbe83,10/07/2022 03:43:00 PM,M,45.0,BICYCLE HELMET (PEDACYCLIST INVOLVED ONLY),UNKNOWN/NA,IN ROADWAY,TEST NOT OFFERED,,30,CLEAR,DAYLIGHT,PEDALCYCLIST,DIVIDED - W/MEDIAN (NOT RAISED),STRAIGHT AND LEVEL,DRY,NO INJURY / DRIVE AWAY,LAWRENCE AVE,41.9682983971,-87.7327375714,POINT (-87.73273757138 41.968298397143)
O1435641,BICYCLE,4ee78b24f125027665abc30a49bb7ce494f4f259824ba51956d4c53d4872d06bc927f7e2b9daaebb4346c4590a09f442c55d278ded3a281c642d4e0d7e7667fe,10/07/2022 01:30:00 PM,M,,HELMET NOT USED,UNKNOWN/NA,IN ROADWAY,TEST NOT OFFERED,,30,CLEAR,DAYLIGHT,PEDALCYCLIST,DIVIDED - W/MEDIAN (NOT RAISED),STRAIGHT AND LEVEL,DRY,NO INJURY / DRIVE AWAY,CALIFORNIA AVE,41.9785160971,-87.6988621658,POINT (-87.698862165784 41.978516097065)
O1435577,BICYCLE,040cc858093ae023961e91dab292f8d62dce1809fec60fba439f5e397a1cf144b8174ed0cb7ab83f17e6d7d99a7ccd25aba6ddb6268ffe795df110ad3eec8654,10/07/2022 11:00:00 AM,M,18.0,HELMET NOT USED,OTHER ACTION,IN ROADWAY,TEST NOT OFFERED,,25,RAIN,DAYLIGHT,PEDALCYCLIST,NOT DIVIDED,STRAIGHT AND LEVEL,WET,INJURY AND / OR TOW DUE TO CRASH,WASHTENAW AVE,42.0085560168,-87.6975177749,POINT (-87.697517774918 42.008556016829)
O1435431,BICYCLE,d9c21454f195dba4c125af16bd81826c726573d964113519a2ca7095b7201a812a61415676a40b7b31f8f48b5e1cc55e6e98ebeee14eb443ec89b550953bfff3,10/07/2022 09:34:00 AM,M,31.0,HELMET NOT USED,UNKNOWN/NA,IN ROADWAY,TEST NOT OFFERED,,30,RAIN,DAYLIGHT,PEDALCYCLIST,NOT DIVIDED,STRAIGHT AND LEVEL,WET,NO INJURY / DRIVE AWAY,CLARK ST,41.932078435,-87.6445470089,POINT (-87.644547008936 41.932078435022)
O1435365,BICYCLE,c388e3722da077d835b48af999b1fc303e868439acf4d2b9b2cea833c44b6319baa1c65a518c5a06ac3dfeefa600eb8cd904a37237205a9aefa64c65e09a9e82,10/07/2022 08:00:00 AM,F,41.0,BICYCLE HELMET (PEDACYCLIST INVOLVED ONLY),CROSSING - CONTROLS PRESENT (NOT AT INTERSECTION),BIKE LANE,TEST REFUSED,,30,RAIN,DAYLIGHT,PEDALCYCLIST,FOUR WAY,STRAIGHT AND LEVEL,WET,INJURY AND / OR TOW DUE TO CRASH,ELSTON AVE,41.9365859904,-87.6944509789,POINT (-87.694450978914 41.936585990439)
O1435387,BICYCLE,ff2f5f8a2b01b9b7534b8c3672f7211394351e53596b4d7be1a78747dcd4aa10ba8d6ac41e8da2ef1446295b3e22c494e0d101b839fe3060e813464076df75e7,10/07/2022 07:56:00 AM,F,31.0,HELMET NOT USED,CROSSING - NO CONTROLS (AT INTERSECTION),IN CROSSWALK,TEST NOT OFFERED,,30,RAIN,DAYLIGHT,PEDALCYCLIST,NOT DIVIDED,STRAIGHT AND LEVEL,WET,INJURY AND / OR TOW DUE TO CRASH,DR MARTIN LUTHER KING JR DR,41.7965957903,-87.6161731137,POINT (-87.6161731137 41.79659579027)
O1435391,BICYCLE,4cb88b276a3d4933465fb10e4d56f34e97cd5ac5b6a2aaf3a0b27296e331ec9dfa1a9f628ac633be3749d8e01ceceb1f6bc0fac2e8184693b5febd9640a958f6,10/07/2022 07:55:00 AM,M,14.0,HELMET NOT USED,CROSSING - WITH SIGNAL,IN CROSSWALK,TEST NOT OFFERED,,30,RAIN,DAYLIGHT,PEDALCYCLIST,FOUR WAY,STRAIGHT AND LEVEL,WET,INJURY AND / OR TOW DUE TO CRASH,RACINE AVE,41.8661884102,-87.6565155498,POINT (-87.656515549775 41.86618841016)
O1435344,BICYCLE,a9347b0f4c723e8c35a2690cac1fee1bffb16f8c2ce4ad7f0a3159e27757ac533740471a20155c28fd9a32d893882282f6dc8a665b018566168d65281b572f8b,10/07/2022 06:52:00 AM,M,29.0,HELMET NOT USED,WITH TRAFFIC,IN ROADWAY,TEST NOT OFFERED,,20,RAIN,DAWN,PEDALCYCLIST,NOT DIVIDED,STRAIGHT AND LEVEL,WET,INJURY AND / OR TOW DUE TO CRASH,ARTESIAN AVE,41.9632141249,-87.6901112019,POINT (-87.690111201924 41.96321412489)
O1435514,NON-MOTOR VEHICLE,bf1ef577d26f97be68ccab4a8635c5a37594f3ff762ffe8c7dd9548b495acb7e81a023fa176ef870c08b457950e979e4daf14e1888f9a91158bc97297d6b441b,10/07/2022 05:50:00 AM,,,NONE PRESENT,,,,,30,RAIN,DAWN,FIXED OBJECT,ONE-WAY,STRAIGHT AND LEVEL,WET,INJURY AND / OR TOW DUE TO CRASH,WELLS ST,41.8863060562,-87.6337982734,POINT (-87.633798273373 41.886306056175)
O1435242,BICYCLE,1d7732e5b991fb1686c2ac62ad9e377f4f12ee4a7d993ab25316513225bdfd0025b9b2b30ad566ca55e4c05ae9d7de4534823c169848ea66f7a2092287f4b43b,10/06/2022 10:00:00 PM,,,BICYCLE HELMET (PEDACYCLIST INVOLVED ONLY),CROSSING - NO CONTROLS (AT INTERSECTION),IN CROSSWALK,TEST NOT OFFERED,,30,CLEAR,"DARKNESS, LIGHTED ROAD",PEDALCYCLIST,DIVIDED - W/MEDIAN (NOT RAISED),STRAIGHT AND LEVEL,DRY,NO INJURY / DRIVE AWAY,59TH ST,41.7862352694,-87.6973962072,POINT (-87.697396207242 41.786235269383)
O1435794,BICYCLE,b8210cd8517fd53159e3148b2a5836fc78903104077a68ef4d3de3812274827cba12580dac60cf3e01004dac8b72adc5611baffb1d28017fdb2613c637354387,10/06/2022 07:00:00 PM,F,31.0,HELMET NOT USED,ENTER FROM DRIVE/ALLEY,IN ROADWAY,TEST NOT OFFERED,,30,RAIN,DAYLIGHT,PEDALCYCLIST,NOT DIVIDED,STRAIGHT AND LEVEL,DRY,NO INJURY / DRIVE AWAY,MARMORA AVE,41.950962201,-87.7744055447,POINT (-87.774405544687 41.950962200983)
O1435055,BICYCLE,87bd03c94ca5ed31c2b06c74e5b23f859d9a2a68e9e4484bedd7ca8d41715548f476ace71ad37d79f71b011d35697086d9969f13c24127187402845b8193adb9,10/06/2022 05:38:00 PM,,23.0,HELMET NOT USED,NO ACTION,IN CROSSWALK,TEST NOT OFFERED,,30,RAIN,DUSK,PEDALCYCLIST,NOT DIVIDED,STRAIGHT AND LEVEL,WET,INJURY AND / OR TOW DUE TO CRASH,BELMONT AVE,41.9399841726,-87.6564787893,POINT (-87.656478789305 41.939984172552)
O1434875,BICYCLE,f7a4919876c584818ac49dc1191550d8e0d3e6c18d3e60c22a452b0a8d7e0fda0071e6ab6fd2c49ba5a95e7ef7017c9d430836b6c7cfaa4e302e4744d8cdff67,10/06/2022 01:20:00 PM,X,55.0,BICYCLE HELMET (PEDACYCLIST INVOLVED ONLY),CROSSING - NO CONTROLS (AT INTERSECTION),IN CROSSWALK,TEST NOT OFFERED,,30,CLEAR,DAYLIGHT,PEDALCYCLIST,NOT DIVIDED,STRAIGHT AND LEVEL,DRY,INJURY AND / OR TOW DUE TO CRASH,OAK PARK AVE,41.9364365529,-87.7957899455,POINT (-87.79578994552 41.936436552885)
O1434708,BICYCLE,f414aba4b0c8ec9d36444acf5414ab8e20b963a958b9ec7a2e0805708621fd5ddb70e2b88dd4aaa9186ad221037ea45d922ac0c37d5afaa1784c74e8676ea511,10/06/2022 10:10:00 AM,F,66.0,BICYCLE HELMET (PEDACYCLIST INVOLVED ONLY),WITH TRAFFIC,IN ROADWAY,TEST NOT OFFERED,,25,CLEAR,DAYLIGHT,PEDALCYCLIST,ONE-WAY,STRAIGHT AND LEVEL,DRY,INJURY AND / OR TOW DUE TO CRASH,BOSWORTH AVE,41.9996210161,-87.6690668716,POINT (-87.66906687157 41.999621016105)
O1434647,BICYCLE,07c4cd17899dae8700de06afe2521945deda889281dbe0e1708e0923b24cb3c6ac07c31c12a310c9bb2bc1b83db23b40d1d8dc03ac905e62d3c37da96ba6cfda,10/06/2022 08:30:00 AM,M,,HELMET NOT USED,UNKNOWN/NA,IN ROADWAY,TEST NOT OFFERED,,30,CLEAR,DAYLIGHT,PEDALCYCLIST,FOUR WAY,STRAIGHT AND LEVEL,DRY,INJURY AND / OR TOW DUE TO CRASH,BEVERLY AVE,41.7113409803,-87.6581145336,POINT (-87.658114533594 41.71134098027)
O1434615,BICYCLE,b59b8ce47bf27792b30f3826b4434dc3fe6fa53bcfe98dfc0442c83b8c8280f27666f0f6742373ee729fe62fe2b880c441392d96c68af44fc962aea5c30c3196,10/06/2022 07:46:00 AM,M,,HELMET NOT USED,OTHER ACTION,DRIVEWAY ACCESS,TEST NOT OFFERED,,30,CLOUDY/OVERCAST,DAYLIGHT,PEDALCYCLIST,T-INTERSECTION,STRAIGHT AND LEVEL,DRY,NO INJURY / DRIVE AWAY,PERSHING RD,41.8233946855,-87.6713586278,POINT (-87.671358627836 41.823394685452)
O1434523,BICYCLE,0489a579feaab307397ea83b94e36dcb31c128c39d02de7e418f314729c4c63222c95d98cc2d84abca5ec40590027315e1d293bc3bb3dd359678ed3566b3fd71,10/05/2022 06:45:00 PM,M,32.0,HELMET NOT USED,CROSSING - AGAINST SIGNAL,IN ROADWAY,TEST NOT OFFERED,,30,CLEAR,"DARKNESS, LIGHTED ROAD",PEDALCYCLIST,FOUR WAY,STRAIGHT AND LEVEL,DRY,INJURY AND / OR TOW DUE TO CRASH,MICHIGAN AVE,41.8937384086,-87.6240799779,POINT (-87.624079977907 41.893738408575)
O1434775,BICYCLE,0400cb7ac2d51de81e92c8a026f3af6c8c614df280103d85ab2e35776e5813123acab383d3aa5f595714f988ae6a618b819e8302fd391b4274c03df3ad79ec3a,10/05/2022 06:00:00 PM,M,,HELMET NOT USED,WITH TRAFFIC,IN ROADWAY,TEST NOT OFFERED,,30,CLEAR,DAYLIGHT,PEDALCYCLIST,NOT DIVIDED,STRAIGHT AND LEVEL,DRY,NO INJURY / DRIVE AWAY,HALSTED ST,41.9080029546,-87.6480506174,POINT (-87.648050617433 41.908002954608)
O1438753,BICYCLE,a40945b54273aeb7eae20b0abd3c1f8c11f81fda2cb361ad37e2e8e73d69e4674c4f05a0858cb933f97c314694d2df0821ef36863cd9b87bcd41cb5a02b736fa,10/05/2022 04:45:00 PM,M,71.0,BICYCLE HELMET (PEDACYCLIST INVOLVED ONLY),UNKNOWN/NA,BIKE LANE,TEST NOT OFFERED,,30,CLEAR,DAYLIGHT,PEDALCYCLIST,UNKNOWN INTERSECTION TYPE,STRAIGHT AND LEVEL,DRY,INJURY AND / OR TOW DUE TO CRASH,CLARK ST,41.9078716695,-87.6317171007,POINT (-87.631717100748 41.907871669546)
O1434370,BICYCLE,186f51596dda7cf74b4fb14b73161bd7af86fc323a35cb50c007e51318d6c3d25b98daa97dcb773273d4f8e8b5003055cdec9ed4f46792ecae9be5708f36605e,10/05/2022 04:40:00 PM,M,23.0,HELMET NOT USED,CROSSING - WITH SIGNAL,BIKE LANE,TEST NOT OFFERED,,30,CLEAR,DAYLIGHT,PEDALCYCLIST,FOUR WAY,STRAIGHT AND LEVEL,DRY,INJURY AND / OR TOW DUE TO CRASH,HALSTED ST,41.8766560658,-87.6473489245,POINT (-87.647348924464 41.876656065835)
O1434309,BICYCLE,8da0b806b8c0b0e09274a532b0eb472bc1286edf40afb7b5f3687bea2dca2fefe58af091b7901c988de94137f0c69bdbeea2c7495b55b8f903df5a3a57139367,10/05/2022 04:00:00 PM,M,,HELMET NOT USED,PLAYING IN ROADWAY,IN ROADWAY,TEST NOT OFFERED,,10,CLEAR,DAYLIGHT,OTHER OBJECT,PARKING LOT,STRAIGHT AND LEVEL,DRY,NO INJURY / DRIVE AWAY,WESTERN AVE,41.9416939299,-87.6883793275,POINT (-87.688379327509 41.941693929907)
O1434296,BICYCLE,3f585762db87d459d2758734e79d737c8a67ddbb1862bec31909885dae4b1379bf2877ea06494143422eee6da8d37d284bb876fc319d8d912c1df145ad04ae45,10/05/2022 03:30:00 PM,M,,BICYCLE HELMET (PEDACYCLIST INVOLVED ONLY),OTHER ACTION,BIKEWAY,TEST NOT OFFERED,,30,CLEAR,DAYLIGHT,PEDALCYCLIST,DIVIDED - W/MEDIAN (NOT RAISED),STRAIGHT AND LEVEL,DRY,NO INJURY / DRIVE AWAY,LINCOLN AVE,41.9319715594,-87.6576753215,POINT (-87.657675321512 41.931971559447)
O1434055,BICYCLE,6aa47ff3b1e25ccc356cdc98382b21cb9f1706e29c40922c50e313c22ca9f11a0b7111af72f5a4a1ecb745768aeb1264f8ad1d98ea9377210ad89ecc04e635c5,10/05/2022 10:40:00 AM,M,,HELMET NOT USED,OTHER ACTION,IN ROADWAY,TEST NOT OFFERED,,30,CLEAR,DAYLIGHT,PEDALCYCLIST,DIVIDED - W/MEDIAN (NOT RAISED),STRAIGHT AND LEVEL,DRY,NO INJURY / DRIVE AWAY,HALSTED ST,41.8324713235,-87.6462910487,POINT (-87.646291048653 41.832471323546)
O1434650,BICYCLE,3b5cfd886a9c561de4a5eb3e931e7394c093cb3a11aa1171e2ab8ec8fdbdfd9205ec2f5bea5ee90ca71a6dbba40eb02bb607f6c66d9c3e362a0aa8180ae4b5e8,10/05/2022 09:00:00 AM,M,,HELMET NOT USED,UNKNOWN/NA,BIKE LANE,TEST NOT OFFERED,,30,CLEAR,DAYLIGHT,PEDALCYCLIST,FOUR WAY,STRAIGHT AND LEVEL,DRY,INJURY AND / OR TOW DUE TO CRASH,FREMONT ST,41.9182319492,-87.6510875568,POINT (-87.651087556764 41.918231949202)
O1434041,BICYCLE,e74067f5246dff2684c975d797f81f56adb79137298b88a6f0a56cbe0ed95d7a488304fc9d1a5c217d3d4013e25a7627474cb9105f71e3744e59663c5d0202ef,10/05/2022 08:59:00 AM,F,29.0,BICYCLE HELMET (PEDACYCLIST INVOLVED ONLY),AGAINST TRAFFIC,BIKE LANE,TEST NOT OFFERED,,30,CLEAR,DAYLIGHT,PEDALCYCLIST,T-INTERSECTION,STRAIGHT AND LEVEL,UNKNOWN,INJURY AND / OR TOW DUE TO CRASH,JACKSON BLVD,41.8780576524,-87.6292689446,POINT (-87.62926894464 41.878057652403)
O1434723,BICYCLE,dc7d3ab031d5f8c1e5518b30c920274bbe9c68473df3504b7a57902be7535670de31b4aff03a3708ace880a97614e8ef7795d0c12e66f5f51fa0a724a960d09f,10/04/2022 07:00:00 PM,M,,HELMET NOT USED,UNKNOWN/NA,IN ROADWAY,TEST NOT OFFERED,,30,CLEAR,DAYLIGHT,PEDALCYCLIST,FOUR WAY,STRAIGHT AND LEVEL,DRY,NO INJURY / DRIVE AWAY,DEARBORN PKWY,41.9095426571,-87.6303031392,POINT (-87.630303139155 41.909542657135)
O1433828,BICYCLE,a76786dd30d9f43c4c4838cac9197d62e4e01680212721d1ca24fb722a9f5a31f53aeac9e1a7818d55a64a0ffd53d9e269da62d3dffae174b5d91e37177b420b,10/04/2022 05:25:00 PM,M,58.0,BICYCLE HELMET (PEDACYCLIST INVOLVED ONLY),NO ACTION,BIKEWAY,TEST NOT OFFERED,,25,CLEAR,DAYLIGHT,PEDALCYCLIST,NOT DIVIDED,STRAIGHT AND LEVEL,DRY,NO INJURY / DRIVE AWAY,OAKDALE AVE,41.9356452408,-87.6434525215,POINT (-87.643452521544 41.935645240789)
O1433703,BICYCLE,f65acbcb0870dc32cf1cee390e3ade338e36d5e39b858a696347c02e2c7e8f4e93b5ce4a22367e387419439c07731c060dc714cb288a1fcc195e53ecbfd63b5c,10/04/2022 04:34:00 PM,F,37.0,HELMET NOT USED,TURNING RIGHT,IN ROADWAY,,,30,CLEAR,DAYLIGHT,PEDALCYCLIST,NOT DIVIDED,STRAIGHT AND LEVEL,DRY,INJURY AND / OR TOW DUE TO CRASH,ADDISON ST,41.9469731089,-87.6786161991,POINT (-87.678616199126 41.946973108926)
O1433713,BICYCLE,2c78f346df216b570c067e654661550bb1bb98cd6f1fcc35d8aad779b8db11c84a9016aa11a84a658975ebbeeeaa03325e0f9e59f642201607854f5758961eb1,10/04/2022 04:17:00 PM,M,62.0,HELMET NOT USED,PARKED VEHICLE,UNKNOWN/NA,TEST NOT OFFERED,,30,CLEAR,DAYLIGHT,PEDALCYCLIST,NOT DIVIDED,STRAIGHT AND LEVEL,DRY,NO INJURY / DRIVE AWAY,HARLEM AVE,41.9786291929,-87.8068449342,POINT (-87.806844934235 41.978629192937)
O1436336,BICYCLE,b8207b29c4c3bb5411a1d718a9e2dbef034d5df0cd61560099f898e3d1ebd25dcd051c26f184bf71d4348cd5d0cad693c5df9294d955fe0ed3d10886c016949b,10/04/2022 02:00:00 PM,M,,BICYCLE HELMET (PEDACYCLIST INVOLVED ONLY),WITH TRAFFIC,IN ROADWAY,TEST NOT OFFERED,,30,CLEAR,DAYLIGHT,PEDALCYCLIST,NOT DIVIDED,STRAIGHT AND LEVEL,DRY,NO INJURY / DRIVE AWAY,MILWAUKEE AVE,41.9012836434,-87.6634836249,POINT (-87.663483624885 41.901283643393)
O1433485,BICYCLE,a184011daa8416fd7eb375218c7b07124d7613298638241c1d3147d05187ce4be67fb0cdade80fbce685f3ae98712d16cc6234fcd4563a04803f03ac484b4837,10/04/2022 11:40:00 AM,F,76.0,BICYCLE HELMET (PEDACYCLIST INVOLVED ONLY),CROSSING - NO CONTROLS (NOT AT INTERSECTION),BIKEWAY,TEST REFUSED,,35,CLEAR,DAYLIGHT,PEDALCYCLIST,DIVIDED - W/MEDIAN (NOT RAISED),STRAIGHT AND LEVEL,DRY,INJURY AND / OR TOW DUE TO CRASH,DEVON AVE,41.9971397505,-87.7386530351,POINT (-87.738653035088 41.997139750545)