PERSON_ID,PERSON_TYPE,CRASH_RECORD_ID,CRASH_DATE_x,SEX,AGE,SAFETY_EQUIPMENT,PEDPEDAL_ACTION,PEDPEDAL_LOCATION,BAC_RESULT,CRASH_DATE_EST_I,POSTED_SPEED_LIMIT,WEATHER_CONDITION,LIGHTING_CONDITION,FIRST_CRASH_TYPE,TRAFFICWAY_TYPE,ALIGNMENT,ROADWAY_SURFACE_COND,CRASH_TYPE,STREET_NAME,LATITUDE,LONGITUDE,LOCATION
O1433451,BICYCLE,a64d73504ef12cc737c0dfecd2258434227431930c5a7e7f4a5dc0d7ec44a97708a021bb186b48158a01aba029c8b68c77b8d2aa280603d78f08b392e88f1e19,10/04/2022 10:30:00 AM,M,14.0,HELMET NOT USED,TURNING LEFT,BIKE LANE,TEST NOT OFFERED,,30,CLEAR,DAYLIGHT,PEDALCYCLIST,NOT DIVIDED,STRAIGHT AND LEVEL,DRY,INJURY AND / OR TOW DUE TO CRASH,CENTRAL PARK AVE,41.8463137724,-87.7146971107,POINT (-87.71469711066 41.846313772436)
O1433299,BICYCLE,103f24ec71fec4ab22e735f5c68b62f8005e4a431c39358d6bf2c72018f479e9740062e18bf55694b84476a06686e1459a786b760fba5fe05a32715cc94bc0df,10/04/2022 08:20:00 AM,M,36.0,BICYCLE HELMET (PEDACYCLIST INVOLVED ONLY),NO ACTION,IN ROADWAY,TEST NOT OFFERED,,30,CLEAR,DAYLIGHT,PEDALCYCLIST,NOT DIVIDED,STRAIGHT AND LEVEL,DRY,INJURY AND / OR TOW DUE TO CRASH,CALIFORNIA AVE,41.9181071242,-87.6973652954,POINT (-87.697365295386 41.91810712422)
O1433414,BICYCLE,87bd75cd24b6c866ee008ef03428bef2847b65d7320e514ab85f35cb26cad90004ef50ae10221aac26530b9ed111eb1fd6be4468a748b3498d83838b7e9d2cc1,10/04/2022 06:30:00 AM,M,,HELMET NOT USED,CROSSING - AGAINST SIGNAL,IN ROADWAY,TEST NOT OFFERED,Y,30,CLEAR,DAYLIGHT,PEDALCYCLIST,ONE-WAY,STRAIGHT AND LEVEL,DRY,NO INJURY / DRIVE AWAY,AVENUE D,41.6991455663,-87.5283245305,POINT (-87.528324530508 41.699145566301)
O1433252,NON-MOTOR VEHICLE,d45283f372fcbae0f08f4b4240a029f2f9d3dcb34cfa1ba92dc8c2d1f5c696213215cb8afa144710ee86987e279c5c2a2d3119a664b07b80e3f131f5f5709f9e,10/04/2022 02:04:00 AM,X,0.0,USAGE UNKNOWN,NO ACTION,NOT IN ROADWAY,TEST NOT OFFERED,,30,CLEAR,"DARKNESS, LIGHTED ROAD",OTHER OBJECT,NOT DIVIDED,STRAIGHT AND LEVEL,DRY,INJURY AND / OR TOW DUE TO CRASH,47TH ST,41.8076643501,-87.7481151742,POINT (-87.748115174196 41.807664350072)
O1434367,BICYCLE,66fdcac3c5df62f32df016ef22998ddb9ce9b6ea49fe0effa0a48c624a8c41cbd7ca37ebffadb04a86a79ffc733d82ed3520ebb033f7e85ae07270c0bb95e2b3,10/03/2022 11:10:00 PM,M,,HELMET NOT USED,CROSSING - NO CONTROLS (NOT AT INTERSECTION),IN ROADWAY,TEST NOT OFFERED,,30,CLEAR,"DARKNESS, LIGHTED ROAD",PEDALCYCLIST,NOT DIVIDED,STRAIGHT AND LEVEL,DRY,NO INJURY / DRIVE AWAY,LAKE SHORE DR NB,41.9657184879,-87.6474766551,POINT (-87.647476655051 41.965718487888)
O1437040,BICYCLE,9866be2c0375558f6df41ad2ca320662cb4b3fbd3ee017939e599156f48bfa8049377b2eeeb417f14fc09cb99f619b0c61d1767919f52103357ab58772647074,10/03/2022 09:00:00 PM,X,,BICYCLE HELMET (PEDACYCLIST INVOLVED ONLY),UNKNOWN/NA,SHOULDER,TEST NOT OFFERED,,30,CLEAR,"DARKNESS, LIGHTED ROAD",PEDALCYCLIST,NOT DIVIDED,STRAIGHT AND LEVEL,DRY,NO INJURY / DRIVE AWAY,STATE ST,41.8673305109,-87.6275660197,POINT (-87.62756601972 41.867330510881)
O1433180,BICYCLE,e2ffdfcc6c64a24f7bd00b861168780d1caa2fd02268a0777227bcf83cfc29f1c9701a74bbee3ab7397256653c6d08ab6414ccb3fe3f1d13d792e691570e9eae,10/03/2022 09:00:00 PM,M,24.0,HELMET NOT USED,OTHER ACTION,UNKNOWN/NA,TEST NOT OFFERED,,30,CLEAR,DARKNESS,PEDALCYCLIST,DIVIDED - W/MEDIAN (NOT RAISED),STRAIGHT AND LEVEL,DRY,INJURY AND / OR TOW DUE TO CRASH,DIVISION ST,41.9040226112,-87.6307628524,POINT (-87.630762852388 41.904022611188)
O1433192,BICYCLE,03cd447b7b1f1747e9624a6746c5b63ee1b7b1856703750ba36f775d3ead8afc6c45cc7641844e7626f7dfb6980dc5f0718480050792ae4818334bb62f8f0113,10/03/2022 08:40:00 PM,M,39.0,HELMET NOT USED,CROSSING - NO CONTROLS (NOT AT INTERSECTION),IN CROSSWALK,TEST NOT OFFERED,,25,CLEAR,"DARKNESS, LIGHTED ROAD",PEDALCYCLIST,DIVIDED - W/MEDIAN (NOT RAISED),STRAIGHT AND LEVEL,DRY,INJURY AND / OR TOW DUE TO CRASH,KILPATRICK AVE,41.7929561077,-87.7404617428,POINT (-87.740461742821 41.792956107689)
O1433161,BICYCLE,035e7052078befad94c7b16da17822b40efb6583cecd706e51286cc7a70b6f084a770e7f397b0c7f6f56996d0ae0c9c485d8290115c0f3da8f169bc29677842b,10/03/2022 07:17:00 PM,M,51.0,HELMET NOT USED,OTHER ACTION,IN ROADWAY,TEST NOT OFFERED,Y,35,CLEAR,DARKNESS,PEDALCYCLIST,NOT DIVIDED,STRAIGHT AND LEVEL,DRY,INJURY AND / OR TOW DUE TO CRASH,INDIANA AVE,41.6925556574,-87.618428812,POINT (-87.618428811971 41.692555657356)
O1432985,BICYCLE,695a85d0214a126451d7602a3122c8f9be4ee9ec86f11da6a0d968e5b7d40bb3ca3c946df96efaf24e33ad545fab32dd17e14765b453521e75993f8ea0bb9b62,10/03/2022 04:48:00 PM,M,,HELMET NOT USED,TURNING LEFT,IN ROADWAY,TEST NOT OFFERED,,30,CLEAR,DAYLIGHT,PEDALCYCLIST,NOT DIVIDED,STRAIGHT AND LEVEL,DRY,INJURY AND / OR TOW DUE TO CRASH,LINCOLN AVE,41.9239954707,-87.6465210425,POINT (-87.646521042506 41.923995470722)
O1437737,BICYCLE,3de487fff6f30cd51974f3a7bdb1b81536aa9a941ebcf503ec1684c082d63fb87d080ba64fbb3c94240bf90b7743fcede2f334f74574ce444d7d006326dcae93,10/03/2022 04:30:00 PM,M,47.0,BICYCLE HELMET (PEDACYCLIST INVOLVED ONLY),WITH TRAFFIC,IN ROADWAY,TEST NOT OFFERED,,30,CLOUDY/OVERCAST,UNKNOWN,PEDALCYCLIST,OTHER,STRAIGHT AND LEVEL,UNKNOWN,INJURY AND / OR TOW DUE TO CRASH,ADDISON ST,41.9464175497,-87.7323097186,POINT (-87.732309718646 41.946417549709)
O1433033,BICYCLE,15e6f53dd079d827baea9829ce66932a7a8a1b9baf3191a8d8b0933a50179d24eb75349758ad7154ac8fa549df2c48e81cae303f871ddb7212ffe3b0a54206c3,10/03/2022 03:40:00 PM,M,26.0,BICYCLE HELMET (PEDACYCLIST INVOLVED ONLY),WITH TRAFFIC,BIKEWAY,TEST NOT OFFERED,,30,CLEAR,DAYLIGHT,PEDALCYCLIST,ONE-WAY,STRAIGHT AND LEVEL,DRY,INJURY AND / OR TOW DUE TO CRASH,DEARBORN ST,41.8765584525,-87.6294013408,POINT (-87.629401340801 41.876558452452)
O1433143,BICYCLE,b618bcd8ee452c0498e28f1f57566d66e7b5b4ceb91923b19ca66318812ba9fcc47a3567c17319f32cc5733336a8ffce810ca7ca67c85023ea4b1668b46cb7a0,10/03/2022 02:45:00 PM,F,54.0,BICYCLE HELMET (PEDACYCLIST INVOLVED ONLY),WITH TRAFFIC,IN ROADWAY,TEST NOT OFFERED,,20,CLEAR,DAYLIGHT,PEDALCYCLIST,NOT DIVIDED,STRAIGHT AND LEVEL,DRY,INJURY AND / OR TOW DUE TO CRASH,ADDISON ST,41.9469571566,-87.6640726561,POINT (-87.664072656142 41.946957156573)
O1432866,BICYCLE,30817ec4774731de8b7d99b2972f497d307c3a561f566ef77277c073b0dfb01539381773b7de3b99bf054ca7a651212dbdd955f7c18ca6eaf206c1f51053eaab,10/03/2022 01:00:00 PM,M,47.0,HELMET NOT USED,NO ACTION,IN ROADWAY,TEST NOT OFFERED,,30,CLEAR,DAYLIGHT,TURNING,FOUR WAY,STRAIGHT AND LEVEL,DRY,INJURY AND / OR TOW DUE TO CRASH,CLARK ST,41.9039923328,-87.6315948953,POINT (-87.631594895269 41.903992332756)
O1432883,BICYCLE,5e8a0b2d65936b1b72b029fea45790ea45008c510323ff7d2bcd9bd6237838a95daa0d1f6856b063b226df6b03a31292ac1fb1cd8ddfa8d491bc3f7b81937b84,10/03/2022 01:00:00 PM,F,26.0,HELMET NOT USED,CROSSING - AGAINST SIGNAL,IN ROADWAY,TEST NOT OFFERED,,30,CLEAR,DAYLIGHT,PEDALCYCLIST,FOUR WAY,STRAIGHT AND LEVEL,DRY,NO INJURY / DRIVE AWAY,ONTARIO ST,41.8933161344,-87.6327156896,POINT (-87.632715689553 41.893316134428)
O1434207,BICYCLE,36d400110e8cb67a7bcb390129d69f4edc3e76219c6ddf0a26a7d08d023a1ed638e873827c2642a5a817aa8e283d5f11def6253582fce87a417c37f9aa8376fa,10/03/2022 07:55:00 AM,M,60.0,HELMET NOT USED,CROSSING - WITH SIGNAL,IN CROSSWALK,TEST NOT OFFERED,Y,30,CLEAR,DAYLIGHT,PEDALCYCLIST,FOUR WAY,STRAIGHT AND LEVEL,DRY,INJURY AND / OR TOW DUE TO CRASH,CHICAGO AVE,41.894790473,-87.759400091,POINT (-87.759400090958 41.894790472985)
O1432595,BICYCLE,a42cc7f7866258e2b3278e9ba7fd8d0fb251e7228ed23e40556fd74375330dc02413d7ee20c254559967115c0333efd8cc3ceba09d60418710c66312c5f71749,10/03/2022 07:55:00 AM,M,46.0,HELMET NOT USED,CROSSING - WITH SIGNAL,IN CROSSWALK,TEST NOT OFFERED,,30,CLEAR,DAYLIGHT,PEDALCYCLIST,NOT DIVIDED,STRAIGHT AND LEVEL,DRY,NO INJURY / DRIVE AWAY,CENTRAL PARK AVE,41.9173253734,-87.7169209281,POINT (-87.7169209281 41.91732537342)
O1432359,BICYCLE,d7eca25e20ea148325d8d8a1e6f79e2e9afbf4f85139e87daa543c15cbf352d0ba25862729adadb14e9ad28fe848bf48213f6060d8a0d4640e536406538a30b3,10/02/2022 05:02:00 PM,F,24.0,BICYCLE HELMET (PEDACYCLIST INVOLVED ONLY),WITH TRAFFIC,BIKE LANE,TEST NOT OFFERED,,35,CLEAR,DAYLIGHT,PEDALCYCLIST,DIVIDED - W/MEDIAN (NOT RAISED),STRAIGHT AND LEVEL,DRY,INJURY AND / OR TOW DUE TO CRASH,DAMEN AVE,41.8774128376,-87.6766908959,POINT (-87.676690895903 41.877412837573)
O1432252,BICYCLE,35289d6e8608674854f55ca47d3805878d4375a144fd5135f29d78617fd831c65b86fb29c5b1da7f242bc7e7123115fb9c2279e6f63c8be81ca7e9f0a5bf2004,10/02/2022 02:00:00 PM,M,46.0,BICYCLE HELMET (PEDACYCLIST INVOLVED ONLY),CROSSING - AGAINST SIGNAL,IN ROADWAY,TEST NOT OFFERED,,30,CLEAR,DAYLIGHT,PEDALCYCLIST,DIVIDED - W/MEDIAN (NOT RAISED),STRAIGHT AND LEVEL,DRY,INJURY AND / OR TOW DUE TO CRASH,ASHLAND AVE,41.8360522043,-87.6658496163,POINT (-87.665849616266 41.836052204343)
O1431970,BICYCLE,eb71a7d34d5987c768d821369ebb4599fd795ff4440dde4273ac92e7581c31c811a8e1947fb7f25443aef1f25e6c950447877623545187ce87746ee2ec9fa74a,10/02/2022 01:44:00 AM,M,42.0,HELMET NOT USED,UNKNOWN/NA,IN CROSSWALK,TEST NOT OFFERED,,30,CLEAR,"DARKNESS, LIGHTED ROAD",PEDALCYCLIST,FOUR WAY,STRAIGHT AND LEVEL,DRY,INJURY AND / OR TOW DUE TO CRASH,GARFIELD BLVD,41.7934442464,-87.6738841264,POINT (-87.673884126443 41.793444246397)
O1431893,BICYCLE,6644e7536cfb91d21ae3b78559d257c06a9f6006e4c92600f4a3b9b494a0698b289515aea4d9b5bb2324e5030976dedebab7e2e3025a3d0a19e93b5800c28e25,10/01/2022 09:56:00 PM,M,25.0,HELMET NOT USED,WITH TRAFFIC,IN ROADWAY,TEST NOT OFFERED,,30,CLEAR,"DARKNESS, LIGHTED ROAD",PEDALCYCLIST,NOT DIVIDED,STRAIGHT AND LEVEL,DRY,INJURY AND / OR TOW DUE TO CRASH,MILWAUKEE AVE,41.9573420021,-87.7514565722,POINT (-87.751456572214 41.957342002054)
O1431832,BICYCLE,09674bb0cecaa74f627b20c40623b0d5a60d32e3636f3e32b2e5d1bbc59112719f36b61933e7e7a7ce756acace04fee3c4ce48e51c058ef397fba2388c93bd1f,10/01/2022 07:19:00 PM,M,28.0,HELMET NOT USED,OTHER ACTION,IN CROSSWALK,TEST NOT OFFERED,,25,CLEAR,"DARKNESS, LIGHTED ROAD",PEDALCYCLIST,FOUR WAY,STRAIGHT AND LEVEL,DRY,NO INJURY / DRIVE AWAY,PRATT BLVD,42.0053134964,-87.6802524202,POINT (-87.680252420158 42.00531349642)
O1431811,BICYCLE,4cb98033d2f3d1c842516a4f83cfa37bf4215899faa877ae7791b1d1dfaa6ddac1854625cd25cca2cb1ff287215a8b1e75582f5b6aed4a5a43f76d4327b594cd,10/01/2022 06:34:00 PM,M,35.0,HELMET NOT USED,WITH TRAFFIC,IN ROADWAY,TEST NOT OFFERED,,30,CLEAR,DAYLIGHT,PEDALCYCLIST,NOT DIVIDED,STRAIGHT AND LEVEL,DRY,NO INJURY / DRIVE AWAY,RACINE AVE,41.9403146014,-87.6591281913,POINT (-87.659128191347 41.940314601401)
O1431769,BICYCLE,fafe50c2de365d4ab1ee1e894ca94b14483482629eb373d2cb0e80c83f65f7df95dfb0a40df680046579a0b13489d28ce8518ab3bac3a5a1cf42a4e0aa01fc8c,10/01/2022 06:09:00 PM,M,22.0,BICYCLE HELMET (PEDACYCLIST INVOLVED ONLY),CROSSING - WITH SIGNAL,IN ROADWAY,TEST NOT OFFERED,,30,CLEAR,DAYLIGHT,PEDALCYCLIST,DIVIDED - W/MEDIAN (NOT RAISED),STRAIGHT AND LEVEL,DRY,INJURY AND / OR TOW DUE TO CRASH,BELMONT AVE,41.9395149294,-87.6954011139,POINT (-87.695401113886 41.939514929399)
O1431758,BICYCLE,0e6588dd8cff36deb175821458de2efb52fad7d3538476606600ee2d1c3a84b0c8cecc0132a79eab7e6749390c280b9714e75cf500a48570976cd47aa4c0e7e3,10/01/2022 05:30:00 PM,M,71.0,BICYCLE HELMET (PEDACYCLIST INVOLVED ONLY),CROSSING - WITH SIGNAL,IN CROSSWALK,"TEST PERFORMED, RESULTS UNKNOWN",,30,CLEAR,DAYLIGHT,PEDALCYCLIST,NOT DIVIDED,STRAIGHT AND LEVEL,DRY,INJURY AND / OR TOW DUE TO CRASH,KEDZIE AVE,41.8806531808,-87.7062600612,POINT (-87.706260061243 41.880653180815)
O1431743,BICYCLE,81775b0a43b129ac8663f17eb3c9fe74f2e62bfc49e567df3e7c38a6deb65f3a945b93cfbd559dfc33748eb7f6dad140fe96802b0880c66d227b00709a08f11d,10/01/2022 05:05:00 PM,M,66.0,HELMET NOT USED,CROSSING - AGAINST SIGNAL,IN CROSSWALK,TEST NOT OFFERED,,30,CLEAR,DAYLIGHT,PEDALCYCLIST,DIVIDED - W/MEDIAN (NOT RAISED),STRAIGHT AND LEVEL,DRY,INJURY AND / OR TOW DUE TO CRASH,CICERO AVE,41.9242835898,-87.7464501903,POINT (-87.746450190289 41.924283589827)
O1431509,BICYCLE,82a44effca839438c00cead31b2cf4def8fae069b4f45ae914466085406541efb60ee252e03ab148e89b7aedd14201dc659ecd42a082533f97ed402bf1848451,10/01/2022 01:18:00 PM,M,58.0,HELMET NOT USED,NO ACTION,IN ROADWAY,TEST NOT OFFERED,,30,CLEAR,DAYLIGHT,PEDALCYCLIST,OTHER,STRAIGHT AND LEVEL,DRY,INJURY AND / OR TOW DUE TO CRASH,42ND ST,41.8174202454,-87.6969977692,POINT (-87.696997769238 41.817420245372)
O1432781,BICYCLE,75ac74c044edc482d57627523be9fd176a799a76843de1e569b3bd88d84f457d7320ef46959c6b8f80ce58d711ca88d938399bf70f80b0ef9bc1a0de75a52d81,10/01/2022 12:30:00 PM,M,,HELMET NOT USED,AGAINST TRAFFIC,IN ROADWAY,TEST NOT OFFERED,,30,CLEAR,DAYLIGHT,PEDALCYCLIST,FOUR WAY,STRAIGHT AND LEVEL,DRY,INJURY AND / OR TOW DUE TO CRASH,OAK PARK AVE,41.9382471883,-87.7958466617,POINT (-87.79584666169 41.938247188296)
O1431567,BICYCLE,1ddb2f0b0bc6e623602e58d756c67949d07059646ef574310561d1c3c1328e288cba2c35b47522a6c7b16a3c24cb7afe426265ca2e7e52fafababaacf08954c4,10/01/2022 09:45:00 AM,M,35.0,HELMET NOT USED,UNKNOWN/NA,NOT IN ROADWAY,TEST NOT OFFERED,,30,CLEAR,DAYLIGHT,PEDALCYCLIST,NOT DIVIDED,STRAIGHT AND LEVEL,DRY,INJURY AND / OR TOW DUE TO CRASH,SANDBURG TER,41.905559286,-87.6320084511,POINT (-87.632008451084 41.905559285994)
O1432128,BICYCLE,3237c6c80d4dc3a8ebac67113d3eca5f782750966229a0011be4b909264a98eb01eb668c81827a72197e45160887cc02151efd46006dcd7f7245d7e21acd5692,09/30/2022 10:00:00 PM,M,23.0,HELMET NOT USED,UNKNOWN/NA,IN ROADWAY,TEST NOT OFFERED,,25,CLEAR,"DARKNESS, LIGHTED ROAD",PEDALCYCLIST,FOUR WAY,STRAIGHT AND LEVEL,DRY,INJURY AND / OR TOW DUE TO CRASH,IONIA AVE,41.9918615867,-87.7408645147,POINT (-87.740864514656 41.991861586669)
O1431176,NON-MOTOR VEHICLE,22b9f0ca4085dc503dc7695b58398c6b1326a77848adab2246812237f736b5ff26bcc2ad00a9ff93c978736137af214e6ef76e04114fc102c1a6a0de918a896b,09/30/2022 08:32:00 PM,,,,,,,,30,UNKNOWN,"DARKNESS, LIGHTED ROAD",FIXED OBJECT,OTHER,STRAIGHT AND LEVEL,UNKNOWN,INJURY AND / OR TOW DUE TO CRASH,95TH ST,41.7220031253,-87.6140856363,POINT (-87.614085636296 41.722003125289)
O1430918,BICYCLE,492517c7fa5c0d60cfdc69608bfbe74efd1edec7eaa7b3833bf3f8b356ac3730a606ca6c8efa9bf26495b9bffae5723648ee03f12d4e11a934cf96f985cace67,09/30/2022 05:05:00 PM,M,32.0,HELMET NOT USED,WITH TRAFFIC,IN ROADWAY,TEST NOT OFFERED,,30,CLEAR,DAYLIGHT,PEDALCYCLIST,DIVIDED - W/MEDIAN (NOT RAISED),STRAIGHT AND LEVEL,DRY,INJURY AND / OR TOW DUE TO CRASH,MILWAUKEE AVE,41.9142614463,-87.6836860456,POINT (-87.683686045558 41.91426144631)
O1430957,BICYCLE,7088f8702b01faaccdf47b34f344e652d629ea126b74adf3175506c0d442fd791c9c33107d830955bc856de0a0099f6cb4876b93a39aa4ecc711ceef85e6a512,09/30/2022 03:30:00 PM,M,,HELMET NOT USED,NO ACTION,UNKNOWN/NA,TEST NOT OFFERED,,30,CLEAR,DAYLIGHT,PEDALCYCLIST,NOT DIVIDED,STRAIGHT AND LEVEL,DRY,NO INJURY / DRIVE AWAY,63RD ST,41.7784440803,-87.747213767,POINT (-87.74721376703 41.778444080336)
O1430676,BICYCLE,cc1a9dc73e9ebde3b02ec06d43f060cf28bcf6626d1fc74709092b9dfb57de76dd7f7e4b82a8d0ab03bfbf09c4cdf646969b6fa7b0c9c12d5d5ea9f31370f755,09/30/2022 11:25:00 AM,M,72.0,HELMET NOT USED,CROSSING - WITH SIGNAL,IN CROSSWALK,TEST NOT OFFERED,,30,CLEAR,DAYLIGHT,PEDALCYCLIST,DIVIDED - W/MEDIAN (NOT RAISED),STRAIGHT AND LEVEL,DRY,NO INJURY / DRIVE AWAY,35TH ST,41.8307656159,-87.6532005999,POINT (-87.653200599882 41.830765615858)
O1430553,BICYCLE,805fd910456e07556b6afcfb9b0d9ed708497a450ec615e1d50c70f8f1e59f2f106f8cfa5bf8bb003de4b409616cd76a76f65b93c4ab8dedc2bac23711271ff9,09/30/2022 07:24:00 AM,M,43.0,HELMET NOT USED,NO ACTION,BIKE LANE,TEST NOT OFFERED,,30,CLEAR,DAYLIGHT,PEDALCYCLIST,DIVIDED - W/MEDIAN (NOT RAISED),STRAIGHT AND LEVEL,DRY,INJURY AND / OR TOW DUE TO CRASH,51ST ST,41.8008771354,-87.7076622271,POINT (-87.70766222708 41.800877135413)
O1432683,NON-MOTOR VEHICLE,dab034fd455d0cc5cbe0628912d7b63d212670e3f0506ad02ab9d21e8494406f3a75a4ca02858829de1cd713f69d4dbfa4d3fff5f5c4f1ebc5785edd3b183a0b,09/29/2022 09:00:00 PM,X,,,,,TEST NOT OFFERED,,30,CLEAR,"DARKNESS, LIGHTED ROAD",OTHER OBJECT,ALLEY,STRAIGHT AND LEVEL,DRY,NO INJURY / DRIVE AWAY,DAMEN AVE,41.7401856344,-87.6727493093,POINT (-87.672749309346 41.740185634415)
O1430297,BICYCLE,ab067548615815bf8bf79fbd062553aaeeb931d5837aa2a957227c68c6901f0bb64719d3842f08b5302ba6a238cf29128ce03cf13d9449b656150ac5b1edc410,09/29/2022 07:00:00 PM,M,16.0,HELMET NOT USED,TURNING RIGHT,IN ROADWAY,TEST NOT OFFERED,,30,CLEAR,DUSK,PEDALCYCLIST,NOT DIVIDED,STRAIGHT AND LEVEL,DRY,INJURY AND / OR TOW DUE TO CRASH,MONTROSE AVE,41.9608685948,-87.7253171888,POINT (-87.725317188841 41.960868594768)
O1430219,BICYCLE,b7e3bb64a3936d577e37dadd78a18b31709590e87ff4feb26ed6ee5373b35d96ac5ccb2ec36d174abbe9fc5ac9e6bc317d01ca80b252d7b0b15c317f1c995940,09/29/2022 05:50:00 PM,F,25.0,BICYCLE HELMET (PEDACYCLIST INVOLVED ONLY),WITH TRAFFIC,IN ROADWAY,TEST NOT OFFERED,,30,CLEAR,DAYLIGHT,PEDALCYCLIST,NOT DIVIDED,STRAIGHT AND LEVEL,DRY,INJURY AND / OR TOW DUE TO CRASH,CLARK ST,41.9235909306,-87.6394195183,POINT (-87.639419518313 41.923590930572)
O1430152,BICYCLE,2eba92cbcd2f53de846c20b9a4fb64c542f72c9fce115c4f2f564db770b7aea0e0795111d8bff7730830b39c7b91abd939fd5c425226c17478c4c0704a317d91,09/29/2022 04:25:00 PM,M,38.0,HELMET NOT USED,OTHER ACTION,IN ROADWAY,TEST NOT OFFERED,,30,CLEAR,DAYLIGHT,PEDALCYCLIST,FOUR WAY,STRAIGHT AND LEVEL,DRY,NO INJURY / DRIVE AWAY,OAK PARK AVE,41.7775637386,-87.7911611411,POINT (-87.791161141124 41.777563738583)
O1430133,BICYCLE,3e173503736c7595870d54fdef34cc88da6e3406d112652902c64a76551a9a17c2d304a492681f81326d3fea41eefa1c77c1dd26d5b4be613b69bc87b6a0b1ac,09/29/2022 04:00:00 PM,M,,HELMET NOT USED,UNKNOWN/NA,IN ROADWAY,TEST NOT OFFERED,,30,UNKNOWN,UNKNOWN,PEDALCYCLIST,FOUR WAY,STRAIGHT AND LEVEL,UNKNOWN,NO INJURY / DRIVE AWAY,FULTON MARKET,41.8866125951,-87.6533937411,POINT (-87.653393741133 41.886612595133)
O1432243,BICYCLE,096b08eff1000210c558e77b45605f6c28e8db7fa0ec2ffdeaacd1e0ced4b955433e1d5dd7cf5250eca75cdbb2dcc4c3830b7c626bd1504234d6dc47c2fd0102,09/29/2022 03:50:00 PM,M,33.0,HELMET NOT USED,OTHER ACTION,UNKNOWN/NA,TEST NOT OFFERED,,30,CLEAR,DAYLIGHT,PEDALCYCLIST,NOT DIVIDED,STRAIGHT AND LEVEL,DRY,INJURY AND / OR TOW DUE TO CRASH,CARPENTER ST,41.8867721191,-87.6534868024,POINT (-87.653486802381 41.886772119055)
O1430299,BICYCLE,9eda8584ebc276f437e84b5a6134d6f5a928d47517fec8836673bdea3ee937c6295c2602211c12911397b1b5617f633cc9e345e0b2dcda6d28e9b51570bcef27,09/29/2022 10:05:00 AM,X,,HELMET NOT USED,CROSSING - NO CONTROLS (AT INTERSECTION),IN ROADWAY,TEST NOT OFFERED,,30,CLEAR,DAYLIGHT,PEDALCYCLIST,NOT DIVIDED,STRAIGHT AND LEVEL,DRY,NO INJURY / DRIVE AWAY,CHICAGO AVE,41.8964000539,-87.6537495116,POINT (-87.65374951159 41.896400053928)
O1429905,BICYCLE,d3b5ad88d4edac8638378c81d67d4b5f1f0fdc37d41f1b3b7e9eee671c4be7ce1a5f6d58d6b7717f1a2c0536ea7a586b671787d640d7265340b2018aaf0b14e8,09/29/2022 09:30:00 AM,M,,HELMET NOT USED,OTHER ACTION,NOT IN ROADWAY,TEST NOT OFFERED,,30,CLEAR,DAYLIGHT,PEDALCYCLIST,DRIVEWAY,STRAIGHT AND LEVEL,DRY,NO INJURY / DRIVE AWAY,DIVERSEY AVE,41.931406291,-87.7479369735,POINT (-87.747936973516 41.931406291047)
O1429844,BICYCLE,c1afaae1daf93a0a5bfe4a88ae2c2e9aadfa8c3f2b90208a05b7335cf1ee16f57ca84a9eee609966f73f2950ed34be8800422b6ab2310ec87dfa8656a5621183,09/29/2022 07:50:00 AM,M,31.0,BICYCLE HELMET (PEDACYCLIST INVOLVED ONLY),WITH TRAFFIC,IN ROADWAY,TEST NOT OFFERED,,30,CLEAR,DAYLIGHT,PEDALCYCLIST,RAMP,STRAIGHT AND LEVEL,UNKNOWN,INJURY AND / OR TOW DUE TO CRASH,LAKE SHORE DR E,41.8579096688,-87.6165941385,POINT (-87.616594138523 41.857909668758)
O1429393,BICYCLE,5c82bd401762f1f1aeea39d69a3bffd4ea94baec06c8898863d768dd178d42ebd5b20c6eda690b63228c48991c201cd1a643bbeca7279f1006b75a4777f03310,09/28/2022 03:00:00 PM,M,41.0,HELMET NOT USED,UNKNOWN/NA,IN ROADWAY,TEST NOT OFFERED,,35,CLEAR,DAYLIGHT,PEDALCYCLIST,FOUR WAY,STRAIGHT AND LEVEL,DRY,NO INJURY / DRIVE AWAY,HALSTED ST,41.7651094319,-87.6445569518,POINT (-87.644556951763 41.765109431911)
O1429410,BICYCLE,22a7e5e83a1d45221c3b45c1ed4b1bb0476eb5aa2432f8591bcfc8d5b7a0e51df6a919d87934a72c7b23eeb7de0ca319f5dfc17e2179bd9a44f13d7bb7145f02,09/28/2022 02:52:00 PM,M,20.0,HELMET NOT USED,CROSSING - WITH SIGNAL,BIKEWAY,TEST NOT OFFERED,,30,CLEAR,DAYLIGHT,PEDALCYCLIST,TRAFFIC ROUTE,STRAIGHT AND LEVEL,DRY,INJURY AND / OR TOW DUE TO CRASH,ROOSEVELT RD,41.8669792052,-87.6509440406,POINT (-87.650944040598 41.866979205235)
O1429617,NON-MOTOR VEHICLE,b7c6021e443696cfdf0132363e825a82837dc3b6c866e136a9d884005b533a17fc5311300070c51f3096c79c9d0da2bfaf5c16112c5fcb86263f3be8a0de3aff,09/28/2022 02:45:00 PM,M,,USAGE UNKNOWN,CROSSING - CONTROLS PRESENT (NOT AT INTERSECTION),IN CROSSWALK,TEST NOT OFFERED,,35,CLEAR,DAYLIGHT,OTHER OBJECT,DIVIDED - W/MEDIAN (NOT RAISED),STRAIGHT AND LEVEL,UNKNOWN,NO INJURY / DRIVE AWAY,111TH ST,41.6922913484,-87.6386805204,POINT (-87.63868052045 41.692291348406)