PERSON_ID,PERSON_TYPE,CRASH_RECORD_ID,CRASH_DATE_x,SEX,AGE,SAFETY_EQUIPMENT,PEDPEDAL_ACTION,PEDPEDAL_LOCATION,BAC_RESULT,CRASH_DATE_EST_I,POSTED_SPEED_LIMIT,WEATHER_CONDITION,LIGHTING_CONDITION,FIRST_CRASH_TYPE,TRAFFICWAY_TYPE,ALIGNMENT,ROADWAY_SURFACE_COND,CRASH_TYPE,STREET_NAME,LATITUDE,LONGITUDE,LOCATION
O1430751,BICYCLE,36bfd6ea0f3640eba0691ead36a9c41d0e2a0929f66488ae9942af1b5429c4c3effd141d46d28418c0cf826d1b6408d5d990a4ba968ff2534871df65555c6c6d,09/28/2022 02:00:00 PM,M,,HELMET NOT USED,UNKNOWN/NA,IN ROADWAY,TEST NOT OFFERED,,30,UNKNOWN,DAYLIGHT,PEDALCYCLIST,NOT DIVIDED,STRAIGHT AND LEVEL,UNKNOWN,NO INJURY / DRIVE AWAY,MICHIGAN AVE,41.897629246,-87.6242700688,POINT (-87.624270068761 41.897629246031)
O1490493,BICYCLE,b782796d9ddbd795018d11fb2b2eabe006109b55f2c2189b8e35056ae17526fdbd5f693f0cdfe54bcbe14f4239b0470d1471fda79fd0a5fdac83a0dcb2501dca,09/28/2022 08:42:00 AM,M,35.0,BICYCLE HELMET (PEDACYCLIST INVOLVED ONLY),WITH TRAFFIC,IN ROADWAY,TEST NOT OFFERED,,30,CLEAR,DAYLIGHT,PEDALCYCLIST,NOT DIVIDED,STRAIGHT AND LEVEL,DRY,INJURY AND / OR TOW DUE TO CRASH,DIVISION ST,41.9037924017,-87.6313687144,POINT (-87.631368714441 41.903792401704)
O1429153,BICYCLE,18034fbe04300471af5511cd0bf9f541cc6f504c1e35df26d8c9baa717e3a41970e33a29355038d13b70137bde53fd1baf814882b49c85079a608880436f749b,09/28/2022 08:03:00 AM,M,52.0,BICYCLE HELMET (PEDACYCLIST INVOLVED ONLY),OTHER ACTION,BIKEWAY,TEST NOT OFFERED,,30,CLEAR,DAYLIGHT,PEDALCYCLIST,DIVIDED - W/MEDIAN (NOT RAISED),STRAIGHT AND LEVEL,UNKNOWN,INJURY AND / OR TOW DUE TO CRASH,JACKSON BLVD,41.8774953845,-87.6816553947,POINT (-87.68165539471 41.877495384484)
O1429077,BICYCLE,678e6917f250debb6f43966f58e483ef4388043eaf2f03181aa0e263c3a62d569ef5ce4971fc468f056ccde9389f831006f66277baf3c1c9edbcd73eb2b4f0f6,09/28/2022 07:30:00 AM,M,23.0,HELMET NOT USED,OTHER ACTION,IN ROADWAY,TEST NOT OFFERED,,30,CLEAR,DAYLIGHT,PEDALCYCLIST,DIVIDED - W/MEDIAN (NOT RAISED),STRAIGHT AND LEVEL,DRY,NO INJURY / DRIVE AWAY,VAN BUREN ST,41.8766468411,-87.6406951193,POINT (-87.64069511932 41.876646841116)
O1429045,BICYCLE,311a0a0e7fe23e76a545effbd59263ae797c8fede0fa1364147c5c4c9b208ca3694cfeabec108bc48021a09da3fce3c85015ac277d7a969f16b4e0b06623da82,09/28/2022 07:19:00 AM,M,13.0,BICYCLE HELMET (PEDACYCLIST INVOLVED ONLY),CROSSING - CONTROLS PRESENT (NOT AT INTERSECTION),IN ROADWAY,TEST NOT OFFERED,,20,CLEAR,DAYLIGHT,PEDALCYCLIST,T-INTERSECTION,STRAIGHT AND LEVEL,DRY,INJURY AND / OR TOW DUE TO CRASH,WILSON AVE,41.9648601809,-87.7144141118,POINT (-87.714414111836 41.964860180919)
O1428988,BICYCLE,521603e989629ef2faa6382d7be5f7bb957e6ac07b016e0ea020b89b567c5ad1ee0aec39b3471c7bfa09558973b8142bd85fe3245e22090f3d12c3723e1889ad,09/27/2022 11:53:00 PM,M,19.0,HELMET NOT USED,CROSSING - AGAINST SIGNAL,IN ROADWAY,TEST NOT OFFERED,,30,CLEAR,"DARKNESS, LIGHTED ROAD",PEDALCYCLIST,FOUR WAY,STRAIGHT AND LEVEL,DRY,INJURY AND / OR TOW DUE TO CRASH,ASHLAND AVE,41.7429840898,-87.6633965553,POINT (-87.663396555268 41.742984089771)
O1429297,BICYCLE,4720d7165de90d474e9d4bc87a0d1e8eca2158d36526b99934013fff13b3812d204806481e89a10179c2078e28d17444450ea44844d6d33494639523681f4318,09/27/2022 07:30:00 PM,M,30.0,BICYCLE HELMET (PEDACYCLIST INVOLVED ONLY),CROSSING - CONTROLS PRESENT (NOT AT INTERSECTION),IN ROADWAY,TEST NOT OFFERED,,30,CLEAR,"DARKNESS, LIGHTED ROAD",PEDALCYCLIST,FOUR WAY,STRAIGHT AND LEVEL,DRY,INJURY AND / OR TOW DUE TO CRASH,RAVENSWOOD AVE,41.9579663952,-87.6740238565,POINT (-87.674023856503 41.957966395214)
O1428862,BICYCLE,db56aba94ed4828e0800f6e5b82e2255ca7023cdeec56cf89dd7a18f37c3d0a5b4e1ab33f69ae068fac64ed3d101a60026340771a93efe19a8f247de82dcb8e3,09/27/2022 04:59:00 PM,M,49.0,HELMET NOT USED,UNKNOWN/NA,IN ROADWAY,TEST NOT OFFERED,,30,CLEAR,DAYLIGHT,PEDALCYCLIST,DIVIDED - W/MEDIAN (NOT RAISED),STRAIGHT AND LEVEL,DRY,INJURY AND / OR TOW DUE TO CRASH,GRAND AVE,41.9082555487,-87.7313611584,POINT (-87.73136115844 41.90825554869)
O1428735,BICYCLE,a13d8877bdb0067eb42a4e6970f024ae37b338b9a07d3857d643819f96ab2d34734ca8f7b73d21bc2439dac955627dd3b5d532b2d01f3594dcf5b2e8d37dd9ed,09/27/2022 04:30:00 PM,M,0.0,HELMET NOT USED,WITH TRAFFIC,IN ROADWAY,"TEST PERFORMED, RESULTS UNKNOWN",,25,CLEAR,DAYLIGHT,PEDALCYCLIST,NOT DIVIDED,STRAIGHT AND LEVEL,WET,NO INJURY / DRIVE AWAY,LATROBE AVE,41.9099809224,-87.7567524822,POINT (-87.756752482182 41.909980922444)
O1428652,NON-MOTOR VEHICLE,6ecb7b66199146a04891411604dbbd4124da2ecc4794c91a26c76eb575a7f1e369b6edc07c0643d1e69db8c2724cdab6ec723c2e24c69129ead81658a3a64f43,09/27/2022 01:30:00 PM,,,,,,,,10,CLEAR,DAYLIGHT,SIDESWIPE SAME DIRECTION,PARKING LOT,STRAIGHT AND LEVEL,DRY,NO INJURY / DRIVE AWAY,47TH ST,41.808749374,-87.66230696,POINT (-87.662306960034 41.808749374011)
O1428532,BICYCLE,698d0ecfee6fb20bc4708b7f737b4f663ba0d1fce3b876cab1923f8dd8e21d3cca010d20e075a736161ac5ef72a0a8c5143d49b05039ab7c1283a189dfc49a28,09/27/2022 10:37:00 AM,M,,HELMET NOT USED,UNKNOWN/NA,BIKE LANE,TEST NOT OFFERED,,35,CLEAR,DAYLIGHT,PEDALCYCLIST,NOT DIVIDED,STRAIGHT AND LEVEL,DRY,INJURY AND / OR TOW DUE TO CRASH,75TH ST,41.7588229428,-87.5920754149,POINT (-87.592075414896 41.758822942798)
O1428627,BICYCLE,746f9d98ca4e28ecb3a3625725b0d75faf0590eb666df918575037453117d9e5d3fb04face2c00756d733f9a5d7cb32ef7023c6aec7a6cd4050c9c0fcec16050,09/27/2022 10:10:00 AM,M,64.0,BICYCLE HELMET (PEDACYCLIST INVOLVED ONLY),CROSSING - NO CONTROLS (NOT AT INTERSECTION),UNKNOWN/NA,TEST NOT OFFERED,,30,CLEAR,DAYLIGHT,PEDALCYCLIST,NOT DIVIDED,STRAIGHT AND LEVEL,DRY,INJURY AND / OR TOW DUE TO CRASH,KENWOOD AVE,41.7586211596,-87.5921562376,POINT (-87.59215623757 41.758621159574)
O1428496,BICYCLE,8c796f2bf79a1ecbc5165b749e88850e2b8d9aa59fca3110e6e8b61551ad6a42867e587a7d7b953865312de7d8d4d5f9da8d8f8ac7551bd0fd4201b8089edc1e,09/27/2022 09:04:00 AM,M,44.0,HELMET NOT USED,CROSSING - AGAINST SIGNAL,IN CROSSWALK,TEST NOT OFFERED,,30,CLEAR,DAYLIGHT,PEDALCYCLIST,FOUR WAY,STRAIGHT AND LEVEL,DRY,INJURY AND / OR TOW DUE TO CRASH,CLARK ST,41.9545253432,-87.6621797922,POINT (-87.662179792157 41.954525343151)
O1428466,BICYCLE,2b3a2c1a63dc1b40582805beb4f209755709015d2add50f05d94fa98ff99da051eef5e048853cd1aa3bb412fa05ef32662e52ce9f98045a39e549d13b9655ddb,09/27/2022 09:00:00 AM,M,,BICYCLE HELMET (PEDACYCLIST INVOLVED ONLY),CROSSING - CONTROLS PRESENT (NOT AT INTERSECTION),IN CROSSWALK,TEST NOT OFFERED,,30,CLEAR,DAYLIGHT,PEDALCYCLIST,RAMP,STRAIGHT AND LEVEL,DRY,NO INJURY / DRIVE AWAY,FULLERTON DR,41.9257885717,-87.635727589,POINT (-87.635727589019 41.925788571722)
O1428242,BICYCLE,4de04ccb21181c7ded18e2ee9c7ada83d0b77ec8c6ceccd1617be0f08715f8f7bc75a69bdd668fc86acc77c9f8946f01c1b04fd2a6a209af0a5293e876827aaa,09/26/2022 05:50:00 PM,M,,HELMET NOT USED,CROSSING - CONTROLS PRESENT (NOT AT INTERSECTION),IN ROADWAY,TEST NOT OFFERED,,30,CLEAR,DAYLIGHT,PEDALCYCLIST,NOT DIVIDED,STRAIGHT AND LEVEL,DRY,INJURY AND / OR TOW DUE TO CRASH,18TH ST,41.857774983,-87.6607928939,POINT (-87.660792893879 41.857774982969)
O1428159,BICYCLE,e5d5722bfe4b76b7696f56f018642328c40673cf3d99de8385b43c96103915c9923b7c96faf7ecfb25f30e1b339efdb9d7f52e67c072f2514c89d6ec0d865025,09/26/2022 05:00:00 PM,M,24.0,HELMET NOT USED,UNKNOWN/NA,IN ROADWAY,TEST NOT OFFERED,Y,30,CLEAR,DAYLIGHT,PEDALCYCLIST,DIVIDED - W/MEDIAN (NOT RAISED),STRAIGHT AND LEVEL,DRY,INJURY AND / OR TOW DUE TO CRASH,VAN BUREN ST,41.8767927572,-87.6464021008,POINT (-87.646402100765 41.876792757232)
O1428073,BICYCLE,cb3356202c02b1f962c1afc386c482188b0ba3f795ffcd1f8ca0356394b23e7327bbe32d6946bbddba52e8753d3ee913caa25ca43549fca08900af42bd612427,09/26/2022 12:50:00 PM,M,55.0,HELMET NOT USED,OTHER ACTION,UNKNOWN/NA,TEST NOT OFFERED,,30,CLEAR,DAYLIGHT,PEDALCYCLIST,NOT DIVIDED,STRAIGHT AND LEVEL,DRY,INJURY AND / OR TOW DUE TO CRASH,HARRISON ST,41.8743895233,-87.6320104769,POINT (-87.632010476938 41.874389523287)
O1428003,NON-MOTOR VEHICLE,765317cf0d29d944baea29a6c75e1d4c50c21b9072aeeeeda76888d92e9accc35b1a1c777ee467bd3eb3e8c7d233927c7c43198f08b3229cebfe5b33afe0b9f9,09/26/2022 09:15:00 AM,,,USAGE UNKNOWN,OTHER ACTION,IN ROADWAY,TEST NOT OFFERED,,30,CLEAR,DAYLIGHT,OTHER OBJECT,NOT DIVIDED,STRAIGHT AND LEVEL,UNKNOWN,NO INJURY / DRIVE AWAY,HARLEM AVE,41.9892513733,-87.8067325606,POINT (-87.806732560595 41.989251373318)
O1427775,BICYCLE,e40553c9ae814f16e34e89f46700dd58bbe0c7a4f7b07c0127f07be43845c7437dc805dfc1b031285e9cea7fc82dd9c58fc07fbd2d427e66c632e5ca6eb3937d,09/26/2022 07:39:00 AM,M,,HELMET NOT USED,UNKNOWN/NA,IN ROADWAY,TEST NOT OFFERED,,30,CLEAR,DAYLIGHT,PEDALCYCLIST,FOUR WAY,STRAIGHT AND LEVEL,DRY,NO INJURY / DRIVE AWAY,KEDZIE AVE,41.8737193731,-87.7057711497,POINT (-87.705771149663 41.873719373085)
O1436217,BICYCLE,40d896e6ccdf0a91ec0cbe67a343358216c717abb8b28d2c3ce316a085fa4006995cbb2afa119f15cec116a8fd6481d12a51c7389cea0925560672e2b796462a,09/26/2022 07:18:00 AM,M,,BICYCLE HELMET (PEDACYCLIST INVOLVED ONLY),UNKNOWN/NA,UNKNOWN/NA,TEST NOT OFFERED,Y,30,UNKNOWN,DAYLIGHT,PEDALCYCLIST,NOT DIVIDED,STRAIGHT AND LEVEL,UNKNOWN,INJURY AND / OR TOW DUE TO CRASH,CLARK ST,41.9106103718,-87.6317989723,POINT (-87.631798972322 41.91061037178)
O1427744,BICYCLE,f7add600fe51c27152edd9e93d2473b00da628e8cac6fb1d63f7977ddfae9d1a4a248a74b4e0a647566a9cd3822b0712d781fcf5592936a54cae7fc1081eda21,09/26/2022 05:53:00 AM,M,62.0,HELMET NOT USED,CROSSING - CONTROLS PRESENT (NOT AT INTERSECTION),IN ROADWAY,TEST NOT OFFERED,,35,CLEAR,DUSK,PEDALCYCLIST,DIVIDED - W/MEDIAN (NOT RAISED),STRAIGHT AND LEVEL,DRY,NO INJURY / DRIVE AWAY,HALSTED ST,41.7796008978,-87.6449296709,POINT (-87.644929670942 41.779600897844)
O1427711,NON-MOTOR VEHICLE,47ac92676e9d0f6f41b93abb4c1dc2d8d403a187539a729aaa6f5003f0febdde245379ad81e07b1470147d58dc17888ae05194094e596a8846b2ab4990d12dd2,09/25/2022 11:30:00 PM,X,,USAGE UNKNOWN,,,TEST NOT OFFERED,,30,RAIN,"DARKNESS, LIGHTED ROAD",OTHER OBJECT,NOT DIVIDED,STRAIGHT AND LEVEL,WET,INJURY AND / OR TOW DUE TO CRASH,ARCHER AVE,41.8143681439,-87.7035621842,POINT (-87.70356218422 41.814368143878)
O1427666,NON-MOTOR VEHICLE,b49bb9f895dd8c189e1ab0adb17552d87084ade3557d9d2b3b9ce435b7a602897fa974ae3f28255f178091c74e11d2e718b10fa9856a83310bb72b3dd72398f8,09/25/2022 09:44:00 PM,M,34.0,NONE PRESENT,UNKNOWN/NA,IN ROADWAY,,,30,RAIN,"DARKNESS, LIGHTED ROAD",OTHER OBJECT,NOT DIVIDED,STRAIGHT AND LEVEL,WET,INJURY AND / OR TOW DUE TO CRASH,PINE GROVE AVE,41.9529385295,-87.6480411387,POINT (-87.648041138725 41.952938529458)
O1427637,BICYCLE,351f5f7e32b551c2592bd23404fdcc33fb7e84f542ec89a955733cac9d3ff6f5475fd24d4a7c77cb430e71f4be1d6cbf27cfe2ef95fc5b53dc9daefa6598b49b,09/25/2022 07:35:00 PM,M,21.0,BICYCLE HELMET (PEDACYCLIST INVOLVED ONLY),CROSSING - NO CONTROLS (AT INTERSECTION),IN ROADWAY,,,30,CLEAR,"DARKNESS, LIGHTED ROAD",PEDALCYCLIST,NOT REPORTED,STRAIGHT AND LEVEL,DRY,INJURY AND / OR TOW DUE TO CRASH,CONGRESS PKWY,41.8754794162,-87.6325008258,POINT (-87.632500825834 41.875479416218)
O1427583,BICYCLE,c275ad6b75214529edc70ba3c31ec2eaeb73956ac1259b7c51cd07861722aab5c9568809ceecc5d0555e1505e924a7c63ef897301a4ff8c86c3e1b8d31975a21,09/25/2022 07:30:00 PM,M,,BICYCLE HELMET (PEDACYCLIST INVOLVED ONLY),UNKNOWN/NA,UNKNOWN/NA,TEST NOT OFFERED,,35,CLEAR,"DARKNESS, LIGHTED ROAD",PEDALCYCLIST,NOT DIVIDED,STRAIGHT AND LEVEL,DRY,NO INJURY / DRIVE AWAY,CONGRESS PKWY,41.8756990817,-87.6326285865,POINT (-87.63262858655 41.875699081661)
O1427597,BICYCLE,6357b5d1676a92de61523f74274427b8e07b3f80168f0d3cc7a9a1ad466cb08fd673aa1858ecb266385b7ff93523b0428c299843e0e64bc16888e59c24d33653,09/25/2022 07:01:00 PM,M,15.0,HELMET NOT USED,ENTER FROM DRIVE/ALLEY,IN ROADWAY,TEST NOT OFFERED,,20,CLEAR,"DARKNESS, LIGHTED ROAD",PEDALCYCLIST,ONE-WAY,STRAIGHT AND LEVEL,DRY,INJURY AND / OR TOW DUE TO CRASH,CLAREMONT AVE,42.0190343112,-87.6891062042,POINT (-87.689106204158 42.019034311163)
O1427598,BICYCLE,6357b5d1676a92de61523f74274427b8e07b3f80168f0d3cc7a9a1ad466cb08fd673aa1858ecb266385b7ff93523b0428c299843e0e64bc16888e59c24d33653,09/25/2022 07:01:00 PM,M,14.0,HELMET NOT USED,ENTER FROM DRIVE/ALLEY,IN ROADWAY,TEST NOT OFFERED,,20,CLEAR,"DARKNESS, LIGHTED ROAD",PEDALCYCLIST,ONE-WAY,STRAIGHT AND LEVEL,DRY,INJURY AND / OR TOW DUE TO CRASH,CLAREMONT AVE,42.0190343112,-87.6891062042,POINT (-87.689106204158 42.019034311163)
O1427612,BICYCLE,f574b08c3884fe924b808bf4ee522872d75a476c6bef3e6c9fc5e1d7d6d60c488123cd52dd54f2001b9e2bfa30b126241a56e0fc82deb5719320798d16c6a251,09/25/2022 06:45:00 PM,M,20.0,HELMET NOT USED,WITH TRAFFIC,IN ROADWAY,TEST NOT OFFERED,,25,CLEAR,DAYLIGHT,PEDALCYCLIST,NOT DIVIDED,STRAIGHT AND LEVEL,DRY,INJURY AND / OR TOW DUE TO CRASH,MAGNOLIA AVE,41.9106517968,-87.6585044498,POINT (-87.658504449821 41.910651796764)
O1427457,BICYCLE,f9a5040e00f4cbf94e73d12d317de3495900b226635c069cfbe176e49096dd0eeac6c48b46b42dd1eba5b2d3dfd795fc7a141ee2bb9baf8cbaafeede82723b99,09/25/2022 03:56:00 PM,M,14.0,HELMET NOT USED,CROSSING - CONTROLS PRESENT (NOT AT INTERSECTION),IN CROSSWALK,TEST NOT OFFERED,,30,CLEAR,DAYLIGHT,PEDALCYCLIST,FOUR WAY,STRAIGHT AND LEVEL,DRY,INJURY AND / OR TOW DUE TO CRASH,FULLERTON AVE,41.9242189774,-87.7560263019,POINT (-87.756026301859 41.924218977389)
O1427122,BICYCLE,d21fa1924276544c35e4f684dcab20e19e1e7c3f1c080c77ab08efe0c5aa6f55af081d26603544e92fd1fa5bae1a7acf6b022c901873ee1f71d79e349a9b6105,09/25/2022 02:12:00 AM,M,57.0,HELMET NOT USED,CROSSING - AGAINST SIGNAL,IN ROADWAY,TEST NOT OFFERED,,15,RAIN,"DARKNESS, LIGHTED ROAD",PEDALCYCLIST,ONE-WAY,STRAIGHT AND LEVEL,WET,INJURY AND / OR TOW DUE TO CRASH,AUGUSTA BLVD,41.8992163606,-87.716496785,POINT (-87.716496784955 41.89921636064)
O1432855,BICYCLE,cf345253e027c05e7cc281ff533a174d1eee0512abb6624091f288757a111fad9311513b755ab45b97254135bf62ede58965a277c204997f4923296ef0182692,09/24/2022 08:50:00 PM,F,42.0,BICYCLE HELMET (PEDACYCLIST INVOLVED ONLY),WITH TRAFFIC,IN ROADWAY,TEST NOT OFFERED,,30,CLEAR,"DARKNESS, LIGHTED ROAD",PEDALCYCLIST,FOUR WAY,STRAIGHT AND LEVEL,DRY,INJURY AND / OR TOW DUE TO CRASH,SHERIDAN RD,42.0052025284,-87.6607331946,POINT (-87.660733194558 42.005202528352)
O1426963,BICYCLE,a5298d470389ebe8a2f91df1c10752b20a040797557bba4dc109a26cfa8264e7faa8d60656495a8a07e999a50272b182441260717245fade730543bc5ad68325,09/24/2022 08:25:00 PM,M,61.0,HELMET NOT USED,NO ACTION,IN ROADWAY,TEST NOT OFFERED,,30,CLEAR,"DARKNESS, LIGHTED ROAD",PEDALCYCLIST,NOT DIVIDED,STRAIGHT AND LEVEL,DRY,INJURY AND / OR TOW DUE TO CRASH,KEDZIE AVE,41.9619734882,-87.7084175855,POINT (-87.70841758545 41.961973488156)
O1426938,BICYCLE,990a981f20e4e3e03553f0c44900b75080009225fffbbc4d4c6ae30f82f85e0552d35645947e9b6a81d90a71d53244acbb3ec9ef59432a444c02e4f1bcd97bcc,09/24/2022 07:10:00 PM,M,57.0,BICYCLE HELMET (PEDACYCLIST INVOLVED ONLY),CROSSING - WITH SIGNAL,IN CROSSWALK,TEST NOT OFFERED,,30,CLEAR,"DARKNESS, LIGHTED ROAD",PEDALCYCLIST,FOUR WAY,STRAIGHT AND LEVEL,DRY,INJURY AND / OR TOW DUE TO CRASH,ORLEANS ST,41.8898994584,-87.6371273011,POINT (-87.637127301066 41.889899458353)
O1426928,BICYCLE,9f58089a9f00ea5cff1d4da544db8338aa0c9ec010ad8b15cb8f935fdc04f42619ded1880d1e6b15ac5235051a00d5657a18b37d9edc95749a7a91a468ce72bd,09/24/2022 06:51:00 PM,M,17.0,HELMET NOT USED,UNKNOWN/NA,IN ROADWAY,TEST NOT OFFERED,,30,CLEAR,DARKNESS,PEDALCYCLIST,DIVIDED - W/MEDIAN (NOT RAISED),STRAIGHT AND LEVEL,DRY,INJURY AND / OR TOW DUE TO CRASH,CLARK ST,41.9816158225,-87.6685711572,POINT (-87.668571157224 41.981615822497)
O1426895,BICYCLE,5fceba5fd436bbf00433b53e84644f5d9538815128a475206b02902ad1f6b9a6c4447ba2cc3995c69d9e3d60d60bc1f80e2083d102c111b4085d11fa9e103f36,09/24/2022 06:40:00 PM,F,17.0,HELMET NOT USED,WITH TRAFFIC,IN ROADWAY,TEST NOT OFFERED,,30,CLEAR,UNKNOWN,PEDALCYCLIST,NOT DIVIDED,STRAIGHT AND LEVEL,DRY,INJURY AND / OR TOW DUE TO CRASH,CULLERTON ST,41.8552608487,-87.6613611783,POINT (-87.661361178259 41.855260848656)
O1426585,BICYCLE,d6d7eebe27bd4d79b91b5098511c10731c5d60d1faaf24d235f30728e2a9370bd6180b633c0528dfb43eb3a2604f386670b141bc2455b9d4328ac41c2ec0ab5b,09/24/2022 11:04:00 AM,F,24.0,HELMET NOT USED,WITH TRAFFIC,BIKE LANE,TEST NOT OFFERED,,30,CLOUDY/OVERCAST,DAYLIGHT,PEDALCYCLIST,NOT DIVIDED,STRAIGHT AND LEVEL,UNKNOWN,INJURY AND / OR TOW DUE TO CRASH,CLARK ST,41.9396546489,-87.6506090487,POINT (-87.65060904869 41.939654648946)
O1426562,BICYCLE,5a7301e2975d8ff62284acd35c0f3c84090f0944c81caff10d0bebaa176a988e7a5807861725d222b0f649efc0b55db7f41202fe05d05664b740ca0ef998408d,09/24/2022 10:45:00 AM,M,20.0,HELMET NOT USED,NO ACTION,IN ROADWAY,TEST NOT OFFERED,,30,CLEAR,DAYLIGHT,PEDALCYCLIST,NOT DIVIDED,STRAIGHT AND LEVEL,DRY,INJURY AND / OR TOW DUE TO CRASH,RIDGE BLVD,42.0168721873,-87.6844876679,POINT (-87.684487667858 42.016872187273)
O1426630,BICYCLE,74235ec41101ae9b6b201e921dfd1a59e3624b102b317b902f7460ebb2d730c03c77d0619c96de25f1bdf6d619b6e160a56f006157b3f99067d1901b05122426,09/24/2022 10:45:00 AM,M,60.0,BICYCLE HELMET (PEDACYCLIST INVOLVED ONLY),OTHER ACTION,NOT IN ROADWAY,TEST NOT OFFERED,,30,CLEAR,DAYLIGHT,PEDALCYCLIST,ALLEY,STRAIGHT AND LEVEL,DRY,INJURY AND / OR TOW DUE TO CRASH,KIMBALL AVE,41.954331536,-87.7130734165,POINT (-87.713073416534 41.954331535957)
O1426528,BICYCLE,3eceabc8db3aee6762d93ca2a2ba8639d1ca80147371d0d6f77f7f122dfcb2c7d81cfc77c93a8ffb00b9207db46044b2e55cb9f8a9a80a514251c18c39619b61,09/24/2022 09:04:00 AM,M,,HELMET NOT USED,WITH TRAFFIC,NOT IN ROADWAY,TEST NOT OFFERED,,30,CLEAR,DAYLIGHT,PEDALCYCLIST,Y-INTERSECTION,STRAIGHT AND LEVEL,DRY,INJURY AND / OR TOW DUE TO CRASH,CLARK ST,41.9444159598,-87.6540496027,POINT (-87.654049602665 41.944415959809)
O1426388,BICYCLE,8d7b547c39b4b7ecd2a3c77031520a76583bcfdc196046be48289f2efd48929e5480960cf6ff885d995cc02b4bc22502e99f9c848cd960bc03e3fdaea57d60bb,09/24/2022 01:13:00 AM,M,28.0,BICYCLE HELMET (PEDACYCLIST INVOLVED ONLY),ENTER FROM DRIVE/ALLEY,IN ROADWAY,TEST NOT OFFERED,,30,RAIN,"DARKNESS, LIGHTED ROAD",PEDALCYCLIST,DIVIDED - W/MEDIAN (NOT RAISED),STRAIGHT AND LEVEL,WET,INJURY AND / OR TOW DUE TO CRASH,KEDZIE AVE,41.9551362704,-87.7081979393,POINT (-87.7081979393 41.955136270354)
O1426139,BICYCLE,08a0caf5133cc53bf89fe3736b3858dc2cd59bae0149cb2b35b628ea4cb88c0b401504ae4c68b3723cf375a7c17f50dd8a4385b494e563e6216571707817df8a,09/23/2022 05:05:00 PM,M,,BICYCLE HELMET (PEDACYCLIST INVOLVED ONLY),UNKNOWN/NA,IN ROADWAY,TEST NOT OFFERED,,10,CLEAR,DAYLIGHT,PEDALCYCLIST,PARKING LOT,STRAIGHT AND LEVEL,DRY,NO INJURY / DRIVE AWAY,CHICAGO AVE,41.8958633165,-87.6861920122,POINT (-87.686192012246 41.895863316453)
O1426153,BICYCLE,e50d95685414a2faa8b99d103a1cb959fe7ec0eaa7acefaddda27c7064e234f34ae463fa9eebc19f55ac0d9e74ab6e4ccf152b50de70dd2bb0edad83df810e62,09/23/2022 04:16:00 PM,F,21.0,HELMET NOT USED,AGAINST TRAFFIC,IN ROADWAY,TEST NOT OFFERED,,25,CLEAR,DAYLIGHT,PEDALCYCLIST,NOT DIVIDED,STRAIGHT AND LEVEL,DRY,INJURY AND / OR TOW DUE TO CRASH,MOBILE AVE,41.9382467653,-87.7836490255,POINT (-87.783649025473 41.938246765308)
O1426073,BICYCLE,c2f43e7c09072c2686eb0221eebd8412b80ecfab702e27a217c94fc03019e9ae2188d39a62c9e8b6856287b13cf05f5b425945415334eea9caa9036af12c53f5,09/23/2022 02:00:00 PM,M,,BICYCLE HELMET (PEDACYCLIST INVOLVED ONLY),UNKNOWN/NA,UNKNOWN/NA,TEST NOT OFFERED,,30,CLEAR,DAYLIGHT,PEDALCYCLIST,NOT DIVIDED,STRAIGHT AND LEVEL,DRY,NO INJURY / DRIVE AWAY,WESTERN AVE,41.8247110024,-87.6847182676,POINT (-87.684718267553 41.824711002431)
O1425891,BICYCLE,a3f1b0e5e5e0245b64742997af1b593153f266eb04b114a7f13cc11c9247f637051b72644a476060af7975c8d846245ffdcd7441f8c33a31713982ea608b9118,09/23/2022 10:25:00 AM,M,24.0,HELMET NOT USED,WITH TRAFFIC,IN ROADWAY,TEST NOT OFFERED,,30,CLEAR,DAYLIGHT,PEDALCYCLIST,OTHER,STRAIGHT AND LEVEL,DRY,INJURY AND / OR TOW DUE TO CRASH,SHERIDAN RD,41.9889026315,-87.655202871,POINT (-87.65520287102 41.988902631487)
O1425887,BICYCLE,0d456f052f935f233ec2fe9fe19281570c7ea1d3d600e006b96a389feaf0276fc4348b074f37018b050940f4cc6e5bde6e9bb9fdef89589cf9941f3cc0c0abdf,09/23/2022 09:24:00 AM,M,34.0,BICYCLE HELMET (PEDACYCLIST INVOLVED ONLY),UNKNOWN/NA,IN ROADWAY,TEST NOT OFFERED,,30,CLEAR,DAYLIGHT,PEDALCYCLIST,NOT DIVIDED,STRAIGHT AND LEVEL,DRY,INJURY AND / OR TOW DUE TO CRASH,HALSTED ST,41.8674061304,-87.6470660707,POINT (-87.647066070678 41.867406130429)
O1425849,BICYCLE,f94e39b0998d613bbbd6836f0d2816c1ad81aafe281781c7ae3d140f7f0df924985da53bc97ad866d9f09391d3f27a53049fffef0ef59bea6b63c351385a3f70,09/23/2022 08:48:00 AM,M,66.0,HELMET NOT USED,CROSSING - CONTROLS PRESENT (NOT AT INTERSECTION),IN ROADWAY,TEST NOT OFFERED,,30,CLEAR,DAYLIGHT,PEDALCYCLIST,FOUR WAY,STRAIGHT AND LEVEL,DRY,INJURY AND / OR TOW DUE TO CRASH,MICHIGAN AVE,41.7563777343,-87.6216451095,POINT (-87.621645109535 41.756377734262)