PERSON_ID,PERSON_TYPE,CRASH_RECORD_ID,CRASH_DATE_x,SEX,AGE,SAFETY_EQUIPMENT,PEDPEDAL_ACTION,PEDPEDAL_LOCATION,BAC_RESULT,CRASH_DATE_EST_I,POSTED_SPEED_LIMIT,WEATHER_CONDITION,LIGHTING_CONDITION,FIRST_CRASH_TYPE,TRAFFICWAY_TYPE,ALIGNMENT,ROADWAY_SURFACE_COND,CRASH_TYPE,STREET_NAME,LATITUDE,LONGITUDE,LOCATION
O1425810,BICYCLE,8e8ca3c35c892338a21530704b00bd405799cee28c8349b492bbd3fa4cd391f83016bfd7591b8d5ab269baf792fa5675184c8f716d7ba22b419ad9d1964d7603,09/23/2022 07:25:00 AM,F,60.0,HELMET NOT USED,UNKNOWN/NA,IN ROADWAY,TEST NOT OFFERED,,35,CLEAR,DAYLIGHT,PEDALCYCLIST,NOT DIVIDED,STRAIGHT AND LEVEL,UNKNOWN,NO INJURY / DRIVE AWAY,CANAL ST,41.8599567,-87.6391585932,POINT (-87.639158593214 41.85995670002)
O1426349,BICYCLE,93164f40f1bdb94499caafb5cd91b6ed6dacac498b6e487951fdd119dedc065be7a47646aa4b95b850a5715eb0f61c9d55449b21925478faa53b3ce7b5df4b92,09/23/2022 06:00:00 AM,M,33.0,HELMET NOT USED,TURNING LEFT,IN ROADWAY,,,30,CLEAR,"DARKNESS, LIGHTED ROAD",PEDALCYCLIST,DIVIDED - W/MEDIAN (NOT RAISED),STRAIGHT AND LEVEL,DRY,INJURY AND / OR TOW DUE TO CRASH,DAMEN AVE,41.8484857241,-87.6758929506,POINT (-87.675892950649 41.848485724113)
O1428111,BICYCLE,92928518d8f2d362913738ec6eb9f4c48ce7f82daa0b9711731ffac888ed003df574be3cdbae4bdca8de1136b8fecdb9dc59961cdb363a54928381b3ba59a71c,09/22/2022 06:00:00 PM,F,39.0,BICYCLE HELMET (PEDACYCLIST INVOLVED ONLY),NO ACTION,BIKEWAY,TEST NOT OFFERED,,30,CLEAR,DAYLIGHT,PEDALCYCLIST,NOT DIVIDED,STRAIGHT AND LEVEL,DRY,INJURY AND / OR TOW DUE TO CRASH,LAWRENCE AVE,41.9684932693,-87.7150428978,POINT (-87.715042897783 41.968493269276)
O1425639,BICYCLE,bd1fbbd0e580490295ab854cdb2f9a41d822fb1460b024ef3c87faa2b0c30230067acc21225da9f6ae328765f1d6eb8626d07774457f29d5ee9e102c180c41e0,09/22/2022 05:46:00 PM,M,14.0,HELMET NOT USED,CROSSING - WITH SIGNAL,IN CROSSWALK,TEST NOT OFFERED,,30,CLEAR,DAYLIGHT,PEDALCYCLIST,UNKNOWN INTERSECTION TYPE,STRAIGHT AND LEVEL,DRY,INJURY AND / OR TOW DUE TO CRASH,MARSHFIELD AVE,41.6903298338,-87.6616461649,POINT (-87.661646164899 41.690329833777)
O1447597,BICYCLE,d1f332a956291b95284974388a4c6b3ead42e4db545df749553df9829acfa8ba5080647d5471b15a8a4507c1bfdc2c543868e0a260372b20df1730718ccaca0a,09/22/2022 05:45:00 PM,F,30.0,BICYCLE HELMET (PEDACYCLIST INVOLVED ONLY),TURNING LEFT,IN ROADWAY,TEST NOT OFFERED,,25,CLEAR,DUSK,PEDALCYCLIST,FOUR WAY,STRAIGHT AND LEVEL,DRY,INJURY AND / OR TOW DUE TO CRASH,HUBBARD ST,41.8901948827,-87.6476686991,POINT (-87.647668699131 41.890194882661)
O1425521,BICYCLE,84c4d905590973969ad3191845f079314b1e82ea991b01ea3205bc07ce8d3eabf386729c01a4147a0d74525c735bedb7a397dedde87193e0ffa5bca4a4081f71,09/22/2022 05:07:00 PM,M,22.0,BICYCLE HELMET (PEDACYCLIST INVOLVED ONLY),WITH TRAFFIC,IN ROADWAY,TEST NOT OFFERED,,30,CLEAR,DAYLIGHT,PEDALCYCLIST,ONE-WAY,STRAIGHT AND LEVEL,DRY,INJURY AND / OR TOW DUE TO CRASH,VAN BUREN ST,41.8766674324,-87.6391776641,POINT (-87.639177664114 41.876667432354)
O1425260,BICYCLE,0160004559aeac50ddaea29505ec75eb8763203c7c0e610d4c80e6ec12cf435b2210786c10bda4363a92ed2029faacb5f0927c485b151d4ac9c8321db09ec09b,09/22/2022 11:00:00 AM,F,,HELMET NOT USED,CROSSING - NO CONTROLS (AT INTERSECTION),BIKE LANE,TEST NOT OFFERED,Y,30,CLEAR,DAYLIGHT,PEDALCYCLIST,FOUR WAY,STRAIGHT AND LEVEL,DRY,NO INJURY / DRIVE AWAY,WINTHROP AVE,41.9946167604,-87.6585047859,POINT (-87.65850478592 41.994616760362)
O1425448,BICYCLE,aa376125a97a5a9ae5ae772f8c7e57db5bbbaa5895f1ab073c707773f83074a5b1e62f86904d4e0be4a8d0953576270991aa0a906c821c9de337aed09e30c3a5,09/22/2022 09:15:00 AM,M,31.0,BICYCLE HELMET (PEDACYCLIST INVOLVED ONLY),CROSSING - WITH SIGNAL,IN CROSSWALK,TEST NOT OFFERED,,30,CLEAR,DAYLIGHT,PEDALCYCLIST,FOUR WAY,STRAIGHT AND LEVEL,DRY,INJURY AND / OR TOW DUE TO CRASH,FULLERTON AVE,41.9240639889,-87.7513481518,POINT (-87.751348151764 41.924063988935)
O1425155,BICYCLE,8dd75473066bc5d2339bf49bd0b0d647fd70d4e08c46df5227a28ce278405fd3e4ad589d05e1e6a7a3928bef55acfd289ae08836923f22746803304da8ac0c98,09/22/2022 08:35:00 AM,F,43.0,HELMET NOT USED,OTHER ACTION,IN ROADWAY,TEST NOT OFFERED,,30,CLEAR,DAYLIGHT,PEDALCYCLIST,DIVIDED - W/MEDIAN (NOT RAISED),STRAIGHT AND LEVEL,UNKNOWN,INJURY AND / OR TOW DUE TO CRASH,MONTROSE AVE,41.9618571074,-87.657300024,POINT (-87.657300024015 41.961857107389)
O1425164,BICYCLE,68858a71de96c37d3c8ebf8ce16c1f7121b9d16326baa4f7ac431c525721b4d9786fc32b0fe80ac03bfc5018de74f392c38559362cea9dbdf06d17ebc2572570,09/22/2022 08:15:00 AM,M,,HELMET NOT USED,UNKNOWN/NA,UNKNOWN/NA,TEST NOT OFFERED,,20,CLEAR,DAYLIGHT,PEDALCYCLIST,ALLEY,STRAIGHT AND LEVEL,DRY,NO INJURY / DRIVE AWAY,KEDZIE AVE,41.9186161317,-87.7071587766,POINT (-87.707158776557 41.918616131709)
O1425080,BICYCLE,dc5d39c6aea25a1d1760a2054747ddb6f359df78fcded051a70f9be7d00d288f78c47b4f5b0d9c3427171070aa320de063c293aa13ffb831c94dfa8178bb5039,09/22/2022 06:07:00 AM,F,29.0,HELMET NOT USED,NO ACTION,IN ROADWAY,TEST NOT OFFERED,,30,CLEAR,DAYLIGHT,PEDALCYCLIST,FOUR WAY,STRAIGHT AND LEVEL,WET,INJURY AND / OR TOW DUE TO CRASH,MONTROSE AVE,41.9603949428,-87.7818475265,POINT (-87.7818475265 41.960394942809)
O1425029,BICYCLE,f1f2384ddbd5131ffbefc2f068c29ecaf91c9607b499bd4d507441723d03793f4f0e5aaf5b91352cfdeb196a06aaf6cd90ff1b3b99c3fb1e101f97983c15f510,09/22/2022 12:50:00 AM,M,38.0,BICYCLE HELMET (PEDACYCLIST INVOLVED ONLY),WITH TRAFFIC,IN ROADWAY,TEST NOT OFFERED,Y,30,CLEAR,"DARKNESS, LIGHTED ROAD",PEDALCYCLIST,DIVIDED - W/MEDIAN BARRIER,STRAIGHT AND LEVEL,DRY,INJURY AND / OR TOW DUE TO CRASH,HARRISON ST,41.8744008569,-87.6563443618,POINT (-87.656344361762 41.874400856899)
O1424969,BICYCLE,ab9958d3a718b5c00c2974e71de06ec41d288944a3f8e15ddb61e853e5b1e914ab748df9b3777d8cffab8d9fa98fe301496a63fd5f20d2b40775c51bfa54d87f,09/21/2022 07:40:00 PM,F,29.0,BICYCLE HELMET (PEDACYCLIST INVOLVED ONLY),NO ACTION,IN ROADWAY,TEST NOT OFFERED,,30,CLEAR,"DARKNESS, LIGHTED ROAD",PEDALCYCLIST,DIVIDED - W/MEDIAN (NOT RAISED),STRAIGHT AND LEVEL,DRY,INJURY AND / OR TOW DUE TO CRASH,DAMEN AVE,41.9175342114,-87.6774665322,POINT (-87.677466532248 41.917534211413)
O1424871,BICYCLE,294f1cb4f1c5a2e5ae4719f689702d7377ecf901620c4bd0ad64e62815207902ee3edce7e6f3b5a092d8f7a0b3d325c9baa2e95591b587cb3a6d12cfe7cbe8fd,09/21/2022 06:21:00 PM,M,54.0,BICYCLE HELMET (PEDACYCLIST INVOLVED ONLY),WITH TRAFFIC,BIKEWAY,TEST NOT OFFERED,,30,CLEAR,DAYLIGHT,PEDALCYCLIST,NOT DIVIDED,STRAIGHT AND LEVEL,DRY,NO INJURY / DRIVE AWAY,MILWAUKEE AVE,41.9172691036,-87.6878971378,POINT (-87.687897137788 41.917269103619)
O1424906,BICYCLE,87e4495a0219f41a1f0a108c59f54885634d5e140abe5f4ec843a117f6f64d2d042e7a048c4f3de3bb7baab50975fd974989f051c2ce88d33304f0bfa8931c81,09/21/2022 06:06:00 PM,F,25.0,HELMET NOT USED,WITH TRAFFIC,IN ROADWAY,TEST NOT OFFERED,N,20,CLOUDY/OVERCAST,DARKNESS,PEDALCYCLIST,NOT DIVIDED,STRAIGHT AND LEVEL,DRY,INJURY AND / OR TOW DUE TO CRASH,WINONA ST,41.9751345805,-87.6574778108,POINT (-87.657477810761 41.975134580488)
O1431017,BICYCLE,6e2894dbc4c569e7cdd04452b8adfe7f7ba933c522f5b285312e0b8f845910100c7c86db3d0403469fa69e28d5b438afcd51ba081287cb32596a7b0c2549d3b1,09/21/2022 05:55:00 PM,M,25.0,BICYCLE HELMET (PEDACYCLIST INVOLVED ONLY),WITH TRAFFIC,IN ROADWAY,TEST NOT OFFERED,,30,CLEAR,DAYLIGHT,PEDALCYCLIST,NOT DIVIDED,STRAIGHT AND LEVEL,DRY,INJURY AND / OR TOW DUE TO CRASH,GREEN ST,41.891903415,-87.6486401681,POINT (-87.648640168108 41.891903414995)
O1424912,BICYCLE,0e825a49677ee3ff87d9c3ed5b80b90142822a18fa0cbf907638a45d1dbc7ace373ebbeddbc9c763a96cc56c17ecd7597b23ebabeb0490a994b6d49a56f141d5,09/21/2022 05:51:00 PM,M,36.0,HELMET NOT USED,OTHER ACTION,NOT IN ROADWAY,TEST NOT OFFERED,,30,CLEAR,DAYLIGHT,PEDALCYCLIST,NOT DIVIDED,STRAIGHT AND LEVEL,DRY,INJURY AND / OR TOW DUE TO CRASH,GRANVILLE AVE,41.9942320024,-87.6879783412,POINT (-87.687978341207 41.994232002386)
O1424873,BICYCLE,4948ba10aa8811dc1f4b37f0a74b37ff1f0f7e7247b95ea2b098cbf8f599837b7031bb9b98735445fcf248032bbcbb57c31c9051f01846178c07831bab531b86,09/21/2022 05:41:00 PM,M,30.0,HELMET NOT USED,WITH TRAFFIC,BIKE LANE,TEST NOT OFFERED,,30,CLEAR,DAYLIGHT,PEDALCYCLIST,T-INTERSECTION,STRAIGHT AND LEVEL,DRY,INJURY AND / OR TOW DUE TO CRASH,HALSTED ST,41.8539227861,-87.6466759794,POINT (-87.646675979396 41.853922786104)
O1425189,NON-MOTOR VEHICLE,4b964b0d188f2a63df0f854509bd4e77c37c5030d0632aac308562a5d352cb1d3f45313f459bfe9aca0e154379315382d8f65c43dc32696277d7d29e6d245404,09/21/2022 05:00:00 PM,X,,USAGE UNKNOWN,UNKNOWN/NA,UNKNOWN/NA,TEST NOT OFFERED,,35,CLEAR,DAYLIGHT,OTHER OBJECT,NOT DIVIDED,STRAIGHT AND LEVEL,DRY,NO INJURY / DRIVE AWAY,CHURCH ST,41.6852882458,-87.6690678115,POINT (-87.669067811544 41.685288245836)
O1424787,BICYCLE,699bce0b5113927c29b95d889849d1d3428ad8f2864bc369f4a61dba56a9628f7b8d4533e27a637be2776b8a5283273c1b82d694696d4ac887cdb91d9cb0afbe,09/21/2022 04:50:00 PM,M,27.0,HELMET NOT USED,TURNING RIGHT,IN ROADWAY,TEST NOT OFFERED,,30,CLEAR,DAYLIGHT,PEDALCYCLIST,DIVIDED - W/MEDIAN BARRIER,STRAIGHT AND LEVEL,DRY,INJURY AND / OR TOW DUE TO CRASH,ASHLAND AVE,41.7977660501,-87.6645356139,POINT (-87.664535613937 41.797766050099)
O1428577,BICYCLE,0d6c79d9babdd31b00328412703b91c6e2b28d61c43f32630813f7af2e26ce989e168e1a8ee6123d86ba73a3b4163bdf5dc53be51e0bc986132ac627442182a5,09/21/2022 04:25:00 PM,F,36.0,HELMET NOT USED,UNKNOWN/NA,BIKE LANE,TEST NOT OFFERED,,30,CLEAR,DAYLIGHT,PEDALCYCLIST,NOT DIVIDED,STRAIGHT AND LEVEL,DRY,INJURY AND / OR TOW DUE TO CRASH,LAWRENCE AVE,41.9691153685,-87.6609799919,POINT (-87.6609799919 41.969115368512)
O1424859,BICYCLE,df7c97bedc7928c38e8fb3610cafce767acc7349de9cc48120f4819f38649d414acafdb6af322fd347445341a4bdd5eb1d9b91917e74410aadfa15aea60acd5d,09/21/2022 04:00:00 PM,M,15.0,HELMET NOT USED,CROSSING - CONTROLS PRESENT (NOT AT INTERSECTION),IN ROADWAY,TEST NOT OFFERED,,30,CLEAR,DAYLIGHT,PEDALCYCLIST,NOT DIVIDED,STRAIGHT AND LEVEL,DRY,INJURY AND / OR TOW DUE TO CRASH,AVENUE L,41.6974418257,-87.5363434337,POINT (-87.536343433696 41.697441825725)
O1424735,BICYCLE,78b4a01bfb952abc1bb2c5a49676ef16cdbd87924989b24fd68192688b8822f83045ac43588b222f819a44cfe763678a38b489b14544acb7cb46b110784a2cf1,09/21/2022 03:00:00 PM,M,22.0,HELMET NOT USED,AGAINST TRAFFIC,BIKE LANE,TEST TAKEN,,30,CLEAR,DAYLIGHT,PEDALCYCLIST,NOT DIVIDED,STRAIGHT AND LEVEL,DRY,INJURY AND / OR TOW DUE TO CRASH,DR MARTIN LUTHER KING JR DR,41.7965395151,-87.6161717557,POINT (-87.616171755662 41.79653951513)
O1425012,BICYCLE,dbc7880f583b03edc55a8e636a719acf5f0a3b222a007b32a22253bdc07e76d206327a08dfa727230ed70b6b92dd9fe5fe648e6840d0ed921d05fabbefafbba5,09/21/2022 02:47:00 PM,F,20.0,BICYCLE HELMET (PEDACYCLIST INVOLVED ONLY),WITH TRAFFIC,BIKE LANE,TEST NOT OFFERED,,30,CLEAR,DAYLIGHT,PEDALCYCLIST,NOT DIVIDED,STRAIGHT AND LEVEL,DRY,INJURY AND / OR TOW DUE TO CRASH,18TH ST,41.8581311268,-87.6516026311,POINT (-87.651602631127 41.858131126798)
O1424456,BICYCLE,ca4956943e5553ff59eeaa13f1f1ddaba74b7ecd8ea140ffd365bdbfd8607bf3da5102e2b12d2845a5a46ebe96ce32868a427be1d94661ef03b9ed7b73dbcd3b,09/21/2022 09:44:00 AM,M,39.0,HELMET NOT USED,NO ACTION,IN ROADWAY,TEST NOT OFFERED,,15,CLEAR,DAYLIGHT,PEDALCYCLIST,PARKING LOT,STRAIGHT AND LEVEL,DRY,INJURY AND / OR TOW DUE TO CRASH,BROADWAY,41.9635319941,-87.6561154614,POINT (-87.656115461363 41.9635319941)
O1424283,BICYCLE,d4b51acac88ec154d2d344260850a3422290164596ed0a5689351c716da6dd6c8b5f055c4f3a6edf1e8c245a38ce6a3d3217f3302cebff3dd7fb27eca96617e1,09/21/2022 12:35:00 AM,M,,HELMET NOT USED,CROSSING - AGAINST SIGNAL,IN CROSSWALK,TEST NOT OFFERED,,30,RAIN,"DARKNESS, LIGHTED ROAD",PEDALCYCLIST,ONE-WAY,STRAIGHT AND LEVEL,WET,NO INJURY / DRIVE AWAY,HAMILTON AVE,41.9979213444,-87.683943863,POINT (-87.683943862959 41.997921344431)
O1424817,BICYCLE,3cae2485dbdd515434a5a1f2655bccb2db49c517099db50b2f042d3282e767d9fc07c0a3965c0428dfb56e2cc993bfbbe82bcdfbc4281196e63cf4d42ed5febc,09/20/2022 08:30:00 PM,M,29.0,BICYCLE HELMET (PEDACYCLIST INVOLVED ONLY),CROSSING - CONTROLS PRESENT (NOT AT INTERSECTION),UNKNOWN/NA,TEST NOT OFFERED,,30,UNKNOWN,"DARKNESS, LIGHTED ROAD",PEDALCYCLIST,FOUR WAY,STRAIGHT AND LEVEL,UNKNOWN,INJURY AND / OR TOW DUE TO CRASH,GLENWOOD AVE,41.9853407596,-87.6648576499,POINT (-87.66485764991 41.985340759619)
O1424534,BICYCLE,23f55f8136c419294876ec2c2baf5613f91f7002d43f5c82f2ba667837b73308a38002ce7bf213864242252c8b10abe214c3be99dd5b03e36ef55f870fd60214,09/20/2022 04:40:00 PM,M,13.0,BICYCLE HELMET (PEDACYCLIST INVOLVED ONLY),CROSSING - CONTROLS PRESENT (NOT AT INTERSECTION),IN ROADWAY,TEST NOT OFFERED,,30,CLEAR,DAYLIGHT,PEDALCYCLIST,NOT DIVIDED,STRAIGHT AND LEVEL,DRY,INJURY AND / OR TOW DUE TO CRASH,CHRISTIANA AVE,41.9831068019,-87.712675113,POINT (-87.712675112965 41.98310680186)
O1428715,BICYCLE,e20ab53e14dc59948fdb9f27849ae535ccd5c7625f014bbcfefb27b5aa6cf7a49e402be290b5f73b2e1393734239ea5fdf23b5ac221d10147eee6574b97c9336,09/20/2022 03:45:00 PM,M,,HELMET NOT USED,WITH TRAFFIC,BIKE LANE,,,30,CLEAR,DAYLIGHT,PEDALCYCLIST,NOT DIVIDED,STRAIGHT AND LEVEL,DRY,NO INJURY / DRIVE AWAY,HALSTED ST,41.9413188409,-87.6494573967,POINT (-87.649457396708 41.941318840873)
O1426047,NON-MOTOR VEHICLE,12fecb12b964356298024e28c25c2828dd33054943b4ed77a3d0c839fae921b64ff72a9eefafaa9be0e87b9a48c9ba2cda6159a63238f02279a43199263ca082,09/20/2022 02:00:00 PM,M,,USAGE UNKNOWN,,,TEST NOT OFFERED,,25,CLEAR,DAYLIGHT,FIXED OBJECT,ALLEY,STRAIGHT AND LEVEL,DRY,NO INJURY / DRIVE AWAY,31ST ST,41.8381640776,-87.6455488551,POINT (-87.64554885514 41.838164077592)
O1423849,NON-MOTOR VEHICLE,3f10e846f1074e38cf008c5a46bfc9d23abe71fc48b234242978255024a6eda4d510a8b8d04ec6ac4598921d0976dbf49e80211ea3d8c54034a6428b3d479166,09/20/2022 01:35:00 PM,X,,NONE PRESENT,UNKNOWN/NA,,TEST NOT OFFERED,,30,CLEAR,DAYLIGHT,FIXED OBJECT,DIVIDED - W/MEDIAN (NOT RAISED),STRAIGHT AND LEVEL,DRY,NO INJURY / DRIVE AWAY,CALIFORNIA AVE,41.9239650134,-87.6972467229,POINT (-87.697246722923 41.923965013378)
O1423812,BICYCLE,94d0658b581ef921b699591abe8f76bf438a67a6c1ddb10ba17d2d231b77889bb1306c3521b50b11a373e695ab2f23711dcba98fb6076a8ddde35ee85e65fa05,09/20/2022 12:47:00 PM,M,,HELMET NOT USED,CROSSING - NO CONTROLS (AT INTERSECTION),IN CROSSWALK,TEST NOT OFFERED,,30,CLEAR,DAYLIGHT,PEDALCYCLIST,NOT DIVIDED,STRAIGHT AND LEVEL,DRY,NO INJURY / DRIVE AWAY,130TH ST,41.6592915691,-87.5532573598,POINT (-87.553257359841 41.659291569114)
O1423693,BICYCLE,2ecc8a7481d2be68fe2beca438490dbfed2646e2befc1ec204e455e010348cc67c92a99e0de5106d343eaae3c800b0b4abdb3c67e1de979e213a2f93a53991b8,09/20/2022 08:43:00 AM,M,,BICYCLE HELMET (PEDACYCLIST INVOLVED ONLY),CROSSING - CONTROLS PRESENT (NOT AT INTERSECTION),IN ROADWAY,TEST NOT OFFERED,,30,CLEAR,DAYLIGHT,PEDALCYCLIST,ONE-WAY,STRAIGHT AND LEVEL,DRY,NO INJURY / DRIVE AWAY,NARRAGANSETT AVE,41.9364433772,-87.7860172672,POINT (-87.786017267241 41.936443377224)
O1423900,BICYCLE,adc343eec8c855dae42f02452542abce5a7fb531d49ce581590de579556bcc8b0ce92acb1c6b987f0dd7e599456abfb84df286b4a93ddc2fd0b3753a6bb91249,09/20/2022 07:13:00 AM,F,16.0,HELMET NOT USED,WITH TRAFFIC,IN ROADWAY,TEST NOT OFFERED,,30,CLEAR,DAYLIGHT,PEDALCYCLIST,FOUR WAY,STRAIGHT AND LEVEL,DRY,INJURY AND / OR TOW DUE TO CRASH,KIMBALL AVE,41.955744533,-87.7128242411,POINT (-87.712824241096 41.955744533022)
O1423758,BICYCLE,75c43d8fa4873b4778b103806588b1f1ba7f51e54ca9f8af8c73941fdbf7ba79806021565c324232ac472054f78179f4b137ee3ad923fe6b586ea9f3e98cd4af,09/20/2022 12:40:00 AM,F,19.0,HELMET NOT USED,CROSSING - WITH SIGNAL,IN ROADWAY,TEST NOT OFFERED,,30,CLEAR,"DARKNESS, LIGHTED ROAD",PEDALCYCLIST,T-INTERSECTION,STRAIGHT AND LEVEL,DRY,INJURY AND / OR TOW DUE TO CRASH,CENTRAL PARK AVE,41.9228170661,-87.7170871814,POINT (-87.717087181395 41.922817066129)
O1423520,BICYCLE,e64d52b76af30036b3306929fe9741cddcbe58f55916c2099d0c243d59bd2cfd8db965f1da3050b3d0d9ecae3d0c58394e5acaf7074f101a5064fcb3cc82f55c,09/19/2022 08:35:00 PM,M,26.0,HELMET NOT USED,TURNING LEFT,IN ROADWAY,,,30,CLEAR,"DARKNESS, LIGHTED ROAD",PEDALCYCLIST,T-INTERSECTION,STRAIGHT AND LEVEL,DRY,NO INJURY / DRIVE AWAY,CICERO AVE,41.9285462008,-87.7466192905,POINT (-87.746619290514 41.928546200758)
O1423500,BICYCLE,d34cdd632c098c1e125ea7ec165bcdf183dbb976805b307404cf2ea58b0f65eeef1f177a1dcb3ce8345da8925a5f581c0226fce6e2a959f2cfcdaf56cd616b4d,09/19/2022 07:46:00 PM,M,18.0,HELMET NOT USED,WITH TRAFFIC,IN ROADWAY,TEST NOT OFFERED,,20,CLEAR,"DARKNESS, LIGHTED ROAD",PEDALCYCLIST,DIVIDED - W/MEDIAN (NOT RAISED),STRAIGHT AND LEVEL,DRY,INJURY AND / OR TOW DUE TO CRASH,LINCOLN AVE,41.9577642133,-87.6814527121,POINT (-87.681452712106 41.957764213323)
O1424042,BICYCLE,a41c16f891dac900ddc94e4d0c002a30738aaf377adb91e803fabc54e7ad8bc001f90c696945b7a798b30e5ea089a32827aa228a38d6bab47ed01f2e7ddfe56d,09/19/2022 06:30:00 PM,F,23.0,HELMET NOT USED,CROSSING - WITH SIGNAL,IN ROADWAY,TEST NOT OFFERED,,30,CLEAR,DUSK,PEDALCYCLIST,NOT DIVIDED,STRAIGHT AND LEVEL,DRY,NO INJURY / DRIVE AWAY,MORGAN ST,41.8765687699,-87.6520197171,POINT (-87.652019717096 41.876568769918)
O1423409,BICYCLE,9cafc0eb24aa178d458baa5ba299060b64956797ec1b432b7699a541544aed2eeba457e3f5863a29ef063b1e038e05ac9b2a2eb34be8a7b213fa9a88aede0109,09/19/2022 04:25:00 PM,M,18.0,HELMET NOT USED,UNKNOWN/NA,IN ROADWAY,TEST NOT OFFERED,,30,CLEAR,DAYLIGHT,PEDALCYCLIST,FOUR WAY,STRAIGHT AND LEVEL,UNKNOWN,INJURY AND / OR TOW DUE TO CRASH,GRAND AVE,41.9140601958,-87.7460277339,POINT (-87.746027733918 41.914060195761)
O1423245,BICYCLE,79a88eb095128ebfd5a881d5a99f6f6637f2be961629644e070f5560ca7bbf418ff4d99037ab7fa36e554a3ae20d03639f77ce05304b6399581b474a7f008a0b,09/19/2022 02:55:00 PM,M,57.0,HELMET NOT USED,AGAINST TRAFFIC,IN ROADWAY,TEST NOT OFFERED,,30,CLEAR,DAYLIGHT,PEDALCYCLIST,NOT DIVIDED,STRAIGHT AND LEVEL,DRY,INJURY AND / OR TOW DUE TO CRASH,DIVISION ST,41.9027037841,-87.7086538096,POINT (-87.70865380961 41.902703784149)
O1423156,BICYCLE,93d503f441a679dc5d4b6840e01bf5585e2b8acc2fb65410923987d4a8d6fdc51e522c8361903ec3afc578c87fc2f1136005f7067cc263a57b78708bac7684a5,09/19/2022 01:40:00 PM,M,0.0,BICYCLE HELMET (PEDACYCLIST INVOLVED ONLY),TURNING LEFT,BIKEWAY,TEST NOT OFFERED,,30,CLEAR,DAYLIGHT,PEDALCYCLIST,NOT DIVIDED,STRAIGHT AND LEVEL,DRY,INJURY AND / OR TOW DUE TO CRASH,LINCOLN AVE,41.9624752494,-87.6847028368,POINT (-87.684702836784 41.962475249372)
O1423092,BICYCLE,38f44b4bc5718544433c8ce03b223fe7e93cff2c521c741a4844a5731e99087bcbf7998070b68ce3071061a9293cf3868e16c292bea9a6551de82c45cd292fdd,09/19/2022 01:10:00 PM,M,61.0,HELMET NOT USED,OTHER ACTION,NOT IN ROADWAY,TEST NOT OFFERED,,15,CLEAR,DAYLIGHT,PEDALCYCLIST,PARKING LOT,STRAIGHT AND LEVEL,DRY,NO INJURY / DRIVE AWAY,IRVING PARK RD,41.9535305633,-87.7472243588,POINT (-87.747224358827 41.953530563276)
O1423031,NON-MOTOR VEHICLE,2cbd894d392244f8513e94cd4144a28bf4ae4c38edafdb8dc68e83292ca9fe0f4aea8add8b87e8e961ce487d196124d55535fb301a32c5c95d29d48666b772e2,09/19/2022 10:00:00 AM,M,19.0,NONE PRESENT,CROSSING - AGAINST SIGNAL,IN ROADWAY,TEST NOT OFFERED,,30,CLEAR,DAYLIGHT,OTHER OBJECT,FOUR WAY,STRAIGHT AND LEVEL,DRY,INJURY AND / OR TOW DUE TO CRASH,ELSTON AVE,41.9752580953,-87.7519905572,POINT (-87.751990557158 41.97525809527)
O1423160,BICYCLE,58c7f73862009319d2b6dcf858043c8ae2aa4463cb09ae3945f0872fe807993b9483f0c3b2856516de5e62d791413345c51472739bf77b046bde87818acd8d14,09/19/2022 08:20:00 AM,M,39.0,BICYCLE HELMET (PEDACYCLIST INVOLVED ONLY),UNKNOWN/NA,IN ROADWAY,TEST NOT OFFERED,,30,CLEAR,DAYLIGHT,PEDALCYCLIST,NOT DIVIDED,STRAIGHT AND LEVEL,UNKNOWN,INJURY AND / OR TOW DUE TO CRASH,DIVERSEY AVE,41.9313703061,-87.7674026541,POINT (-87.767402654127 41.931370306132)
O1422707,BICYCLE,b995148af898b509ab9e09f686b77cffb501a0776d478cec794dc1deb1009dc8a5ede2904213fe737e76a9b7cbff81130551bd1d8de91ae7e8c6cd51adc45058,09/18/2022 08:42:00 PM,M,21.0,HELMET NOT USED,UNKNOWN/NA,UNKNOWN/NA,TEST NOT OFFERED,,30,CLEAR,DARKNESS,PEDALCYCLIST,NOT DIVIDED,STRAIGHT AND LEVEL,DRY,INJURY AND / OR TOW DUE TO CRASH,WESTERN AVE,41.8895175473,-87.6865077876,POINT (-87.686507787634 41.889517547336)
O1422831,BICYCLE,a0f90a0620e30976d633c8a2f29617f6c655d7285c80a13d6d72777328d6c5c7ce308ed716ebc26102fab5752438daf3278325f83ff94247eb2205932fcf4b9d,09/18/2022 07:45:00 PM,M,24.0,HELMET NOT USED,AGAINST TRAFFIC,IN ROADWAY,TEST NOT OFFERED,,30,CLEAR,"DARKNESS, LIGHTED ROAD",PEDALCYCLIST,NOT DIVIDED,STRAIGHT AND LEVEL,DRY,INJURY AND / OR TOW DUE TO CRASH,WABASH AVE,41.8930415294,-87.6266041654,POINT (-87.626604165393 41.893041529381)