PERSON_ID,PERSON_TYPE,CRASH_RECORD_ID,CRASH_DATE_x,SEX,AGE,SAFETY_EQUIPMENT,PEDPEDAL_ACTION,PEDPEDAL_LOCATION,BAC_RESULT,CRASH_DATE_EST_I,POSTED_SPEED_LIMIT,WEATHER_CONDITION,LIGHTING_CONDITION,FIRST_CRASH_TYPE,TRAFFICWAY_TYPE,ALIGNMENT,ROADWAY_SURFACE_COND,CRASH_TYPE,STREET_NAME,LATITUDE,LONGITUDE,LOCATION
O1422687,BICYCLE,8820b043173aa5d085664c5837dbf18b297fa35c369042ebf1c592b21c50a692509ae4323c9ee2b08c2ef3f508cb1b74ddffffaded175f568f85f1530932e85f,09/18/2022 06:51:00 PM,M,25.0,HELMET NOT USED,UNKNOWN/NA,IN ROADWAY,TEST NOT OFFERED,,30,CLEAR,DAYLIGHT,PEDALCYCLIST,UNKNOWN INTERSECTION TYPE,STRAIGHT AND LEVEL,DRY,INJURY AND / OR TOW DUE TO CRASH,LEAMINGTON AVE,41.8776276013,-87.7535994349,POINT (-87.753599434949 41.877627601313)
O1423090,BICYCLE,4a0b42780165c0bbbff8482ef62151a051e6655e05fb201143d35e861bc225499faa19d16c7f3acd358d641dce4ac2a790987180f44ce6cb8adc0291be82ed53,09/18/2022 04:19:00 PM,M,63.0,HELMET NOT USED,CROSSING - WITH SIGNAL,IN CROSSWALK,TEST NOT OFFERED,,30,CLEAR,DAYLIGHT,PEDALCYCLIST,NOT DIVIDED,STRAIGHT AND LEVEL,DRY,INJURY AND / OR TOW DUE TO CRASH,71ST ST,41.7659581559,-87.5764340719,POINT (-87.576434071872 41.765958155943)
O1531267,BICYCLE,fa5be47dd423474855261cc2b02c58195509659d363c4ed32fca034a9700de18947a2742247ab21f5a21abab091cfdf4cac249163d24ca8e338d04d95f5b562c,09/18/2022 03:49:00 PM,M,51.0,HELMET NOT USED,CROSSING - WITH SIGNAL,UNKNOWN/NA,TEST NOT OFFERED,,30,CLEAR,DAYLIGHT,PEDALCYCLIST,NOT DIVIDED,STRAIGHT AND LEVEL,DRY,INJURY AND / OR TOW DUE TO CRASH,PULASKI RD,41.7786364688,-87.7229063557,POINT (-87.722906355685 41.778636468781)
O1422432,BICYCLE,3fa6ebfacfb1245e7a84c79c2cce2e130671d326b571a1e11c19ac303645d094f03d2b8aec61bd36088d1d4393bc91bba81919e2480bc303403dbafdda4d9ea6,09/18/2022 02:25:00 PM,,,HELMET NOT USED,CROSSING - NO CONTROLS (NOT AT INTERSECTION),IN ROADWAY,TEST NOT OFFERED,,30,CLEAR,DAYLIGHT,PEDALCYCLIST,NOT DIVIDED,STRAIGHT AND LEVEL,DRY,NO INJURY / DRIVE AWAY,NORTH AVE,41.9105196353,-87.6677496863,POINT (-87.667749686328 41.910519635296)
O1422413,BICYCLE,c023c7c823ccfd06e1e03ab64b22f5f19b0363e675c043020de43198ceead9819cfc83457877d390e547a3c08cab7a94f8a6fc20a832807193ea6d609591f885,09/18/2022 01:50:00 PM,M,24.0,BICYCLE HELMET (PEDACYCLIST INVOLVED ONLY),CROSSING - AGAINST SIGNAL,IN ROADWAY,TEST NOT OFFERED,,30,CLEAR,DAYLIGHT,PEDALCYCLIST,FOUR WAY,STRAIGHT AND LEVEL,DRY,INJURY AND / OR TOW DUE TO CRASH,ASHLAND AVE,41.8541165001,-87.6661959393,POINT (-87.666195939254 41.854116500052)
O1422349,BICYCLE,bfba1397376ebad317fafb9d738755908557a4fbb93f8e0ca847d38f7298077ed0d61391ac2c40213e13c0dd52ef967d4d31cea2bc07576a87b057aaf9f4c284,09/18/2022 11:28:00 AM,M,14.0,BICYCLE HELMET (PEDACYCLIST INVOLVED ONLY),OTHER ACTION,IN ROADWAY,TEST NOT OFFERED,,30,CLEAR,DAYLIGHT,PEDALCYCLIST,FOUR WAY,STRAIGHT AND LEVEL,DRY,INJURY AND / OR TOW DUE TO CRASH,AUSTIN AVE,41.7832722415,-87.7718486982,POINT (-87.77184869817 41.783272241527)
O1422297,BICYCLE,ac64ce71edf43f9ae667113a1c218124ae966b59ecbcb87d8fcdca0d34dfd88c58e0099fbcae0cfebf71bf118609ed84193bc6ab839fd29ed70f0857d41482be,09/18/2022 11:15:00 AM,F,24.0,HELMET NOT USED,WITH TRAFFIC,IN ROADWAY,TEST NOT OFFERED,,25,CLEAR,DAYLIGHT,PEDALCYCLIST,NOT DIVIDED,STRAIGHT AND LEVEL,DRY,NO INJURY / DRIVE AWAY,YATES BLVD,41.7570665007,-87.5664801163,POINT (-87.5664801163 41.757066500677)
O1422239,BICYCLE,af8563c1ba44bc6062c1acc684f72cf9c10e63029610b28e500aeb37192240d681366eef1d745e589bce688023f5ac79664278375ebb1aad2ef58174275bb0d9,09/18/2022 07:38:00 AM,M,40.0,HELMET NOT USED,UNKNOWN/NA,IN ROADWAY,TEST NOT OFFERED,,30,CLEAR,DAYLIGHT,PEDALCYCLIST,FOUR WAY,STRAIGHT AND LEVEL,DRY,INJURY AND / OR TOW DUE TO CRASH,WESTERN BLVD,41.8055103467,-87.6836342593,POINT (-87.683634259266 41.805510346661)
O1422053,NON-MOTOR VEHICLE,c34bd2999526e76c7b983a0f9d140609b068d52b8a8820d11aa945e2391260ea5c738fad2817b5a16900251c11b2d8e20377e065a9e6fbfa039af28c9330a2f1,09/17/2022 10:50:00 PM,M,28.0,NONE PRESENT,CROSSING - CONTROLS PRESENT (NOT AT INTERSECTION),IN ROADWAY,TEST NOT OFFERED,,30,CLEAR,"DARKNESS, LIGHTED ROAD",OTHER OBJECT,NOT DIVIDED,STRAIGHT AND LEVEL,DRY,INJURY AND / OR TOW DUE TO CRASH,SCHOOL ST,41.941632064,-87.6687762644,POINT (-87.668776264434 41.941632063991)
O1422028,BICYCLE,627ec99fb644759571983fa8ce69178e89a423f5f1dfee5e819589518e95f19860cde0ec9f5f77b05ae19d11140d0bc34b4c08ef09378d6bc378b8748621d2c3,09/17/2022 08:26:00 PM,F,20.0,HELMET NOT USED,TURNING LEFT,IN ROADWAY,TEST NOT OFFERED,,25,CLEAR,DUSK,PEDALCYCLIST,NOT DIVIDED,STRAIGHT AND LEVEL,DRY,INJURY AND / OR TOW DUE TO CRASH,STATE ST,41.8974756835,-87.6283680935,POINT (-87.628368093524 41.897475683535)
O1421694,BICYCLE,9fb08d04ac3748efa1a5f1446a091a915ca405739b53773b0cc1539840965c2a6e8d60246a52f29678d3cafdaabecc75b1ca51054580057becf15692c167a622,09/17/2022 11:59:00 AM,M,35.0,HELMET NOT USED,CROSSING - WITH SIGNAL,IN ROADWAY,TEST NOT OFFERED,,15,CLEAR,DAYLIGHT,OTHER OBJECT,NOT DIVIDED,STRAIGHT AND LEVEL,UNKNOWN,INJURY AND / OR TOW DUE TO CRASH,RACINE AVE,41.8888640483,-87.6570757805,POINT (-87.657075780492 41.888864048288)
O1421330,BICYCLE,8f9052a526166d466a85db4aa75ca8873f12b5729c0ad8c807ebe3de8ff3dbc0c506dd83dd9952f50cc589ff33ea5c1baa68ed51ea9098fbdf4bebf535909452,09/16/2022 10:43:00 PM,M,24.0,HELMET NOT USED,OTHER ACTION,BIKE LANE,TEST NOT OFFERED,,30,CLEAR,DARKNESS,PEDALCYCLIST,NOT DIVIDED,STRAIGHT AND LEVEL,DRY,INJURY AND / OR TOW DUE TO CRASH,HALSTED ST,41.9010782485,-87.6481094749,POINT (-87.648109474892 41.901078248532)
O1421179,BICYCLE,ddce5bbf0d2fe7263cc192e38467183fa30b55ea8a74ca9e98b34266acf0d0c2c69a94acdfa0da0f596bde73721b7f57f1fa4287c179feb7ce3f0917491434f7,09/16/2022 06:26:00 PM,F,25.0,BICYCLE HELMET (PEDACYCLIST INVOLVED ONLY),WITH TRAFFIC,IN ROADWAY,TEST NOT OFFERED,,30,CLEAR,"DARKNESS, LIGHTED ROAD",PEDALCYCLIST,NOT DIVIDED,STRAIGHT AND LEVEL,DRY,INJURY AND / OR TOW DUE TO CRASH,31ST ST,41.8379606943,-87.6442435688,POINT (-87.6442435688 41.837960694289)
O1421059,BICYCLE,950df232986a0c234d39da7763c8f61c7c89234c174f16111a0a9f7be3150b46e37e0277bdea459cf8ee1d2e3c268d6ca886cf91f77926f087ea368fa81db89e,09/16/2022 05:25:00 PM,F,17.0,HELMET NOT USED,CROSSING - NO CONTROLS (AT INTERSECTION),IN CROSSWALK,TEST NOT OFFERED,,30,CLEAR,DAYLIGHT,PEDALCYCLIST,NOT DIVIDED,STRAIGHT AND LEVEL,DRY,INJURY AND / OR TOW DUE TO CRASH,GROVE ST,41.8526507448,-87.6391882521,POINT (-87.639188252075 41.85265074483)
O1421097,BICYCLE,8b503d5f426aab9bc3f2745ec3e75a30a14d0b40f675818440916bb9a240daf3dd72db619087534c0e0a55eaa71b0e068cdcb015335c682375aadfa4650cd2e0,09/16/2022 04:29:00 PM,M,31.0,HELMET NOT USED,WITH TRAFFIC,BIKEWAY,TEST NOT OFFERED,,30,CLEAR,DAYLIGHT,PEDALCYCLIST,NOT DIVIDED,STRAIGHT AND LEVEL,DRY,INJURY AND / OR TOW DUE TO CRASH,MILWAUKEE AVE,41.9142614463,-87.6836860456,POINT (-87.683686045558 41.91426144631)
O1420999,BICYCLE,12b9c79c8850bd059cc274596a5df65027bd5fd0f642e29262356abcf092930c177d74ffcbbe877e0db7d397585a05a981ee4addc1c9b5dc2f476ba88bb8b455,09/16/2022 04:04:00 PM,M,13.0,HELMET NOT USED,CROSSING - WITH SIGNAL,IN CROSSWALK,TEST NOT OFFERED,,30,CLEAR,DAYLIGHT,PEDALCYCLIST,FOUR WAY,STRAIGHT AND LEVEL,DRY,INJURY AND / OR TOW DUE TO CRASH,AUGUSTA BLVD,41.8984727559,-87.7556293384,POINT (-87.755629338417 41.898472755909)
O1420800,BICYCLE,e10a8759c088d656435a23a367fe1e6c393330624e83ee40314b8361c6e65e1b6577dd1cc2fcf5893d65e590e4dcdb605d0cea0104ad852d73c401b8cdba63e7,09/16/2022 12:40:00 PM,M,,BICYCLE HELMET (PEDACYCLIST INVOLVED ONLY),WITH TRAFFIC,IN ROADWAY,TEST NOT OFFERED,,30,CLEAR,DAYLIGHT,PEDALCYCLIST,NOT DIVIDED,STRAIGHT AND LEVEL,DRY,INJURY AND / OR TOW DUE TO CRASH,PULASKI RD,41.7767781789,-87.7228587184,POINT (-87.722858718441 41.77677817895)
O1420697,BICYCLE,128f157ff6564c13e36cd30d9419daf0e8390d9f611c5794a1917ea0e589e4597f9ee568ffc17394d69c0d77c902559602fe0ce298ccb2fb52c9f8d139ab368e,09/16/2022 09:30:00 AM,F,,HELMET NOT USED,CROSSING - NO CONTROLS (AT INTERSECTION),IN CROSSWALK,,,30,CLEAR,DAYLIGHT,PEDALCYCLIST,T-INTERSECTION,STRAIGHT AND LEVEL,DRY,NO INJURY / DRIVE AWAY,NORTH AVE,41.9105469808,-87.6801080616,POINT (-87.6801080616 41.910546980784)
O1420616,BICYCLE,19d8f6f87c1c93241dc875f87e0281884b94227197c33cf4a84ec3dbbd14423ef6bf8beee2402fc116d3e0f402309515229d842f10f3ceae24f03049f54f0231,09/16/2022 08:00:00 AM,M,32.0,BICYCLE HELMET (PEDACYCLIST INVOLVED ONLY),WITH TRAFFIC,IN ROADWAY,TEST NOT OFFERED,,20,CLEAR,DAYLIGHT,PEDALCYCLIST,ONE-WAY,STRAIGHT AND LEVEL,DRY,NO INJURY / DRIVE AWAY,AVERS AVE,41.9209587763,-87.7231479287,POINT (-87.723147928676 41.920958776278)
O1420484,BICYCLE,b23519ace23d3d005354c9ae56e285e4c776f765737cd1854791d9598072bc79dc34c337f8453337437ea028ea50ae08618364f7339b136470b7c879e92a68e0,09/15/2022 10:02:00 PM,M,15.0,BICYCLE HELMET (PEDACYCLIST INVOLVED ONLY),OTHER ACTION,IN CROSSWALK,TEST NOT OFFERED,,30,CLEAR,"DARKNESS, LIGHTED ROAD",PEDALCYCLIST,DIVIDED - W/MEDIAN (NOT RAISED),STRAIGHT AND LEVEL,DRY,INJURY AND / OR TOW DUE TO CRASH,HAMLIN AVE,41.8936694846,-87.7212847056,POINT (-87.721284705624 41.893669484622)
O1420394,NON-MOTOR VEHICLE,df8ad5c05073c04ebf7099f12e8e0dd3a1ce606e844265f08f4651e8ee2ea41bf7b062efebd4f9177ce9aa3da1a5953c2cfbf7e6be712934b4def52f19b64c93,09/15/2022 06:56:00 PM,M,24.0,,CROSSING - WITH SIGNAL,IN CROSSWALK,TEST NOT OFFERED,,30,CLEAR,DUSK,OTHER OBJECT,FOUR WAY,STRAIGHT AND LEVEL,DRY,INJURY AND / OR TOW DUE TO CRASH,WABASH AVE,41.8823527871,-87.6260740884,POINT (-87.626074088369 41.882352787051)
O1420335,BICYCLE,10e883a8726034b44aa2907a5a94211b81ee4b7e98d4de1d3fdbbffad5575aa2153942e54f6c66edc6b01ac14ee170017c71cddd61f02dcd003afbbb15a3891b,09/15/2022 05:50:00 PM,M,59.0,HELMET NOT USED,NO ACTION,BIKEWAY,TEST NOT OFFERED,,30,CLEAR,DAYLIGHT,PEDALCYCLIST,DIVIDED - W/MEDIAN (NOT RAISED),STRAIGHT AND LEVEL,DRY,INJURY AND / OR TOW DUE TO CRASH,ASHLAND AVE,41.9085850085,-87.6677810016,POINT (-87.667781001595 41.908585008498)
O1426180,BICYCLE,f214a0fe138b43de0cbb07cba93b20ac7f851f01af82671be2ea39e5da6b9c73bd608862e75fcecab86555e2f589421ab41c7c4912638ab0b8c2b6a429aa73c9,09/15/2022 04:35:00 PM,F,21.0,BICYCLE HELMET (PEDACYCLIST INVOLVED ONLY),TURNING LEFT,IN ROADWAY,,,30,CLEAR,DAYLIGHT,PEDALCYCLIST,ONE-WAY,STRAIGHT AND LEVEL,DRY,INJURY AND / OR TOW DUE TO CRASH,KEDZIE AVE,41.9156224122,-87.7070639352,POINT (-87.707063935234 41.915622412231)
O1420431,BICYCLE,463aeffa30b60cca860c00c7e1b3f3059231a7536b037ea0c4ed87adb2a90ac06c11321050df70baf945240946124f083505ab4526a644f3e3a3deaefc713b5d,09/15/2022 04:15:00 PM,M,32.0,HELMET NOT USED,WITH TRAFFIC,BIKEWAY,TEST NOT OFFERED,,30,CLEAR,DAYLIGHT,PEDALCYCLIST,DIVIDED - W/MEDIAN (NOT RAISED),STRAIGHT AND LEVEL,DRY,INJURY AND / OR TOW DUE TO CRASH,HERMITAGE AVE,41.96527926,-87.6726611825,POINT (-87.672661182453 41.965279259977)
O1420775,BICYCLE,ebb93e6f4b7cd4cc6143be159e1e43f33c232e46e35808db689937e56d54d132c48b0f82727c65e48388123b822e2f2b166f234d64d1066f34079ea54ad2466b,09/15/2022 04:15:00 PM,M,,HELMET NOT USED,CROSSING - CONTROLS PRESENT (NOT AT INTERSECTION),IN ROADWAY,,,30,CLEAR,DAYLIGHT,PEDALCYCLIST,FOUR WAY,STRAIGHT AND LEVEL,DRY,NO INJURY / DRIVE AWAY,TAYLOR ST,41.8693269318,-87.698548808,POINT (-87.698548808007 41.869326931801)
O1420238,BICYCLE,a552e524c9ccc3deedc0b003045c5f8268fedeb9fa303cfa19ba6a08babc0fb105508c46f69ce0257c5eab278cc3fc900050103c3aef068d3b5c43232e8ffad4,09/15/2022 04:12:00 PM,F,39.0,HELMET NOT USED,OTHER ACTION,NOT IN ROADWAY,TEST NOT OFFERED,,30,CLEAR,DAYLIGHT,PEDALCYCLIST,OTHER,STRAIGHT AND LEVEL,DRY,INJURY AND / OR TOW DUE TO CRASH,ARCHER AVE,41.7994133443,-87.7375620545,POINT (-87.737562054496 41.799413344318)
O1420221,BICYCLE,d4285719179a64014ba3243fe36942470620db45b8e41aa77c94ba942c9993e071b59afc6cb3a7c702bb3f0b630c929366c655e35aaaf4622a095b99ef9053ae,09/15/2022 03:40:00 PM,M,28.0,BICYCLE HELMET (PEDACYCLIST INVOLVED ONLY),UNKNOWN/NA,IN ROADWAY,TEST NOT OFFERED,,30,CLEAR,DAYLIGHT,PEDALCYCLIST,NOT DIVIDED,STRAIGHT AND LEVEL,DRY,INJURY AND / OR TOW DUE TO CRASH,SANGAMON ST,41.89629615,-87.6510287416,POINT (-87.651028741583 41.896296150024)
O1420162,BICYCLE,915e7df62ec871a92e89263f93188a9b16660a6593cb4a8bf95e67f8c495e7c42889a6eba1906bf0c31d7cf06c097e7fc8d28879c8ee2910bddb3a4bdf80e686,09/15/2022 02:36:00 PM,F,,HELMET NOT USED,UNKNOWN/NA,UNKNOWN/NA,TEST NOT OFFERED,,30,CLEAR,DAYLIGHT,PEDALCYCLIST,NOT DIVIDED,STRAIGHT AND LEVEL,DRY,NO INJURY / DRIVE AWAY,HOWARD ST,42.0194209724,-87.6900250776,POINT (-87.690025077606 42.019420972435)
O1420196,BICYCLE,5939e99ed86bbaa6b1b5c0318f1399424d4a0e81ff76e34a31915e052fcb25d000d47a4e3d9ee97eab1194c241bab1b94c7a0e9741d817770a3ac6475a4c3871,09/15/2022 08:00:00 AM,M,32.0,BICYCLE HELMET (PEDACYCLIST INVOLVED ONLY),TURNING LEFT,BIKE LANE,TEST NOT OFFERED,,30,CLEAR,DAYLIGHT,PEDALCYCLIST,FOUR WAY,STRAIGHT AND LEVEL,DRY,INJURY AND / OR TOW DUE TO CRASH,KINZIE ST,41.8891685728,-87.6413858276,POINT (-87.641385827551 41.889168572816)
O1420839,BICYCLE,6539ecbd869d39c9c811e2dda787375528d533e324b7d62f01507197cda52033b6e0619bcdd13975164bfc6900be5cc218e1d864576404a56354a472335d7877,09/15/2022 05:35:00 AM,F,32.0,BICYCLE HELMET (PEDACYCLIST INVOLVED ONLY),CROSSING - NO CONTROLS (AT INTERSECTION),IN ROADWAY,TEST NOT OFFERED,,30,CLEAR,DAYLIGHT,PEDALCYCLIST,FOUR WAY,STRAIGHT AND LEVEL,DRY,INJURY AND / OR TOW DUE TO CRASH,RACINE AVE,41.8693555734,-87.6569002438,POINT (-87.656900243811 41.869355573441)
O1419808,BICYCLE,c0a0075a7d759487b72ea5228b661d95d01976fabbf08208931a5c7d796e27d8bb95f1173ab181ce8ed5e209f1ed6944518518d9e7c5f87f73ec2a077185762a,09/14/2022 09:09:00 PM,M,19.0,HELMET NOT USED,NO ACTION,IN ROADWAY,TEST NOT OFFERED,,30,CLEAR,"DARKNESS, LIGHTED ROAD",PEDALCYCLIST,NOT DIVIDED,STRAIGHT AND LEVEL,DRY,NO INJURY / DRIVE AWAY,AUSTIN AVE,41.9330517239,-87.7761761232,POINT (-87.776176123173 41.933051723887)
O1419618,BICYCLE,1ee8c692856c9de2ae251e4c294de5894a601b991f124926d56284f5cab4892da8cc725668086406dfa2d905288028101e1ee0ba54ec70e04e2705f5e49da248,09/14/2022 03:50:00 PM,M,26.0,BICYCLE HELMET (PEDACYCLIST INVOLVED ONLY),WITH TRAFFIC,BIKE LANE,TEST NOT OFFERED,,30,CLEAR,DAYLIGHT,PEDALCYCLIST,NOT DIVIDED,STRAIGHT AND LEVEL,DRY,INJURY AND / OR TOW DUE TO CRASH,LOGAN BLVD,41.9302954586,-87.6858187416,POINT (-87.685818741592 41.930295458606)
O1419599,BICYCLE,af0687a1226782b8e318fb82245539be1bea459321f153ec4701c7ea58c0c9118d2ffcb6cafa7229d3a9e6cb8f59a907b920c23d0ba1629e209138eb3c99f3d9,09/14/2022 03:30:00 PM,M,,HELMET NOT USED,OTHER ACTION,IN CROSSWALK,,,20,CLEAR,DAYLIGHT,PEDALCYCLIST,ONE-WAY,STRAIGHT AND LEVEL,DRY,NO INJURY / DRIVE AWAY,KOSTNER AVE,41.9515673305,-87.7382426858,POINT (-87.738242685807 41.951567330459)
O1419889,BICYCLE,770dfee9535f925a9a8f325deaaf1574cab27b96f8fe15e385192ab6aeb084512600186a33cd869f786bbfbe8a770bb646ab604b277f2a9ff4259e8a4064ec95,09/14/2022 01:28:00 PM,M,22.0,BICYCLE HELMET (PEDACYCLIST INVOLVED ONLY),WITH TRAFFIC,BIKEWAY,TEST NOT OFFERED,,30,CLEAR,DAYLIGHT,PEDALCYCLIST,NOT DIVIDED,STRAIGHT AND LEVEL,DRY,INJURY AND / OR TOW DUE TO CRASH,LOOMIS ST,41.8380866401,-87.654313396,POINT (-87.654313395979 41.838086640109)
O1419392,BICYCLE,9ec581bbccab60ab41b0fbcec47d85f50234477d788dbad5bd40eb0088a418eb26499ae6cf827bcaec008dd524b39a7c809ffc813dc462080b057f7f54f09615,09/14/2022 11:55:00 AM,M,38.0,HELMET NOT USED,CROSSING - NO CONTROLS (NOT AT INTERSECTION),IN ROADWAY,TEST NOT OFFERED,,30,CLEAR,DAYLIGHT,PEDALCYCLIST,NOT DIVIDED,STRAIGHT AND LEVEL,DRY,INJURY AND / OR TOW DUE TO CRASH,ADDISON ST,41.9460729824,-87.7425592529,POINT (-87.742559252857 41.946072982408)
O1419241,BICYCLE,bf18f170a8fafd2c4d0f5fe3da5ffb0fe283fc1020be83af84a99a73e7c7d3f96bdf87e030a37b71a402d7e8f86cff6ee779e0f25009fcc26b8021f256bfb59b,09/14/2022 06:55:00 AM,M,15.0,HELMET NOT USED,WITH TRAFFIC,IN ROADWAY,TEST NOT OFFERED,,30,CLEAR,DAYLIGHT,PEDALCYCLIST,NOT DIVIDED,STRAIGHT AND LEVEL,DRY,INJURY AND / OR TOW DUE TO CRASH,KIMBALL AVE,41.9302057997,-87.7121042718,POINT (-87.712104271782 41.930205799674)
O1419152,BICYCLE,5a3dc2e1adabc4e6d3c3a6201c2166fcd9b419280094242c33b5f3d24f505fdefa841a592113944b71fcfb52de7d8ee3e57f5ece63561ee3a58c27f282c0f4d5,09/13/2022 10:29:00 PM,M,35.0,HELMET NOT USED,WITH TRAFFIC,IN ROADWAY,TEST NOT OFFERED,,30,CLEAR,"DARKNESS, LIGHTED ROAD",PEDALCYCLIST,NOT DIVIDED,STRAIGHT AND LEVEL,DRY,NO INJURY / DRIVE AWAY,HALSTED ST,41.9509654195,-87.6494771268,POINT (-87.649477126776 41.950965419545)
O1419069,BICYCLE,d918f7a84044cf0aa74f83494e057661b51753fd08495ff660ad29a8f923c36f1f6bd06b258691fcd8f154550ab66051eb487982a0f9fda541fd2c6a9e2b679f,09/13/2022 06:30:00 PM,M,,HELMET NOT USED,OTHER ACTION,IN ROADWAY,TEST NOT OFFERED,,30,CLEAR,DAYLIGHT,PEDALCYCLIST,NOT DIVIDED,STRAIGHT AND LEVEL,DRY,NO INJURY / DRIVE AWAY,LESSING ST,41.8967669573,-87.6509757334,POINT (-87.650975733403 41.896766957324)
O1419065,BICYCLE,8fb4b57676714d70f25d2d2da79f0156e2d8c9c424f257db60d8ae7c8dd7691e0d14f74573781efa131d6eb165f3dbc54974b66c24abbf140549da15d3852a0e,09/13/2022 06:10:00 PM,M,31.0,BICYCLE HELMET (PEDACYCLIST INVOLVED ONLY),WITH TRAFFIC,BIKE LANE,TEST NOT OFFERED,,35,CLEAR,DAYLIGHT,PEDALCYCLIST,OTHER,STRAIGHT AND LEVEL,DRY,NO INJURY / DRIVE AWAY,HALSTED ST,41.8612207324,-87.6468927343,POINT (-87.64689273431 41.861220732426)
O1419034,BICYCLE,dce540f086397e7fff3b3489ab3eada8f1aa82ce13a2c5feb83eecca59f6b35c21fb4ecc6b7a86384d2eb3adc6fa1b3652e49409e0fb3dd18dd4db7777444676,09/13/2022 05:47:00 PM,F,33.0,HELMET NOT USED,TURNING LEFT,IN ROADWAY,TEST NOT OFFERED,,20,CLEAR,DAYLIGHT,PEDALCYCLIST,FOUR WAY,STRAIGHT AND LEVEL,DRY,INJURY AND / OR TOW DUE TO CRASH,STATE ST,41.8200615599,-87.6265082241,POINT (-87.626508224077 41.820061559902)
O1418851,BICYCLE,fe6342063736009115ebfabae674ca019e06f78394c11fedc357cb3dd5f3ec1caabaf3afb5284a4e23378660931f577263b9e7c29569cb67cae332603ecd22c5,09/13/2022 03:22:00 PM,M,49.0,BICYCLE HELMET (PEDACYCLIST INVOLVED ONLY),CROSSING - WITH SIGNAL,IN CROSSWALK,TEST NOT OFFERED,,30,CLEAR,DAYLIGHT,PEDALCYCLIST,T-INTERSECTION,STRAIGHT AND LEVEL,DRY,INJURY AND / OR TOW DUE TO CRASH,ROOSEVELT RD,41.8673516348,-87.6406485768,POINT (-87.640648576774 41.867351634791)
O1418993,BICYCLE,d7f0f819709e6f63b1c2b387bef67addf80b6b77b33c3a9e52011a82146552fe53d0dc389d62471ab954b405d31e9ab80c286258d4e60e39fefef0308be20923,09/13/2022 02:45:00 PM,M,42.0,HELMET NOT USED,TURNING LEFT,IN ROADWAY,,,30,CLEAR,DAYLIGHT,PEDALCYCLIST,T-INTERSECTION,STRAIGHT AND LEVEL,DRY,INJURY AND / OR TOW DUE TO CRASH,ASHLAND AVE,41.9006361413,-87.6675651982,POINT (-87.667565198163 41.900636141311)
O1419027,BICYCLE,8f04af2165aaf701e27d182d4a2bdd895caa8c19c5bb719a674789e3fc81b8dcdd8793fc8fa707976fbde7a7b78250fdeb7eae4223b9ad8494f7d5043194dcb6,09/13/2022 02:15:00 PM,M,48.0,BICYCLE HELMET (PEDACYCLIST INVOLVED ONLY),WITH TRAFFIC,BIKE LANE,TEST NOT OFFERED,,30,CLEAR,DAYLIGHT,PEDALCYCLIST,NOT DIVIDED,STRAIGHT AND LEVEL,DRY,INJURY AND / OR TOW DUE TO CRASH,KEDZIE AVE,41.9938086072,-87.7090909248,POINT (-87.709090924821 41.993808607152)
O1418997,BICYCLE,0c580a8230f0b8360467b7d5073801827a3012db676c03ee05ec706d9e2bea3dabc10e0a2bfa623059075fa232fa35aa2a4e90e1e595f0ae867749041e85208f,09/13/2022 02:09:00 PM,M,64.0,BICYCLE HELMET (PEDACYCLIST INVOLVED ONLY),CROSSING - NO CONTROLS (AT INTERSECTION),IN CROSSWALK,TEST NOT OFFERED,,30,CLEAR,DAYLIGHT,PEDALCYCLIST,T-INTERSECTION,STRAIGHT AND LEVEL,DRY,INJURY AND / OR TOW DUE TO CRASH,47TH ST,41.8086840464,-87.650515903,POINT (-87.65051590304 41.808684046361)
O1417786,BICYCLE,a79c427b92f8f4ae67ab7fd168fdeb79ae7672a95eab8afffedd3b664fd36e92dd943f804918743f877700b81c48c2adfcc5d62d4b9c92a19767f1d9230bd735,09/12/2022 12:40:00 AM,M,34.0,BICYCLE HELMET (PEDACYCLIST INVOLVED ONLY),OTHER ACTION,IN ROADWAY,,,15,CLOUDY/OVERCAST,"DARKNESS, LIGHTED ROAD",PEDALCYCLIST,PARKING LOT,STRAIGHT AND LEVEL,WET,NO INJURY / DRIVE AWAY,ELSTON AVE,41.946057604,-87.7082301098,POINT (-87.708230109805 41.946057604016)
O1417790,BICYCLE,0502c28b9e0e99f621ca76afc705f43f55e1b5908adb73e98143d78035307cf51b3b9ea05e9eb6dea100e031405d1efc339760b8d1b9cf148391a9ee7721e3de,09/11/2022 11:20:00 PM,F,25.0,HELMET NOT USED,WITH TRAFFIC,IN ROADWAY,TEST NOT OFFERED,,30,CLEAR,"DARKNESS, LIGHTED ROAD",PEDALCYCLIST,ONE-WAY,STRAIGHT AND LEVEL,DRY,NO INJURY / DRIVE AWAY,ALBION AVE,42.0016493707,-87.6682855547,POINT (-87.668285554656 42.001649370732)
O1417567,BICYCLE,80bb7915006d91a0bb484e1b76ab4d24203887959e3c0779bb53913067fec37272194a514e56648f62ae4b30a8c435e0ecd4395c65fe3a826ae534f04a7b3afe,09/11/2022 04:30:00 PM,M,33.0,BICYCLE HELMET (PEDACYCLIST INVOLVED ONLY),OTHER ACTION,IN ROADWAY,TEST NOT OFFERED,,30,RAIN,DAYLIGHT,PEDALCYCLIST,ONE-WAY,STRAIGHT AND LEVEL,WET,INJURY AND / OR TOW DUE TO CRASH,BARRY AVE,41.9379696838,-87.6546912368,POINT (-87.65469123678 41.93796968377)