PERSON_ID,PERSON_TYPE,CRASH_RECORD_ID,CRASH_DATE_x,SEX,AGE,SAFETY_EQUIPMENT,PEDPEDAL_ACTION,PEDPEDAL_LOCATION,BAC_RESULT,CRASH_DATE_EST_I,POSTED_SPEED_LIMIT,WEATHER_CONDITION,LIGHTING_CONDITION,FIRST_CRASH_TYPE,TRAFFICWAY_TYPE,ALIGNMENT,ROADWAY_SURFACE_COND,CRASH_TYPE,STREET_NAME,LATITUDE,LONGITUDE,LOCATION
O1417270,BICYCLE,b1d2a4775508dbfb011af80869beb145f4bb13fa68a8dbd8f1f0758a57ea866fd25e3863b2df94f80fd19bbfe60aef4f23bd1246fdf7ea3f48c4a770ab8cb21b,09/11/2022 03:00:00 AM,M,,HELMET NOT USED,UNKNOWN/NA,IN ROADWAY,,,30,CLEAR,"DARKNESS, LIGHTED ROAD",PEDALCYCLIST,FOUR WAY,STRAIGHT AND LEVEL,DRY,NO INJURY / DRIVE AWAY,FULLERTON AVE,41.9245851005,-87.7093753921,POINT (-87.709375392053 41.924585100539)
O1417195,BICYCLE,a9d6661ba8820a1f3a04b3808381a56a42067af22646381cee2ee3f72c6eb94a80cd0a811be9642704cd8906a653a3e046c0d1d6230a5deb1178739538c97773,09/11/2022 12:31:00 AM,M,24.0,HELMET NOT USED,CROSSING - WITH SIGNAL,BIKE LANE,TEST NOT OFFERED,,30,CLEAR,"DARKNESS, LIGHTED ROAD",PEDALCYCLIST,FOUR WAY,STRAIGHT AND LEVEL,DRY,INJURY AND / OR TOW DUE TO CRASH,LAWRENCE AVE,41.9680455072,-87.7550764007,POINT (-87.755076400742 41.968045507172)
O1417179,BICYCLE,80e06b46bc634002f976a34dfc9062b60ab49952722c2f2c2c879f629810ba0ac900dedb3d5b7f279221e5a57b82834c7eeaa0eeeb632e99e36d1e5c6c8b912f,09/10/2022 11:44:00 PM,M,54.0,HELMET NOT USED,UNKNOWN/NA,IN ROADWAY,TEST NOT OFFERED,,30,CLEAR,"DARKNESS, LIGHTED ROAD",PEDALCYCLIST,FOUR WAY,STRAIGHT AND LEVEL,DRY,INJURY AND / OR TOW DUE TO CRASH,WESTERN AVE,41.7646089122,-87.6833870533,POINT (-87.683387053281 41.764608912236)
O1417133,BICYCLE,a89ea066b6842c9bcf9b610f6f790988c5d28a14e3b1f33af01b42b735535b406dfe2445ae89b58d1adefeca0f396ef7444ed3420edbac42f098ef6976d404a7,09/10/2022 08:32:00 PM,M,46.0,HELMET NOT USED,OTHER ACTION,BIKE LANE,TEST NOT OFFERED,,30,CLEAR,DAYLIGHT,PEDALCYCLIST,T-INTERSECTION,STRAIGHT AND LEVEL,DRY,INJURY AND / OR TOW DUE TO CRASH,WELLS ST,41.8765620984,-87.633539775,POINT (-87.633539774987 41.876562098386)
O1417100,BICYCLE,55de4fc30731a6b4041c3452b571ebeba665f7d6b54b3b80c1d391d2fda66c2d07e5066ac920fa4bfc1a98d34e6e3204784736be5a86bc38b1741d4a365c195d,09/10/2022 07:20:00 PM,X,,HELMET NOT USED,TURNING LEFT,IN ROADWAY,TEST NOT OFFERED,,30,CLEAR,"DARKNESS, LIGHTED ROAD",PEDALCYCLIST,FOUR WAY,STRAIGHT AND LEVEL,DRY,NO INJURY / DRIVE AWAY,BROADWAY,41.9611211101,-87.654565406,POINT (-87.654565406033 41.961121110127)
O1417093,BICYCLE,cfb3f232a0d2d3e6e7503945d8a850112184e04091cd57d1f03e0b6c22ca9c17365170654b86d37bc347585ad9ab87bf8217a93a2a260ec4cf9c404a3b6f76b4,09/10/2022 04:55:00 PM,F,28.0,HELMET NOT USED,CROSSING - WITH SIGNAL,BIKEWAY,TEST NOT OFFERED,,30,CLEAR,DAYLIGHT,PEDALCYCLIST,NOT DIVIDED,STRAIGHT AND LEVEL,DRY,INJURY AND / OR TOW DUE TO CRASH,HALSTED ST,41.8524944505,-87.6466382406,POINT (-87.646638240616 41.852494450547)
O1417152,BICYCLE,1a37e532cf8b6ba6b5305cc84e43b8f2ce708f013508b54a99412a06d8f5359ccadb167e522d1fd15403ea1e4804e7d4a0f057651fa8d0534705327b2431fcde,09/10/2022 04:46:00 PM,F,,BICYCLE HELMET (PEDACYCLIST INVOLVED ONLY),WITH TRAFFIC,BIKEWAY,,,35,CLEAR,DAYLIGHT,PEDALCYCLIST,NOT DIVIDED,STRAIGHT AND LEVEL,DRY,NO INJURY / DRIVE AWAY,DAMEN AVE,41.9119069189,-87.6776443048,POINT (-87.677644304848 41.91190691888)
O1416965,BICYCLE,af63015f810dd3e6ba99b779b6f3253901e699ba264510a074496464d3875722a9997ac932be2ad591fa6e9453a80fe036bf441677b1ec13fb01451493fd8611,09/10/2022 03:55:00 PM,F,75.0,HELMET NOT USED,CROSSING - WITH SIGNAL,IN CROSSWALK,TEST NOT OFFERED,,30,CLEAR,DAYLIGHT,PEDALCYCLIST,NOT REPORTED,STRAIGHT AND LEVEL,DRY,INJURY AND / OR TOW DUE TO CRASH,31ST ST,41.8383450002,-87.6317408727,POINT (-87.631740872716 41.838345000207)
O1416927,BICYCLE,8c44aeb51c69c84551c2aba8a4d0dae1a8dcd32d890a140cb8ed827113cba96dbf42d00c43996e492a645589b4195f3638e65b9093f3db3aaf94bc7333abcf15,09/10/2022 03:00:00 PM,M,30.0,BICYCLE HELMET (PEDACYCLIST INVOLVED ONLY),WITH TRAFFIC,IN ROADWAY,TEST NOT OFFERED,,30,CLEAR,DAYLIGHT,PEDALCYCLIST,PARKING LOT,STRAIGHT AND LEVEL,DRY,INJURY AND / OR TOW DUE TO CRASH,SHERIDAN RD,42.0078836441,-87.6615096163,POINT (-87.661509616323 42.007883644073)
O1416907,BICYCLE,7bd611a11c34ea8f38f80859c118d95a520cc15d30aefa7ab26a0ac24605e5db8d1e6ae7ef8274eeff99003c1e64d46b02d718c10fc5f409057cd0c39473c765,09/10/2022 02:50:00 PM,M,31.0,BICYCLE HELMET (PEDACYCLIST INVOLVED ONLY),WITH TRAFFIC,BIKE LANE,TEST NOT OFFERED,,30,CLEAR,DAYLIGHT,PEDALCYCLIST,FOUR WAY,STRAIGHT AND LEVEL,DRY,INJURY AND / OR TOW DUE TO CRASH,AUGUSTA BLVD,41.8997608828,-87.6710012937,POINT (-87.671001293743 41.899760882792)
O1416994,BICYCLE,8e36a0e71ab9ae7ffa6fabf79c9d6c210eba17dcb5c6328af32e6c045da75169805bee85f521dba91d412c9202fc372d09bbd0f32ac003ea00fb11cd89ba9cf3,09/10/2022 02:50:00 PM,M,12.0,HELMET NOT USED,CROSSING - AGAINST SIGNAL,IN ROADWAY,TEST NOT OFFERED,,30,CLEAR,DAYLIGHT,PEDALCYCLIST,NOT DIVIDED,STRAIGHT AND LEVEL,DRY,INJURY AND / OR TOW DUE TO CRASH,43RD ST,41.8163383967,-87.6429052729,POINT (-87.642905272944 41.816338396655)
O1416917,BICYCLE,0893b7c89efbb5c9f6fa60d1479ce4002f7f9666150c74a4f7701715681b87492c55ff25faf7e6f442aed5e3abfd68ae99cace68cd529f29d80aba14ef1b6481,09/10/2022 02:35:00 PM,M,39.0,BICYCLE HELMET (PEDACYCLIST INVOLVED ONLY),WITH TRAFFIC,IN ROADWAY,TEST NOT OFFERED,,25,CLEAR,DAYLIGHT,PEDALCYCLIST,DIVIDED - W/MEDIAN (NOT RAISED),STRAIGHT AND LEVEL,DRY,NO INJURY / DRIVE AWAY,CLARK ST,41.9826406831,-87.6687279874,POINT (-87.668727987448 41.982640683129)
O1416841,BICYCLE,a62569f045baa59f728bec743100ebd010a92640838c22f3e850dd9aa231443192732f2d8bdf8e68de4a6fc1be6ddcbed5fc2e248f250fd73ee9da4bdd5c037c,09/10/2022 01:07:00 PM,M,42.0,HELMET NOT USED,WITH TRAFFIC,IN ROADWAY,TEST NOT OFFERED,,30,CLEAR,DAYLIGHT,PEDALCYCLIST,DIVIDED - W/MEDIAN BARRIER,STRAIGHT AND LEVEL,DRY,INJURY AND / OR TOW DUE TO CRASH,ASHLAND AVE,41.8073850128,-87.6647931464,POINT (-87.664793146358 41.807385012806)
O1416811,BICYCLE,1bf40276aee9046e35e4f69a8111cff1143192657d4a202b9ffeff16afaa0790a7863c0c81e9051a0d3efef99ed3df9c22eedb512016bc185de11a62c0e56dbe,09/10/2022 12:35:00 PM,M,47.0,HELMET NOT USED,OTHER ACTION,IN CROSSWALK,TEST NOT OFFERED,,30,CLEAR,DAYLIGHT,PEDALCYCLIST,NOT DIVIDED,STRAIGHT ON GRADE,DRY,NO INJURY / DRIVE AWAY,UNION AVE,41.8671196607,-87.6452815,POINT (-87.645281499953 41.86711966073)
O1416774,BICYCLE,a958f918ed33ad8132e1b38d132297dadb651afbfa833e1c9b9ec4465ba8715431fe2cdb912a15be38d4158ad59bbbc0976b4a7886c400a6d2c3161fd5988dd3,09/10/2022 10:18:00 AM,F,,HELMET NOT USED,NO ACTION,BIKEWAY,TEST NOT OFFERED,,30,CLEAR,DAYLIGHT,PARKED MOTOR VEHICLE,DIVIDED - W/MEDIAN (NOT RAISED),STRAIGHT AND LEVEL,DRY,NO INJURY / DRIVE AWAY,LAWRENCE AVE,41.9687756464,-87.6853193316,POINT (-87.685319331622 41.968775646449)
O1416592,BICYCLE,c17cf1204062ade51583b692cc9dca6ff580fe142e2c21516921875c011519000ce3d4865445f2d8d6b3e85716bbf03feae191abc6c826694552bdbf54f4dc6f,09/09/2022 11:26:00 PM,F,60.0,HELMET NOT USED,UNKNOWN/NA,IN ROADWAY,TEST NOT OFFERED,,30,CLEAR,"DARKNESS, LIGHTED ROAD",PEDALCYCLIST,FOUR WAY,STRAIGHT AND LEVEL,UNKNOWN,INJURY AND / OR TOW DUE TO CRASH,ASHLAND AVE,41.9434323134,-87.6689127564,POINT (-87.668912756351 41.943432313398)
O1417315,BICYCLE,d615682ed62812264d05feed626153b8e28ce8c159a683558a442ddd7ddb446a3409b0e376d2915732977a5ba302bdb59fd90bbbdf32fd904edfc5bb62b627b7,09/09/2022 10:20:00 PM,F,25.0,HELMET NOT USED,UNKNOWN/NA,IN ROADWAY,TEST NOT OFFERED,,30,CLEAR,DAYLIGHT,PEDALCYCLIST,FOUR WAY,STRAIGHT AND LEVEL,DRY,INJURY AND / OR TOW DUE TO CRASH,DAMEN AVE,41.8813586172,-87.6767893912,POINT (-87.676789391216 41.881358617173)
O1416560,BICYCLE,ac898a1a26f29e4e68d8af403c6cea2d0047c98b03881be6ec97814a9e92feb0482b21004d4211c0d2243f2d24de34f1d84fa758abade303aaa032924dc1cdd4,09/09/2022 09:31:00 PM,M,44.0,HELMET NOT USED,WITH TRAFFIC,BIKEWAY,TEST NOT OFFERED,,30,CLEAR,"DARKNESS, LIGHTED ROAD",PEDALCYCLIST,DIVIDED - W/MEDIAN (NOT RAISED),STRAIGHT AND LEVEL,DRY,INJURY AND / OR TOW DUE TO CRASH,CLARK ST,41.9420253975,-87.6525243756,POINT (-87.65252437565 41.942025397486)
O1416476,BICYCLE,351880de8b831ab3c0d04dce37c8dc6552aa75a5b6676222b062f936e2ba305e7ad6303c71b74f4265bfd19e27ab3e1b400c58646119753b4f769448ec778be5,09/09/2022 07:12:00 PM,M,31.0,HELMET NOT USED,AGAINST TRAFFIC,IN ROADWAY,TEST NOT OFFERED,,30,CLEAR,DAYLIGHT,PEDALCYCLIST,ONE-WAY,STRAIGHT AND LEVEL,DRY,INJURY AND / OR TOW DUE TO CRASH,CLARK ST,41.8793804241,-87.630965957,POINT (-87.630965956951 41.879380424119)
O1472480,BICYCLE,d3edabb583a8bdc4380bf0e66f794d63af330cb16132cb0120ab7fd08aa8ebd469a4b6d49d49063a1452df5adef15c080be15a0882a455b1a5dfcd27b3c2ce52,09/09/2022 06:30:00 PM,F,43.0,HELMET NOT USED,WITH TRAFFIC,BIKE LANE,TEST NOT OFFERED,,30,CLEAR,DAYLIGHT,PEDALCYCLIST,UNKNOWN INTERSECTION TYPE,STRAIGHT AND LEVEL,DRY,INJURY AND / OR TOW DUE TO CRASH,MICHIGAN AVE,41.8831785838,-87.624250416,POINT (-87.624250416005 41.88317858382)
O1419772,BICYCLE,3cf885dfcce2a6c5ddf4c850748c1c929d3374026cab0fe94d5915fef47ace7e1d109110de01b76b0cbebdf7e5a45058abb281f5b346f2a39ea586521292bd1b,09/09/2022 05:25:00 PM,M,,HELMET NOT USED,NOT AT INTERSECTION,IN CROSSWALK,TEST NOT OFFERED,,30,CLEAR,DAYLIGHT,PEDALCYCLIST,T-INTERSECTION,STRAIGHT AND LEVEL,DRY,NO INJURY / DRIVE AWAY,WRIGHTWOOD AVE,41.9281613791,-87.7318417459,POINT (-87.731841745924 41.928161379067)
O1416318,BICYCLE,6773acfff60ed3b225b0ea6e982c5e4b1b441e027dddfba9d28c3856c6cf216d271a873deba34051bd5b05485d77d6a0cef0b724810ef278ab25343a2edbd72e,09/09/2022 04:40:00 PM,M,17.0,HELMET NOT USED,WITH TRAFFIC,NOT IN ROADWAY,TEST NOT OFFERED,,30,CLEAR,DAYLIGHT,PEDALCYCLIST,OTHER,STRAIGHT AND LEVEL,OTHER,NO INJURY / DRIVE AWAY,51ST ST,41.8013171696,-87.6765408131,POINT (-87.676540813088 41.80131716959)
O1416338,BICYCLE,7d6e9aa2374001f7fccf0bcc28a6e721b5f17b277a70809f0a04528a53652c0932d214961123e1e18c0e52f46dce35eb784c7f18b34af3cfad9f74f2e1714587,09/09/2022 03:55:00 PM,F,11.0,BICYCLE HELMET (PEDACYCLIST INVOLVED ONLY),CROSSING - NO CONTROLS (AT INTERSECTION),IN CROSSWALK,TEST NOT OFFERED,Y,10,CLEAR,DAYLIGHT,PEDALCYCLIST,NOT DIVIDED,STRAIGHT AND LEVEL,DRY,INJURY AND / OR TOW DUE TO CRASH,AUSTIN AVE,41.9829946715,-87.7778896858,POINT (-87.777889685767 41.982994671514)
O1416217,BICYCLE,0de7b1fe11ff8dce83b50d89d902dbb887c5c009e8fbe8dfeca7640b743dae860020132323061aa068d7920ed3e4a9fc90d5f6025faf84b1ebc1891b34035676,09/09/2022 03:30:00 PM,M,,HELMET NOT USED,UNKNOWN/NA,IN ROADWAY,TEST NOT OFFERED,,30,CLEAR,DAYLIGHT,PEDALCYCLIST,NOT DIVIDED,STRAIGHT AND LEVEL,DRY,NO INJURY / DRIVE AWAY,PETERSON AVE,41.9905241326,-87.7043157941,POINT (-87.704315794102 41.990524132595)
O1417155,BICYCLE,4d3d0c16cb0caccd38d921855d94088c901e60e1ef146875096095b55f154b960707ec3f38d97cd9aae37e95860a8c9fa7c7117d5bdb1d5d9763f97236d076da,09/09/2022 02:55:00 PM,F,38.0,BICYCLE HELMET (PEDACYCLIST INVOLVED ONLY),OTHER ACTION,IN ROADWAY,TEST NOT OFFERED,,30,CLEAR,DAYLIGHT,PEDALCYCLIST,OTHER,STRAIGHT AND LEVEL,DRY,NO INJURY / DRIVE AWAY,WESTERN AVE,41.9697501371,-87.6890893352,POINT (-87.689089335239 41.96975013715)
O1416226,BICYCLE,c52b05c65caaab7080ec1ac03ac79d96b6ca6745a5d14b673d94793c38d85b0410853fae0b4414ea1604adfbb2a5ff6cb10f812fedc992628a82ed2c0263cac3,09/09/2022 02:30:00 PM,M,15.0,HELMET NOT USED,OTHER ACTION,UNKNOWN/NA,TEST NOT OFFERED,,30,CLEAR,DAYLIGHT,PEDALCYCLIST,DIVIDED - W/MEDIAN (NOT RAISED),STRAIGHT AND LEVEL,DRY,INJURY AND / OR TOW DUE TO CRASH,MOZART ST,41.9859530148,-87.7000583893,POINT (-87.700058389284 41.98595301482)
O1416131,BICYCLE,18753b349dc985f9ba52a5950ef8ef87438378a204e116a900658ff58e1ab137d0146b34adda1fa772f862dbbbdd9c34561ea01990ddeadb8984fe5d0c0f6244,09/09/2022 07:40:00 AM,M,15.0,HELMET NOT USED,CROSSING - NO CONTROLS (AT INTERSECTION),IN ROADWAY,TEST NOT OFFERED,,30,CLEAR,DAYLIGHT,PEDALCYCLIST,TRAFFIC ROUTE,STRAIGHT AND LEVEL,DRY,INJURY AND / OR TOW DUE TO CRASH,DAMEN AVE,41.8011865425,-87.6746521808,POINT (-87.674652180779 41.801186542509)
O1416852,BICYCLE,079fd0d788b847dac8ac1723338558fe1f3a08e74c2c2592fd5aeaba0d83688e90821b3b90ea0228c7694ed215083827f4aa130dc7c0e860fbff74a27df70c93,09/09/2022 04:00:00 AM,M,28.0,HELMET NOT USED,WITH TRAFFIC,BIKE LANE,TEST NOT OFFERED,,30,CLEAR,DAYLIGHT,PEDALCYCLIST,NOT DIVIDED,STRAIGHT AND LEVEL,DRY,NO INJURY / DRIVE AWAY,MILWAUKEE AVE,41.8996762894,-87.6604924397,POINT (-87.660492439723 41.8996762894)
O1415861,BICYCLE,7c83ba86ae90bccafecb87b36f35e10430c0198c95a5ebea34ca0777039f0f52fe4166f3bf432e4552ab6f16b9cc73e5f70ee27cab041afcc91a51d58c75adfe,09/08/2022 11:00:00 PM,M,64.0,HELMET NOT USED,WITH TRAFFIC,IN ROADWAY,TEST NOT OFFERED,N,25,CLEAR,"DARKNESS, LIGHTED ROAD",PEDALCYCLIST,NOT DIVIDED,STRAIGHT AND LEVEL,DRY,INJURY AND / OR TOW DUE TO CRASH,61ST ST,41.7840097731,-87.614785745,POINT (-87.614785744964 41.784009773056)
O1415803,BICYCLE,f64666b70d7a65382d20d799d0de481e0696364d4aa4617d055931f23df03d34aac9ad42da9745cadb0efd966e62890c7cd8d8097b52ac3ec6a9c8dcc89170b8,09/08/2022 08:47:00 PM,M,61.0,HELMET NOT USED,WITH TRAFFIC,BIKE LANE,TEST NOT OFFERED,,30,CLEAR,"DARKNESS, LIGHTED ROAD",PEDALCYCLIST,FOUR WAY,STRAIGHT AND LEVEL,DRY,INJURY AND / OR TOW DUE TO CRASH,DIVISION ST,41.9027937361,-87.7249311028,POINT (-87.724931102777 41.902793736089)
O1415807,BICYCLE,09e7f67e3b15c03ce3616acdeed9f14828430f99fb382d78314322aaa11cf60753259cf837275449aca9d23598754e875a8cd4d886fb47b6ca289c11d8591df2,09/08/2022 08:00:00 PM,M,49.0,BICYCLE HELMET (PEDACYCLIST INVOLVED ONLY),STANDING IN ROADWAY,IN ROADWAY,TEST NOT OFFERED,,30,CLEAR,DARKNESS,PEDALCYCLIST,DIVIDED - W/MEDIAN (NOT RAISED),STRAIGHT AND LEVEL,SNOW OR SLUSH,INJURY AND / OR TOW DUE TO CRASH,CLARK ST,41.9544324414,-87.6624462591,POINT (-87.662446259141 41.954432441417)
O1415810,BICYCLE,aff10ed3bd63b1a11c5da235247b33832db2c3d237ead8a6c4f02214fe2a6e04246ba610b44b931ec1c956c8d488e6b5b25cccddb2805d804bc2d44fdc11e33f,09/08/2022 07:55:00 PM,M,,BICYCLE HELMET (PEDACYCLIST INVOLVED ONLY),STANDING IN ROADWAY,BIKEWAY,TEST NOT OFFERED,,30,CLEAR,"DARKNESS, LIGHTED ROAD",PEDALCYCLIST,OTHER,STRAIGHT AND LEVEL,DRY,INJURY AND / OR TOW DUE TO CRASH,MILWAUKEE AVE,41.9381165839,-87.7220122351,POINT (-87.722012235064 41.938116583931)
O1415741,BICYCLE,f4cad19304c7732a0261bbf21e8e5af6b43232de0d627564cfc15f864c690a6c95aade5d7c4532a0ad2349e9a5d940f03adb0834615d8ebd6e31e79aa51c7953,09/08/2022 07:05:00 PM,M,,BICYCLE HELMET (PEDACYCLIST INVOLVED ONLY),UNKNOWN/NA,BIKEWAY,TEST NOT OFFERED,,20,CLEAR,DAYLIGHT,PEDALCYCLIST,PARKING LOT,STRAIGHT AND LEVEL,DRY,INJURY AND / OR TOW DUE TO CRASH,LA SALLE DR,41.913360766,-87.6261981563,POINT (-87.626198156294 41.913360765995)
O1415696,BICYCLE,abb490b3b91257655f323a0297d64471ddc9cdb7406c53e501bfb881dd934b12e08e965d9bd077c8d0e6998022d94ce815bdcfff5085a33ec4d2d051623afca8,09/08/2022 04:38:00 PM,M,36.0,BICYCLE HELMET (PEDACYCLIST INVOLVED ONLY),CROSSING - NO CONTROLS (AT INTERSECTION),IN ROADWAY,TEST NOT OFFERED,,30,CLEAR,DAYLIGHT,PEDALCYCLIST,NOT DIVIDED,STRAIGHT AND LEVEL,DRY,INJURY AND / OR TOW DUE TO CRASH,ASHLAND AVE,41.948724543,-87.6687580396,POINT (-87.668758039572 41.948724542964)
O1415539,BICYCLE,da0ebbe9bb7142377c6f8c8376fca12bedea5f3a906697324673a4bc6f346bfeca21230d12012db9c902c2fd2e1defcd08e4c8b2d0f546ab4b0b73fcf17dd68d,09/08/2022 03:02:00 PM,F,24.0,HELMET NOT USED,OTHER ACTION,NOT IN ROADWAY,TEST NOT OFFERED,,30,CLEAR,DAYLIGHT,PEDALCYCLIST,ALLEY,STRAIGHT AND LEVEL,DRY,INJURY AND / OR TOW DUE TO CRASH,LAVERGNE AVE,41.9466115823,-87.7521860553,POINT (-87.752186055337 41.946611582296)
O1415589,BICYCLE,381a93ba7f9653a8417fc815d7107c56245f1ec35e561f2af8d35cae67c766c924e19ca3e93909afce1dce58d3e0d4e620ac715cebe24b08213188b718a7edf3,09/08/2022 02:45:00 PM,F,21.0,HELMET NOT USED,NO ACTION,BIKE LANE,TEST NOT OFFERED,,30,CLEAR,DAYLIGHT,PEDALCYCLIST,FOUR WAY,STRAIGHT AND LEVEL,DRY,NO INJURY / DRIVE AWAY,HUBBARD ST,41.8898339228,-87.6769997238,POINT (-87.676999723815 41.889833922823)
O1415549,BICYCLE,b5b099223fafaa491a7857c27fac3db4142e7e15da7860ee27ad73c657f28cdb5d4bf10bf8d799d6ed38852125a7f55c6f439e4f3cd4ef6ca1498d7e29802013,09/08/2022 02:31:00 PM,M,38.0,BICYCLE HELMET (PEDACYCLIST INVOLVED ONLY),CROSSING - WITH SIGNAL,IN ROADWAY,TEST NOT OFFERED,,30,CLEAR,DAYLIGHT,PEDALCYCLIST,FOUR WAY,STRAIGHT AND LEVEL,DRY,INJURY AND / OR TOW DUE TO CRASH,WILSON AVE,41.9653418602,-87.6694301319,POINT (-87.669430131885 41.96534186021)
O1415386,BICYCLE,253e4801a059bc82a7c31c91fdadb6cc760e2e9e6a2a8d9796dc7e6fd57d6ef29b6ad10f04a4440508f8a74f1c362a14e90c9e11851b296b9c1b74c43718c88e,09/08/2022 11:00:00 AM,M,55.0,BICYCLE HELMET (PEDACYCLIST INVOLVED ONLY),NO ACTION,IN ROADWAY,TEST NOT OFFERED,,30,CLEAR,DAYLIGHT,PEDALCYCLIST,DRIVEWAY,STRAIGHT AND LEVEL,DRY,INJURY AND / OR TOW DUE TO CRASH,SHERIDAN RD,41.955631992,-87.6547236524,POINT (-87.6547236524 41.955631992033)
O1415387,BICYCLE,c10708b83ad0311ebbc4f0c21a25e3462c986fb03aee9e6d2c8351bab07dd1e71340dee88a59a7120c20f9ee2abd82c3a8b5c008fee3c122e05c68f9073216db,09/08/2022 10:50:00 AM,M,,BICYCLE HELMET (PEDACYCLIST INVOLVED ONLY),WITH TRAFFIC,IN ROADWAY,TEST NOT OFFERED,,30,CLEAR,DAYLIGHT,PEDALCYCLIST,NOT DIVIDED,STRAIGHT AND LEVEL,DRY,NO INJURY / DRIVE AWAY,CALIFORNIA AVE,41.9157610232,-87.6972958109,POINT (-87.697295810855 41.915761023246)
O1415418,BICYCLE,e90b2254cf716f7006a6e696615c2a4bea29f9b0098db60b31f07c439fbad18f3d0b5b976c8cbf1f292ed94223f3573c7647d4736d9881eb7834a2067e6ddee2,09/08/2022 10:40:00 AM,M,60.0,HELMET NOT USED,OTHER ACTION,DRIVEWAY ACCESS,TEST NOT OFFERED,,30,CLEAR,DAYLIGHT,PEDALCYCLIST,PARKING LOT,STRAIGHT AND LEVEL,DRY,NO INJURY / DRIVE AWAY,LAKE PARK AVE,41.7965634515,-87.587474479,POINT (-87.587474478962 41.796563451536)
O1415321,BICYCLE,e8170ce08188ec096bb3e12bda887c3480ec26cb7d20e30eec399f563dd0dd08b908daa4551e18008803b42a42aceb381e93f45d8956040ce8f919deb7113382,09/08/2022 07:40:00 AM,M,,HELMET NOT USED,CROSSING - NO CONTROLS (NOT AT INTERSECTION),IN ROADWAY,TEST NOT OFFERED,,25,CLEAR,DAYLIGHT,PEDALCYCLIST,NOT DIVIDED,STRAIGHT AND LEVEL,DRY,NO INJURY / DRIVE AWAY,OLYMPIA AVE,42.0019534598,-87.8137105918,POINT (-87.813710591755 42.001953459829)
O1415108,BICYCLE,4bf3aa96eca713947f2bd07e8f381b9ad4efe612dc78bbe15f8a8bfefebbc87a4ee44fc335dfc4e620130bfcfc1c76384d62581f02a41fe350177301715bb543,09/07/2022 09:40:00 PM,M,40.0,HELMET NOT USED,CROSSING - WITH SIGNAL,BIKEWAY,TEST NOT OFFERED,,30,CLEAR,"DARKNESS, LIGHTED ROAD",PEDALCYCLIST,"FIVE POINT, OR MORE",STRAIGHT AND LEVEL,DRY,NO INJURY / DRIVE AWAY,HALSTED ST,41.8912407158,-87.6474713674,POINT (-87.647471367368 41.891240715779)
O1415334,BICYCLE,be8d85640834f5c9d88c57fd98317b83ff0056b6f96e9486e6808e4d8384f1239d3bd7ed311c4acf563039d77251a92b16ce93c385d134b892e8bd8311d3d1ae,09/07/2022 07:30:00 PM,M,,HELMET NOT USED,WITH TRAFFIC,IN ROADWAY,,,30,CLEAR,"DARKNESS, LIGHTED ROAD",PEDALCYCLIST,NOT DIVIDED,STRAIGHT AND LEVEL,DRY,NO INJURY / DRIVE AWAY,CLARK ST,41.9741766284,-87.6683332086,POINT (-87.668333208618 41.974176628448)
O1415342,BICYCLE,686be5a4815c63b12d1cb9c75f734f4438949e3354a7aade562a2a51b342b99e82c9a5e8630f9398789120f11b9d5c41ca94630b4d2efb3026ae9112f887d394,09/07/2022 06:14:00 PM,M,,HELMET NOT USED,CROSSING - NO CONTROLS (NOT AT INTERSECTION),IN ROADWAY,TEST NOT OFFERED,,30,CLEAR,DAYLIGHT,PEDALCYCLIST,DIVIDED - W/MEDIAN (NOT RAISED),STRAIGHT AND LEVEL,DRY,NO INJURY / DRIVE AWAY,BELMONT AVE,41.9379771975,-87.8201284482,POINT (-87.820128448211 41.937977197477)
O1415530,NON-MOTOR VEHICLE,335717a5bce3b05d9ec9a37a9017762ee29ee9aa1e327a14a3ba97189f041576a59b74e54a212dec3ff684cbdc7a59c91e87021e8bd948a1881e6cd22d398cd1,09/07/2022 06:00:00 PM,X,,NONE PRESENT,UNKNOWN/NA,UNKNOWN/NA,TEST NOT OFFERED,,30,CLEAR,DAYLIGHT,OTHER OBJECT,NOT DIVIDED,STRAIGHT AND LEVEL,DRY,INJURY AND / OR TOW DUE TO CRASH,87TH ST,41.7368447881,-87.5986382639,POINT (-87.598638263939 41.736844788063)
O1415912,BICYCLE,609e4df9529382aecc1c3e199abcba7edc7bab05757017365e57592e955058e062434c93ee2271f636bb8a21e84dafa7e27c89f0bededd48720684c8ae2d6eeb,09/07/2022 05:45:00 PM,M,49.0,HELMET NOT USED,WITH TRAFFIC,IN ROADWAY,TEST NOT OFFERED,,20,CLEAR,DAYLIGHT,PEDALCYCLIST,NOT DIVIDED,STRAIGHT AND LEVEL,DRY,NO INJURY / DRIVE AWAY,BYRON ST,41.9518096805,-87.7394093032,POINT (-87.73940930324 41.951809680516)
O1415719,BICYCLE,965975b8dcb628097051087057b5cb3386e14caf3a3e276520420b755cc16e814be4c54253dd25e59a3891d7792c5900475bd50033aa5e70a97a70342c5d6428,09/07/2022 04:50:00 PM,M,,BICYCLE HELMET (PEDACYCLIST INVOLVED ONLY),UNKNOWN/NA,UNKNOWN/NA,TEST NOT OFFERED,,30,CLEAR,DAYLIGHT,PEDALCYCLIST,FOUR WAY,STRAIGHT AND LEVEL,DRY,INJURY AND / OR TOW DUE TO CRASH,BALBO DR,41.8731062401,-87.6204256289,POINT (-87.620425628917 41.873106240083)