PERSON_ID,PERSON_TYPE,CRASH_RECORD_ID,CRASH_DATE_x,SEX,AGE,SAFETY_EQUIPMENT,PEDPEDAL_ACTION,PEDPEDAL_LOCATION,BAC_RESULT,CRASH_DATE_EST_I,POSTED_SPEED_LIMIT,WEATHER_CONDITION,LIGHTING_CONDITION,FIRST_CRASH_TYPE,TRAFFICWAY_TYPE,ALIGNMENT,ROADWAY_SURFACE_COND,CRASH_TYPE,STREET_NAME,LATITUDE,LONGITUDE,LOCATION
O1414929,BICYCLE,136b6df662d6900798d4dacd6abb4450adf1c0af8e4de90a30cf91256779bdf63eec7dcf708ce83b677e174cea0402b9c6dacd2622544f96b7bc3ad76ff8ee64,09/07/2022 04:19:00 PM,M,19.0,HELMET NOT USED,CROSSING - NO CONTROLS (AT INTERSECTION),IN ROADWAY,TEST NOT OFFERED,,30,CLEAR,DAYLIGHT,PEDALCYCLIST,DIVIDED - W/MEDIAN BARRIER,STRAIGHT AND LEVEL,DRY,INJURY AND / OR TOW DUE TO CRASH,MICHIGAN AVE,41.8893542519,-87.6241024562,POINT (-87.624102456243 41.889354251928)
O1414835,BICYCLE,02f44ad6d2d8c81d4d6414347f27586bf53ae6c60aca7e054b480dd3474eaac137032493c3f03665d15e378c619b851290fe7b5c1dfe5e45ecb74a83ce047bda,09/07/2022 03:45:00 PM,M,53.0,BICYCLE HELMET (PEDACYCLIST INVOLVED ONLY),WITH TRAFFIC,BIKE LANE,TEST NOT OFFERED,,30,CLEAR,DAYLIGHT,PEDALCYCLIST,NOT DIVIDED,STRAIGHT AND LEVEL,DRY,INJURY AND / OR TOW DUE TO CRASH,BRYN MAWR AVE,41.9830386004,-87.6937365597,POINT (-87.69373655971 41.98303860044)
O1414815,BICYCLE,885ddf448aeb3c39e5697d7e9460c2da8d7f6be2cbdad50e62f6b0f2d169803c58f22161b7c00929544294893250e9eaf8efe9ea9a22abcf42651b9417cf3e6b,09/07/2022 01:45:00 PM,F,37.0,BICYCLE HELMET (PEDACYCLIST INVOLVED ONLY),TURNING RIGHT,IN ROADWAY,TEST NOT OFFERED,,30,CLEAR,DAYLIGHT,PEDALCYCLIST,FOUR WAY,STRAIGHT AND LEVEL,DRY,INJURY AND / OR TOW DUE TO CRASH,STONY ISLAND AVE,41.7805253951,-87.5866029955,POINT (-87.586602995543 41.780525395052)
O1414557,BICYCLE,49ef378ec9cda177947e71c07a87f0fe6ad4c12cece26e9d33b7939cb1fdcdcc82032f367856dbceb82256b13772f6b34594aee29b8d37181ed5f3108769cf82,09/07/2022 09:00:00 AM,M,,BICYCLE HELMET (PEDACYCLIST INVOLVED ONLY),NOT AT INTERSECTION,IN ROADWAY,TEST NOT OFFERED,,30,CLEAR,DAYLIGHT,PEDALCYCLIST,DIVIDED - W/MEDIAN (NOT RAISED),STRAIGHT AND LEVEL,DRY,INJURY AND / OR TOW DUE TO CRASH,CLARK ST,41.9980876159,-87.6707468271,POINT (-87.670746827123 41.998087615915)
O1415798,NON-MOTOR VEHICLE,aff3ef621ac07a65e07b9412a7bd090b624562524667b094a843368f75c0ce4235d0c743c9ccedbfdcc6a00f03c601428f7d292030dd9ad801f308ad5ee35503,09/07/2022 08:47:00 AM,F,22.0,USAGE UNKNOWN,TURNING LEFT,IN ROADWAY,TEST NOT OFFERED,Y,30,CLEAR,DAYLIGHT,OTHER OBJECT,ONE-WAY,STRAIGHT ON GRADE,DRY,INJURY AND / OR TOW DUE TO CRASH,JACKSON BLVD,41.8779173322,-87.6409933152,POINT (-87.640993315164 41.877917332176)
O1414518,BICYCLE,e5215c1b60ab0ec28ef3db413844a29d0113ddfa844bfa533f939b7e8c6c554dfca3d55f87905e866624f4a792e29f46db09d846b4663a06222f6fb5dea04be0,09/07/2022 08:20:00 AM,F,22.0,HELMET NOT USED,TURNING RIGHT,BIKEWAY,TEST NOT OFFERED,,30,CLEAR,DAYLIGHT,PEDALCYCLIST,FOUR WAY,STRAIGHT AND LEVEL,DRY,INJURY AND / OR TOW DUE TO CRASH,RANDOLPH ST,41.8845772195,-87.6244036339,POINT (-87.62440363391 41.884577219487)
O1414497,BICYCLE,eb93de8b6a910c899c901c4d8f53d40614eed5f8d802982c56ebbb288a15339b7de4d98e92046806fa6cd284c66b91d5e4c63a02508e645997aa05ba76c766cb,09/07/2022 08:10:00 AM,M,17.0,HELMET NOT USED,WITH TRAFFIC,IN ROADWAY,TEST NOT OFFERED,,20,CLEAR,DAYLIGHT,PEDALCYCLIST,ONE-WAY,STRAIGHT AND LEVEL,DRY,INJURY AND / OR TOW DUE TO CRASH,SUPERIOR ST,41.8950351879,-87.6679872363,POINT (-87.6679872363 41.895035187865)
O1414442,BICYCLE,230a640b654b48c3f82e495fc5f1a228ead8846fce007584c9e97347a01c8d7153fe785c1e0c5e3468ae9fab181d86b394e221deb29be30c71dcf592a6585159,09/07/2022 05:25:00 AM,M,59.0,HELMET NOT USED,CROSSING - WITH SIGNAL,IN CROSSWALK,TEST NOT OFFERED,,30,CLEAR,DAWN,PEDALCYCLIST,T-INTERSECTION,STRAIGHT AND LEVEL,DRY,INJURY AND / OR TOW DUE TO CRASH,OGDEN AVE,41.8475777077,-87.7343843448,POINT (-87.734384344751 41.847577707741)
O1414420,NON-MOTOR VEHICLE,edcb77042906882df18333de890f2468064741a228bb3d3dc68c9ba504ed429d1eeaa33d27970577e3356b0d7f7c01eb2923550cfb6f7638481df19260da3085,09/06/2022 06:39:00 PM,M,16.0,NONE PRESENT,NO ACTION,IN ROADWAY,,,30,CLEAR,DAYLIGHT,OTHER OBJECT,CENTER TURN LANE,STRAIGHT AND LEVEL,DRY,NO INJURY / DRIVE AWAY,ASHLAND AVE,41.9578608483,-87.6690030482,POINT (-87.669003048189 41.957860848344)
O1414123,BICYCLE,eaffe886bf7ea49830ba33932a229a93ca7f64435e55c55d43d47ac3beffde696461d03d849d9bdc32df6c113cd8f485287ef206915043e01c157612d0a63d3b,09/06/2022 03:59:00 PM,M,28.0,HELMET NOT USED,UNKNOWN/NA,IN ROADWAY,TEST REFUSED,,30,CLEAR,DAYLIGHT,PEDALCYCLIST,NOT DIVIDED,STRAIGHT AND LEVEL,DRY,NO INJURY / DRIVE AWAY,PULASKI RD,41.9731024511,-87.7283100893,POINT (-87.728310089265 41.973102451135)
O1414266,BICYCLE,bea77d86ba45f04bc345c82d23b25ffa1de2383c6bbf47e455ae6c1a3921ed993d4d40565621282a21ed71f95394f7f8515e9ff333edaf72225953f8306f100c,09/06/2022 03:30:00 PM,M,48.0,HELMET NOT USED,CROSSING - NO CONTROLS (AT INTERSECTION),UNKNOWN/NA,TEST NOT OFFERED,,30,CLEAR,DAYLIGHT,PEDALCYCLIST,NOT DIVIDED,STRAIGHT AND LEVEL,DRY,INJURY AND / OR TOW DUE TO CRASH,NORTH AVE,41.9095028766,-87.7643393102,POINT (-87.764339310215 41.90950287656)
O1413746,NON-MOTOR VEHICLE,6bc252261389f1dff5ea3c362b5f70392b22065f9172aea0521860a19c73b983314c1f6858cb36c76537428ed5d871f1ca8fe093d6e09c2b35046a6c6628e396,09/06/2022 02:49:00 AM,,,,,,,,25,CLEAR,"DARKNESS, LIGHTED ROAD",TRAIN,NOT DIVIDED,STRAIGHT AND LEVEL,"SAND, MUD, DIRT",INJURY AND / OR TOW DUE TO CRASH,INDIANA AVE,41.6707450702,-87.6172256299,POINT (-87.617225629868 41.670745070247)
O1413637,BICYCLE,89e8b813ec79a37fb0d8a27325cf9840a8bf98f3c905e1440e07b99dd476d8ad079b7f3c1bf62d0d6baf664eb3b8483c725c44119d35f1e5e542bf6ee4b0e5a9,09/05/2022 07:38:00 PM,M,57.0,HELMET NOT USED,WITH TRAFFIC,IN ROADWAY,TEST NOT OFFERED,,30,CLEAR,DARKNESS,PEDALCYCLIST,NOT DIVIDED,STRAIGHT AND LEVEL,DRY,INJURY AND / OR TOW DUE TO CRASH,FULLERTON AVE,41.9244610186,-87.7380813927,POINT (-87.738081392693 41.924461018624)
O1413596,BICYCLE,449bc9126025fb01fac77ad9eba28879891f941ab637f611e7d827282a523b9604e0c4763fd3f5804bdfeaff9ecf62bfe2a736d8f6480dab1d86061fdd72645a,09/05/2022 05:45:00 PM,M,,HELMET NOT USED,AGAINST TRAFFIC,IN ROADWAY,TEST NOT OFFERED,,30,CLOUDY/OVERCAST,DAYLIGHT,PEDALCYCLIST,T-INTERSECTION,STRAIGHT AND LEVEL,UNKNOWN,INJURY AND / OR TOW DUE TO CRASH,WESTERN AVE,42.0027478389,-87.6901599728,POINT (-87.690159972758 42.002747838943)
O1413570,BICYCLE,c9925b17e68c0b8526757b3f13ba62d2d49b567640ae916b73ce42f0f9b670e9c82dadbfafb9738eb64ef597c693a9a3666b8d78c2d40aaa61422cf91c4c9c5b,09/05/2022 04:40:00 PM,F,29.0,BICYCLE HELMET (PEDACYCLIST INVOLVED ONLY),CROSSING - WITH SIGNAL,BIKE LANE,TEST NOT OFFERED,,30,CLEAR,DAYLIGHT,PEDALCYCLIST,NOT DIVIDED,STRAIGHT AND LEVEL,DRY,INJURY AND / OR TOW DUE TO CRASH,AUGUSTA BLVD,41.8995779487,-87.6819271853,POINT (-87.681927185349 41.899577948652)
O1413382,BICYCLE,17957d198cac4586b7dcdedbf3d7fbf98afbe31284e7e0e0ce44151836b79b2c0cfefb88b255321a61a6166d80cbe3279f3caee0ca22d3b61434eee9d8fa853a,09/05/2022 11:30:00 AM,F,22.0,BICYCLE HELMET (PEDACYCLIST INVOLVED ONLY),WITH TRAFFIC,IN ROADWAY,,,30,CLEAR,DAYLIGHT,PEDALCYCLIST,NOT DIVIDED,STRAIGHT AND LEVEL,DRY,INJURY AND / OR TOW DUE TO CRASH,FULLERTON PKWY,41.9257013369,-87.6400050287,POINT (-87.640005028694 41.925701336947)
O1423879,BICYCLE,4b47c074fe9b7006c6b439b556129c949289a4b00acff1a412bab56b36c6aa6e006388c95b79bc8697ac1581c92b556bdaea40f93e38587fc857d9afb0e1de39,09/05/2022 10:15:00 AM,M,17.0,HELMET NOT USED,WITH TRAFFIC,IN ROADWAY,TEST NOT OFFERED,,35,CLEAR,DAYLIGHT,PEDALCYCLIST,NOT DIVIDED,STRAIGHT AND LEVEL,DRY,INJURY AND / OR TOW DUE TO CRASH,GRAND AVE,41.9106438013,-87.7374166293,POINT (-87.737416629265 41.910643801316)
O1413237,BICYCLE,140d4aa4c661cb491eb7c87277e7b55306df0e96bee7e8d608502aa8e4f5aaaa004c258747e3b9a3b1f875498ddaae470f73bfe88e0a0365c179957aacceb87a,09/05/2022 12:50:00 AM,M,48.0,HELMET NOT USED,CROSSING - CONTROLS PRESENT (NOT AT INTERSECTION),IN ROADWAY,TEST NOT OFFERED,,30,CLEAR,"DARKNESS, LIGHTED ROAD",PEDALCYCLIST,NOT DIVIDED,STRAIGHT AND LEVEL,DRY,INJURY AND / OR TOW DUE TO CRASH,CHICAGO AVE,41.8953172957,-87.719910339,POINT (-87.71991033903 41.895317295733)
O1413225,BICYCLE,69f869d1dbb77c1979a8b97e7c432be68b0a6151bce2c6072faac14a980fc0eb6088be34bc348ab153c28f61f209a142ab9ddb44cf9660cf243287f53e481ecf,09/05/2022 12:23:00 AM,M,20.0,HELMET NOT USED,CROSSING - CONTROLS PRESENT (NOT AT INTERSECTION),SHOULDER,TEST NOT OFFERED,,30,CLEAR,"DARKNESS, LIGHTED ROAD",PEDALCYCLIST,CENTER TURN LANE,STRAIGHT AND LEVEL,DRY,INJURY AND / OR TOW DUE TO CRASH,KEDZIE AVE,41.8007272599,-87.7039102174,POINT (-87.703910217369 41.800727259896)
O1413210,BICYCLE,6556b0ee0780cb4445c437ba08931058716573defe7f901d132269798c1ca158a451a728f503b288e84aec064cdba08cfe3f066776098c06fcbf1f0b1732cdcb,09/04/2022 10:22:00 PM,M,34.0,BICYCLE HELMET (PEDACYCLIST INVOLVED ONLY),WITH TRAFFIC,UNKNOWN/NA,TEST NOT OFFERED,,30,UNKNOWN,"DARKNESS, LIGHTED ROAD",PEDALCYCLIST,DIVIDED - W/MEDIAN (NOT RAISED),STRAIGHT AND LEVEL,UNKNOWN,NO INJURY / DRIVE AWAY,HALSTED ST,41.8972198759,-87.6476448441,POINT (-87.64764484415 41.897219875886)
O1414445,BICYCLE,be2abfcac49c016a71f8b99804f6f12e5cc4ca2ac596a9ab01d1d47331fd402748d3791a2729b8d2f6cc519bb49c3a82fb772011ce84a2690e03826cb34a0725,09/04/2022 09:30:00 PM,M,,HELMET NOT USED,WITH TRAFFIC,IN ROADWAY,TEST NOT OFFERED,,30,CLEAR,"DARKNESS, LIGHTED ROAD",PEDALCYCLIST,DIVIDED - W/MEDIAN (NOT RAISED),STRAIGHT AND LEVEL,UNKNOWN,INJURY AND / OR TOW DUE TO CRASH,DAMEN AVE,41.9250478523,-87.677753522,POINT (-87.677753521982 41.925047852252)
O1413190,BICYCLE,648f5f890bbe3ca78daaf337a91a1e27e0a4a7d5ef31aacca65ba5de658207c0e12d0f0dde30c36f67a1a75942a2639c38baa27c183f70e9157159a88fdfef7b,09/04/2022 08:56:00 PM,F,16.0,HELMET NOT USED,UNKNOWN/NA,IN ROADWAY,TEST NOT OFFERED,,30,CLEAR,DARKNESS,PEDALCYCLIST,FOUR WAY,STRAIGHT AND LEVEL,DRY,INJURY AND / OR TOW DUE TO CRASH,SHEFFIELD AVE,41.9378656874,-87.6541849078,POINT (-87.654184907793 41.93786568738)
O1413063,BICYCLE,049087a4288dd186f323b1c861eef49e540e93f4cf9ccd7b032219207a500fb923024dc9f8059ee89dbfced0dd7ed0d3c7ba759558d8bab8f23b38bbc7a21014,09/04/2022 04:45:00 PM,M,53.0,BICYCLE HELMET (PEDACYCLIST INVOLVED ONLY),NO ACTION,IN ROADWAY,TEST NOT OFFERED,,25,CLEAR,DAYLIGHT,PEDALCYCLIST,NOT DIVIDED,STRAIGHT AND LEVEL,DRY,INJURY AND / OR TOW DUE TO CRASH,HALSTED ST,41.9430697894,-87.6492166092,POINT (-87.649216609186 41.94306978944)
O1412976,NON-MOTOR VEHICLE,9b3f03d3618ad82559a1ae7079c9a319e8bd75d2c8c4f68e7c0d1b615008e2b97f19819ded56ab000c4d9ee8e7c62ba471173f6701f39ad38d3be83aa88fc519,09/04/2022 02:21:00 PM,F,26.0,NONE PRESENT,CROSSING - AGAINST SIGNAL,IN ROADWAY,TEST NOT OFFERED,,35,RAIN,DAYLIGHT,OTHER OBJECT,"FIVE POINT, OR MORE",STRAIGHT AND LEVEL,WET,NO INJURY / DRIVE AWAY,LAFAYETTE AVE,41.7691553353,-87.6268126763,POINT (-87.626812676272 41.769155335336)
O1412953,BICYCLE,1186e1c85c61b3334efa927dd6e2c3a9599f6cace8e38f1444a4e3a2a0a19f2199f4a5368d43c969e8f4712bf419ce76b13d5ab8c3c7468f4943fb1bedda3d92,09/04/2022 12:15:00 PM,M,29.0,HELMET NOT USED,OTHER ACTION,IN ROADWAY,TEST NOT OFFERED,,25,CLEAR,DAYLIGHT,PEDALCYCLIST,DIVIDED - W/MEDIAN (NOT RAISED),STRAIGHT AND LEVEL,DRY,INJURY AND / OR TOW DUE TO CRASH,MILWAUKEE AVE,41.9316369691,-87.7118493206,POINT (-87.711849320636 41.93163696909)
O1412842,BICYCLE,7222158c6a88283d828f598a5bd874341474abf9a34a9212c7d92477744d8c929d6507f589172927cc5fae274ad2487ab5182554b57ccc10f95a6cf661bb8a0b,09/04/2022 10:30:00 AM,M,39.0,BICYCLE HELMET (PEDACYCLIST INVOLVED ONLY),ENTER FROM DRIVE/ALLEY,IN CROSSWALK,TEST NOT OFFERED,,30,CLEAR,DAYLIGHT,PEDALCYCLIST,OTHER,STRAIGHT AND LEVEL,DRY,INJURY AND / OR TOW DUE TO CRASH,DEVON AVE,41.9971961475,-87.766632847,POINT (-87.766632847015 41.997196147514)
O1412966,BICYCLE,b3688c29bd92c71aa92cf142bb0d906b073d1f8b36973cc8b330dca00692c642801a023a0903c876d5bf81d7e128983624b5f764f25a79d2ce2eb10351b63504,09/03/2022 11:45:00 PM,M,29.0,HELMET NOT USED,NO ACTION,IN ROADWAY,TEST NOT OFFERED,N,30,CLEAR,"DARKNESS, LIGHTED ROAD",PEDALCYCLIST,NOT DIVIDED,STRAIGHT AND LEVEL,DRY,NO INJURY / DRIVE AWAY,MICHIGAN AVE,41.8877057691,-87.624703858,POINT (-87.624703858025 41.88770576912)
O1412627,BICYCLE,0268c5d315c0e0d9a46826a10976751f51aadf1e51fe663d1172425bb664a28561aa8a058820b0a1421c9e04328b7e8baf863adbf789e6f774213dbc8a9ffd15,09/03/2022 08:15:00 PM,M,,HELMET NOT USED,WITH TRAFFIC,IN ROADWAY,TEST NOT OFFERED,,30,CLEAR,"DARKNESS, LIGHTED ROAD",PEDALCYCLIST,DIVIDED - W/MEDIAN (NOT RAISED),STRAIGHT AND LEVEL,DRY,NO INJURY / DRIVE AWAY,BROADWAY,41.9404647568,-87.6445598572,POINT (-87.644559857192 41.940464756813)
O1413153,NON-MOTOR VEHICLE,beb32164f5a0d81163b940ca3ff2aebfb79f284f793f266bc135e1681c88ab1008d90fa9791f1dc5469f1b9c73a1c29dd911defe50bb54227c3dd8b00e9db585,09/03/2022 08:00:00 PM,F,,USAGE UNKNOWN,CROSSING - AGAINST SIGNAL,IN CROSSWALK,TEST NOT OFFERED,,30,CLEAR,"DARKNESS, LIGHTED ROAD",OTHER OBJECT,FOUR WAY,STRAIGHT AND LEVEL,DRY,INJURY AND / OR TOW DUE TO CRASH,53RD ST,41.7994503968,-87.58767122,POINT (-87.587671220049 41.799450396768)
O1412531,BICYCLE,b85d3488537c4a300ba7013e1ea7be7d99200d6f2c179c7400a14b1d4f6c554c0b3524c65e2a0ec6dcf3760bddb65f0362ddb3f0f8775ec7cb6629f7444f8d52,09/03/2022 05:58:00 PM,M,34.0,HELMET NOT USED,CROSSING - AGAINST SIGNAL,BIKE LANE,TEST NOT OFFERED,,30,CLEAR,DAYLIGHT,PEDALCYCLIST,FOUR WAY,STRAIGHT AND LEVEL,DRY,INJURY AND / OR TOW DUE TO CRASH,DOUGLAS BLVD,41.8629642064,-87.7153806067,POINT (-87.715380606713 41.862964206412)
O1412394,BICYCLE,d34425c5b2db8dfb039c52b002af173b2256e02bacf2151a6013170d72c1226de51e6dcd1291f3cbbd2ccf06b8dcb0f1aaf3d9d73a564bcc29f372a8ad211491,09/03/2022 02:45:00 PM,M,33.0,HELMET NOT USED,UNKNOWN/NA,IN CROSSWALK,TEST NOT OFFERED,,30,CLEAR,DAYLIGHT,PEDALCYCLIST,ALLEY,STRAIGHT AND LEVEL,DRY,NO INJURY / DRIVE AWAY,PULASKI RD,41.7858884944,-87.7231065914,POINT (-87.72310659145 41.785888494434)
O1412305,BICYCLE,65b1d984dee78029d51960327b8aefc7ae9ff9a818d0a07f756805a7eae1b0ecde43c390da516cc38c960e37e6f7815d80fdc2ecb8d3d1964bceb0897ad8c6f9,09/03/2022 12:30:00 PM,M,61.0,HELMET NOT USED,WITH TRAFFIC,BIKEWAY,TEST NOT OFFERED,,30,CLEAR,DAYLIGHT,PEDALCYCLIST,DIVIDED - W/MEDIAN (NOT RAISED),STRAIGHT AND LEVEL,DRY,INJURY AND / OR TOW DUE TO CRASH,47TH ST,41.80844108,-87.6705250996,POINT (-87.670525099557 41.808441079956)
O1413584,BICYCLE,d3917668fc6105f31f1d071f193fb4c8b4ff1cb067a2c76f6cc3e7e715fc5451db1cd3eb3380ae6d602894e6c370e54c0abba56a0436da047a9be7cd64381c6e,09/03/2022 11:45:00 AM,F,24.0,HELMET NOT USED,CROSSING - NO CONTROLS (NOT AT INTERSECTION),NOT IN ROADWAY,TEST NOT OFFERED,,20,CLEAR,DAYLIGHT,PEDALCYCLIST,NOT DIVIDED,STRAIGHT AND LEVEL,DRY,INJURY AND / OR TOW DUE TO CRASH,BERTEAU AVE,41.9578289833,-87.6698468778,POINT (-87.669846877767 41.957828983296)
O1412266,BICYCLE,a8d91d41db3eabe8393a35678a6dade5d106e6c8778b2cd756dd43820f6955980c698760a7590f94f334d1a7a1ec46a8d1b1ebf5b65c651215ec6d8ee14d58a7,09/03/2022 10:42:00 AM,M,44.0,BICYCLE HELMET (PEDACYCLIST INVOLVED ONLY),CROSSING - WITH SIGNAL,IN ROADWAY,TEST NOT OFFERED,,30,CLEAR,DAYLIGHT,PEDALCYCLIST,DIVIDED - W/MEDIAN (NOT RAISED),STRAIGHT AND LEVEL,DRY,INJURY AND / OR TOW DUE TO CRASH,SHERIDAN RD,41.9874468008,-87.655453001,POINT (-87.65545300098 41.98744680079)
O1412267,BICYCLE,a8d91d41db3eabe8393a35678a6dade5d106e6c8778b2cd756dd43820f6955980c698760a7590f94f334d1a7a1ec46a8d1b1ebf5b65c651215ec6d8ee14d58a7,09/03/2022 10:42:00 AM,F,43.0,BICYCLE HELMET (PEDACYCLIST INVOLVED ONLY),CROSSING - WITH SIGNAL,IN ROADWAY,TEST NOT OFFERED,,30,CLEAR,DAYLIGHT,PEDALCYCLIST,DIVIDED - W/MEDIAN (NOT RAISED),STRAIGHT AND LEVEL,DRY,INJURY AND / OR TOW DUE TO CRASH,SHERIDAN RD,41.9874468008,-87.655453001,POINT (-87.65545300098 41.98744680079)
O1411847,BICYCLE,b67fede2f7b45aed87668d8c9ae174fcbe7182cc62bc7ab32bae380a423b9a5061a1eb7f9f576177a4f81436f1ac8416e414f82d0049bcd5798cc19f172dcbf9,09/02/2022 08:25:00 PM,M,20.0,HELMET NOT USED,WITH TRAFFIC,IN ROADWAY,TEST NOT OFFERED,,30,CLEAR,"DARKNESS, LIGHTED ROAD",PEDALCYCLIST,NOT DIVIDED,STRAIGHT AND LEVEL,DRY,INJURY AND / OR TOW DUE TO CRASH,SHEFFIELD AVE,41.9349396547,-87.653790179,POINT (-87.65379017905 41.934939654672)
O1411745,BICYCLE,7c235dc1a130be3589ef45ae8011df7971177320cc48c6cb6b37a16411a3b132217a81096ab4a7b8187c86956f3ded9f05668a2b5e8798ea938b4fd5d388515d,09/02/2022 06:01:00 PM,M,27.0,BICYCLE HELMET (PEDACYCLIST INVOLVED ONLY),TURNING LEFT,IN ROADWAY,TEST NOT OFFERED,,30,CLEAR,DAYLIGHT,PEDALCYCLIST,NOT DIVIDED,STRAIGHT AND LEVEL,DRY,NO INJURY / DRIVE AWAY,STATE ST,41.8819951976,-87.6276472452,POINT (-87.62764724523 41.881995197635)
O1411796,BICYCLE,4755717c3967f12237e2032f6af67f75cc44df894f83f859aca4bf10c751959f3a6ecef75b781d8be0e8caa4abd3d05169e38c85f52a81e1e4ed8bdba18710ef,09/02/2022 05:34:00 PM,M,,HELMET NOT USED,WITH TRAFFIC,IN ROADWAY,TEST NOT OFFERED,,30,CLEAR,DAYLIGHT,PEDALCYCLIST,DIVIDED - W/MEDIAN (NOT RAISED),STRAIGHT AND LEVEL,DRY,NO INJURY / DRIVE AWAY,MONTROSE AVE,41.961086707,-87.7254439914,POINT (-87.725443991392 41.961086706981)
O1411733,BICYCLE,0b0b8b8711d83d998be89b41477bdb2909907634d3db2faab9af5e88f5ed9e4719c621df2063613e7aa2fb6a431ddb6eb78fbc2119a981e94e790bc66185898f,09/02/2022 05:18:00 PM,M,38.0,BICYCLE HELMET (PEDACYCLIST INVOLVED ONLY),OTHER ACTION,BIKE LANE,TEST NOT OFFERED,,30,CLEAR,DAYLIGHT,PEDALCYCLIST,NOT DIVIDED,STRAIGHT AND LEVEL,DRY,INJURY AND / OR TOW DUE TO CRASH,LINCOLN AVE,41.9575051766,-87.6809391467,POINT (-87.680939146663 41.957505176618)
O1411866,BICYCLE,3c08b2dac85511c32c3147f2deb55e0f2df843aff1bd043ad5ac7a6ea8a7f43dab857871f58df42972c0db936adb2b743e44feeec8bdf0ee6d55f2466cce4690,09/02/2022 04:30:00 PM,M,,HELMET NOT USED,CROSSING - NO CONTROLS (AT INTERSECTION),IN ROADWAY,TEST NOT OFFERED,,30,CLEAR,DAYLIGHT,PEDALCYCLIST,FOUR WAY,STRAIGHT AND LEVEL,DRY,NO INJURY / DRIVE AWAY,LAFLIN ST,41.7830512437,-87.6620117493,POINT (-87.662011749257 41.783051243738)
O1412283,BICYCLE,036ed127c0e5f3cd7756a59bc2b26338f053c5e6cf6f1bbb39781a34c9419c292c5ca48bebdb1a036aa8863f067f3c35321e60f9212f48e17124145f5b3cddb1,09/01/2022 11:15:00 PM,M,27.0,BICYCLE HELMET (PEDACYCLIST INVOLVED ONLY),NO ACTION,IN ROADWAY,TEST NOT OFFERED,,30,CLEAR,DARKNESS,PEDALCYCLIST,UNKNOWN,STRAIGHT AND LEVEL,DRY,INJURY AND / OR TOW DUE TO CRASH,SHEFFIELD AVE,41.9436113647,-87.6543689053,POINT (-87.654368905301 41.943611364651)
O1412215,BICYCLE,eba518968c8dc8ca912af649c254b07519f1ee430feef494b6711c323122e55e177ef973782cf92cb5bd319b7dcc5b72d029a9082da5b81be9a8e896ac274a9f,09/01/2022 11:05:00 PM,M,,BICYCLE HELMET (PEDACYCLIST INVOLVED ONLY),CROSSING - AGAINST SIGNAL,IN ROADWAY,TEST NOT OFFERED,,20,UNKNOWN,UNKNOWN,PEDALCYCLIST,FOUR WAY,STRAIGHT AND LEVEL,UNKNOWN,INJURY AND / OR TOW DUE TO CRASH,SHEFFIELD AVE,41.9436758932,-87.6543717796,POINT (-87.654371779641 41.943675893155)
O1411107,BICYCLE,395c7bb8107098d968cb3300908b5e9e7bb449a79585e6ede7447ae3007fc3fb95c4c6bd30601cd2e0119c92dda165ca5d9e4a5ffd4c5d9fadfe1e91d8aa16df,09/01/2022 10:00:00 PM,M,21.0,HELMET NOT USED,WITH TRAFFIC,IN ROADWAY,TEST NOT OFFERED,,35,CLEAR,"DARKNESS, LIGHTED ROAD",PEDALCYCLIST,DIVIDED - W/MEDIAN (NOT RAISED),STRAIGHT AND LEVEL,DRY,INJURY AND / OR TOW DUE TO CRASH,CICERO AVE,41.8666987321,-87.7446332949,POINT (-87.744633294905 41.866698732078)
O1414338,BICYCLE,e6e42f0642328bc4c445c4e6c282f16680efe2e547a0241c9733cd7948fedec33fb93bbd03a5db16fe3de1c4c69ccc3adbc33fbffafdc85e38d2d5510f22b6bc,09/01/2022 04:57:00 PM,M,29.0,BICYCLE HELMET (PEDACYCLIST INVOLVED ONLY),WITH TRAFFIC,BIKE LANE,TEST NOT OFFERED,,30,CLEAR,DAYLIGHT,PEDALCYCLIST,NOT DIVIDED,STRAIGHT AND LEVEL,DRY,NO INJURY / DRIVE AWAY,WOLCOTT AVE,41.9032017875,-87.6749677423,POINT (-87.674967742278 41.903201787462)
O1415039,BICYCLE,9b752cf4659c8c5aa2d1d7b9dd9694ac55ae121fbdec21891cbefc8518b65c4893fb5db5f161a9a34fa3a22596b2532ab746a8282bb044172d39fd378a9317b8,09/01/2022 04:00:00 PM,F,22.0,HELMET NOT USED,OTHER ACTION,NOT IN ROADWAY,TEST NOT OFFERED,,15,CLEAR,DAYLIGHT,PEDALCYCLIST,PARKING LOT,STRAIGHT AND LEVEL,DRY,INJURY AND / OR TOW DUE TO CRASH,ASHLAND AVE,41.9828458939,-87.6696498368,POINT (-87.669649836775 41.982845893908)
O1475420,BICYCLE,98b6a21ac10c8b271ed9c9b325bb6d135ba06793404fb21c950278974908a76dfe87c29b11605336a17e51aa4d846ffd2c36dd90001d6e9b694c91de5d54d50e,09/01/2022 02:00:00 PM,F,35.0,HELMET NOT USED,WITH TRAFFIC,BIKE LANE,TEST NOT OFFERED,,30,UNKNOWN,DAYLIGHT,PEDALCYCLIST,NOT DIVIDED,STRAIGHT AND LEVEL,DRY,INJURY AND / OR TOW DUE TO CRASH,MILWAUKEE AVE,41.8949819167,-87.6532391027,POINT (-87.653239102708 41.894981916717)