PERSON_ID,PERSON_TYPE,CRASH_RECORD_ID,CRASH_DATE_x,SEX,AGE,SAFETY_EQUIPMENT,PEDPEDAL_ACTION,PEDPEDAL_LOCATION,BAC_RESULT,CRASH_DATE_EST_I,POSTED_SPEED_LIMIT,WEATHER_CONDITION,LIGHTING_CONDITION,FIRST_CRASH_TYPE,TRAFFICWAY_TYPE,ALIGNMENT,ROADWAY_SURFACE_COND,CRASH_TYPE,STREET_NAME,LATITUDE,LONGITUDE,LOCATION
O1410625,NON-MOTOR VEHICLE,ce5fff7174315963f15d2a44c1533c40bc30ce46187028fe4adc7a00f26af0a1a8cb2cd2cb34c7c6576bc29d347a508a0919f6a96978bf43692204a7ac1b47ed,09/01/2022 12:00:00 PM,M,36.0,USAGE UNKNOWN,OTHER ACTION,NOT IN ROADWAY,TEST NOT OFFERED,,30,CLEAR,DAYLIGHT,FIXED OBJECT,NOT DIVIDED,STRAIGHT AND LEVEL,DRY,NO INJURY / DRIVE AWAY,DIVISION ST,41.903046998,-87.6791193272,POINT (-87.679119327173 41.903046997993)
O1410662,NON-MOTOR VEHICLE,ce5fff7174315963f15d2a44c1533c40bc30ce46187028fe4adc7a00f26af0a1a8cb2cd2cb34c7c6576bc29d347a508a0919f6a96978bf43692204a7ac1b47ed,09/01/2022 12:00:00 PM,X,,NONE PRESENT,NO ACTION,NOT IN ROADWAY,TEST NOT OFFERED,,30,CLEAR,DAYLIGHT,FIXED OBJECT,NOT DIVIDED,STRAIGHT AND LEVEL,DRY,NO INJURY / DRIVE AWAY,DIVISION ST,41.903046998,-87.6791193272,POINT (-87.679119327173 41.903046997993)
O1411167,NON-MOTOR VEHICLE,ce5fff7174315963f15d2a44c1533c40bc30ce46187028fe4adc7a00f26af0a1a8cb2cd2cb34c7c6576bc29d347a508a0919f6a96978bf43692204a7ac1b47ed,09/01/2022 12:00:00 PM,,,USAGE UNKNOWN,NO ACTION,NOT IN ROADWAY,TEST NOT OFFERED,,30,CLEAR,DAYLIGHT,FIXED OBJECT,NOT DIVIDED,STRAIGHT AND LEVEL,DRY,NO INJURY / DRIVE AWAY,DIVISION ST,41.903046998,-87.6791193272,POINT (-87.679119327173 41.903046997993)
O1410573,BICYCLE,4949e50a6363b0cbe0f97a1761e403fed567bdfbf982589c05910fbbabc99b92c656a38c9b32597e75f6ec487e1cebfbb793a0bf7f71d1188b709c57d9e60032,09/01/2022 11:26:00 AM,M,64.0,HELMET NOT USED,UNKNOWN/NA,UNKNOWN/NA,TEST NOT OFFERED,,15,CLEAR,DAYLIGHT,PEDALCYCLIST,ALLEY,STRAIGHT AND LEVEL,DRY,INJURY AND / OR TOW DUE TO CRASH,OAKDALE AVE,41.9339730575,-87.7610000479,POINT (-87.761000047882 41.933973057513)
O1410475,BICYCLE,edd10f9f0c637912405a7e4be05de61eda6102070e61beae3820aa3ada3a3a667f18a4fbafed541d6d806b4bc43c385e40bcb4c0503fcb71b6cc53831a47960e,09/01/2022 08:54:00 AM,M,,BICYCLE HELMET (PEDACYCLIST INVOLVED ONLY),WITH TRAFFIC,IN ROADWAY,TEST NOT OFFERED,,30,CLEAR,DAYLIGHT,PEDALCYCLIST,FOUR WAY,STRAIGHT AND LEVEL,DRY,INJURY AND / OR TOW DUE TO CRASH,LECLAIRE AVE,41.969421258,-87.7552339686,POINT (-87.755233968616 41.969421257956)
O1411463,BICYCLE,76d2245768cd45974c6aa0f5abb6d3f8f780edc095a104239cb59d8c885deffd168c3656295f333285a2384b92615d7661d0453727b3a73557d04f1c9d571e50,09/01/2022 08:00:00 AM,F,,HELMET NOT USED,NO ACTION,IN ROADWAY,TEST NOT OFFERED,Y,30,CLEAR,DAYLIGHT,PEDALCYCLIST,OTHER,STRAIGHT AND LEVEL,DRY,NO INJURY / DRIVE AWAY,DAMEN AVE,41.9286173965,-87.6783243432,POINT (-87.678324343214 41.92861739647)
O1410223,BICYCLE,2b78c981a1e140c6f07344a6fcdbed494e997e9b23e609ea5eb7573fc17911e6e22956933e328ea256909a4eb7d7fc509e4383d7b12cb1f3e95a2db62858d1ee,08/31/2022 08:08:00 PM,F,33.0,HELMET NOT USED,NO ACTION,IN ROADWAY,TEST NOT OFFERED,,30,CLEAR,"DARKNESS, LIGHTED ROAD",PEDALCYCLIST,FOUR WAY,STRAIGHT AND LEVEL,DRY,INJURY AND / OR TOW DUE TO CRASH,DAMEN AVE,41.9396161047,-87.6785035287,POINT (-87.678503528692 41.939616104748)
O1410153,BICYCLE,ec4be641fe327844d31fd672d3bd3cd913a99cfe8c69a99be307a703988ed21c4cc28cba02d2b47f64641c065bdce41f09b3b422e5f14de41b269ecc54810410,08/31/2022 06:15:00 PM,M,15.0,HELMET NOT USED,TURNING LEFT,IN ROADWAY,TEST NOT OFFERED,,30,CLEAR,DAYLIGHT,PEDALCYCLIST,FOUR WAY,STRAIGHT AND LEVEL,DRY,INJURY AND / OR TOW DUE TO CRASH,HOMAN AVE,41.8699368694,-87.7108048196,POINT (-87.710804819562 41.869936869387)
O1410169,BICYCLE,c8b9aecc9a1618bc60ecb791b910207e736f2a89f18dc537b298a3edb037d2e6ae5eac572f181e48d115770a121db9c0916c0194581e73699326c5df6a75ead3,08/31/2022 06:13:00 PM,M,39.0,HELMET NOT USED,OTHER ACTION,IN CROSSWALK,TEST NOT OFFERED,,30,CLEAR,DAYLIGHT,PEDALCYCLIST,ONE-WAY,STRAIGHT AND LEVEL,DRY,NO INJURY / DRIVE AWAY,CONGRESS PKWY,41.8750680665,-87.6665942003,POINT (-87.666594200293 41.875068066522)
O1410066,BICYCLE,17c262b9a1e503c729fb6b5b4ff91d871548fd762b9834cff6cd66dcde66888476a7a5fc7ddbc8b43c9c9fb4379fd2234ce01a10fd38bc9337728e14fd364603,08/31/2022 05:25:00 PM,M,64.0,HELMET NOT USED,CROSSING - WITH SIGNAL,IN CROSSWALK,TEST NOT OFFERED,,25,CLEAR,DAYLIGHT,PEDALCYCLIST,NOT DIVIDED,STRAIGHT AND LEVEL,DRY,NO INJURY / DRIVE AWAY,63RD ST,41.778961599,-87.7105289488,POINT (-87.710528948795 41.778961598969)
O1411294,BICYCLE,d0f9fa36362a184cff88fa654333c9ffdfd060feb38043b45bae579d1877d0d3c27ee4911ab6a0dc13ab01685f8e050ebe3f29f22594c27b1823053f7105a17f,08/31/2022 04:53:00 PM,F,67.0,HELMET NOT USED,NO ACTION,NOT IN ROADWAY,,,10,CLEAR,DAYLIGHT,PEDALCYCLIST,OTHER,STRAIGHT AND LEVEL,DRY,NO INJURY / DRIVE AWAY,CHICAGO AVE,41.8966596198,-87.6372478079,POINT (-87.637247807935 41.896659619828)
O1409938,BICYCLE,b6d25b83f5bec5e065dbd2082f50f1a078a4f7f240169affa7099ae4caf44bf9ca2fdb051f617b4f32ae575dcf854a7f15dcebda4da287e9560e03cffd4993bc,08/31/2022 03:10:00 PM,M,,HELMET NOT USED,CROSSING - NO CONTROLS (NOT AT INTERSECTION),IN ROADWAY,TEST NOT OFFERED,,35,CLEAR,DAYLIGHT,PEDALCYCLIST,DIVIDED - W/MEDIAN (NOT RAISED),STRAIGHT AND LEVEL,DRY,NO INJURY / DRIVE AWAY,VINCENNES AVE,41.7133398523,-87.6534395937,POINT (-87.653439593724 41.713339852283)
O1410120,BICYCLE,4a67b707fe1261e2dfdcd941d02e3751f29f3f3629f572df9c55c3136c60cc9b00b5ca54a52de4681e69194f0cdbfdeff4c8b5265971936f9b67e6b345625f26,08/31/2022 02:05:00 PM,M,32.0,HELMET NOT USED,NO ACTION,UNKNOWN/NA,TEST NOT OFFERED,,30,CLEAR,DAYLIGHT,PEDALCYCLIST,NOT DIVIDED,STRAIGHT AND LEVEL,DRY,INJURY AND / OR TOW DUE TO CRASH,72ND ST,41.7645066039,-87.5700696356,POINT (-87.570069635639 41.764506603878)
O1410386,BICYCLE,69eec43f3800a84b89b1af68a0845fbb8d33519911b7e8eb512ce7ee8ea1bcfe93adb33037133fad1ef86b4f9f81e586f2feee7754015d575b1a5c74c51b7114,08/31/2022 09:00:00 AM,M,45.0,BICYCLE HELMET (PEDACYCLIST INVOLVED ONLY),WITH TRAFFIC,IN ROADWAY,TEST NOT OFFERED,,30,CLEAR,DAYLIGHT,PEDALCYCLIST,NOT DIVIDED,STRAIGHT AND LEVEL,DRY,INJURY AND / OR TOW DUE TO CRASH,CLARK ST,41.9266048239,-87.6412586584,POINT (-87.641258658362 41.92660482393)
O1409646,BICYCLE,b005c226790af72a80560fdfaa5ec50b2ff5f399eec3a304e6a807c5ce4ca17ad0f175811b07266f7276753b44660c739b79dfb9d213d23cb753b116e71b7565,08/31/2022 08:38:00 AM,M,,BICYCLE HELMET (PEDACYCLIST INVOLVED ONLY),WITH TRAFFIC,IN CROSSWALK,TEST NOT OFFERED,,30,CLEAR,DAYLIGHT,PEDALCYCLIST,DIVIDED - W/MEDIAN (NOT RAISED),STRAIGHT AND LEVEL,DRY,INJURY AND / OR TOW DUE TO CRASH,SACRAMENTO DR,41.8628948185,-87.7021599684,POINT (-87.70215996842 41.862894818545)
O1409662,BICYCLE,6136d26b35479dc1c4e269ccbfdc2fa8d10c36998d2b5490215f43a0d19035e09a420159cb3c5f8cad0f7f37cd7a0ee3adbb5f3589acb21885e6037d1aee6eed,08/31/2022 08:30:00 AM,M,42.0,HELMET NOT USED,UNKNOWN/NA,UNKNOWN/NA,TEST NOT OFFERED,,30,CLEAR,DAYLIGHT,PEDALCYCLIST,T-INTERSECTION,STRAIGHT AND LEVEL,DRY,NO INJURY / DRIVE AWAY,LINCOLN AVE,41.9929077101,-87.7117057825,POINT (-87.711705782475 41.992907710051)
O1449257,BICYCLE,4764dea4dd30fed5073c08d6e8ad49dacece8f4729da758bdfab2b63c70edb76bc4b13d930ceb40a4671b0d5e2f24d4f604f60f9a3b35b2d19393f3770ead9f7,08/31/2022 06:54:00 AM,M,59.0,HELMET NOT USED,NO ACTION,BIKE LANE,TEST NOT OFFERED,,30,CLEAR,DAYLIGHT,PEDALCYCLIST,FOUR WAY,STRAIGHT AND LEVEL,DRY,INJURY AND / OR TOW DUE TO CRASH,DIVERSEY AVE,41.9314219127,-87.7467154572,POINT (-87.746715457234 41.931421912693)
O1409507,NON-MOTOR VEHICLE,2727bae4abf483f8fee458e894b89317f3138b4ebb0379232ef920e034bfffe28e932b5e13def38dd73a5c75e5a56b09ca631faebb897f4659b1f697d7d8f0a4,08/31/2022 12:16:00 AM,,,,,,,,35,CLEAR,"DARKNESS, LIGHTED ROAD",PARKED MOTOR VEHICLE,NOT DIVIDED,STRAIGHT AND LEVEL,DRY,INJURY AND / OR TOW DUE TO CRASH,76TH ST,41.7562126354,-87.6425637814,POINT (-87.642563781445 41.756212635438)
O1409502,BICYCLE,33e5e1b6a06c4297cbca7ceb034954f1109c28aa78289becc2896c6f62d5ab6bfbe1ddb8a11f04f9b5caeb77269b1d87c7efc9467b2202e01a11dc4caf3b03d4,08/30/2022 10:36:00 PM,M,16.0,HELMET NOT USED,NOT AT INTERSECTION,IN ROADWAY,TEST NOT OFFERED,,35,CLEAR,DARKNESS,PEDALCYCLIST,NOT DIVIDED,STRAIGHT AND LEVEL,DRY,INJURY AND / OR TOW DUE TO CRASH,BRYN MAWR AVE,41.9828302509,-87.7682823673,POINT (-87.768282367338 41.982830250941)
O1409418,BICYCLE,b95de440cb4e2481d47c6bf1a9126009c10beae43d9aac5f0f69f6292870bfdf62fd40c341f971dd8c4d08328d70e671f10cee8e36a43c5f87be3c13b4d4b18e,08/30/2022 07:15:00 PM,M,27.0,HELMET NOT USED,CROSSING - WITH SIGNAL,IN CROSSWALK,TEST NOT OFFERED,,30,CLEAR,DAYLIGHT,PEDALCYCLIST,FOUR WAY,STRAIGHT AND LEVEL,UNKNOWN,INJURY AND / OR TOW DUE TO CRASH,BELMONT AVE,41.9389986954,-87.7260129147,POINT (-87.726012914741 41.938998695367)
O1428666,BICYCLE,618394637d62104c84101b78519d11655f3baf9b5d1d344e5b11764aeb4a66a32009c0af1889eb0740907ecb5a8be339270f2e83975e80fa16fee43f136bea8f,08/30/2022 06:45:00 PM,M,32.0,BICYCLE HELMET (PEDACYCLIST INVOLVED ONLY),WITH TRAFFIC,BIKEWAY,TEST NOT OFFERED,,30,CLEAR,DAYLIGHT,PEDALCYCLIST,NOT DIVIDED,STRAIGHT AND LEVEL,OTHER,INJURY AND / OR TOW DUE TO CRASH,MILWAUKEE AVE,41.9082700417,-87.6743986797,POINT (-87.674398679737 41.908270041659)
O1409367,BICYCLE,f6cfe4eb633166bd774e366b891aafe9ea208cf2211b46a351da5e5ea9b19a6e87f3709ce8012a97a08458096990819ce9e152390e8754a93477e724b3e32b56,08/30/2022 06:01:00 PM,M,46.0,BICYCLE HELMET (PEDACYCLIST INVOLVED ONLY),NO ACTION,BIKEWAY,TEST NOT OFFERED,,35,CLEAR,DAYLIGHT,PEDALCYCLIST,DIVIDED - W/MEDIAN (NOT RAISED),STRAIGHT AND LEVEL,DRY,INJURY AND / OR TOW DUE TO CRASH,MILWAUKEE AVE,41.9244454874,-87.6996327188,POINT (-87.699632718776 41.924445487402)
O1409239,BICYCLE,6995853500703e1aefe5f1b757c6bae8bf085c58e06ae59551e33b7a5ea348f2d220981f30126e20214380f262263ada5522a4562726b6e3d35ed1dbe220640d,08/30/2022 04:15:00 PM,M,16.0,HELMET NOT USED,CROSSING - NO CONTROLS (AT INTERSECTION),IN CROSSWALK,TEST NOT OFFERED,,30,CLEAR,DAYLIGHT,PEDALCYCLIST,FOUR WAY,STRAIGHT AND LEVEL,DRY,INJURY AND / OR TOW DUE TO CRASH,ESCANABA AVE,41.7226409885,-87.5539916123,POINT (-87.553991612319 41.722640988484)
O1411407,BICYCLE,7085ec5ca82f54a1b7e414190c62259fdc7180a7e0de4a0110046a668c5f0e91f8ecc53263216d1fe328d12ae44024c1f6ca4af528e2648b0934388530ea1181,08/30/2022 02:40:00 PM,M,,HELMET NOT USED,TURNING LEFT,IN CROSSWALK,TEST NOT OFFERED,,25,CLEAR,DAYLIGHT,PEDALCYCLIST,ONE-WAY,STRAIGHT AND LEVEL,DRY,INJURY AND / OR TOW DUE TO CRASH,LOWELL AVE,41.960016508,-87.7371464142,POINT (-87.737146414162 41.960016508046)
O1409146,BICYCLE,f3dbcf7eb7fdb838635e1db5e941d2232d328d7ab58b582ac810ec4e49112fc09be0f3615881033712af2949f13a048f8e0262b7796db344b088cfbe9abab349,08/30/2022 02:10:00 PM,F,64.0,HELMET NOT USED,CROSSING - NO CONTROLS (NOT AT INTERSECTION),IN CROSSWALK,TEST NOT OFFERED,,30,CLEAR,DAYLIGHT,PEDALCYCLIST,DIVIDED - W/MEDIAN (NOT RAISED),STRAIGHT AND LEVEL,DRY,INJURY AND / OR TOW DUE TO CRASH,BELMONT AVE,41.9377883289,-87.8300709072,POINT (-87.830070907168 41.937788328868)
O1409088,BICYCLE,694c627dab45664a0c822cd6d3290c14ccd46edf4332cc348481fca03088a20c056f9f54dd24de1121ded363dcd587fc5104d9c6f1672578debd0994930acf58,08/30/2022 12:05:00 PM,M,46.0,HELMET NOT USED,AGAINST TRAFFIC,IN CROSSWALK,TEST NOT OFFERED,,20,CLEAR,DAYLIGHT,PEDALCYCLIST,PARKING LOT,STRAIGHT AND LEVEL,DRY,INJURY AND / OR TOW DUE TO CRASH,ARCHER AVE,41.7988829047,-87.7422328735,POINT (-87.74223287355 41.798882904668)
O1412162,BICYCLE,e54fd55feaa95f0253b01be1295fee8ac2ca8388b71f1a876e19dc4c7f3bb778a4fa300cb59450b1ca327973a23783d61175d24770490b95f619fb3bf2ad25b5,08/29/2022 08:00:00 PM,M,25.0,HELMET NOT USED,NO ACTION,BIKE LANE,TEST NOT OFFERED,,30,CLEAR,DUSK,PEDALCYCLIST,NOT DIVIDED,STRAIGHT AND LEVEL,DRY,NO INJURY / DRIVE AWAY,LINCOLN AVE,41.9248572367,-87.6477251262,POINT (-87.647725126172 41.924857236737)
O1408883,BICYCLE,28dae3463ae239f26cc94ffc4613c7e34a9d7405a46cedd99468a5b4533b76088890cf5dd69d1d315ee6239e7edf3c78ecdea080b835453fdbfb0c10483d73da,08/29/2022 07:25:00 PM,M,6.0,BICYCLE HELMET (PEDACYCLIST INVOLVED ONLY),CROSSING - WITH SIGNAL,IN CROSSWALK,TEST NOT OFFERED,,30,CLEAR,"DARKNESS, LIGHTED ROAD",PEDALCYCLIST,NOT DIVIDED,STRAIGHT AND LEVEL,DRY,INJURY AND / OR TOW DUE TO CRASH,RACINE AVE,41.8803733912,-87.6569542085,POINT (-87.656954208484 41.880373391177)
O1408680,BICYCLE,7559da308f1e5ec3bf6f6a369158f4839c4c786948dd1dcfa105bcaf73cbcfa6951ba7e7362a86d77df9056cc10f125a5b27034e088e26422f2ef5d0293f6131,08/29/2022 04:00:00 PM,M,9.0,BICYCLE HELMET (PEDACYCLIST INVOLVED ONLY),ENTER FROM DRIVE/ALLEY,NOT IN ROADWAY,TEST NOT OFFERED,,30,CLEAR,DAYLIGHT,PEDALCYCLIST,ALLEY,STRAIGHT AND LEVEL,DRY,INJURY AND / OR TOW DUE TO CRASH,KIMBARK AVE,41.7786368251,-87.5944618786,POINT (-87.594461878649 41.778636825102)
O1408621,NON-MOTOR VEHICLE,e30ed1bd7cee8c29627d03dbeb564b483299a79da8bfb6c364340902fbf8a90cd0fdc25a05b5bf3acf1c51a0d021b63c0001773f76d982b61544db121ca1a495,08/29/2022 03:34:00 PM,F,14.0,NONE PRESENT,,,TEST NOT OFFERED,,30,CLEAR,DAYLIGHT,TURNING,T-INTERSECTION,STRAIGHT AND LEVEL,DRY,INJURY AND / OR TOW DUE TO CRASH,EVANS AVE,41.8060842206,-87.607563741,POINT (-87.607563741003 41.806084220574)
O1408960,NON-MOTOR VEHICLE,9989030fa2f5356d7d020f4d0e2426d398450713950e55d5efd6d22fec53b68fc58e5503e94bcd92193d842e41c34695dbb0a0ec687a8e5cc6a4d154d442d06e,08/29/2022 03:00:00 PM,,,,,,,Y,30,UNKNOWN,UNKNOWN,OTHER OBJECT,NOT DIVIDED,STRAIGHT AND LEVEL,UNKNOWN,NO INJURY / DRIVE AWAY,61ST PL,41.7827421285,-87.6369028723,POINT (-87.636902872321 41.782742128473)
O1408422,BICYCLE,096a147c178c609bd511bc5142eb1c0ed7ce2ac75cccf026f2685994ed4217abac77024764fa895a89371909989dbb12c239ab0702d7f30b277c50a9fba0bbb8,08/29/2022 01:05:00 PM,M,26.0,HELMET NOT USED,WORKING IN ROADWAY,IN ROADWAY,TEST NOT OFFERED,,15,RAIN,DAYLIGHT,PEDALCYCLIST,ONE-WAY,STRAIGHT AND LEVEL,WET,INJURY AND / OR TOW DUE TO CRASH,78TH ST,41.7534847932,-87.5625685992,POINT (-87.562568599221 41.753484793226)
O1411339,BICYCLE,f97bab399c4992b277a5848098df713f37de9d04bd5fdb2bc49650d6dc73567b8640077a3eb488525ef2da5f075f011715598822a345f5a8af3da15a40f011a3,08/29/2022 08:50:00 AM,M,40.0,BICYCLE HELMET (PEDACYCLIST INVOLVED ONLY),WITH TRAFFIC,IN ROADWAY,TEST NOT OFFERED,,30,CLEAR,DAYLIGHT,PEDALCYCLIST,DIVIDED - W/MEDIAN (NOT RAISED),STRAIGHT AND LEVEL,DRY,INJURY AND / OR TOW DUE TO CRASH,MILWAUKEE AVE,41.9312177649,-87.7111646729,POINT (-87.711164672885 41.931217764905)
O1408404,BICYCLE,7c4f3515c1961219fed9dc1e5baa009e9e82e01882622278acb9601be04aa5d4c8facdf91ccba261d2a801e697ed37866042610a8ae64f624966ac897718be30,08/29/2022 08:30:00 AM,M,,HELMET NOT USED,UNKNOWN/NA,IN ROADWAY,TEST NOT OFFERED,,30,CLEAR,DAYLIGHT,PEDALCYCLIST,NOT DIVIDED,STRAIGHT AND LEVEL,DRY,NO INJURY / DRIVE AWAY,KIMBALL AVE,41.9492850479,-87.7126432009,POINT (-87.712643200939 41.949285047945)
O1409251,BICYCLE,33d3e1d130e78392280ea65ee32495e63e32c0d5b5778fdcc7be3d8a20b07c55b328c93b67330e184f4399ff0e84c1f12bbc03b35053a5a7792420ac6d1484b9,08/29/2022 07:45:00 AM,M,16.0,HELMET NOT USED,NO ACTION,IN ROADWAY,TEST NOT OFFERED,,30,UNKNOWN,UNKNOWN,PEDALCYCLIST,NOT DIVIDED,STRAIGHT AND LEVEL,UNKNOWN,INJURY AND / OR TOW DUE TO CRASH,WESTERN AVE,41.9496645511,-87.6881921408,POINT (-87.688192140823 41.949664551074)
O1408170,NON-MOTOR VEHICLE,84deb3c66f709c2638cc5640190fb4f13d629c7d335043ec944cdb4622861730d48d286a9aa5ada32e3b649a49ab4dde46c6c0771e9d0a86144f5ce2b64691f7,08/29/2022 12:28:00 AM,M,24.0,NONE PRESENT,,,TEST NOT OFFERED,,30,CLEAR,"DARKNESS, LIGHTED ROAD",OTHER OBJECT,FOUR WAY,STRAIGHT AND LEVEL,DRY,INJURY AND / OR TOW DUE TO CRASH,GRAND AVE,41.890867765,-87.6669797593,POINT (-87.666979759294 41.890867764994)
O1415822,BICYCLE,bc98da291f8e97b4b87723675558a628263f7945b4c03bd6037688b5998e33bd12b6d6f98b5506f08cd5b2f6cbccacd709c30baffe0ebd6669078dd25e5b808f,08/28/2022 09:30:00 PM,F,,HELMET NOT USED,UNKNOWN/NA,UNKNOWN/NA,TEST NOT OFFERED,,35,CLEAR,"DARKNESS, LIGHTED ROAD",PEDALCYCLIST,DIVIDED - W/MEDIAN (NOT RAISED),STRAIGHT AND LEVEL,DRY,NO INJURY / DRIVE AWAY,CLARK ST,41.8869285133,-87.6308577371,POINT (-87.630857737075 41.886928513263)
O1408115,NON-MOTOR VEHICLE,9f261bc87ec7196a2e041cbadcef9f23a499aa15f653476eae06b854c3806100bb7382294466cbe5b0c135c306d09f6c1bdf60b10868f087a2292de8a0261fa3,08/28/2022 08:47:00 PM,F,18.0,HELMET NOT USED,OTHER ACTION,NOT IN ROADWAY,TEST NOT OFFERED,,30,CLEAR,"DARKNESS, LIGHTED ROAD",OTHER OBJECT,ALLEY,STRAIGHT AND LEVEL,DRY,INJURY AND / OR TOW DUE TO CRASH,PULASKI RD,41.9094500796,-87.7263301777,POINT (-87.726330177734 41.909450079555)
O1408097,BICYCLE,bf0407ec431d2cd18a041feb1ca31eacd4713d608f9aa3483daf61aff3b795f0ac7b32004bfb7b16d14a0eb1bd9642859b03d3f31ea8f2c2f51ddf116268c9bf,08/28/2022 07:53:00 PM,F,33.0,HELMET NOT USED,AGAINST TRAFFIC,IN CROSSWALK,TEST NOT OFFERED,,30,CLEAR,"DARKNESS, LIGHTED ROAD",PEDALCYCLIST,NOT DIVIDED,STRAIGHT AND LEVEL,DRY,INJURY AND / OR TOW DUE TO CRASH,BELMONT AVE,41.9385891862,-87.7568100452,POINT (-87.756810045169 41.93858918622)
O1408881,BICYCLE,f554bdb66f1fa4e7e929efaf9e5c28dd0397ccaf0fd7fa3e41cb387c3c6c5c10411969006d1ec737c94608d22b24ed8946ec91971cac98c22d72b0a67f83b6c0,08/28/2022 10:40:00 AM,M,23.0,BICYCLE HELMET (PEDACYCLIST INVOLVED ONLY),WITH TRAFFIC,IN ROADWAY,TEST NOT OFFERED,,30,CLEAR,DUSK,PEDALCYCLIST,NOT DIVIDED,STRAIGHT AND LEVEL,DRY,INJURY AND / OR TOW DUE TO CRASH,KAMERLING AVE,41.9051596002,-87.7487573628,POINT (-87.74875736279 41.905159600186)
O1407785,BICYCLE,58e08eb5b170d2f25d9ce792699e145c2e5a66a2b57214b15ebd6aaa9cf5aa0c7993fa953822c6e8ad9515ac5b7ebabdc70596d46452cb7209e964f0e7c8ced9,08/28/2022 07:30:00 AM,M,49.0,BICYCLE HELMET (PEDACYCLIST INVOLVED ONLY),WITH TRAFFIC,IN ROADWAY,TEST NOT OFFERED,,30,CLEAR,DAYLIGHT,PEDALCYCLIST,NOT DIVIDED,STRAIGHT AND LEVEL,DRY,NO INJURY / DRIVE AWAY,FULLERTON PKWY,41.9257199272,-87.639189329,POINT (-87.639189328978 41.925719927241)
O1407909,BICYCLE,832275562b947a07cfd64c713191034a536007c33947df06af65f9adc033597164a6bf8fffcb4afb07522c8e2a23e408c48b5ea63efb1ef2bacff1a582cf2587,08/28/2022 02:00:00 AM,M,29.0,HELMET NOT USED,WITH TRAFFIC,BIKE LANE,TEST NOT OFFERED,,30,CLEAR,"DARKNESS, LIGHTED ROAD",PEDALCYCLIST,NOT DIVIDED,STRAIGHT AND LEVEL,DRY,INJURY AND / OR TOW DUE TO CRASH,HALSTED ST,41.9180221852,-87.6483552087,POINT (-87.648355208709 41.918022185172)
O1407527,BICYCLE,1f496d72d598162a7db997b7c7cec611b2854043877f43342a2bd623fef5ec6ceeb008ce7c6d0a1077003ff9de1eb478c3e7f96ccafa45dac307a3b2b7f9ef12,08/27/2022 09:33:00 PM,M,26.0,HELMET NOT USED,WITH TRAFFIC,IN ROADWAY,TEST NOT OFFERED,,30,CLEAR,"DARKNESS, LIGHTED ROAD",PEDALCYCLIST,DIVIDED - W/MEDIAN (NOT RAISED),STRAIGHT AND LEVEL,DRY,INJURY AND / OR TOW DUE TO CRASH,WELLINGTON AVE,41.9361977106,-87.6521338137,POINT (-87.65213381372 41.936197710639)
O1407473,BICYCLE,9d13ec951b8406644596e2fdbcc7c2e72fc6efc8c3d5d662de54ad125c4570ed5a216cac195f8f9dac1137cad90cf24b28da45206eeae6c2ab0bb91af4772bf4,08/27/2022 05:17:00 PM,M,41.0,HELMET NOT USED,UNKNOWN/NA,UNKNOWN/NA,TEST NOT OFFERED,,35,CLEAR,DAYLIGHT,PEDALCYCLIST,NOT DIVIDED,STRAIGHT AND LEVEL,DRY,INJURY AND / OR TOW DUE TO CRASH,STONY ISLAND AVE,41.7223743623,-87.5852762741,POINT (-87.585276274136 41.722374362261)
O1407517,BICYCLE,af7ce17246a9844be7d60640f088923460f85110a31d3ab0892a0108dad738458a0c0b02cf5b6a25a45003373a02a5fb0db2796d17a45e98f5bb0260af8b9e82,08/27/2022 03:35:00 PM,M,55.0,HELMET NOT USED,TURNING RIGHT,IN ROADWAY,TEST NOT OFFERED,,30,CLEAR,DAYLIGHT,PEDALCYCLIST,DIVIDED - W/MEDIAN (NOT RAISED),STRAIGHT AND LEVEL,DRY,INJURY AND / OR TOW DUE TO CRASH,26TH ST,41.8455670276,-87.6368550875,POINT (-87.636855087545 41.845567027585)
O1407438,BICYCLE,164f8e0b69746588661f88972f4d39e20e2de22054a2d3706a7e3ae60759df5e1cd95e8992184c08228095579ed07482ddc410df85d4802281cb636a3d928c58,08/27/2022 03:00:00 PM,M,,BICYCLE HELMET (PEDACYCLIST INVOLVED ONLY),OTHER ACTION,BIKEWAY,TEST NOT OFFERED,,30,UNKNOWN,UNKNOWN,PEDALCYCLIST,NOT DIVIDED,STRAIGHT AND LEVEL,UNKNOWN,NO INJURY / DRIVE AWAY,HALSTED ST,41.9264359141,-87.6486484213,POINT (-87.648648421302 41.926435914096)
O1407889,BICYCLE,40e9c5d38e9225f14c311be2349cb5082728ba201afbe31fec61f7f95852df4f4dda914d338ca95ab60d330b9046a3aafad3d227219c59faf6dfd7934942519d,08/27/2022 02:30:00 PM,M,61.0,HELMET NOT USED,NO ACTION,IN ROADWAY,TEST NOT OFFERED,,30,CLEAR,DAYLIGHT,PEDALCYCLIST,NOT DIVIDED,STRAIGHT AND LEVEL,DRY,INJURY AND / OR TOW DUE TO CRASH,HARRISON ST,41.8736545097,-87.6993621333,POINT (-87.699362133333 41.873654509697)