PERSON_ID,PERSON_TYPE,CRASH_RECORD_ID,CRASH_DATE_x,SEX,AGE,SAFETY_EQUIPMENT,PEDPEDAL_ACTION,PEDPEDAL_LOCATION,BAC_RESULT,CRASH_DATE_EST_I,POSTED_SPEED_LIMIT,WEATHER_CONDITION,LIGHTING_CONDITION,FIRST_CRASH_TYPE,TRAFFICWAY_TYPE,ALIGNMENT,ROADWAY_SURFACE_COND,CRASH_TYPE,STREET_NAME,LATITUDE,LONGITUDE,LOCATION
O1407272,BICYCLE,9c5cb0589e23a38c089ff96cf7e45c2632d27f64aef2caeeceb2b2b2eb7e99c123540a02c24a21005e71f04df79b7aa1afbd7365dd8efec2350f264d71af8794,08/27/2022 02:00:00 PM,M,,HELMET NOT USED,UNKNOWN/NA,IN ROADWAY,TEST NOT OFFERED,,30,CLEAR,DAYLIGHT,PEDALCYCLIST,ALLEY,STRAIGHT AND LEVEL,DRY,NO INJURY / DRIVE AWAY,25TH ST,41.8463289975,-87.7143591833,POINT (-87.714359183298 41.846328997518)
O1500973,BICYCLE,3297c8edee4fa18fffaa9e0f8b6b3b9c845a0636122d3af39d5b7555766c828298f6d50e5bd853b7a9d01ae9d11d36b7daf7ade9bbca62b647753363b8bedc39,08/27/2022 11:30:00 AM,M,17.0,HELMET NOT USED,CROSSING - WITH SIGNAL,BIKE LANE,TEST NOT OFFERED,,30,CLEAR,DAYLIGHT,PEDALCYCLIST,FOUR WAY,STRAIGHT AND LEVEL,DRY,INJURY AND / OR TOW DUE TO CRASH,GRAND AVE,41.919774901,-87.7707265258,POINT (-87.770726525828 41.919774900971)
O1408063,BICYCLE,2890bb0eb239198a23a69d2b91ac16e56ec481538026dda503d182e45c3dd011656d136950076ce4731bb3cdc80020be5a748f3821ce0e8caab190c0a2024929,08/27/2022 10:45:00 AM,F,64.0,BICYCLE HELMET (PEDACYCLIST INVOLVED ONLY),UNKNOWN/NA,IN ROADWAY,TEST NOT OFFERED,,30,CLEAR,DAYLIGHT,PEDALCYCLIST,ONE-WAY,STRAIGHT AND LEVEL,UNKNOWN,NO INJURY / DRIVE AWAY,ST LAWRENCE AVE,41.7420134731,-87.6099673245,POINT (-87.609967324536 41.742013473087)
O1406952,BICYCLE,b53fa750b2733fa11808e685c99d6716ec6796e3c0eda2c193746cff5f38753773db7d2d55d6288bf2411f4ae695a93cd05f16a09749931a266566ef5f1f55a3,08/27/2022 02:41:00 AM,M,32.0,HELMET NOT USED,WITH TRAFFIC,BIKEWAY,TEST NOT OFFERED,,30,CLEAR,"DARKNESS, LIGHTED ROAD",PEDALCYCLIST,NOT DIVIDED,STRAIGHT AND LEVEL,DRY,INJURY AND / OR TOW DUE TO CRASH,LAWRENCE AVE,41.9686635862,-87.6960269899,POINT (-87.696026989939 41.968663586153)
O1406782,BICYCLE,c7af9757cfcf94cd415f9c5deccfec0bbb46ba36b2052d3a2ca5d550c3d865f722123a8b6805d1506370a721e4204e314f178e80a4ceb266e3b4fb2c0b551447,08/26/2022 06:28:00 PM,F,13.0,HELMET NOT USED,ENTER FROM DRIVE/ALLEY,IN ROADWAY,TEST NOT OFFERED,,30,CLEAR,DAYLIGHT,PEDALCYCLIST,ONE-WAY,STRAIGHT AND LEVEL,DRY,INJURY AND / OR TOW DUE TO CRASH,WARWICK AVE,41.9482874047,-87.7857088227,POINT (-87.785708822676 41.948287404716)
O1406698,BICYCLE,bf3210b6a445d0be6f8a217981a5177002dd73f1842e1d3e3a9df3947bac0895e478b8ee09dcffeb4a53792dc5a1ae820e9e7c2e465126ce6913ed5056e1aae2,08/26/2022 05:00:00 PM,M,19.0,HELMET NOT USED,CROSSING - NO CONTROLS (NOT AT INTERSECTION),IN CROSSWALK,TEST NOT OFFERED,,30,CLEAR,DAYLIGHT,PEDALCYCLIST,NOT DIVIDED,STRAIGHT AND LEVEL,DRY,INJURY AND / OR TOW DUE TO CRASH,111TH ST,41.6923471258,-87.6522323351,POINT (-87.652232335145 41.692347125764)
O1406559,BICYCLE,5a232111477379a9baf3f1e59e372b6f3be73d7a9110a14a6e5d38bd2c5637ff48ce83f74333546f6ad6b7a98f14adc1f06704ad4461febc7673cc651275e27f,08/26/2022 02:55:00 PM,F,25.0,BICYCLE HELMET (PEDACYCLIST INVOLVED ONLY),OTHER ACTION,BIKE LANE,TEST NOT OFFERED,,30,CLEAR,DAYLIGHT,PEDALCYCLIST,NOT DIVIDED,STRAIGHT AND LEVEL,DRY,INJURY AND / OR TOW DUE TO CRASH,CLARK ST,41.9765755063,-87.6682636441,POINT (-87.668263644092 41.976575506301)
O1406523,BICYCLE,b4d478bc8600319db0d9c3a611ec83db0a13532534ac58a230937286ffc2fc20429a9b875c3bc48adebddffc3c5a832ca9c77614ced3cf9053b3e7fcd3b3958e,08/26/2022 02:21:00 PM,M,19.0,HELMET NOT USED,OTHER ACTION,DRIVEWAY ACCESS,TEST NOT OFFERED,,20,CLEAR,DAYLIGHT,PEDALCYCLIST,PARKING LOT,STRAIGHT AND LEVEL,DRY,INJURY AND / OR TOW DUE TO CRASH,63RD ST,41.7796270872,-87.6457363474,POINT (-87.645736347428 41.779627087199)
O1406440,BICYCLE,033196639fbc27060a184b7598a14ad82c6d676b81c98dda9a3e7ee3bbaf9bd143fc54b071c9f82de83d72fd7067e5714722cdcf7460ec931cf6308221106f0c,08/26/2022 12:01:00 PM,M,54.0,HELMET NOT USED,OTHER ACTION,IN ROADWAY,TEST NOT OFFERED,,30,CLOUDY/OVERCAST,DAYLIGHT,PEDALCYCLIST,T-INTERSECTION,STRAIGHT AND LEVEL,DRY,INJURY AND / OR TOW DUE TO CRASH,CHICAGO AVE,41.8950441424,-87.755665329,POINT (-87.755665329048 41.895044142418)
O1406296,BICYCLE,bf9b8f755883516deb89e9f1a3ea4d838d42251576e663425b30b0756adfbf0351c3c220be2465c09ba2885692893c89777ecb854c73c01a536b719e9b671b3a,08/26/2022 09:20:00 AM,M,36.0,BICYCLE HELMET (PEDACYCLIST INVOLVED ONLY),WITH TRAFFIC,IN ROADWAY,TEST NOT OFFERED,,30,CLEAR,DAYLIGHT,PEDALCYCLIST,NOT DIVIDED,STRAIGHT AND LEVEL,DRY,INJURY AND / OR TOW DUE TO CRASH,DIVISION ST,41.9037471381,-87.6480807796,POINT (-87.648080779561 41.903747138119)
O1406271,BICYCLE,95a823501a6cd809901ffdd05ffc26fc102fdef4f30aaf9865c72c2dc1e45e8fed7ada8e0ef1bc7c388155ec6bb3d340f3bb87b633e7b408bfaec94d5f85c528,08/26/2022 08:45:00 AM,M,29.0,BICYCLE HELMET (PEDACYCLIST INVOLVED ONLY),WITH TRAFFIC,IN ROADWAY,TEST NOT OFFERED,,30,CLEAR,DAYLIGHT,PEDALCYCLIST,NOT DIVIDED,STRAIGHT ON GRADE,DRY,INJURY AND / OR TOW DUE TO CRASH,CLARK ST,42.0066021779,-87.6735545785,POINT (-87.67355457849 42.006602177863)
O1406269,BICYCLE,b9778aafbc0d1f5fd78e7b9ad607ca1bf1994166e9ba10a537adbe04cf3656cbad3a948a466376308d57f8eb8a0052ae540bf91f07c58f49e595b3692d76662b,08/26/2022 08:19:00 AM,M,60.0,BICYCLE HELMET (PEDACYCLIST INVOLVED ONLY),AGAINST TRAFFIC,IN ROADWAY,TEST NOT OFFERED,,30,CLOUDY/OVERCAST,DAYLIGHT,PEDALCYCLIST,DIVIDED - W/MEDIAN (NOT RAISED),STRAIGHT AND LEVEL,DRY,INJURY AND / OR TOW DUE TO CRASH,AUSTIN AVE,41.9420035734,-87.7764997406,POINT (-87.776499740555 41.942003573424)
O1406117,BICYCLE,9cdf3bef48067ffd76bbe53d77d22129135bf6fed45958448d70ca34f6d298c8b1587e1f64ce894fbcfd9babce19a042550d85a4744c19e0a7d0e77081f9e471,08/25/2022 08:10:00 PM,X,,HELMET NOT USED,NO ACTION,BIKEWAY,TEST NOT OFFERED,,30,RAIN,"DARKNESS, LIGHTED ROAD",PARKED MOTOR VEHICLE,NOT DIVIDED,STRAIGHT AND LEVEL,WET,NO INJURY / DRIVE AWAY,MILWAUKEE AVE,41.907072426,-87.6720683608,POINT (-87.67206836083 41.907072425995)
O1406161,BICYCLE,39fe7918656dfbbfdbcf681139f08a94035156fc8f736733eb663a2fc1d0c165b71bb2aacce8301d14513f7c33c6563a4071bfcdb424f32a2c1919de6ec734dc,08/25/2022 07:52:00 PM,M,,HELMET NOT USED,NO ACTION,IN ROADWAY,TEST NOT OFFERED,,30,CLEAR,DUSK,PEDALCYCLIST,NOT DIVIDED,STRAIGHT AND LEVEL,DRY,NO INJURY / DRIVE AWAY,LAWRENCE AVE,41.9687456834,-87.6877327583,POINT (-87.68773275831 41.968745683419)
O1449826,BICYCLE,85b4ad4fceef5dc012bdf81a170388a7af1f351e1a006368a60c1f31857554cfd0e960c5085d4a870444702d0c1e5c86681ccb28d83df43d1680dee5f5dab50d,08/25/2022 07:30:00 PM,M,60.0,BICYCLE HELMET (PEDACYCLIST INVOLVED ONLY),WITH TRAFFIC,BIKE LANE,TEST NOT OFFERED,Y,30,CLEAR,DUSK,PEDALCYCLIST,DIVIDED - W/MEDIAN (NOT RAISED),STRAIGHT AND LEVEL,DRY,INJURY AND / OR TOW DUE TO CRASH,DIVERSEY AVE,41.9314811443,-87.7586759907,POINT (-87.758675990726 41.931481144313)
O1405881,BICYCLE,ef5462fcf28f52497dc194b4d62a50081c9adaa6e3719a944addcde8e1a5e8e64df1e065b2a90e10729c4a15a0f26201af40942c82d1c186a5efcc404cc5b780,08/25/2022 03:28:00 PM,M,21.0,HELMET NOT USED,WITH TRAFFIC,IN CROSSWALK,TEST NOT OFFERED,,30,CLEAR,DAYLIGHT,PEDALCYCLIST,FOUR WAY,STRAIGHT AND LEVEL,DRY,INJURY AND / OR TOW DUE TO CRASH,47TH ST,41.8086113503,-87.6562138229,POINT (-87.656213822937 41.808611350305)
O1406487,BICYCLE,409d271836bee918dd1d1486f5a3c3b98c8c419cb9d8563255935848154d9c236d02921355f3b659433352227edbcf8bc6665779b1985f4cda69d5e92c04160d,08/25/2022 10:32:00 AM,M,30.0,HELMET NOT USED,ENTER FROM DRIVE/ALLEY,SHOULDER,TEST NOT OFFERED,,30,RAIN,DAYLIGHT,PEDALCYCLIST,NOT DIVIDED,STRAIGHT AND LEVEL,WET,INJURY AND / OR TOW DUE TO CRASH,HALSTED ST,41.8517780146,-87.6463216802,POINT (-87.646321680192 41.851778014604)
O1405918,BICYCLE,786d70e20a287fe4fb9f8c41a79247404bfa8d590fe4e16085ae5bb9efeab440d75efaae43fdc1bdb5752b768067a83c95889fb76a00f279c84a38b8b2c7b01d,08/25/2022 09:00:00 AM,F,26.0,HELMET NOT USED,UNKNOWN/NA,IN ROADWAY,,,30,CLEAR,DAYLIGHT,PEDALCYCLIST,ONE-WAY,STRAIGHT AND LEVEL,DRY,INJURY AND / OR TOW DUE TO CRASH,LEAVITT ST,41.9163630877,-87.6823428415,POINT (-87.682342841538 41.916363087728)
O1407221,BICYCLE,d211139c7b47ccc0e4542b0ccddc7111f6783c76d5f3d11986646e420fee334aa8fea9fcbd6e76f8e0b32ea5323d37a488d7e740e4051846b0dad5dac074b9ae,08/24/2022 10:15:00 PM,M,38.0,HELMET NOT USED,WITH TRAFFIC,IN ROADWAY,TEST NOT OFFERED,,30,CLEAR,"DARKNESS, LIGHTED ROAD",PEDALCYCLIST,NOT DIVIDED,STRAIGHT AND LEVEL,DRY,INJURY AND / OR TOW DUE TO CRASH,BROADWAY,41.9451362802,-87.6457591691,POINT (-87.645759169101 41.945136280219)
O1704937,BICYCLE,3a09fecf4124f0b230d9e547a0b90a6f7bb78c005229de81b2ecc9e970acd534c0c8e369ae239912afb792c9830aa71a3cb54ca6c550e148a81ae4134345cc94,08/24/2022 07:00:00 PM,M,,HELMET NOT USED,WITH TRAFFIC,IN ROADWAY,TEST NOT OFFERED,,30,CLEAR,DAWN,PEDALCYCLIST,NOT DIVIDED,STRAIGHT AND LEVEL,DRY,INJURY AND / OR TOW DUE TO CRASH,ADDISON ST,41.947257247,-87.6592325765,POINT (-87.659232576491 41.947257246965)
O1405292,BICYCLE,1b1c6ed43ea5f615f5737d10af1b738edbb2026c36317b7f13b4a702ebf555e7ab9568d57b4b8d40d40a8e1e6274e8f7f52486931da2a21da4e8257da735f216,08/24/2022 05:44:00 PM,M,29.0,HELMET NOT USED,WITH TRAFFIC,IN ROADWAY,TEST NOT OFFERED,,30,CLEAR,DAYLIGHT,PEDALCYCLIST,NOT DIVIDED,STRAIGHT AND LEVEL,DRY,NO INJURY / DRIVE AWAY,WASHINGTON BLVD,41.8816034543,-87.7532790244,POINT (-87.753279024351 41.8816034543)
O1405195,BICYCLE,77a71cbfdac3b579d65309cb7f4fd85032247f664e328cd60354230719205e4130aad9c396ccfaee893ea15d35f3fcc94597779a59bebb8305d4fadf1e8e0dd8,08/24/2022 01:45:00 PM,M,,HELMET NOT USED,UNKNOWN/NA,IN ROADWAY,TEST NOT OFFERED,,30,CLEAR,DAYLIGHT,OTHER NONCOLLISION,DIVIDED - W/MEDIAN (NOT RAISED),STRAIGHT AND LEVEL,DRY,NO INJURY / DRIVE AWAY,CLARK ST,41.8824340116,-87.6310370142,POINT (-87.631037014209 41.882434011559)
O1408954,BICYCLE,789936fd9562f1049def0e4d859fa9d24e46acbee50db027557886192654df893d5b6169890384ecb77252b3735668c9b8090647716456f440c4e4d8c0c42b7b,08/24/2022 12:31:00 PM,F,39.0,HELMET NOT USED,WITH TRAFFIC,BIKE LANE,TEST NOT OFFERED,,15,CLEAR,DAYLIGHT,PEDALCYCLIST,NOT DIVIDED,STRAIGHT AND LEVEL,DRY,INJURY AND / OR TOW DUE TO CRASH,GRANVILLE AVE,41.9938690371,-87.6994524578,POINT (-87.699452457838 41.993869037112)
O1404922,BICYCLE,6fad142111e8722795dd78e0ad7b69518bf428a90910722d4889adb6a5bd58adee886f1681f65d788cda0c3b1cf86d77369113b44543eab8df56b328b70927c1,08/24/2022 08:18:00 AM,M,31.0,BICYCLE HELMET (PEDACYCLIST INVOLVED ONLY),WITH TRAFFIC,IN ROADWAY,TEST NOT OFFERED,,30,CLEAR,DAYLIGHT,PEDALCYCLIST,NOT DIVIDED,STRAIGHT AND LEVEL,DRY,INJURY AND / OR TOW DUE TO CRASH,21ST ST,41.8540155529,-87.6819069466,POINT (-87.681906946623 41.854015552912)
O1404851,BICYCLE,29e9222073134cb92c267189b96fffff59018593a2c3a41c59ce48354db85aafb2ff121cfd89c3e3ab7eb729e98ec26cac4f202feee99905c09cee3105102dd5,08/24/2022 07:15:00 AM,M,27.0,HELMET NOT USED,WITH TRAFFIC,IN ROADWAY,TEST NOT OFFERED,,30,CLEAR,DAYLIGHT,PEDALCYCLIST,DIVIDED - W/MEDIAN (NOT RAISED),STRAIGHT AND LEVEL,DRY,INJURY AND / OR TOW DUE TO CRASH,KEDZIE AVE,41.9661893654,-87.7085515093,POINT (-87.708551509335 41.966189365434)
O1404688,BICYCLE,a9f1d58991d0f6e5b6142abc14e5173297c3a440d0893eb8b9514dbe540490461bb118d6977e61809a65b21bc5b56628e60769b92d6e867579dcbd3730449625,08/23/2022 05:50:00 PM,M,57.0,HELMET NOT USED,AGAINST TRAFFIC,IN ROADWAY,TEST NOT OFFERED,,30,CLEAR,DAYLIGHT,PEDALCYCLIST,T-INTERSECTION,STRAIGHT AND LEVEL,DRY,INJURY AND / OR TOW DUE TO CRASH,ROCKWELL ST,41.9038621757,-87.6921215136,POINT (-87.692121513613 41.903862175657)
O1404614,BICYCLE,eb3f489a56687bf4bed7bd8bff966471f8cb51cc00100913b0a53a61c353065d71bfdb3f9c1005d0af124e003f6f534eb7a2e0a20b069df53c418afbedbfbe1d,08/23/2022 05:15:00 PM,M,64.0,HELMET NOT USED,UNKNOWN/NA,IN ROADWAY,TEST NOT OFFERED,,30,CLEAR,DAYLIGHT,PEDALCYCLIST,ONE-WAY,STRAIGHT AND LEVEL,DRY,INJURY AND / OR TOW DUE TO CRASH,86TH ST,41.7381342011,-87.6203173044,POINT (-87.620317304353 41.738134201091)
O1404742,BICYCLE,3b4bdd0d4936c0b90a7bd2ac0bd17976d3bd18bbaf57df67d2ca36e951a2a56be91150cd1d1ae0b05857ff9615d8dce6bab5275a662e411fc8e82ef75961ec9d,08/23/2022 05:00:00 PM,M,30.0,HELMET NOT USED,WITH TRAFFIC,BIKEWAY,TEST NOT OFFERED,,30,CLEAR,DAYLIGHT,PEDALCYCLIST,CENTER TURN LANE,STRAIGHT AND LEVEL,DRY,INJURY AND / OR TOW DUE TO CRASH,CANAL ST,41.8674395652,-87.6393411787,POINT (-87.639341178656 41.867439565249)
O1404589,BICYCLE,59e77beb3f171a558480903ec0db93fea571e833f6297b3ce2a7c0b1fb824a3c516a979906674b3d6a73d2d06b6f4a303b8d2fba65a1c9189bb821cba285bf66,08/23/2022 05:00:00 PM,M,,HELMET NOT USED,UNKNOWN/NA,IN ROADWAY,TEST NOT OFFERED,,25,UNKNOWN,DAYLIGHT,PEDALCYCLIST,ONE-WAY,STRAIGHT AND LEVEL,UNKNOWN,NO INJURY / DRIVE AWAY,AVERS AVE,41.9062275669,-87.7229050715,POINT (-87.722905071521 41.906227566867)
O1404572,BICYCLE,ca7115094822c0fc7d3f840803da7508d4c0dbcc73d641dff0d3ae10f6118913bdc285d0c3fcaaa266b7ed47d8bdc0b392fa50bb040ec20253030f350f3cfb4a,08/23/2022 04:49:00 PM,F,25.0,BICYCLE HELMET (PEDACYCLIST INVOLVED ONLY),WITH TRAFFIC,IN ROADWAY,,,30,CLEAR,DAYLIGHT,PEDALCYCLIST,ONE-WAY,STRAIGHT AND LEVEL,DRY,NO INJURY / DRIVE AWAY,LINDER AVE,41.9623296611,-87.7649930257,POINT (-87.764993025653 41.962329661063)
O1404712,BICYCLE,93c2c885b4bf0a558493ddd69d98f533097a3eb1b6221d6f4407d2e2a7e72a5c0a5afe3c24fcb3e7c15631e5d5ab47a50e38ec95375e18c14d5b8b815755d0da,08/23/2022 03:07:00 PM,M,35.0,HELMET NOT USED,OTHER ACTION,NOT IN ROADWAY,TEST NOT OFFERED,,30,CLEAR,DAYLIGHT,PEDALCYCLIST,ALLEY,STRAIGHT AND LEVEL,DRY,INJURY AND / OR TOW DUE TO CRASH,WARREN BLVD,41.8823398593,-87.676787988,POINT (-87.676787987969 41.882339859326)
O1404487,BICYCLE,abdc3e7c91b9c4bef26d566079fafbc7c3e15b8d92ccf54697a5c5da098d2949f5b33f1860209ea1f0209148b545f5bad0744abf1b2904af62300151b4522e09,08/23/2022 02:30:00 PM,M,47.0,BICYCLE HELMET (PEDACYCLIST INVOLVED ONLY),WITH TRAFFIC,IN ROADWAY,TEST NOT OFFERED,,30,CLEAR,DAYLIGHT,PEDALCYCLIST,NOT DIVIDED,STRAIGHT AND LEVEL,DRY,NO INJURY / DRIVE AWAY,LELAND AVE,41.9671831094,-87.6538820472,POINT (-87.653882047184 41.967183109403)
O1405281,BICYCLE,9b9f9972e636bb7261c0d776f7ee35080505bb50f4de42d8293dc682ef6ee997cc0c87ab9a7ca68c01d39a11b6ac38e1cfa4694b507c38b1f762269659f6ce1a,08/23/2022 10:50:00 AM,M,33.0,HELMET NOT USED,WITH TRAFFIC,BIKE LANE,TEST NOT OFFERED,,30,CLEAR,DAYLIGHT,PEDALCYCLIST,NOT DIVIDED,STRAIGHT AND LEVEL,DRY,INJURY AND / OR TOW DUE TO CRASH,HALSTED ST,41.8856389185,-87.6473262383,POINT (-87.647326238258 41.885638918531)
O1404094,BICYCLE,48a1a95f099011e4b1eb85f0e7f3bc2974336d0c0549898fb582c489b60f7363115b318fe58c31144ffe7baa19f6765a9354376c41f746206175d520894e7014,08/22/2022 10:57:00 PM,M,60.0,HELMET NOT USED,CROSSING - NO CONTROLS (NOT AT INTERSECTION),IN CROSSWALK,TEST NOT OFFERED,,30,CLEAR,"DARKNESS, LIGHTED ROAD",PEDALCYCLIST,T-INTERSECTION,STRAIGHT AND LEVEL,DRY,INJURY AND / OR TOW DUE TO CRASH,ARTHINGTON ST,41.8697800477,-87.7195583323,POINT (-87.719558332256 41.869780047698)
O1404038,BICYCLE,9bda81b79655142a8b7fbdaa6a40e20e1a5382f85c8e076d5f169c7547fc9c3bf9438906424289362cee5fed12c5a2394929d345cd772691dfa91f772e5280cb,08/22/2022 08:17:00 PM,M,6.0,HELMET NOT USED,ENTER FROM DRIVE/ALLEY,IN ROADWAY,TEST NOT OFFERED,,30,CLEAR,"DARKNESS, LIGHTED ROAD",PEDALCYCLIST,ALLEY,STRAIGHT AND LEVEL,DRY,INJURY AND / OR TOW DUE TO CRASH,PARKER AVE,41.9303916594,-87.7558026402,POINT (-87.755802640174 41.930391659421)
O1404085,BICYCLE,a25e30a8677b547e7712ed3f325727182af64a94d63ab32a63ba4c2a62178719408ed21ea0f3fd4f170cc1db021395461c28f2c41bfa3628dc0c1d715dafae3d,08/22/2022 08:13:00 PM,F,27.0,HELMET NOT USED,CROSSING - WITH SIGNAL,BIKE LANE,TEST NOT OFFERED,,30,CLEAR,"DARKNESS, LIGHTED ROAD",PEDALCYCLIST,NOT DIVIDED,STRAIGHT AND LEVEL,DRY,INJURY AND / OR TOW DUE TO CRASH,COTTAGE GROVE AVE,41.8310518402,-87.6107390638,POINT (-87.61073906376 41.831051840212)
O1405394,BICYCLE,1929ea7d27ec3b81c18ad6749257ef4488182a9f74c14e002cfc99bc1fa4099be70450df19933be05430c49ef48ce2d2cd689db783ae66f10fac99b3b00c4f40,08/22/2022 06:00:00 PM,M,38.0,HELMET NOT USED,CROSSING - WITH SIGNAL,IN ROADWAY,TEST NOT OFFERED,N,30,CLEAR,DAYLIGHT,PEDALCYCLIST,NOT DIVIDED,STRAIGHT AND LEVEL,DRY,INJURY AND / OR TOW DUE TO CRASH,KOSTNER AVE,41.9073769303,-87.7364191213,POINT (-87.736419121286 41.907376930275)
O1403888,BICYCLE,72ee64fbbfd73a2ec14002782bf3229d8a0d8334a86af0a1c0f1c0f8483da2037d35ab02ad907369473275384d74f81af6aac7ab14dc9e191f3c3e4f1acb4eb2,08/22/2022 05:18:00 PM,M,24.0,BICYCLE HELMET (PEDACYCLIST INVOLVED ONLY),CROSSING - WITH SIGNAL,BIKE LANE,TEST NOT OFFERED,,30,CLEAR,DAYLIGHT,PEDALCYCLIST,NOT DIVIDED,STRAIGHT AND LEVEL,DRY,NO INJURY / DRIVE AWAY,DAMEN AVE,41.9105884215,-87.6776438203,POINT (-87.677643820277 41.91058842145)
O1403776,BICYCLE,c5dce220b71e8bfef19050f098d3e42e2efa5bac5193d56ca58b8474137ecef88623e8ba14b98780b49cb03590119719656d1968a01a65e50ebb9bab333c80b9,08/22/2022 03:35:00 PM,M,58.0,BICYCLE HELMET (PEDACYCLIST INVOLVED ONLY),WITH TRAFFIC,BIKE LANE,TEST NOT OFFERED,,25,CLEAR,DAYLIGHT,PEDALCYCLIST,NOT DIVIDED,STRAIGHT AND LEVEL,DRY,INJURY AND / OR TOW DUE TO CRASH,LOGAN BLVD,41.9302954586,-87.6858187416,POINT (-87.685818741592 41.930295458606)
O1403814,BICYCLE,1e1a2805eb4a6223ea16de23c4d42f6be6d2447e4b1690e5d89187b9a593c3e03667b2e4e6fea296f471443169ece9a65a472091488f7ee61158fb7f6bc6c503,08/22/2022 03:20:00 PM,M,26.0,HELMET NOT USED,TURNING LEFT,UNKNOWN/NA,TEST NOT OFFERED,,35,CLEAR,DAYLIGHT,PEDALCYCLIST,FOUR WAY,STRAIGHT AND LEVEL,DRY,INJURY AND / OR TOW DUE TO CRASH,71ST ST,41.7647997332,-87.663734792,POINT (-87.663734791989 41.764799733203)
O1403713,BICYCLE,1eaa9d33c6eca78aea248b337b4f9a3fb3dec25dc6c867be16121cffe6bd3228189e097a5f0e82293312c17eeba42058f00058a91cfd473187fedd5387c26964,08/22/2022 01:45:00 PM,M,,HELMET NOT USED,WITH TRAFFIC,IN ROADWAY,TEST NOT OFFERED,,25,CLEAR,DAYLIGHT,PEDALCYCLIST,ONE-WAY,STRAIGHT AND LEVEL,DRY,NO INJURY / DRIVE AWAY,101ST ST,41.7099119481,-87.6824129117,POINT (-87.682412911693 41.709911948073)
O1403661,NON-MOTOR VEHICLE,4463d7e2d3334ba22bcbfb9e65769dd342508b194e34bd13c33b7d117bcc6a9d98898a3fced46d77ee42c702a0c6762451a28f40eee509012a2d2f7d453a9e1a,08/22/2022 11:00:00 AM,M,60.0,HELMET USED,NO ACTION,IN ROADWAY,TEST NOT OFFERED,,35,CLEAR,DAYLIGHT,OTHER OBJECT,ONE-WAY,STRAIGHT AND LEVEL,DRY,INJURY AND / OR TOW DUE TO CRASH,RACINE AVE,41.9362390076,-87.6589875371,POINT (-87.658987537149 41.936239007605)
O1403655,BICYCLE,8988e89c3cf8744e59dda391df6e9fab228948826a1ac5b643f702e529248f4e8fd31ae7c4568c338718ea1a257ec3c068b18a19f96626a20d64c897be274ea2,08/22/2022 10:30:00 AM,F,31.0,HELMET NOT USED,UNKNOWN/NA,UNKNOWN/NA,TEST NOT OFFERED,Y,25,CLEAR,DAYLIGHT,PEDALCYCLIST,T-INTERSECTION,STRAIGHT AND LEVEL,DRY,INJURY AND / OR TOW DUE TO CRASH,MADISON ST,41.880643788,-87.7421719266,POINT (-87.742171926643 41.880643788046)
O1403925,BICYCLE,b21cb5967a6fcfece51ec298fe1f5f9be08db7c2608633a1a0357d90e708b3bacd85711651f3f6da13cec7d0581277c42ea1deb95cb73b5214f954c298c6194f,08/22/2022 10:00:00 AM,M,18.0,HELMET NOT USED,CROSSING - WITH SIGNAL,IN CROSSWALK,TEST NOT OFFERED,,30,CLEAR,DAYLIGHT,PEDALCYCLIST,NOT DIVIDED,STRAIGHT AND LEVEL,DRY,NO INJURY / DRIVE AWAY,KEDZIE AVE,41.7897908215,-87.7035987697,POINT (-87.703598769655 41.789790821511)
O1403626,BICYCLE,52af6247953e05c20b7bc67753ce021c54cc79ae51d95559401343b7c2ed4aeb5a5c81170a0e2920ab38e4b0cc2b29661a861ed7f38eacbadaee6aaf6748e314,08/22/2022 09:45:00 AM,M,,HELMET NOT USED,CROSSING - NO CONTROLS (NOT AT INTERSECTION),BIKEWAY,TEST NOT OFFERED,,30,CLEAR,DAYLIGHT,PEDALCYCLIST,NOT DIVIDED,STRAIGHT AND LEVEL,DRY,NO INJURY / DRIVE AWAY,HUMBOLDT BLVD,41.9139252472,-87.702127645,POINT (-87.702127645039 41.913925247246)
O1403525,BICYCLE,70fe00f66fbc98cd26c964f390cfe510d2544b7a30a988a83045ec18fa7dbb2674f20136b302aea1f75d155e3c08583b1031eb7e8a9e6c6ad2e8d4b4583a1a79,08/22/2022 07:48:00 AM,F,17.0,BICYCLE HELMET (PEDACYCLIST INVOLVED ONLY),NOT AT INTERSECTION,IN CROSSWALK,TEST NOT OFFERED,,30,CLEAR,DAYLIGHT,PEDALCYCLIST,FOUR WAY,STRAIGHT AND LEVEL,DRY,INJURY AND / OR TOW DUE TO CRASH,DRAKE AVE,41.9466078412,-87.7165375953,POINT (-87.71653759535 41.946607841165)
O1423924,BICYCLE,e56e02b0892e56ace528f5b9cba8574f22d3ec3d5c48a9df480452f9e3b53b04582cc4d5f0668773e188458b939335d381eb0c416c83a9636412ea92a13435cb,08/22/2022 06:10:00 AM,F,31.0,BICYCLE HELMET (PEDACYCLIST INVOLVED ONLY),TURNING LEFT,BIKE LANE,TEST NOT OFFERED,,25,CLEAR,DAYLIGHT,PEDALCYCLIST,NOT DIVIDED,STRAIGHT AND LEVEL,DRY,NO INJURY / DRIVE AWAY,LAKE SHORE DR,41.9411052933,-87.6396605291,POINT (-87.639660529114 41.941105293323)