PERSON_ID,PERSON_TYPE,CRASH_RECORD_ID,CRASH_DATE_x,SEX,AGE,SAFETY_EQUIPMENT,PEDPEDAL_ACTION,PEDPEDAL_LOCATION,BAC_RESULT,CRASH_DATE_EST_I,POSTED_SPEED_LIMIT,WEATHER_CONDITION,LIGHTING_CONDITION,FIRST_CRASH_TYPE,TRAFFICWAY_TYPE,ALIGNMENT,ROADWAY_SURFACE_COND,CRASH_TYPE,STREET_NAME,LATITUDE,LONGITUDE,LOCATION
O1403325,BICYCLE,41ab80e997a494721adca4210c0ad6175cdbddd531a721ebe84f5d9cf06cdcc09044d5b463397e275967ab23f6299db8dca2e325ed9033de74496f398fe8a22f,08/21/2022 06:40:00 PM,M,,BICYCLE HELMET (PEDACYCLIST INVOLVED ONLY),WITH TRAFFIC,IN ROADWAY,TEST NOT OFFERED,,30,CLEAR,DUSK,PEDALCYCLIST,ONE-WAY,STRAIGHT AND LEVEL,UNKNOWN,NO INJURY / DRIVE AWAY,BERWYN AVE,41.9778005105,-87.6905874278,POINT (-87.690587427804 41.977800510458)
O1416025,BICYCLE,26850c4097a3e55158fed026cfbce3895658427bec43e5f5cb71dcb7ce5c90361190fb9b2bbc4314e4fb1a3659339e2cf2212deb8f6af415c9c514a0bbd9572c,08/21/2022 04:30:00 PM,M,60.0,HELMET NOT USED,UNKNOWN/NA,IN ROADWAY,TEST NOT OFFERED,,30,CLEAR,DAYLIGHT,PEDALCYCLIST,ONE-WAY,STRAIGHT AND LEVEL,DRY,NO INJURY / DRIVE AWAY,CAMPBELL AVE,41.9049100777,-87.6896854294,POINT (-87.689685429391 41.904910077685)
O1403190,BICYCLE,6b6dc29fa7cf5d58a0088157ee97707722836d885ad9263be91271002389c6c24c1fc1593435ea9e2e0b80fb74602359e434a55083fc2c702cb0ac47e9abeb31,08/21/2022 01:45:00 PM,M,33.0,BICYCLE HELMET (PEDACYCLIST INVOLVED ONLY),UNKNOWN/NA,IN CROSSWALK,TEST NOT OFFERED,,30,CLEAR,DAYLIGHT,PEDALCYCLIST,FOUR WAY,STRAIGHT AND LEVEL,DRY,INJURY AND / OR TOW DUE TO CRASH,OGDEN AVE,41.8580532553,-87.705555636,POINT (-87.705555636014 41.858053255297)
O1403214,BICYCLE,b8813ff4e2b987b9cfd820db424e1cb76c223869d65f7cc395df05c40811a7f933a1f50579e6ad98cc58e037e54ecbadebd7cf30cbe35be94c186d9be0e6971a,08/21/2022 01:45:00 PM,,,HELMET NOT USED,CROSSING - WITH SIGNAL,IN ROADWAY,TEST NOT OFFERED,,30,CLEAR,DAYLIGHT,PEDALCYCLIST,FOUR WAY,STRAIGHT AND LEVEL,DRY,NO INJURY / DRIVE AWAY,MADISON ST,41.8811606025,-87.6988530483,POINT (-87.698853048327 41.881160602544)
O1403264,BICYCLE,227dfad4ac6071f9d1a3e231962d974f511f845ae84a07d5cdd5336a5769d13f79c4de2f985ae35682c8cf4dbba1dc5231744a3b7a4dd8a5f3c619aec3bb19a2,08/21/2022 01:30:00 PM,M,27.0,HELMET NOT USED,CROSSING - WITH SIGNAL,IN CROSSWALK,TEST NOT OFFERED,,30,CLEAR,DAYLIGHT,PEDALCYCLIST,FOUR WAY,STRAIGHT AND LEVEL,DRY,INJURY AND / OR TOW DUE TO CRASH,BALTIMORE AVE,41.7300110593,-87.5486427116,POINT (-87.548642711603 41.730011059303)
O1403109,BICYCLE,799c5206c2d83612dcfe2807392816d9546da0aeb20d4d2985a682346576cbe87a2ffc9786a314bffb0186514ab27bfe346a946c393a29734328b294f35efe4e,08/21/2022 10:30:00 AM,F,44.0,HELMET NOT USED,TURNING RIGHT,IN ROADWAY,TEST NOT OFFERED,,20,CLEAR,DAYLIGHT,PEDALCYCLIST,DIVIDED - W/MEDIAN (NOT RAISED),STRAIGHT AND LEVEL,DRY,NO INJURY / DRIVE AWAY,102ND ST,41.7088230385,-87.6283004088,POINT (-87.628300408753 41.708823038458)
O1403099,NON-MOTOR VEHICLE,c4887400723d848b14a664ff74ab8b3ce814791807c5aae46a217bdd9db369328f3f54c9f5cf3ea678b0240219d5aca7509ff14dddabd89be803fce5af64e1e6,08/21/2022 03:00:00 AM,X,,USAGE UNKNOWN,,,,Y,30,UNKNOWN,UNKNOWN,FIXED OBJECT,NOT DIVIDED,STRAIGHT AND LEVEL,UNKNOWN,NO INJURY / DRIVE AWAY,59TH ST,41.7851214761,-87.7814804139,POINT (-87.781480413863 41.785121476113)
O1406746,BICYCLE,9b5478542b727b16883478747b003d632b8132af5454764565b99480d2f683f1a969c6b9398c91b9c1cf10ed2cd979a4512126b43f139804c8584a3fb648b493,08/21/2022 02:30:00 AM,M,50.0,BICYCLE HELMET (PEDACYCLIST INVOLVED ONLY),OTHER ACTION,IN ROADWAY,TEST NOT OFFERED,,30,UNKNOWN,UNKNOWN,PEDALCYCLIST,NOT DIVIDED,STRAIGHT AND LEVEL,UNKNOWN,INJURY AND / OR TOW DUE TO CRASH,MILWAUKEE AVE,41.911369887,-87.6792222136,POINT (-87.679222213649 41.91136988698)
O1402924,NON-MOTOR VEHICLE,50dbb55447e644e6b9f463506c45cc49922feed55a295715c30cd493aa836e5e0d41b06a52e15eebffda79f797d73c56674ce4be58eddc8c1b1d98cd2054b528,08/21/2022 01:00:00 AM,M,37.0,NONE PRESENT,UNKNOWN/NA,UNKNOWN/NA,TEST NOT OFFERED,Y,30,RAIN,"DARKNESS, LIGHTED ROAD",OTHER OBJECT,NOT DIVIDED,STRAIGHT AND LEVEL,UNKNOWN,INJURY AND / OR TOW DUE TO CRASH,75TH ST,41.758051433,-87.6263415839,POINT (-87.626341583898 41.758051432973)
O1403149,BICYCLE,a5f862d901da6ccd03b63241f94c71ea86d45ad76b71186679989a273c816e101f8b77571324204c4c96117165e935fec8611b49f7aa902060de618a9e8d06f9,08/20/2022 05:10:00 PM,F,27.0,BICYCLE HELMET (PEDACYCLIST INVOLVED ONLY),WITH TRAFFIC,BIKEWAY,TEST NOT OFFERED,,30,CLEAR,DAYLIGHT,PEDALCYCLIST,NOT DIVIDED,STRAIGHT AND LEVEL,DRY,INJURY AND / OR TOW DUE TO CRASH,BELMONT AVE,41.9388524408,-87.736980572,POINT (-87.736980571951 41.938852440777)
O1402502,BICYCLE,066ff52ea175a07dd23f85f23ea084fb93d28131923020355d664386c69c180e62ba2ddbdd6a307f6611a60a98a9226358f8308c7f75724a92a2a7c9436da729,08/20/2022 12:00:00 PM,M,26.0,HELMET NOT USED,NO ACTION,IN ROADWAY,TEST NOT OFFERED,,35,RAIN,DAYLIGHT,PEDALCYCLIST,NOT DIVIDED,STRAIGHT AND LEVEL,WET,NO INJURY / DRIVE AWAY,CENTRAL AVE,41.8698360705,-87.7645567476,POINT (-87.764556747647 41.869836070467)
O1402435,BICYCLE,56a91e66d9f0db16b67678bc6c5fe6bf043e6c89abaa4c2296acce786e5ceac1842e0a1bab38807cb4cc9f70c88434bd60eb5b42c61c0795191ed10b00845a8b,08/20/2022 08:55:00 AM,M,25.0,BICYCLE HELMET (PEDACYCLIST INVOLVED ONLY),WITH TRAFFIC,BIKEWAY,TEST NOT OFFERED,,30,CLOUDY/OVERCAST,UNKNOWN,PEDALCYCLIST,NOT DIVIDED,STRAIGHT AND LEVEL,UNKNOWN,INJURY AND / OR TOW DUE TO CRASH,MC FETRIDGE DR,41.8648880153,-87.6174011267,POINT (-87.617401126734 41.864888015334)
O1402165,BICYCLE,105adcddf72138b4c7e911c9038b4e07fdcbaf570b17f991b75e2fa7d34e2832e8626867e4fd15a6c168be409c47055d3387de54d4e15f83b76cd3d8a3a8124a,08/19/2022 08:30:00 PM,M,29.0,HELMET NOT USED,CROSSING - AGAINST SIGNAL,IN ROADWAY,,,30,CLEAR,"DARKNESS, LIGHTED ROAD",PEDALCYCLIST,DIVIDED - W/MEDIAN (NOT RAISED),STRAIGHT AND LEVEL,DRY,INJURY AND / OR TOW DUE TO CRASH,DIVISION ST,41.9034567168,-87.6674472192,POINT (-87.66744721919 41.903456716826)
O1402014,BICYCLE,486854bf1cbd601c2d73cb6445773cc8754b444c221230899b441fbd57e3cc2ee20baaa97b1594b44f6d61408f49c353fca251e9ce9e4bd2137a159a9e74163b,08/19/2022 05:41:00 PM,F,30.0,HELMET NOT USED,CROSSING - CONTROLS PRESENT (NOT AT INTERSECTION),IN ROADWAY,TEST NOT OFFERED,,30,CLEAR,DAYLIGHT,PEDALCYCLIST,NOT DIVIDED,STRAIGHT AND LEVEL,DRY,INJURY AND / OR TOW DUE TO CRASH,ELSTON AVE,41.9308995514,-87.6861730035,POINT (-87.686173003525 41.93089955142)
O1402002,BICYCLE,4e09f33e243378ec0ce43f0635f6fd8e9cbfe78e13cab9c13d0461d90ac5f72d139d108aa4399be2386238d3474ad473dd581820c795629f2a44085125124ed0,08/19/2022 05:00:00 PM,M,44.0,HELMET NOT USED,WITH TRAFFIC,UNKNOWN/NA,TEST NOT OFFERED,,30,CLEAR,DAYLIGHT,PEDALCYCLIST,DIVIDED - W/MEDIAN (NOT RAISED),STRAIGHT AND LEVEL,DRY,INJURY AND / OR TOW DUE TO CRASH,ELSTON AVE,41.9088559707,-87.6608516394,POINT (-87.660851639391 41.908855970655)
O1403085,BICYCLE,6edcbff3dd1e3a41365541e24b36bbd92fccffdfd791ed42480c2ad2552db011e7255e82ff4d1e493cf85365dd68611962f0b5b676d5f3be8f8dcb8c2710b80b,08/19/2022 04:45:00 PM,M,16.0,HELMET NOT USED,CROSSING - NO CONTROLS (AT INTERSECTION),IN ROADWAY,TEST NOT OFFERED,Y,30,CLEAR,DAYLIGHT,PEDALCYCLIST,NOT DIVIDED,STRAIGHT AND LEVEL,DRY,INJURY AND / OR TOW DUE TO CRASH,PRATT BLVD,42.0054415509,-87.6731482394,POINT (-87.673148239354 42.005441550942)
O1401945,NON-MOTOR VEHICLE,2ee608045fca02eea78297aa02142a35dc9935b0ec7c71f248ce6b1230322b2d1678d10b0b10e7537787030f0f50f65e19ea9966bd69dda56caec7453dccc893,08/19/2022 03:54:00 PM,M,40.0,HELMET USED,WITH TRAFFIC,BIKEWAY,TEST NOT OFFERED,,30,CLEAR,DAYLIGHT,OTHER OBJECT,DIVIDED - W/MEDIAN (NOT RAISED),STRAIGHT AND LEVEL,DRY,INJURY AND / OR TOW DUE TO CRASH,HALSTED ST,41.9366803715,-87.6490055016,POINT (-87.649005501581 41.936680371511)
O1403635,BICYCLE,16e772a29aa903888df465c34679f52f070333c6e11ab7b3018afc15420e42ce35be3f4c795cebf9d798823e30013340c7547f66b3803a3cb03c3487303b1d89,08/19/2022 03:20:00 PM,F,,BICYCLE HELMET (PEDACYCLIST INVOLVED ONLY),WITH TRAFFIC,BIKE LANE,TEST NOT OFFERED,,30,CLEAR,DAYLIGHT,PEDALCYCLIST,DIVIDED - W/MEDIAN (NOT RAISED),STRAIGHT AND LEVEL,DRY,INJURY AND / OR TOW DUE TO CRASH,MILWAUKEE AVE,41.9246468005,-87.7004205955,POINT (-87.700420595529 41.924646800503)
O1405816,BICYCLE,b4e0834d87df91652b945c6cabb66289d52ea6ae024477754f2ae7e232864a29c76a5c2d0afcb8a82d9d2228535b5fabd185121ed9cd005c101081b58a4399bc,08/19/2022 11:25:00 AM,M,28.0,BICYCLE HELMET (PEDACYCLIST INVOLVED ONLY),OTHER ACTION,BIKEWAY,TEST NOT OFFERED,,30,UNKNOWN,DAYLIGHT,PEDALCYCLIST,NOT DIVIDED,STRAIGHT AND LEVEL,UNKNOWN,INJURY AND / OR TOW DUE TO CRASH,HALSTED ST,41.9388697895,-87.6490864972,POINT (-87.649086497223 41.938869789494)
O1401660,BICYCLE,06a0ceeb6e0a802a256a9afcf7ebd4e17516cddcf5d27328ac9a5a94966a904f6a150b87c8b472f5411c9be5a5e229c19340a5ef3dfc986f5448f728e8f35e19,08/19/2022 08:07:00 AM,M,15.0,HELMET NOT USED,CROSSING - NO CONTROLS (NOT AT INTERSECTION),IN ROADWAY,TEST NOT OFFERED,,30,CLEAR,DAYLIGHT,PEDALCYCLIST,DIVIDED - W/MEDIAN (NOT RAISED),STRAIGHT AND LEVEL,DRY,NO INJURY / DRIVE AWAY,52ND ST,41.7992725043,-87.6940144638,POINT (-87.694014463785 41.799272504267)
O1407965,BICYCLE,92bae88097969c52a0d272b6a3967763b6e86df0a5c1dfd4ef9777128ea8feda3a029f355667d41ee14e26b11be40122ba00eaf5de8b6d0ef6e0f7072ea308be,08/19/2022 07:40:00 AM,F,39.0,BICYCLE HELMET (PEDACYCLIST INVOLVED ONLY),TURNING LEFT,IN ROADWAY,TEST NOT OFFERED,,30,CLEAR,DAYLIGHT,PEDALCYCLIST,FOUR WAY,STRAIGHT AND LEVEL,DRY,INJURY AND / OR TOW DUE TO CRASH,OAKLEY BLVD,41.8993151702,-87.684337078,POINT (-87.684337077952 41.899315170217)
O1401508,BICYCLE,1a08c809f09a92cc0a6b5bf22aabb746597ffad890b47b2513a4f89985df060d4345078f715e070c44068e104bffbacb325247218573a44688e90ea3a3832c22,08/18/2022 08:24:00 PM,M,51.0,HELMET NOT USED,WITH TRAFFIC,IN ROADWAY,TEST NOT OFFERED,,30,CLEAR,"DARKNESS, LIGHTED ROAD",PEDALCYCLIST,NOT DIVIDED,STRAIGHT AND LEVEL,DRY,INJURY AND / OR TOW DUE TO CRASH,FULLERTON AVE,41.9246204456,-87.7247839565,POINT (-87.724783956496 41.924620445619)
O1401493,BICYCLE,274b6261269346933efe0a2824c91d0852125c3400179bdc51d167c1343177ad78ade8508624a6e5b543e3c9eb0c5a330d462d3cc7742c717e507b7ff839b9e0,08/18/2022 08:00:00 PM,M,34.0,HELMET NOT USED,WITH TRAFFIC,IN ROADWAY,TEST NOT OFFERED,,25,CLEAR,"DARKNESS, LIGHTED ROAD",PEDALCYCLIST,NOT DIVIDED,STRAIGHT AND LEVEL,DRY,NO INJURY / DRIVE AWAY,BROADWAY,41.9466852636,-87.6467069422,POINT (-87.646706942202 41.946685263625)
O1401424,BICYCLE,a9a49a7965992eed832c379ca0a4ec4291604031b0579a8da606bbb8dc21a25b38e208e99ccc428f1e05be9ec008f3af7d2eaf7010490ee72f3de52496774a54,08/18/2022 06:01:00 PM,M,36.0,HELMET NOT USED,CROSSING - NO CONTROLS (AT INTERSECTION),IN CROSSWALK,,,30,CLEAR,DAYLIGHT,PEDALCYCLIST,NOT DIVIDED,STRAIGHT AND LEVEL,DRY,INJURY AND / OR TOW DUE TO CRASH,DEVON AVE,41.9980983595,-87.6752533739,POINT (-87.675253373877 41.998098359481)
O1401300,NON-MOTOR VEHICLE,781dbf6d6ceeb9bfe7180398e64e17ed397d5ee7eb55063aac992a26784a35c182c3ec7beff2bde6c2cc907aa00c58db040c64b0ad8c8de97cf8b813292a8fb2,08/18/2022 01:51:00 PM,M,,USAGE UNKNOWN,UNKNOWN/NA,IN ROADWAY,TEST NOT OFFERED,,30,UNKNOWN,UNKNOWN,OTHER OBJECT,ONE-WAY,STRAIGHT AND LEVEL,UNKNOWN,INJURY AND / OR TOW DUE TO CRASH,RUSH ST,41.8932729063,-87.6255641447,POINT (-87.625564144668 41.893272906304)
O1400818,BICYCLE,ab9d6dcc78877e839e071264bf6498502a02bfc1e23ea940e1311a04f894a5ce961ecb74e30650aecf2d025fe0a26ae1bc9cac7af9f8b5e000092c6b158f1bf4,08/17/2022 06:22:00 PM,M,59.0,HELMET NOT USED,CROSSING - NO CONTROLS (AT INTERSECTION),IN ROADWAY,TEST NOT OFFERED,,30,CLEAR,DAYLIGHT,PEDALCYCLIST,NOT DIVIDED,STRAIGHT AND LEVEL,DRY,INJURY AND / OR TOW DUE TO CRASH,DAMEN AVE,41.9732104165,-87.6791709838,POINT (-87.679170983811 41.973210416487)
O1400858,BICYCLE,aa17b06e6e614fe66377d684ce41ba574daa1af5c4460d02f6bab1c5fd846c3140ad1956b51d15c19184d4c813e47de474e0f29993e4fd7fc9ea88cd3c718b8a,08/17/2022 05:50:00 PM,M,39.0,BICYCLE HELMET (PEDACYCLIST INVOLVED ONLY),NO ACTION,IN ROADWAY,TEST NOT OFFERED,,30,CLEAR,"DARKNESS, LIGHTED ROAD",PEDALCYCLIST,DIVIDED - W/MEDIAN (NOT RAISED),STRAIGHT AND LEVEL,DRY,INJURY AND / OR TOW DUE TO CRASH,MILWAUKEE AVE,41.9169395903,-87.687828323,POINT (-87.687828322989 41.916939590331)
O1400746,BICYCLE,63ad4e937581a541fec0d941a8c60030496460b7eadb2b521fe3a28348d51b37215cee3db4df5f3827617db8462c3ee37e835924f05b3a6c1be68e480f797a3c,08/17/2022 05:29:00 PM,M,38.0,BICYCLE HELMET (PEDACYCLIST INVOLVED ONLY),TURNING LEFT,IN ROADWAY,TEST NOT OFFERED,,30,CLEAR,DAYLIGHT,PEDALCYCLIST,NOT DIVIDED,STRAIGHT AND LEVEL,DRY,NO INJURY / DRIVE AWAY,HIGGINS AVE,41.9836482451,-87.8168794786,POINT (-87.816879478559 41.983648245149)
O1400798,BICYCLE,9661d3bccaa8b8271cf513c7534cc743f94cf90b1d637a6744ba4419b0abdf7a7b815658828f22c9b9d25c720c24113a2b7f88d158dcaddbf656572fb53ad076,08/17/2022 05:20:00 PM,F,31.0,HELMET NOT USED,WITH TRAFFIC,IN ROADWAY,TEST NOT OFFERED,,30,CLEAR,DAYLIGHT,PEDALCYCLIST,NOT DIVIDED,STRAIGHT AND LEVEL,DRY,NO INJURY / DRIVE AWAY,PERSHING RD,41.8231424242,-87.6814105322,POINT (-87.68141053222 41.823142424205)
O1401257,NON-MOTOR VEHICLE,a47674920882a094a878d7ecb0b43a98766ab6064be2c808dabbe3a77b10bc623226b7ece115fa817bde7241bc6713e0bc95d8fb3f18a523c2c8722c9dce338b,08/17/2022 04:13:00 PM,,,,,,,,10,CLEAR,DAYLIGHT,OTHER OBJECT,PARKING LOT,STRAIGHT AND LEVEL,DRY,NO INJURY / DRIVE AWAY,ASHLAND AVE,41.7630434927,-87.6638794539,POINT (-87.663879453918 41.76304349267)
O1400559,BICYCLE,49bb80782dfd834ecc0a77ec232bd7c4a4441f4b83cc414b54fa5f917f0bcda87b5525706e062eaab08297afed50f7468917362a958fdccecadb9c0f3a8550d7,08/17/2022 01:53:00 PM,M,19.0,HELMET NOT USED,CROSSING - AGAINST SIGNAL,IN CROSSWALK,TEST NOT OFFERED,,30,CLEAR,DAYLIGHT,PEDALCYCLIST,FOUR WAY,STRAIGHT AND LEVEL,DRY,INJURY AND / OR TOW DUE TO CRASH,LAKE ST,41.8878388264,-87.7652665445,POINT (-87.765266544525 41.887838826378)
O1400517,BICYCLE,0c10b74c43f251d6a6da965b4cbbd7ce41e1c8601fbf90b611d9a44d2c082fc6c3b579ea1a635ddc72c1a40cd45753400b67f623e13ca8b459c958f7869ccd82,08/17/2022 01:08:00 PM,M,25.0,BICYCLE HELMET (PEDACYCLIST INVOLVED ONLY),CROSSING - WITH SIGNAL,BIKEWAY,TEST NOT OFFERED,,30,CLEAR,DAYLIGHT,PEDALCYCLIST,NOT DIVIDED,STRAIGHT AND LEVEL,DRY,NO INJURY / DRIVE AWAY,ELSTON AVE,41.9249360976,-87.6770867826,POINT (-87.677086782622 41.924936097572)
O1400437,BICYCLE,e5328c6a98bec840fbfc901b9f42482f41547f80a69106053d65556a03dc3271141aa48393a5ee9b9192aa7ab60a486571ef6f7dda1e0d5763e464e679463c13,08/17/2022 10:29:00 AM,F,38.0,BICYCLE HELMET (PEDACYCLIST INVOLVED ONLY),WITH TRAFFIC,IN ROADWAY,TEST NOT OFFERED,,30,CLEAR,DAYLIGHT,PEDALCYCLIST,ONE-WAY,STRAIGHT AND LEVEL,DRY,INJURY AND / OR TOW DUE TO CRASH,VAN BUREN ST,41.8767618621,-87.6321932636,POINT (-87.632193263646 41.876761862118)
O1400397,BICYCLE,fa94fbe0e57d9cec81c5bfbcf2cb96ea8acbd5e9a0f0cd4c3fb52f20217151b0c54a2588b7b6c23c9019c24b4a21d97493c474950e4a43d782df1a79aeae26ee,08/17/2022 09:20:00 AM,F,76.0,BICYCLE HELMET (PEDACYCLIST INVOLVED ONLY),NO ACTION,IN ROADWAY,TEST NOT OFFERED,,25,CLEAR,DAYLIGHT,PEDALCYCLIST,FOUR WAY,STRAIGHT AND LEVEL,DRY,INJURY AND / OR TOW DUE TO CRASH,BELL AVE,41.7117953842,-87.6782999085,POINT (-87.678299908466 41.711795384241)
O1407385,BICYCLE,0383bb55ceee0132f6e4671b976d18e8380b5b335ea5311e0fa1cf3295f3452f3d2bf4900f093da72d3f60c015e979978dcaf60320e33f63a2d2a0344ba0b5a5,08/17/2022 07:05:00 AM,M,52.0,BICYCLE HELMET (PEDACYCLIST INVOLVED ONLY),WITH TRAFFIC,IN ROADWAY,TEST NOT OFFERED,,30,CLEAR,DAYLIGHT,PEDALCYCLIST,NOT DIVIDED,STRAIGHT AND LEVEL,DRY,NO INJURY / DRIVE AWAY,NORTH AVE,41.9104298624,-87.6872842205,POINT (-87.687284220508 41.910429862359)
O1400135,BICYCLE,b8970efba637226fd10c8626118174029e9ec58df02c429de0add3976f5bae987ee0c46e11a4aa04ed651e0f43130d98556a07a7ba1f645c3981ea282a48a8dc,08/16/2022 07:42:00 PM,M,14.0,HELMET NOT USED,CROSSING - NO CONTROLS (AT INTERSECTION),IN ROADWAY,TEST NOT OFFERED,,25,CLEAR,DUSK,PEDALCYCLIST,ONE-WAY,STRAIGHT AND LEVEL,DRY,INJURY AND / OR TOW DUE TO CRASH,GEORGE ST,41.9331100167,-87.7736611523,POINT (-87.773661152308 41.933110016675)
O1400147,BICYCLE,dc4db506591213e9abe3626ba15ba903edc6a1b6dcc13844681a25c1db6392cb1ae5cf5bc36e46b2c8fdc78297fab1b623c2b06aa21598872a84832e5a903cf1,08/16/2022 06:38:00 PM,M,48.0,HELMET NOT USED,CROSSING - AGAINST SIGNAL,IN CROSSWALK,TEST NOT OFFERED,,30,CLEAR,DAYLIGHT,PEDALCYCLIST,T-INTERSECTION,STRAIGHT AND LEVEL,DRY,INJURY AND / OR TOW DUE TO CRASH,KEDZIE AVE,42.0051235673,-87.709187928,POINT (-87.709187928022 42.005123567345)
O1400109,BICYCLE,1e8446db1ee23f8a7762f38ab3311ad8f297f3bc67f62e18fb7154222027ddc94f8b5296a85bdf845a2472fcfe8a415d7a7ae5f73d4b5105f4ab14d62565c234,08/16/2022 06:32:00 PM,M,33.0,HELMET NOT USED,CROSSING - NO CONTROLS (AT INTERSECTION),IN ROADWAY,TEST NOT OFFERED,,30,CLEAR,DAYLIGHT,PEDALCYCLIST,T-INTERSECTION,STRAIGHT AND LEVEL,DRY,INJURY AND / OR TOW DUE TO CRASH,OAKLEY AVE,41.9942229055,-87.6874636572,POINT (-87.687463657174 41.994222905478)
O1400095,BICYCLE,e46a7e3969115bdf59da553ec4fb8af3e6a17138a9c5a9fe99e12fc14ceaab5bdae0f42642c852c5a95d896744b154da36be18e6cc4d2e2d39ec3af15ee79e6d,08/16/2022 05:13:00 PM,M,17.0,HELMET NOT USED,CROSSING - CONTROLS PRESENT (NOT AT INTERSECTION),IN ROADWAY,TEST NOT OFFERED,,25,CLEAR,DAYLIGHT,PEDALCYCLIST,FOUR WAY,STRAIGHT AND LEVEL,DRY,INJURY AND / OR TOW DUE TO CRASH,MENARD AVE,41.7980537556,-87.7674905515,POINT (-87.767490551481 41.798053755599)
O1400172,BICYCLE,de4c038e71fa81f5fb9079ecf328595a76c5b3555b7e02a6c277f6cc55359c44009e6e3574ff75e48686b6b22c543b9b6c874f21d473df0c883f19f846cfb463,08/16/2022 04:30:00 PM,F,45.0,BICYCLE HELMET (PEDACYCLIST INVOLVED ONLY),CROSSING - WITH SIGNAL,IN CROSSWALK,TEST NOT OFFERED,,30,CLEAR,DAYLIGHT,PEDALCYCLIST,FOUR WAY,STRAIGHT AND LEVEL,DRY,INJURY AND / OR TOW DUE TO CRASH,60TH ST,41.7857280113,-87.6205391981,POINT (-87.620539198056 41.785728011257)
O1399815,BICYCLE,b116122bfb0e46d08ac911b67d533d6fb892bca6e5d9aa0f225f1ddb1d39ebe61661bd22a732b08490d4155cfcf7009db81132d7b15e551ae00b460e8dfacaf5,08/16/2022 01:15:00 PM,M,69.0,HELMET NOT USED,CROSSING - WITH SIGNAL,IN CROSSWALK,TEST NOT OFFERED,,30,CLEAR,DAYLIGHT,PEDALCYCLIST,DIVIDED - W/MEDIAN (NOT RAISED),STRAIGHT AND LEVEL,DRY,INJURY AND / OR TOW DUE TO CRASH,NARRAGANSETT AVE,41.781254039,-87.781247113,POINT (-87.781247113038 41.781254039043)
O1400702,BICYCLE,5aa052ba6896ae61d5df8f4a659743979e61a2bff992ea3aab82419d783b4095b89780b50dda50cb889ed5cfe79174c14b792f41d501e3544bd68452e19839bc,08/16/2022 09:13:00 AM,M,24.0,HELMET NOT USED,WITH TRAFFIC,IN ROADWAY,TEST NOT OFFERED,,30,CLEAR,DAYLIGHT,PEDALCYCLIST,NOT DIVIDED,STRAIGHT AND LEVEL,DRY,NO INJURY / DRIVE AWAY,ORLEANS ST,41.898620539,-87.6373961346,POINT (-87.637396134592 41.89862053903)
O1399642,BICYCLE,e1f0084bb6b082fb11ccb87f27404c3ed7e6d17d211de2031ba55c41adc57bba6ad3275cf68407ce5c134d293e199cfc791bd385548bf3ece1b2209932c13be9,08/16/2022 08:20:00 AM,F,34.0,HELMET NOT USED,CROSSING - WITH SIGNAL,IN ROADWAY,TEST NOT OFFERED,,30,CLEAR,DAYLIGHT,PEDALCYCLIST,FOUR WAY,STRAIGHT AND LEVEL,DRY,INJURY AND / OR TOW DUE TO CRASH,ASHLAND AVE,41.8715659906,-87.6666754145,POINT (-87.666675414457 41.871565990609)
O1399516,BICYCLE,7aa80d74b8b9cc6f367fb64dd0663638453cf8d0fbbe04669458f632d9ef0605e3f783fd7cf82cf206be433d5b97646fb9c1e3e7c13b8f3cbc693baa5d1892a6,08/15/2022 09:36:00 PM,F,28.0,BICYCLE HELMET (PEDACYCLIST INVOLVED ONLY),AGAINST TRAFFIC,IN ROADWAY,TEST NOT OFFERED,,15,CLEAR,"DARKNESS, LIGHTED ROAD",PEDALCYCLIST,ONE-WAY,STRAIGHT AND LEVEL,DRY,INJURY AND / OR TOW DUE TO CRASH,OAKDALE AVE,41.9354257611,-87.6434462063,POINT (-87.643446206337 41.935425761136)
O1399932,BICYCLE,89c921ee46e1c2f44137a897a6fb430288373dcae4dbb8e158a3435625c2d522db80d97061285dd65d7f8612be027d3beffe47945bce6e960bc6c4d9e1e5e0bb,08/15/2022 08:35:00 PM,M,29.0,BICYCLE HELMET (PEDACYCLIST INVOLVED ONLY),WITH TRAFFIC,IN ROADWAY,TEST NOT OFFERED,,30,CLEAR,DAYLIGHT,PEDALCYCLIST,NOT DIVIDED,STRAIGHT AND LEVEL,DRY,INJURY AND / OR TOW DUE TO CRASH,CLARK ST,42.0067213724,-87.673582341,POINT (-87.673582341016 42.006721372449)
O1407050,BICYCLE,a004738a655c663618aa5df84c20b74c1996e9352169f0868d9ee61d04ffd9efe7c1a8e5ba72a2ee02151c5c57175ccaab2596383e286e86de6c36340c5fe54c,08/15/2022 07:40:00 PM,M,14.0,HELMET NOT USED,AGAINST TRAFFIC,IN ROADWAY,TEST NOT OFFERED,,20,CLEAR,"DARKNESS, LIGHTED ROAD",PEDALCYCLIST,NOT DIVIDED,STRAIGHT AND LEVEL,DRY,INJURY AND / OR TOW DUE TO CRASH,CATALPA AVE,41.9792420725,-87.8461699559,POINT (-87.846169955855 41.979242072465)
O1399368,BICYCLE,a85ec546fec5c2b6e42c3c5209c3bab5779d51477ec1f54746033e9697bc1dd3aa345bd6e6bb643672ed280dfaf25cf8722242d05ce3ca415776b8669a3af22e,08/15/2022 05:10:00 PM,F,,HELMET NOT USED,OTHER ACTION,IN ROADWAY,TEST NOT OFFERED,,30,CLEAR,DAYLIGHT,PEDALCYCLIST,NOT DIVIDED,STRAIGHT AND LEVEL,UNKNOWN,NO INJURY / DRIVE AWAY,ORIOLE AVE,41.9951184881,-87.8165601287,POINT (-87.816560128701 41.995118488117)