PERSON_ID,PERSON_TYPE,CRASH_RECORD_ID,CRASH_DATE_x,SEX,AGE,SAFETY_EQUIPMENT,PEDPEDAL_ACTION,PEDPEDAL_LOCATION,BAC_RESULT,CRASH_DATE_EST_I,POSTED_SPEED_LIMIT,WEATHER_CONDITION,LIGHTING_CONDITION,FIRST_CRASH_TYPE,TRAFFICWAY_TYPE,ALIGNMENT,ROADWAY_SURFACE_COND,CRASH_TYPE,STREET_NAME,LATITUDE,LONGITUDE,LOCATION
O1399359,BICYCLE,91f853e8d0e45de5d3c75ce12c1956805961e8828e53c514407c162dec30724a2f9c58eba9f136974ea5a2d4086e976fd67147efa99b997eab2d9c214f76439c,08/15/2022 04:30:00 PM,M,15.0,HELMET NOT USED,OTHER ACTION,NOT IN ROADWAY,TEST NOT OFFERED,,35,CLEAR,DAYLIGHT,PEDALCYCLIST,DIVIDED - W/MEDIAN (NOT RAISED),STRAIGHT AND LEVEL,DRY,INJURY AND / OR TOW DUE TO CRASH,PULASKI RD,41.7667772482,-87.7226079073,POINT (-87.722607907313 41.766777248178)
O1399234,BICYCLE,5d4184dc69e88f07fc7357c97122737f0c7d66ca0e9fdf288e6c45592d7e621742115e893c60c8550da5866d80dcfbebf578a2a31521c8ffe750b8eaff870230,08/15/2022 02:40:00 PM,M,12.0,HELMET NOT USED,CROSSING - NO CONTROLS (AT INTERSECTION),IN CROSSWALK,TEST NOT OFFERED,,30,CLEAR,DAYLIGHT,TURNING,FOUR WAY,STRAIGHT AND LEVEL,DRY,INJURY AND / OR TOW DUE TO CRASH,WENTWORTH AVE,41.7043264126,-87.6280540043,POINT (-87.628054004254 41.704326412581)
O1429509,NON-MOTOR VEHICLE,315fcf865dfb918744120872778cad6804a2d01dcf114d7aed6435e94352c695246771e7cdea165c953e72f1eed85575b2b56d2375088f42610da1370e87a9c5,08/15/2022 02:30:00 PM,M,60.0,NONE PRESENT,WITH TRAFFIC,BIKEWAY,TEST NOT OFFERED,,30,CLEAR,DAYLIGHT,OTHER OBJECT,NOT DIVIDED,STRAIGHT AND LEVEL,DRY,INJURY AND / OR TOW DUE TO CRASH,FULLERTON AVE,41.9252729257,-87.6672728675,POINT (-87.667272867518 41.925272925668)
O1398985,BICYCLE,0a068864bdfeb156c7bbd368ff2125cf6fdc00cd46f2b1dec1e0c2e1eef849d05e344d7bf2c392f81b56463082d59c01b946eb9cfa5f0517dd8b4944ffd82b0b,08/15/2022 06:55:00 AM,M,59.0,HELMET NOT USED,CROSSING - NO CONTROLS (AT INTERSECTION),IN CROSSWALK,,,30,CLEAR,DAYLIGHT,PEDALCYCLIST,FOUR WAY,STRAIGHT AND LEVEL,DRY,NO INJURY / DRIVE AWAY,OGDEN AVE,41.8634586384,-87.6900262173,POINT (-87.690026217261 41.863458638415)
O1398925,BICYCLE,e4d61f990505625501a802afbbdf102eeac3a15355c57eed9668c3b22ad34a14dc12067e96762c847901eae2fbeea4b0384626ed1d8f0e3ae0162aaa5826c41b,08/14/2022 10:52:00 PM,M,25.0,BICYCLE HELMET (PEDACYCLIST INVOLVED ONLY),WITH TRAFFIC,IN ROADWAY,TEST NOT OFFERED,,30,CLEAR,"DARKNESS, LIGHTED ROAD",PEDALCYCLIST,ONE-WAY,STRAIGHT AND LEVEL,DRY,INJURY AND / OR TOW DUE TO CRASH,GREENLEAF AVE,42.0101039695,-87.686154245,POINT (-87.686154244972 42.010103969487)
O1398814,BICYCLE,80575ddf44cd3440f40482be8a1045a04b4f7e8826f43f2bb22c86cf531a1ef38f3d29dd5bec332719371cb126deddafee24c3b38d1aaec3cbad005ea02e9142,08/14/2022 05:47:00 PM,M,15.0,BICYCLE HELMET (PEDACYCLIST INVOLVED ONLY),CROSSING - WITH SIGNAL,IN ROADWAY,TEST NOT OFFERED,,30,CLEAR,DAYLIGHT,PEDALCYCLIST,DIVIDED - W/MEDIAN (NOT RAISED),STRAIGHT AND LEVEL,DRY,INJURY AND / OR TOW DUE TO CRASH,CLARK ST,41.9544324414,-87.6624462591,POINT (-87.662446259141 41.954432441417)
O1398802,BICYCLE,7d85e16726b8c8a3b953d20430277c43fd7d69918257129a298f401a6e3fdcede426e565277f4748bf8d70fb70429c90c6426e4ca9d06598960edcc6c771b417,08/14/2022 03:10:00 PM,M,40.0,BICYCLE HELMET (PEDACYCLIST INVOLVED ONLY),WITH TRAFFIC,IN ROADWAY,TEST NOT OFFERED,,30,CLEAR,DAYLIGHT,PEDALCYCLIST,DIVIDED - W/MEDIAN BARRIER,STRAIGHT AND LEVEL,DRY,INJURY AND / OR TOW DUE TO CRASH,BROADWAY,41.9727025217,-87.6599157302,POINT (-87.659915730223 41.972702521692)
O1398691,NON-MOTOR VEHICLE,b54a09c61e3e7816db195b7d61669089049cd60797dd4ec354f080cdfc3ec93a3aec307b6eef7b376b52d4ad5dec5040e81276cadab28eebd0ab17311da854a9,08/14/2022 12:58:00 PM,M,,USAGE UNKNOWN,CROSSING - WITH SIGNAL,BIKE LANE,TEST NOT OFFERED,,30,CLEAR,DAYLIGHT,OTHER OBJECT,DIVIDED - W/MEDIAN (NOT RAISED),STRAIGHT AND LEVEL,DRY,INJURY AND / OR TOW DUE TO CRASH,BROADWAY,41.9546932557,-87.6504617358,POINT (-87.650461735813 41.954693255663)
O1398654,BICYCLE,6fe004413b4cec478d4a4e5397de6278f50b1d9cc5792eaf9054be78b0776023e1f4242dd75c0d800f91ecb953cb7b34cc0bbe7e50067975d065c7a6a9731cf6,08/14/2022 11:55:00 AM,M,55.0,HELMET NOT USED,CROSSING - NO CONTROLS (NOT AT INTERSECTION),UNKNOWN/NA,TEST NOT OFFERED,,30,CLEAR,DAYLIGHT,PEDALCYCLIST,NOT DIVIDED,STRAIGHT AND LEVEL,DRY,INJURY AND / OR TOW DUE TO CRASH,GRAND AVE,41.9142094227,-87.7472537196,POINT (-87.747253719558 41.914209422749)
O1400913,BICYCLE,306a4693a880062e271e2b8d63885abe44bdb662fb17ef2fb66685935056851a90695815508b39e8a9ab982633610115f6efe6ffd21e356bf9f64946e71ad66a,08/13/2022 10:45:00 PM,M,62.0,BICYCLE HELMET (PEDACYCLIST INVOLVED ONLY),ENTER FROM DRIVE/ALLEY,NOT IN ROADWAY,TEST NOT OFFERED,,20,CLEAR,DARKNESS,PEDALCYCLIST,OTHER,STRAIGHT AND LEVEL,DRY,INJURY AND / OR TOW DUE TO CRASH,FOREST AVE,41.6994506918,-87.616136573,POINT (-87.616136572974 41.699450691756)
O1398384,BICYCLE,d8548b667f146944f6aafcc8ed779998a39be1616b82e5a7136d28289eb1f0eaa3d8216d734f4438d5cf5fb00366892dfc3a44844ece9b7f03052dd4b51d091e,08/13/2022 09:25:00 PM,M,34.0,HELMET NOT USED,WITH TRAFFIC,IN ROADWAY,TEST NOT OFFERED,,25,CLEAR,DARKNESS,PEDALCYCLIST,FOUR WAY,STRAIGHT AND LEVEL,DRY,INJURY AND / OR TOW DUE TO CRASH,CAMPBELL AVE,41.994152246,-87.6923603038,POINT (-87.692360303803 41.99415224605)
O1398352,BICYCLE,7d1733d3a843141e250c6f74c56a5ba10a752152e6bdba7be2956485d5830d5dbef2f69f4aa062b78b813b5ca6db4223fd66b6dc2c5c2bf5cb05fa56d238c746,08/13/2022 07:47:00 PM,M,27.0,HELMET NOT USED,ENTER FROM DRIVE/ALLEY,IN ROADWAY,TEST NOT OFFERED,,30,CLEAR,"DARKNESS, LIGHTED ROAD",PEDALCYCLIST,ONE-WAY,STRAIGHT AND LEVEL,DRY,INJURY AND / OR TOW DUE TO CRASH,CHARLESTON ST,41.919778103,-87.6854562087,POINT (-87.685456208749 41.919778103015)
O1398250,BICYCLE,c4f4c3836c1c098dcc2ada70184d703b97c7dc012222b64de91908928158f7effcf2f6da0e1048e39b9c2001862bdd73a93090ad3f981b66b92dc7b600c59038,08/13/2022 05:00:00 PM,M,28.0,HELMET NOT USED,CROSSING - NO CONTROLS (NOT AT INTERSECTION),IN ROADWAY,TEST NOT OFFERED,,30,CLEAR,DAYLIGHT,PEDALCYCLIST,ALLEY,STRAIGHT AND LEVEL,DRY,INJURY AND / OR TOW DUE TO CRASH,KEDZIE AVE,41.9555313337,-87.7082078565,POINT (-87.708207856499 41.955531333702)
O1397789,BICYCLE,002be094d77385096a7aac7cca9a628196fa8c6cb4d17f3cb1df996acfe1756df5dcd8071cb577d5de750612879435818e1d87cb016a83bfa60c069245da7bfa,08/12/2022 08:14:00 PM,M,23.0,HELMET NOT USED,CROSSING - WITH SIGNAL,IN ROADWAY,TEST NOT OFFERED,,30,CLEAR,"DARKNESS, LIGHTED ROAD",PEDALCYCLIST,DIVIDED - W/MEDIAN (NOT RAISED),STRAIGHT AND LEVEL,DRY,INJURY AND / OR TOW DUE TO CRASH,SHERIDAN RD,42.0171909646,-87.6655734568,POINT (-87.665573456782 42.017190964639)
O1397704,BICYCLE,8cbdc93152e3d570efcfc867aedc5abc29fee93164b96a04083c7cec25fcab87c6076215f06a3fdaee994f0044bf4e90ccda472a0d26016236626be8f7e38f8f,08/12/2022 05:55:00 PM,M,,BICYCLE HELMET (PEDACYCLIST INVOLVED ONLY),TURNING RIGHT,IN ROADWAY,TEST NOT OFFERED,,30,CLEAR,DAYLIGHT,PEDALCYCLIST,NOT DIVIDED,STRAIGHT AND LEVEL,DRY,NO INJURY / DRIVE AWAY,SHERIDAN RD,41.9872694003,-87.655152638,POINT (-87.655152637991 41.98726940033)
O1397726,BICYCLE,9ee5ed39cbe6613a1e27d5a93ca318e0f6360f0a8f8a1c584e7b59f3c2ca815cedfde4f83b2897cd11c8b3acf5c5e9dbe4206d6a758ca2d82bb9d07e308625ea,08/12/2022 05:50:00 PM,M,30.0,HELMET NOT USED,WITH TRAFFIC,BIKEWAY,TEST NOT OFFERED,,30,CLEAR,DAYLIGHT,PEDALCYCLIST,NOT DIVIDED,STRAIGHT AND LEVEL,DRY,NO INJURY / DRIVE AWAY,MILWAUKEE AVE,41.9095968701,-87.6764715109,POINT (-87.676471510941 41.909596870101)
O1397961,BICYCLE,f13733503c6d17cba2f6b43ab607210db1334049d3217f46069b0a02cc5058f7b5c55b2dc1f1af870345fd468d9d057fcc1e7aa6f3b04887adc8d181e491e594,08/12/2022 05:45:00 PM,M,38.0,BICYCLE HELMET (PEDACYCLIST INVOLVED ONLY),WITH TRAFFIC,BIKE LANE,TEST NOT OFFERED,,30,CLEAR,DAYLIGHT,PEDALCYCLIST,NOT DIVIDED,STRAIGHT AND LEVEL,DRY,NO INJURY / DRIVE AWAY,ELSTON AVE,41.9036157284,-87.6583028593,POINT (-87.658302859297 41.903615728351)
O1398044,BICYCLE,99bedd989b5f4d45d1f4ff1d29c7972406b90c71b94435bef679359856073fa7c5b630f5622aaa5896c48b3d002efabd3922763feddd6fb6ba7e2e90755035a0,08/12/2022 05:40:00 PM,M,16.0,HELMET NOT USED,AGAINST TRAFFIC,IN ROADWAY,TEST NOT OFFERED,,30,CLEAR,DUSK,PEDALCYCLIST,ONE-WAY,STRAIGHT AND LEVEL,DRY,INJURY AND / OR TOW DUE TO CRASH,BYRON ST,41.9515603541,-87.7572161347,POINT (-87.757216134694 41.951560354085)
O1397647,BICYCLE,e6b0cbe790da657f058695dc484db1359e3e1da9bc9bef1a96f125e81e207dd31326ed827f6d693607a90cfff02f7cb06bc952cad6a4f664e8f13dfc7eedf4a3,08/12/2022 03:56:00 PM,M,29.0,HELMET NOT USED,WITH TRAFFIC,BIKE LANE,TEST NOT OFFERED,Y,30,CLEAR,DAYLIGHT,PEDALCYCLIST,NOT REPORTED,STRAIGHT AND LEVEL,DRY,INJURY AND / OR TOW DUE TO CRASH,LEAVITT ST,41.9104312326,-87.6824947889,POINT (-87.682494788913 41.910431232609)
O1399340,BICYCLE,4270756e7bf1942e2f5c321ec86b618a89a319e04cb35b3b4b5a7804d919e94299ec4f53d1109906cb323eed4075dd5b4c8c13a20458d2c8e74fdd9c38c0a920,08/12/2022 03:30:00 PM,M,,HELMET NOT USED,ENTER FROM DRIVE/ALLEY,DRIVEWAY ACCESS,TEST NOT OFFERED,,30,CLEAR,DAYLIGHT,PEDALCYCLIST,PARKING LOT,STRAIGHT AND LEVEL,DRY,NO INJURY / DRIVE AWAY,IRVING PARK RD,41.953203301,-87.756048735,POINT (-87.756048735038 41.953203300975)
O1397719,BICYCLE,d605e1e20306aa28fa6941f9cfab1e752ce639d64277f5f7d4a422cbe780db491166a54d3b512cbf582ee40c2ec2fa202bac30b7e62b0f914d55d4a28ba30a25,08/12/2022 03:00:00 PM,M,29.0,HELMET NOT USED,WITH TRAFFIC,IN ROADWAY,TEST NOT OFFERED,,25,CLEAR,DAYLIGHT,PEDALCYCLIST,DIVIDED - W/MEDIAN (NOT RAISED),STRAIGHT AND LEVEL,DRY,INJURY AND / OR TOW DUE TO CRASH,CHICAGO AVE,41.89645528,-87.650417352,POINT (-87.650417351974 41.896455279964)
O1397501,BICYCLE,92637de4314b11ddcfcbfdedd37cc1fd6bea132f1b63d504f26ab94b7c71f4fed4e56d6240673edb8f89169fa7902d285797e291daf737d11db70d21c9080935,08/12/2022 01:10:00 PM,F,36.0,HELMET NOT USED,TURNING LEFT,IN ROADWAY,TEST NOT OFFERED,N,30,CLEAR,DAYLIGHT,PEDALCYCLIST,NOT DIVIDED,STRAIGHT AND LEVEL,DRY,INJURY AND / OR TOW DUE TO CRASH,RACINE AVE,41.8840134454,-87.6568557117,POINT (-87.656855711667 41.884013445366)
O1397478,BICYCLE,0ecd4ec53015d867032ce3a3d2152980fc298cd1a456e40195933718273dfd9aeff62fd5b1de6ddfab3eae80d16728583708ecb520491a535490bd924f4b3812,08/12/2022 01:05:00 PM,M,19.0,HELMET NOT USED,CROSSING - WITH SIGNAL,BIKE LANE,TEST NOT OFFERED,Y,30,CLEAR,DAYLIGHT,PEDALCYCLIST,UNKNOWN INTERSECTION TYPE,STRAIGHT AND LEVEL,DRY,INJURY AND / OR TOW DUE TO CRASH,ROOSEVELT RD,41.8672871622,-87.6452469415,POINT (-87.645246941532 41.867287162218)
O1397437,NON-MOTOR VEHICLE,5b8246a2ec226c76cd1260c6ede323fd5a2b92e3f5aade85c4d54c76915b8089437042c3538fe0fa0d899a78ed1d720f836e33228475be64be06e01f080e351d,08/12/2022 10:13:00 AM,M,41.0,NONE PRESENT,,,,,10,CLEAR,DAYLIGHT,FIXED OBJECT,OTHER,STRAIGHT AND LEVEL,WET,NO INJURY / DRIVE AWAY,SOUTH CHICAGO AVE,41.7689155424,-87.6100425623,POINT (-87.610042562303 41.768915542397)
O1397360,BICYCLE,0f1b55d852ca7a7d07ce592bf5bff6278267beb5013cb044f8c7efc38aa4e2f10f78f3a1321179a5e9bf09dbb06e06601dc54ec9e441790b1459acb2cbe50532,08/12/2022 09:45:00 AM,F,38.0,HELMET NOT USED,UNKNOWN/NA,BIKE LANE,TEST NOT OFFERED,,30,CLEAR,DAYLIGHT,PEDALCYCLIST,NOT DIVIDED,STRAIGHT AND LEVEL,DRY,INJURY AND / OR TOW DUE TO CRASH,CORTLAND ST,41.9154164255,-87.7117764619,POINT (-87.711776461933 41.915416425459)
O1397085,BICYCLE,0c9a0c8aacb826f06f5f9768d2f874cbdf3e738e411ed8e90c20996dc29d7e2b2b4b6113f86382166554efb2f2773bc540d688e0a6e9b16b7fe6e990627d67d2,08/11/2022 08:12:00 PM,M,43.0,BICYCLE HELMET (PEDACYCLIST INVOLVED ONLY),PARKED VEHICLE,BIKE LANE,TEST NOT OFFERED,,30,CLEAR,"DARKNESS, LIGHTED ROAD",PEDALCYCLIST,NOT DIVIDED,STRAIGHT AND LEVEL,DRY,NO INJURY / DRIVE AWAY,WRIGHTWOOD AVE,41.9281889149,-87.7136394675,POINT (-87.713639467522 41.928188914916)
O1397033,BICYCLE,0f0a1bfbe1136b5b82661ef3d9b1abcfd856e030e70ad37536553fa05688f5cdccc876c9655c83404ab13ed9b0d85d24857cd582a7a9a846a1b5d7d00b0cfb38,08/11/2022 06:26:00 PM,M,22.0,HELMET NOT USED,ENTER FROM DRIVE/ALLEY,DRIVEWAY ACCESS,TEST NOT OFFERED,,20,CLEAR,DAYLIGHT,PEDALCYCLIST,ONE-WAY,STRAIGHT AND LEVEL,DRY,INJURY AND / OR TOW DUE TO CRASH,DEMING PL,41.9281606172,-87.6431269724,POINT (-87.6431269724 41.928160617216)
O1400978,BICYCLE,05a99ad2eea36594bf2e71c5267203bbad5bad8e97bedccc18c459de5f3c99d71109cfaccf9dce60bad0ee17d6fe9d7c1c8be177a724c1dfb3e77921a819d250,08/11/2022 06:10:00 PM,F,17.0,HELMET NOT USED,UNKNOWN/NA,IN CROSSWALK,TEST NOT OFFERED,,30,CLEAR,DAYLIGHT,PEDALCYCLIST,FOUR WAY,STRAIGHT AND LEVEL,DRY,INJURY AND / OR TOW DUE TO CRASH,DR MARTIN LUTHER KING JR DR,41.7328015167,-87.6145766353,POINT (-87.614576635321 41.732801516703)
O1397015,BICYCLE,69f1d141ac7e64a697597595497cacc8609bb065429a50f820bb6d6117e1fc829c5851b1af73420355b4472656699c9f4ee09b7076f4dd1ca99fac78343f21be,08/11/2022 05:30:00 PM,F,24.0,HELMET NOT USED,TURNING LEFT,IN ROADWAY,TEST NOT OFFERED,,30,CLEAR,DAYLIGHT,PEDALCYCLIST,NOT DIVIDED,STRAIGHT AND LEVEL,DRY,INJURY AND / OR TOW DUE TO CRASH,FOSTER AVE,41.9758749974,-87.7062974954,POINT (-87.706297495425 41.975874997409)
O1396957,BICYCLE,45b620fd9ea4418d817d4330a80464f32af5c3b882f4f3ffbe1c237d68c0a8ee81cc38f9ed89d07a83b825173f5f7da6f36ac468ce874924233aa53cbb2433c3,08/11/2022 04:45:00 PM,F,27.0,BICYCLE HELMET (PEDACYCLIST INVOLVED ONLY),WITH TRAFFIC,SHOULDER,TEST NOT OFFERED,,30,CLEAR,DAYLIGHT,PEDALCYCLIST,NOT DIVIDED,STRAIGHT AND LEVEL,DRY,INJURY AND / OR TOW DUE TO CRASH,WOODLAWN AVE,41.8032154277,-87.5968644021,POINT (-87.596864402078 41.803215427749)
O1396938,BICYCLE,326775fda222a3b60aeeb4cf6573784eca2652fdea1ce95cfdcf7fd2266fdc60954ba116ba658a6809286cff0d60409f323dbd861697f5e7dc7a4f7c76636a9c,08/11/2022 04:28:00 PM,M,40.0,BICYCLE HELMET (PEDACYCLIST INVOLVED ONLY),WITH TRAFFIC,IN ROADWAY,TEST NOT OFFERED,,35,CLEAR,DAYLIGHT,PEDALCYCLIST,NOT DIVIDED,STRAIGHT AND LEVEL,DRY,INJURY AND / OR TOW DUE TO CRASH,NORTH AVE,41.9110225779,-87.6487615189,POINT (-87.648761518914 41.911022577924)
O1396863,BICYCLE,5e5cd4f3ef36a2b496108ebf44aaa19a81b45caa1522b4dfa4b7dee237750c7e9c0a29842863791cb9a6e7bfd7984089b2a51d1d410bfdf2f1dba0bc048122c8,08/11/2022 02:39:00 PM,M,32.0,HELMET NOT USED,CROSSING - NO CONTROLS (NOT AT INTERSECTION),IN CROSSWALK,TEST NOT OFFERED,,25,CLEAR,DAYLIGHT,PEDALCYCLIST,NOT DIVIDED,STRAIGHT AND LEVEL,DRY,NO INJURY / DRIVE AWAY,WILSON DR,41.9659264057,-87.6460918454,POINT (-87.646091845426 41.965926405671)
O1398124,BICYCLE,e63d33492d5a1b9e834dbb178ea23726cf1406212e23abe965944c5184bc0f21a77a41247a135922ff17749f87224163f004ced5ac467eb2f507bcf74dfe8109,08/11/2022 01:15:00 PM,M,60.0,HELMET NOT USED,WITH TRAFFIC,UNKNOWN/NA,TEST NOT OFFERED,,35,UNKNOWN,DAYLIGHT,PEDALCYCLIST,DIVIDED - W/MEDIAN (NOT RAISED),STRAIGHT AND LEVEL,UNKNOWN,INJURY AND / OR TOW DUE TO CRASH,103RD ST,41.7083263537,-87.535349046,POINT (-87.535349046044 41.708326353699)
O1396788,BICYCLE,6637239d1cd68ad6c7438266671b11a521dc8bfb827ce7a430ea269200b7f934a09ae7f0f61c73d7c6daf170662b255356771fca37274281699c789ec31d9a13,08/11/2022 11:30:00 AM,M,,HELMET NOT USED,CROSSING - AGAINST SIGNAL,UNKNOWN/NA,TEST NOT OFFERED,,30,CLEAR,DAYLIGHT,PEDALCYCLIST,FOUR WAY,STRAIGHT ON GRADE,DRY,NO INJURY / DRIVE AWAY,COTTAGE GROVE AVE,41.7366015585,-87.6049681002,POINT (-87.604968100168 41.736601558476)
O1396768,BICYCLE,dd6896dab677dbb385c27c1c74d5ca40718c959cabddf0a0e9e538391e14686b342955d732d02f93a85a4dc635f187f1cab382c7bd690429459c6c0384a35cdc,08/11/2022 10:43:00 AM,M,51.0,HELMET NOT USED,OTHER ACTION,BIKEWAY,TEST NOT OFFERED,,30,CLEAR,DAYLIGHT,PEDALCYCLIST,NOT DIVIDED,STRAIGHT AND LEVEL,DRY,INJURY AND / OR TOW DUE TO CRASH,NORTHWEST HWY,42.0032288113,-87.8170923211,POINT (-87.817092321122 42.003228811259)
O1396675,BICYCLE,4093998a0b9850eb00ab53210011b2948ed0be4cafc0cee1657211b0d477b74262c8859b645acfc9e130903ab9e87670f00b92d512881dc6d2b19bafad24a615,08/11/2022 06:20:00 AM,M,55.0,HELMET NOT USED,UNKNOWN/NA,UNKNOWN/NA,TEST NOT OFFERED,Y,30,CLEAR,DAYLIGHT,PEDALCYCLIST,ONE-WAY,STRAIGHT AND LEVEL,DRY,INJURY AND / OR TOW DUE TO CRASH,AVENUE L,41.7158902233,-87.5363384508,POINT (-87.53633845082 41.715890223295)
O1396553,BICYCLE,2b776b02a4028a5efcf2c2ed5116c3ac6c8242f9c534f803b58cca9734b177af1ae62480e0b9cfcace19cb329abe9a4f9554a449695155cfa18639b3e4abca7c,08/10/2022 09:18:00 PM,M,28.0,HELMET NOT USED,WITH TRAFFIC,BIKE LANE,TEST NOT OFFERED,,30,CLEAR,"DARKNESS, LIGHTED ROAD",PEDALCYCLIST,DIVIDED - W/MEDIAN (NOT RAISED),STRAIGHT AND LEVEL,DRY,INJURY AND / OR TOW DUE TO CRASH,MILWAUKEE AVE,41.9097029734,-87.6766373687,POINT (-87.676637368698 41.909702973408)
O1396486,BICYCLE,b9e0ed5d0f68dab0436a862745bddc8b79066ff6a9a2dcd0f7d5748fe8562db3dcd8de7a48ada501b346ed2125147c26a2b76a4d45b875bb0b166c62464e14a7,08/10/2022 06:30:00 PM,F,,HELMET NOT USED,CROSSING - WITH SIGNAL,UNKNOWN/NA,TEST NOT OFFERED,,30,CLEAR,DAYLIGHT,PEDALCYCLIST,NOT DIVIDED,STRAIGHT AND LEVEL,UNKNOWN,NO INJURY / DRIVE AWAY,CERMAK RD,41.8516545452,-87.7053126941,POINT (-87.7053126941 41.851654545163)
O1396394,BICYCLE,9fc4628f1867c03a2f345553e479469756f77572a31859203d219cbb735094cbf8864a0df500dc5fa3e1fdd76ffefa45c5ae762c5c5e259ab728402373d47e24,08/10/2022 05:00:00 PM,M,44.0,BICYCLE HELMET (PEDACYCLIST INVOLVED ONLY),WITH TRAFFIC,IN ROADWAY,TEST NOT OFFERED,,30,CLEAR,DAYLIGHT,PEDALCYCLIST,NOT DIVIDED,STRAIGHT AND LEVEL,DRY,INJURY AND / OR TOW DUE TO CRASH,LOOMIS ST,41.8581700074,-87.661474747,POINT (-87.661474746997 41.858170007431)
O1396414,BICYCLE,5779ba03edb303e8dc257bd4727883993da48b2224fef4fb64842e5ce4dfdcb117779522d26124ae799738eee73c12fd77fc8bd9d9b39621e9cc69b175158512,08/10/2022 03:05:00 PM,M,27.0,HELMET NOT USED,TURNING LEFT,IN ROADWAY,TEST NOT OFFERED,,30,CLEAR,DAYLIGHT,PEDALCYCLIST,NOT DIVIDED,STRAIGHT AND LEVEL,DRY,INJURY AND / OR TOW DUE TO CRASH,NAGLE AVE,41.9739328522,-87.7877586779,POINT (-87.787758677882 41.973932852156)
O1395950,BICYCLE,6db2c57e34287f0e8ed3b997337a4c4dd5b0102a5b73244b8d0128d3a449f0026f86eb73106850d47a5b6da409e019d9e33d1f30540d179d2f8cd055f77aeb11,08/09/2022 09:56:00 PM,M,35.0,BICYCLE HELMET (PEDACYCLIST INVOLVED ONLY),UNKNOWN/NA,IN ROADWAY,TEST NOT OFFERED,,30,CLEAR,"DARKNESS, LIGHTED ROAD",PEDALCYCLIST,NOT DIVIDED,STRAIGHT AND LEVEL,DRY,NO INJURY / DRIVE AWAY,ARCHER AVE,41.8488106333,-87.6422152421,POINT (-87.642215242082 41.848810633338)
O1395922,BICYCLE,83084b56cec9ee50f12325f60380495ecb7fcba44b46e053ee47ee7bf9b7173ed9cae543cc321e20dc924a2a9584d8b841a2c872ffef62bb0b61a9a5a9c85cb7,08/09/2022 08:25:00 PM,M,15.0,HELMET NOT USED,AGAINST TRAFFIC,IN ROADWAY,,,25,CLEAR,"DARKNESS, LIGHTED ROAD",PEDALCYCLIST,ONE-WAY,STRAIGHT AND LEVEL,DRY,INJURY AND / OR TOW DUE TO CRASH,58TH ST,41.7879423459,-87.7182323155,POINT (-87.718232315537 41.787942345943)
O1395919,BICYCLE,bfaf9efa7f3fc41820286fd1d14076774069f7df72b433a371616556f1bbf2ef3368338ae8c0dabc7488a704aa7c0fe9d713dfab0fa9ae813a9084f07f1de3a6,08/09/2022 07:09:00 PM,M,32.0,BICYCLE HELMET (PEDACYCLIST INVOLVED ONLY),WITH TRAFFIC,BIKEWAY,TEST NOT OFFERED,,30,CLEAR,DAYLIGHT,PEDALCYCLIST,DIVIDED - W/MEDIAN (NOT RAISED),STRAIGHT AND LEVEL,DRY,INJURY AND / OR TOW DUE TO CRASH,HALSTED ST,41.9449370095,-87.6492681455,POINT (-87.649268145541 41.944937009483)
O1395891,BICYCLE,a3694ab6048715c7d716d0a280f69950b2fccd023c4e044fc35f655537f2ce37782809094228a81b60006596c2856f99da0e3d956dbce40e46edf85f889cb265,08/09/2022 07:03:00 PM,M,14.0,HELMET NOT USED,CROSSING - NO CONTROLS (AT INTERSECTION),IN CROSSWALK,TEST NOT OFFERED,,30,CLEAR,DUSK,PEDALCYCLIST,UNKNOWN INTERSECTION TYPE,STRAIGHT AND LEVEL,DRY,INJURY AND / OR TOW DUE TO CRASH,ADA ST,41.746710362,-87.65742424,POINT (-87.657424239974 41.746710362028)
O1395867,BICYCLE,1fcaffadff1fb27c27c9a5c0c1abb982198028b089b92c046254327df6fc0ca66aabb05d0f5b64f90d8054384ee39e945b210af7f7850f29db620fe94067babd,08/09/2022 06:45:00 PM,M,9.0,HELMET NOT USED,OTHER ACTION,IN CROSSWALK,,,30,CLEAR,DAYLIGHT,PEDALCYCLIST,NOT DIVIDED,STRAIGHT AND LEVEL,DRY,INJURY AND / OR TOW DUE TO CRASH,CENTRAL PARK AVE,41.8698889696,-87.715679979,POINT (-87.715679978989 41.869888969637)
O1395802,BICYCLE,becb8262196aec06d408f307ad53f40e45ac4af9f92416c6d8511b54be4cfcbf9ee29773bc62c72d89c2572cec12b82916165cc7e7181e9ba46d17cd6a2ba443,08/09/2022 05:26:00 PM,M,19.0,HELMET NOT USED,OTHER ACTION,IN ROADWAY,TEST NOT OFFERED,,30,CLEAR,DAYLIGHT,PEDALCYCLIST,NOT DIVIDED,STRAIGHT AND LEVEL,DRY,INJURY AND / OR TOW DUE TO CRASH,DIVISION ST,41.9027863137,-87.7260601174,POINT (-87.726060117408 41.902786313719)