PERSON_ID,PERSON_TYPE,CRASH_RECORD_ID,CRASH_DATE_x,SEX,AGE,SAFETY_EQUIPMENT,PEDPEDAL_ACTION,PEDPEDAL_LOCATION,BAC_RESULT,CRASH_DATE_EST_I,POSTED_SPEED_LIMIT,WEATHER_CONDITION,LIGHTING_CONDITION,FIRST_CRASH_TYPE,TRAFFICWAY_TYPE,ALIGNMENT,ROADWAY_SURFACE_COND,CRASH_TYPE,STREET_NAME,LATITUDE,LONGITUDE,LOCATION
O1395806,BICYCLE,4ee5c099e2a944f7b24443c413ab215bf500c0d49c55216a6bb5af510058b2926b6c6819c85583fff9dafb901174c8867888e028577367c87f59efc878dfd32d,08/09/2022 04:52:00 PM,F,28.0,HELMET NOT USED,UNKNOWN/NA,IN ROADWAY,TEST NOT OFFERED,,30,CLEAR,DAYLIGHT,PEDALCYCLIST,FOUR WAY,STRAIGHT AND LEVEL,DRY,INJURY AND / OR TOW DUE TO CRASH,DORCHESTER AVE,41.7878242543,-87.5916623676,POINT (-87.591662367605 41.787824254338)
O1395740,BICYCLE,46d11f2a52c6a744fcb82437dbbe95d61ab33baa4f1f606fc401247c180e96d615767badc13a59821a7d941991885f7057853e45a4c58970d0d7bedb375ba0e6,08/09/2022 04:38:00 PM,F,27.0,BICYCLE HELMET (PEDACYCLIST INVOLVED ONLY),NO ACTION,BIKEWAY,TEST NOT OFFERED,,30,CLEAR,DAYLIGHT,PEDALCYCLIST,NOT DIVIDED,STRAIGHT AND LEVEL,DRY,INJURY AND / OR TOW DUE TO CRASH,DAMEN AVE,41.911790419,-87.6773474791,POINT (-87.677347479138 41.911790419021)
O1395719,BICYCLE,ac80756334cddc493f35352eab0e6416837a28602246f6f62a9a08a6cb845ff3f4e6816d0c2934697b973477edc5c2ec6892b35ccf52324005a7bd76bdc8472c,08/09/2022 04:15:00 PM,M,16.0,HELMET NOT USED,OTHER ACTION,IN ROADWAY,TEST NOT OFFERED,,30,CLEAR,DAYLIGHT,PEDALCYCLIST,FOUR WAY,STRAIGHT AND LEVEL,DRY,INJURY AND / OR TOW DUE TO CRASH,ELLIS AVE,41.8179341232,-87.6020249902,POINT (-87.602024990213 41.817934123159)
O1395676,BICYCLE,7711af07c1fb8613db3524632d4e7804eff0bb0ff473f5a8702e2a6f4a585ded4cd926945ccc0d2f5fd381fbdeb9dc7204f9f8c24392d8ec12c72aa479292a46,08/09/2022 03:41:00 PM,M,26.0,HELMET NOT USED,TURNING LEFT,IN ROADWAY,TEST NOT OFFERED,,30,CLEAR,DAYLIGHT,PEDALCYCLIST,FOUR WAY,STRAIGHT AND LEVEL,DRY,NO INJURY / DRIVE AWAY,CHICAGO AVE,41.8950537308,-87.7552252908,POINT (-87.755225290757 41.895053730813)
O1395592,BICYCLE,7fd3b8a91cb016908ab49ea7a5e98d25563ccd47e72169bcce7562bf5a3f470434b53d397e710d520ace2b82253512ce04939c48b2b0f28a29f21789fec58c7e,08/09/2022 02:37:00 PM,M,76.0,HELMET NOT USED,OTHER ACTION,IN CROSSWALK,TEST REFUSED,,20,CLEAR,DAYLIGHT,PEDALCYCLIST,NOT DIVIDED,STRAIGHT AND LEVEL,DRY,INJURY AND / OR TOW DUE TO CRASH,RIDGEWAY AVE,41.9955834258,-87.7225741078,POINT (-87.722574107786 41.995583425768)
O1395500,BICYCLE,b0ee9e29de9a574449cf9af8207a40a597cca10876b7f521fd99282c07d0bb8b0ecb3eb08fe827f63030cb0b92494144d0a5120aa65e2c45e05aeee6d43e3638,08/09/2022 11:50:00 AM,F,24.0,HELMET NOT USED,OTHER ACTION,DRIVEWAY ACCESS,,,10,CLEAR,DAYLIGHT,PEDALCYCLIST,PARKING LOT,STRAIGHT AND LEVEL,DRY,INJURY AND / OR TOW DUE TO CRASH,WESTERN AVE,41.7177744059,-87.6818225061,POINT (-87.681822506108 41.717774405919)
O1396838,NON-MOTOR VEHICLE,883baed715e2a83e87c9e07dad790f184d100b364832135aa9116e65878c3d4fdb8906052594f6104b605184c6d013a596b97a47a4270535fdc2741a14c6be47,08/08/2022 07:00:00 PM,M,,NONE PRESENT,UNKNOWN/NA,IN ROADWAY,TEST NOT OFFERED,,30,CLEAR,DUSK,ANIMAL,ONE-WAY,STRAIGHT AND LEVEL,DRY,INJURY AND / OR TOW DUE TO CRASH,RHODES AVE,41.76021098,-87.6113589569,POINT (-87.611358956862 41.760210979984)
O1395052,BICYCLE,73c7c72402a0325ee3217b85b97f1cd880dce1e273294e11b43bc2b8b5ceda20f285a8175ef46147d276e5fe82f40a76f6d6cceb119e083f1ce2cf1b1e489935,08/08/2022 04:35:00 PM,M,,HELMET NOT USED,TURNING LEFT,IN ROADWAY,TEST NOT OFFERED,,30,RAIN,DAYLIGHT,PEDALCYCLIST,NOT DIVIDED,STRAIGHT AND LEVEL,WET,NO INJURY / DRIVE AWAY,TOUHY AVE,42.0128211292,-87.6703114749,POINT (-87.670311474895 42.012821129153)
O1394929,BICYCLE,e7b51330cb3cffbe562d80eb7d25cce413dcf4d3d6f8f203a26fd9496d8b27dbc4f37c972012a1e7f6f7fb05e66b4118affde227182516767a3134ef31fdb046,08/08/2022 02:12:00 PM,,,HELMET NOT USED,AGAINST TRAFFIC,IN ROADWAY,TEST NOT OFFERED,,30,CLEAR,DAYLIGHT,PEDALCYCLIST,DIVIDED - W/MEDIAN BARRIER,STRAIGHT AND LEVEL,DRY,NO INJURY / DRIVE AWAY,MICHIGAN AVE,41.8905953347,-87.6242659123,POINT (-87.624265912265 41.890595334653)
O1394880,BICYCLE,8fda3f8d995b2c9ba0cd7cbe35f60aacd6708defbd91db914d77e7f0e62e8bf973b848085da3b447356550c36d3ebdfac27bae0ae11c0ff5622bf63f7c095e2b,08/08/2022 01:00:00 PM,M,,HELMET NOT USED,TURNING LEFT,IN ROADWAY,TEST NOT OFFERED,,30,CLEAR,DAYLIGHT,PEDALCYCLIST,NOT DIVIDED,STRAIGHT AND LEVEL,DRY,NO INJURY / DRIVE AWAY,75TH ST,41.7582910976,-87.6247900137,POINT (-87.624790013679 41.758291097628)
O1394713,BICYCLE,a396c4403e3d83b44393b60197941139eac0922489658fd155e29a6b0c26d1933d031a9dbe7ac41ffcc60475f8eb8d6b5ef73c8021587e54958cbc8141c883e9,08/08/2022 08:10:00 AM,M,17.0,BICYCLE HELMET (PEDACYCLIST INVOLVED ONLY),CROSSING - NO CONTROLS (NOT AT INTERSECTION),IN ROADWAY,TEST NOT OFFERED,,30,RAIN,DAYLIGHT,PEDALCYCLIST,DIVIDED - W/MEDIAN BARRIER,STRAIGHT AND LEVEL,WET,INJURY AND / OR TOW DUE TO CRASH,STONY ISLAND AVE,41.7542674547,-87.5862486459,POINT (-87.58624864592 41.754267454709)
O1394456,BICYCLE,e5bb72ff7b983e5d06b7419143e5bf9a6f6028c84cb0dedadef584ea0e30d84fe262cf715b3af789917fd3901f44d1b3c408a3feba86982cb9b94526338ab335,08/07/2022 07:35:00 PM,M,,HELMET NOT USED,CROSSING - NO CONTROLS (NOT AT INTERSECTION),IN ROADWAY,TEST NOT OFFERED,,30,RAIN,DARKNESS,PEDALCYCLIST,NOT DIVIDED,STRAIGHT AND LEVEL,WET,INJURY AND / OR TOW DUE TO CRASH,51ST ST,41.800837848,-87.6964248401,POINT (-87.696424840094 41.800837847994)
O1394394,NON-MOTOR VEHICLE,6e346c968cb7e8ab1caa0c573fc74aa61a2074e8d23b539c4f8b29eb9c0602f4432745c38b6de1fb02838b0c89a8b3ec4d2eb7a6eb622571efdba74db261a563,08/07/2022 05:50:00 PM,,,USAGE UNKNOWN,,,TEST NOT OFFERED,,10,CLEAR,DAYLIGHT,FIXED OBJECT,DRIVEWAY,STRAIGHT AND LEVEL,DRY,NO INJURY / DRIVE AWAY,GRAND AVE,41.8920941369,-87.6115698839,POINT (-87.611569883947 41.892094136862)
O1394398,BICYCLE,37a4a38e3879c073141bbe1259d755e6c9706c732e77c61027c7f003c000d06ad4b6133962d90bb8f0bcfbcdb79943b1c7b44bbc005aeea9117d81fe029f531d,08/07/2022 05:19:00 PM,M,19.0,HELMET NOT USED,WITH TRAFFIC,BIKEWAY,TEST NOT OFFERED,,30,CLOUDY/OVERCAST,DAYLIGHT,PEDALCYCLIST,DIVIDED - W/MEDIAN (NOT RAISED),STRAIGHT AND LEVEL,DRY,INJURY AND / OR TOW DUE TO CRASH,75TH ST,41.7582924217,-87.6279687933,POINT (-87.627968793252 41.758292421717)
O1394176,BICYCLE,3ee28888ce7fe4cced9146c3775fd66328f0454738bcd63a21a16c75e3cd70cde7dc968dc23a47fbf59736f826aa9583d47f6444903dec34ddc57349c880a2e6,08/07/2022 11:59:00 AM,M,29.0,BICYCLE HELMET (PEDACYCLIST INVOLVED ONLY),WITH TRAFFIC,IN ROADWAY,TEST NOT OFFERED,,30,RAIN,DAYLIGHT,PEDALCYCLIST,NOT DIVIDED,STRAIGHT AND LEVEL,UNKNOWN,INJURY AND / OR TOW DUE TO CRASH,BELMONT AVE,41.9396756449,-87.6625348143,POINT (-87.662534814263 41.939675644909)
O1394157,BICYCLE,939bd0f36ed93f68240873611506505f1ea595116f892e9ebb395b8807661123572eec5ae3310353ae7b70c70418a4b58b4d85fd6478b755a99bb159fb08098c,08/07/2022 09:00:00 AM,F,,HELMET NOT USED,UNKNOWN/NA,IN ROADWAY,TEST NOT OFFERED,,30,CLEAR,DAYLIGHT,PEDALCYCLIST,NOT DIVIDED,STRAIGHT AND LEVEL,DRY,INJURY AND / OR TOW DUE TO CRASH,KEDZIE AVE,41.9142852736,-87.7067273325,POINT (-87.706727332459 41.914285273614)
O1393875,BICYCLE,f0dbf5dee0c0c361cd504a69a9fcc29244fe3e73777384c7327a4bc17f4de0db12b20fe89587298dc68dba51c095b085206de489965c06fc2bbde41320933e87,08/07/2022 12:40:00 AM,F,,HELMET NOT USED,WITH TRAFFIC,IN ROADWAY,,,30,CLEAR,"DARKNESS, LIGHTED ROAD",PEDALCYCLIST,NOT DIVIDED,STRAIGHT AND LEVEL,DRY,NO INJURY / DRIVE AWAY,BROADWAY,41.9764121429,-87.6600150821,POINT (-87.660015082054 41.976412142948)
O1393718,BICYCLE,595128adfabe2253d307811f0036085c47cbb74c9acf09bf7c06034aa9442c9108256ea83db95b944515def9f11a2f8ceb93b06c0ece89436f34d69beeaabeb5,08/06/2022 05:10:00 PM,F,21.0,HELMET NOT USED,AGAINST TRAFFIC,UNKNOWN/NA,TEST NOT OFFERED,,20,CLEAR,DAYLIGHT,PEDALCYCLIST,FOUR WAY,STRAIGHT AND LEVEL,DRY,INJURY AND / OR TOW DUE TO CRASH,IRVING PARK RD,41.9540505422,-87.7046505506,POINT (-87.70465055056 41.954050542213)
O1393670,BICYCLE,f9c4661cf97f12f33f6a32c0c0a9f7a5a864c48fe786ed868643f530c4a27ec674e74667745b5798097c1b9d574542c296ca69d3c5b4759d2c63fbec55c695ef,08/06/2022 05:07:00 PM,F,33.0,BICYCLE HELMET (PEDACYCLIST INVOLVED ONLY),NO ACTION,BIKE LANE,TEST NOT OFFERED,,30,CLEAR,DAYLIGHT,PEDALCYCLIST,NOT DIVIDED,STRAIGHT AND LEVEL,DRY,INJURY AND / OR TOW DUE TO CRASH,ARMITAGE AVE,41.9182073588,-87.6538417053,POINT (-87.653841705263 41.918207358845)
O1393671,BICYCLE,f9c4661cf97f12f33f6a32c0c0a9f7a5a864c48fe786ed868643f530c4a27ec674e74667745b5798097c1b9d574542c296ca69d3c5b4759d2c63fbec55c695ef,08/06/2022 05:07:00 PM,M,31.0,BICYCLE HELMET (PEDACYCLIST INVOLVED ONLY),NO ACTION,BIKE LANE,TEST NOT OFFERED,,30,CLEAR,DAYLIGHT,PEDALCYCLIST,NOT DIVIDED,STRAIGHT AND LEVEL,DRY,INJURY AND / OR TOW DUE TO CRASH,ARMITAGE AVE,41.9182073588,-87.6538417053,POINT (-87.653841705263 41.918207358845)
O1393568,BICYCLE,12d0cb1fdd3cc293db209489f00b144c0813b9a5dc96745919bd06192ee0cb5e4f9b6829e4ff6f8e493b7d640ca323f3a5728196994b23ff46e0c206180bc3d8,08/06/2022 03:03:00 PM,M,24.0,HELMET NOT USED,NO ACTION,IN ROADWAY,TEST NOT OFFERED,,30,CLEAR,DAYLIGHT,PEDALCYCLIST,ONE-WAY,STRAIGHT AND LEVEL,DRY,NO INJURY / DRIVE AWAY,OHIO ST,41.8924450146,-87.6242380264,POINT (-87.624238026414 41.892445014605)
O1393711,BICYCLE,ef0fba125e567338af34d746fa6481b05fa5094b810f5da227eb7f66d8c2133df47a7ef2640f54c0cbc1cabb6932f8c083183d127f78e22ed31592a9ae81025a,08/06/2022 02:30:00 PM,F,25.0,BICYCLE HELMET (PEDACYCLIST INVOLVED ONLY),NO ACTION,BIKE LANE,TEST NOT OFFERED,,30,CLEAR,DAYLIGHT,PEDALCYCLIST,DIVIDED - W/MEDIAN (NOT RAISED),STRAIGHT AND LEVEL,DRY,INJURY AND / OR TOW DUE TO CRASH,DAMEN AVE,41.967733107,-87.6790092306,POINT (-87.679009230578 41.967733107041)
O1393385,BICYCLE,e512c63c44dcc01651df66f2e71eab9d200fcd7f249e24d2405459a22ccadce840ff6a0aef46e453a4dda42a617abd4aa73fef53b94397ca30bdc778468a5126,08/06/2022 11:30:00 AM,M,26.0,HELMET NOT USED,WITH TRAFFIC,IN ROADWAY,TEST NOT OFFERED,,30,CLEAR,DAYLIGHT,PEDALCYCLIST,NOT DIVIDED,STRAIGHT AND LEVEL,DRY,INJURY AND / OR TOW DUE TO CRASH,LAWRENCE AVE,41.9684781444,-87.7166062484,POINT (-87.716606248382 41.9684781444)
O1394093,NON-MOTOR VEHICLE,60356244092dfde19e871f204024599069ac00d7280fe41c3ec79abc7001e3bf9832795a766816cc8002327dd4cab319760987fb963e1452b80b2d9c6dab2873,08/06/2022 12:00:00 AM,F,47.0,NONE PRESENT,NO ACTION,IN ROADWAY,TEST NOT OFFERED,Y,20,CLEAR,DARKNESS,FIXED OBJECT,ALLEY,STRAIGHT AND LEVEL,DRY,NO INJURY / DRIVE AWAY,83RD ST,41.7420785003,-87.7211768547,POINT (-87.721176854727 41.742078500304)
O1393291,BICYCLE,62a2ae58cd72f97c2e9f728caed86f46a610f216bfe0716d0588797899049947227dc09c546c7b4d451bc9e9cdddf0e43703ba20dc0cfca5751c8f9487cd6c75,08/05/2022 11:30:00 PM,M,20.0,BICYCLE HELMET (PEDACYCLIST INVOLVED ONLY),NO ACTION,BIKE LANE,TEST NOT OFFERED,,30,CLEAR,"DARKNESS, LIGHTED ROAD",PEDALCYCLIST,NOT DIVIDED,STRAIGHT AND LEVEL,DRY,INJURY AND / OR TOW DUE TO CRASH,KINZIE ST,41.8893216859,-87.6311329853,POINT (-87.631132985275 41.88932168585)
O1392993,BICYCLE,bff34817e0b38023b9e5834e48601f36a614283b71607984eb19d573df6017dfbc0cd87d7888d2388985c93e1a812e98a2fcc0d34f3f8e97cb29750bc474b468,08/05/2022 08:27:00 PM,M,25.0,BICYCLE HELMET (PEDACYCLIST INVOLVED ONLY),WITH TRAFFIC,IN ROADWAY,TEST NOT OFFERED,Y,30,CLEAR,DUSK,PEDALCYCLIST,NOT DIVIDED,STRAIGHT AND LEVEL,DRY,INJURY AND / OR TOW DUE TO CRASH,CLARK ST,41.9328286998,-87.645080351,POINT (-87.645080351015 41.932828699843)
O1392904,BICYCLE,1ec444ad979a9611e517a97c3adef8a86abe52c579dfbbd2594cdc3da54a4c58da6a94c5bba9d22485dbf067c135204b5bfc05c92c3c0385742e04305c8ba7c5,08/05/2022 06:40:00 PM,M,24.0,BICYCLE HELMET (PEDACYCLIST INVOLVED ONLY),WITH TRAFFIC,BIKEWAY,TEST NOT OFFERED,,30,CLEAR,DAYLIGHT,PEDALCYCLIST,NOT DIVIDED,STRAIGHT AND LEVEL,DRY,INJURY AND / OR TOW DUE TO CRASH,WELLS ST,41.9089178492,-87.6344934414,POINT (-87.634493441419 41.908917849163)
O1393866,BICYCLE,85c59b104d3676ac390d2d9bc107247a1143b54213f73b44be5f28717a0ff33e1b8c49cac4031121125e1537e5645c82ae062637de50d0eb7f8032b456ab578f,08/05/2022 06:30:00 PM,M,15.0,HELMET NOT USED,UNKNOWN/NA,IN ROADWAY,TEST NOT OFFERED,,30,UNKNOWN,UNKNOWN,PEDALCYCLIST,NOT DIVIDED,STRAIGHT AND LEVEL,UNKNOWN,INJURY AND / OR TOW DUE TO CRASH,56TH ST,41.7917555826,-87.707124831,POINT (-87.707124831009 41.791755582594)
O1392896,BICYCLE,d526c1a9c97750fe693c704386d49b739fb3c333cef6fb9727f99384868027fd243bc34a810b715a70546c5ead42f62af26ec2a97a6eb9447529b864947331ca,08/05/2022 04:37:00 PM,M,42.0,HELMET NOT USED,NO ACTION,IN ROADWAY,TEST NOT OFFERED,,30,CLEAR,DAYLIGHT,PEDALCYCLIST,UNKNOWN INTERSECTION TYPE,STRAIGHT AND LEVEL,DRY,INJURY AND / OR TOW DUE TO CRASH,HARLEM AVE,41.7956880528,-87.8014596705,POINT (-87.801459670523 41.795688052768)
O1392482,NON-MOTOR VEHICLE,fbe5f4b7d34c99871f2223cb9d77ae70577cc3bd9c83d6b46055ae043329cd478fe6d8216a60440cf7f18be4f073acd242d7aa41261a137be1c4f48c4abe6a09,08/05/2022 01:37:00 PM,M,21.0,HELMET NOT USED,WITH TRAFFIC,IN ROADWAY,TEST NOT OFFERED,,30,CLEAR,DAYLIGHT,OTHER OBJECT,FOUR WAY,STRAIGHT AND LEVEL,DRY,INJURY AND / OR TOW DUE TO CRASH,ROOSEVELT RD,41.8667522661,-87.665896487,POINT (-87.665896486984 41.866752266065)
O1393160,BICYCLE,9d45f749094c8c811a27a24b75ba49829009d084028d14c797db9ee340a70194f2e6c74d4dbf044b4d71654161a550951cb5eb31a2ce5c068c89149a06dcf3ad,08/05/2022 10:10:00 AM,,,HELMET NOT USED,OTHER ACTION,IN ROADWAY,TEST NOT OFFERED,,30,CLEAR,"DARKNESS, LIGHTED ROAD",PEDALCYCLIST,NOT DIVIDED,STRAIGHT AND LEVEL,UNKNOWN,INJURY AND / OR TOW DUE TO CRASH,BROADWAY,41.9340361651,-87.6445537289,POINT (-87.644553728916 41.934036165104)
O1392477,NON-MOTOR VEHICLE,8c3df3dfbe1723a0e55d8e8ddd06139b0ce38c25a0e912c6eb0b2329aebb0fd48f7486fc2581e9c6b3aaa2d098ae7e5aa2dda5cc03860007fffaba256f003b38,08/05/2022 10:00:00 AM,X,,USAGE UNKNOWN,UNKNOWN/NA,UNKNOWN/NA,TEST NOT OFFERED,,10,CLEAR,DAYLIGHT,OTHER OBJECT,PARKING LOT,STRAIGHT AND LEVEL,DRY,NO INJURY / DRIVE AWAY,CANAL ST,41.874068529,-87.6395702987,POINT (-87.639570298652 41.874068529008)
O1394521,BICYCLE,302936071b3e339b44efecebb3d48a83eb1fbee9cf4e588cdca918f78bbbdeedd10538e3b6c5d0366d26d937bf94823183a1ffe097d597d969cab0d6a034ec61,08/05/2022 01:25:00 AM,M,52.0,HELMET NOT USED,CROSSING - NO CONTROLS (NOT AT INTERSECTION),IN ROADWAY,,,30,CLEAR,"DARKNESS, LIGHTED ROAD",PEDALCYCLIST,ONE-WAY,STRAIGHT AND LEVEL,DRY,INJURY AND / OR TOW DUE TO CRASH,68TH ST,41.7702074675,-87.6871278302,POINT (-87.687127830212 41.770207467497)
O1395962,BICYCLE,3e5bca03580d85d9063ce2eb4290dd57c0a311f88391094a8e53776226542f1f061526c66dcbedb81fdc67b8afacaf6a44f1f8733a618aa6206799874ac2ec27,08/04/2022 09:20:00 PM,M,,HELMET NOT USED,CROSSING - AGAINST SIGNAL,IN ROADWAY,TEST NOT OFFERED,,30,CLEAR,"DARKNESS, LIGHTED ROAD",PEDALCYCLIST,NOT DIVIDED,STRAIGHT AND LEVEL,DRY,NO INJURY / DRIVE AWAY,MADISON ST,41.8814986554,-87.6718102019,POINT (-87.671810201866 41.881498655435)
O1394517,BICYCLE,b99724b6f92e7ba3a6b1e85e6ba26b87dcdca70b6258c280a1cab23829a5893f06740570b523e766abc7a2577a24ccff2f98612cde78665e61df30d7e6bd6958,08/04/2022 08:30:00 PM,M,52.0,HELMET NOT USED,UNKNOWN/NA,IN ROADWAY,TEST NOT OFFERED,N,30,CLEAR,"DARKNESS, LIGHTED ROAD",PEDALCYCLIST,DIVIDED - W/MEDIAN (NOT RAISED),STRAIGHT AND LEVEL,DRY,INJURY AND / OR TOW DUE TO CRASH,63RD ST,41.7774040875,-87.8008407376,POINT (-87.800840737555 41.777404087501)
O1392629,BICYCLE,b352b770efea578b8fc274db8ccf46ff1de8b2e2c43cb149289d9847d4623ab66d48905fc4dd81f3eb37f0eba2079f351384ccf3aa8b4c0d95c33428c3698dc2,08/04/2022 05:20:00 PM,M,16.0,HELMET NOT USED,CROSSING - AGAINST SIGNAL,IN CROSSWALK,TEST NOT OFFERED,,30,CLEAR,DAYLIGHT,PEDALCYCLIST,ONE-WAY,STRAIGHT AND LEVEL,DRY,INJURY AND / OR TOW DUE TO CRASH,CORNELL AVE,41.7732514896,-87.5852245997,POINT (-87.585224599677 41.773251489596)
O1394386,BICYCLE,4c3c4b788644827cb2df672b0ea86f00aa4a8ccf9611e8f2912669fa78d4780f460b69de8f1d8e27d938716a199a3c443ebfe2ba188583e1b42abaeeadc37daa,08/04/2022 04:45:00 PM,M,19.0,BICYCLE HELMET (PEDACYCLIST INVOLVED ONLY),AGAINST TRAFFIC,IN ROADWAY,TEST NOT OFFERED,,30,CLEAR,DAYLIGHT,PEDALCYCLIST,ONE-WAY,STRAIGHT AND LEVEL,DRY,INJURY AND / OR TOW DUE TO CRASH,GRAND AVE,41.8918234902,-87.6253177097,POINT (-87.625317709668 41.891823490173)
O1394381,BICYCLE,753cac608ab49f399645e49ca417399e7782bb8e90d81e4298045040e25d270c6fc5428e9c5024b8df332ceb575a4e87802090f87f91e4389753a218111d3f61,08/04/2022 04:15:00 PM,M,19.0,HELMET NOT USED,CROSSING - NO CONTROLS (NOT AT INTERSECTION),IN ROADWAY,TEST NOT OFFERED,,30,CLEAR,DAYLIGHT,PEDALCYCLIST,NOT DIVIDED,STRAIGHT AND LEVEL,DRY,INJURY AND / OR TOW DUE TO CRASH,GRAND AVE,41.8920576217,-87.6127545679,POINT (-87.612754567896 41.892057621725)
O1394891,BICYCLE,3685ce5f1801af3c032c38d0224f8218114d912c872bf45c23d7894c429eb9569d24320e1fdc38222db95e54bcb0cc26686d458269d619c9d69f39a19f5b8980,08/04/2022 03:00:00 PM,M,45.0,HELMET NOT USED,AGAINST TRAFFIC,IN ROADWAY,TEST NOT OFFERED,,30,CLEAR,DAYLIGHT,PEDALCYCLIST,ONE-WAY,STRAIGHT AND LEVEL,DRY,INJURY AND / OR TOW DUE TO CRASH,ONTARIO ST,41.8932993468,-87.6340394579,POINT (-87.634039457919 41.893299346846)
O1394692,BICYCLE,4efbda93e10370ee760e7960cc2eb58a00541d3e32c5ad58cc0c8bce4d7a973bf4e4a2e241d40ef9cb4767520445bbe17c9c4cbe24e93e8974b9460aa5e85a9f,08/04/2022 12:30:00 PM,M,,HELMET NOT USED,CROSSING - NO CONTROLS (AT INTERSECTION),IN ROADWAY,TEST NOT OFFERED,,30,CLEAR,DAYLIGHT,PEDALCYCLIST,NOT DIVIDED,STRAIGHT AND LEVEL,DRY,INJURY AND / OR TOW DUE TO CRASH,NOBLE ST,41.8953403362,-87.6625296249,POINT (-87.662529624911 41.895340336212)
O1392406,BICYCLE,80887c7b485e21147d10bba125c09c65855df4ffc6f0f513cf21f3ef9e496c16d7bf6f70e46326bddb03ec42b0cdfe9e9987de343c3a69c06ad1f912113704b5,08/04/2022 09:00:00 AM,F,32.0,HELMET NOT USED,WITH TRAFFIC,IN CROSSWALK,TEST NOT OFFERED,,25,CLEAR,DAYLIGHT,PEDALCYCLIST,ALLEY,STRAIGHT AND LEVEL,DRY,NO INJURY / DRIVE AWAY,71ST ST,41.7662898046,-87.5823112899,POINT (-87.582311289947 41.76628980462)
O1392343,BICYCLE,5a07d920bb13ad83f0795c0846f9e72b06b03488956b42d9204fb9b65b8019745c671d7c0ecfbed59818b2a57d25325add8596d5ba3641cc2f68b7ae32977cc1,08/04/2022 08:45:00 AM,M,30.0,HELMET NOT USED,WITH TRAFFIC,IN ROADWAY,TEST NOT OFFERED,Y,30,CLEAR,DAYLIGHT,PEDALCYCLIST,NOT DIVIDED,STRAIGHT AND LEVEL,DRY,INJURY AND / OR TOW DUE TO CRASH,BROADWAY,41.9350977416,-87.6443820962,POINT (-87.644382096201 41.935097741581)
O1392135,BICYCLE,8c773f141e7d6b4de81f114b3ce9808d79c360838fa6f03c7113fc3e1687bb2996dc941828f30e8fba603ad616bc90ea00d719c3731766083e287e613ff194fc,08/04/2022 08:20:00 AM,M,,HELMET NOT USED,PARKED VEHICLE,IN ROADWAY,TEST NOT OFFERED,,30,CLEAR,DAYLIGHT,PEDALCYCLIST,NOT DIVIDED,STRAIGHT AND LEVEL,DRY,INJURY AND / OR TOW DUE TO CRASH,HALSTED ST,41.897236889,-87.6479411927,POINT (-87.647941192708 41.897236888957)
O1392019,BICYCLE,22231b8a722bf6df628084af87d00413886962d89b01ab083bb0ff88dbd782161a4ccc2399a1e8cbcfa09e5cb18b05ae5b3618d95b4ead105074f7222e531eef,08/03/2022 09:11:00 PM,M,,HELMET NOT USED,WITH TRAFFIC,IN ROADWAY,TEST NOT OFFERED,,35,CLEAR,DUSK,PEDALCYCLIST,NOT DIVIDED,STRAIGHT AND LEVEL,WET,INJURY AND / OR TOW DUE TO CRASH,STATE ST,41.8941832248,-87.6282858071,POINT (-87.62828580708 41.894183224825)
O1391783,BICYCLE,1336d797bcea168ca2a891ba84d4160bcc990ee6f495a9cdb7f34312733d8f3fd01ac930c4740eede58dda6270ef839485a55267042503445ee5d8a51d2187e2,08/03/2022 04:05:00 PM,M,16.0,HELMET NOT USED,TURNING RIGHT,IN ROADWAY,TEST NOT OFFERED,,30,CLEAR,DAYLIGHT,PEDALCYCLIST,ONE-WAY,STRAIGHT AND LEVEL,DRY,INJURY AND / OR TOW DUE TO CRASH,LARAMIE AVE,41.9668174598,-87.7575193457,POINT (-87.757519345724 41.966817459751)
O1391804,BICYCLE,6754cc80b27a00a216f2e520e087a97cdc50b85b1c1dd6ebc6bc203673f26375298614bd3ea91f998ad7d9eb85c204b2296490089863c4beeb506c23ac8cecd4,08/03/2022 02:32:00 PM,M,,HELMET NOT USED,CROSSING - NO CONTROLS (NOT AT INTERSECTION),IN ROADWAY,TEST NOT OFFERED,,30,CLEAR,DAYLIGHT,PEDALCYCLIST,NOT DIVIDED,STRAIGHT AND LEVEL,UNKNOWN,NO INJURY / DRIVE AWAY,51ST ST,41.8021846077,-87.6180405833,POINT (-87.618040583308 41.802184607746)
O1391753,BICYCLE,5f70b37148749799ba9e550aa4e08a679c68de3e6358a0c55171aa384433d582fccda876930088755116b52a68191c0797aac9183f5bee40758f23ee2cb77b3c,08/03/2022 01:45:00 PM,M,,HELMET NOT USED,CROSSING - AGAINST SIGNAL,IN CROSSWALK,TEST NOT OFFERED,,30,UNKNOWN,DAYLIGHT,PEDALCYCLIST,NOT DIVIDED,STRAIGHT AND LEVEL,UNKNOWN,NO INJURY / DRIVE AWAY,JACKSON BLVD,41.8776589168,-87.686424465,POINT (-87.686424464985 41.877658916758)
O1391668,BICYCLE,19547cecc2f9f59ed60408e5d6121c14441fbd1112109fb2ded1f7f7204dba07d537f18464e52f24513ed7d3bc21ae5f70919ec65373c873fc9615b2e474800f,08/03/2022 10:45:00 AM,M,,HELMET NOT USED,WITH TRAFFIC,BIKE LANE,TEST NOT OFFERED,,30,CLEAR,DAYLIGHT,PEDALCYCLIST,NOT DIVIDED,STRAIGHT AND LEVEL,DRY,INJURY AND / OR TOW DUE TO CRASH,DIVISION ST,41.9037471381,-87.6480807796,POINT (-87.648080779561 41.903747138119)