PERSON_ID,PERSON_TYPE,CRASH_RECORD_ID,CRASH_DATE_x,SEX,AGE,SAFETY_EQUIPMENT,PEDPEDAL_ACTION,PEDPEDAL_LOCATION,BAC_RESULT,CRASH_DATE_EST_I,POSTED_SPEED_LIMIT,WEATHER_CONDITION,LIGHTING_CONDITION,FIRST_CRASH_TYPE,TRAFFICWAY_TYPE,ALIGNMENT,ROADWAY_SURFACE_COND,CRASH_TYPE,STREET_NAME,LATITUDE,LONGITUDE,LOCATION
O1391602,NON-MOTOR VEHICLE,39483412e75defce77d784c139ddf47cbb0c1a069a6e97a62157b1f744c646bc71001637ca64d668c17d452f1bbbf39a21ad764071f5f0163200312b65093a81,08/03/2022 10:00:00 AM,M,37.0,HELMET USED,WITH TRAFFIC,IN ROADWAY,TEST NOT OFFERED,,30,CLEAR,DAYLIGHT,OTHER OBJECT,FOUR WAY,STRAIGHT AND LEVEL,DRY,INJURY AND / OR TOW DUE TO CRASH,HALSTED ST,41.8550669471,-87.6467107526,POINT (-87.646710752611 41.855066947115)
O1391562,BICYCLE,24429d5bbd1a3cda8cb446a9cfe174ad9f07aa89c00a730c7a9a01886a6491e2818aba321193a459baad95de3aed72d89dde467432b75750dbf13927795e9e1f,08/03/2022 07:41:00 AM,F,28.0,BICYCLE HELMET (PEDACYCLIST INVOLVED ONLY),OTHER ACTION,BIKEWAY,TEST NOT OFFERED,,10,CLEAR,DAYLIGHT,PEDALCYCLIST,ONE-WAY,STRAIGHT AND LEVEL,DRY,INJURY AND / OR TOW DUE TO CRASH,FORT DEARBORN,41.8421633758,-87.6093916383,POINT (-87.609391638327 41.842163375784)
O1391392,BICYCLE,6769c00c8c5d11ee41154b97120b78bf6b1c1ab8340904fa8e6cd496f784087a14d7e986b22d10296f3c5ba2e9ef0681cf8ce415d826e6647a0a0379d9818de0,08/02/2022 08:40:00 PM,M,22.0,HELMET NOT USED,WITH TRAFFIC,UNKNOWN/NA,TEST NOT OFFERED,,30,CLEAR,"DARKNESS, LIGHTED ROAD",PEDALCYCLIST,DIVIDED - W/MEDIAN (NOT RAISED),STRAIGHT AND LEVEL,DRY,INJURY AND / OR TOW DUE TO CRASH,MILWAUKEE AVE,41.9248167406,-87.7002344981,POINT (-87.700234498111 41.924816740608)
O1391366,BICYCLE,02d6a4696164e267dbb3b21fd9ca0f8dc72f64139c57134e4ed12dd28bded8d3040d7ce93450b1fa0b01f05faba5cd7409c63f81cf0f6c4a73288be5448a0597,08/02/2022 06:50:00 PM,M,24.0,BICYCLE HELMET (PEDACYCLIST INVOLVED ONLY),OTHER ACTION,IN ROADWAY,TEST NOT OFFERED,,30,CLEAR,DAYLIGHT,PEDALCYCLIST,NOT DIVIDED,STRAIGHT AND LEVEL,DRY,INJURY AND / OR TOW DUE TO CRASH,STOCKTON DR,41.9219133051,-87.6355728998,POINT (-87.635572899755 41.921913305078)
O1391438,BICYCLE,64f0e278f0a0d1da25e3fc244f70d9a2487b8773e2953450085a171608c6c22009a2b728e26fa1614404ddae4be1e5b4aafa0b11c17089c089a3537af14302bd,08/02/2022 06:30:00 PM,F,32.0,BICYCLE HELMET (PEDACYCLIST INVOLVED ONLY),WITH TRAFFIC,BIKEWAY,TEST NOT OFFERED,,30,CLEAR,DAYLIGHT,PEDALCYCLIST,DIVIDED - W/MEDIAN (NOT RAISED),STRAIGHT AND LEVEL,DRY,INJURY AND / OR TOW DUE TO CRASH,LINCOLN AVE,41.9600774669,-87.6827472445,POINT (-87.682747244517 41.960077466903)
O1392575,BICYCLE,ad562d4e98c74a84db3e7cb2006d6cb5d4fcdb7fb338ef381fd1193f3bcd08962d3a3b42b8fd17b6ce0ba3dd805be758eda559ec0004fd12deb37ecf373c6e7a,08/02/2022 05:00:00 PM,F,,HELMET NOT USED,TURNING LEFT,IN ROADWAY,TEST NOT OFFERED,,30,CLEAR,DAYLIGHT,PEDALCYCLIST,DIVIDED - W/MEDIAN BARRIER,STRAIGHT AND LEVEL,DRY,INJURY AND / OR TOW DUE TO CRASH,KEDZIE AVE,41.9135693764,-87.7069964547,POINT (-87.706996454708 41.913569376417)
O1391155,BICYCLE,983b400c6b1ca7faab3ce0a325a902d281e7ddd37ff9e910675aed58d893d3ea56ec0230045d8973786bdefb62d32c524458f4d26a1f4c1a80cbbe7bae9c6799,08/02/2022 02:45:00 PM,F,14.0,HELMET NOT USED,CROSSING - WITH SIGNAL,IN CROSSWALK,TEST NOT OFFERED,,30,CLEAR,DAYLIGHT,PEDALCYCLIST,NOT DIVIDED,STRAIGHT AND LEVEL,DRY,NO INJURY / DRIVE AWAY,ST LOUIS AVE,41.7934511518,-87.710754845,POINT (-87.710754845021 41.793451151823)
O1390850,BICYCLE,ecd1a9ee20f7a3348c7d7e9cccbb9b470750bd919a9b44d71c007d611527e2821416300f4e0f900bac5e9733ae4f5b1219437972efc29ce1f20986c8d8a9429e,08/02/2022 12:50:00 AM,M,23.0,HELMET NOT USED,WITH TRAFFIC,IN ROADWAY,,,30,CLEAR,"DARKNESS, LIGHTED ROAD",PEDALCYCLIST,NOT DIVIDED,STRAIGHT AND LEVEL,DRY,INJURY AND / OR TOW DUE TO CRASH,STATE ST,41.8794305586,-87.6275627694,POINT (-87.627562769444 41.879430558615)
O1390741,BICYCLE,8e2f848cef4f63d76c9013120c5750c82fec8568a504f039561d7ae779a301c187deac38f926ee9b9cd74de7c77c3ff2ae6da49eae5f9b65aa880732e3948de0,08/01/2022 06:22:00 PM,M,29.0,HELMET NOT USED,NO ACTION,NOT IN ROADWAY,TEST NOT OFFERED,,30,CLEAR,DAYLIGHT,PEDALCYCLIST,NOT DIVIDED,STRAIGHT AND LEVEL,DRY,NO INJURY / DRIVE AWAY,KEDZIE AVE,41.9447698803,-87.7079224539,POINT (-87.707922453944 41.944769880273)
O1390663,BICYCLE,658dc335135978f4ea6b4cfbd67edfbfd725ab371e69507f72f91865de30e92b8bc65875edf3f0a9cc43a28ea835c5bd985d1e2d2f9555b99bd3ec352efc38a1,08/01/2022 05:53:00 PM,M,14.0,BICYCLE HELMET (PEDACYCLIST INVOLVED ONLY),CROSSING - WITH SIGNAL,IN CROSSWALK,TEST NOT OFFERED,,30,CLEAR,DAYLIGHT,PEDALCYCLIST,FOUR WAY,STRAIGHT AND LEVEL,DRY,INJURY AND / OR TOW DUE TO CRASH,WESTERN AVE,42.0050800739,-87.6899247445,POINT (-87.689924744509 42.005080073905)
O1391112,BICYCLE,0da6a649c85b9af58b01e529ddd1a32394c8ed613bf7030a9e060b2add9927c6ea640f0df569f527abfdcc5ac900e90f356c38f3deaad3483075bf59d3a7a313,08/01/2022 05:50:00 PM,M,22.0,HELMET NOT USED,OTHER ACTION,IN CROSSWALK,TEST NOT OFFERED,,15,CLEAR,DAYLIGHT,PEDALCYCLIST,DRIVEWAY,STRAIGHT AND LEVEL,DRY,INJURY AND / OR TOW DUE TO CRASH,CLINTON ST,41.8682382254,-87.6406065202,POINT (-87.64060652024 41.868238225371)
O1390665,BICYCLE,11f543dcac529e9ff01d82071adce68765fc7491136658989a916ec069b0ef7360d43b7b12b330f4cce8d9d0c3ffa1ef49adeb0bec325d059935ca260df18639,08/01/2022 05:00:00 PM,M,31.0,BICYCLE HELMET (PEDACYCLIST INVOLVED ONLY),WITH TRAFFIC,IN ROADWAY,TEST NOT OFFERED,,30,CLEAR,DAYLIGHT,PEDALCYCLIST,DIVIDED - W/MEDIAN (NOT RAISED),STRAIGHT AND LEVEL,DRY,INJURY AND / OR TOW DUE TO CRASH,CALIFORNIA AVE,42.0054387223,-87.6999712064,POINT (-87.699971206358 42.00543872229)
O1390601,BICYCLE,2ccb58383d6b5838a0cd24025509f34a2a5bf072acffc1745b49623102b85bc2cf381535addaae4332dde3d0ad08d7da4ff9203af0130988dd5175a4b4078898,08/01/2022 04:15:00 PM,M,52.0,HELMET NOT USED,OTHER ACTION,IN ROADWAY,TEST NOT OFFERED,,30,CLEAR,DAYLIGHT,PEDALCYCLIST,FOUR WAY,STRAIGHT AND LEVEL,DRY,INJURY AND / OR TOW DUE TO CRASH,DIVISION ST,41.9026806289,-87.7106700809,POINT (-87.710670080902 41.902680628914)
O1390398,BICYCLE,1c0507c41ec78e047c2f8be37b65ce4ddea052e02aeaa2f50db6e6f25bcee618f26aa8a78c065e99fc4bbcaae746b4ad76d601c6ae9519515d914c94209e2f08,08/01/2022 01:22:00 PM,M,68.0,HELMET NOT USED,UNKNOWN/NA,IN ROADWAY,TEST NOT OFFERED,,30,CLEAR,DAYLIGHT,PEDALCYCLIST,NOT DIVIDED,STRAIGHT AND LEVEL,DRY,INJURY AND / OR TOW DUE TO CRASH,TOUHY AVE,42.0121497968,-87.688137972,POINT (-87.688137971996 42.01214979677)
O1390407,BICYCLE,1107cf6f241f66428a5850b32e487a336a0dbedf0b547aa6035e2140e578d264f691a5820de881f3d65f050daaf53fce45f45accebf8f5bfe2b80c3cded36c7c,08/01/2022 12:35:00 PM,M,16.0,HELMET NOT USED,OTHER ACTION,BIKE LANE,TEST NOT OFFERED,,30,CLEAR,DAYLIGHT,PEDALCYCLIST,FOUR WAY,STRAIGHT AND LEVEL,DRY,INJURY AND / OR TOW DUE TO CRASH,93RD ST,41.7250343992,-87.6579661957,POINT (-87.657966195741 41.725034399179)
O1390369,BICYCLE,ca084a491b2aa47f3b2b14ec437929787cc1b94464546ead5e9e481dd052f11e0b6e099a7cc932aed544534bdfcffb477716047c47f1aa104d030772a78b5e28,08/01/2022 10:51:00 AM,M,54.0,HELMET NOT USED,NO ACTION,BIKE LANE,TEST NOT OFFERED,,30,CLEAR,DAYLIGHT,PEDALCYCLIST,NOT DIVIDED,STRAIGHT AND LEVEL,DRY,INJURY AND / OR TOW DUE TO CRASH,83RD ST,41.7445715759,-87.5497613113,POINT (-87.549761311291 41.744571575858)
O1390165,BICYCLE,c543defc03a32071e85c73e508a01526bb6fd9ac1253f7ac8334946d3c6c27e2229b1a64a51cf75259f75c75e76cd4eb4662153f6a44d02a1147a4b4e2a7ff53,08/01/2022 01:48:00 AM,M,,HELMET NOT USED,UNKNOWN/NA,IN ROADWAY,TEST NOT OFFERED,,35,OTHER,UNKNOWN,PEDALCYCLIST,NOT DIVIDED,STRAIGHT AND LEVEL,UNKNOWN,NO INJURY / DRIVE AWAY,LAWRENCE AVE,41.9689563273,-87.6565248541,POINT (-87.656524854063 41.968956327253)
O1389953,BICYCLE,b309f182455cbb338f332e850cd2955d30069f58ee500706ca4b0fb456022cbd4befee53ec7ac223ac91122a8144a6cb3cef5f63189a1b1884e49294cb512e0e,07/31/2022 06:00:00 PM,M,,HELMET NOT USED,CROSSING - AGAINST SIGNAL,IN ROADWAY,TEST NOT OFFERED,Y,30,UNKNOWN,UNKNOWN,PEDALCYCLIST,NOT DIVIDED,STRAIGHT AND LEVEL,UNKNOWN,NO INJURY / DRIVE AWAY,59TH ST,41.785944712,-87.7328091077,POINT (-87.732809107672 41.785944712032)
O1389925,BICYCLE,6492de80336d7f1b22079905975e525cfb585eabf66b18316598354531502e5540c56e7e1c95be67fda5ab859fb21b5a7d89a09b9c081e159d6707308844328e,07/31/2022 05:17:00 PM,F,46.0,HELMET NOT USED,ENTER FROM DRIVE/ALLEY,IN ROADWAY,TEST NOT OFFERED,,15,CLEAR,DAYLIGHT,PEDALCYCLIST,ONE-WAY,STRAIGHT AND LEVEL,DRY,NO INJURY / DRIVE AWAY,62ND ST,41.7822201152,-87.6127828004,POINT (-87.612782800422 41.782220115173)
O1390090,BICYCLE,2928ba9a5a9d6f55cbacf29039d38de9d7d871aa4361ed6598e087cd377cdc5730b9d54c5b407973dc045d4d797d994e5e4e808703d5a62a2968500ee46ca236,07/31/2022 04:30:00 PM,M,17.0,BICYCLE HELMET (PEDACYCLIST INVOLVED ONLY),WITH TRAFFIC,BIKE LANE,TEST NOT OFFERED,,30,CLEAR,DAYLIGHT,PEDALCYCLIST,NOT DIVIDED,STRAIGHT AND LEVEL,DRY,NO INJURY / DRIVE AWAY,NORTH AVE,41.9103413263,-87.6792826045,POINT (-87.679282604524 41.910341326273)
O1389926,BICYCLE,6b2a1e61348282fa75bd951445c7b39c2ba5e6b29407dc4db64f224df08b672449b28729afbb002696f92f63729c3078c4673a6667a229c07911bdc02bd5cdd7,07/31/2022 04:15:00 PM,M,8.0,HELMET NOT USED,ENTER FROM DRIVE/ALLEY,DRIVEWAY ACCESS,TEST NOT OFFERED,,30,CLEAR,DAYLIGHT,PEDALCYCLIST,NOT DIVIDED,STRAIGHT AND LEVEL,DRY,INJURY AND / OR TOW DUE TO CRASH,FEDERAL ST,41.8399392315,-87.628877199,POINT (-87.628877199009 41.839939231502)
O1408446,BICYCLE,638b0383d2d985c0f01ff2785fff366e0a480884799ae41b34198d545845a775edbeeffa3b2e2c4523cf5673fd35ed2da2a22a1a0c2b07edba56d891c5e01581,07/31/2022 03:20:00 PM,F,58.0,BICYCLE HELMET (PEDACYCLIST INVOLVED ONLY),WITH TRAFFIC,BIKE LANE,TEST NOT OFFERED,,30,CLEAR,DAYLIGHT,PEDALCYCLIST,NOT DIVIDED,STRAIGHT AND LEVEL,DRY,INJURY AND / OR TOW DUE TO CRASH,WILSON DR,41.9654058814,-87.6484629315,POINT (-87.648462931521 41.965405881419)
O1389785,BICYCLE,4069f6363be17ffc3b89c5904788de7d70beb8c65c7db91844fa270ee83952de1d2f0f5cc95dc2433f0cc56662b36e3b82cd82b96e28b6fe29a7f822fb0edd80,07/31/2022 01:25:00 PM,M,29.0,BICYCLE HELMET (PEDACYCLIST INVOLVED ONLY),WITH TRAFFIC,BIKE LANE,TEST NOT OFFERED,,30,CLEAR,DAYLIGHT,PEDALCYCLIST,NOT DIVIDED,STRAIGHT AND LEVEL,DRY,INJURY AND / OR TOW DUE TO CRASH,MILWAUKEE AVE,41.9221136664,-87.695840376,POINT (-87.695840376028 41.922113666397)
O1389375,BICYCLE,bdc6dfa290d5ce47d8c0f294d2a4c5e7a5c7466436cb9319a63b074b244d40d3a3a1f2df8bd6d13775cd7245867b32b27eba49d070b0e8d1511c550ddd3038ab,07/30/2022 10:05:00 PM,M,53.0,HELMET NOT USED,WITH TRAFFIC,IN ROADWAY,TEST NOT OFFERED,,30,CLEAR,"DARKNESS, LIGHTED ROAD",PEDALCYCLIST,FOUR WAY,STRAIGHT AND LEVEL,DRY,NO INJURY / DRIVE AWAY,LAWRENCE AVE,41.9684990546,-87.7145286344,POINT (-87.71452863438 41.968499054563)
O1389391,BICYCLE,3e73bd5b2eb4ff4f5413c8b5299dda0bd15c26e0c979acfe3938f652e537f58e8da348131dfa2a8cba257033aaa0f8f8d564e548a9373807e4f31fbe1afbebd1,07/30/2022 09:50:00 PM,M,14.0,HELMET NOT USED,CROSSING - WITH SIGNAL,BIKEWAY,TEST NOT OFFERED,,30,CLEAR,DARKNESS,PEDALCYCLIST,NOT DIVIDED,STRAIGHT AND LEVEL,DRY,INJURY AND / OR TOW DUE TO CRASH,CANAL ST,41.8508412648,-87.6383345764,POINT (-87.63833457638 41.850841264825)
O1389387,BICYCLE,8b6b6d4b3fde06f3ed786ac410029e2670e926e3df14d386de36834ffc40fdce214511888324f55e4d896dcce0140ac743c036370d0b3a31860b30b0f441c49e,07/30/2022 09:43:00 PM,M,22.0,HELMET NOT USED,UNKNOWN/NA,IN ROADWAY,"TEST PERFORMED, RESULTS UNKNOWN",,25,CLEAR,"DARKNESS, LIGHTED ROAD",SIDESWIPE SAME DIRECTION,NOT DIVIDED,STRAIGHT AND LEVEL,DRY,NO INJURY / DRIVE AWAY,CENTRAL AVE,41.9375195593,-87.7666069613,POINT (-87.766606961287 41.937519559342)
O1389254,BICYCLE,c6d65e575a011f89a3e713dc18e6efe9fb4b59d74a221ea750ecbcbb8dd1af3cd27df2ebb6bfc9182a39c710e32d126afb495d3f82f8670c91a95955c7a0f610,07/30/2022 05:06:00 PM,M,13.0,HELMET NOT USED,ENTER FROM DRIVE/ALLEY,NOT IN ROADWAY,TEST NOT OFFERED,,20,CLEAR,DAYLIGHT,PEDALCYCLIST,ALLEY,STRAIGHT AND LEVEL,DRY,INJURY AND / OR TOW DUE TO CRASH,MONITOR AVE,41.9096823076,-87.771324495,POINT (-87.771324495029 41.90968230755)
O1389444,BICYCLE,ddf9d8d869da48e78ae5474820f0be7cbd4dfe50644964e1577ca90beece91b2c5008d1b2e46314a0510d4da173e8ed72d4c5eeee5a21a34e08df65a09be8096,07/30/2022 05:00:00 PM,M,34.0,HELMET NOT USED,OTHER ACTION,BIKE LANE,TEST NOT OFFERED,,30,UNKNOWN,DAYLIGHT,PEDALCYCLIST,FOUR WAY,STRAIGHT AND LEVEL,UNKNOWN,INJURY AND / OR TOW DUE TO CRASH,FULLERTON AVE,41.9250410717,-87.6682013281,POINT (-87.66820132807 41.925041071686)
O1389184,NON-MOTOR VEHICLE,fc146bdadbb660334e97fa18a97cb51e00e509973c86448cc835a8494e4e0e8e57ae4079602f78cecae985ecd0484b049faa679da59496880c7e76d93b5adbc1,07/30/2022 03:40:00 PM,M,28.0,HELMET NOT USED,UNKNOWN/NA,BIKE LANE,TEST NOT OFFERED,,30,CLEAR,DAYLIGHT,OTHER OBJECT,NOT DIVIDED,STRAIGHT AND LEVEL,DRY,INJURY AND / OR TOW DUE TO CRASH,MILWAUKEE AVE,41.8950237575,-87.6537317175,POINT (-87.653731717516 41.895023757509)
O1409054,BICYCLE,fba4fad3d4d40c80c0289c83f60a4d517cf113b7c17d3c9d9616b795ed71713692f8d29053df6f2104e06dc92995e8b621c97bc484216e6a69f6c22d011afba7,07/30/2022 09:30:00 AM,M,,HELMET NOT USED,OTHER ACTION,IN ROADWAY,TEST NOT OFFERED,,25,CLEAR,DAYLIGHT,PEDALCYCLIST,NOT DIVIDED,STRAIGHT AND LEVEL,DRY,INJURY AND / OR TOW DUE TO CRASH,35TH ST,41.8308629194,-87.6458792342,POINT (-87.645879234156 41.830862919425)
O1388920,BICYCLE,5da285b10820e65cc0112b8cbf85e00bb3b2e1cbcba868a84348cc34517f7b0888a8fc69352fb2c364e4c4393b3ad72d642ba442171b2d5c8931b1411334d087,07/30/2022 08:25:00 AM,M,32.0,BICYCLE HELMET (PEDACYCLIST INVOLVED ONLY),CROSSING - CONTROLS PRESENT (NOT AT INTERSECTION),IN CROSSWALK,,,30,CLEAR,DAYLIGHT,PEDALCYCLIST,NOT DIVIDED,STRAIGHT AND LEVEL,DRY,INJURY AND / OR TOW DUE TO CRASH,SIMONDS DR,41.9769372005,-87.649575133,POINT (-87.649575133047 41.976937200496)
O1388814,BICYCLE,b33461d93df0341bc5ccba1d4587ffebbfd0cd4b49754434d1799b578d35e5efd630fad586f9b0cb2ff8bda7b0c5adcb1b08c260158d3c15659c9262fbc1455f,07/30/2022 02:25:00 AM,M,21.0,HELMET NOT USED,NO ACTION,BIKEWAY,TEST NOT OFFERED,,30,CLEAR,DARKNESS,PEDALCYCLIST,DIVIDED - W/MEDIAN (NOT RAISED),STRAIGHT AND LEVEL,DRY,INJURY AND / OR TOW DUE TO CRASH,HALSTED ST,41.9020045155,-87.6481611887,POINT (-87.648161188722 41.902004515495)
O1388775,BICYCLE,650d48da845f83ecc54dc80e9a31a11c868c9d6022b599a57f352ab72e6468cbaeb862e78a550b2128fd9a74f0e63b12ecb89b4ce02374c35e1f0805cf74d47a,07/30/2022 12:29:00 AM,M,20.0,BICYCLE HELMET (PEDACYCLIST INVOLVED ONLY),WITH TRAFFIC,IN ROADWAY,TEST NOT OFFERED,,35,CLEAR,"DARKNESS, LIGHTED ROAD",PEDALCYCLIST,NOT DIVIDED,STRAIGHT AND LEVEL,DRY,NO INJURY / DRIVE AWAY,CUMBERLAND AVE,41.959386457,-87.8368459205,POINT (-87.836845920456 41.959386456978)
O1388700,NON-MOTOR VEHICLE,d38b2abd6731d2c3deb06681b53b72f81a249e63b7e273fd1b2f42cfbbc6ceaa26fe9da7c4dfbdcc70403d8b18a39d96c2466ae2a0180340a87ebc96ac1cbb50,07/29/2022 09:26:00 PM,F,18.0,USAGE UNKNOWN,NOT AT INTERSECTION,IN CROSSWALK,TEST NOT OFFERED,,30,CLEAR,DARKNESS,OTHER OBJECT,PARKING LOT,STRAIGHT AND LEVEL,DRY,INJURY AND / OR TOW DUE TO CRASH,CHICAGO AVE,41.8948336616,-87.7553010647,POINT (-87.755301064659 41.894833661618)
O1388699,BICYCLE,e3731969361d6dbe753b575d01469e9a846d3cbd411d7f0651d39dad88d097854e1863b2f1e408e80d292e21d3b85ee25a9c49f92b239b9320c3ad522338d699,07/29/2022 08:32:00 PM,,,BICYCLE HELMET (PEDACYCLIST INVOLVED ONLY),WITH TRAFFIC,SHOULDER,,,30,CLEAR,DARKNESS,PEDALCYCLIST,NOT DIVIDED,STRAIGHT AND LEVEL,DRY,INJURY AND / OR TOW DUE TO CRASH,CALIFORNIA AVE,41.9173960261,-87.6973446341,POINT (-87.697344634078 41.917396026058)
O1388657,BICYCLE,c8ba328938fb45c35d625b3b8767512d0c923b0a4913ff7e6d5362183d4367caf291638dfe2d4f123ca738868dcf113bba1d933bd3af05d4655e7c5f77359e77,07/29/2022 07:45:00 PM,M,31.0,HELMET NOT USED,WITH TRAFFIC,BIKEWAY,TEST NOT OFFERED,,30,CLEAR,DUSK,PEDALCYCLIST,NOT DIVIDED,STRAIGHT AND LEVEL,DRY,INJURY AND / OR TOW DUE TO CRASH,DAMEN AVE,41.9309985932,-87.6781091612,POINT (-87.67810916123 41.930998593244)
O1388728,BICYCLE,c5896b7329e454efad890ef6a4896cb4e34e1736ff1123a1b8c24976d19d821426c8c5bb6f53b40d0850c37a9d2c5cd4e2db4c26d9fe070981d8bf66aa3fb13c,07/29/2022 06:50:00 PM,M,56.0,HELMET NOT USED,WITH TRAFFIC,IN ROADWAY,TEST NOT OFFERED,,30,CLEAR,DAYLIGHT,PEDALCYCLIST,DIVIDED - W/MEDIAN (NOT RAISED),STRAIGHT AND LEVEL,DRY,INJURY AND / OR TOW DUE TO CRASH,SEMINARY AVE,41.9489159421,-87.6566336798,POINT (-87.656633679804 41.94891594209)
O1388608,BICYCLE,d1f51d1392086ac7c99cb2dbd4e0abcae17cd7a0de7925a6cb15f5078968f18d519480bca035f3d5e42aab77cbfa7b924d5dc15cdd88b4cb05a2bc504d2bf3a4,07/29/2022 05:30:00 PM,M,,HELMET NOT USED,UNKNOWN/NA,IN CROSSWALK,TEST NOT OFFERED,,25,UNKNOWN,UNKNOWN,PEDALCYCLIST,NOT DIVIDED,STRAIGHT AND LEVEL,UNKNOWN,NO INJURY / DRIVE AWAY,PULASKI RD,41.9390013458,-87.7273295916,POINT (-87.727329591601 41.939001345847)
O1388456,BICYCLE,d4115f5a9cdc651107ce2a3b1deb9d22dc5fd7894bb37b82928cde62d2ee5ca4e48a51e8f3d6fa303b2b907119e42d5114be217e89c1af54ddba537357cb7564,07/29/2022 04:12:00 PM,M,17.0,HELMET NOT USED,UNKNOWN/NA,IN ROADWAY,TEST NOT OFFERED,,25,CLEAR,DAYLIGHT,PEDALCYCLIST,DIVIDED - W/MEDIAN (NOT RAISED),STRAIGHT AND LEVEL,DRY,NO INJURY / DRIVE AWAY,MILWAUKEE AVE,41.9365279038,-87.7198669287,POINT (-87.71986692867 41.936527903755)
O1388382,BICYCLE,726288e11c7ec56c1e852ab4dfd876f656eb3753a8472245bffe47b36c9d952d78d14e0e82fbc72ba3cfc649b663a4b76341742f976ae3f0207c9e222519a7ec,07/29/2022 03:00:00 PM,F,30.0,HELMET NOT USED,WITH TRAFFIC,BIKE LANE,TEST NOT OFFERED,,30,CLEAR,DAYLIGHT,PEDALCYCLIST,NOT DIVIDED,STRAIGHT AND LEVEL,DRY,NO INJURY / DRIVE AWAY,HALSTED ST,41.8642743821,-87.6466890712,POINT (-87.646689071155 41.864274382133)
O1389064,BICYCLE,4911ae4963798d9436e5d32177772c45b76d1767df622472c2463d9159323e00afe928cd85b7d93bfb6e36c3ae1e40be8ead4c9d194b4995e2b80d5d345e3711,07/29/2022 02:15:00 PM,M,39.0,BICYCLE HELMET (PEDACYCLIST INVOLVED ONLY),WITH TRAFFIC,BIKE LANE,TEST NOT OFFERED,,30,CLEAR,DAYLIGHT,PEDALCYCLIST,FOUR WAY,STRAIGHT AND LEVEL,DRY,INJURY AND / OR TOW DUE TO CRASH,MILWAUKEE AVE,41.8902901884,-87.6459780754,POINT (-87.645978075423 41.890290188388)
O1388295,BICYCLE,71682b6ea9fbe256995203cd0976b8a09142105c7bb7e5b4a4ec1e67670502c97d6e291e085a5abfe6feb8ed31b6285f27c7f169c87d604ba982bc21bb80046f,07/29/2022 01:05:00 PM,M,39.0,BICYCLE HELMET (PEDACYCLIST INVOLVED ONLY),OTHER ACTION,BIKEWAY,TEST NOT OFFERED,,30,CLEAR,DAYLIGHT,PEDALCYCLIST,NOT DIVIDED,STRAIGHT AND LEVEL,DRY,INJURY AND / OR TOW DUE TO CRASH,CENTRAL AVE,41.961748576,-87.7674293646,POINT (-87.767429364601 41.961748576033)
O1388301,BICYCLE,423ffb0af69258d0007288184ff8bc48e8878b0068511d8a37749f89f276d8bc2b6c2df00ddc15522df0a03fcc2bc8ee4133e763f7f7f69f738f619f3b38741a,07/29/2022 12:10:00 PM,F,75.0,HELMET NOT USED,OTHER ACTION,NOT IN ROADWAY,TEST NOT OFFERED,,30,CLEAR,DAYLIGHT,PEDALCYCLIST,DRIVEWAY,STRAIGHT AND LEVEL,DRY,INJURY AND / OR TOW DUE TO CRASH,KENMORE AVE,41.9722005031,-87.6564476505,POINT (-87.656447650479 41.972200503121)
O1388125,BICYCLE,f9b830ec90d8797ddfd628cfa79e4ed61834daaa064567e1bf534bc1edc630bc16ef878b1b7e214abe38e4b00a8c96494a12867f6b8015cba0874ff5ac5362fe,07/29/2022 07:00:00 AM,M,,HELMET NOT USED,OTHER ACTION,IN ROADWAY,TEST NOT OFFERED,,15,CLEAR,DAYLIGHT,PEDALCYCLIST,NOT DIVIDED,STRAIGHT AND LEVEL,UNKNOWN,INJURY AND / OR TOW DUE TO CRASH,UNION AVE,41.859931601,-87.6450206965,POINT (-87.645020696476 41.859931601037)
O1388072,BICYCLE,f46fd9d2c78767115b6666dd77a4ccb443fc8a69d649a1eb54dbc8dbba903d45bccc371e03a2318d66a03956dc4d2773d36c5c57bd9d7945bff0a53126bf88a6,07/29/2022 12:53:00 AM,M,27.0,HELMET NOT USED,OTHER ACTION,BIKE LANE,TEST NOT OFFERED,,20,UNKNOWN,"DARKNESS, LIGHTED ROAD",PEDALCYCLIST,NOT DIVIDED,STRAIGHT AND LEVEL,UNKNOWN,NO INJURY / DRIVE AWAY,MILWAUKEE AVE,41.907037506,-87.6724660911,POINT (-87.672466091094 41.907037506035)
O1388055,BICYCLE,f092ab6e8c4408b23877f089a4372601a81c1b6a16234d11625a6a4d5938be78a74d785e9e71dc2da33033979e54ea0e6759c777cf6dcc8ba7b17976c4ce180d,07/29/2022 12:25:00 AM,M,22.0,HELMET NOT USED,UNKNOWN/NA,BIKEWAY,TEST NOT OFFERED,,30,CLEAR,"DARKNESS, LIGHTED ROAD",PEDALCYCLIST,ONE-WAY,STRAIGHT AND LEVEL,DRY,INJURY AND / OR TOW DUE TO CRASH,DEARBORN ST,41.8940093936,-87.6298626714,POINT (-87.629862671393 41.894009393623)
O1391478,NON-MOTOR VEHICLE,697f55cf0f3a91a68eeac1732f1f1138afeef22bd65270ebbf59b86bc643ebc59d12e47caafc430cdedd6ee2482560f50cd707bfd84bd0a1efe201b5d6219f3b,07/29/2022 12:21:00 AM,,,USAGE UNKNOWN,,,TEST NOT OFFERED,Y,30,UNKNOWN,UNKNOWN,OTHER OBJECT,NOT DIVIDED,STRAIGHT AND LEVEL,UNKNOWN,NO INJURY / DRIVE AWAY,PARNELL AVE,41.7732458492,-87.6389040029,POINT (-87.63890400291 41.77324584918)