PERSON_ID,PERSON_TYPE,CRASH_RECORD_ID,CRASH_DATE_x,SEX,AGE,SAFETY_EQUIPMENT,PEDPEDAL_ACTION,PEDPEDAL_LOCATION,BAC_RESULT,CRASH_DATE_EST_I,POSTED_SPEED_LIMIT,WEATHER_CONDITION,LIGHTING_CONDITION,FIRST_CRASH_TYPE,TRAFFICWAY_TYPE,ALIGNMENT,ROADWAY_SURFACE_COND,CRASH_TYPE,STREET_NAME,LATITUDE,LONGITUDE,LOCATION
O1388065,BICYCLE,483c0f24af28506555ef8054858e960c9b8cf35a358f7973c1de61d842aaf036c27ac310b4a608bc333872f96ef7b8027f8066586ce65e7ac73e01508c5eae94,07/28/2022 11:30:00 PM,M,22.0,HELMET NOT USED,CROSSING - WITH SIGNAL,IN ROADWAY,TEST NOT OFFERED,,35,UNKNOWN,"DARKNESS, LIGHTED ROAD",PEDALCYCLIST,FOUR WAY,STRAIGHT AND LEVEL,UNKNOWN,INJURY AND / OR TOW DUE TO CRASH,DEARBORN ST,41.8747270613,-87.6293603402,POINT (-87.629360340156 41.874727061287)
O1387983,BICYCLE,2c4a008ce5e2fb43ce118d4ab83a438e5555eb59a04386a8337f99794e283573316ffed5320e86b1e012938f648e289c6d831c39d5ef3a2d4f2cedeb495674e4,07/28/2022 09:19:00 PM,F,18.0,HELMET NOT USED,OTHER ACTION,IN ROADWAY,TEST NOT OFFERED,,15,CLEAR,"DARKNESS, LIGHTED ROAD",PEDALCYCLIST,PARKING LOT,STRAIGHT AND LEVEL,DRY,INJURY AND / OR TOW DUE TO CRASH,HALSTED ST,41.7742521489,-87.6444965499,POINT (-87.644496549933 41.774252148861)
O1387973,BICYCLE,98a19a74cda1cd459f189a834ef204992759da41c762feed44ce046c2cc9cd8ac448186309cee184729050997fa4f9e9f05343a2caa624b52508f3d49fa3a6a4,07/28/2022 08:25:00 PM,M,60.0,HELMET NOT USED,CROSSING - CONTROLS PRESENT (NOT AT INTERSECTION),IN ROADWAY,TEST NOT OFFERED,,20,CLEAR,"DARKNESS, LIGHTED ROAD",PEDALCYCLIST,ONE-WAY,STRAIGHT AND LEVEL,DRY,INJURY AND / OR TOW DUE TO CRASH,MARSHFIELD AVE,41.7557036428,-87.6649326185,POINT (-87.664932618487 41.755703642812)
O1387921,BICYCLE,cf595597d2d587575bddba6ae1f5d4347940fba709ac71946ec2a6a2a20762162c9c730254ca4a3542c7bd76c58cc27722f68eeb28f4fd41892b1734c0a284a4,07/28/2022 07:00:00 PM,M,12.0,HELMET NOT USED,WITH TRAFFIC,UNKNOWN/NA,TEST NOT OFFERED,,35,CLEAR,DAYLIGHT,OTHER OBJECT,NOT DIVIDED,STRAIGHT AND LEVEL,DRY,NO INJURY / DRIVE AWAY,PETERSON AVE,41.9903606152,-87.6945932122,POINT (-87.69459321221 41.990360615151)
O1387861,BICYCLE,2688dce787c634a8c18b60cdf8b0f08d7b46164ea5457a2510cfec5929bcbda1526c73b62089228bbea7ddd23f052d9ee82a52df433b6933898d6b904b33bd2a,07/28/2022 05:57:00 PM,M,23.0,HELMET NOT USED,CROSSING - AGAINST SIGNAL,IN ROADWAY,TEST NOT OFFERED,,35,CLEAR,DAYLIGHT,PEDALCYCLIST,FOUR WAY,STRAIGHT AND LEVEL,DRY,INJURY AND / OR TOW DUE TO CRASH,ELSTON AVE,41.8998434305,-87.656792572,POINT (-87.656792572004 41.899843430479)
O1392480,BICYCLE,2bf7a3ff981efa7f5f7c5e44b7fd7f7fa91d03951bdb2d6e3d6caf45c6d70e3064819a3bb8f8a6b00832bcf95540c2b274ee7c750fa0cc439bd0c5d2d4a1fddf,07/28/2022 05:40:00 PM,M,23.0,HELMET NOT USED,UNKNOWN/NA,IN ROADWAY,TEST NOT OFFERED,,30,CLEAR,DAYLIGHT,PEDALCYCLIST,DIVIDED - W/MEDIAN (NOT RAISED),STRAIGHT AND LEVEL,DRY,INJURY AND / OR TOW DUE TO CRASH,MILWAUKEE AVE,41.9370466891,-87.7207223575,POINT (-87.720722357476 41.937046689089)
O1388179,BICYCLE,d2e15b7dd0fc3690d067eb5d769770765f945aba623c1406d854b848414da0bf8cbc0c22b6f8001e946db58a49197afeb51dbfac111ddd5ece729530bb607ddc,07/28/2022 05:30:00 PM,M,23.0,HELMET NOT USED,OTHER ACTION,DRIVEWAY ACCESS,TEST NOT OFFERED,,30,CLEAR,DAYLIGHT,PEDALCYCLIST,OTHER,STRAIGHT AND LEVEL,DRY,NO INJURY / DRIVE AWAY,51ST ST,41.800861961,-87.6949717374,POINT (-87.694971737423 41.800861960973)
O1387676,BICYCLE,39740006795c468f4f36047fd0bc3a75edc34eba711bbc0922d2ec419fb5bf023cf7bbdbdce9fe77ed2297c716b707e0a7af9173bbd3c159c08c0c9d8d3354c1,07/28/2022 03:15:00 PM,M,40.0,HELMET NOT USED,UNKNOWN/NA,UNKNOWN/NA,TEST NOT OFFERED,,30,CLEAR,DAYLIGHT,PEDALCYCLIST,OTHER,STRAIGHT AND LEVEL,DRY,INJURY AND / OR TOW DUE TO CRASH,CERMAK RD,41.8519491124,-87.7003029409,POINT (-87.700302940922 41.851949112429)
O1387646,BICYCLE,5282715df5657cfa26a9c1b178f61145239273827865a5e21222f353d0d07f8682cece8d5016f3b3803af21b37e6e1137fc7071c87ad771277da70db4d34cebe,07/28/2022 01:00:00 PM,M,,HELMET NOT USED,CROSSING - WITH SIGNAL,IN ROADWAY,TEST NOT OFFERED,,30,CLEAR,DAYLIGHT,PEDALCYCLIST,NOT DIVIDED,STRAIGHT AND LEVEL,DRY,NO INJURY / DRIVE AWAY,64TH ST,41.7770487665,-87.7155583108,POINT (-87.715558310836 41.777048766535)
O1387612,BICYCLE,3c92c0ba557683fc0afa35ede1fe3a732f228b47d851b40f63deb43e1591b3ef06d141791213b0e14beab5d89cd4c8b862dfd3bc73cac3d3a1972fc6bc2e2ba5,07/28/2022 12:15:00 PM,M,73.0,BICYCLE HELMET (PEDACYCLIST INVOLVED ONLY),NO ACTION,UNKNOWN/NA,TEST NOT OFFERED,Y,30,CLEAR,DAYLIGHT,PEDALCYCLIST,DIVIDED - W/MEDIAN (NOT RAISED),STRAIGHT AND LEVEL,DRY,INJURY AND / OR TOW DUE TO CRASH,RACINE AVE,41.8717557171,-87.6569782605,POINT (-87.656978260514 41.871755717118)
O1387482,BICYCLE,41bf5b03f9c5a909d9a8e2e80e56a21929894042ba80fd3a4716fe575ccbbc02102d6332cf41b3e19447172a5865bdf25ac68bbe29de906ce0d0763764d70362,07/28/2022 10:17:00 AM,M,15.0,HELMET NOT USED,CROSSING - AGAINST SIGNAL,IN ROADWAY,TEST NOT OFFERED,,25,CLEAR,DAYLIGHT,PEDALCYCLIST,NOT DIVIDED,STRAIGHT AND LEVEL,DRY,NO INJURY / DRIVE AWAY,DIVISION ST,41.9035174399,-87.6626910344,POINT (-87.662691034405 41.903517439918)
O1387432,BICYCLE,85b3ad479ea0793f54b329bc80e34c5f0aada7192355f753124df41c063a568af4a2062f695e3e0549914c817b0c49bdee8a907400827ef183b662575bf02928,07/28/2022 09:00:00 AM,F,33.0,BICYCLE HELMET (PEDACYCLIST INVOLVED ONLY),CROSSING - WITH SIGNAL,BIKE LANE,TEST NOT OFFERED,,30,CLEAR,DAYLIGHT,PEDALCYCLIST,FOUR WAY,STRAIGHT AND LEVEL,DRY,INJURY AND / OR TOW DUE TO CRASH,WASHINGTON ST,41.8833182087,-87.6324812949,POINT (-87.632481294899 41.883318208727)
O1387279,BICYCLE,6f987be543ed77548d126f3fca30914e480d9b9c78b462a76b4a89879d6e73c0fe5b01c319d1c468323cb7785e0c84b67c3a2d8519dbf0a370e02b77c4669232,07/27/2022 09:09:00 PM,M,,HELMET NOT USED,UNKNOWN/NA,IN ROADWAY,TEST NOT OFFERED,,30,CLEAR,"DARKNESS, LIGHTED ROAD",PEDALCYCLIST,NOT DIVIDED,STRAIGHT AND LEVEL,DRY,INJURY AND / OR TOW DUE TO CRASH,KOSTNER AVE,41.9051862153,-87.7360673181,POINT (-87.73606731814 41.905186215333)
O1387175,BICYCLE,075584f8884fefb7f61da9d8ee47531e4134624d56eb9257f424167ca3be939deeb1e179b82fe69423528ca96553958a7faed4cdfcc870fe7424e86be54d5701,07/27/2022 05:42:00 PM,M,38.0,BICYCLE HELMET (PEDACYCLIST INVOLVED ONLY),WITH TRAFFIC,IN ROADWAY,TEST NOT OFFERED,,30,CLEAR,DAYLIGHT,PEDALCYCLIST,DIVIDED - W/MEDIAN (NOT RAISED),STRAIGHT AND LEVEL,DRY,INJURY AND / OR TOW DUE TO CRASH,LA SALLE DR,41.8907637852,-87.6324113268,POINT (-87.632411326761 41.890763785194)
O1387241,BICYCLE,dbee1b4dc1b86eb0cdcff58807f527564d40ab040ae98803f1b39f8b3ed884faecb46089ab2ac368e3735e0cccb8e349815d4617b6198a84e11b4ac191841e08,07/27/2022 05:20:00 PM,M,32.0,BICYCLE HELMET (PEDACYCLIST INVOLVED ONLY),CROSSING - WITH SIGNAL,BIKEWAY,TEST NOT OFFERED,,30,CLEAR,DAYLIGHT,PEDALCYCLIST,NOT DIVIDED,STRAIGHT AND LEVEL,DRY,NO INJURY / DRIVE AWAY,DIVISION ST,41.903248153,-87.6665338117,POINT (-87.666533811725 41.903248153043)
O1387236,BICYCLE,74ce366761a22c64a8c38609b5101fe730dff82e8a4e32770dc4ce1daf6f9001817420a8d5837972e8be616026f432f4f36fea71ff407d9f446981532b459b2a,07/27/2022 04:41:00 PM,M,60.0,BICYCLE HELMET (PEDACYCLIST INVOLVED ONLY),WITH TRAFFIC,BIKEWAY,TEST NOT OFFERED,,30,CLEAR,DAYLIGHT,PEDALCYCLIST,DIVIDED - W/MEDIAN (NOT RAISED),STRAIGHT AND LEVEL,DRY,INJURY AND / OR TOW DUE TO CRASH,BROADWAY,41.9531720543,-87.6495216441,POINT (-87.649521644121 41.953172054334)
O1387026,BICYCLE,929da8833ec46c1276837db698c10eacd516ec6c1339d10c8dad1b2a68528b653ff7fbeb16bf34afe9da23f89ccccb98f7f0ec47c63170c16493e7c5f870e522,07/27/2022 02:45:00 PM,F,25.0,HELMET NOT USED,WITH TRAFFIC,SHOULDER,TEST NOT OFFERED,,30,CLEAR,DAYLIGHT,PEDALCYCLIST,NOT DIVIDED,STRAIGHT AND LEVEL,DRY,INJURY AND / OR TOW DUE TO CRASH,CHICAGO AVE,41.8968213204,-87.625677074,POINT (-87.625677074001 41.896821320393)
O1386897,BICYCLE,e36813b57e35473bced5a02a34e9a11a2fd959f3ad621d4689d9aa202fad2c839f7b0c800002a610bf4fed9f16f71c44725b2b8de363af7b6e215dcc577ab443,07/27/2022 01:29:00 PM,M,,HELMET NOT USED,NO ACTION,IN ROADWAY,,,30,CLEAR,DAYLIGHT,PEDALCYCLIST,DIVIDED - W/MEDIAN (NOT RAISED),STRAIGHT AND LEVEL,DRY,INJURY AND / OR TOW DUE TO CRASH,HOMAN AVE,41.8922734816,-87.7114865549,POINT (-87.711486554902 41.892273481558)
O1386885,BICYCLE,f8fa3d3cdd7b103b1ac7f2c810b80a74301db63f03c4982b978cce0e655692883c4206061dc736e6cd55c5c4a1cfc36bc746aaa8d7a87a3aec6efc39a07b230d,07/27/2022 12:50:00 PM,M,31.0,HELMET NOT USED,CROSSING - NO CONTROLS (AT INTERSECTION),IN ROADWAY,TEST NOT OFFERED,,30,CLEAR,DAYLIGHT,PEDALCYCLIST,T-INTERSECTION,STRAIGHT AND LEVEL,DRY,NO INJURY / DRIVE AWAY,21ST ST,41.854083532,-87.6648636539,POINT (-87.66486365387 41.854083532046)
O1387136,BICYCLE,a46287cff455124179007b9cf1057a4e9c3cdf5f3b049a2ac4d53baba7d514a7805c837e183e0a721a409cdfcb10581ad0cc8b6ccd8456e45ddbe36edcf9c0c3,07/27/2022 08:15:00 AM,F,33.0,BICYCLE HELMET (PEDACYCLIST INVOLVED ONLY),WITH TRAFFIC,BIKE LANE,TEST NOT OFFERED,,30,CLEAR,DAYLIGHT,PEDALCYCLIST,NOT DIVIDED,STRAIGHT AND LEVEL,DRY,INJURY AND / OR TOW DUE TO CRASH,PAULINA ST,41.8811073013,-87.6694398987,POINT (-87.669439898709 41.881107301278)
O1386614,BICYCLE,a8a89da8c59bf78e5b0ad64842892e6379b791ca63a0110a0bb4b0fe1214413a54af64297b4db6168535631754b80aaf47570ff7223c98e2b74b8d6bd963daf8,07/26/2022 09:40:00 PM,M,44.0,HELMET NOT USED,NO ACTION,NOT IN ROADWAY,TEST NOT OFFERED,,30,CLEAR,"DARKNESS, LIGHTED ROAD",PEDALCYCLIST,DIVIDED - W/MEDIAN (NOT RAISED),STRAIGHT AND LEVEL,DRY,INJURY AND / OR TOW DUE TO CRASH,FULLERTON AVE,41.9248966853,-87.6997202443,POINT (-87.699720244324 41.924896685286)
O1386582,BICYCLE,07a7ca67355fcf652473d4767602953c88f42b6cdc51a192a0fc2bbd1bd8fe3c50a3fe86d3528fb334414faddf8d963d9dd2237f705abeab6fa6d20a0bf97213,07/26/2022 06:00:00 PM,F,25.0,HELMET NOT USED,WITH TRAFFIC,BIKEWAY,TEST NOT OFFERED,,30,CLEAR,DAYLIGHT,PEDALCYCLIST,DIVIDED - W/MEDIAN (NOT RAISED),STRAIGHT AND LEVEL,DRY,INJURY AND / OR TOW DUE TO CRASH,CLYBOURN AVE,41.9343584053,-87.6812110762,POINT (-87.681211076161 41.934358405274)
O1386718,BICYCLE,271d28f3a6b22c353090128672a7a3084ba09aaeb361fdcabdab839c1556899afb93daf4dbfb4bfa88e3efd6ed4d7e1fe7d3101297b43d2db5f930876a1ec803,07/26/2022 05:05:00 PM,F,28.0,BICYCLE HELMET (PEDACYCLIST INVOLVED ONLY),NO ACTION,BIKEWAY,TEST NOT OFFERED,,30,CLEAR,DAYLIGHT,PEDALCYCLIST,NOT DIVIDED,STRAIGHT AND LEVEL,DRY,INJURY AND / OR TOW DUE TO CRASH,DAMEN AVE,41.9245131042,-87.6780159496,POINT (-87.678015949604 41.924513104195)
O1386591,BICYCLE,b664aec92744053a869417ea1212df66042ad82f6f086eb27b7c81a4cedb863808cea9b3be85677428a58600e0baeb1bf8848442b77249f0d536195209193bee,07/26/2022 05:05:00 PM,F,,HELMET NOT USED,WITH TRAFFIC,IN ROADWAY,TEST NOT OFFERED,,30,CLEAR,"DARKNESS, LIGHTED ROAD",PEDALCYCLIST,NOT DIVIDED,STRAIGHT AND LEVEL,DRY,INJURY AND / OR TOW DUE TO CRASH,DAMEN AVE,41.924342971,-87.6780098892,POINT (-87.678009889217 41.924342971015)
O1386437,BICYCLE,085138fda7318eb90b104b91a576271225bdcb16f4eedcbe430c2447087f6961fdd69e75a963183c40330e26e386f3c16579bfc2a96a33a3d6bf981d0126c282,07/26/2022 04:44:00 PM,M,57.0,HELMET NOT USED,WITH TRAFFIC,BIKEWAY,TEST NOT OFFERED,,30,CLEAR,DAYLIGHT,PEDALCYCLIST,NOT DIVIDED,STRAIGHT AND LEVEL,DRY,NO INJURY / DRIVE AWAY,IRVING PARK RD,41.9531784397,-87.7578044188,POINT (-87.757804418785 41.953178439692)
O1386558,BICYCLE,4c453394875f44e0dbc1cf0c4f5f13e0c0b9b224c8bea59d173018a9c56269408614e9773672d3681aa815a18b8238579381df9eebb3ffdd5dc838516612da42,07/26/2022 04:10:00 PM,M,28.0,HELMET NOT USED,WITH TRAFFIC,BIKE LANE,TEST NOT OFFERED,,30,CLEAR,DAYLIGHT,PEDALCYCLIST,ONE-WAY,STRAIGHT AND LEVEL,DRY,INJURY AND / OR TOW DUE TO CRASH,RANDOLPH ST,41.8846088683,-87.6250840382,POINT (-87.625084038202 41.884608868339)
O1386414,BICYCLE,15d0ff9c237649c2ef5558e78ce179bbfcd736bb3f65d7d668f1859625e2f7bd6975b0796a1ffc530af3ff199c8c9556c10a050d61ddffc03c17e6dd9972eeb6,07/26/2022 04:08:00 PM,M,54.0,BICYCLE HELMET (PEDACYCLIST INVOLVED ONLY),CROSSING - NO CONTROLS (AT INTERSECTION),BIKE LANE,TEST NOT OFFERED,,25,CLEAR,DAYLIGHT,PEDALCYCLIST,NOT DIVIDED,STRAIGHT AND LEVEL,DRY,INJURY AND / OR TOW DUE TO CRASH,DAMEN AVE,41.945981547,-87.6786760073,POINT (-87.678676007261 41.945981546971)
O1387704,BICYCLE,cba44317f33da6ce15e5578161489d9942d1a19495a15ab1caade4b1726ef6d79fdc10b0000769ba665bc38badc8c0185f87e01e1d55fd0415b4f594b3846d9d,07/26/2022 03:00:00 PM,F,,HELMET NOT USED,WITH TRAFFIC,IN ROADWAY,TEST NOT OFFERED,,30,CLEAR,DAYLIGHT,PEDALCYCLIST,NOT DIVIDED,STRAIGHT AND LEVEL,DRY,NO INJURY / DRIVE AWAY,WACKER DR,41.8870435336,-87.6290868198,POINT (-87.629086819795 41.887043533609)
O1386391,BICYCLE,94545c773c932856e3847f1d16d5457380d00d415a26b0814e303b7b59403dd1c163902bdbb3f4d45f0bddfb8f9f47b94e1b02bdd6d4457a3a348e88528506e4,07/26/2022 02:55:00 PM,M,62.0,HELMET NOT USED,CROSSING - WITH SIGNAL,IN CROSSWALK,TEST NOT OFFERED,,30,CLEAR,DAYLIGHT,PEDALCYCLIST,FOUR WAY,STRAIGHT AND LEVEL,DRY,INJURY AND / OR TOW DUE TO CRASH,55TH ST,41.7928443135,-87.7623666786,POINT (-87.76236667864 41.792844313458)
O1386313,BICYCLE,567b0c9704390b82d64bdddef953a8f3ad465590d182575ab4d52166f4e04687fe5591385e5f25c9efaad6f15a106e9d918cc3db4fa0b5fa15bac57e64923877,07/26/2022 02:07:00 PM,F,12.0,HELMET NOT USED,CROSSING - NO CONTROLS (AT INTERSECTION),IN CROSSWALK,TEST NOT OFFERED,,25,CLEAR,DAYLIGHT,PEDALCYCLIST,ONE-WAY,STRAIGHT AND LEVEL,DRY,NO INJURY / DRIVE AWAY,WINCHESTER AVE,41.7649079398,-87.6724680539,POINT (-87.672468053903 41.764907939777)
O1386375,BICYCLE,b47aafea166d09aa36436db881694d3d03bf18c883f90c539e3ff10a695370370c9a71d078a5b35585f6874c99524cb321fe6a408a163e0c7769b7e005f428c0,07/26/2022 01:40:00 PM,F,25.0,HELMET NOT USED,CROSSING - NO CONTROLS (AT INTERSECTION),IN ROADWAY,TEST NOT OFFERED,N,30,CLEAR,DAYLIGHT,PEDALCYCLIST,DIVIDED - W/MEDIAN (NOT RAISED),STRAIGHT AND LEVEL,DRY,INJURY AND / OR TOW DUE TO CRASH,FINANCIAL PL,41.8744328634,-87.6327641666,POINT (-87.632764166628 41.874432863358)
O1386109,BICYCLE,a01be3f4e02d10117b4e1416e1e21b4e8ceaf3272cd7f2773a92017c6f40be99faa41ff2bdea623f5bfbacf0f0ca05e06fafcaa05fc561e76d1efd1b9dafd0bf,07/26/2022 07:30:00 AM,M,49.0,HELMET NOT USED,OTHER ACTION,IN CROSSWALK,TEST NOT OFFERED,,30,CLEAR,DAYLIGHT,PEDALCYCLIST,DIVIDED - W/MEDIAN BARRIER,STRAIGHT AND LEVEL,DRY,INJURY AND / OR TOW DUE TO CRASH,WESTERN AVE,41.7428914627,-87.6825335166,POINT (-87.682533516637 41.742891462699)
O1386069,BICYCLE,a76ab7b524dd47d4a98909c01728498d5fa073f484a5298b91be3a8c80a7b69fd6eb53870261efc03d1fc83ba3ee3e8bee129194733d64dc69c1b91937a60943,07/26/2022 04:44:00 AM,M,44.0,BICYCLE HELMET (PEDACYCLIST INVOLVED ONLY),TURNING LEFT,IN ROADWAY,TEST NOT OFFERED,,30,CLEAR,"DARKNESS, LIGHTED ROAD",PEDALCYCLIST,FOUR WAY,STRAIGHT AND LEVEL,DRY,INJURY AND / OR TOW DUE TO CRASH,KEDZIE AVE,41.9174461719,-87.7071160719,POINT (-87.707116071878 41.917446171917)
O1386065,BICYCLE,d3e3c28c330b7173d6f8bd142739445c691d902ff0c9d656722c5ea3c80297989c2ab109cf662af10ecd7962811e9b3e31a117017e44ab0f64d6692b2a2a2933,07/25/2022 10:40:00 PM,M,12.0,HELMET NOT USED,UNKNOWN/NA,UNKNOWN/NA,TEST NOT OFFERED,Y,30,CLEAR,"DARKNESS, LIGHTED ROAD",PEDALCYCLIST,UNKNOWN,STRAIGHT AND LEVEL,UNKNOWN,INJURY AND / OR TOW DUE TO CRASH,MICHIGAN AVE,41.7691231319,-87.6219348072,POINT (-87.621934807244 41.769123131913)
O1388551,BICYCLE,dc08cfb28c6028b66222571ae217c18ef5d8a15d91d1bccb7dbe1f096a9eaf526b8721ff9ca003d8a95f86a56feb558b6e91e7e0e570f78fec656c83e0aeb09c,07/25/2022 09:00:00 PM,M,,BICYCLE HELMET (PEDACYCLIST INVOLVED ONLY),TURNING RIGHT,IN ROADWAY,TEST NOT OFFERED,,30,UNKNOWN,UNKNOWN,PEDALCYCLIST,FOUR WAY,STRAIGHT AND LEVEL,UNKNOWN,NO INJURY / DRIVE AWAY,ARMITAGE AVE,41.917117394,-87.7214450183,POINT (-87.721445018272 41.917117394017)
O1385981,BICYCLE,491f5f56632e85d7ee9de44f89f66a7621be0908c467d088e6b59561e63fd4087df1ba405eded38c1b5162c0a9b6215b86fe52f192685c565be473e6741c0e63,07/25/2022 06:10:00 PM,F,23.0,HELMET NOT USED,TURNING LEFT,IN ROADWAY,TEST NOT OFFERED,,30,CLEAR,DAYLIGHT,PEDALCYCLIST,NOT DIVIDED,STRAIGHT AND LEVEL,DRY,INJURY AND / OR TOW DUE TO CRASH,RACINE AVE,41.8694605906,-87.6566092906,POINT (-87.656609290643 41.869460590566)
O1385782,BICYCLE,9694f7e0d9d99e0a1ceff4de60e1c9b8024d1ee1f9ff6a335ded3a8317725ac3ca0bb5a652263531c0b4588b5f688d527f0f6bb0b8cf4e4f4a802c9d4143cfb4,07/25/2022 03:21:00 PM,M,37.0,HELMET NOT USED,WITH TRAFFIC,BIKE LANE,TEST NOT OFFERED,,30,CLEAR,DAYLIGHT,PEDALCYCLIST,DIVIDED - W/MEDIAN (NOT RAISED),STRAIGHT AND LEVEL,DRY,INJURY AND / OR TOW DUE TO CRASH,ROOSEVELT RD,41.8673317709,-87.6420294663,POINT (-87.642029466347 41.867331770852)
O1385847,BICYCLE,864550a1cd950f6bb36770fab64d60f52c335d441a16c80608bfa3b77c238088ea0de33b6604e83ec973c6d2d0e3d9146f17449862fbecaf1a28aa59c9ec463c,07/25/2022 04:49:00 AM,M,17.0,BICYCLE HELMET (PEDACYCLIST INVOLVED ONLY),WITH TRAFFIC,IN ROADWAY,TEST NOT OFFERED,,30,CLEAR,DAYLIGHT,PEDALCYCLIST,NOT DIVIDED,STRAIGHT AND LEVEL,DRY,INJURY AND / OR TOW DUE TO CRASH,CICERO AVE,41.9552502833,-87.7475016045,POINT (-87.747501604523 41.955250283297)
O1385226,BICYCLE,ea37b99324c730dc1077cea678268f267108f7836ee94dcd90cafa0a9b4e35dabfbd8f8af706646a7d49ee9ff86acca45117415922b64649ee52b63333fd0ddb,07/24/2022 06:17:00 PM,M,27.0,HELMET NOT USED,CROSSING - WITH SIGNAL,IN ROADWAY,TEST NOT OFFERED,,30,CLEAR,DAYLIGHT,PEDALCYCLIST,FOUR WAY,STRAIGHT AND LEVEL,DRY,INJURY AND / OR TOW DUE TO CRASH,DAMEN AVE,41.921487292,-87.6776080101,POINT (-87.677608010067 41.921487292006)
O1385163,BICYCLE,cce2b697955ac8d5dd429ebd351299ddf0eefe590521968e82bf0182a143f4f94f3375340da37beebd071f53326d4268c47dd76ca83f93e6c29b6bfdf2f118c3,07/24/2022 04:45:00 PM,M,60.0,BICYCLE HELMET (PEDACYCLIST INVOLVED ONLY),TURNING LEFT,IN ROADWAY,TEST NOT OFFERED,,30,CLEAR,DAYLIGHT,PEDALCYCLIST,NOT DIVIDED,STRAIGHT AND LEVEL,DRY,INJURY AND / OR TOW DUE TO CRASH,DOTY AVE W,41.6886486227,-87.6004420802,POINT (-87.600442080159 41.688648622709)
O1385489,BICYCLE,4c2d928704cb68d16dfb0184b0b5c120739688f1d0f2f4ad4d3f018cca9c6c9bf650f2a6710e1741d781647a52d67e9cf5f39f85c1f9ded7374faeb86672f89a,07/24/2022 01:34:00 PM,M,37.0,HELMET NOT USED,NO ACTION,IN ROADWAY,TEST NOT OFFERED,,20,CLEAR,DAYLIGHT,PEDALCYCLIST,FOUR WAY,STRAIGHT AND LEVEL,DRY,INJURY AND / OR TOW DUE TO CRASH,OAKLEY BLVD,41.8785693735,-87.6840463918,POINT (-87.68404639181 41.878569373464)
O1401903,BICYCLE,b0c883d62cd0b401ea5402eaed40f1b1289b07684aab85256d657952e6202434d0f9ee92f98815e8fded2c8611bf0626da840343477aeba697a3ffc296ded7cc,07/24/2022 10:45:00 AM,F,23.0,BICYCLE HELMET (PEDACYCLIST INVOLVED ONLY),CROSSING - WITH SIGNAL,IN CROSSWALK,TEST REFUSED,,30,CLEAR,DAYLIGHT,PEDALCYCLIST,T-INTERSECTION,STRAIGHT AND LEVEL,DRY,INJURY AND / OR TOW DUE TO CRASH,56TH ST,41.7933103401,-87.5838340372,POINT (-87.583834037228 41.793310340068)
O1384771,BICYCLE,2c1a7c926a5c0d1de6eee8e0c1489143958bdc59af649d27b8ad66f2ebe2f79276435c18fbfa9d53d5868d5efbf9b02ac9fe67d618a73c1eb9c3cb566413bd3f,07/23/2022 10:39:00 PM,M,30.0,HELMET NOT USED,WITH TRAFFIC,IN ROADWAY,TEST NOT OFFERED,,30,CLEAR,"DARKNESS, LIGHTED ROAD",PEDALCYCLIST,DIVIDED - W/MEDIAN (NOT RAISED),STRAIGHT AND LEVEL,DRY,INJURY AND / OR TOW DUE TO CRASH,DEVON AVE,41.9977951454,-87.6924730719,POINT (-87.692473071895 41.997795145437)
O1386405,BICYCLE,adea6b2c45d0bd79368437c5f06afafcae540faf106adfb56604d97afdc2fed00ce94978d0bf68d73e4061077f29cda86ff5116006d747e66a8397cdf7675d8f,07/23/2022 06:00:00 PM,M,41.0,BICYCLE HELMET (PEDACYCLIST INVOLVED ONLY),WITH TRAFFIC,IN ROADWAY,TEST NOT OFFERED,,30,CLEAR,DAYLIGHT,PEDALCYCLIST,NOT DIVIDED,STRAIGHT AND LEVEL,DRY,NO INJURY / DRIVE AWAY,HUBBARD ST,41.8898872614,-87.6736291813,POINT (-87.673629181267 41.889887261354)
O1384197,BICYCLE,05656bdcd305bdf46abd8a7714bea6738d7a3bdf6554bdc01f5436ff14017605370f565a1c88a13dac3ea058604372dd79503ef2c7ef7a9c8c05d7352257f000,07/23/2022 12:40:00 AM,M,26.0,HELMET NOT USED,TURNING LEFT,IN ROADWAY,TEST NOT OFFERED,,35,CLEAR,"DARKNESS, LIGHTED ROAD",PEDALCYCLIST,NOT DIVIDED,STRAIGHT AND LEVEL,DRY,INJURY AND / OR TOW DUE TO CRASH,ARCHER AVE,41.8033590423,-87.7219604675,POINT (-87.721960467487 41.803359042331)
O1384254,BICYCLE,b9e8fe5523ada585828cf3a189d91c38da3aca90c9c6f0e8b3175a80d3af32c34081d9f640249f2bbce2a4ec1819a253f7e3ecbb320a126e0c0206a78e6896e1,07/22/2022 10:30:00 PM,M,18.0,HELMET NOT USED,WITH TRAFFIC,IN ROADWAY,TEST NOT OFFERED,,30,CLEAR,"DARKNESS, LIGHTED ROAD",PEDALCYCLIST,NOT DIVIDED,STRAIGHT AND LEVEL,DRY,INJURY AND / OR TOW DUE TO CRASH,MONTROSE AVE,41.9608329708,-87.7474855619,POINT (-87.747485561937 41.960832970784)