PERSON_ID,PERSON_TYPE,CRASH_RECORD_ID,CRASH_DATE_x,SEX,AGE,SAFETY_EQUIPMENT,PEDPEDAL_ACTION,PEDPEDAL_LOCATION,BAC_RESULT,CRASH_DATE_EST_I,POSTED_SPEED_LIMIT,WEATHER_CONDITION,LIGHTING_CONDITION,FIRST_CRASH_TYPE,TRAFFICWAY_TYPE,ALIGNMENT,ROADWAY_SURFACE_COND,CRASH_TYPE,STREET_NAME,LATITUDE,LONGITUDE,LOCATION
O1384316,BICYCLE,0334768c8c47284e5349608a4471935605af21facf8a989e844d80b4d6281c19d42f499387ff558a4a068d6e30546c743572fce1a22fea9dcf6a89b04f13acdf,07/22/2022 06:15:00 PM,F,,BICYCLE HELMET (PEDACYCLIST INVOLVED ONLY),AGAINST TRAFFIC,IN ROADWAY,TEST NOT OFFERED,,25,CLEAR,DAYLIGHT,PEDALCYCLIST,FOUR WAY,STRAIGHT AND LEVEL,DRY,INJURY AND / OR TOW DUE TO CRASH,OAKLEY AVE,41.9208236728,-87.6852111896,POINT (-87.6852111896 41.920823672824)
O1384099,BICYCLE,da54e3a73b527f5feb64a61521f11b4c3e903c6aac7e2eaeb526d0f8fe554aef0637bd16d6ef7407aff91842cae4dd2cd759b6392a9e3d93661d4600d083e470,07/22/2022 04:45:00 PM,M,,HELMET NOT USED,WITH TRAFFIC,IN ROADWAY,TEST NOT OFFERED,,30,CLEAR,DAYLIGHT,OTHER OBJECT,DIVIDED - W/MEDIAN BARRIER,STRAIGHT AND LEVEL,DRY,NO INJURY / DRIVE AWAY,STATE ST,41.8925011669,-87.6282427378,POINT (-87.628242737819 41.89250116695)
O1383976,BICYCLE,ed4ec274cfe8c2392f6e6ab4524882c4e02d0a8ca798f573ba98cccbf3268150350faa5bb5a90980664906f60a273957f2f17de6e364929870db3c22b93d3524,07/22/2022 04:29:00 PM,M,43.0,HELMET NOT USED,WITH TRAFFIC,BIKE LANE,TEST NOT OFFERED,,30,CLEAR,DAYLIGHT,PEDALCYCLIST,NOT DIVIDED,STRAIGHT AND LEVEL,DRY,INJURY AND / OR TOW DUE TO CRASH,SIMONDS DR,41.9687397421,-87.6449847102,POINT (-87.644984710199 41.968739742145)
O1407058,BICYCLE,2c2e3bb11ead43428d4ad28bae7b436668966bcb91fd78533504132e32b611e98de50d06f93282422dfc268ec579043cc11a46b7915a4940bb135b84a998e2e6,07/22/2022 03:45:00 PM,M,19.0,HELMET NOT USED,CROSSING - NO CONTROLS (AT INTERSECTION),IN CROSSWALK,TEST NOT OFFERED,,30,CLEAR,DAYLIGHT,PEDALCYCLIST,DIVIDED - W/MEDIAN (NOT RAISED),STRAIGHT AND LEVEL,DRY,INJURY AND / OR TOW DUE TO CRASH,CHICAGO AVE,41.8950936148,-87.748381715,POINT (-87.748381714962 41.895093614751)
O1383901,BICYCLE,503f4dc638d373556f1920798ac16249b51df54d12b4672eaa4432eb216810a2212ad21932da6260c567ab5314b1c15da3a7a41db409b56859ca581fb9d8000e,07/22/2022 03:40:00 PM,F,30.0,BICYCLE HELMET (PEDACYCLIST INVOLVED ONLY),NO ACTION,IN ROADWAY,TEST NOT OFFERED,,25,CLEAR,DAYLIGHT,PEDALCYCLIST,ONE-WAY,STRAIGHT AND LEVEL,DRY,INJURY AND / OR TOW DUE TO CRASH,FARWELL AVE,42.0066365203,-87.6627603645,POINT (-87.662760364469 42.006636520307)
O1383852,BICYCLE,150ed08faf087c6096618704054775677903ab9ed1e6da60791e3700783ac0507e1fab16737060f43ca24256b374700f0e613df9b0345b6f51a4c1ccbb7d24df,07/22/2022 02:20:00 PM,F,28.0,BICYCLE HELMET (PEDACYCLIST INVOLVED ONLY),UNKNOWN/NA,UNKNOWN/NA,TEST NOT OFFERED,,30,CLEAR,DAYLIGHT,PEDALCYCLIST,FOUR WAY,STRAIGHT AND LEVEL,DRY,INJURY AND / OR TOW DUE TO CRASH,HUBBARD ST,41.8899564972,-87.6696132174,POINT (-87.66961321738 41.889956497224)
O1383741,BICYCLE,ef9c9b29be5bd3fcc2b93b3e4ac17407bc732aef6ab9137ee2d39a2cde8969508e9d6149f8763649abd2079729ff9eb1b2883bfb1e68cb6d3b515f7199d72e36,07/22/2022 10:20:00 AM,M,48.0,HELMET NOT USED,CROSSING - WITH SIGNAL,IN CROSSWALK,TEST NOT OFFERED,,30,CLEAR,DAYLIGHT,PEDALCYCLIST,DIVIDED - W/MEDIAN (NOT RAISED),STRAIGHT AND LEVEL,DRY,NO INJURY / DRIVE AWAY,MICHIGAN AVE,41.867377773,-87.6242830157,POINT (-87.624283015693 41.867377772988)
O1383606,BICYCLE,8e812c1f26c14803cdfc7bdad2d3215f4f5c6c5e42e3f4d65c7fbe046d74be793397b14505401f8163c5d0fec9c9a604b2894afd2ef1e0f5f9f241c980393a6d,07/22/2022 09:00:00 AM,F,51.0,HELMET NOT USED,WITH TRAFFIC,IN ROADWAY,TEST NOT OFFERED,,30,CLEAR,DAYLIGHT,PEDALCYCLIST,DIVIDED - W/MEDIAN (NOT RAISED),STRAIGHT AND LEVEL,DRY,INJURY AND / OR TOW DUE TO CRASH,WALLACE ST,41.8361963735,-87.6412185571,POINT (-87.641218557094 41.83619637346)
O1383556,BICYCLE,b6ebd601e3f271195e596e75412d5d84de31191070cc270f9fbef80151ac43023fcb2387f4ad53b607c44f168036f44d7818ddc7148e335a3f2ae963ea303460,07/22/2022 07:20:00 AM,M,32.0,HELMET NOT USED,WITH TRAFFIC,IN ROADWAY,TEST NOT OFFERED,Y,30,CLEAR,DAYLIGHT,PEDALCYCLIST,FOUR WAY,STRAIGHT AND LEVEL,DRY,INJURY AND / OR TOW DUE TO CRASH,LOOMIS ST,41.8668717668,-87.6617163333,POINT (-87.661716333322 41.866871766815)
O1383359,BICYCLE,5ccd9a8b3c7b17bc651efbc95701aa3eacb1824f15b665acd969b23bc0612332be600da5e8197f02890d720e31f326e8e27dd833e0cf7a22af2b72b9e7d54714,07/21/2022 07:25:00 PM,M,24.0,HELMET NOT USED,WITH TRAFFIC,IN ROADWAY,TEST NOT OFFERED,,30,CLEAR,DAYLIGHT,PEDALCYCLIST,FOUR WAY,STRAIGHT AND LEVEL,DRY,INJURY AND / OR TOW DUE TO CRASH,LAWNDALE AVE,41.8005635028,-87.7161544228,POINT (-87.716154422752 41.800563502801)
O1383333,BICYCLE,f5235b34c233a7c91dbf10660c4d33a54c91fcb43bec11f2d906522af1c20d6e38644e6eea16609274b5c10fb37b3ba660aa304fa6626367eebcced6f6802e3a,07/21/2022 05:45:00 PM,M,44.0,BICYCLE HELMET (PEDACYCLIST INVOLVED ONLY),CROSSING - NO CONTROLS (AT INTERSECTION),IN ROADWAY,TEST NOT OFFERED,,30,CLEAR,DAYLIGHT,PEDALCYCLIST,FOUR WAY,STRAIGHT AND LEVEL,DRY,INJURY AND / OR TOW DUE TO CRASH,PAULINA ST,41.8877466887,-87.669636991,POINT (-87.669636991 41.887746688713)
O1383278,BICYCLE,528f51b4c248e80fec5e545890f820215e6cfe5eafa368400ca2a1831206674e306c77313415b7bd483e6d136ba973e159b7dad98cb553c83470e6127329576a,07/21/2022 05:40:00 PM,F,17.0,BICYCLE HELMET (PEDACYCLIST INVOLVED ONLY),WITH TRAFFIC,IN ROADWAY,TEST NOT OFFERED,,30,CLEAR,DAYLIGHT,PEDALCYCLIST,FOUR WAY,STRAIGHT AND LEVEL,DRY,NO INJURY / DRIVE AWAY,IOWA ST,41.8977133981,-87.6845704594,POINT (-87.684570459396 41.897713398142)
O1383016,BICYCLE,1daafabb1d40a337189092aa4dbae87ea7f75f52fe78bb8618af4dcc7d69f6717cd50fc3e2ec678e637702cd824d0b38ece5cedd9417b3712ea5a90364122bae,07/21/2022 01:20:00 PM,M,14.0,HELMET NOT USED,WITH TRAFFIC,IN ROADWAY,TEST NOT OFFERED,,30,CLEAR,DAYLIGHT,PEDALCYCLIST,NOT DIVIDED,STRAIGHT AND LEVEL,DRY,INJURY AND / OR TOW DUE TO CRASH,63RD ST,41.7790676783,-87.7040884814,POINT (-87.704088481431 41.779067678342)
O1382994,NON-MOTOR VEHICLE,497c0cd47c93332df71068f0c15802e563724107186ce0b9584f54fd29d3a3c38a74f0ddde4924575082944ca99ed5760a7c568bbae8b775b64fad6e435bdeb6,07/21/2022 12:00:00 PM,,,NONE PRESENT,UNKNOWN/NA,UNKNOWN/NA,TEST NOT OFFERED,Y,25,CLEAR,DAYLIGHT,FIXED OBJECT,ONE-WAY,STRAIGHT AND LEVEL,DRY,NO INJURY / DRIVE AWAY,HARDING AVE,41.8444776326,-87.7231910945,POINT (-87.72319109454 41.844477632564)
O1384364,BICYCLE,7ec25fdcf628b1d171b80bd1374e98388dc071e1edde33aab46771283b32c1702362e05941f84f73798a5e50c36bf5e0c6605cf87cd5ce99e38f0f96372f3218,07/21/2022 11:45:00 AM,M,49.0,HELMET NOT USED,WITH TRAFFIC,BIKEWAY,TEST NOT OFFERED,,30,CLEAR,DAYLIGHT,PEDALCYCLIST,NOT DIVIDED,STRAIGHT AND LEVEL,DRY,INJURY AND / OR TOW DUE TO CRASH,MILWAUKEE AVE,41.8959618414,-87.6547606933,POINT (-87.654760693278 41.895961841448)
O1382913,BICYCLE,9b3815548b59556d0b2d7db9a7951172226b3d99905504a84b80a49a8151ccf157204b6400574e3419fa07b282dfbb2a2dbfc4acff60bcfed0860b27b7f0980d,07/21/2022 10:49:00 AM,M,21.0,HELMET NOT USED,WITH TRAFFIC,BIKE LANE,TEST NOT OFFERED,,30,CLEAR,DAYLIGHT,PEDALCYCLIST,NOT DIVIDED,STRAIGHT AND LEVEL,DRY,INJURY AND / OR TOW DUE TO CRASH,SOUTHPORT AVE,41.9498826494,-87.6642417786,POINT (-87.664241778587 41.949882649361)
O1382901,BICYCLE,7010dd4abcce0530e85243bd0216b6797baea2acb18d4fe91a1f7f685697293767447996ca9878d953e51fe6f78c2c6cedf671cd735424e3efeae0ce07ae17db,07/21/2022 09:50:00 AM,M,16.0,HELMET NOT USED,CROSSING - AGAINST SIGNAL,IN ROADWAY,TEST NOT OFFERED,,25,CLEAR,DAYLIGHT,PEDALCYCLIST,FOUR WAY,STRAIGHT AND LEVEL,DRY,INJURY AND / OR TOW DUE TO CRASH,SACRAMENTO AVE,42.0120120745,-87.7045985752,POINT (-87.704598575151 42.012012074488)
O1382828,BICYCLE,e605ceb0ac2fef9df0ebe4642134c4583ea784b5e62a4f31c6353e270285c6c8e34e95bd29511e1fe480074ccde09df76c5608a581cd8b398503ec37ae4c23db,07/21/2022 08:40:00 AM,M,45.0,BICYCLE HELMET (PEDACYCLIST INVOLVED ONLY),CROSSING - NO CONTROLS (AT INTERSECTION),IN ROADWAY,TEST NOT OFFERED,,30,CLEAR,DAYLIGHT,PEDALCYCLIST,FOUR WAY,STRAIGHT AND LEVEL,DRY,INJURY AND / OR TOW DUE TO CRASH,MONTICELLO AVE,41.9629618061,-87.7194628537,POINT (-87.719462853689 41.962961806076)
O1382844,BICYCLE,db3d624165e746da684111fcfba8d086e63a5447e39b2f81ef082941e972e7538d6eb28d5e7d726ee5d96a1ebc0ad794bda08b9d70728ee2dc488de33715558d,07/21/2022 07:22:00 AM,F,61.0,BICYCLE HELMET (PEDACYCLIST INVOLVED ONLY),WITH TRAFFIC,IN ROADWAY,TEST NOT OFFERED,,30,CLEAR,DAYLIGHT,PEDALCYCLIST,DIVIDED - W/MEDIAN BARRIER,STRAIGHT AND LEVEL,DRY,INJURY AND / OR TOW DUE TO CRASH,RIDGE AVE,41.9903809522,-87.6716200159,POINT (-87.671620015933 41.990380952153)
O1383424,BICYCLE,cd3da86ec4590b9e5538c4e0b733705e12e39258ba27f37bceb6b1ae740f912cb22de9f9588177609c775e37c3ae19fca8460fe032ad40eada564f8465357947,07/21/2022 05:27:00 AM,M,55.0,HELMET NOT USED,UNKNOWN/NA,UNKNOWN/NA,TEST NOT OFFERED,,30,CLEAR,DAYLIGHT,PEDALCYCLIST,RAMP,STRAIGHT AND LEVEL,DRY,INJURY AND / OR TOW DUE TO CRASH,PULASKI RD,41.8237019201,-87.7239198003,POINT (-87.723919800315 41.823701920053)
O1382602,BICYCLE,5411a5b168d0fc3390926220bc084e6dbbf083923c71e4c992ca3d00614b51130446450481414718678a959c9bef11f2d202db60d0373e76b77a215eed0f1c9a,07/20/2022 06:00:00 PM,M,18.0,HELMET NOT USED,CROSSING - NO CONTROLS (NOT AT INTERSECTION),NOT IN ROADWAY,TEST NOT OFFERED,,30,CLEAR,DAYLIGHT,PEDALCYCLIST,NOT DIVIDED,STRAIGHT AND LEVEL,DRY,INJURY AND / OR TOW DUE TO CRASH,ELSTON AVE,41.9860066196,-87.7704993317,POINT (-87.770499331678 41.986006619618)
O1382596,BICYCLE,4ea3be752877037dbd348fcb674303d4bb7382579669a6cdb86df12927d64b8cd943dc21c85d4a8e5aa01eff7613c1dfe0eb4f1741c87b0f6e869ada1fe57220,07/20/2022 05:10:00 PM,M,,HELMET NOT USED,OTHER ACTION,IN ROADWAY,TEST NOT OFFERED,,30,CLEAR,DAYLIGHT,PEDALCYCLIST,T-INTERSECTION,STRAIGHT AND LEVEL,DRY,NO INJURY / DRIVE AWAY,ELSTON AVE,41.9664027613,-87.7374364635,POINT (-87.737436463532 41.966402761324)
O1382407,BICYCLE,08c44436c6d578e6f94dab97c1d74031354adbb200a43ab2149e8f8c95a1aeb259b44d0c55e5a9385a43923e3efd49afe8c67b7558380131877cb711f96b137b,07/20/2022 04:00:00 PM,M,27.0,HELMET NOT USED,CROSSING - NO CONTROLS (NOT AT INTERSECTION),NOT IN ROADWAY,TEST NOT OFFERED,,30,CLEAR,DAYLIGHT,PEDALCYCLIST,DRIVEWAY,STRAIGHT AND LEVEL,DRY,INJURY AND / OR TOW DUE TO CRASH,RIDGE BLVD,42.0171389565,-87.6845181212,POINT (-87.684518121209 42.017138956465)
O1383257,BICYCLE,aed19819e901ce5e3abacc6a88474b35f4a289d70c972b65bffd9b80fe4d2549fa645531bb0d9ef8329c8b082f39cc9ec7ed5699bce7b570bd40835ec9f54483,07/20/2022 03:57:00 PM,M,28.0,BICYCLE HELMET (PEDACYCLIST INVOLVED ONLY),WITH TRAFFIC,IN ROADWAY,TEST NOT OFFERED,,30,UNKNOWN,UNKNOWN,PEDALCYCLIST,NOT DIVIDED,STRAIGHT AND LEVEL,UNKNOWN,NO INJURY / DRIVE AWAY,CLARK ST,41.9339874925,-87.6456738583,POINT (-87.645673858289 41.93398749251)
O1382409,BICYCLE,dd124c0e39ee817765d221279a0d63f16c1263152764e42f7749458dab2982e6e5e02325279ba1923a62db92c3ecf7a2a88b24569f1eecca37f8154e98e8f319,07/20/2022 03:57:00 PM,F,39.0,HELMET NOT USED,TURNING LEFT,IN CROSSWALK,TEST NOT OFFERED,,30,CLEAR,DAYLIGHT,PEDALCYCLIST,FOUR WAY,STRAIGHT AND LEVEL,DRY,INJURY AND / OR TOW DUE TO CRASH,CHICAGO AVE,41.8955597983,-87.6941120661,POINT (-87.69411206611 41.895559798275)
O1382353,BICYCLE,b4e1f3a25a2d6d20a3a913dfe42a1c811b02850f738f93cc98496ec9a4355e31ce473c93beb583f83c19eb89b531f939e2d365e32f56d90477f9361a4445b8d7,07/20/2022 02:49:00 PM,M,49.0,HELMET NOT USED,UNKNOWN/NA,UNKNOWN/NA,TEST NOT OFFERED,,30,RAIN,DAYLIGHT,PEDALCYCLIST,FOUR WAY,STRAIGHT AND LEVEL,UNKNOWN,INJURY AND / OR TOW DUE TO CRASH,66TH ST,41.7741868798,-87.6445893535,POINT (-87.644589353514 41.774186879845)
O1382423,BICYCLE,8d36e555c460323bf129b6b61e7709f2f0b8c5200ef2b2788c8afa7970a101294d6cc90305d322901dc70a5efe4c2cf471b36381589df6f35d555c4a36bdc866,07/20/2022 01:30:00 PM,M,46.0,HELMET NOT USED,CROSSING - WITH SIGNAL,IN ROADWAY,TEST NOT OFFERED,Y,30,CLEAR,DAYLIGHT,PEDALCYCLIST,FOUR WAY,STRAIGHT AND LEVEL,DRY,INJURY AND / OR TOW DUE TO CRASH,THORNDALE AVE,41.9899947326,-87.6554545967,POINT (-87.655454596682 41.98999473259)
O1382241,BICYCLE,a49cbedc636b0017afe3f60b379e6763857288ed918ef3b2ebd4ecf1cc2fcc6ca40e34587e032ef4c6b226280a1000b962f28b0c8c27a588b480c6f1704fad1b,07/20/2022 12:00:00 PM,F,39.0,HELMET NOT USED,OTHER ACTION,IN ROADWAY,TEST NOT OFFERED,,30,CLEAR,DAYLIGHT,PEDALCYCLIST,NOT DIVIDED,STRAIGHT AND LEVEL,DRY,NO INJURY / DRIVE AWAY,KIMBALL AVE,41.9431011074,-87.712759073,POINT (-87.712759073041 41.943101107395)
O1382130,BICYCLE,0fa935fbf657403f44ed3a8ed6f44f06b8916bacd1395086ceca908dca69fa7f2424cff0da839dfee8cd10a1f36018dab5ff5c4b0adea2838f3d3d43629d9316,07/20/2022 09:25:00 AM,M,23.0,BICYCLE HELMET (PEDACYCLIST INVOLVED ONLY),TURNING LEFT,IN ROADWAY,TEST NOT OFFERED,,30,CLEAR,DAYLIGHT,PEDALCYCLIST,DIVIDED - W/MEDIAN (NOT RAISED),STRAIGHT AND LEVEL,DRY,INJURY AND / OR TOW DUE TO CRASH,DAMEN AVE,41.9499616249,-87.6784918642,POINT (-87.678491864156 41.949961624933)
O1382170,BICYCLE,2b8cca775e8a006a7da1415db1a43339de1513ed37d3dacb027450d026ad297b70a92e73adbc9fdd096b5bc22524bd27e835a6bcd985bc6e5fd0129e873ea2f2,07/20/2022 08:08:00 AM,M,47.0,HELMET NOT USED,AGAINST TRAFFIC,IN ROADWAY,TEST NOT OFFERED,,30,CLEAR,DAYLIGHT,PEDALCYCLIST,NOT DIVIDED,STRAIGHT AND LEVEL,DRY,INJURY AND / OR TOW DUE TO CRASH,GRAND AVE,41.9062588709,-87.7263534764,POINT (-87.726353476362 41.90625887086)
O1381966,BICYCLE,4477316d13a57fb4ebb9fe8a02c1cae143e97f49b5ddacb3b01c2e77dfd5ebf0e46f76be9ef9cac84b4ae9db2509cc9f5e3a8a729bd2462823b16c71c17d1cfd,07/19/2022 08:55:00 PM,M,51.0,BICYCLE HELMET (PEDACYCLIST INVOLVED ONLY),UNKNOWN/NA,BIKE LANE,TEST NOT OFFERED,,30,CLEAR,"DARKNESS, LIGHTED ROAD",PEDALCYCLIST,NOT DIVIDED,STRAIGHT AND LEVEL,DRY,INJURY AND / OR TOW DUE TO CRASH,BROADWAY,41.9522076593,-87.6494892359,POINT (-87.64948923588 41.952207659296)
O1456997,BICYCLE,e2b0b33847aabaca31b0aca963c24419740e3c219fae155f488a5661128e292ed90238570cc85467bfee00be56dd038b053aac216343f165b4d727e05341a33f,07/19/2022 08:31:00 PM,F,10.0,BICYCLE HELMET (PEDACYCLIST INVOLVED ONLY),CROSSING - NO CONTROLS (NOT AT INTERSECTION),IN CROSSWALK,TEST NOT OFFERED,,30,CLEAR,DARKNESS,PEDALCYCLIST,NOT DIVIDED,STRAIGHT AND LEVEL,DRY,INJURY AND / OR TOW DUE TO CRASH,LAWRENCE AVE,41.9678230965,-87.7727867287,POINT (-87.772786728748 41.967823096495)
O1381818,BICYCLE,c2e3aa555552db5ed6f64685a1d54b5b5fdbe565bccc9468dd1cce5900b02e7216ef56fbb3a7e5bd4ae4856b943a214ccb7a205a8d147cc2cf819b4173631d0c,07/19/2022 06:16:00 PM,M,50.0,BICYCLE HELMET (PEDACYCLIST INVOLVED ONLY),NO ACTION,IN ROADWAY,TEST NOT OFFERED,,30,CLEAR,DAYLIGHT,PEDALCYCLIST,ALLEY,STRAIGHT AND LEVEL,DRY,INJURY AND / OR TOW DUE TO CRASH,DIVERSEY AVE,41.9307693974,-87.7958890122,POINT (-87.795889012222 41.930769397442)
O1381796,BICYCLE,974f39535567af54a41a8badd31ebb3c965be0a7f77eb9a8042c8f38e6b96185e52435626b6feb2758ddd4e49593ff725ef196b7fc540a8310b721cce1b1267c,07/19/2022 05:40:00 PM,F,23.0,BICYCLE HELMET (PEDACYCLIST INVOLVED ONLY),CROSSING - AGAINST SIGNAL,IN CROSSWALK,TEST NOT OFFERED,,30,CLEAR,DAYLIGHT,PEDALCYCLIST,NOT DIVIDED,STRAIGHT AND LEVEL,DRY,INJURY AND / OR TOW DUE TO CRASH,CLYBOURN AVE,41.9166143383,-87.6576825337,POINT (-87.657682533659 41.916614338301)
O1381677,NON-MOTOR VEHICLE,3d16daabce2b6fc276804a5a21dda7c9148c1fb48c5a03bd43fb4c8a8d4084951ce9b03c5e66f85501de4462ecad7226ca5f6b618713da9096a73a619269ee23,07/19/2022 03:20:00 PM,M,19.0,NONE PRESENT,PLAYING IN ROADWAY,IN ROADWAY,TEST NOT OFFERED,,30,CLEAR,DAYLIGHT,OTHER OBJECT,NOT DIVIDED,STRAIGHT AND LEVEL,DRY,NO INJURY / DRIVE AWAY,58TH PL,41.7870822305,-87.7149836112,POINT (-87.714983611152 41.787082230534)
O1381986,BICYCLE,7e6734ea7f203af31ab0a1b5301705ef94ca9e5609e354dd7a460088e5832f5ef4660a9fbff3618bbe5372742f8eb0232916573760a0840ee141ce61c0ebedda,07/19/2022 01:13:00 PM,M,,HELMET NOT USED,OTHER ACTION,IN ROADWAY,TEST NOT OFFERED,N,30,UNKNOWN,UNKNOWN,PEDALCYCLIST,NOT DIVIDED,STRAIGHT AND LEVEL,OTHER,INJURY AND / OR TOW DUE TO CRASH,ASHLAND AVE,41.9251938898,-87.6682943634,POINT (-87.668294363399 41.92519388981)
O1381490,BICYCLE,8e7282620eee75491b36b0f3f74aaacd46d386bfe6fde63ceb85cf49026ec6ebd6b785906082fa024d68f7eb54f2569412c86eb89643ce3a016de24b5d2a65be,07/19/2022 11:15:00 AM,M,60.0,HELMET NOT USED,CROSSING - AGAINST SIGNAL,IN CROSSWALK,,,30,CLEAR,DAYLIGHT,TURNING,FOUR WAY,STRAIGHT AND LEVEL,DRY,INJURY AND / OR TOW DUE TO CRASH,51ST ST,41.8020570304,-87.6258125619,POINT (-87.625812561936 41.802057030418)
O1381567,BICYCLE,a08dd22dd741c531f0c6e51528e3841c9726129179b66363f3933af7b3c7e6646be57f235d62e74f16280a143437459e7a73146539786999d738ec21e9f5c5fd,07/19/2022 11:13:00 AM,M,,HELMET NOT USED,PARKED VEHICLE,UNKNOWN/NA,TEST NOT OFFERED,,0,CLEAR,DAYLIGHT,PEDALCYCLIST,PARKING LOT,STRAIGHT AND LEVEL,DRY,NO INJURY / DRIVE AWAY,35TH ST,41.8281952141,-87.7096637617,POINT (-87.709663761656 41.828195214075)
O1381665,BICYCLE,1d68b5b6fa7ca7f0b83ccbafd299a9277a7438cab3ffafbe94448657ee7893421e70af0e39f873af718412a767d1607401123d4b8a25af7bf7b3af407527c598,07/19/2022 07:30:00 AM,M,31.0,BICYCLE HELMET (PEDACYCLIST INVOLVED ONLY),CROSSING - WITH SIGNAL,BIKEWAY,TEST NOT OFFERED,,30,CLEAR,DAYLIGHT,PEDALCYCLIST,NOT DIVIDED,STRAIGHT AND LEVEL,DRY,NO INJURY / DRIVE AWAY,WELLS ST,41.8819757277,-87.6339718463,POINT (-87.63397184627 41.881975727714)
O1381255,BICYCLE,bee5bd179bc93ef4774d0333a424a7a8f725157759d9729d39a49ec0a26b8fb360bbec09ca1b31673ff6aaca688535831eb43caeca97d7da20847f61fadf5583,07/18/2022 06:30:00 PM,M,16.0,BICYCLE HELMET (PEDACYCLIST INVOLVED ONLY),NOT AT INTERSECTION,NOT IN ROADWAY,TEST NOT OFFERED,Y,15,CLEAR,DAYLIGHT,PEDALCYCLIST,ALLEY,STRAIGHT AND LEVEL,DRY,INJURY AND / OR TOW DUE TO CRASH,ARGYLE ST,41.972005813,-87.7055230459,POINT (-87.705523045897 41.972005812979)
O1381241,BICYCLE,8d9d581879bd7d5d39c46c8548a6069a0d3deb87649c1ea53f0abbd2b5d1490844cf2a7edaf7c2e1f9be5358b3eebd5c7e5b91b6b3ab823de99ff8797819e632,07/18/2022 06:00:00 PM,M,26.0,HELMET NOT USED,NO ACTION,IN ROADWAY,TEST NOT OFFERED,,30,CLEAR,DAYLIGHT,PEDALCYCLIST,NOT DIVIDED,STRAIGHT AND LEVEL,DRY,NO INJURY / DRIVE AWAY,BLOOMINGDALE AVE,41.9129986432,-87.7767619193,POINT (-87.776761919338 41.912998643195)
O1381220,NON-MOTOR VEHICLE,dce3e3c05d16d12923498983a06077c9088117114162fc5ccb5a494710fec54314c0827e49588f33d30345ca5fbd5a4fd4af5b13e84586fc9511110ea64b42e0,07/18/2022 04:59:00 PM,F,24.0,HELMET NOT USED,CROSSING - NO CONTROLS (NOT AT INTERSECTION),IN ROADWAY,TEST NOT OFFERED,,30,CLEAR,DAYLIGHT,OTHER OBJECT,NOT DIVIDED,STRAIGHT AND LEVEL,DRY,INJURY AND / OR TOW DUE TO CRASH,CARROLL AVE,41.8876449282,-87.6528690642,POINT (-87.652869064236 41.88764492825)
O1381125,BICYCLE,99111da65e50167549024e98b33ad154319096a21f6a605e3536c8b62e533d4dfc89b9e874e17b9e04b34a19f420bac4733004e7d184c9732ff08b88412c7449,07/18/2022 04:18:00 PM,M,15.0,HELMET NOT USED,AGAINST TRAFFIC,IN ROADWAY,TEST NOT OFFERED,,30,CLEAR,DAYLIGHT,PEDALCYCLIST,OTHER,STRAIGHT ON GRADE,DRY,INJURY AND / OR TOW DUE TO CRASH,KOSTNER AVE,41.741916078,-87.731527894,POINT (-87.731527894011 41.741916078034)
O1380441,BICYCLE,55fa99b578563de777608621260d12541a59f91cdc62f9f3332ce957b585f7e864631292f56685f94b0237ec4afd9b81113c8b6f27b2692670f83236f65d767f,07/17/2022 03:00:00 PM,M,34.0,BICYCLE HELMET (PEDACYCLIST INVOLVED ONLY),PARKED VEHICLE,IN ROADWAY,TEST NOT OFFERED,N,35,CLEAR,DAYLIGHT,PEDALCYCLIST,UNKNOWN INTERSECTION TYPE,"CURVE, LEVEL",DRY,NO INJURY / DRIVE AWAY,HALSTED ST,41.8580626576,-87.6467952716,POINT (-87.646795271613 41.858062657592)
O1380421,BICYCLE,a826d657f120ad2c0f33da49a16136480d86fe2b0ada07076769909e89419c018404ac5bfe1f60ce25c2ff1369bfdea88df959d125a3ef0bf355c3fd2d7d12a2,07/17/2022 02:55:00 PM,M,15.0,HELMET NOT USED,CROSSING - NO CONTROLS (NOT AT INTERSECTION),NOT IN ROADWAY,TEST NOT OFFERED,,25,CLEAR,DAYLIGHT,PEDALCYCLIST,ONE-WAY,STRAIGHT AND LEVEL,DRY,NO INJURY / DRIVE AWAY,LECLAIRE AVE,41.924541106,-87.753842497,POINT (-87.753842497041 41.924541105993)
O1380429,NON-MOTOR VEHICLE,2ac99d653827faf5b5565523d5463c82ffafe9b00a5297a78c985e0718e8bbca84c8d119dcca770a7609be48c7854b21ed2052a70f2136b2c058ed1b091167e8,07/17/2022 02:20:00 PM,M,75.0,,OTHER ACTION,,TEST NOT OFFERED,,30,CLEAR,DAYLIGHT,OTHER OBJECT,PARKING LOT,STRAIGHT AND LEVEL,DRY,INJURY AND / OR TOW DUE TO CRASH,RIDGE BLVD,42.0051867384,-87.6800060435,POINT (-87.680006043493 42.005186738411)
O1380356,BICYCLE,d7b9ee25b8afa883049913ebc4a191beaf76751b65b3b343b6006af6480b53056f3ed04ef8ce393b45790131b372cba6d9ba53ac652f5a7acceefe4b74304cdf,07/17/2022 12:45:00 PM,F,,HELMET NOT USED,CROSSING - NO CONTROLS (AT INTERSECTION),IN ROADWAY,,,30,CLEAR,DAYLIGHT,PEDALCYCLIST,NOT DIVIDED,STRAIGHT AND LEVEL,DRY,INJURY AND / OR TOW DUE TO CRASH,HALSTED ST,41.9086395917,-87.6483601527,POINT (-87.648360152682 41.908639591728)