PERSON_ID,PERSON_TYPE,CRASH_RECORD_ID,CRASH_DATE_x,SEX,AGE,SAFETY_EQUIPMENT,PEDPEDAL_ACTION,PEDPEDAL_LOCATION,BAC_RESULT,CRASH_DATE_EST_I,POSTED_SPEED_LIMIT,WEATHER_CONDITION,LIGHTING_CONDITION,FIRST_CRASH_TYPE,TRAFFICWAY_TYPE,ALIGNMENT,ROADWAY_SURFACE_COND,CRASH_TYPE,STREET_NAME,LATITUDE,LONGITUDE,LOCATION
O1380369,BICYCLE,eebd346a344cb5f69fa39596d91f980caa1ba3413fcba197e8c927b3290cbc17a073fcac405b660c4683a020c35a1be09026807b1786a64333f599e50679619e,07/17/2022 12:30:00 PM,,,HELMET NOT USED,AGAINST TRAFFIC,UNKNOWN/NA,TEST NOT OFFERED,,30,CLEAR,DAYLIGHT,PEDALCYCLIST,NOT DIVIDED,STRAIGHT AND LEVEL,DRY,NO INJURY / DRIVE AWAY,15TH ST,,,
O1389581,BICYCLE,23863f2f88765f21de3ae3796b1503b8dabcdb5ec46b9a8ecf9485929f8344e307a08e03511df3bffa9554e8d93d1ec0a805c2e477730fded0a3d51ec0f289f5,07/17/2022 12:15:00 PM,M,33.0,BICYCLE HELMET (PEDACYCLIST INVOLVED ONLY),OTHER ACTION,BIKEWAY,TEST NOT OFFERED,N,30,UNKNOWN,DAYLIGHT,PEDALCYCLIST,NOT DIVIDED,STRAIGHT AND LEVEL,UNKNOWN,INJURY AND / OR TOW DUE TO CRASH,BROADWAY,41.9721261994,-87.6599011815,POINT (-87.659901181469 41.97212619936)
O1399549,BICYCLE,74bc1f4f99855a2f074b338ea7eb7757d6f62b1402f8593ef2f4ffd1d89364557413e13855e4f173e1955b10ca563c77897ddc4ebd8b4bb2f2583b75b7e3c895,07/16/2022 10:42:00 PM,M,42.0,HELMET NOT USED,WITH TRAFFIC,IN ROADWAY,TEST NOT OFFERED,,30,CLEAR,DARKNESS,PEDALCYCLIST,NOT DIVIDED,STRAIGHT AND LEVEL,DRY,INJURY AND / OR TOW DUE TO CRASH,LA SALLE DR,41.8932447739,-87.6327867038,POINT (-87.632786703841 41.893244773868)
O1380055,BICYCLE,c520e8b1dea3566826ffbb3eee9792af62e9c8fd8a5c25bb72d52aab1db2609201b510fac728a3f755cd5c329da3727b8bde39067f132bfa80b5ed714a0c027f,07/16/2022 07:00:00 PM,M,24.0,HELMET NOT USED,NO ACTION,SHOULDER,TEST NOT OFFERED,,30,CLEAR,"DARKNESS, LIGHTED ROAD",PEDALCYCLIST,DIVIDED - W/MEDIAN (NOT RAISED),STRAIGHT AND LEVEL,DRY,INJURY AND / OR TOW DUE TO CRASH,NORTH AVE,41.9108134728,-87.6480104515,POINT (-87.648010451475 41.910813472762)
O1379999,NON-MOTOR VEHICLE,989eff8b7b782c735fd7a92fa4c1d80036e2b9f823c96e41f9aa8143172bc2e96cc75715eba72535204aed4b9043685261305514d71eeaabac67d020e6b48313,07/16/2022 06:00:00 PM,M,12.0,NONE PRESENT,CROSSING - NO CONTROLS (NOT AT INTERSECTION),IN ROADWAY,TEST NOT OFFERED,,25,CLOUDY/OVERCAST,DAYLIGHT,OTHER OBJECT,DIVIDED - W/MEDIAN (NOT RAISED),STRAIGHT AND LEVEL,DRY,INJURY AND / OR TOW DUE TO CRASH,SCHREIBER AVE,41.9990952668,-87.6697411824,POINT (-87.669741182412 41.999095266796)
O1380038,BICYCLE,d4cf755372ea9165b6a435d0760c53acd546df1ba09b7fcb8d4a4e8c1f2549c5e8dca0d2b9544dd2c22f2e06d124354f7e1d090056f01a5ec83657f7277e8c66,07/16/2022 05:00:00 PM,M,31.0,HELMET NOT USED,WITH TRAFFIC,IN ROADWAY,TEST NOT OFFERED,,30,CLEAR,DAYLIGHT,PEDALCYCLIST,DIVIDED - W/MEDIAN (NOT RAISED),STRAIGHT AND LEVEL,DRY,INJURY AND / OR TOW DUE TO CRASH,WRIGHTWOOD AVE,41.929038709,-87.6454815543,POINT (-87.645481554289 41.929038709004)
O1379973,BICYCLE,ebedc48c707921e7a6e0628af741fd5ec8dd8c103531af653aef1b17f4ce22f9465eb55687e9a0a47fb100551f9d6256e24fd49370433885273d83683600de11,07/16/2022 05:00:00 PM,M,74.0,BICYCLE HELMET (PEDACYCLIST INVOLVED ONLY),WITH TRAFFIC,IN ROADWAY,TEST NOT OFFERED,,30,CLEAR,DAYLIGHT,PEDALCYCLIST,NOT DIVIDED,STRAIGHT AND LEVEL,DRY,INJURY AND / OR TOW DUE TO CRASH,BROADWAY,41.9968006958,-87.6603157376,POINT (-87.660315737553 41.996800695817)
O1379768,BICYCLE,d01ab5ab81f6f4de8c997ccb1dbd6c79df8bf823edc3c3676e76ffe4605557809e76e79ad54dd6e48c1318c2edf7b2a52900e0971ecace0a4dc8edc84fafde16,07/16/2022 12:20:00 PM,M,58.0,HELMET NOT USED,CROSSING - WITH SIGNAL,IN ROADWAY,TEST NOT OFFERED,,30,CLEAR,DAYLIGHT,PEDALCYCLIST,FOUR WAY,STRAIGHT AND LEVEL,DRY,INJURY AND / OR TOW DUE TO CRASH,AVENUE O,41.6954062444,-87.540249742,POINT (-87.540249741986 41.695406244353)
O1379735,BICYCLE,93249ff9b1ad33099bce5fae2cf92b11cdceb8a938caf6077a5d4402db6c10ed4c2ee4205e1851178f1c048cef20d7821ba66ae50d64e610f6b7e7679cb9f811,07/16/2022 11:45:00 AM,M,28.0,HELMET NOT USED,UNKNOWN/NA,IN CROSSWALK,TEST NOT OFFERED,,30,CLOUDY/OVERCAST,DAYLIGHT,PEDALCYCLIST,FOUR WAY,STRAIGHT AND LEVEL,DRY,INJURY AND / OR TOW DUE TO CRASH,RICHMOND ST,41.7935335694,-87.6976050345,POINT (-87.697605034537 41.793533569412)
O1379389,BICYCLE,4c44750fcce092d3cbc97adb5cfc6081d4212249add04a04504b71ac6d0d59bd0c8ebec73111a9a0b8f5140e33f76fa2eabdbfc7fe27c27600a6803ad2d33bb1,07/15/2022 09:17:00 PM,M,43.0,HELMET NOT USED,AGAINST TRAFFIC,IN ROADWAY,TEST NOT OFFERED,,30,RAIN,"DARKNESS, LIGHTED ROAD",PEDALCYCLIST,FOUR WAY,STRAIGHT AND LEVEL,WET,NO INJURY / DRIVE AWAY,47TH ST,41.8092741496,-87.6165984424,POINT (-87.616598442402 41.809274149635)
O1379267,BICYCLE,72c272439fc6c2e94695ab0368946b8dadba9cf2c4f7c4acc4dec6f42e5a9b1d263f970ba4d61a922a7aa823d6c8fa8f014abb2dc5dba822d0eaf4fe1f6ad25b,07/15/2022 06:00:00 PM,M,,HELMET NOT USED,WITH TRAFFIC,IN CROSSWALK,TEST NOT OFFERED,Y,15,CLEAR,DUSK,PEDALCYCLIST,DRIVEWAY,STRAIGHT AND LEVEL,WET,NO INJURY / DRIVE AWAY,DIVISION ST,41.9028198683,-87.7217664521,POINT (-87.721766452123 41.902819868301)
O1396106,BICYCLE,ae7e71bd0774b1f1d6ac7449c71314d4cd520c301472f118503dc350ef80b4517fd1db34545a504a96b00667eede9a095d150e8d6893d4ce6be18d2e8e55f48f,07/15/2022 06:00:00 PM,M,65.0,HELMET NOT USED,WITH TRAFFIC,IN ROADWAY,TEST NOT OFFERED,,30,CLEAR,DAYLIGHT,PEDALCYCLIST,FOUR WAY,STRAIGHT AND LEVEL,DRY,INJURY AND / OR TOW DUE TO CRASH,28TH ST,41.8406688255,-87.7250601869,POINT (-87.725060186936 41.840668825456)
O1379239,BICYCLE,d9d1485925fdc45ec5860359f52010cef8d100502570e9c8655628922b6daf4de54e32954fc937cebeb50a82d22a6b2a2c6be0b596378d1554ff866d5edddc6b,07/15/2022 05:29:00 PM,M,13.0,HELMET NOT USED,CROSSING - NO CONTROLS (AT INTERSECTION),IN ROADWAY,TEST REFUSED,,30,UNKNOWN,UNKNOWN,PEDALCYCLIST,FOUR WAY,STRAIGHT AND LEVEL,WET,NO INJURY / DRIVE AWAY,83RD ST,41.7420680932,-87.7217362243,POINT (-87.72173622434 41.742068093164)
O1378709,BICYCLE,a59ddd18e2e96078ba31c13a17050944c6d198ab675d4f10c0f985be5e13d29cf9af0ce16f77ec65c32f2b065f949c04232380d4ed342bd335f21ce3f5976cba,07/15/2022 01:20:00 AM,M,49.0,BICYCLE HELMET (PEDACYCLIST INVOLVED ONLY),WITH TRAFFIC,IN ROADWAY,TEST NOT OFFERED,,30,CLEAR,"DARKNESS, LIGHTED ROAD",PEDALCYCLIST,T-INTERSECTION,STRAIGHT AND LEVEL,DRY,INJURY AND / OR TOW DUE TO CRASH,CHESTNUT ST,41.8978460694,-87.6326631881,POINT (-87.632663188069 41.89784606938)
O1378685,BICYCLE,ad522107e2db2dccc0f20e37ec9c3d79a95b401b96bf75e07f2ef07851e5a48b462e89bc81c48d115ee177f325f126c30cc8cdc49f3b9becb51c25ddb48b5d4f,07/14/2022 10:51:00 PM,M,25.0,HELMET NOT USED,INTOXICATED PED/PEDAL,IN CROSSWALK,TEST NOT OFFERED,,30,CLEAR,"DARKNESS, LIGHTED ROAD",PEDALCYCLIST,FOUR WAY,STRAIGHT AND LEVEL,DRY,NO INJURY / DRIVE AWAY,LAKE SHORE DR SB,41.8809822077,-87.6171046512,POINT (-87.617104651185 41.88098220772)
O1378647,BICYCLE,0dcd7e3590ada25c118f73c72259ef18263ff5c860a8daada22500cf6e0195cefe34307da72efb4b4b0166e42f54a926e9647f02e04ba1b88b77919d097368de,07/14/2022 08:25:00 PM,F,30.0,HELMET NOT USED,WITH TRAFFIC,IN ROADWAY,TEST NOT OFFERED,,30,CLEAR,DARKNESS,PEDALCYCLIST,DIVIDED - W/MEDIAN (NOT RAISED),STRAIGHT AND LEVEL,DRY,INJURY AND / OR TOW DUE TO CRASH,ELSTON AVE,41.9377811086,-87.696203324,POINT (-87.69620332401 41.937781108638)
O1378643,BICYCLE,012a02c34daa793f518f1d8a01705644e5dd1b9d8360caa9072e7ceba4aeec8573539c85908b07ac90664966f3f14fcd5a3c1fa8339c7988b0a8c444778a2867,07/14/2022 07:15:00 PM,M,13.0,HELMET NOT USED,CROSSING - WITH SIGNAL,IN CROSSWALK,TEST NOT OFFERED,,30,CLEAR,DAYLIGHT,PEDALCYCLIST,NOT DIVIDED,STRAIGHT AND LEVEL,DRY,INJURY AND / OR TOW DUE TO CRASH,ARCHER AVE,41.8114168006,-87.7088303912,POINT (-87.7088303912 41.811416800648)
O1378555,BICYCLE,0fb9260f7f17054050e673642dded6f9ee691835ca628a16f3833a1806eb9c40db09cff5cd013fc1de99c473f0c629376d47a7c1051bae80ca5c362f54559e8f,07/14/2022 05:30:00 PM,M,31.0,BICYCLE HELMET (PEDACYCLIST INVOLVED ONLY),NO ACTION,IN ROADWAY,TEST NOT OFFERED,,30,CLEAR,DAYLIGHT,PEDALCYCLIST,OTHER,STRAIGHT AND LEVEL,DRY,INJURY AND / OR TOW DUE TO CRASH,FRANKLIN ST,41.8857846721,-87.6355569245,POINT (-87.635556924462 41.885784672133)
O1416961,BICYCLE,2df9ed911922ac661b287c4b40c7a84fc6ca676067b3ecdb9df959c138cbde6d8f769867cd6dfede657f94dd7fc9e53728c3170ac951edaf276882a5e85bf228,07/14/2022 05:16:00 PM,M,52.0,BICYCLE HELMET (PEDACYCLIST INVOLVED ONLY),WITH TRAFFIC,IN ROADWAY,TEST NOT OFFERED,,30,CLEAR,DAYLIGHT,PEDALCYCLIST,FOUR WAY,STRAIGHT AND LEVEL,DRY,INJURY AND / OR TOW DUE TO CRASH,DIVERSEY PKWY,41.9328312254,-87.6489491745,POINT (-87.648949174491 41.932831225404)
O1378521,BICYCLE,37ba0df9d774a77cab91a158ed7400beddf2f634b2af265e1df20337a86865868576f647fe5f74ab7e0158415877f351dfcccd5552ee892919682136743df6b9,07/14/2022 05:00:00 PM,M,,HELMET NOT USED,WITH TRAFFIC,IN ROADWAY,,,30,CLEAR,DAYLIGHT,PEDALCYCLIST,NOT DIVIDED,STRAIGHT AND LEVEL,DRY,INJURY AND / OR TOW DUE TO CRASH,PALMER ST,41.9209230257,-87.727654653,POINT (-87.727654653008 41.920923025744)
O1378522,BICYCLE,37ba0df9d774a77cab91a158ed7400beddf2f634b2af265e1df20337a86865868576f647fe5f74ab7e0158415877f351dfcccd5552ee892919682136743df6b9,07/14/2022 05:00:00 PM,X,,HELMET NOT USED,WITH TRAFFIC,IN ROADWAY,TEST NOT OFFERED,,30,CLEAR,DAYLIGHT,PEDALCYCLIST,NOT DIVIDED,STRAIGHT AND LEVEL,DRY,INJURY AND / OR TOW DUE TO CRASH,PALMER ST,41.9209230257,-87.727654653,POINT (-87.727654653008 41.920923025744)
O1378844,BICYCLE,79cbb7a355c22cfeef9773559a31256ebcb6c1b24db63ba18647609b102198eeb2be061438babac5e0627abdd333998ebde97cf809f0a52f1127cc3e49fc4ea9,07/14/2022 04:19:00 PM,F,,HELMET NOT USED,CROSSING - AGAINST SIGNAL,IN ROADWAY,,,30,CLEAR,DAYLIGHT,PEDALCYCLIST,NOT DIVIDED,STRAIGHT AND LEVEL,DRY,INJURY AND / OR TOW DUE TO CRASH,ELSTON AVE,41.9179960869,-87.6674033449,POINT (-87.667403344885 41.9179960869)
O1378506,BICYCLE,35923837d160aa8773bcd1814896090aeb341d0fadd1a48a07bf785a96834d4eaec81c3a67059fdef5dc7b2dab996aa1fd539bfd98633593490308f9a7364835,07/14/2022 04:18:00 PM,F,42.0,HELMET NOT USED,UNKNOWN/NA,IN ROADWAY,TEST NOT OFFERED,,30,CLEAR,DAYLIGHT,PEDALCYCLIST,DIVIDED - W/MEDIAN (NOT RAISED),STRAIGHT AND LEVEL,DRY,INJURY AND / OR TOW DUE TO CRASH,ELSTON AVE,41.9188049331,-87.6686652231,POINT (-87.668665223118 41.918804933137)
O1378403,BICYCLE,9454760d8afbf36a6b8c1d21350c52b89aef283bfdd58049b55e14166d72b969704281f5a2b681c3dd6e63c90abc23d43743942c4b90503f071092c1f25a502e,07/14/2022 02:34:00 PM,M,57.0,BICYCLE HELMET (PEDACYCLIST INVOLVED ONLY),NO ACTION,IN ROADWAY,TEST NOT OFFERED,,20,CLEAR,DAYLIGHT,PEDALCYCLIST,ONE-WAY,STRAIGHT AND LEVEL,DRY,NO INJURY / DRIVE AWAY,AVERS AVE,41.9332342458,-87.7231771108,POINT (-87.72317711078 41.933234245821)
O1378326,BICYCLE,b4fd0bdb046c621914659473323b6dee2a28565ed9d103e5c83b4ac1b732b1dabcf785ebd517ee6712bcccc4766b3e59ca17d534d4e1f73c45c64f56fabe77e0,07/14/2022 01:00:00 PM,F,,BICYCLE HELMET (PEDACYCLIST INVOLVED ONLY),WITH TRAFFIC,IN ROADWAY,TEST NOT OFFERED,,30,CLEAR,DAYLIGHT,PEDALCYCLIST,ONE-WAY,STRAIGHT AND LEVEL,DRY,INJURY AND / OR TOW DUE TO CRASH,LELAND AVE,41.9668573877,-87.6933720274,POINT (-87.693372027408 41.966857387739)
O1382326,BICYCLE,e698a552b896a8501b47b89be2276c6d98274a48c6a86523958e4867cb8fbacd89f79f8a94f75456a8b19487738f4beff326dd240c6a6efaf05beb6acb0e2710,07/14/2022 12:04:00 PM,M,33.0,HELMET NOT USED,UNKNOWN/NA,IN ROADWAY,TEST NOT OFFERED,,30,CLEAR,DAYLIGHT,PEDALCYCLIST,NOT DIVIDED,STRAIGHT AND LEVEL,DRY,NO INJURY / DRIVE AWAY,FULTON MARKET,41.8865585435,-87.6574765341,POINT (-87.657476534075 41.886558543497)
O1377963,BICYCLE,99b6cb505bfc275e04b0e2ad2e24e50b87cf6506da41b1c30dbe7c2a88fca8bdf0c4c828cda138b786ba469d81f369c6a7efd245d90c9cd9eef6d4dcaa49a91b,07/13/2022 06:54:00 PM,M,15.0,HELMET NOT USED,CROSSING - NO CONTROLS (NOT AT INTERSECTION),IN CROSSWALK,TEST NOT OFFERED,,30,CLEAR,DAYLIGHT,PEDALCYCLIST,FOUR WAY,STRAIGHT AND LEVEL,DRY,NO INJURY / DRIVE AWAY,DIVERSEY AVE,41.9309277897,-87.783195059,POINT (-87.783195059001 41.930927789668)
O1378007,BICYCLE,9efda599a4d4b031adf3d169411172d28457de1060331cfdd3ab39711972606ca4bbcaeb3023f2d60b357d3ca5b247b9f4a0104f7f64c7b1e17211f3f08a2bc4,07/13/2022 05:45:00 PM,M,30.0,BICYCLE HELMET (PEDACYCLIST INVOLVED ONLY),OTHER ACTION,IN CROSSWALK,TEST NOT OFFERED,,15,CLEAR,DAYLIGHT,PEDALCYCLIST,NOT DIVIDED,STRAIGHT AND LEVEL,DRY,INJURY AND / OR TOW DUE TO CRASH,WALDRON DR,41.8605103829,-87.6128731001,POINT (-87.612873100069 41.860510382901)
O1377885,BICYCLE,138e5bd1fbbbdeaf5ea0b131d1067142eb7d2bba93c931f896711e6fdf59d27d113205e6850efc22a59a5a3eefc9059fe0cb3e3c28e66a32689d6ca7250815c7,07/13/2022 05:12:00 PM,F,36.0,BICYCLE HELMET (PEDACYCLIST INVOLVED ONLY),TURNING LEFT,IN ROADWAY,TEST NOT OFFERED,,30,CLEAR,DAYLIGHT,PEDALCYCLIST,NOT DIVIDED,STRAIGHT AND LEVEL,DRY,INJURY AND / OR TOW DUE TO CRASH,CLINTON ST,41.8893488688,-87.6406701301,POINT (-87.640670130114 41.889348868832)
O1377796,BICYCLE,d926bf6a9c7163a8f7e5ddd87a8ec489b5b3f4c22c75beff968b16d55781f9e9b66a196ca06cfeb5a8c7f59b957cae36fdaadb0c910a2f43e2645fae615d4ad9,07/13/2022 02:45:00 PM,M,17.0,HELMET NOT USED,UNKNOWN/NA,UNKNOWN/NA,TEST NOT OFFERED,,30,CLEAR,DAYLIGHT,PEDALCYCLIST,PARKING LOT,STRAIGHT AND LEVEL,DRY,INJURY AND / OR TOW DUE TO CRASH,NARRAGANSETT AVE,41.9282789928,-87.7857612572,POINT (-87.785761257196 41.928278992821)
O1377837,BICYCLE,28f640a4f3540ade3b441f2ee9c6662986d5e0b38911cc45ed4a52952ebc3abca137955ac75b9d8be88a59ed64f0eff5188c5ac08f420ea1bf890bb51f6b879d,07/13/2022 02:19:00 PM,M,54.0,HELMET NOT USED,CROSSING - WITH SIGNAL,IN ROADWAY,TEST NOT OFFERED,,30,CLEAR,DAYLIGHT,PEDALCYCLIST,FOUR WAY,STRAIGHT AND LEVEL,DRY,INJURY AND / OR TOW DUE TO CRASH,KEDZIE AVE,41.8808416276,-87.706266069,POINT (-87.706266069047 41.880841627639)
O1377636,BICYCLE,d9dc4223932510aa814693cdebc4f6b5f19b55d6adda084db31c93008d5c914e9afe1e3b88f329e1eaeafee97bd58aa2411dafe17d57cf1fe91a430800c90728,07/13/2022 10:01:00 AM,,,HELMET NOT USED,CROSSING - NO CONTROLS (NOT AT INTERSECTION),IN ROADWAY,,,30,CLEAR,DAYLIGHT,PEDALCYCLIST,NOT DIVIDED,STRAIGHT AND LEVEL,DRY,NO INJURY / DRIVE AWAY,KEDZIE AVE,41.8754795162,-87.7061157709,POINT (-87.706115770872 41.875479516163)
O1377606,NON-MOTOR VEHICLE,270e01295d51bfa0f5c84478122a28f9c015f40e335172e7b2c55580cd871abfcf655e6a6f343e8ea8153469ad8cbb5f3492ba858fee552687bb9473aefa6181,07/13/2022 09:25:00 AM,,,NONE PRESENT,UNKNOWN/NA,IN ROADWAY,,,15,CLEAR,DAYLIGHT,FIXED OBJECT,ALLEY,STRAIGHT AND LEVEL,DRY,NO INJURY / DRIVE AWAY,MOBILE AVE,41.929697433,-87.7830659749,POINT (-87.783065974853 41.929697432972)
O1377566,BICYCLE,cf0b233423b2ad3e2223efe53ffad48fbfc48ed1ca1144851a1d8dfc130c62baf9b22ef58f1cdb0a19963f8df6aba9410d330ddec12b809a0de1e516dd0d0c16,07/13/2022 08:21:00 AM,M,,BICYCLE HELMET (PEDACYCLIST INVOLVED ONLY),OTHER ACTION,BIKE LANE,TEST NOT OFFERED,,30,CLEAR,DAYLIGHT,PEDALCYCLIST,NOT DIVIDED,STRAIGHT AND LEVEL,DRY,INJURY AND / OR TOW DUE TO CRASH,MILWAUKEE AVE,41.9077983137,-87.6736588355,POINT (-87.67365883545 41.907798313748)
O1377755,BICYCLE,bd443b83f269e2fc8a3bd0c2461e9a239f92bed3823b68a17dadac10f389627b68d0da629572af72181df9a8c8ba0df7cbe7667581b84b3cd609056265444094,07/13/2022 07:50:00 AM,M,,BICYCLE HELMET (PEDACYCLIST INVOLVED ONLY),WITH TRAFFIC,BIKE LANE,TEST NOT OFFERED,,30,CLEAR,DAYLIGHT,PEDALCYCLIST,DIVIDED - W/MEDIAN (NOT RAISED),STRAIGHT AND LEVEL,DRY,NO INJURY / DRIVE AWAY,MILWAUKEE AVE,41.9254376438,-87.7017144471,POINT (-87.70171444708 41.925437643818)
O1377448,BICYCLE,31c194fbd4f43ad35313fd1e56c5151f05e4695dcf2ee864b915c96a0a54786de8234a745ce22341f8bb862a7b603960c28e979a7e74f2a999bcbf311bcd0326,07/12/2022 09:06:00 PM,M,58.0,HELMET NOT USED,CROSSING - WITH SIGNAL,IN CROSSWALK,TEST NOT OFFERED,,30,CLEAR,DARKNESS,PEDALCYCLIST,ONE-WAY,STRAIGHT AND LEVEL,DRY,INJURY AND / OR TOW DUE TO CRASH,DEARBORN ST,41.8916012848,-87.6297967052,POINT (-87.629796705231 41.891601284754)
O1377375,BICYCLE,75aea74b982525db75f4cf441eae13fbc1b8d029961b9e03939a9c8d051d86e00d8936a8f5f55c28c8d87c68867b0ca0c3c2f78213ef1ffa55b37b9a795e93dc,07/12/2022 07:00:00 PM,M,34.0,BICYCLE HELMET (PEDACYCLIST INVOLVED ONLY),NO ACTION,BIKE LANE,TEST NOT OFFERED,,30,CLEAR,DAYLIGHT,PEDALCYCLIST,NOT DIVIDED,STRAIGHT AND LEVEL,DRY,INJURY AND / OR TOW DUE TO CRASH,26TH ST,41.8454749744,-87.6436743501,POINT (-87.643674350064 41.845474974417)
O1377252,BICYCLE,43eb6c35d2212865d4f3e71ee496bb920639df1be68691746249fa227d9237e997dc56b8a795eaf1da11ef62680f70e37532263ef671cf3aaf00e46a704e65b7,07/12/2022 04:20:00 PM,M,7.0,HELMET NOT USED,ENTER FROM DRIVE/ALLEY,IN ROADWAY,TEST REFUSED,,30,CLEAR,DAYLIGHT,PEDALCYCLIST,ONE-WAY,STRAIGHT AND LEVEL,DRY,INJURY AND / OR TOW DUE TO CRASH,KILDARE AVE,41.8493257563,-87.7313341284,POINT (-87.731334128361 41.849325756285)
O1377056,BICYCLE,d121743d437c94f08a9b43d80cebe5fe1437ce51df8dbdc212d22cf83236525396c6f202d1eec7b1137785998b0b3fc70a0efde16f40b55f7fb5078932091eff,07/12/2022 01:15:00 PM,M,50.0,HELMET NOT USED,UNKNOWN/NA,UNKNOWN/NA,TEST NOT OFFERED,Y,30,CLEAR,DAYLIGHT,PEDALCYCLIST,ONE-WAY,STRAIGHT AND LEVEL,DRY,INJURY AND / OR TOW DUE TO CRASH,KEELER AVE,41.8533819507,-87.729827378,POINT (-87.729827378024 41.853381950749)
O1376877,BICYCLE,d64c2033e24af39ae28d211abf16c34b3ad81374b91e1187f9ff829472ae0bf631e9396f9327df9351148aab51419762aa7beae819bd1380ef1d8209988874f2,07/12/2022 10:20:00 AM,F,21.0,HELMET NOT USED,CROSSING - WITH SIGNAL,IN CROSSWALK,TEST NOT OFFERED,,30,CLEAR,DAYLIGHT,PEDALCYCLIST,NOT DIVIDED,STRAIGHT AND LEVEL,DRY,INJURY AND / OR TOW DUE TO CRASH,CENTRAL AVE,41.9962277914,-87.7643318481,POINT (-87.764331848111 41.996227791444)
O1376777,BICYCLE,06f51e5024d4ddca8339cd907cbdb73ea2a96bbb2da384cd1ba8511235ae190a0747d7466ad35becaa86080e0db5d839fcc2f79af27998cab8d388af58002223,07/12/2022 07:10:00 AM,M,57.0,HELMET NOT USED,CROSSING - AGAINST SIGNAL,IN ROADWAY,TEST NOT OFFERED,,30,CLEAR,DAYLIGHT,PEDALCYCLIST,FOUR WAY,STRAIGHT AND LEVEL,DRY,INJURY AND / OR TOW DUE TO CRASH,LONG AVE,41.9677232767,-87.7627729445,POINT (-87.76277294453 41.967723276744)
O1392011,BICYCLE,92bacf2980d1e419390d82209769b4cc24a58ac4d3fdc4c66d797242a753e7ee5d604f4aa297774b2146e7ef0d4800e36cdbf0040196dade0084f7dc43cd4073,07/11/2022 09:45:00 PM,M,36.0,BICYCLE HELMET (PEDACYCLIST INVOLVED ONLY),UNKNOWN/NA,IN ROADWAY,TEST NOT OFFERED,Y,15,UNKNOWN,UNKNOWN,PEDALCYCLIST,ALLEY,STRAIGHT AND LEVEL,UNKNOWN,INJURY AND / OR TOW DUE TO CRASH,RICHMOND ST,41.997985853,-87.7031766716,POINT (-87.70317667157 41.997985853026)
O1376693,BICYCLE,a31f3cd9446803a64a7c6c00e0a2fc31a1fc15d4ccc15cceba3f592aa125050f10a2fa8564c055e4398d8174d87a8201449352576bfca9acd4025183cb9968e6,07/11/2022 09:05:00 PM,M,30.0,BICYCLE HELMET (PEDACYCLIST INVOLVED ONLY),WITH TRAFFIC,BIKE LANE,TEST NOT OFFERED,,35,CLEAR,"DARKNESS, LIGHTED ROAD",PEDALCYCLIST,ONE-WAY,STRAIGHT AND LEVEL,DRY,INJURY AND / OR TOW DUE TO CRASH,GRAND AVE,41.8919801179,-87.616165931,POINT (-87.616165931043 41.891980117949)
O1376700,BICYCLE,71dcfc89359dc4c503951172ecf5467ee66e64a54f3fba79e0719f8f3309301d9323eb86272263ce3f49d3cdf17ede301a9efa9b9af0250520115278e1c0e602,07/11/2022 09:00:00 PM,F,,HELMET NOT USED,CROSSING - NO CONTROLS (AT INTERSECTION),IN ROADWAY,TEST NOT OFFERED,,35,CLEAR,"DARKNESS, LIGHTED ROAD",PEDALCYCLIST,FOUR WAY,STRAIGHT AND LEVEL,DRY,NO INJURY / DRIVE AWAY,DEVON AVE,41.9974719137,-87.6983649832,POINT (-87.698364983179 41.997471913695)
O1376601,BICYCLE,19ab8d09a2ea6f5d0289458cdb7b732047db4d5ffbdd4cfaf2ea129bfde5c669216a833d945b971905731bf47f4165ff82e8d1aa8462f209cbeb61c403dfb028,07/11/2022 06:54:00 PM,M,18.0,BICYCLE HELMET (PEDACYCLIST INVOLVED ONLY),WITH TRAFFIC,IN ROADWAY,TEST NOT OFFERED,,30,CLEAR,DAYLIGHT,PEDALCYCLIST,ONE-WAY,STRAIGHT AND LEVEL,DRY,INJURY AND / OR TOW DUE TO CRASH,ARTHUR AVE,41.9992345818,-87.7020718832,POINT (-87.7020718832 41.999234581784)
O1376665,BICYCLE,24d7fba268893c43f2cbc23f252e0fe489a15efe911776be0014bb1cb1dfd4d8c36ecb04bd265eb48a5eef9df6c4ddf3ba6a21deecf79b6e86a16a9e6ad136d2,07/11/2022 06:15:00 PM,M,31.0,BICYCLE HELMET (PEDACYCLIST INVOLVED ONLY),CROSSING - WITH SIGNAL,IN CROSSWALK,TEST NOT OFFERED,,30,CLEAR,DAYLIGHT,PEDALCYCLIST,DIVIDED - W/MEDIAN (NOT RAISED),STRAIGHT AND LEVEL,DRY,INJURY AND / OR TOW DUE TO CRASH,BALBO DR,41.8731062401,-87.6204256289,POINT (-87.620425628917 41.873106240083)
O1376555,BICYCLE,155b1a3a1d33e1f5f659ed0dacdc2213ec7528443c755aa844c278422f88581124c48198a5dd9e5e64f14ffe591fd58ff5c3d5ad9c09d499bc121fcad968c433,07/11/2022 06:00:00 PM,M,22.0,BICYCLE HELMET (PEDACYCLIST INVOLVED ONLY),WITH TRAFFIC,IN ROADWAY,TEST NOT OFFERED,,30,CLEAR,DAYLIGHT,PEDALCYCLIST,DIVIDED - W/MEDIAN (NOT RAISED),STRAIGHT AND LEVEL,DRY,NO INJURY / DRIVE AWAY,CHICAGO AVE,41.8966259649,-87.639829077,POINT (-87.639829076953 41.89662596489)