PERSON_ID,PERSON_TYPE,CRASH_RECORD_ID,CRASH_DATE_x,SEX,AGE,SAFETY_EQUIPMENT,PEDPEDAL_ACTION,PEDPEDAL_LOCATION,BAC_RESULT,CRASH_DATE_EST_I,POSTED_SPEED_LIMIT,WEATHER_CONDITION,LIGHTING_CONDITION,FIRST_CRASH_TYPE,TRAFFICWAY_TYPE,ALIGNMENT,ROADWAY_SURFACE_COND,CRASH_TYPE,STREET_NAME,LATITUDE,LONGITUDE,LOCATION
O1408528,BICYCLE,2fe1998070e7d89b5c0469086664f9013f754a0ce0a936cb2d6316d143624dbf31900c984fabe87735254c9d699cad539c19940c100ced817a6d5b06b448cdd5,07/11/2022 05:48:00 PM,F,36.0,HELMET NOT USED,OTHER ACTION,IN ROADWAY,TEST NOT OFFERED,,30,CLEAR,DAYLIGHT,PEDALCYCLIST,DIVIDED - W/MEDIAN (NOT RAISED),STRAIGHT AND LEVEL,DRY,INJURY AND / OR TOW DUE TO CRASH,SCHOOL ST,41.9412898868,-87.6782052374,POINT (-87.678205237447 41.941289886754)
O1376489,BICYCLE,f42f75dcb90b669f05eabefb1930dfb30642e36e5bfaf37610aaafaf32da193b67e61bd3cb9ac58e3cead1a4ebc242ab23410cec2348b01c414b23770157a6e8,07/11/2022 05:15:00 PM,M,32.0,HELMET NOT USED,NO ACTION,BIKE LANE,TEST NOT OFFERED,,30,CLEAR,DAYLIGHT,PEDALCYCLIST,DIVIDED - W/MEDIAN (NOT RAISED),STRAIGHT AND LEVEL,DRY,INJURY AND / OR TOW DUE TO CRASH,MILWAUKEE AVE,41.9185116624,-87.6903944299,POINT (-87.690394429907 41.918511662406)
O1376434,BICYCLE,73bc1b4a6278e3660d41747d436de1999c87625defdf9f4d3943e95510fd235dcd84e1cdc5aec49f765e1d8a523e3969253239a8beb9ab1fac42e4307eb3e6e6,07/11/2022 03:57:00 PM,M,14.0,BICYCLE HELMET (PEDACYCLIST INVOLVED ONLY),OTHER ACTION,IN ROADWAY,TEST NOT OFFERED,,30,CLEAR,DAYLIGHT,PEDALCYCLIST,OTHER,STRAIGHT AND LEVEL,DRY,INJURY AND / OR TOW DUE TO CRASH,LAWRENCE AVE,41.9685245266,-87.7122111995,POINT (-87.712211199545 41.968524526613)
O1376455,BICYCLE,6201bacac77aa25754270858cee607b72b734acc9a61d692afd52e82cc6f0aa35b485fe2a694396f20d6f47877fdb91f180b58fbeeaf28dbb2b8e50af53519cd,07/11/2022 01:45:00 PM,M,35.0,HELMET NOT USED,NO ACTION,BIKEWAY,TEST NOT OFFERED,,30,CLEAR,DAYLIGHT,PEDALCYCLIST,DIVIDED - W/MEDIAN (NOT RAISED),STRAIGHT AND LEVEL,DRY,INJURY AND / OR TOW DUE TO CRASH,ARCHER AVE,41.8112465112,-87.708645189,POINT (-87.708645189009 41.811246511152)
O1379576,BICYCLE,3893d321caeeb78d0d622c0292f40bd2f06481bfe1ecd9b5bc6e25cddd67264df3abbf931f3019188b22c87315825c7eca7fd08ba64709231e445a749a46ca41,07/11/2022 10:00:00 AM,F,54.0,BICYCLE HELMET (PEDACYCLIST INVOLVED ONLY),OTHER ACTION,NOT IN ROADWAY,TEST NOT OFFERED,,10,CLEAR,DAYLIGHT,PEDALCYCLIST,DRIVEWAY,STRAIGHT AND LEVEL,DRY,NO INJURY / DRIVE AWAY,CERMAK RD,41.8525552491,-87.6594110619,POINT (-87.659411061912 41.852555249098)
O1376010,BICYCLE,de170c2ef2937302808efe7217d47d163c72d10ce4ad6130167cc2cd96de8343530a4bbfc033d6d2486227ff54be6c66341d63f39855602be7edbdf198ec2bd3,07/10/2022 08:15:00 PM,M,46.0,HELMET NOT USED,OTHER ACTION,BIKE LANE,TEST NOT OFFERED,,35,CLEAR,DAWN,PEDALCYCLIST,NOT DIVIDED,STRAIGHT AND LEVEL,DRY,INJURY AND / OR TOW DUE TO CRASH,AUGUSTA BLVD,41.8994311256,-87.6778053308,POINT (-87.67780533081 41.899431125614)
O1376002,BICYCLE,2d6f6a6443b8773e19db1f2058997ed8af30ea466d3d1d1961ae43418b3d3a5fe24813ab2807b1c29b1d8c985f735d9578f5a2095d5dbd3b049db926a2e6a804,07/10/2022 08:10:00 PM,M,26.0,HELMET NOT USED,OTHER ACTION,BIKE LANE,TEST NOT OFFERED,,30,RAIN,DUSK,PEDALCYCLIST,DIVIDED - W/MEDIAN (NOT RAISED),STRAIGHT AND LEVEL,WET,NO INJURY / DRIVE AWAY,HALSTED ST,41.8546102918,-87.6464030645,POINT (-87.646403064479 41.854610291766)
O1375955,BICYCLE,569631cbbb2fe0218d9696e589124271fd5423ac9836f68f1022b5cc806fbf8b2d07f492f9eb46b4f63f6014992812e247f14e701f919cf8306ebb9842fe3aac,07/10/2022 05:25:00 PM,M,38.0,BICYCLE HELMET (PEDACYCLIST INVOLVED ONLY),WITH TRAFFIC,IN ROADWAY,TEST NOT OFFERED,,30,CLEAR,DAYLIGHT,PEDALCYCLIST,NOT DIVIDED,STRAIGHT AND LEVEL,DRY,INJURY AND / OR TOW DUE TO CRASH,MILWAUKEE AVE,41.9311591839,-87.7105998542,POINT (-87.710599854236 41.931159183862)
O1375686,BICYCLE,88c8a13bf907b88d93a4e90b5e71e05c128aaaebe8c7b04695eddf42a9394dab62a4ce0274999ac78dfbf32ae49a2d010babeb5fe892e7d041eda6ac5b128a9f,07/10/2022 12:00:00 PM,M,42.0,HELMET NOT USED,WITH TRAFFIC,IN ROADWAY,TEST NOT OFFERED,,30,CLEAR,DAYLIGHT,PEDALCYCLIST,NOT DIVIDED,STRAIGHT AND LEVEL,DRY,INJURY AND / OR TOW DUE TO CRASH,KIMBALL AVE,41.9905161326,-87.7141380669,POINT (-87.714138066936 41.990516132573)
O1375838,BICYCLE,92cd8f80581424e62edfc5380a25813112af55674dd9b1e6c85dc03e3aa5d115b6e25d75488949138b5f37cce25ec4a23a106c11d149190128112ffc5aa37475,07/10/2022 11:30:00 AM,M,17.0,BICYCLE HELMET (PEDACYCLIST INVOLVED ONLY),UNKNOWN/NA,UNKNOWN/NA,TEST NOT OFFERED,,25,CLEAR,DAYLIGHT,PEDALCYCLIST,UNKNOWN,STRAIGHT AND LEVEL,DRY,INJURY AND / OR TOW DUE TO CRASH,LAVERGNE AVE,41.9388065876,-87.7519385644,POINT (-87.751938564352 41.938806587559)
O1375544,BICYCLE,25a1c8c7f50fa1c97a5a56829bf9765de3775a0c11bdc8c0460d281733e8b292dbee7c63198c098f34bcec171558fcb1b1ea1e2afdc18600088e08d64d54ee73,07/10/2022 05:40:00 AM,M,36.0,HELMET NOT USED,WITH TRAFFIC,IN ROADWAY,TEST NOT OFFERED,,30,CLEAR,DAYLIGHT,PEDALCYCLIST,"FIVE POINT, OR MORE",STRAIGHT AND LEVEL,DRY,INJURY AND / OR TOW DUE TO CRASH,CICERO AVE,41.9533704789,-87.7471582056,POINT (-87.747158205638 41.953370478911)
O1375347,BICYCLE,2d0bef9978b8d3b5659ef0a532bc7d5f3c15e9ae01535f84708edc9ba27ba2ab457d185897977d332ca6e5ddd21c5342ae16c7757b9511ac1fd2a4f07804b454,07/09/2022 09:03:00 PM,F,30.0,BICYCLE HELMET (PEDACYCLIST INVOLVED ONLY),WITH TRAFFIC,IN ROADWAY,TEST NOT OFFERED,,30,CLEAR,"DARKNESS, LIGHTED ROAD",PEDALCYCLIST,ONE-WAY,STRAIGHT AND LEVEL,DRY,INJURY AND / OR TOW DUE TO CRASH,KEDZIE BLVD,41.9236898367,-87.7073344275,POINT (-87.707334427477 41.923689836739)
O1377196,BICYCLE,291f83ce7456f3e854bfaf285a80b75e74b64d8a815508c40691369792c8d4776a2482e89de18b09894b7e7cdf01f5afb0682c9e9d7929412f4583aeed1da79d,07/09/2022 07:00:00 PM,F,26.0,BICYCLE HELMET (PEDACYCLIST INVOLVED ONLY),CROSSING - NO CONTROLS (AT INTERSECTION),BIKEWAY,TEST NOT OFFERED,,30,CLEAR,DAYLIGHT,PEDALCYCLIST,NOT DIVIDED,STRAIGHT AND LEVEL,DRY,NO INJURY / DRIVE AWAY,WELLS ST,41.9111954195,-87.6348588835,POINT (-87.634858883507 41.911195419487)
O1374786,BICYCLE,93967c7ab7787bb554ce641f99b620f569c3968cb91521b3c44a16ea712cd8e97480c222550d27220de78e66dc9ac2e8b3b4d808b61a92d545f4f5a7f8561e4b,07/09/2022 12:32:00 AM,M,32.0,HELMET NOT USED,CROSSING - WITH SIGNAL,IN ROADWAY,TEST NOT OFFERED,,30,CLEAR,"DARKNESS, LIGHTED ROAD",PEDALCYCLIST,NOT DIVIDED,STRAIGHT AND LEVEL,DRY,NO INJURY / DRIVE AWAY,DAMEN AVE,41.9214221431,-87.6779001087,POINT (-87.677900108728 41.921422143149)
O1374761,BICYCLE,b9ceda4d5e7ba601f176d06098de2ed1dd4dddfefafa1a36b6b2d54bb5624de432655ac69ad035667fc0c6fb716d3edb8ad320d26aa9825dda12ecba8395c865,07/08/2022 07:45:00 PM,M,,HELMET NOT USED,CROSSING - NO CONTROLS (NOT AT INTERSECTION),IN ROADWAY,TEST NOT OFFERED,,30,CLEAR,DUSK,PEDALCYCLIST,NOT DIVIDED,STRAIGHT AND LEVEL,DRY,NO INJURY / DRIVE AWAY,WRIGHTWOOD AVE,41.9288850328,-87.6683353745,POINT (-87.668335374484 41.928885032755)
O1374709,BICYCLE,a0700fda72269b1ea91eec65f8729710048dfa258f15eaea463473b8c36dca93461de82357047702d6d47acfaf4aef9284bb0f2da3866e549cf34ec34813bc25,07/08/2022 07:07:00 PM,M,16.0,HELMET NOT USED,CROSSING - NO CONTROLS (AT INTERSECTION),IN CROSSWALK,TEST NOT OFFERED,,35,CLEAR,DAYLIGHT,PEDALCYCLIST,DIVIDED - W/MEDIAN (NOT RAISED),STRAIGHT AND LEVEL,DRY,INJURY AND / OR TOW DUE TO CRASH,IRVING PARK RD,41.9541091679,-87.6921264435,POINT (-87.692126443527 41.954109167858)
O1374663,BICYCLE,4fc5935cb0b7f345b8c1e61d689edc573342af4f57880ddce0ddd5f27e8da274ed1757200946408fcffed47a3619934f2ef1e6c02d806cc67161ce2a4952bcf7,07/08/2022 06:20:00 PM,M,39.0,HELMET NOT USED,NO ACTION,IN ROADWAY,TEST NOT OFFERED,,30,CLEAR,DAYLIGHT,PEDALCYCLIST,DIVIDED - W/MEDIAN (NOT RAISED),STRAIGHT AND LEVEL,DRY,NO INJURY / DRIVE AWAY,DIVERSEY AVE,41.9322647954,-87.6898955755,POINT (-87.689895575546 41.932264795427)
O1374638,BICYCLE,e89cf5d6aeab9deaa4589f8f8b73610b3cc2854ad86babef970e5c4dad5fea559e25c9718f5883a003d5501ea83cad8da03dd92e14b008b90c45f2e1cb3dea13,07/08/2022 05:50:00 PM,M,24.0,BICYCLE HELMET (PEDACYCLIST INVOLVED ONLY),WITH TRAFFIC,IN ROADWAY,TEST NOT OFFERED,,30,CLOUDY/OVERCAST,DAYLIGHT,PEDALCYCLIST,DIVIDED - W/MEDIAN BARRIER,"CURVE, LEVEL",DRY,INJURY AND / OR TOW DUE TO CRASH,LAKE SHORE DR,41.7303961336,-87.5407727491,POINT (-87.540772749112 41.730396133619)
O1374617,BICYCLE,7926111ab2ec20ea275c9e6942e3086aec9c42b38c74d42c3ddc4be84682471db15aaf736ea2dd42608ae0fea9bb52b436eefac12602eb6430b08e62985300cb,07/08/2022 04:14:00 PM,M,55.0,BICYCLE HELMET (PEDACYCLIST INVOLVED ONLY),CROSSING - CONTROLS PRESENT (NOT AT INTERSECTION),IN CROSSWALK,TEST NOT OFFERED,,30,CLOUDY/OVERCAST,DAYLIGHT,PEDALCYCLIST,DIVIDED - W/MEDIAN (NOT RAISED),STRAIGHT AND LEVEL,DRY,INJURY AND / OR TOW DUE TO CRASH,MONTROSE AVE,41.9614217264,-87.6887469798,POINT (-87.688746979839 41.961421726406)
O1375601,BICYCLE,0139cdd0d4c641d61cfc6156387a648eb99a2a61bd2a6d60910144b09a105adc0fd7249b7e7018f58f4e8cdec70ab367235d8be90ea548c493e62824efdcb287,07/08/2022 02:37:00 PM,F,,BICYCLE HELMET (PEDACYCLIST INVOLVED ONLY),CROSSING - WITH SIGNAL,IN ROADWAY,TEST NOT OFFERED,,30,CLEAR,DAYLIGHT,PEDALCYCLIST,NOT DIVIDED,STRAIGHT AND LEVEL,DRY,INJURY AND / OR TOW DUE TO CRASH,MILWAUKEE AVE,41.9174966079,-87.6887196084,POINT (-87.688719608399 41.917496607937)
O1375213,BICYCLE,598e98d03debece333078b44cf3d0aca78fb9c3c74a11089063f24074da5de57a4011bd4e6fdd6940c43af346df207f40566915789f313e0bcb73d7401b58a64,07/08/2022 01:40:00 PM,M,62.0,HELMET NOT USED,CROSSING - NO CONTROLS (NOT AT INTERSECTION),IN ROADWAY,TEST NOT OFFERED,Y,25,UNKNOWN,UNKNOWN,PEDALCYCLIST,ONE-WAY,STRAIGHT AND LEVEL,UNKNOWN,NO INJURY / DRIVE AWAY,87TH ST,41.7359084057,-87.6474228803,POINT (-87.64742288027 41.735908405707)
O1374478,BICYCLE,d4ab1f3cd105dc362c5a00825e01114e2ec533fa018eee52eff5dc0aa8d0d6942e2b3a7f406924f34215e5084c957e7bcd35e5818b701aa28d6490910c658b0e,07/08/2022 01:15:00 PM,M,38.0,HELMET NOT USED,NO ACTION,BIKE LANE,TEST NOT OFFERED,,30,CLOUDY/OVERCAST,DAYLIGHT,PEDALCYCLIST,UNKNOWN,STRAIGHT AND LEVEL,DRY,INJURY AND / OR TOW DUE TO CRASH,GRAND AVE,41.8918642666,-87.6230434937,POINT (-87.62304349368 41.891864266616)
O1374344,BICYCLE,08c3ca498b3f66b33b6e91aded9164a699962d3cc15fe136dedc961a7476eb2a4df8ef4c2baf4b47ddd43f70c288441b3bbe543c12d4c3a92ccbc478d6185d81,07/08/2022 09:50:00 AM,M,18.0,BICYCLE HELMET (PEDACYCLIST INVOLVED ONLY),WITH TRAFFIC,IN ROADWAY,TEST NOT OFFERED,,30,CLEAR,DAYLIGHT,PEDALCYCLIST,DIVIDED - W/MEDIAN (NOT RAISED),STRAIGHT AND LEVEL,DRY,INJURY AND / OR TOW DUE TO CRASH,FULLERTON AVE,41.924646142,-87.7030103532,POINT (-87.703010353187 41.924646142025)
O1374143,BICYCLE,6a53297e58bb17ed257f416b60e7dc098a3404acc5922a261a351e4461a9d6d793b34656c51089908d4d601ff32152536390ea9136f602a0a4be2d5d46a541f0,07/07/2022 06:52:00 PM,M,20.0,HELMET NOT USED,CROSSING - CONTROLS PRESENT (NOT AT INTERSECTION),IN ROADWAY,"TEST PERFORMED, RESULTS UNKNOWN",,30,CLEAR,DAYLIGHT,PEDALCYCLIST,NOT DIVIDED,STRAIGHT AND LEVEL,DRY,INJURY AND / OR TOW DUE TO CRASH,DEVON AVE,41.99810228,-87.6750271773,POINT (-87.675027177277 41.998102280013)
O1374055,BICYCLE,20265c41f6ec37a4b0bb2467a03b11e9aea2350b937f7a5c3c4d81f57553e9a6a2c37e27de11e0cd5a7ce3bf3b74a16d79bdc44c01cc2d44ddd60b29bc7f3f2e,07/07/2022 04:30:00 PM,M,,HELMET NOT USED,UNKNOWN/NA,UNKNOWN/NA,TEST NOT OFFERED,,25,UNKNOWN,UNKNOWN,PEDALCYCLIST,NOT DIVIDED,STRAIGHT AND LEVEL,UNKNOWN,NO INJURY / DRIVE AWAY,DIVERSEY AVE,41.9315074829,-87.7565456461,POINT (-87.756545646123 41.931507482859)
O1381687,BICYCLE,69bddb630a46d2b693cea84b3321ab4fa09e4716b41e05700b265df9723d1eb49de5dbd24013378c1498eee7d44b5422217fcd93c14ca271deebb3ee1928dfa7,07/07/2022 03:24:00 PM,M,32.0,HELMET NOT USED,WITH TRAFFIC,IN ROADWAY,TEST NOT OFFERED,,30,CLEAR,DAYLIGHT,PEDALCYCLIST,FOUR WAY,STRAIGHT AND LEVEL,DRY,INJURY AND / OR TOW DUE TO CRASH,DIVISION ST,41.9032358152,-87.6675540676,POINT (-87.667554067597 41.9032358152)
O1373860,BICYCLE,8e66964597f6856ca9f47442b17f34884f798a0215d0a95545ecf25a45c3fc4490e76cb37183de63e9d99a45293f7638dd88eb24a4272af7441ca5b7268ae1d6,07/07/2022 12:20:00 PM,M,17.0,HELMET NOT USED,OTHER ACTION,IN CROSSWALK,TEST NOT OFFERED,N,15,CLEAR,DAYLIGHT,PEDALCYCLIST,ALLEY,STRAIGHT AND LEVEL,DRY,INJURY AND / OR TOW DUE TO CRASH,HAMLIN AVE,41.9022280485,-87.7212690626,POINT (-87.721269062636 41.902228048535)
O1374901,BICYCLE,90844a13e1a28cbc82c3dbce7a8e559e926708fa09a4b605d208b42eb20c547e746bf203896c8b335c4cb73d888a9509eb20149128301491d34b2d83cf0db479,07/07/2022 11:30:00 AM,M,20.0,HELMET NOT USED,OTHER ACTION,DRIVEWAY ACCESS,TEST NOT OFFERED,,30,CLEAR,DAYLIGHT,PEDALCYCLIST,OTHER,STRAIGHT AND LEVEL,DRY,INJURY AND / OR TOW DUE TO CRASH,NORTH AVE,41.9099581432,-87.7105653208,POINT (-87.7105653208 41.909958143205)
O1386371,BICYCLE,8517cdc3cc5930afec356d3a518c7eac236b691afb69e88f08706092b6bc4304b89225fa30c3c33f820ec473e2c84039bc0281e0e684f0c20445ae828eb3f1f2,07/06/2022 09:30:00 PM,M,30.0,HELMET NOT USED,WITH TRAFFIC,BIKEWAY,,,30,CLEAR,"DARKNESS, LIGHTED ROAD",PEDALCYCLIST,NOT DIVIDED,STRAIGHT AND LEVEL,DRY,INJURY AND / OR TOW DUE TO CRASH,WELLS ST,41.9076195609,-87.6344575087,POINT (-87.63445750867 41.907619560896)
O1373620,BICYCLE,348b48fad9d10df2ce5a2149668503c1736874be09a294a7d288f0c6cb96d8c775b6821dc273d1e50b2eed92e292a2ace8bafaec4cfe6b0e73c968a16b3ffb0c,07/06/2022 09:02:00 PM,M,24.0,BICYCLE HELMET (PEDACYCLIST INVOLVED ONLY),TURNING LEFT,IN ROADWAY,TEST NOT OFFERED,,30,CLEAR,DAYLIGHT,PEDALCYCLIST,NOT DIVIDED,STRAIGHT AND LEVEL,DRY,NO INJURY / DRIVE AWAY,ADDISON ST,41.9472152493,-87.647368004,POINT (-87.64736800403 41.947215249289)
O1373611,BICYCLE,8b1c3ad417f8ec57f2465fb9f8090d584e314e3e59dc079d616ea61ec7593f06f9f387f2da54db305716dfbccb6c573c78c507999f8cf37c4944909db5734152,07/06/2022 07:30:00 PM,F,26.0,HELMET NOT USED,OTHER ACTION,BIKE LANE,TEST NOT OFFERED,,30,CLEAR,DAYLIGHT,PEDALCYCLIST,T-INTERSECTION,STRAIGHT AND LEVEL,DRY,NO INJURY / DRIVE AWAY,KINZIE ST,41.8891577891,-87.6399859877,POINT (-87.639985987671 41.88915778909)
O1373534,BICYCLE,573e3bd8e5952d9a3be14c916fe8496b660de90f65d90b068c2151e45b1a5bf66f691ce0901cc51757be204bc889543ae21b12fcab32b788021bbbc821756298,07/06/2022 05:50:00 PM,M,,HELMET NOT USED,OTHER ACTION,IN CROSSWALK,TEST NOT OFFERED,,30,CLEAR,DAYLIGHT,PEDALCYCLIST,DIVIDED - W/MEDIAN (NOT RAISED),STRAIGHT AND LEVEL,DRY,NO INJURY / DRIVE AWAY,IRVING PARK RD,41.9536786858,-87.7347438566,POINT (-87.734743856596 41.953678685826)
O1373349,BICYCLE,094d6bd09777c2897d6caff1f8da501cf07b3e05a3d1d638fb15ca0d36a7e6bba930493df8df28ea54d032e5742e75f5b680478646d21c5b6ffb1602200c51cd,07/06/2022 02:30:00 PM,M,14.0,HELMET NOT USED,CROSSING - NO CONTROLS (AT INTERSECTION),IN CROSSWALK,,,30,CLEAR,DAYLIGHT,PEDALCYCLIST,NOT DIVIDED,STRAIGHT AND LEVEL,DRY,INJURY AND / OR TOW DUE TO CRASH,AINSLIE ST,41.9694895733,-87.7675871005,POINT (-87.767587100532 41.969489573328)
O1373447,BICYCLE,56c9697f10356a60c5849dcfd1cd2b542e2d73d314c66c5c64b60e3446958e2817bc0e3fee7228465e839664ffc22e04f951865cac95025f86d2eaad13d2fad2,07/06/2022 01:49:00 PM,M,60.0,HELMET NOT USED,AGAINST TRAFFIC,IN CROSSWALK,TEST NOT OFFERED,,30,CLEAR,DAYLIGHT,PEDALCYCLIST,NOT DIVIDED,STRAIGHT AND LEVEL,DRY,INJURY AND / OR TOW DUE TO CRASH,STONY ISLAND AVE,41.7396972872,-87.5851229064,POINT (-87.585122906387 41.739697287167)
O1373302,BICYCLE,c44426bea91ce747e3044fdb1f971bd769255733881ecf14b9865fd35f8e1f571b3fd08781167f9daf0a0bebca12d3bc4bc2e72b16353a50089ce297f3dcb7cc,07/06/2022 01:40:00 PM,M,50.0,HELMET NOT USED,CROSSING - CONTROLS PRESENT (NOT AT INTERSECTION),IN ROADWAY,TEST NOT OFFERED,,30,CLEAR,DAYLIGHT,PEDALCYCLIST,NOT DIVIDED,STRAIGHT AND LEVEL,DRY,INJURY AND / OR TOW DUE TO CRASH,MADISON ST,41.8802365439,-87.7572203921,POINT (-87.757220392117 41.880236543866)
O1373221,BICYCLE,6b0e01e3475f09f08f95fbc0f42b06669fc070fdbc8ab9db314f6800e20a3d5ad9b8e39235e4de8203f561107e7312019d262249a75f80ea640f98336f3a8e4e,07/06/2022 09:25:00 AM,M,29.0,HELMET NOT USED,AGAINST TRAFFIC,IN ROADWAY,TEST NOT OFFERED,,30,CLOUDY/OVERCAST,DAYLIGHT,PEDALCYCLIST,NOT DIVIDED,STRAIGHT AND LEVEL,OTHER,INJURY AND / OR TOW DUE TO CRASH,WAYNE AVE,41.9858744651,-87.6633625498,POINT (-87.663362549836 41.985874465078)
O1373129,BICYCLE,eb302350db456f4cf1ee96bf5c3401dfc0834fed3ee67913c89688cd5fe3cad1e7b3d082f8f2adef41e552fa1e0df6ab55af3d0fc56ebe4c8d79e164d33a43d7,07/06/2022 08:49:00 AM,F,29.0,BICYCLE HELMET (PEDACYCLIST INVOLVED ONLY),CROSSING - AGAINST SIGNAL,IN ROADWAY,,,30,CLEAR,DAYLIGHT,PEDALCYCLIST,DIVIDED - W/MEDIAN BARRIER,STRAIGHT AND LEVEL,DRY,INJURY AND / OR TOW DUE TO CRASH,IRVING PARK RD,41.953862599,-87.7203222587,POINT (-87.720322258737 41.953862598991)
O1373139,BICYCLE,842a3681699b7a8b61a9a746bed7445f88b9e37821b69d70c2cb4159695207daf5c0e48b65df402b84de8a903886d3d578965d046dde9a3e969804655d632bdf,07/06/2022 08:09:00 AM,M,50.0,BICYCLE HELMET (PEDACYCLIST INVOLVED ONLY),AGAINST TRAFFIC,BIKE LANE,TEST NOT OFFERED,,30,CLEAR,DAYLIGHT,PEDALCYCLIST,NOT DIVIDED,STRAIGHT AND LEVEL,WET,INJURY AND / OR TOW DUE TO CRASH,VINCENNES AVE,41.7562857008,-87.6324066628,POINT (-87.632406662789 41.756285700818)
O1373104,BICYCLE,3a5329561f09ece1d24ce36d021191276e6c9f8610560a1feeab488f8c6b45ea195f655feaf12727414445f05d1269cd61ef0c5e62d75e7edb264df0d18749fe,07/06/2022 07:39:00 AM,M,66.0,HELMET NOT USED,WITH TRAFFIC,UNKNOWN/NA,TEST NOT OFFERED,,30,RAIN,DAYLIGHT,PEDALCYCLIST,ALLEY,STRAIGHT AND LEVEL,WET,INJURY AND / OR TOW DUE TO CRASH,LELAND AVE,41.9666590672,-87.7164091119,POINT (-87.71640911189 41.966659067202)
O1373016,BICYCLE,421c7b22e0c608a11137fd1f981d04055433374760784f3d40698951a7cedcefdc34a4f41e97fdc05c767622acd60d40a2cc92e919116501fc1d44f236164fd4,07/05/2022 10:01:00 PM,F,30.0,HELMET NOT USED,CROSSING - NO CONTROLS (AT INTERSECTION),IN ROADWAY,TEST NOT OFFERED,,30,CLOUDY/OVERCAST,"DARKNESS, LIGHTED ROAD",PEDALCYCLIST,DIVIDED - W/MEDIAN (NOT RAISED),STRAIGHT AND LEVEL,DRY,INJURY AND / OR TOW DUE TO CRASH,MICHIGAN AVE,41.8808901186,-87.624483266,POINT (-87.624483266019 41.88089011864)
O1373039,BICYCLE,99fccfc8b270b4ff3af9bb54fe0c9a7ab859acc2f51c7d6527b8121dceb4eccd26d687396587f90d6f5880b80973c85b08b2673aaa3fb9275faad58d5044c80f,07/05/2022 08:15:00 PM,,,HELMET NOT USED,INTOXICATED PED/PEDAL,IN ROADWAY,,,30,CLEAR,"DARKNESS, LIGHTED ROAD",PEDALCYCLIST,NOT DIVIDED,STRAIGHT AND LEVEL,DRY,NO INJURY / DRIVE AWAY,BELMONT AVE,41.9397723875,-87.6559681707,POINT (-87.6559681707 41.939772387505)
O1372866,BICYCLE,27bf6299cb6ab46ba833e844134484f2ceffeff9fe54d9b36f782c4df20164fce2c6ae3b25e1eabd667ae0ffcc848064f5510d0a32c2d9a94e2d0bca2ac22966,07/05/2022 05:08:00 PM,M,,HELMET NOT USED,OTHER ACTION,UNKNOWN/NA,TEST NOT OFFERED,,30,CLEAR,DAYLIGHT,PEDALCYCLIST,NOT DIVIDED,STRAIGHT AND LEVEL,DRY,NO INJURY / DRIVE AWAY,ARCHER AVE,41.8297307505,-87.6789551255,POINT (-87.678955125488 41.829730750468)
O1372837,BICYCLE,1252f85a2d2fbf08dec553d74fd5ee99812f5ce2b54db394250923fe4f95e9a4453f36bbb4709b48cab11c9d9f3ee16b65f2c4b9b5780206b548e73109342457,07/05/2022 04:30:00 PM,F,43.0,HELMET NOT USED,OTHER ACTION,NOT IN ROADWAY,TEST NOT OFFERED,,30,RAIN,DAYLIGHT,PEDALCYCLIST,ONE-WAY,STRAIGHT AND LEVEL,UNKNOWN,INJURY AND / OR TOW DUE TO CRASH,67TH PL,41.7725294069,-87.586952398,POINT (-87.586952397987 41.772529406944)
O1372728,BICYCLE,0310f1c04d37f97a1648e69b8baef17fe45221ec7b1772641b78edffa9beed5a6e710a08fbba25c706bd50080c00ca1df70883c96081a2c130b21420bd5a7ae6,07/05/2022 01:05:00 PM,F,61.0,HELMET NOT USED,TURNING RIGHT,BIKE LANE,TEST NOT OFFERED,,30,CLEAR,DAYLIGHT,PEDALCYCLIST,UNKNOWN,STRAIGHT AND LEVEL,DRY,NO INJURY / DRIVE AWAY,SOUTH CHICAGO AVE,41.7728015015,-87.6154290822,POINT (-87.615429082211 41.772801501491)
O1372655,BICYCLE,136c8f35158f1a865132051d4cc4ecc3866f03bc9689c544bae206f8b700fc42c2fcb44ad9a76f39f61dd6b85954cd62df1051d7a1d5627a5ab6c3eca10b930a,07/05/2022 01:00:00 PM,M,44.0,HELMET NOT USED,CROSSING - NO CONTROLS (NOT AT INTERSECTION),IN CROSSWALK,TEST NOT OFFERED,,30,CLEAR,DAYLIGHT,PEDALCYCLIST,ONE-WAY,STRAIGHT AND LEVEL,DRY,INJURY AND / OR TOW DUE TO CRASH,GREENVIEW AVE,41.9246510599,-87.6656313936,POINT (-87.665631393577 41.924651059876)
O1372642,BICYCLE,3c3decdf3126f1270711fbbf4a6025d34815935a8fcc62b50d31daa7a7a19048ade93e780edf75710781ed8587d59534660c2a8f2ad6486c35a6f3d68796b699,07/05/2022 12:15:00 PM,,,HELMET NOT USED,OTHER ACTION,IN ROADWAY,,,30,CLEAR,DAYLIGHT,PEDALCYCLIST,FOUR WAY,STRAIGHT AND LEVEL,DRY,NO INJURY / DRIVE AWAY,GRAND AVE,41.8916756338,-87.6356513888,POINT (-87.635651388781 41.891675633763)