PERSON_ID,PERSON_TYPE,CRASH_RECORD_ID,CRASH_DATE_x,SEX,AGE,SAFETY_EQUIPMENT,PEDPEDAL_ACTION,PEDPEDAL_LOCATION,BAC_RESULT,CRASH_DATE_EST_I,POSTED_SPEED_LIMIT,WEATHER_CONDITION,LIGHTING_CONDITION,FIRST_CRASH_TYPE,TRAFFICWAY_TYPE,ALIGNMENT,ROADWAY_SURFACE_COND,CRASH_TYPE,STREET_NAME,LATITUDE,LONGITUDE,LOCATION
O1372721,BICYCLE,b10328920396e7f7da2f1afe95788c63203cc717235f28c4f12f88c3aaeca748845496e409f4abd0a5a5509622363fef7ead0f47149aa3eccd7bf177db10eebd,07/05/2022 11:40:00 AM,M,,BICYCLE HELMET (PEDACYCLIST INVOLVED ONLY),WITH TRAFFIC,IN ROADWAY,TEST NOT OFFERED,,30,CLEAR,DAYLIGHT,PEDALCYCLIST,NOT DIVIDED,STRAIGHT AND LEVEL,DRY,NO INJURY / DRIVE AWAY,GRAND AVE,41.8918001554,-87.6263318662,POINT (-87.626331866183 41.891800155408)
O1372392,BICYCLE,baa37239b676a268008ca49488aa38499e8d05b6ca1b67c0284c0abcb10885b2445a11339b27a8e094f13b476154fda2be2fd423994560a4c90140cf122900d8,07/05/2022 03:15:00 AM,M,62.0,HELMET NOT USED,WITH TRAFFIC,BIKE LANE,TEST NOT OFFERED,,30,RAIN,"DARKNESS, LIGHTED ROAD",PEDALCYCLIST,T-INTERSECTION,STRAIGHT AND LEVEL,WET,INJURY AND / OR TOW DUE TO CRASH,CONSTANCE AVE,41.7514625063,-87.5801967676,POINT (-87.580196767555 41.751462506295)
O1376530,BICYCLE,5de63b915b926d0bcbda868e4402edc5ba4ce47820d7e29c6a718438cda8cea8f2d2cd61b72d91d2b139b45fd51c37df879613fb255a1feebe1b798752ce4b7f,07/04/2022 06:43:00 PM,M,15.0,BICYCLE HELMET (PEDACYCLIST INVOLVED ONLY),CROSSING - NO CONTROLS (AT INTERSECTION),IN ROADWAY,TEST NOT OFFERED,,30,CLEAR,DAWN,PEDALCYCLIST,FOUR WAY,STRAIGHT AND LEVEL,DRY,INJURY AND / OR TOW DUE TO CRASH,70TH ST,41.7673663317,-87.6296666961,POINT (-87.629666696136 41.767366331745)
O1372160,BICYCLE,2911534d43b217985a064d7f660d0de052587d97ebd71cb85ed49b513fea8d178e28c7a4d614a47e5cfa59e878646d64113f2dedb2c7f12d8083192e21e41458,07/04/2022 04:49:00 PM,M,15.0,HELMET NOT USED,AGAINST TRAFFIC,IN CROSSWALK,TEST NOT OFFERED,,30,RAIN,DAYLIGHT,PEDALCYCLIST,T-INTERSECTION,STRAIGHT AND LEVEL,WET,INJURY AND / OR TOW DUE TO CRASH,BELMONT AVE,41.9393703345,-87.7135660217,POINT (-87.713566021709 41.939370334488)
O1372098,BICYCLE,0d90be51a8245f7427d6935beb2c24ce60b41038bdf11589f7ad47b8009d42b6cf35fecbcb4b58e5c853717d02d43185d812a0b345a0a6d6ef726de7a1b77e51,07/04/2022 01:42:00 PM,M,64.0,HELMET NOT USED,WITH TRAFFIC,BIKEWAY,TEST NOT OFFERED,,30,CLEAR,DAYLIGHT,PEDALCYCLIST,NOT DIVIDED,STRAIGHT AND LEVEL,DRY,INJURY AND / OR TOW DUE TO CRASH,LARAMIE AVE,41.8882517862,-87.7555010708,POINT (-87.755501070753 41.888251786153)
O1372055,BICYCLE,6d066754a859885bc3b15b17481b244f75c0e318bfdf9d5548a195c820531d103b6bc97ce96b1101e68f6332a01c6e16c70c652bf1ff6d69961a973c23333ecc,07/04/2022 01:11:00 PM,F,35.0,HELMET NOT USED,CROSSING - WITH SIGNAL,IN ROADWAY,TEST NOT OFFERED,,30,CLEAR,DAYLIGHT,PEDALCYCLIST,ONE-WAY,STRAIGHT AND LEVEL,DRY,INJURY AND / OR TOW DUE TO CRASH,HURON ST,41.8948061741,-87.6257361073,POINT (-87.625736107269 41.89480617407)
O1371926,BICYCLE,57d72fc381f8c48c1569a94d91a6db22e9c1d6eeae19c3c039cfb90619d5df60089daa1a5beb26020514c4901969bd25fca172d74c3ce7eb8ebe36ac6d9d25fb,07/04/2022 06:40:00 AM,M,24.0,HELMET NOT USED,NO ACTION,NOT IN ROADWAY,TEST NOT OFFERED,,30,CLEAR,DAYLIGHT,PEDALCYCLIST,NOT DIVIDED,STRAIGHT AND LEVEL,DRY,INJURY AND / OR TOW DUE TO CRASH,CLARK ST,41.9617007713,-87.6661237237,POINT (-87.666123723744 41.961700771284)
O1373464,BICYCLE,bf28037cfb041348791abee3f0d988a659cca19ffc218f3a25509db23d288b7a8a365b22031cb918b5951646fc037558dda00409207079dcedec5f2e3352f017,07/03/2022 09:18:00 PM,F,30.0,HELMET NOT USED,AGAINST TRAFFIC,IN ROADWAY,TEST NOT OFFERED,,30,CLEAR,DUSK,PEDALCYCLIST,NOT DIVIDED,STRAIGHT AND LEVEL,DRY,INJURY AND / OR TOW DUE TO CRASH,63RD ST,41.7802047116,-87.6205173599,POINT (-87.620517359866 41.780204711571)
O1371654,BICYCLE,fd0aa67a2c5d3faae56d6478aec1b333797b1718d77b11a45e715f654a4593697f2978dbfc213774649d356d82ae7da6ab34b0a8756c97bb54280b86d1a77405,07/03/2022 04:50:00 PM,M,24.0,BICYCLE HELMET (PEDACYCLIST INVOLVED ONLY),UNKNOWN/NA,UNKNOWN/NA,,,30,CLEAR,DAYLIGHT,PEDALCYCLIST,OTHER,STRAIGHT AND LEVEL,DRY,NO INJURY / DRIVE AWAY,BROADWAY,41.9545457769,-87.6506927692,POINT (-87.65069276917 41.954545776938)
O1371657,BICYCLE,a6a2d3b18808803434212e7d9c7446d2e2d44a0efd014d5af8511bab32d22e0b13f6ef1c39beb14a85b0de2b4e6f19c8a21aef3132c9449698e6f042b56f750c,07/03/2022 04:28:00 PM,F,18.0,HELMET NOT USED,TURNING LEFT,IN ROADWAY,TEST NOT OFFERED,,30,CLEAR,DAYLIGHT,PEDALCYCLIST,DIVIDED - W/MEDIAN (NOT RAISED),STRAIGHT ON GRADE,DRY,INJURY AND / OR TOW DUE TO CRASH,CALIFORNIA AVE,41.8518543059,-87.6955913949,POINT (-87.695591394946 41.851854305869)
O1371834,BICYCLE,0d018b89067a46dc500cc2f25acd2f2e461756aa3c03911f08bc3d5ae21fd04e3019e72d6d3b1fda18303d0bba25a7f61b0ea4299df92186f9df8490d1d7db79,07/03/2022 04:00:00 PM,M,69.0,HELMET NOT USED,UNKNOWN/NA,UNKNOWN/NA,TEST NOT OFFERED,,30,CLEAR,DAYLIGHT,PEDALCYCLIST,UNKNOWN,STRAIGHT AND LEVEL,UNKNOWN,INJURY AND / OR TOW DUE TO CRASH,WABANSIA AVE,41.9116616371,-87.7206671563,POINT (-87.720667156294 41.91166163709)
O1371635,BICYCLE,5eb39ba3dc2645ac5e51a9dc0351c7b2c8208687444079befd94d63f807499ebfe8468f91a32b275256ea1a37092dfbdd40596459903d7f08583c3ce142e9805,07/03/2022 03:44:00 PM,M,14.0,HELMET NOT USED,CROSSING - CONTROLS PRESENT (NOT AT INTERSECTION),IN CROSSWALK,TEST NOT OFFERED,,30,CLEAR,DAYLIGHT,PEDALCYCLIST,T-INTERSECTION,STRAIGHT AND LEVEL,DRY,INJURY AND / OR TOW DUE TO CRASH,PRAIRIE AVE,41.7943920855,-87.6193626225,POINT (-87.619362622546 41.794392085533)
O1372065,BICYCLE,649b48a285696ec48bf043731b85a3cbf2a03aa992efccde3016558a2d63ccbc12c78f456f25f1e43903b03d91d1968ffb01f2e5bc694237dcf6c8be190c85ee,07/03/2022 01:15:00 PM,M,48.0,BICYCLE HELMET (PEDACYCLIST INVOLVED ONLY),WITH TRAFFIC,IN ROADWAY,TEST NOT OFFERED,,25,CLEAR,DAYLIGHT,PEDALCYCLIST,ONE-WAY,STRAIGHT AND LEVEL,DRY,INJURY AND / OR TOW DUE TO CRASH,RANDOLPH ST,41.8842491783,-87.6502642121,POINT (-87.650264212141 41.884249178319)
O1371476,BICYCLE,820ff804d9cffc8016fa9f502fff7395de2d7081f8ddcccc722deeb382c0c3c768f61b23683e5660c08a89bf6a69d25089fe68cd5c407f43d3fd68376a877f65,07/03/2022 11:08:00 AM,M,65.0,BICYCLE HELMET (PEDACYCLIST INVOLVED ONLY),CROSSING - WITH SIGNAL,IN CROSSWALK,TEST NOT OFFERED,,30,CLEAR,DAYLIGHT,PEDALCYCLIST,FOUR WAY,STRAIGHT AND LEVEL,DRY,INJURY AND / OR TOW DUE TO CRASH,SHERIDAN RD,42.0191730738,-87.6661662884,POINT (-87.666166288415 42.019173073836)
O1371367,BICYCLE,88aa12da48708f6ac3fe0175acdb29eae75b299d19e74199d8944e9b8a54fad619465cc3b6f234c77298d1803aa3c444c0546a8389d3ade3f16266f92d296242,07/03/2022 05:36:00 AM,M,31.0,HELMET NOT USED,NO ACTION,IN ROADWAY,TEST NOT OFFERED,,30,CLEAR,DAWN,FIXED OBJECT,DIVIDED - W/MEDIAN BARRIER,STRAIGHT AND LEVEL,DRY,INJURY AND / OR TOW DUE TO CRASH,NORTH AVE,41.9110525372,-87.6331169558,POINT (-87.633116955786 41.911052537197)
O1371330,BICYCLE,9d8eb2691cb2132bc9993a9a76847421327bd8701daed9e8c5440baf8b827cbae503d052bc7c1b6f51f32b97cda16afb7197273f2ad41255a56268234015f9e5,07/03/2022 12:30:00 AM,F,30.0,BICYCLE HELMET (PEDACYCLIST INVOLVED ONLY),NO ACTION,BIKEWAY,TEST NOT OFFERED,,30,CLEAR,"DARKNESS, LIGHTED ROAD",PEDALCYCLIST,NOT DIVIDED,STRAIGHT AND LEVEL,DRY,INJURY AND / OR TOW DUE TO CRASH,BELMONT AVE,41.9391292722,-87.7155184473,POINT (-87.715518447313 41.939129272188)
O1371149,BICYCLE,588223aa818696536a219667f9f659b8d90fc39c04542b481352f4fa2511ad6c6e5f817cf9de294acc86327e8cb31df6fa6f83600664eaaa5da2311d6be6c13e,07/02/2022 09:01:00 PM,M,24.0,HELMET NOT USED,ENTER FROM DRIVE/ALLEY,IN ROADWAY,TEST NOT OFFERED,,30,CLEAR,"DARKNESS, LIGHTED ROAD",PEDALCYCLIST,FOUR WAY,STRAIGHT AND LEVEL,DRY,INJURY AND / OR TOW DUE TO CRASH,CICERO AVE,41.8949541461,-87.745952653,POINT (-87.74595265298 41.894954146066)
O1374422,BICYCLE,5494642078a1992e2259872d0b083566152bda77fe1b332561a686b6af3943042fd817c8ab3709930cbf831358d194980b996644b797cbbbf4c80af3003fa5ed,07/02/2022 06:00:00 PM,M,19.0,BICYCLE HELMET (PEDACYCLIST INVOLVED ONLY),WITH TRAFFIC,BIKE LANE,TEST NOT OFFERED,,30,CLEAR,DAYLIGHT,PEDALCYCLIST,DIVIDED - W/MEDIAN (NOT RAISED),STRAIGHT AND LEVEL,DRY,INJURY AND / OR TOW DUE TO CRASH,DIVERSEY AVE,41.9317429656,-87.7219450765,POINT (-87.7219450765 41.931742965567)
O1370949,BICYCLE,be362e133156ddef5e4497c5526265fb5adae93ba69b6da4bde77b5e8c45a3aae0643c85aed539ac2e63b953b5e082be69be13a34cdcb3210e00f5324c7c72d6,07/02/2022 04:00:00 PM,M,19.0,BICYCLE HELMET (PEDACYCLIST INVOLVED ONLY),WITH TRAFFIC,SHOULDER,TEST NOT OFFERED,,30,CLEAR,DAYLIGHT,PEDALCYCLIST,NOT DIVIDED,STRAIGHT AND LEVEL,DRY,INJURY AND / OR TOW DUE TO CRASH,LAKE SHORE DR SB,41.91103585,-87.6261512941,POINT (-87.626151294123 41.91103584996)
O1370917,BICYCLE,7374cc75615bb78028e8aa901dee15fc9052f8e2e6441065bc2a797a0c75576a6fabcf58491405c9f646850e156b418bc2057a5e79d94adf0610a43d3adc8574,07/02/2022 02:34:00 PM,M,18.0,HELMET NOT USED,UNKNOWN/NA,IN ROADWAY,TEST NOT OFFERED,,25,CLEAR,DAYLIGHT,PEDALCYCLIST,NOT DIVIDED,STRAIGHT AND LEVEL,DRY,NO INJURY / DRIVE AWAY,ROCKWELL ST,41.9676010592,-87.6939156792,POINT (-87.693915679189 41.96760105916)
O1370825,BICYCLE,e87fbe63cb3773a293a0c6d8098128b7f71773ba5ec2a7319e9c94f0bf18e3e4a614f4d5384e1378500525c0f9664f3930272c127f97a2d2efc7855fd90cf03a,07/02/2022 12:20:00 PM,M,36.0,BICYCLE HELMET (PEDACYCLIST INVOLVED ONLY),NO ACTION,UNKNOWN/NA,TEST NOT OFFERED,,30,CLEAR,DAYLIGHT,PEDALCYCLIST,DIVIDED - W/MEDIAN (NOT RAISED),STRAIGHT AND LEVEL,DRY,INJURY AND / OR TOW DUE TO CRASH,HALSTED ST,41.7541793482,-87.6442806962,POINT (-87.644280696154 41.754179348229)
O1376667,BICYCLE,a27caff19fdb3d9d1634955feae8d8ec3fb9338d2124bab13e3c703166b99a59685ea08de896e2b64d8accb25c61986b63aa8b2703a7757134e49208a88e82d5,07/02/2022 11:46:00 AM,M,36.0,HELMET NOT USED,WITH TRAFFIC,BIKE LANE,TEST NOT OFFERED,,35,UNKNOWN,UNKNOWN,PEDALCYCLIST,FOUR WAY,STRAIGHT AND LEVEL,UNKNOWN,NO INJURY / DRIVE AWAY,HALSTED ST,41.7541841164,-87.6439875826,POINT (-87.6439875826 41.754184116426)
O1370723,BICYCLE,bdf1205d04fd768c59ffe4160ddbbdb4877ddf0e9f851a71b545013fd6d383e4be4b736b29ebba8aebf88fb614962ae68a17ea254e4e75abae0a10ac0023176a,07/02/2022 08:35:00 AM,M,26.0,BICYCLE HELMET (PEDACYCLIST INVOLVED ONLY),CROSSING - NO CONTROLS (AT INTERSECTION),IN ROADWAY,TEST NOT OFFERED,,30,CLEAR,DAYLIGHT,PEDALCYCLIST,T-INTERSECTION,STRAIGHT AND LEVEL,DRY,INJURY AND / OR TOW DUE TO CRASH,52ND ST,41.8009182886,-87.5875832037,POINT (-87.587583203731 41.800918288622)
O1370582,BICYCLE,70acdb2304f13f9a5db86bf11a5e1d474188f0385943febcecc5d11143170b09b8293f5e71a94139ee86878d3c4d2d0dd9b4d4f9c7780a78ac87ee5b6efa5976,07/02/2022 12:20:00 AM,F,34.0,HELMET NOT USED,WITH TRAFFIC,BIKEWAY,TEST NOT OFFERED,,30,CLEAR,"DARKNESS, LIGHTED ROAD",PEDALCYCLIST,DIVIDED - W/MEDIAN (NOT RAISED),STRAIGHT AND LEVEL,DRY,INJURY AND / OR TOW DUE TO CRASH,18TH ST,41.8580445851,-87.657591914,POINT (-87.657591914044 41.858044585109)
O1370447,BICYCLE,e02f041040a93e1dfc1c72deeba08cab5ddd7959c5b1c98bb8477a1c53fd6a0d876696bf82ae66505577bf00464b84048308e9f2cec40373696511f469c0501e,07/01/2022 04:44:00 PM,M,14.0,HELMET NOT USED,CROSSING - NO CONTROLS (NOT AT INTERSECTION),NOT IN ROADWAY,TEST NOT OFFERED,,30,CLEAR,DAYLIGHT,PEDALCYCLIST,PARKING LOT,STRAIGHT AND LEVEL,DRY,INJURY AND / OR TOW DUE TO CRASH,HARLEM AVE,42.0112330922,-87.8067887784,POINT (-87.806788778364 42.011233092203)
O1370428,BICYCLE,5f37f903c1df58930b0f46273c57dc3df20339a5793950d6b662fbf74bcd83305fa497a1feffa93012acca78a4b19cc1a304dd6ecef23c2fa6f11c55869cd075,07/01/2022 03:30:00 PM,M,32.0,HELMET NOT USED,WITH TRAFFIC,BIKE LANE,TEST NOT OFFERED,,30,CLEAR,DAYLIGHT,PEDALCYCLIST,UNKNOWN INTERSECTION TYPE,STRAIGHT AND LEVEL,DRY,INJURY AND / OR TOW DUE TO CRASH,ELSTON AVE,41.9432391992,-87.7036980324,POINT (-87.703698032362 41.943239199161)
O1370230,BICYCLE,e7a15d28f67ab5cc56f9dd741d2a3551cdf5ca976d52f3104209d82c9540c29f234241c89a5af334a5f207494803633be51ef03f0780edb24ffd8a8300b5d40f,07/01/2022 01:10:00 PM,M,53.0,BICYCLE HELMET (PEDACYCLIST INVOLVED ONLY),WITH TRAFFIC,IN ROADWAY,TEST NOT OFFERED,,20,CLEAR,DAYLIGHT,PEDALCYCLIST,NOT DIVIDED,STRAIGHT AND LEVEL,DRY,INJURY AND / OR TOW DUE TO CRASH,ARGYLE ST,41.9733683858,-87.6588819695,POINT (-87.658881969524 41.973368385843)
O1380868,BICYCLE,733f590163faa83adfd4eb52ca1e945af48909c810907049f1b5a06b39e26240fac3f0533f49aec3f03139e81ee073b300eaf623bc6d0cf0e895e35ce18da0c4,07/01/2022 11:24:00 AM,F,27.0,BICYCLE HELMET (PEDACYCLIST INVOLVED ONLY),UNKNOWN/NA,UNKNOWN/NA,TEST NOT OFFERED,,30,CLEAR,DAYLIGHT,PEDALCYCLIST,T-INTERSECTION,STRAIGHT AND LEVEL,DRY,INJURY AND / OR TOW DUE TO CRASH,CLARK ST,41.9278338177,-87.6416588091,POINT (-87.641658809105 41.927833817665)
O1370105,BICYCLE,6ca2a66102cdfff5f229591bb6e696d37e04a33ee2e8c75e61d1096c6f237345e12552f77accfb8f5ac4c572c6c047840d9086df8c27709a70cb351c41b2160c,07/01/2022 08:50:00 AM,M,72.0,HELMET NOT USED,CROSSING - CONTROLS PRESENT (NOT AT INTERSECTION),IN CROSSWALK,TEST NOT OFFERED,,30,CLEAR,DAYLIGHT,PEDALCYCLIST,NOT DIVIDED,STRAIGHT AND LEVEL,DRY,INJURY AND / OR TOW DUE TO CRASH,ARDMORE AVE,41.9873864742,-87.6597615396,POINT (-87.659761539641 41.987386474166)
O1369863,BICYCLE,78aa5569d6abbc17d2b6b4949481c802a50fedac1d650d3865e12a0a5c7a36e95593017217e4bf0cd87856a7590c6ddb4868c15a0fe50f1f2f245a713fbfc528,06/30/2022 07:20:00 PM,M,,HELMET NOT USED,UNKNOWN/NA,UNKNOWN/NA,TEST NOT OFFERED,,25,CLEAR,DAYLIGHT,PEDALCYCLIST,ALLEY,STRAIGHT AND LEVEL,UNKNOWN,NO INJURY / DRIVE AWAY,CENTRAL AVE,41.9305893949,-87.7660741209,POINT (-87.76607412094 41.930589394852)
O1369839,BICYCLE,8fd68b2d88f51343715f2020012160188fcf6e2c3ab2da9390152415fa7d2ed842e2d29b6cad26e51eedeea6846cf55eb77a18d18e18051ca3545aa0c34d444b,06/30/2022 05:55:00 PM,F,49.0,HELMET NOT USED,CROSSING - WITH SIGNAL,IN ROADWAY,TEST NOT OFFERED,,30,CLEAR,DAYLIGHT,PEDALCYCLIST,TRAFFIC ROUTE,STRAIGHT AND LEVEL,DRY,INJURY AND / OR TOW DUE TO CRASH,GRAND AVE,41.891074309,-87.6476705556,POINT (-87.64767055558 41.891074309011)
O1369643,BICYCLE,881f457e3ddc18527ff853a9c41dbe8c2ce2d8e8ced08d3af37f224db09e61d6f017517113cdf47a68e0b41b5ee812f13164a848f3cb78d79f345e58de3a2044,06/30/2022 03:50:00 PM,M,15.0,HELMET NOT USED,WITH TRAFFIC,IN ROADWAY,TEST NOT OFFERED,,30,CLEAR,DAYLIGHT,PEDALCYCLIST,FOUR WAY,STRAIGHT AND LEVEL,DRY,INJURY AND / OR TOW DUE TO CRASH,PULASKI RD,41.9352792697,-87.7269287767,POINT (-87.72692877666 41.935279269725)
O1387727,BICYCLE,797605dbfca19f3d22ed626d8b76c6f1cb00372b6d167dd3062c7a5e90dcfa2524d4b0df9eaa35aabcdcdb059e384f63105c48c31239e6d50b9f3eb2f0b13fea,06/30/2022 01:01:00 PM,M,25.0,BICYCLE HELMET (PEDACYCLIST INVOLVED ONLY),WITH TRAFFIC,IN ROADWAY,TEST NOT OFFERED,,30,CLEAR,DAYLIGHT,PEDALCYCLIST,NOT DIVIDED,STRAIGHT AND LEVEL,DRY,INJURY AND / OR TOW DUE TO CRASH,DEVON AVE,41.9978100419,-87.6917592773,POINT (-87.691759277311 41.997810041873)
O1369158,BICYCLE,af5c2871588f5b003251ef6979554171c3ac719cb182245f2ad9c84f7aafc503c21a3068322c81fb389ed55b3521d61b436f347be7e7385d138b4dafcd01a4bd,06/29/2022 07:16:00 PM,F,50.0,BICYCLE HELMET (PEDACYCLIST INVOLVED ONLY),WITH TRAFFIC,BIKE LANE,TEST NOT OFFERED,,30,CLEAR,DAYLIGHT,PEDALCYCLIST,NOT DIVIDED,STRAIGHT AND LEVEL,DRY,INJURY AND / OR TOW DUE TO CRASH,DAMEN AVE,41.9091875721,-87.6775767379,POINT (-87.677576737949 41.90918757212)
O1369191,BICYCLE,0a7b4b5795235447e40424ee1667b8501239995312bbbabd15eead05dea3c1fa9b5ea682b318bd48e408bf3a7e56df6348ccd5db46b40bcdfbfe07a52b07f497,06/29/2022 07:07:00 PM,M,14.0,BICYCLE HELMET (PEDACYCLIST INVOLVED ONLY),WITH TRAFFIC,IN ROADWAY,TEST NOT OFFERED,,15,CLEAR,DAYLIGHT,PEDALCYCLIST,ALLEY,STRAIGHT AND LEVEL,DRY,INJURY AND / OR TOW DUE TO CRASH,TRIPP AVE,41.9190023931,-87.732881779,POINT (-87.73288177898 41.919002393131)
O1369057,BICYCLE,dfdec17329670c8213aea9747e6cf0d7cbb383b5bdc6c05f6c6e063c880917d22ec4066c9e8e92f159a2157ea6e2ddb894d00586f3e34fd052417f914624fc83,06/29/2022 05:12:00 PM,M,36.0,HELMET NOT USED,WITH TRAFFIC,IN ROADWAY,TEST NOT OFFERED,,30,CLEAR,DAYLIGHT,PEDALCYCLIST,NOT DIVIDED,STRAIGHT AND LEVEL,DRY,INJURY AND / OR TOW DUE TO CRASH,SHEFFIELD AVE,41.9270254906,-87.6535174265,POINT (-87.653517426528 41.927025490634)
O1369015,BICYCLE,3adddcbdf1960a1e1fa3fd45d0ea2eb59d4688425b01d07937fab38cf9103cbd886273031c46d1a443cc1fb84379de265726a6abd63dfa80c60393837ed1ee83,06/29/2022 04:59:00 PM,F,37.0,BICYCLE HELMET (PEDACYCLIST INVOLVED ONLY),WITH TRAFFIC,BIKE LANE,TEST NOT OFFERED,,30,CLEAR,DAYLIGHT,PEDALCYCLIST,NOT DIVIDED,STRAIGHT AND LEVEL,DRY,INJURY AND / OR TOW DUE TO CRASH,WELLS ST,41.9080785856,-87.6344692303,POINT (-87.634469230335 41.908078585623)
O1368999,BICYCLE,df4cdd29938091262d3fc0c55283533fe299a7860009d8ca0d6c7e7a41694766086c9062a40fa1b362baa186ff88385fe38d3acd5d1cbdd13c8e32729df47d36,06/29/2022 03:15:00 PM,M,,BICYCLE HELMET (PEDACYCLIST INVOLVED ONLY),OTHER ACTION,BIKEWAY,TEST NOT OFFERED,,30,CLEAR,DAYLIGHT,PEDALCYCLIST,OTHER,STRAIGHT AND LEVEL,DRY,NO INJURY / DRIVE AWAY,LAKE SHORE DR,41.7901163843,-87.5787914526,POINT (-87.578791452563 41.790116384277)
O1368875,BICYCLE,01ec8e950dbc4304fb2a1402ddccc1f543d01f394c0566bbad1206e53799d651d341eb6e898a77e9209d1f74cee496e9ca84e4260462e777f82903041c5a6444,06/29/2022 02:15:00 PM,M,,HELMET NOT USED,CROSSING - NO CONTROLS (AT INTERSECTION),IN CROSSWALK,TEST NOT OFFERED,,30,CLEAR,DAYLIGHT,PEDALCYCLIST,NOT DIVIDED,STRAIGHT AND LEVEL,DRY,NO INJURY / DRIVE AWAY,HOYNE AVE,41.7720012369,-87.6762966869,POINT (-87.676296686892 41.772001236941)
O1368906,BICYCLE,013b1321a43476a8e3f74059284922d0866a6940edc56f316776982d8316abd8773bff83c31681069125a579bde84454c2470c7ac02a45074a97aa7ace5bef09,06/29/2022 02:00:00 PM,M,38.0,BICYCLE HELMET (PEDACYCLIST INVOLVED ONLY),WITH TRAFFIC,BIKEWAY,TEST NOT OFFERED,,30,CLEAR,DAYLIGHT,PEDALCYCLIST,NOT DIVIDED,STRAIGHT AND LEVEL,DRY,INJURY AND / OR TOW DUE TO CRASH,LINCOLN AVE,41.9274245487,-87.6517403393,POINT (-87.651740339332 41.927424548689)
O1368857,BICYCLE,4e992606f73c0d47b3e8d23bb9de22ba540deadd48bc863215dfef97742905c34cd71ef1fc5020d5d9be40a7491f52d883e5265d3292fc5e99351894c369a748,06/29/2022 01:27:00 PM,M,64.0,HELMET NOT USED,NOT AT INTERSECTION,IN ROADWAY,TEST NOT OFFERED,,30,CLEAR,DAYLIGHT,PEDALCYCLIST,CENTER TURN LANE,STRAIGHT AND LEVEL,DRY,INJURY AND / OR TOW DUE TO CRASH,PRATT BLVD,42.0049114866,-87.6907838232,POINT (-87.690783823174 42.004911486629)
O1368970,BICYCLE,ed0e6c5f96ccef825e5e0210872625421af9c41fef97899e6095b221e3b3b10cf73fe466a369723e864678568f615f951015758a2462ab86abb9263343478872,06/29/2022 01:17:00 PM,M,,HELMET NOT USED,AGAINST TRAFFIC,DRIVEWAY ACCESS,TEST NOT OFFERED,,30,CLEAR,DAYLIGHT,PEDALCYCLIST,DRIVEWAY,STRAIGHT AND LEVEL,DRY,NO INJURY / DRIVE AWAY,STONY ISLAND AVE,41.7637845138,-87.5857174377,POINT (-87.585717437724 41.763784513777)
O1368727,BICYCLE,0b4273722a1d2fcc16a650a797033b0e37264885e301a24f6f6ddd274b2a0821c39c809905318be42c7671130790ff5164f25f96f4b7572e64f32913ebcb9670,06/29/2022 10:30:00 AM,M,54.0,HELMET NOT USED,WITH TRAFFIC,IN ROADWAY,TEST NOT OFFERED,,20,CLEAR,DAYLIGHT,PEDALCYCLIST,ONE-WAY,STRAIGHT AND LEVEL,DRY,INJURY AND / OR TOW DUE TO CRASH,MENARD AVE,41.8970590618,-87.7701908419,POINT (-87.770190841871 41.897059061808)
O1368677,BICYCLE,ec91d0fce42872410d0a5ca91e94903749923494047867196f280a08cb1da5056dae8aa5eb5c18b42921c21cf2ca3c3066bd85f16663834b186c97e464584ed2,06/29/2022 09:20:00 AM,M,,BICYCLE HELMET (PEDACYCLIST INVOLVED ONLY),OTHER ACTION,DRIVEWAY ACCESS,TEST NOT OFFERED,,30,CLEAR,DAYLIGHT,PEDALCYCLIST,ALLEY,STRAIGHT AND LEVEL,DRY,NO INJURY / DRIVE AWAY,CHESTNUT ST,41.8980741762,-87.6356646968,POINT (-87.635664696821 41.898074176178)
O1368812,BICYCLE,7a3add2d9957181b4450919c027e36f1cb6598648d56e5de2edb2f11d6a956a56732f4b958476215d6e686a0727b0623b99c693ca763690cd5fa60309706f61f,06/29/2022 09:00:00 AM,M,24.0,HELMET NOT USED,WITH TRAFFIC,BIKEWAY,TEST NOT OFFERED,,30,CLEAR,DAYLIGHT,PEDALCYCLIST,DIVIDED - W/MEDIAN (NOT RAISED),STRAIGHT AND LEVEL,UNKNOWN,INJURY AND / OR TOW DUE TO CRASH,HALSTED ST,41.8874113617,-87.6476725317,POINT (-87.647672531697 41.887411361659)
O1369061,BICYCLE,372c05b8748b54e6a1194581cabafcd6d91a9fbeb396c9fa4f0dd30c126f4f65cb4913d60e774cf07769d72f8b8d3f97154cbef5988ba1bb889164257f75f262,06/28/2022 08:15:00 PM,M,28.0,HELMET NOT USED,TURNING RIGHT,IN ROADWAY,TEST NOT OFFERED,Y,30,UNKNOWN,UNKNOWN,PEDALCYCLIST,DIVIDED - W/MEDIAN (NOT RAISED),STRAIGHT AND LEVEL,UNKNOWN,NO INJURY / DRIVE AWAY,OAK ST,41.9006472539,-87.6275474141,POINT (-87.627547414115 41.900647253926)