PERSON_ID,PERSON_TYPE,CRASH_RECORD_ID,CRASH_DATE_x,SEX,AGE,SAFETY_EQUIPMENT,PEDPEDAL_ACTION,PEDPEDAL_LOCATION,BAC_RESULT,CRASH_DATE_EST_I,POSTED_SPEED_LIMIT,WEATHER_CONDITION,LIGHTING_CONDITION,FIRST_CRASH_TYPE,TRAFFICWAY_TYPE,ALIGNMENT,ROADWAY_SURFACE_COND,CRASH_TYPE,STREET_NAME,LATITUDE,LONGITUDE,LOCATION
O1368502,BICYCLE,6761413e1d34a02ef0b2f57a02975779603740b143fad583e0bd564950fc8fd3fa671df9f06425e72dcbb74ce9364cfda84b4be8dadd49a411468602f8354594,06/28/2022 07:57:00 PM,M,43.0,HELMET NOT USED,WITH TRAFFIC,IN ROADWAY,,,30,CLEAR,DAYLIGHT,PEDALCYCLIST,FOUR WAY,STRAIGHT AND LEVEL,DRY,INJURY AND / OR TOW DUE TO CRASH,ADDISON ST,41.9474264204,-87.649540425,POINT (-87.649540424981 41.9474264204)
O1368437,BICYCLE,8bb08de6b4b5d930bfda74a8ff9e5b64dbb314d908ea656f87340a41d71fa0709a249cf048a3c5522e1b81286be67dadb176595d858471495e587d2c55274934,06/28/2022 06:49:00 PM,M,29.0,HELMET NOT USED,WITH TRAFFIC,IN ROADWAY,TEST NOT OFFERED,,25,CLEAR,DAYLIGHT,PEDALCYCLIST,NOT DIVIDED,STRAIGHT AND LEVEL,DRY,NO INJURY / DRIVE AWAY,BELMONT AVE,41.9398626631,-87.6645463694,POINT (-87.664546369366 41.939862663062)
O1369356,BICYCLE,c67673eb9d8e6651001ee5a172de7042f652f77e0d05a864ed27ae884870f0f37d563a55b9f86e228db8c1b49e031ec38eac02bd31cc78a16cb670066ea79eb6,06/28/2022 06:15:00 PM,M,26.0,BICYCLE HELMET (PEDACYCLIST INVOLVED ONLY),WITH TRAFFIC,BIKE LANE,TEST NOT OFFERED,,30,CLEAR,DAYLIGHT,PEDALCYCLIST,NOT DIVIDED,STRAIGHT AND LEVEL,UNKNOWN,NO INJURY / DRIVE AWAY,WELLS ST,41.9108451894,-87.6345541152,POINT (-87.634554115232 41.910845189402)
O1368376,BICYCLE,aecd25b25b3a57bc7bc360e40d2c091b63d9007b598c61b9a6a9341f0542bb798169e0b7a098ef35082e089dd74009c2cff619c02fe726cc21f61b2f80ad66ba,06/28/2022 05:40:00 PM,M,12.0,HELMET NOT USED,TURNING LEFT,IN ROADWAY,TEST NOT OFFERED,,30,CLEAR,DAYLIGHT,PEDALCYCLIST,NOT DIVIDED,STRAIGHT AND LEVEL,DRY,INJURY AND / OR TOW DUE TO CRASH,DIVERSEY AVE,41.9309776791,-87.7795484381,POINT (-87.779548438057 41.93097767915)
O1368246,NON-MOTOR VEHICLE,62735e920f4f9d4e4c759b7ab052a63cab9d89d50acc877247421242cd06dce79ae82d8e97d187ebe31a6706e6d7a0eca16adbb550f914640d529643d3e58fba,06/28/2022 03:40:00 PM,F,35.0,NONE PRESENT,OTHER ACTION,IN ROADWAY,TEST NOT OFFERED,,15,CLEAR,DAYLIGHT,OTHER OBJECT,PARKING LOT,STRAIGHT AND LEVEL,DRY,NO INJURY / DRIVE AWAY,CLYBOURN AVE,41.9310210058,-87.6768640181,POINT (-87.676864018134 41.931021005798)
O1369471,BICYCLE,6a322ad50e2238a6be4148076e491e9ebb20bbb7988ea9762ecf183aabdeb9f1719974dc4082ee55fe5c0775a5eb5bf9a5f8c7c238f3bef794e273509b7da0e2,06/28/2022 02:07:00 PM,M,32.0,HELMET NOT USED,OTHER ACTION,IN CROSSWALK,TEST NOT OFFERED,,30,CLEAR,DAYLIGHT,PEDALCYCLIST,CENTER TURN LANE,STRAIGHT AND LEVEL,DRY,NO INJURY / DRIVE AWAY,WALLACE ST,41.82343237,-87.6412078889,POINT (-87.641207888873 41.823432370008)
O1368134,NON-MOTOR VEHICLE,f19967499e2f8e6c59f5498bea024fb3783aadfa8078765ecb4dfc700054b583ef121e69663a1cc44c69d1476d435cc4c4ddf33d225c72f7cbe7f3cb7e36e1ec,06/28/2022 11:24:00 AM,M,0.0,NONE PRESENT,NO ACTION,IN ROADWAY,TEST NOT OFFERED,,35,CLEAR,UNKNOWN,OTHER OBJECT,PARKING LOT,STRAIGHT AND LEVEL,DRY,NO INJURY / DRIVE AWAY,113TH ST,41.6891887102,-87.6145512904,POINT (-87.614551290445 41.689188710241)
O1368074,BICYCLE,1b114f5877b79c77a1acbdbab86d6da5bba60debd73949b2272b13e612e5cb3ba4c62ed3074803d480c729183bbaca5c8c8660b3b8469989b4df716ff70fa53d,06/28/2022 11:03:00 AM,M,,HELMET NOT USED,UNKNOWN/NA,IN CROSSWALK,TEST NOT OFFERED,,35,CLEAR,DAYLIGHT,PEDALCYCLIST,T-INTERSECTION,STRAIGHT AND LEVEL,DRY,NO INJURY / DRIVE AWAY,95TH ST,41.7216863041,-87.6347082334,POINT (-87.634708233448 41.721686304073)
O1369479,BICYCLE,d09479ee1a7788f8607b82e58d7899dcde169ada0a390764b959e8bbab5f5b4c591b11dffbfb22cc6475e9d661c9e0cc34bb8c02a3f20effcea7d4613bdb4dac,06/28/2022 11:00:00 AM,F,26.0,BICYCLE HELMET (PEDACYCLIST INVOLVED ONLY),OTHER ACTION,BIKE LANE,TEST NOT OFFERED,,10,CLEAR,DAYLIGHT,PEDALCYCLIST,OTHER,STRAIGHT AND LEVEL,DRY,INJURY AND / OR TOW DUE TO CRASH,ELSTON AVE,41.9312664548,-87.6862720477,POINT (-87.6862720477 41.931266454777)
O1368465,BICYCLE,5519cab37fefeb6627090f4ecd0fad462ec9776daa8698f76fa1f46d1d1965adad6cb5998b92dc21ddef1cebb4128c959381631134268a50e3ddcc28ab986875,06/28/2022 08:45:00 AM,M,28.0,HELMET NOT USED,WITH TRAFFIC,BIKE LANE,TEST NOT OFFERED,,30,CLEAR,DAYLIGHT,PEDALCYCLIST,NOT DIVIDED,STRAIGHT AND LEVEL,DRY,INJURY AND / OR TOW DUE TO CRASH,MILWAUKEE AVE,41.9064291205,-87.6715142146,POINT (-87.671514214551 41.906429120514)
O1368054,BICYCLE,66858b316907fbd2cd723ea0a31010a7cb8a32ae51b351f9a2484067636b85531fdd30c73085e87a19f1094d20d061431dd754be7fd02deef87070431418c325,06/28/2022 08:30:00 AM,M,25.0,HELMET NOT USED,TURNING RIGHT,IN ROADWAY,TEST NOT OFFERED,,30,CLEAR,DAYLIGHT,PEDALCYCLIST,NOT DIVIDED,STRAIGHT AND LEVEL,DRY,INJURY AND / OR TOW DUE TO CRASH,PRATT BLVD,42.0056479847,-87.6610587223,POINT (-87.661058722319 42.005647984688)
O1367943,BICYCLE,3f3c4397bd274bcca6d9f84116b6a155e424bedc7e2074eda59f4ad7636fa4a3877d2f01b6b12459861ff04965808378dc801a50ff762df7d63d4e38eb5b1dc8,06/27/2022 11:05:00 PM,M,34.0,HELMET NOT USED,UNKNOWN/NA,DRIVEWAY ACCESS,TEST NOT OFFERED,,35,CLEAR,DARKNESS,PEDALCYCLIST,NOT DIVIDED,STRAIGHT AND LEVEL,DRY,INJURY AND / OR TOW DUE TO CRASH,SUNNYSIDE AVE,41.9623051537,-87.762268923,POINT (-87.76226892303 41.962305153712)
O1367875,BICYCLE,0fef1f5134da62f91f481d594b8814312698abaaf0fe24c69b9b7221046210dd62dfd35e92a8d1720f8070184a153fa06cb34c2541c768b542d6d736602957d8,06/27/2022 09:00:00 PM,F,21.0,HELMET NOT USED,CROSSING - NO CONTROLS (NOT AT INTERSECTION),IN ROADWAY,TEST NOT OFFERED,,30,CLEAR,"DARKNESS, LIGHTED ROAD",PEDALCYCLIST,ALLEY,STRAIGHT AND LEVEL,DRY,INJURY AND / OR TOW DUE TO CRASH,NATCHEZ AVE,41.932892418,-87.7880494811,POINT (-87.788049481112 41.93289241804)
O1367864,BICYCLE,86388ed9475f8ca66e49ad7f89990bf00c44d432438b2e903eaed82592cc11285ccca1e4f6f94bd9ddac5fff03e58fbc55c14d5691baadc049d6b656960b5d0a,06/27/2022 08:15:00 PM,M,32.0,HELMET NOT USED,WITH TRAFFIC,BIKE LANE,TEST NOT OFFERED,,30,CLEAR,DUSK,PEDALCYCLIST,NOT DIVIDED,STRAIGHT AND LEVEL,DRY,INJURY AND / OR TOW DUE TO CRASH,SOUTHPORT AVE,41.9438456011,-87.6637819346,POINT (-87.663781934613 41.943845601126)
O1367838,BICYCLE,dc7c0a9888693a6b7eb8410fccca6d0ebb92d05855c41ccff7a5b0d2a333406ae8a0717cd3d1206ec64262f994a287a03d66569ffb1fdaf021832058a08ff18e,06/27/2022 07:09:00 PM,M,29.0,BICYCLE HELMET (PEDACYCLIST INVOLVED ONLY),WITH TRAFFIC,IN ROADWAY,TEST NOT OFFERED,,30,CLEAR,DAYLIGHT,PEDALCYCLIST,OTHER,STRAIGHT AND LEVEL,DRY,NO INJURY / DRIVE AWAY,KARLOV AVE,41.9062029167,-87.7290104717,POINT (-87.729010471728 41.90620291669)
O1367853,BICYCLE,c20df103d10597466e17224edfcb8ef163b624d0f99d1ca8fe0a7110a217ae7298db0649f423fe35c158385d350a558341cbe96ec28beb5f04d2e232d6c6c892,06/27/2022 06:51:00 PM,F,15.0,HELMET NOT USED,CROSSING - AGAINST SIGNAL,IN ROADWAY,TEST NOT OFFERED,,30,CLEAR,DAYLIGHT,PEDALCYCLIST,NOT REPORTED,STRAIGHT AND LEVEL,UNKNOWN,INJURY AND / OR TOW DUE TO CRASH,FULLERTON AVE,41.925344912,-87.6486975835,POINT (-87.648697583469 41.925344912018)
O1367737,BICYCLE,41b9124731f8d8989c9a1df4710845b864d29f9e05a99300b21bf6ad5cbb737a7b7a6aa6a9dfaf718051a578edfa5a40291a8d1c3592e5f1b0bb66db6f7feb5e,06/27/2022 05:08:00 PM,M,8.0,HELMET NOT USED,NOT AT INTERSECTION,IN ROADWAY,,,30,CLEAR,DAYLIGHT,PEDALCYCLIST,NOT DIVIDED,STRAIGHT AND LEVEL,DRY,INJURY AND / OR TOW DUE TO CRASH,LANGLEY AVE,41.6570662946,-87.6052801158,POINT (-87.60528011579 41.657066294567)
O1373298,BICYCLE,b55109e0c80d6a42a20bf5d7c87fc0a3c5b3c017af25061ce4367df4c1b86e6a10173496c8af3d5b2c2920b3690052562d64f43585cca526a636c521a345fb10,06/27/2022 03:30:00 PM,M,62.0,BICYCLE HELMET (PEDACYCLIST INVOLVED ONLY),NO ACTION,IN ROADWAY,TEST NOT OFFERED,,25,CLEAR,DAYLIGHT,PEDALCYCLIST,DIVIDED - W/MEDIAN (NOT RAISED),STRAIGHT AND LEVEL,DRY,INJURY AND / OR TOW DUE TO CRASH,FRANKLIN ST,41.8923301615,-87.6354480705,POINT (-87.635448070466 41.892330161479)
O1367461,BICYCLE,30e57551e58e627f82448f7ffa0e1c7f174bf67a8a3cd527e555be81e6b3226b1bcb866b6d6d07bf589565df95253458133e95a9b078e83d9dc8aafa87b71d29,06/27/2022 12:30:00 PM,F,29.0,BICYCLE HELMET (PEDACYCLIST INVOLVED ONLY),TURNING LEFT,IN ROADWAY,TEST NOT OFFERED,,30,CLEAR,DAYLIGHT,PEDALCYCLIST,"FIVE POINT, OR MORE",STRAIGHT AND LEVEL,DRY,INJURY AND / OR TOW DUE TO CRASH,ARMITAGE AVE,41.9182117306,-87.6388732951,POINT (-87.638873295098 41.918211730572)
O1367358,BICYCLE,5c0d52fb001524a975a47fc0dddc12cac0d1dd29aa6d3d99cef4a88446f1601572eabe548e95f12d785d51b93c5d4de8cc96a307ccf3d2bb71215d297139853f,06/27/2022 09:20:00 AM,M,29.0,HELMET NOT USED,CROSSING - NO CONTROLS (NOT AT INTERSECTION),BIKE LANE,TEST NOT OFFERED,,30,CLEAR,DAYLIGHT,PEDALCYCLIST,FOUR WAY,STRAIGHT AND LEVEL,DRY,INJURY AND / OR TOW DUE TO CRASH,WILSON AVE,41.9655434507,-87.6545223034,POINT (-87.65452230336 41.965543450707)
O1378860,BICYCLE,3626cbe6ace77dc583782eac7f4ffe31bfec0799f17ade344f01e109f5a511367aa1516760a36b7beb32562a22ca418a9229a66fc54a884594b9f69d1f479274,06/27/2022 09:05:00 AM,F,18.0,BICYCLE HELMET (PEDACYCLIST INVOLVED ONLY),CROSSING - WITH SIGNAL,IN ROADWAY,TEST NOT OFFERED,,30,CLEAR,DAYLIGHT,PEDALCYCLIST,NOT DIVIDED,STRAIGHT AND LEVEL,DRY,INJURY AND / OR TOW DUE TO CRASH,DAMEN AVE,41.9159207534,-87.6774330695,POINT (-87.677433069532 41.915920753385)
O1367178,BICYCLE,efe3a7b64f6b529b87fd210384e51c8afbe3ba8874968d168c4d0e1f704ea8a39ad4a995a5fa349fa02a65201f198d688d40d25629a6dc5a6c8d7d9e3075d4c0,06/27/2022 12:56:00 AM,F,32.0,HELMET NOT USED,TURNING LEFT,IN ROADWAY,TEST NOT OFFERED,,30,CLEAR,"DARKNESS, LIGHTED ROAD",PEDALCYCLIST,DIVIDED - W/MEDIAN (NOT RAISED),STRAIGHT AND LEVEL,DRY,INJURY AND / OR TOW DUE TO CRASH,NORTH AVE,41.910828988,-87.6613066175,POINT (-87.661306617494 41.910828987994)
O1367187,NON-MOTOR VEHICLE,f31910c6be0ddb35c3acbe662db876133dfcbd366306349515798e76a7cf078c827aac4cef106666ea390b7c0d6fd75d956afe99c0643ff59d96f093253607dd,06/27/2022 12:12:00 AM,,,NONE PRESENT,,,,,25,CLEAR,"DARKNESS, LIGHTED ROAD",ANGLE,FOUR WAY,STRAIGHT AND LEVEL,DRY,INJURY AND / OR TOW DUE TO CRASH,12TH PL,41.8652742992,-87.7130705773,POINT (-87.713070577332 41.865274299241)
O1367122,BICYCLE,ba17676b086e2e5f69da7d0b683ff56b2ee90be0683e84b1ce8ad69dc0104a9e3987212f7e0439272125de66ac932fb9739b4aaea96a129d360456585ebb5ba6,06/26/2022 08:47:00 PM,M,16.0,HELMET NOT USED,CROSSING - WITH SIGNAL,IN ROADWAY,TEST NOT OFFERED,,30,CLEAR,"DARKNESS, LIGHTED ROAD",PEDALCYCLIST,NOT DIVIDED,STRAIGHT AND LEVEL,DRY,INJURY AND / OR TOW DUE TO CRASH,CENTRAL AVE,41.9313655524,-87.7663965288,POINT (-87.766396528792 41.931365552363)
O1367090,BICYCLE,230285def32c8bb24f669d31eb9cee5b43ac59c62223a52ee95fd2834390d102ae20c9b1191730f8c5d59cc1214aead5432b1877158c0cee17a47c728176abf0,06/26/2022 07:15:00 PM,F,61.0,BICYCLE HELMET (PEDACYCLIST INVOLVED ONLY),CROSSING - WITH SIGNAL,IN CROSSWALK,TEST NOT OFFERED,,30,CLEAR,DAYLIGHT,PEDALCYCLIST,FOUR WAY,STRAIGHT AND LEVEL,DRY,INJURY AND / OR TOW DUE TO CRASH,DEVON AVE,41.9974146214,-87.7666616914,POINT (-87.766661691409 41.99741462138)
O1366975,BICYCLE,b6bc8f477655ed000dc3d21fd3812e2e3a2be37aa9c2913b4ba509bc91d28f6ac065584625d76219c618c08505a66ebeff228666fd43f10399a866072c80d834,06/26/2022 06:23:00 PM,F,24.0,HELMET NOT USED,CROSSING - WITH SIGNAL,IN CROSSWALK,TEST NOT OFFERED,,30,CLEAR,DAYLIGHT,PEDALCYCLIST,NOT DIVIDED,STRAIGHT AND LEVEL,DRY,NO INJURY / DRIVE AWAY,MILWAUKEE AVE,41.9176669443,-87.6885341826,POINT (-87.68853418258 41.917666944263)
O1366976,BICYCLE,b6bc8f477655ed000dc3d21fd3812e2e3a2be37aa9c2913b4ba509bc91d28f6ac065584625d76219c618c08505a66ebeff228666fd43f10399a866072c80d834,06/26/2022 06:23:00 PM,M,25.0,HELMET NOT USED,CROSSING - WITH SIGNAL,IN CROSSWALK,TEST NOT OFFERED,,30,CLEAR,DAYLIGHT,PEDALCYCLIST,NOT DIVIDED,STRAIGHT AND LEVEL,DRY,NO INJURY / DRIVE AWAY,MILWAUKEE AVE,41.9176669443,-87.6885341826,POINT (-87.68853418258 41.917666944263)
O1366989,BICYCLE,a0b611a3c4540c29dd275c2bb22af82af6717c06ffc0605526647428fb53e21597f771429a0d78c5b852f187def96b0a6091a856de755f996c758bcc57a4643f,06/26/2022 06:00:00 PM,M,56.0,BICYCLE HELMET (PEDACYCLIST INVOLVED ONLY),WITH TRAFFIC,IN ROADWAY,TEST NOT OFFERED,,30,CLEAR,DAYLIGHT,PEDALCYCLIST,DIVIDED - W/MEDIAN (NOT RAISED),STRAIGHT AND LEVEL,DRY,INJURY AND / OR TOW DUE TO CRASH,DIVISION ST,41.9033173454,-87.6618512005,POINT (-87.661851200532 41.903317345372)
O1366758,BICYCLE,e550bac8acc409497d88b47d224eb9e194e03174e43fff86fe3de996fe5764ef417708d9b294ff55c6d06533e6cd9f8d335e6650e966f0f3df6207418fb1f61c,06/26/2022 12:50:00 PM,M,42.0,HELMET NOT USED,WITH TRAFFIC,IN ROADWAY,TEST NOT OFFERED,,30,CLEAR,DAYLIGHT,OTHER OBJECT,FOUR WAY,STRAIGHT AND LEVEL,DRY,INJURY AND / OR TOW DUE TO CRASH,NORWOOD ST,41.9918688969,-87.6653215749,POINT (-87.66532157487 41.991868896932)
O1366726,BICYCLE,ec19a29273c757fa1db39fbf2caa94a8392f6654e3ccccdda2d7df325b88fcc0bcb18e58a933b28c8a0ec2cd5865b1f3852697b331e77ddb9ff70ec73ee761de,06/26/2022 11:10:00 AM,F,34.0,BICYCLE HELMET (PEDACYCLIST INVOLVED ONLY),NO ACTION,IN ROADWAY,TEST NOT OFFERED,,30,CLEAR,DAYLIGHT,PEDALCYCLIST,ONE-WAY,STRAIGHT AND LEVEL,DRY,NO INJURY / DRIVE AWAY,CONCORD PL,41.9111131436,-87.681294173,POINT (-87.681294173002 41.911113143617)
O1366681,BICYCLE,8ab90568f8bc7ed412314aa06b2fd6a2d0c10a1e2d714d4495dd6c4eeafb1ccbf8de0fceba5411f101f2d12881227b85771cfd140b26e2b611919a6862bca744,06/26/2022 09:32:00 AM,F,45.0,HELMET NOT USED,TURNING LEFT,IN ROADWAY,TEST NOT OFFERED,,30,CLEAR,DAYLIGHT,PEDALCYCLIST,NOT DIVIDED,STRAIGHT AND LEVEL,DRY,INJURY AND / OR TOW DUE TO CRASH,DAMEN AVE,41.8640760775,-87.6763219403,POINT (-87.676321940298 41.864076077501)
O1367204,BICYCLE,c5c107351b3ff7c727a8ad8d50b0adaaaea668f130e55a7022d652129a63b7c0e1f93d42035b2133ad91f8dfc5de23318d63a9be95488ce2ed51c71f28c2d54b,06/26/2022 06:30:00 AM,M,33.0,BICYCLE HELMET (PEDACYCLIST INVOLVED ONLY),WITH TRAFFIC,IN ROADWAY,,,30,CLEAR,"DARKNESS, LIGHTED ROAD",PEDALCYCLIST,NOT DIVIDED,STRAIGHT AND LEVEL,DRY,INJURY AND / OR TOW DUE TO CRASH,STATE PKWY,41.9104364626,-87.6290099747,POINT (-87.629009974745 41.910436462647)
O1366018,BICYCLE,86575d52abfbd34e2840d65ef0e2a286303b4a41605595ee4c8070e76daf8da88ce6fe00765d63c799a1a531342c5dd5d3f29219ad43234aaaf07bb8e22a813b,06/25/2022 09:45:00 AM,M,41.0,BICYCLE HELMET (PEDACYCLIST INVOLVED ONLY),WITH TRAFFIC,BIKEWAY,TEST NOT OFFERED,,30,RAIN,DAYLIGHT,PEDALCYCLIST,NOT DIVIDED,STRAIGHT AND LEVEL,WET,INJURY AND / OR TOW DUE TO CRASH,DAMEN AVE,41.9814427758,-87.6794210858,POINT (-87.679421085817 41.981442775785)
O1366401,BICYCLE,f1c01d800c8ac12e67322cb9f7b6298b75a291b79b4a550c5824ee165c2e5880823d3a6e38f3961e0c0111b23c829411d8d55620fe47a879b1aa2c0a14b2bf32,06/24/2022 09:10:00 PM,M,35.0,BICYCLE HELMET (PEDACYCLIST INVOLVED ONLY),UNKNOWN/NA,UNKNOWN/NA,TEST NOT OFFERED,,35,UNKNOWN,"DARKNESS, LIGHTED ROAD",PEDALCYCLIST,NOT DIVIDED,STRAIGHT AND LEVEL,UNKNOWN,INJURY AND / OR TOW DUE TO CRASH,18TH ST,41.8577744035,-87.6389903804,POINT (-87.638990380396 41.85777440349)
O1365677,BICYCLE,d5b6b957be13faa5bec446e696b138966c7c1795e3ad93e662213db0de1c6f5eed00b9e300bc1daeb6b7ea59d5c64357766dc36bac8a84660bd8c4dad17dd332,06/24/2022 05:17:00 PM,M,59.0,HELMET NOT USED,AGAINST TRAFFIC,IN ROADWAY,TEST NOT OFFERED,,30,CLEAR,DAYLIGHT,PEDALCYCLIST,FOUR WAY,STRAIGHT AND LEVEL,DRY,INJURY AND / OR TOW DUE TO CRASH,FRANCISCO AVE,41.8819262479,-87.6986200962,POINT (-87.698620096195 41.881926247901)
O1365712,BICYCLE,5bbb277c0b91f836fc606521a78a51eb0ba6cff2cf26d7b0afe5a403d7ea14f1818f77ec472338d212dd91b518ff1a71c18f174c783a1422b027db3aff1467c0,06/24/2022 05:12:00 PM,F,27.0,HELMET NOT USED,CROSSING - WITH SIGNAL,IN CROSSWALK,TEST NOT OFFERED,,35,CLEAR,DAYLIGHT,PEDALCYCLIST,FOUR WAY,STRAIGHT AND LEVEL,DRY,INJURY AND / OR TOW DUE TO CRASH,WELLS ST,41.8745729802,-87.6334840468,POINT (-87.633484046804 41.874572980174)
O1365553,BICYCLE,cb92e0809b2eba6d4684a8be6ecc73097d92f32adeb8a0e64e73548383290dad466169e5180b79136a1fa9f52c85a4270a4ce2e53b2763171fb8bddc52881ed2,06/24/2022 04:07:00 PM,M,15.0,HELMET NOT USED,CROSSING - NO CONTROLS (NOT AT INTERSECTION),IN ROADWAY,TEST NOT OFFERED,,30,CLEAR,DAYLIGHT,PEDALCYCLIST,DIVIDED - W/MEDIAN (NOT RAISED),STRAIGHT AND LEVEL,DRY,INJURY AND / OR TOW DUE TO CRASH,AUSTIN AVE,41.778292628,-87.7716572534,POINT (-87.771657253438 41.778292628035)
O1365432,BICYCLE,571962c5809289c39fcc11a4ae06783ef239184daf64edae7e1bf85d549155716be1e62ac9d1f668aad91d7024ba4f4b5f75518c0842fa0353caf4951f7226d9,06/24/2022 12:45:00 PM,F,59.0,BICYCLE HELMET (PEDACYCLIST INVOLVED ONLY),WITH TRAFFIC,IN ROADWAY,TEST NOT OFFERED,,30,CLEAR,DAYLIGHT,PEDALCYCLIST,ONE-WAY,STRAIGHT AND LEVEL,DRY,INJURY AND / OR TOW DUE TO CRASH,FARRAGUT AVE,41.9769661991,-87.6853533672,POINT (-87.68535336718 41.976966199087)
O1365288,BICYCLE,6405f10e4111276614faf8fb66845550e8384ebe6d07a513778e564daa3b2ebf6d28dccae7d1546c5c7f010d90950a0d5f554b0bffe313334011fafa51802c19,06/24/2022 10:10:00 AM,M,27.0,HELMET NOT USED,CROSSING - NO CONTROLS (AT INTERSECTION),IN CROSSWALK,TEST NOT OFFERED,,30,CLEAR,DAYLIGHT,PEDALCYCLIST,DIVIDED - W/MEDIAN BARRIER,STRAIGHT AND LEVEL,DRY,INJURY AND / OR TOW DUE TO CRASH,WILSON DR,41.9657140496,-87.6460110689,POINT (-87.646011068911 41.965714049552)
O1365696,NON-MOTOR VEHICLE,d72255a05015a510a4de448033378aca1ce809d2c5c47bca178939172d283c659927a58a5c72633a4d4c42dd1a9864e17cc0e3fe42728aa8d36eac466eac8dd1,06/23/2022 11:25:00 PM,M,18.0,HELMET NOT USED,TURNING LEFT,IN ROADWAY,TEST NOT OFFERED,,30,CLEAR,"DARKNESS, LIGHTED ROAD",OTHER OBJECT,NOT DIVIDED,STRAIGHT AND LEVEL,DRY,INJURY AND / OR TOW DUE TO CRASH,MONROE DR,41.8807190655,-87.6242627331,POINT (-87.624262733057 41.880719065549)
O1365112,BICYCLE,16257afbffc9afa6d4220fb29b6ed6c76d5623e50abc2f93f5f294eb864ea1c89c8fe0f03a9eec0cb2ff1fbd35233f7d9a6c3285e26462139ad50a148013478d,06/23/2022 09:41:00 PM,M,69.0,HELMET NOT USED,TURNING LEFT,IN ROADWAY,TEST NOT OFFERED,,35,CLEAR,"DARKNESS, LIGHTED ROAD",PEDALCYCLIST,NOT DIVIDED,STRAIGHT AND LEVEL,DRY,INJURY AND / OR TOW DUE TO CRASH,CENTRAL AVE,41.9300289415,-87.7660548048,POINT (-87.76605480481 41.930028941456)
O1364972,BICYCLE,9e910725372b6f841b6d518a3545e7810f34ddb50274869f08d820d5c3a499399da382fd64bd3f2e2177ad40a0197bda22b87b470e7ee9b58b7d6841373a7957,06/23/2022 06:00:00 PM,M,,BICYCLE HELMET (PEDACYCLIST INVOLVED ONLY),UNKNOWN/NA,IN ROADWAY,TEST NOT OFFERED,,30,CLEAR,DAYLIGHT,PEDALCYCLIST,FOUR WAY,STRAIGHT AND LEVEL,DRY,INJURY AND / OR TOW DUE TO CRASH,HALSTED ST,41.8472341983,-87.6466377047,POINT (-87.646637704686 41.847234198344)
O1364998,BICYCLE,c078429d3b47ab5821c25f93929dc3152574c0b02da09f6f4a0881ac40a57303d7262de547da2789509340af65828add0bab62675e0ec854289f4a44f96298ed,06/23/2022 05:50:00 PM,M,20.0,HELMET NOT USED,NO ACTION,IN CROSSWALK,TEST NOT OFFERED,,20,CLEAR,DAYLIGHT,PEDALCYCLIST,DIVIDED - W/MEDIAN (NOT RAISED),STRAIGHT AND LEVEL,DRY,INJURY AND / OR TOW DUE TO CRASH,WOLCOTT AVE,41.9142921701,-87.6752604438,POINT (-87.675260443783 41.914292170093)
O1364908,NON-MOTOR VEHICLE,6528fd8b24dd5051a40b4561a8ad1d76f7d0cb66d8bae1876d2669cd5dd80aabc4ed933ec5e65b6f6f11b34a3f9fd49421bf834cd6f80742b4042cfcb2a62391,06/23/2022 04:48:00 PM,F,53.0,USAGE UNKNOWN,WITH TRAFFIC,IN ROADWAY,TEST NOT OFFERED,,30,CLEAR,DAYLIGHT,OTHER OBJECT,FOUR WAY,STRAIGHT AND LEVEL,DRY,NO INJURY / DRIVE AWAY,CHICAGO AVE,41.8964870689,-87.6341255479,POINT (-87.634125547894 41.896487068872)
O1364870,BICYCLE,61f914450b8286ea79e5da8d70c6189526e25741378921a51d9c45143fab6454014d0eaa0573feb59d3c6a30122d30c43b262cff57fcd2e94b021486663aeacd,06/23/2022 04:00:00 PM,F,26.0,HELMET NOT USED,WITH TRAFFIC,BIKE LANE,TEST NOT OFFERED,,30,CLEAR,DAYLIGHT,PEDALCYCLIST,NOT DIVIDED,STRAIGHT AND LEVEL,DRY,INJURY AND / OR TOW DUE TO CRASH,BROADWAY,41.9660138764,-87.6577029698,POINT (-87.657702969761 41.9660138764)
O1364653,BICYCLE,5897fa78623ec104a70b1b0df5d819581d8e6a8c8b2f61feaffb9d26adb115f73f2b51ca1bb7792c5f3dc3fab49848a2eb7d594853fe874b9e7f186283988722,06/23/2022 11:00:00 AM,F,49.0,HELMET NOT USED,UNKNOWN/NA,BIKEWAY,TEST NOT OFFERED,,30,CLEAR,DAYLIGHT,PEDALCYCLIST,FOUR WAY,STRAIGHT AND LEVEL,DRY,INJURY AND / OR TOW DUE TO CRASH,STATE ST,41.8917112522,-87.6282166657,POINT (-87.628216665655 41.891711252168)
O1364661,BICYCLE,61acff725fecde07533d3d791096ffb1fa3413a3aa780d5a9dd58c043e71c65621421bcd98568212c97b4ab5ff85521cea5bd68a8b67e505aa1f3ec478d03557,06/23/2022 10:55:00 AM,F,27.0,BICYCLE HELMET (PEDACYCLIST INVOLVED ONLY),NO ACTION,BIKE LANE,TEST NOT OFFERED,,30,CLEAR,DAYLIGHT,PEDALCYCLIST,NOT DIVIDED,STRAIGHT AND LEVEL,DRY,NO INJURY / DRIVE AWAY,HALSTED ST,41.8836393964,-87.6475610899,POINT (-87.647561089902 41.883639396362)