PERSON_ID,PERSON_TYPE,CRASH_RECORD_ID,CRASH_DATE_x,SEX,AGE,SAFETY_EQUIPMENT,PEDPEDAL_ACTION,PEDPEDAL_LOCATION,BAC_RESULT,CRASH_DATE_EST_I,POSTED_SPEED_LIMIT,WEATHER_CONDITION,LIGHTING_CONDITION,FIRST_CRASH_TYPE,TRAFFICWAY_TYPE,ALIGNMENT,ROADWAY_SURFACE_COND,CRASH_TYPE,STREET_NAME,LATITUDE,LONGITUDE,LOCATION
O1364496,BICYCLE,274f95544ea9cab2837b62f5bf6d387113bc077a797d8a29b0ab76e3a3980f627f58a53f8ed72385ec91353bbc2e1029b8bc4f6bba3779eb406413aa992ef176,06/23/2022 07:15:00 AM,M,47.0,BICYCLE HELMET (PEDACYCLIST INVOLVED ONLY),CROSSING - WITH SIGNAL,IN ROADWAY,TEST NOT OFFERED,,25,CLEAR,DAYLIGHT,PEDALCYCLIST,FOUR WAY,STRAIGHT AND LEVEL,DRY,NO INJURY / DRIVE AWAY,THROOP ST,41.6921620042,-87.6546828762,POINT (-87.654682876231 41.69216200424)
O1364450,BICYCLE,6d7c894067db13428ae280b19eb35be02fd0cd3ad22692225d40e183e5b4b142e803225345e30dab9f37783c8ea10da8d8ca4b8abd323c71e236328c1db0b59c,06/22/2022 11:10:00 PM,M,53.0,HELMET NOT USED,WITH TRAFFIC,IN ROADWAY,TEST NOT OFFERED,,25,CLEAR,"DARKNESS, LIGHTED ROAD",PEDALCYCLIST,NOT DIVIDED,STRAIGHT AND LEVEL,DRY,NO INJURY / DRIVE AWAY,STATE ST,41.9019055542,-87.6284930761,POINT (-87.628493076134 41.901905554238)
O1364413,BICYCLE,3147b904391fd8043f800da06a9b4081c4479e48774aa1cf5ff2d3aeb4d7b305e431b8a79e9899acc54bcff453352ddddc1c2918a0ac20e2abb2fbe0bb917656,06/22/2022 09:53:00 PM,M,23.0,HELMET NOT USED,CROSSING - NO CONTROLS (AT INTERSECTION),IN ROADWAY,TEST NOT OFFERED,,30,CLEAR,"DARKNESS, LIGHTED ROAD",PEDALCYCLIST,NOT DIVIDED,STRAIGHT AND LEVEL,DRY,INJURY AND / OR TOW DUE TO CRASH,KOSTNER AVE,41.9286718802,-87.7368830722,POINT (-87.736883072208 41.928671880217)
O1364397,BICYCLE,3c30e9cf86349d9930d6cf2b3559a9ffbe82aabf2f4f20e5d907883ddd97b14aa5aa41ecf648a6c0fb2e4947472b5f7252150f067fbfc0b135ed4ea6ca5a4ea9,06/22/2022 09:05:00 PM,M,37.0,HELMET NOT USED,CROSSING - WITH SIGNAL,IN ROADWAY,TEST NOT OFFERED,,30,CLEAR,"DARKNESS, LIGHTED ROAD",PEDALCYCLIST,FOUR WAY,STRAIGHT AND LEVEL,DRY,INJURY AND / OR TOW DUE TO CRASH,KEDZIE AVE,41.6951243759,-87.7010939018,POINT (-87.701093901761 41.695124375851)
O1364373,BICYCLE,b0fb4aa100c5bda5372c36dc0dce0bade39d81f718cad15b6211993f1ee07a05897d3165ac384185b69c5d819989b0aef49aab8e035087b24a7c17ade9dde6f6,06/22/2022 08:24:00 PM,M,28.0,HELMET NOT USED,CROSSING - WITH SIGNAL,IN CROSSWALK,TEST NOT OFFERED,,30,CLEAR,DUSK,PEDALCYCLIST,T-INTERSECTION,STRAIGHT AND LEVEL,DRY,INJURY AND / OR TOW DUE TO CRASH,LAKE PARK AVE,41.800941976,-87.5876367922,POINT (-87.587636792157 41.800941975966)
O1366345,BICYCLE,d944b6b338c115bff33641ac65a29aa0e232e44824a0c04b09eb9bafa58a88eb95c606930e3a43bf10cd390a50fa2ab4951764f10e246c13b1bc8598f6321c08,06/22/2022 05:55:00 PM,M,37.0,HELMET NOT USED,UNKNOWN/NA,BIKEWAY,TEST NOT OFFERED,,30,UNKNOWN,UNKNOWN,PEDALCYCLIST,NOT DIVIDED,STRAIGHT AND LEVEL,UNKNOWN,INJURY AND / OR TOW DUE TO CRASH,SOUTHPORT AVE,41.9448440054,-87.6641038638,POINT (-87.664103863847 41.944844005377)
O1364420,BICYCLE,1634432c3f12a03b45f3b68f0c14b4c71c83ea2cf94912a373288b85737d880dc2e50fb4ea95d5b571808dd881e0b87f4befe44e441ac5530b3d23209b189012,06/22/2022 05:46:00 PM,M,24.0,HELMET NOT USED,CROSSING - AGAINST SIGNAL,IN ROADWAY,TEST NOT OFFERED,,30,CLEAR,DAYLIGHT,PEDALCYCLIST,"FIVE POINT, OR MORE",STRAIGHT AND LEVEL,DRY,INJURY AND / OR TOW DUE TO CRASH,HALSTED ST,41.8915590243,-87.6474798132,POINT (-87.647479813164 41.891559024296)
O1375096,BICYCLE,1e980548c53f3f3fa5b2b6a5758382a169287c6d2ac874025c4b3246294bf0a70919bc05b9afd79b449d240140eec7f5ba30e0341ecaf7fd47cf88ea3e1c5dce,06/22/2022 05:00:00 PM,F,15.0,BICYCLE HELMET (PEDACYCLIST INVOLVED ONLY),UNKNOWN/NA,UNKNOWN/NA,TEST NOT OFFERED,,30,UNKNOWN,DAYLIGHT,PEDALCYCLIST,NOT DIVIDED,STRAIGHT AND LEVEL,UNKNOWN,INJURY AND / OR TOW DUE TO CRASH,BELMONT AVE,41.9378986091,-87.8239968573,POINT (-87.823996857335 41.937898609146)
O1364211,BICYCLE,f5b2384d09d3149689714a126a4e2f385c5cb7de778813a5ff382be12f310750d355200dd7912406ed6b45cde864a8d13a3cc0e4c84e6d245c0ed27b09704f85,06/22/2022 04:50:00 PM,,38.0,BICYCLE HELMET (PEDACYCLIST INVOLVED ONLY),CROSSING - NO CONTROLS (AT INTERSECTION),IN ROADWAY,TEST NOT OFFERED,,30,CLEAR,DAYLIGHT,PEDALCYCLIST,NOT DIVIDED,STRAIGHT AND LEVEL,DRY,NO INJURY / DRIVE AWAY,DAMEN AVE,41.8917262426,-87.6770800239,POINT (-87.677080023928 41.891726242559)
O1364865,BICYCLE,9fc802af910b969e3f06786a59eb1fafe19f4f7b795a96f27a1bff47576cbb35f754746d41347addfcdd943f52e3538625c150802d280787b2fe88aaedb34941,06/22/2022 04:00:00 PM,F,27.0,BICYCLE HELMET (PEDACYCLIST INVOLVED ONLY),CROSSING - WITH SIGNAL,IN ROADWAY,TEST NOT OFFERED,,30,CLEAR,DAYLIGHT,PEDALCYCLIST,NOT DIVIDED,STRAIGHT AND LEVEL,DRY,INJURY AND / OR TOW DUE TO CRASH,DIVISION ST,41.9036178177,-87.6574736354,POINT (-87.657473635421 41.903617817686)
O1364187,BICYCLE,9f80ca71860c974b65da1942c10ffbc498c29f565a5c62ed3bd349ba5952f39ccf3bec37079f92a499a3b78c079cec4687ff480764a14f967e9c61c0d3430c55,06/22/2022 02:22:00 PM,M,58.0,HELMET NOT USED,WITH TRAFFIC,IN ROADWAY,TEST NOT OFFERED,,20,CLEAR,DAYLIGHT,PEDALCYCLIST,DIVIDED - W/MEDIAN (NOT RAISED),STRAIGHT AND LEVEL,DRY,INJURY AND / OR TOW DUE TO CRASH,VINCENNES AVE,41.74579217,-87.635369997,POINT (-87.63536999702 41.745792169991)
O1363970,BICYCLE,5fea6294a44982d53c68dc21865553f1740da36ce35f0abfd3a68f33de82f601d1a7ea459eaae671f516d9fc2118848550b36e4059b7b366f55250359da61808,06/22/2022 10:28:00 AM,F,13.0,BICYCLE HELMET (PEDACYCLIST INVOLVED ONLY),CROSSING - NO CONTROLS (AT INTERSECTION),IN CROSSWALK,TEST NOT OFFERED,,30,CLEAR,DAYLIGHT,PEDALCYCLIST,FOUR WAY,STRAIGHT AND LEVEL,DRY,INJURY AND / OR TOW DUE TO CRASH,HIGGINS AVE,41.9740278873,-87.7805204582,POINT (-87.78052045817 41.974027887275)
O1363874,BICYCLE,c5bbdc6d5c830a43121f12b811d76ce332d48d3b71cab39d1fc34c1e3917bf82046347a3a3b1829569919d7366326a3b42c69b56cb3e6b0eb1a5bf72dd03fae7,06/22/2022 07:40:00 AM,M,34.0,HELMET NOT USED,CROSSING - NO CONTROLS (AT INTERSECTION),BIKE LANE,TEST NOT OFFERED,,20,CLEAR,DAYLIGHT,PEDALCYCLIST,NOT DIVIDED,STRAIGHT AND LEVEL,DRY,INJURY AND / OR TOW DUE TO CRASH,MILWAUKEE AVE,41.9072585964,-87.6728131905,POINT (-87.672813190452 41.907258596391)
O1363845,BICYCLE,af5380166b2053dfc4f789e7dcadff43ce61b0ebfe2082a050bfbadb9c2de68b0e86ebc501d446e74d5d3c79b7b5cdf113ef2f5ec63853cae9f0bfe9fdc3eb35,06/22/2022 06:30:00 AM,F,20.0,HELMET NOT USED,AGAINST TRAFFIC,IN ROADWAY,TEST NOT OFFERED,,30,CLEAR,DAYLIGHT,PEDALCYCLIST,ONE-WAY,STRAIGHT AND LEVEL,DRY,INJURY AND / OR TOW DUE TO CRASH,MONROE ST,41.8805567291,-87.6332815083,POINT (-87.633281508253 41.880556729118)
O1364593,BICYCLE,5480f42d1681c35b0d56edcafa46f6f72be878dd5f32659e32b455e11315d637c11e89d9828c8ec84c3ecd9f902bc365dbceb958f260067e8f833bb965718beb,06/22/2022 04:25:00 AM,M,,HELMET NOT USED,OTHER ACTION,UNKNOWN/NA,TEST NOT OFFERED,,20,CLEAR,DAYLIGHT,PEDALCYCLIST,NOT DIVIDED,STRAIGHT AND LEVEL,DRY,NO INJURY / DRIVE AWAY,93RD ST,41.7251956579,-87.6288169249,POINT (-87.628816924925 41.725195657859)
O1363897,NON-MOTOR VEHICLE,9c1e5098874e2051573835c38e52c9d92d1efd6a29c2c6dca7be9b6b192780dffd71d7112285da3a76aad3261160dfa3759c02f3a7774b658f8e56e4cff2b1ba,06/22/2022 01:00:00 AM,F,57.0,USAGE UNKNOWN,,,TEST NOT OFFERED,,10,CLEAR,DUSK,OTHER OBJECT,OTHER,STRAIGHT AND LEVEL,DRY,NO INJURY / DRIVE AWAY,68TH ST,41.7711874765,-87.6195261514,POINT (-87.619526151411 41.771187476495)
O1363746,BICYCLE,1d7551df17fd2cbea06e8e5ca44c7de9efaec5ad3f95e2f94473cfa42496f30d17e171dd198d8c8ce760a57de80408590c994d3a07b2154906bfac643fa7c51b,06/21/2022 09:22:00 PM,M,67.0,HELMET NOT USED,OTHER ACTION,IN ROADWAY,TEST NOT OFFERED,,30,CLEAR,"DARKNESS, LIGHTED ROAD",PEDALCYCLIST,DIVIDED - W/MEDIAN (NOT RAISED),STRAIGHT AND LEVEL,DRY,INJURY AND / OR TOW DUE TO CRASH,HARLEM AVE,41.9420606736,-87.8067450515,POINT (-87.80674505152 41.942060673639)
O1363685,BICYCLE,03663e88395d26e5e1d15e87a256e6158ee5d632bcdf82d7bceda1693c5a364f7e1d2acc739aae65ca7b5460bc6d48450aa8d7f1b3d5b202e837399648c729a6,06/21/2022 06:42:00 PM,M,64.0,HELMET NOT USED,NO ACTION,IN ROADWAY,TEST NOT OFFERED,,35,CLEAR,DAYLIGHT,PEDALCYCLIST,NOT DIVIDED,STRAIGHT AND LEVEL,DRY,INJURY AND / OR TOW DUE TO CRASH,59TH ST,41.7869340927,-87.6438184982,POINT (-87.643818498212 41.786934092746)
O1363641,BICYCLE,89d715e02c109b64f3322226cb55ec98486ac873ebe49ebf74648bfbf9447bb8873a7c9e6838fba6fd58f56e78de675e8433d062b981f07366788adfdeb7f525,06/21/2022 06:35:00 PM,M,21.0,HELMET NOT USED,CROSSING - AGAINST SIGNAL,BIKE LANE,TEST NOT OFFERED,,30,CLEAR,DAYLIGHT,PEDALCYCLIST,DIVIDED - W/MEDIAN (NOT RAISED),STRAIGHT AND LEVEL,DRY,INJURY AND / OR TOW DUE TO CRASH,HALSTED ST,41.8804261978,-87.6474668481,POINT (-87.647466848115 41.880426197831)
O1367366,BICYCLE,381dcbb0a24bce71d19431ef1a1c35c2821864762c57d64f198f492acdab92003bad2b43160bedcadc9cd6a2bfea7a1006595f047dd4bca5bbff12c33147d910,06/21/2022 05:00:00 PM,M,32.0,BICYCLE HELMET (PEDACYCLIST INVOLVED ONLY),CROSSING - WITH SIGNAL,IN CROSSWALK,TEST NOT OFFERED,,30,CLEAR,DAYLIGHT,PEDALCYCLIST,NOT DIVIDED,STRAIGHT AND LEVEL,DRY,INJURY AND / OR TOW DUE TO CRASH,LAKE SHORE DR SB,41.8808560477,-87.6176358918,POINT (-87.617635891755 41.880856047671)
O1364195,BICYCLE,aaf53e0f8b5b0dd4ab926ead1cc46f1e46856ac592b9a50f7b7b8f1ca359fec1586f1f16ea16258720893c23a95163fa4baed8dabeeb633a6cf259f7f2a83def,06/21/2022 04:00:00 PM,M,16.0,HELMET NOT USED,CROSSING - NO CONTROLS (NOT AT INTERSECTION),IN ROADWAY,TEST NOT OFFERED,,40,CLEAR,DAYLIGHT,PEDALCYCLIST,DIVIDED - W/MEDIAN (NOT RAISED),STRAIGHT AND LEVEL,DRY,NO INJURY / DRIVE AWAY,69TH ST,41.7694112247,-87.6173962623,POINT (-87.617396262319 41.769411224729)
O1363405,BICYCLE,7c03e2b2a0ec01dc1e50c331edfb0fc5fed35119bfee75f104c988483d6996cd04b8da2ae07c9848305d1938e87e898dbb7c05fe24eb1539a81d886389b8c5e5,06/21/2022 01:00:00 PM,M,60.0,HELMET NOT USED,AGAINST TRAFFIC,IN ROADWAY,TEST NOT OFFERED,,30,CLEAR,DAYLIGHT,PEDALCYCLIST,ONE-WAY,STRAIGHT AND LEVEL,DRY,NO INJURY / DRIVE AWAY,DEARBORN ST,41.8962222937,-87.6296209694,POINT (-87.629620969426 41.896222293678)
O1363266,BICYCLE,da6394b8247861559e3b37958af811b5cb20b664d11411f01bfb492468e8de00557a4d2fd726de42445957a9acf195ca03c1d5e8dba11290ff37978cb869ef0d,06/21/2022 12:14:00 PM,F,31.0,HELMET NOT USED,WITH TRAFFIC,IN ROADWAY,TEST NOT OFFERED,,30,CLEAR,DAYLIGHT,PEDALCYCLIST,FOUR WAY,STRAIGHT AND LEVEL,DRY,INJURY AND / OR TOW DUE TO CRASH,BELMONT AVE,41.9400901248,-87.6493099591,POINT (-87.649309959096 41.940090124848)
O1364329,BICYCLE,15c4660e78c3b8da1b3a690bdbe63810cee38c7d93b166cb613027fd325cbd34deb920075482edf92bdb77a7e9aca0a1a43a668ad09ac86cf5a268a32f82491b,06/21/2022 09:30:00 AM,F,49.0,HELMET NOT USED,WITH TRAFFIC,BIKE LANE,TEST NOT OFFERED,,30,CLEAR,DAYLIGHT,PEDALCYCLIST,NOT DIVIDED,STRAIGHT AND LEVEL,DRY,INJURY AND / OR TOW DUE TO CRASH,MILWAUKEE AVE,41.9139971491,-87.6828382536,POINT (-87.682838253585 41.913997149099)
O1363888,BICYCLE,935340ac15c5f9f1c9e40de843c7f7402c43ff3627e0cb19fdfeb4334d839ca6a806fccba24cad220d8bb4eddfbb2610d140e26ca2bd4726fb2c425602ffbb81,06/21/2022 09:30:00 AM,F,28.0,HELMET NOT USED,OTHER ACTION,IN ROADWAY,TEST NOT OFFERED,,30,CLEAR,DAYLIGHT,PEDALCYCLIST,NOT DIVIDED,STRAIGHT AND LEVEL,DRY,INJURY AND / OR TOW DUE TO CRASH,CLARK ST,42.0047491354,-87.6730550247,POINT (-87.673055024671 42.004749135379)
O1363163,BICYCLE,32a61adf5f156f8cac82aaf02dc31b30d3c0cb7f3282f9ca98514be25c7cf6cc6b36730399586111bc66ad620fb7f8cf7087ad01ee130aa735cee5673f878dbf,06/21/2022 09:20:00 AM,M,58.0,BICYCLE HELMET (PEDACYCLIST INVOLVED ONLY),UNKNOWN/NA,IN CROSSWALK,TEST NOT OFFERED,Y,15,CLEAR,DAYLIGHT,PEDALCYCLIST,ONE-WAY,STRAIGHT AND LEVEL,DRY,INJURY AND / OR TOW DUE TO CRASH,BELDEN AVE,41.9227861003,-87.7249645864,POINT (-87.724964586437 41.922786100296)
O1362962,BICYCLE,20610d132f5b8d0690393d9f0b270b2ae42a8461e4bcc320ce44b82302755dd7e16e57f52a06e6484679222f8f094e0d8dac149f8ac442cff37744c1747007e3,06/20/2022 08:31:00 PM,,,BICYCLE HELMET (PEDACYCLIST INVOLVED ONLY),UNKNOWN/NA,UNKNOWN/NA,,,30,CLEAR,DAYLIGHT,PEDALCYCLIST,FOUR WAY,STRAIGHT AND LEVEL,DRY,NO INJURY / DRIVE AWAY,DEVON AVE,41.9981756816,-87.6712530227,POINT (-87.671253022747 41.998175681568)
O1363001,BICYCLE,6346b9ae71ffebb5b8fc18d7908ea9288abc5f38037bef428d736cea95168a92bcfccb3dbd23576d9a5e0b68dac7a9198e95d1b9889cea1d2dd2cbb8edb7dd4c,06/20/2022 08:30:00 PM,M,17.0,HELMET NOT USED,CROSSING - CONTROLS PRESENT (NOT AT INTERSECTION),IN CROSSWALK,,,30,CLEAR,DAYLIGHT,PEDALCYCLIST,NOT DIVIDED,STRAIGHT AND LEVEL,DRY,NO INJURY / DRIVE AWAY,RAVEN ST,41.9945271922,-87.7853600486,POINT (-87.785360048589 41.994527192186)
O1367640,BICYCLE,42e48657de833b499ac690e92b1ee3747d0407ac0fd90f805b8220d5568ffea8305eca1b9977e1f2eee750531ef87dcdae5338cf760f082c7f57c42128366fb9,06/20/2022 07:30:00 PM,M,30.0,HELMET NOT USED,CROSSING - NO CONTROLS (NOT AT INTERSECTION),IN CROSSWALK,TEST NOT OFFERED,,15,CLEAR,DAYLIGHT,PEDALCYCLIST,ONE-WAY,STRAIGHT AND LEVEL,DRY,NO INJURY / DRIVE AWAY,CENTRAL AVE,41.7871568649,-87.7622331068,POINT (-87.762233106824 41.787156864919)
O1363106,BICYCLE,e963ab3a40146f46dd97db5346f6a037d83c9823208e48820a9ed7fe97cdc5b4f47e3f5eb625e37c5c648028e7b40adb7e7690c1b4e6dcf8b04d543ad1ccbb17,06/20/2022 04:45:00 PM,M,35.0,BICYCLE HELMET (PEDACYCLIST INVOLVED ONLY),CROSSING - NO CONTROLS (AT INTERSECTION),IN ROADWAY,TEST NOT OFFERED,,30,CLEAR,DAYLIGHT,PEDALCYCLIST,UNKNOWN INTERSECTION TYPE,STRAIGHT AND LEVEL,DRY,NO INJURY / DRIVE AWAY,MICHIGAN AVE,41.896790572,-87.6243806554,POINT (-87.624380655444 41.896790572039)
O1362721,NON-MOTOR VEHICLE,815b1eed684f9d13d64a46f1eac39be2d97f1dbf492494a3a8fd6917af6977b111cc81202732370905985779fe0d507763e3af508ebcae45bbe08abbb8ef341c,06/20/2022 02:30:00 PM,F,17.0,NONE PRESENT,WITH TRAFFIC,IN ROADWAY,TEST NOT OFFERED,,30,CLEAR,DAYLIGHT,OTHER OBJECT,FOUR WAY,STRAIGHT AND LEVEL,DRY,INJURY AND / OR TOW DUE TO CRASH,YATES BLVD,41.7480026798,-87.5663180642,POINT (-87.566318064211 41.748002679833)
O1362774,BICYCLE,35cef217fc224aca2d08049c57f7982665a80814904851914987d404adbbd5b70e97b669a312daece16e39047961b7142fb5149f62513c2964ca2eb2b9f0091a,06/20/2022 02:00:00 PM,M,57.0,HELMET NOT USED,CROSSING - NO CONTROLS (NOT AT INTERSECTION),IN CROSSWALK,TEST NOT OFFERED,,25,CLEAR,DAYLIGHT,PEDALCYCLIST,NOT DIVIDED,STRAIGHT AND LEVEL,DRY,NO INJURY / DRIVE AWAY,CENTRAL AVE,41.8737732515,-87.7647697044,POINT (-87.764769704361 41.873773251493)
O1362592,BICYCLE,4c19ef0664bcbae4274ba26893d970d53b7b5154fbd77429d654804a2a3cb057101c9883d450fe72bf3cf2664600c58033233fc9e5cbfde4f20b9b8242bb08a9,06/20/2022 12:31:00 PM,M,13.0,HELMET NOT USED,CROSSING - NO CONTROLS (AT INTERSECTION),IN ROADWAY,TEST NOT OFFERED,,25,CLEAR,DAYLIGHT,PEDALCYCLIST,FOUR WAY,STRAIGHT ON GRADE,DRY,INJURY AND / OR TOW DUE TO CRASH,HOYNE AVE,41.9943120354,-87.6825391242,POINT (-87.682539124168 41.994312035434)
O1362540,BICYCLE,b89212bafa04ef0226572746c89eb6f152c0f4088b12adca0e4866bc8db533758fd4d2d035632491c2e282c4e1f75a6a4d9e29882c6b81cc26a8fce9090f4633,06/20/2022 11:50:00 AM,M,59.0,HELMET NOT USED,WITH TRAFFIC,IN ROADWAY,TEST NOT OFFERED,,20,CLEAR,DAYLIGHT,PEDALCYCLIST,OTHER,STRAIGHT AND LEVEL,DRY,INJURY AND / OR TOW DUE TO CRASH,CARMEN AVE,41.9733150368,-87.7551202319,POINT (-87.755120231877 41.973315036846)
O1362201,BICYCLE,900b35b853ecfaa5ebd16442cb2c8b8e4b848f94670d5345d296bc2ccabcfa9ba406a30198ae5f010b587f1afb8614f6055dda7a352c7fd100f6930cb1cc89ed,06/19/2022 11:33:00 PM,M,32.0,HELMET NOT USED,OTHER ACTION,IN ROADWAY,TEST NOT OFFERED,,30,CLEAR,"DARKNESS, LIGHTED ROAD",PEDALCYCLIST,NOT DIVIDED,STRAIGHT AND LEVEL,DRY,NO INJURY / DRIVE AWAY,GRACE ST,41.9507272816,-87.670575438,POINT (-87.670575437957 41.95072728158)
O1362214,BICYCLE,a6b2622229d02ee254464ca3aafec09302ad13a2abf8a5604e7189f13c38272dc7f74503ea8ea53e803d1553f50364e6a9779f9ce2d08404ca77fdb9e37dcbd2,06/19/2022 11:22:00 PM,M,50.0,BICYCLE HELMET (PEDACYCLIST INVOLVED ONLY),CROSSING - NO CONTROLS (AT INTERSECTION),IN ROADWAY,TEST NOT OFFERED,,30,CLEAR,DARKNESS,PEDALCYCLIST,T-INTERSECTION,STRAIGHT AND LEVEL,DRY,INJURY AND / OR TOW DUE TO CRASH,DR MARTIN LUTHER KING JR DR,41.7910793278,-87.6160343899,POINT (-87.616034389864 41.791079327817)
O1362176,BICYCLE,f55b5a589da4e0d28bdc33a4651cbc5c5672a51502d18ff01865eb6305db69ef87b76ca4b6be1440a3dd52767fc143e09bd2c42522276e2e855779e3e9e7be22,06/19/2022 11:10:00 PM,M,51.0,HELMET NOT USED,OTHER ACTION,IN ROADWAY,TEST NOT OFFERED,,30,CLEAR,"DARKNESS, LIGHTED ROAD",PEDALCYCLIST,DIVIDED - W/MEDIAN (NOT RAISED),STRAIGHT AND LEVEL,DRY,INJURY AND / OR TOW DUE TO CRASH,WESTERN AVE,42.0050800739,-87.6899247445,POINT (-87.689924744509 42.005080073905)
O1362486,BICYCLE,64b7ac8cae9db96759dbfa181ede6e3c7cae37c932e374814f699c9c75c190607ae7975d73410da9d50fadde085af6bb3b6f9acc32af1444d1de358afab78447,06/19/2022 09:48:00 PM,M,,HELMET NOT USED,UNKNOWN/NA,IN ROADWAY,TEST NOT OFFERED,,10,CLEAR,"DARKNESS, LIGHTED ROAD",PEDALCYCLIST,ONE-WAY,STRAIGHT AND LEVEL,DRY,NO INJURY / DRIVE AWAY,ROGERS AVE,42.0127605024,-87.6824272624,POINT (-87.682427262373 42.012760502423)
O1362330,BICYCLE,0da49b054370c433c8a910655fef6138c8b700c1a20b350b6d915687f39847a6b8f58e91bd3fd68cd728901f53e16ff102cc82c8f31bab44fb6dc8fac487835d,06/19/2022 09:30:00 PM,M,39.0,BICYCLE HELMET (PEDACYCLIST INVOLVED ONLY),CROSSING - WITH SIGNAL,IN ROADWAY,TEST NOT OFFERED,,30,CLEAR,"DARKNESS, LIGHTED ROAD",PEDALCYCLIST,DIVIDED - W/MEDIAN (NOT RAISED),STRAIGHT ON GRADE,DRY,INJURY AND / OR TOW DUE TO CRASH,CALIFORNIA AVE,41.8118188777,-87.6944586281,POINT (-87.694458628094 41.811818877708)
O1361940,BICYCLE,f427646f09c82a485378a3250352f8f38b4cb26f3ab409c44c17f63d99e26a064cbdad400f87e96f704600e1736064c9b01aa982a4d4478f0fe8d45eb8547012,06/19/2022 04:20:00 PM,M,30.0,BICYCLE HELMET (PEDACYCLIST INVOLVED ONLY),OTHER ACTION,IN ROADWAY,TEST NOT OFFERED,,30,CLEAR,DAYLIGHT,PEDALCYCLIST,NOT DIVIDED,STRAIGHT AND LEVEL,DRY,INJURY AND / OR TOW DUE TO CRASH,CHICAGO AVE,41.8966114925,-87.6408928968,POINT (-87.640892896831 41.896611492468)
O1362351,BICYCLE,65e75698f561cd43d0e6129e09e03983cbe2ebb0bb352232825f3c08c25f27e0fd8fb18405855ded93d6f6e53061ae6e94d5d55c0a28eb552cc13489b1bacc3d,06/19/2022 01:30:00 PM,M,25.0,HELMET NOT USED,NO ACTION,UNKNOWN/NA,TEST NOT OFFERED,,25,CLEAR,DAYLIGHT,PEDALCYCLIST,ONE-WAY,STRAIGHT AND LEVEL,DRY,NO INJURY / DRIVE AWAY,SCHOOL ST,41.9416854915,-87.6649702798,POINT (-87.664970279784 41.941685491468)
O1362035,BICYCLE,c34cb01d2c2927c15f0cdf0598b57f00b71abbaa1ed602739acaf26c3a0fc5f2c2e32b50ec54b8918b259c586902785160d7aa44ee35ce96a44ef25cbbc7cda6,06/19/2022 12:45:00 PM,M,61.0,BICYCLE HELMET (PEDACYCLIST INVOLVED ONLY),CROSSING - NO CONTROLS (NOT AT INTERSECTION),IN CROSSWALK,TEST NOT OFFERED,,30,CLEAR,DAYLIGHT,PEDALCYCLIST,PARKING LOT,STRAIGHT AND LEVEL,DRY,INJURY AND / OR TOW DUE TO CRASH,FULLERTON AVE,41.9237861887,-87.7855672056,POINT (-87.785567205622 41.923786188711)
O1361577,BICYCLE,58e69589ea28ece429ebac7149215528757f6ae2348e99550d6381ee5129ed135f06755dce92ecae54df08130ddf7a3c8275ea067dd5ef4a2a4d898f78986ccc,06/19/2022 12:17:00 AM,M,,HELMET NOT USED,TURNING LEFT,IN ROADWAY,TEST NOT OFFERED,,35,CLEAR,"DARKNESS, LIGHTED ROAD",PEDALCYCLIST,FOUR WAY,STRAIGHT AND LEVEL,DRY,INJURY AND / OR TOW DUE TO CRASH,DEARBORN ST,41.8927789212,-87.629539228,POINT (-87.629539228029 41.892778921184)
O1368407,NON-MOTOR VEHICLE,4ce2a777e45f00c3c3f7f4f78247b0317b925678c9ae973f576d9d42813c53ce175157fdac86ea92781ce7dfcbfb5590cba081a413a879c9e0f8fc4788eb3be1,06/18/2022 09:00:00 PM,M,21.0,HELMET USED,CROSSING - WITH SIGNAL,IN ROADWAY,TEST NOT OFFERED,,30,CLEAR,"DARKNESS, LIGHTED ROAD",OTHER OBJECT,FOUR WAY,STRAIGHT AND LEVEL,DRY,NO INJURY / DRIVE AWAY,CLARK ST,41.9491234009,-87.6578903634,POINT (-87.657890363405 41.949123400854)
O1361840,BICYCLE,17aa39b890a4a12691365ffefbe31b5c4f9bf80e6253a3bcd4bed68658efbddc3dd54764e7194be9999f05dd6366e1fd168b1f1771f70a7073f980939f46259b,06/18/2022 07:12:00 PM,F,53.0,BICYCLE HELMET (PEDACYCLIST INVOLVED ONLY),WITH TRAFFIC,BIKE LANE,TEST NOT OFFERED,,30,CLEAR,DAYLIGHT,PEDALCYCLIST,DIVIDED - W/MEDIAN (NOT RAISED),STRAIGHT AND LEVEL,DRY,INJURY AND / OR TOW DUE TO CRASH,OGDEN AVE,41.8960644876,-87.6549759062,POINT (-87.654975906216 41.896064487553)
O1361350,BICYCLE,5b46dd959cfab5ada668f7e5ec36581a26ac14c4b0b46764779157c78ea25ad1467cb6f3dec96228339c1d87fb2845a025c28bb2875a075a8b18bfa93991c9f5,06/18/2022 05:12:00 PM,F,31.0,HELMET NOT USED,AGAINST TRAFFIC,IN ROADWAY,,,30,CLEAR,DAYLIGHT,PEDALCYCLIST,NOT DIVIDED,STRAIGHT AND LEVEL,DRY,INJURY AND / OR TOW DUE TO CRASH,ASHLAND AVE,41.9560389275,-87.6689492455,POINT (-87.668949245545 41.956038927499)