PERSON_ID,PERSON_TYPE,CRASH_RECORD_ID,CRASH_DATE_x,SEX,AGE,SAFETY_EQUIPMENT,PEDPEDAL_ACTION,PEDPEDAL_LOCATION,BAC_RESULT,CRASH_DATE_EST_I,POSTED_SPEED_LIMIT,WEATHER_CONDITION,LIGHTING_CONDITION,FIRST_CRASH_TYPE,TRAFFICWAY_TYPE,ALIGNMENT,ROADWAY_SURFACE_COND,CRASH_TYPE,STREET_NAME,LATITUDE,LONGITUDE,LOCATION
O1361452,BICYCLE,e3cd3b6a768c14fe51cf99cdc6d391fa0fc540270f242afd012481688a28c83bf8f6ed321e7a3d3ed9a3c8e98f128e4a98101d266213caa1520e049d6ecfb724,06/18/2022 03:56:00 PM,M,55.0,HELMET NOT USED,WITH TRAFFIC,IN ROADWAY,TEST NOT OFFERED,,30,CLEAR,DAYLIGHT,PEDALCYCLIST,DIVIDED - W/MEDIAN (NOT RAISED),STRAIGHT AND LEVEL,DRY,INJURY AND / OR TOW DUE TO CRASH,SCHOOL ST,41.9396006408,-87.8119193736,POINT (-87.81191937359 41.939600640809)
O1361298,BICYCLE,4ae422417ac7628bbcbee866073ed1041a3a7137d58d09b6e79afb032e92affce1355e6bffb7a486a5bf37e2451f44be95e1f24dba9e45d728504d27bd2717e2,06/18/2022 03:48:00 PM,F,24.0,HELMET NOT USED,NO ACTION,IN CROSSWALK,TEST NOT OFFERED,,35,CLEAR,DAYLIGHT,PEDALCYCLIST,NOT DIVIDED,STRAIGHT AND LEVEL,DRY,INJURY AND / OR TOW DUE TO CRASH,LUIS MUNOZ MARIN DR N,41.9095241676,-87.6992513879,POINT (-87.69925138788 41.909524167619)
O1361283,BICYCLE,0595e8bb7f52d311a54567a39d4c5fd229024b2504df54a12d6533892541feda28c6b2b86b940799005a17fb58a6e1ea8288968bbe738484d522dabda49da575,06/18/2022 02:00:00 PM,M,,HELMET NOT USED,CROSSING - CONTROLS PRESENT (NOT AT INTERSECTION),IN ROADWAY,TEST REFUSED,,25,CLEAR,DAYLIGHT,PEDALCYCLIST,FOUR WAY,STRAIGHT AND LEVEL,DRY,NO INJURY / DRIVE AWAY,GRANVILLE AVE,41.9939679515,-87.6910527633,POINT (-87.691052763285 41.99396795148)
O1361134,BICYCLE,b0b71367dfa6932ab651226f6114b8e67fcce62d98cd88a51281ef9b36953f31d0b7fa08e08d9217965f9bbdd967eff1eee0243d685622d72238a9efcdaff56b,06/18/2022 12:20:00 PM,F,48.0,BICYCLE HELMET (PEDACYCLIST INVOLVED ONLY),TURNING LEFT,IN ROADWAY,TEST NOT OFFERED,,30,CLEAR,DAYLIGHT,PEDALCYCLIST,NOT DIVIDED,STRAIGHT AND LEVEL,DRY,INJURY AND / OR TOW DUE TO CRASH,PULASKI RD,41.8520680559,-87.7246264426,POINT (-87.724626442614 41.852068055904)
O1361155,BICYCLE,ccb7c59c3dddae4f40440654abce3b92f7d03461476d98023902b71057027a8ece958b4cbd467ce395357280b527853e22508c0d59f1f59b278b31dad742f72a,06/18/2022 12:00:00 PM,F,23.0,HELMET NOT USED,WITH TRAFFIC,BIKE LANE,TEST NOT OFFERED,,30,CLEAR,DAYLIGHT,PEDALCYCLIST,NOT DIVIDED,STRAIGHT AND LEVEL,DRY,INJURY AND / OR TOW DUE TO CRASH,WELLS ST,41.9106760909,-87.6348427366,POINT (-87.634842736593 41.910676090906)
O1360818,BICYCLE,728b7eccecb598ac5c1889b8fb7a2013e8e1371edeaabdd8a78e253fae75e472700b706ce3bbc7712bc81ade7d1df73e3fe4cb91364f7be2422678a5983d8800,06/17/2022 10:50:00 PM,M,21.0,HELMET NOT USED,CROSSING - AGAINST SIGNAL,IN CROSSWALK,TEST NOT OFFERED,N,30,CLEAR,"DARKNESS, LIGHTED ROAD",PEDALCYCLIST,DIVIDED - W/MEDIAN BARRIER,STRAIGHT AND LEVEL,DRY,INJURY AND / OR TOW DUE TO CRASH,STATE ST,41.8867971604,-87.6278257719,POINT (-87.627825771868 41.886797160425)
O1360696,BICYCLE,331ca302ef5640ab1d60c89bc9851fc740f79788bbaa363ecaf42ee1bacbb1fe06a5ac107c347b937e84384bbe5e6f07a89251c5c733d69bc204e3a1c03ad79c,06/17/2022 07:35:00 PM,X,24.0,HELMET NOT USED,CROSSING - NO CONTROLS (AT INTERSECTION),IN ROADWAY,TEST NOT OFFERED,,30,CLEAR,DAYLIGHT,PEDALCYCLIST,FOUR WAY,STRAIGHT AND LEVEL,DRY,INJURY AND / OR TOW DUE TO CRASH,LAWRENCE AVE,41.9684990546,-87.7145286344,POINT (-87.71452863438 41.968499054563)
O1362010,BICYCLE,c85a66f41ffb8ae498d186b18c48a9e84be64d75b96a47653db9ac9e708a28eeba34ba59656b3a3a2a2cece153aa91db9ee8c2475b9c52fc12c918880c9ecf45,06/17/2022 06:30:00 PM,M,,BICYCLE HELMET (PEDACYCLIST INVOLVED ONLY),OTHER ACTION,SHOULDER,TEST NOT OFFERED,,30,CLEAR,DAYLIGHT,PEDALCYCLIST,ONE-WAY,STRAIGHT AND LEVEL,DRY,INJURY AND / OR TOW DUE TO CRASH,WALTON ST,41.9000769486,-87.626609538,POINT (-87.62660953804 41.900076948614)
O1360653,BICYCLE,f03d8d6475b7d63d325392baf4b956b7517097f38d625982425aae611aa6184329156ee1a0f74d32756a4a8a0dacb7d75543c8ce4524ac8044ce95d75bf0ec60,06/17/2022 06:00:00 PM,M,,HELMET NOT USED,CROSSING - WITH SIGNAL,IN CROSSWALK,TEST NOT OFFERED,,30,CLEAR,DAYLIGHT,PEDALCYCLIST,FOUR WAY,STRAIGHT AND LEVEL,DRY,INJURY AND / OR TOW DUE TO CRASH,DEVON AVE,41.9972392258,-87.7116783305,POINT (-87.711678330492 41.997239225816)
O1360658,BICYCLE,7108f8faab32f6134c605df13c8bb4231e9abd4f2784d8a81c232d045d224d9027d9e7de8249e2c573bb1354ac0755bbab8460d0c535ca82bf7c133f6b36fe74,06/17/2022 05:15:00 PM,M,40.0,HELMET NOT USED,WITH TRAFFIC,IN ROADWAY,TEST NOT OFFERED,,30,CLEAR,DAYLIGHT,PEDALCYCLIST,T-INTERSECTION,STRAIGHT AND LEVEL,DRY,INJURY AND / OR TOW DUE TO CRASH,MONTROSE AVE,41.9614126972,-87.6901074097,POINT (-87.69010740968 41.961412697164)
O1360557,BICYCLE,9216cdb2f4155a2d662ba2bd697ea53f83577f35ea25b2f251060317a288a9a2dbb2212595d17fd97dae6e8f07946390706a6189618d8cae451b580147bef6d6,06/17/2022 04:55:00 PM,M,26.0,HELMET NOT USED,CROSSING - WITH SIGNAL,IN ROADWAY,TEST NOT OFFERED,,30,CLEAR,DAYLIGHT,PEDALCYCLIST,FOUR WAY,STRAIGHT AND LEVEL,DRY,INJURY AND / OR TOW DUE TO CRASH,NORTH AVE,41.9104298624,-87.6872842205,POINT (-87.687284220508 41.910429862359)
O1360599,BICYCLE,b4847b3bbc4d8899c2009d097b0e4097b0f5c7be462a430097b2efac9c978086f6b4e16114c242b7e09fce66ad5138715739c25b710c5a1793bd1f573aaa951b,06/17/2022 04:35:00 PM,M,61.0,BICYCLE HELMET (PEDACYCLIST INVOLVED ONLY),CROSSING - WITH SIGNAL,BIKEWAY,TEST NOT OFFERED,,30,CLEAR,DAYLIGHT,PEDALCYCLIST,DIVIDED - W/MEDIAN (NOT RAISED),STRAIGHT AND LEVEL,DRY,INJURY AND / OR TOW DUE TO CRASH,DEVON AVE,41.9972414438,-87.711541552,POINT (-87.711541551964 41.997241443841)
O1360575,BICYCLE,5c33b4875d26f8afefa1a4912a6a1a77065ee7d49b22580636a967156de271d8f815503eef1f006cd980e0d3bd0a4b446643ee22010f8db3c82da25869e111fc,06/17/2022 02:30:00 PM,M,39.0,BICYCLE HELMET (PEDACYCLIST INVOLVED ONLY),WITH TRAFFIC,BIKE LANE,TEST NOT OFFERED,,30,CLEAR,DAYLIGHT,PEDALCYCLIST,NOT DIVIDED,STRAIGHT AND LEVEL,DRY,INJURY AND / OR TOW DUE TO CRASH,LAKE ST,41.8852994989,-87.6627586377,POINT (-87.662758637707 41.88529949893)
O1360992,BICYCLE,2bad029fa0f4ac4bd7bc22097f80c2633cd1457539f40108433623e16c45f5cdf68cee433b14a8fb3ca9cfceb3148e852301272b47412ad192e9e1594c6dfe23,06/17/2022 02:00:00 PM,M,15.0,HELMET NOT USED,CROSSING - AGAINST SIGNAL,IN ROADWAY,TEST NOT OFFERED,,30,CLEAR,DAYLIGHT,PEDALCYCLIST,NOT DIVIDED,STRAIGHT AND LEVEL,DRY,INJURY AND / OR TOW DUE TO CRASH,SHERIDAN RD,41.9762830559,-87.6551477688,POINT (-87.65514776883 41.976283055914)
O1360419,BICYCLE,a3a610da367a8d0257df9d51477a41caf10876742cbaf6398c5228227d6e262f99a032eeb919c59f78808c024a28f7c50ffd598078b5575b74aead38a7018ca8,06/17/2022 01:50:00 PM,M,,BICYCLE HELMET (PEDACYCLIST INVOLVED ONLY),WITH TRAFFIC,IN ROADWAY,TEST NOT OFFERED,,30,CLEAR,DAYLIGHT,PEDALCYCLIST,NOT DIVIDED,STRAIGHT AND LEVEL,DRY,INJURY AND / OR TOW DUE TO CRASH,MONTROSE AVE,41.9616455565,-87.6566959211,POINT (-87.656695921059 41.961645556529)
O1360491,BICYCLE,aafa626b241379b7553820998607e75a7d61f2db86247c1259d558c3f3608c1029413171de40de5657fdf2354592e8a4350dd74b50aa091061077a01492b75b7,06/17/2022 12:30:00 PM,M,12.0,HELMET NOT USED,ENTER FROM DRIVE/ALLEY,IN ROADWAY,TEST NOT OFFERED,,30,CLEAR,DAYLIGHT,PEDALCYCLIST,ONE-WAY,STRAIGHT AND LEVEL,DRY,INJURY AND / OR TOW DUE TO CRASH,BERNARD ST,41.9835288719,-87.7151418035,POINT (-87.715141803542 41.983528871888)
O1359931,BICYCLE,c6c02c4763c9030e722a306eb73dd769969b9eb4ff0d8816e33fae5d99af6f63b2cffdebd6be847c00bb387e03ccd5eb60fa549a96cf9e5ad724157d7450c1cc,06/16/2022 09:28:00 PM,M,16.0,HELMET NOT USED,WITH TRAFFIC,IN ROADWAY,TEST NOT OFFERED,,25,CLEAR,"DARKNESS, LIGHTED ROAD",PEDALCYCLIST,NOT DIVIDED,STRAIGHT AND LEVEL,DRY,NO INJURY / DRIVE AWAY,DELPHIA AVE,41.9758497577,-87.8416926016,POINT (-87.841692601607 41.975849757741)
O1359903,NON-MOTOR VEHICLE,2678904a0819e67d5a47fa83ad615c280ff3a23987733ce8b4f38cb7f3e41246cbae3b0e7135ef0b475c536aba7ec9213c5da87cde0a3ddb9a8dc33fda3b4e0e,06/16/2022 08:06:00 PM,,,,,,,,30,CLEAR,DAYLIGHT,FIXED OBJECT,UNKNOWN,STRAIGHT AND LEVEL,DRY,INJURY AND / OR TOW DUE TO CRASH,MICHIGAN AVE,41.7730145816,-87.6225664399,POINT (-87.622566439886 41.77301458162)
O1359879,BICYCLE,b003e09a3fcd1fba6eed1ef70a4b251aeb7836346cd40a60844c2f7c6d5289cf1c3483d9dc3d93ec163bcaf54dbfe287a060fcb3fc6b44dc60e48ffb0ba68a43,06/16/2022 07:55:00 PM,M,52.0,HELMET NOT USED,NO ACTION,IN ROADWAY,TEST NOT OFFERED,,30,CLEAR,DAYLIGHT,PEDALCYCLIST,NOT DIVIDED,STRAIGHT AND LEVEL,DRY,INJURY AND / OR TOW DUE TO CRASH,WESTERN AVE,41.8215885209,-87.6849272339,POINT (-87.684927233872 41.821588520924)
O1360691,BICYCLE,9fbcdaf3ce8d74d5d3c4b6520481e906a31eb2b4294bf6f8f91fe160b77b736d9c58d501d90ff70bf154def3d789c71b7a0820c14ad437308b47381fb38e52f1,06/16/2022 07:45:00 PM,M,15.0,HELMET NOT USED,OTHER ACTION,NOT IN ROADWAY,,,10,CLEAR,DAYLIGHT,PEDALCYCLIST,PARKING LOT,STRAIGHT AND LEVEL,DRY,INJURY AND / OR TOW DUE TO CRASH,WRIGHTWOOD AVE,41.9274999696,-87.7820611114,POINT (-87.782061111407 41.92749996957)
O1359717,BICYCLE,6947d0c21535f7e88bafb5339ca201f21c5109ca15759e851c5d6ad67cddabfcef0436d354b60063e35c7ea869b725abb9d08a0d6f54364ff9769c43fdd7e598,06/16/2022 04:14:00 PM,M,31.0,HELMET NOT USED,WITH TRAFFIC,IN ROADWAY,TEST NOT OFFERED,,30,CLEAR,DAYLIGHT,PEDALCYCLIST,NOT DIVIDED,STRAIGHT AND LEVEL,DRY,NO INJURY / DRIVE AWAY,LARRABEE ST,41.8963916501,-87.6428153617,POINT (-87.642815361726 41.896391650148)
O1359640,BICYCLE,e1d3ce5ad65b31e7a2cbdab31addd94e3bb52571febcf350dbfa8d3ed65d3a0299f24b634f2f018b70dc6fc4464fa6f129b173f2edd2b24ba0692ffae569c2be,06/16/2022 03:35:00 PM,F,52.0,HELMET NOT USED,CROSSING - NO CONTROLS (AT INTERSECTION),IN ROADWAY,TEST NOT OFFERED,,30,CLEAR,DAYLIGHT,PEDALCYCLIST,T-INTERSECTION,STRAIGHT ON GRADE,DRY,INJURY AND / OR TOW DUE TO CRASH,DEVON AVE,41.9978723263,-87.6755989011,POINT (-87.675598901133 41.997872326343)
O1359532,BICYCLE,0fab3e6679cb997db16a004d95c66a2fd218b33416e04926104279b6cad7aa60b92df307aefb69a65525ff24a64dcd085d82e0326afc046bdba72b22954c5861,06/16/2022 12:55:00 PM,F,23.0,BICYCLE HELMET (PEDACYCLIST INVOLVED ONLY),WITH TRAFFIC,IN ROADWAY,TEST NOT OFFERED,,30,CLEAR,DAYLIGHT,PEDALCYCLIST,NOT DIVIDED,STRAIGHT AND LEVEL,UNKNOWN,INJURY AND / OR TOW DUE TO CRASH,ADDISON ST,41.9473042872,-87.6566593224,POINT (-87.656659322373 41.947304287172)
O1359393,BICYCLE,c5d2cf102d895e6d738323119e563e2f50d429d0b5025872bfd1ebc5274dee600bd5804262d804c089ac5ecc8dd8fa697f98716fcc3e30182a514185b41491ac,06/16/2022 11:13:00 AM,M,15.0,HELMET NOT USED,CROSSING - NO CONTROLS (NOT AT INTERSECTION),IN ROADWAY,TEST NOT OFFERED,,30,CLEAR,DAYLIGHT,PEDALCYCLIST,NOT DIVIDED,STRAIGHT AND LEVEL,DRY,INJURY AND / OR TOW DUE TO CRASH,BRYN MAWR AVE,41.9828393096,-87.7658426527,POINT (-87.765842652658 41.982839309592)
O1359347,BICYCLE,1f8d442ddd4891b19bcf1288be292ed2cf3b2ade7af955fdcfe4436f123773fd1e2c03bd8c6c21611ab548fa2ab535573ce3698a9dcc1bdf27b6f7a71641d0a4,06/16/2022 09:00:00 AM,X,,HELMET NOT USED,UNKNOWN/NA,UNKNOWN/NA,TEST NOT OFFERED,Y,25,UNKNOWN,UNKNOWN,PEDALCYCLIST,NOT DIVIDED,STRAIGHT AND LEVEL,UNKNOWN,NO INJURY / DRIVE AWAY,LELAND AVE,41.9674574288,-87.6503080602,POINT (-87.650308060157 41.96745742876)
O1359285,BICYCLE,97e521fa14f9d253b523e5fbeeee59f7a1acc5c62c2e2f3722706168c6ca9866457a70aa056fe852ded30ef279627513354f1eb34e64485e64a6637f854c8447,06/16/2022 07:00:00 AM,F,30.0,HELMET NOT USED,WITH TRAFFIC,IN ROADWAY,TEST NOT OFFERED,,30,CLEAR,DAYLIGHT,PEDALCYCLIST,FOUR WAY,STRAIGHT AND LEVEL,DRY,INJURY AND / OR TOW DUE TO CRASH,KOSTNER AVE,41.9609168841,-87.7385752933,POINT (-87.738575293291 41.960916884054)
O1359211,BICYCLE,dd41b3cb99b023f0c02723ab76d17b553ad2029abc626b1d8ead4e01257c95032d7397a5aba6d828624e0d60308b556d001aad10efe62b19d8327cb2f20d4f56,06/16/2022 01:20:00 AM,F,27.0,HELMET NOT USED,WITH TRAFFIC,IN ROADWAY,TEST NOT OFFERED,,30,RAIN,"DARKNESS, LIGHTED ROAD",PEDALCYCLIST,NOT DIVIDED,STRAIGHT AND LEVEL,WET,INJURY AND / OR TOW DUE TO CRASH,SHERIDAN RD,41.9736177254,-87.6547892431,POINT (-87.654789243096 41.973617725369)
O1360230,BICYCLE,b87b5717bebbba684fd93292ed805a6162b1a665c9e5b401a3cf7f6adb32bb32cbbe6f9020d522d5f5cd1df19b2ca21e142657fc2b848db1b8101cf0e70ee883,06/15/2022 09:08:00 PM,F,32.0,HELMET NOT USED,CROSSING - WITH SIGNAL,IN CROSSWALK,TEST NOT OFFERED,,30,CLEAR,"DARKNESS, LIGHTED ROAD",PEDALCYCLIST,NOT DIVIDED,STRAIGHT AND LEVEL,DRY,INJURY AND / OR TOW DUE TO CRASH,LAKEVIEW AVE,41.9297760404,-87.6394153924,POINT (-87.639415392399 41.929776040365)
O1359107,BICYCLE,c29af861e3ef8179fd2c148b50a907e379a9ae3ccbde58dc95f59b19f68371ad600495923fc09123ca8d278db950c06d2c4d3594b71a1ab8cd0fc653aec1571a,06/15/2022 07:22:00 PM,M,58.0,HELMET NOT USED,AGAINST TRAFFIC,BIKE LANE,TEST NOT OFFERED,,30,CLEAR,DAYLIGHT,PEDALCYCLIST,FOUR WAY,STRAIGHT AND LEVEL,DRY,INJURY AND / OR TOW DUE TO CRASH,SOUTH SHORE DR,41.7590233849,-87.555424894,POINT (-87.55542489402 41.759023384905)
O1359075,BICYCLE,1f9b3e0608243db4514ffc7d24cda124a592af09f0dc5e9c3c285f7c8cd380aace366e34a656abc98bd419abe5b84e64e6824f1b8f725db33d44f9970df8446f,06/15/2022 06:48:00 PM,F,30.0,BICYCLE HELMET (PEDACYCLIST INVOLVED ONLY),NO ACTION,UNKNOWN/NA,TEST NOT OFFERED,,30,CLEAR,DAYLIGHT,PEDALCYCLIST,ALLEY,STRAIGHT AND LEVEL,DRY,INJURY AND / OR TOW DUE TO CRASH,27TH ST,41.8428122786,-87.7045871267,POINT (-87.70458712669 41.842812278585)
O1359057,BICYCLE,0b65b1fce344e18279a0b36f89609b2ad6f0b6cfd85bd7b3516c4758157e961244569c4fcb12026ba1d9eb63a13534a718eb6d6f716f751b5564a6a55bbcd47a,06/15/2022 06:26:00 PM,M,60.0,HELMET NOT USED,CROSSING - NO CONTROLS (AT INTERSECTION),IN CROSSWALK,TEST NOT OFFERED,,30,CLEAR,DAYLIGHT,PEDALCYCLIST,DIVIDED - W/MEDIAN BARRIER,STRAIGHT AND LEVEL,DRY,INJURY AND / OR TOW DUE TO CRASH,80TH ST,41.7495671276,-87.6051278448,POINT (-87.605127844827 41.749567127561)
O1359089,BICYCLE,6d9086230139c4e9da0cdd2aca85ae31c729c28ff4322dfce18cf8fa349be160e6e59e1f198d769dcf9a30e2a923de1af4327600eec20c1f78b0b39b9499b5ab,06/15/2022 06:15:00 PM,F,21.0,HELMET NOT USED,CROSSING - NO CONTROLS (NOT AT INTERSECTION),IN ROADWAY,TEST NOT OFFERED,,30,CLEAR,DAYLIGHT,PEDALCYCLIST,NOT DIVIDED,STRAIGHT AND LEVEL,DRY,INJURY AND / OR TOW DUE TO CRASH,FOSTER AVE,41.9757749628,-87.7159300829,POINT (-87.715930082934 41.975774962779)
O1358945,BICYCLE,8caec0304c7417291eab8b467e9982c92a15293e1fd806a5affd2fe855087c03583527219ef08fd12c6f402b270c676660a9a51d272d780abb5122522a667aea,06/15/2022 03:40:00 PM,M,47.0,HELMET NOT USED,CROSSING - NO CONTROLS (NOT AT INTERSECTION),IN CROSSWALK,"TEST PERFORMED, RESULTS UNKNOWN",,30,CLEAR,DAYLIGHT,PEDALCYCLIST,ALLEY,STRAIGHT AND LEVEL,DRY,INJURY AND / OR TOW DUE TO CRASH,25TH ST,41.8465040257,-87.700349832,POINT (-87.700349831969 41.846504025656)
O1358652,BICYCLE,d8ccc710aff823950425a45fc2507c2c99248eb690794e9725e7a7e5cbf6820fafe39e60c06ac3d2a77b93b889feb444d63dd2173f6ad57fc9147c687f7b44c1,06/15/2022 12:00:00 PM,M,,HELMET NOT USED,CROSSING - NO CONTROLS (AT INTERSECTION),IN ROADWAY,TEST NOT OFFERED,,30,CLEAR,DAYLIGHT,PEDALCYCLIST,FOUR WAY,STRAIGHT AND LEVEL,DRY,NO INJURY / DRIVE AWAY,MONTROSE AVE,41.9612217841,-87.7145058461,POINT (-87.714505846065 41.961221784078)
O1358525,BICYCLE,d5b1bd7adf6b062e380b3ed33a6c092c21cf6083cf66c2d8e7951e611cd763d8a787ceea35480f137f596ec024ba801fa7594613116dc9234f2720aa9e2f5cd3,06/15/2022 09:30:00 AM,M,65.0,HELMET NOT USED,OTHER ACTION,NOT IN ROADWAY,TEST NOT OFFERED,,15,CLEAR,DAYLIGHT,PEDALCYCLIST,PARKING LOT,STRAIGHT AND LEVEL,DRY,INJURY AND / OR TOW DUE TO CRASH,NORTH AVE,41.9095051477,-87.7469599363,POINT (-87.746959936272 41.909505147743)
O1363919,BICYCLE,99731deb0cb5711ad5d4880cb68174dbceba2a739c242423ca34b99c86860a8f3b792e9683e1f45dfdc6826c406341ac584c186453909611e3323fc14d240c3a,06/15/2022 07:57:00 AM,M,34.0,HELMET NOT USED,CROSSING - WITH SIGNAL,IN ROADWAY,TEST NOT OFFERED,Y,30,CLEAR,DAYLIGHT,PEDALCYCLIST,NOT DIVIDED,STRAIGHT AND LEVEL,DRY,INJURY AND / OR TOW DUE TO CRASH,GRACE ST,41.9507170099,-87.6714505693,POINT (-87.671450569302 41.950717009949)
O1358523,NON-MOTOR VEHICLE,890c093879a23e299b41d51c92ef0bab9e2e8c383403cea8c01efd72e8f78031505c9f1b66decf89966b73ee6c33d6f53c765a24c82bf28871d3b41268839aea,06/14/2022 10:00:00 PM,,,NONE PRESENT,,,TEST NOT OFFERED,,30,UNKNOWN,DARKNESS,FIXED OBJECT,ONE-WAY,STRAIGHT AND LEVEL,DRY,NO INJURY / DRIVE AWAY,THROOP ST,41.7348990213,-87.6558883937,POINT (-87.655888393679 41.734899021291)
O1358315,BICYCLE,a4672f975cdc29339e7f704e0c45d966bb3e7b59b8fbf88a25dde95115b6fa3ab281c341019366f6a3359cb1379b0b7cfafb54e60de033b43c9e5ed9a30e6414,06/14/2022 07:25:00 PM,M,54.0,HELMET NOT USED,ENTER FROM DRIVE/ALLEY,IN ROADWAY,TEST NOT OFFERED,,30,CLEAR,DAYLIGHT,PEDALCYCLIST,FOUR WAY,STRAIGHT AND LEVEL,DRY,INJURY AND / OR TOW DUE TO CRASH,DEVON AVE,41.997463981,-87.7876102434,POINT (-87.787610243414 41.997463981029)
O1358303,BICYCLE,d72214b73f5ecac6c0b6faea24a3aefd78361ec145bb10797dc8ae333f13e2464a09eef4756d1b138a9937df09431d1a2ad109f813064d479ed092925d64b148,06/14/2022 06:30:00 PM,M,28.0,HELMET NOT USED,WITH TRAFFIC,BIKE LANE,TEST NOT OFFERED,Y,30,CLEAR,DAYLIGHT,PEDALCYCLIST,NOT DIVIDED,STRAIGHT AND LEVEL,DRY,INJURY AND / OR TOW DUE TO CRASH,WELLS ST,41.9064731988,-87.6344199474,POINT (-87.634419947424 41.906473198779)
O1359664,BICYCLE,cd29b471e081ad2f3e70da9fffda6255347f0c3f640edf650cfa1a00022effabf12cb526cee0bd2142b73784ec519a968376ab617881a3ffc73d3793cad117fa,06/14/2022 05:45:00 PM,F,26.0,HELMET NOT USED,CROSSING - NO CONTROLS (NOT AT INTERSECTION),IN CROSSWALK,TEST NOT OFFERED,,30,CLEAR,DAYLIGHT,PEDALCYCLIST,FOUR WAY,STRAIGHT AND LEVEL,DRY,INJURY AND / OR TOW DUE TO CRASH,FULLERTON DR,41.9258473743,-87.6337729038,POINT (-87.633772903822 41.925847374264)
O1358093,BICYCLE,a66a231748e3d2523e43ea3fab78a6424d816187931fe58255e17cdbfe22daedef631810b114fde99cd50de56421c1a68abd792377deb7da4ddc9b3014366121,06/14/2022 04:39:00 PM,F,25.0,BICYCLE HELMET (PEDACYCLIST INVOLVED ONLY),WITH TRAFFIC,BIKE LANE,,,30,CLEAR,DAYLIGHT,PEDALCYCLIST,NOT DIVIDED,STRAIGHT AND LEVEL,DRY,INJURY AND / OR TOW DUE TO CRASH,MILWAUKEE AVE,41.9099987591,-87.67664791,POINT (-87.676647909977 41.909998759105)
O1358070,BICYCLE,f02d68c84fdd734b9190dd000bc6b2fd7870b82b7ad3eac21790c03832e4cfb540f0450542412e25464eb1127ef217ccd9b650d012d0081c013387647c97bc75,06/14/2022 02:45:00 PM,M,17.0,HELMET NOT USED,OTHER ACTION,IN ROADWAY,TEST NOT OFFERED,,30,CLEAR,DAYLIGHT,PEDALCYCLIST,ROUNDABOUT,STRAIGHT AND LEVEL,DRY,INJURY AND / OR TOW DUE TO CRASH,MAJOR AVE,41.9568886439,-87.7697170032,POINT (-87.769717003212 41.956888643949)
O1357931,BICYCLE,6df8e01847b93fabb84b4a976e28eb81a4071b700afba30346badca57053822ffa3818270303c02fbf6a5460e071612371d75f7a8bb3a059bdc629f09cc8705d,06/14/2022 02:27:00 PM,M,57.0,HELMET NOT USED,UNKNOWN/NA,IN ROADWAY,,,30,CLEAR,DAYLIGHT,PEDALCYCLIST,DIVIDED - W/MEDIAN (NOT RAISED),STRAIGHT AND LEVEL,DRY,NO INJURY / DRIVE AWAY,MADISON ST,41.8805559627,-87.7493373808,POINT (-87.749337380765 41.880555962728)
O1357996,BICYCLE,e120a886ea26e13e46e5995b7d2435fffa3c3de87168b850bfd5f9ce4cbdc2880ecb0d1d7ce4f3945cc170b5428f099821eeaead20eccfebd35d7a6f1571f074,06/14/2022 02:25:00 PM,M,36.0,HELMET NOT USED,WITH TRAFFIC,IN ROADWAY,TEST NOT OFFERED,,30,CLEAR,DAYLIGHT,PEDALCYCLIST,OTHER,STRAIGHT AND LEVEL,DRY,INJURY AND / OR TOW DUE TO CRASH,ARMITAGE AVE,41.9181939225,-87.6548993119,POINT (-87.654899311925 41.918193922455)
O1358580,BICYCLE,88a277768dd827cb897b7ee2d97a9bfd456b13c1aa77ab1746c570c90387d4cfabff1e5cc131a1f261f394af9b5d4cd75fc2a9607e201964df6a95cb263cd73b,06/14/2022 12:50:00 PM,M,53.0,HELMET NOT USED,OTHER ACTION,IN ROADWAY,TEST NOT OFFERED,,30,CLEAR,DAYLIGHT,PEDALCYCLIST,DIVIDED - W/MEDIAN BARRIER,STRAIGHT AND LEVEL,DRY,INJURY AND / OR TOW DUE TO CRASH,87TH ST,41.7354224283,-87.6821258965,POINT (-87.6821258965 41.735422428291)
O1357713,BICYCLE,84c4658597457f86a37ed9530ee26d6a4a62d9ef89c0be516c2e68312743a1cf4f412408491f6ec1acd8d549449a3d03330e3cb66220dfaca42538c7069fbe2d,06/14/2022 10:15:00 AM,M,15.0,HELMET NOT USED,OTHER ACTION,IN CROSSWALK,TEST NOT OFFERED,,25,CLEAR,DAYLIGHT,PEDALCYCLIST,FOUR WAY,STRAIGHT AND LEVEL,DRY,NO INJURY / DRIVE AWAY,CALIFORNIA AVE,41.9464464296,-87.697877928,POINT (-87.697877927985 41.9464464296)
O1357590,BICYCLE,9eb75ba6b1adbb786941482a4eb560282f8846e9f349916d7d951bf84cd0a5785725808a218e65eff1de11b9ec0f4771d422a8fb1e38695043513df9ded13968,06/14/2022 01:36:00 AM,M,38.0,HELMET NOT USED,NO ACTION,IN ROADWAY,TEST NOT OFFERED,,20,CLEAR,"DARKNESS, LIGHTED ROAD",PEDALCYCLIST,NOT DIVIDED,STRAIGHT AND LEVEL,DRY,INJURY AND / OR TOW DUE TO CRASH,47TH ST,41.8084009425,-87.6746240177,POINT (-87.674624017748 41.808400942492)