PERSON_ID,PERSON_TYPE,CRASH_RECORD_ID,CRASH_DATE_x,SEX,AGE,SAFETY_EQUIPMENT,PEDPEDAL_ACTION,PEDPEDAL_LOCATION,BAC_RESULT,CRASH_DATE_EST_I,POSTED_SPEED_LIMIT,WEATHER_CONDITION,LIGHTING_CONDITION,FIRST_CRASH_TYPE,TRAFFICWAY_TYPE,ALIGNMENT,ROADWAY_SURFACE_COND,CRASH_TYPE,STREET_NAME,LATITUDE,LONGITUDE,LOCATION
O1360315,BICYCLE,5b441e6834c5695f6bf5fb1983402e3b61b4a6f1c13aef369588fe5302b05158f68aac28095fdce19cf474757fdbfd389b2393540806bbb7a31d27a0221460e3,06/13/2022 08:42:00 PM,F,20.0,BICYCLE HELMET (PEDACYCLIST INVOLVED ONLY),WITH TRAFFIC,IN ROADWAY,TEST NOT OFFERED,,30,OTHER,DARKNESS,PEDALCYCLIST,NOT DIVIDED,STRAIGHT AND LEVEL,WET,INJURY AND / OR TOW DUE TO CRASH,SOUTHPORT AVE,41.9379838372,-87.6639038546,POINT (-87.663903854575 41.937983837158)
O1357531,BICYCLE,3ea6aaec32264c23e48b356c3e9853cac886c0f2c497c494821aca8dc5b84853e69074196ec74748139544071b100d47d19b8609bfd931d3f63802ba0370575f,06/13/2022 07:35:00 PM,F,33.0,BICYCLE HELMET (PEDACYCLIST INVOLVED ONLY),WITH TRAFFIC,BIKEWAY,TEST NOT OFFERED,,30,RAIN,DUSK,PEDALCYCLIST,T-INTERSECTION,STRAIGHT AND LEVEL,WET,INJURY AND / OR TOW DUE TO CRASH,FULLERTON AVE,41.925425424,-87.6570447333,POINT (-87.657044733257 41.925425424025)
O1357503,BICYCLE,d1a959c2a0a1025e478c9391ba8d6c3c39ae36e6b86796dce834680e75cd578d7f942dca3d0a76398abcfcb193073435d2146bbc26f543c02255c1bbb39ea8fc,06/13/2022 05:45:00 PM,F,59.0,HELMET NOT USED,OTHER ACTION,IN ROADWAY,TEST NOT OFFERED,,30,CLEAR,DAYLIGHT,PEDALCYCLIST,NOT DIVIDED,STRAIGHT AND LEVEL,DRY,INJURY AND / OR TOW DUE TO CRASH,ELSTON AVE,41.9680393614,-87.7402838945,POINT (-87.74028389449 41.968039361437)
O1357542,NON-MOTOR VEHICLE,12757c8f4b18c9b4b2d9f5e39961f4d5aa483355d537afe5ca5a0f2a6138b79dc26fdaa893ff64984c3147c7d2d4f8e80df5ed99756fe274da123cacd96e3cfb,06/13/2022 05:44:00 PM,,,,,,,N,15,SEVERE CROSS WIND GATE,"DARKNESS, LIGHTED ROAD",OTHER OBJECT,ONE-WAY,STRAIGHT AND LEVEL,WET,NO INJURY / DRIVE AWAY,TERMINAL ST,,,
O1358058,BICYCLE,f26b9f3820e4733f26e0b895cd17f837af7434b7f99099a9af63ae6222a7e5a080b14521d46ff834abc918f1d76494cb5760ddec6e32be21cbbe8b972a4704be,06/13/2022 05:30:00 PM,M,34.0,BICYCLE HELMET (PEDACYCLIST INVOLVED ONLY),WITH TRAFFIC,BIKEWAY,TEST NOT OFFERED,,30,CLEAR,DAYLIGHT,PEDALCYCLIST,NOT DIVIDED,STRAIGHT AND LEVEL,DRY,NO INJURY / DRIVE AWAY,AUGUSTA BLVD,41.8997608828,-87.6710012937,POINT (-87.671001293743 41.899760882792)
O1357382,NON-MOTOR VEHICLE,223f3ea95f0263f2a01c1b8c8bbce84c22107b9556ee14b951f785c1545d89668882e019516d8c62cf1b6184d3f5ad02f74a34b343518dac6d6d212f448b0c26,06/13/2022 04:26:00 PM,X,,NONE PRESENT,NO ACTION,UNKNOWN/NA,TEST NOT OFFERED,,30,CLOUDY/OVERCAST,DAYLIGHT,FIXED OBJECT,OTHER,STRAIGHT AND LEVEL,DRY,NO INJURY / DRIVE AWAY,119TH ST,41.6776878889,-87.6431005486,POINT (-87.643100548589 41.677687888899)
O1357362,BICYCLE,6b85eb65b6a09a950ba19c5a4ab19ab04445fae2e584c53bf6653106e97a2a4c5e340fa7fa7130b32915b2765eb6fe89efa6500c592fb1580b674036bab06b38,06/13/2022 02:46:00 PM,F,58.0,HELMET NOT USED,TURNING LEFT,IN ROADWAY,TEST NOT OFFERED,,30,CLEAR,DAYLIGHT,PEDALCYCLIST,NOT DIVIDED,STRAIGHT AND LEVEL,DRY,INJURY AND / OR TOW DUE TO CRASH,STATE ST,41.8974802397,-87.6280743201,POINT (-87.628074320122 41.897480239743)
O1357242,BICYCLE,3f2d6821580a6a8533a399c5e69826842420c3b25896127a1c874831c30839e626e612ed1cbe07ce7ef46d045eeafcf6f5a8c21505091ba95ca3477aaacd5814,06/13/2022 01:50:00 PM,M,17.0,HELMET NOT USED,UNKNOWN/NA,IN CROSSWALK,TEST NOT OFFERED,,30,CLEAR,DAYLIGHT,PEDALCYCLIST,OTHER,STRAIGHT AND LEVEL,DRY,INJURY AND / OR TOW DUE TO CRASH,CICERO AVE,41.7756633676,-87.7423278111,POINT (-87.742327811139 41.775663367554)
O1357211,BICYCLE,6f61fa23ac16e303d7ef99c85d0cf1ebe73da34833d26b0afca5e725e458255033509eac5e307630420d06512e1d5d083bcec77983e6546257e9473359bbd64c,06/13/2022 01:45:00 PM,F,14.0,BICYCLE HELMET (PEDACYCLIST INVOLVED ONLY),CROSSING - CONTROLS PRESENT (NOT AT INTERSECTION),IN ROADWAY,,,30,CLEAR,DAYLIGHT,PEDALCYCLIST,DIVIDED - W/MEDIAN BARRIER,STRAIGHT AND LEVEL,DRY,NO INJURY / DRIVE AWAY,ASHLAND AVE,41.9360911216,-87.6686781535,POINT (-87.668678153513 41.936091121625)
O1357194,BICYCLE,4518e4edb50572397ea1f84c48c1b7290d32768929793421893a5e7c56984dd38816f44f0dfc3d8b4742f7381f23ef6a3a125497524cc957d27559472313ae2b,06/13/2022 12:54:00 PM,M,27.0,HELMET NOT USED,CROSSING - CONTROLS PRESENT (NOT AT INTERSECTION),IN ROADWAY,TEST NOT OFFERED,,30,CLEAR,DAYLIGHT,PEDALCYCLIST,TRAFFIC ROUTE,STRAIGHT AND LEVEL,DRY,INJURY AND / OR TOW DUE TO CRASH,BERNARD ST,41.968477061,-87.7147374827,POINT (-87.714737482696 41.968477060964)
O1360211,BICYCLE,777fc7f808b655f56ccf0b236fd81ac16dc2845aed4bb4809c314ea33590b38af713a323aa184da352ca9e79174b393757790929912281c0f9c232da1262ce1e,06/12/2022 06:27:00 PM,M,,HELMET NOT USED,CROSSING - CONTROLS PRESENT (NOT AT INTERSECTION),IN ROADWAY,TEST NOT OFFERED,,25,CLEAR,DAYLIGHT,PEDALCYCLIST,NOT DIVIDED,STRAIGHT AND LEVEL,DRY,NO INJURY / DRIVE AWAY,FRANKLIN ST,41.8844994927,-87.635233576,POINT (-87.635233576018 41.884499492655)
O1356832,BICYCLE,e2fc1f17fcddad45c87456f475794bddbb161bb976c45163518f80f27a8c837d6a522812399db6ca7a32150f91df22b3232bb5851e192bc019becd8d23a1f35b,06/12/2022 05:40:00 PM,M,13.0,HELMET NOT USED,UNKNOWN/NA,IN ROADWAY,TEST NOT OFFERED,,30,CLEAR,DAYLIGHT,PEDALCYCLIST,NOT DIVIDED,STRAIGHT AND LEVEL,DRY,INJURY AND / OR TOW DUE TO CRASH,26TH ST,41.8455670276,-87.6368550875,POINT (-87.636855087545 41.845567027585)
O1357347,BICYCLE,5b0b8387604cf66dacec338837881eddb5f81fd10ec930c6e971d7ad40cd1995cda4d4325f722ea04a62a4de40108edd7570676dee37f5cc24032cfc6d33a24d,06/12/2022 04:00:00 PM,M,22.0,HELMET NOT USED,WITH TRAFFIC,BIKE LANE,TEST NOT OFFERED,,30,CLEAR,DAYLIGHT,PEDALCYCLIST,DIVIDED - W/MEDIAN (NOT RAISED),STRAIGHT AND LEVEL,DRY,INJURY AND / OR TOW DUE TO CRASH,CLARK ST,41.9724558691,-87.6677563103,POINT (-87.667756310256 41.972455869129)
O1357196,BICYCLE,53ab9a7e17bd7fe03d2c657d6ec1fb198846d06f4648501987296b223fe4cf1370c73c200814223b5558f4a590245dd5c2d69133ef2b4cfa0e3b64bfa5be6778,06/12/2022 03:30:00 PM,M,37.0,BICYCLE HELMET (PEDACYCLIST INVOLVED ONLY),WITH TRAFFIC,BIKE LANE,,,30,CLEAR,DAYLIGHT,PEDALCYCLIST,NOT DIVIDED,STRAIGHT AND LEVEL,DRY,INJURY AND / OR TOW DUE TO CRASH,MILWAUKEE AVE,41.9343928945,-87.7158998886,POINT (-87.715899888571 41.934392894503)
O1356710,BICYCLE,1d9193ab67d993189e86f3d6ae1ab35201c164f5e3416e21a2f32a605c940d9af32d1c45a4a1cb92c56b8da30d9fd147128979998c80ce3b3faa0ab2264f644f,06/12/2022 02:20:00 PM,M,22.0,BICYCLE HELMET (PEDACYCLIST INVOLVED ONLY),WITH TRAFFIC,IN ROADWAY,TEST NOT OFFERED,,30,CLEAR,DAYLIGHT,PEDALCYCLIST,NOT DIVIDED,STRAIGHT AND LEVEL,DRY,INJURY AND / OR TOW DUE TO CRASH,PALMER ST,41.9208877057,-87.7124784311,POINT (-87.71247843105 41.920887705665)
O1357089,BICYCLE,c28700b165a6a20428989373ea3725b0b8c0e7b50b3bc73e70a14202415604b6f7a4458f6a78c41c378dcecd07b49666e7a7be9f7e37a0e610a9380cce4de103,06/12/2022 11:00:00 AM,M,,BICYCLE HELMET (PEDACYCLIST INVOLVED ONLY),UNKNOWN/NA,UNKNOWN/NA,TEST NOT OFFERED,Y,30,UNKNOWN,DAYLIGHT,PEDALCYCLIST,NOT DIVIDED,STRAIGHT AND LEVEL,DRY,INJURY AND / OR TOW DUE TO CRASH,BROADWAY,41.974645684,-87.659970179,POINT (-87.659970178971 41.974645683985)
O1356412,BICYCLE,03b909bea694044b20e34061dc1bf7f25b892d34c8da796256b410d0345ef3aa683b4df969bbeb562eaee63d881e5d9abab0692c3260f60541999840c652af66,06/11/2022 10:37:00 PM,M,62.0,BICYCLE HELMET (PEDACYCLIST INVOLVED ONLY),NO ACTION,SHOULDER,TEST NOT OFFERED,,30,CLEAR,"DARKNESS, LIGHTED ROAD",PEDALCYCLIST,NOT DIVIDED,STRAIGHT AND LEVEL,DRY,INJURY AND / OR TOW DUE TO CRASH,83RD ST,41.7434735935,-87.6434339893,POINT (-87.643433989318 41.74347359351)
O1356374,BICYCLE,9814f19aa4a613b7bcbbcfd95d9565ecc94061356dbbfd069875d7c7a683f7a062009abb61b9613c476f8fed9d65a20f1e1f1624547ca522e325ba803e8d89d6,06/11/2022 09:30:00 PM,M,59.0,HELMET NOT USED,WITH TRAFFIC,IN ROADWAY,,,35,CLEAR,"DARKNESS, LIGHTED ROAD",PEDALCYCLIST,DIVIDED - W/MEDIAN (NOT RAISED),STRAIGHT AND LEVEL,DRY,INJURY AND / OR TOW DUE TO CRASH,STONY ISLAND AVE,41.7550276868,-87.5862695217,POINT (-87.586269521734 41.755027686811)
O1356243,BICYCLE,2da71978747d8375c4e0983c90431114fa4ee935d7df186d90038693fa2ef92abd91eaea7c65f51c00aa635f2b22300d0653825bd6c37f8bfba859aa03742cf9,06/11/2022 06:50:00 PM,M,46.0,HELMET NOT USED,WITH TRAFFIC,IN ROADWAY,TEST NOT OFFERED,,30,CLEAR,DAYLIGHT,PEDALCYCLIST,NOT DIVIDED,STRAIGHT AND LEVEL,DRY,INJURY AND / OR TOW DUE TO CRASH,NORTH AVE,41.9106397209,-87.6746224972,POINT (-87.674622497193 41.910639720868)
O1356231,BICYCLE,f5b3896cd9630258cf6c0cd369198e68ccbdade362087945d609f4761111b3f19e7e678bc3af4f9ed2b9b07b80031949693aefe2d7c08bd44e660a7b905cb2d1,06/11/2022 04:48:00 PM,F,38.0,BICYCLE HELMET (PEDACYCLIST INVOLVED ONLY),NO ACTION,BIKEWAY,TEST NOT OFFERED,N,20,CLEAR,DAYLIGHT,PEDALCYCLIST,NOT DIVIDED,STRAIGHT AND LEVEL,DRY,INJURY AND / OR TOW DUE TO CRASH,MICHIGAN AVE,41.8309701294,-87.6234021222,POINT (-87.623402122211 41.830970129402)
O1356196,BICYCLE,de1cf2e1c2870d45adb5fc82bfc2902a97d6f3934fac363400bccf031d34137f2d29477e8ffbae903b51dfcdb15a5e3020c46a6d08905f79f071cba443d6f286,06/11/2022 04:44:00 PM,M,38.0,HELMET NOT USED,WITH TRAFFIC,BIKEWAY,TEST NOT OFFERED,,30,CLEAR,DAYLIGHT,PEDALCYCLIST,NOT DIVIDED,STRAIGHT AND LEVEL,DRY,INJURY AND / OR TOW DUE TO CRASH,WESTERN AVE,41.8774769618,-87.6861960296,POINT (-87.686196029587 41.877476961841)
O1355886,BICYCLE,21be89c8ddcb8b94b45f7ab2d705774ad424816e9e2345d818e3dfd664439608836645cf40c4c44351852deaeafa9db25c85dc8ae1198a760c918b175e9cfc00,06/11/2022 11:21:00 AM,M,33.0,BICYCLE HELMET (PEDACYCLIST INVOLVED ONLY),CROSSING - WITH SIGNAL,BIKE LANE,TEST NOT OFFERED,,30,CLEAR,DAYLIGHT,PEDALCYCLIST,FOUR WAY,STRAIGHT AND LEVEL,DRY,NO INJURY / DRIVE AWAY,DAMEN AVE,41.9259482505,-87.6778076495,POINT (-87.67780764947 41.925948250534)
O1355829,BICYCLE,fdf01133297e1891c2c6d55c1ef00d1fc1ce60d548b0e28985d85ff4c739764273cd323f27dc40ad9022b8ed39386ea87c398e604c99898455c9b68a83aa6b97,06/11/2022 09:07:00 AM,M,16.0,BICYCLE HELMET (PEDACYCLIST INVOLVED ONLY),NO ACTION,IN ROADWAY,TEST NOT OFFERED,,30,CLEAR,DAYLIGHT,PEDALCYCLIST,NOT DIVIDED,STRAIGHT AND LEVEL,DRY,INJURY AND / OR TOW DUE TO CRASH,HAMLIN AVE,41.8981808212,-87.7211346828,POINT (-87.721134682818 41.898180821172)
O1355514,BICYCLE,3b3b33af3ac3b68a1584580b64b593d1235f7be39602d195dfa7adde958f98bd6380439f8e837cd1335e33f07cfa9b9572b20c5512b4844892323034f7089588,06/10/2022 06:06:00 PM,M,10.0,BICYCLE HELMET (PEDACYCLIST INVOLVED ONLY),AGAINST TRAFFIC,IN CROSSWALK,TEST NOT OFFERED,,30,CLEAR,DAYLIGHT,PEDALCYCLIST,FOUR WAY,STRAIGHT AND LEVEL,DRY,INJURY AND / OR TOW DUE TO CRASH,MILWAUKEE AVE,41.9462694828,-87.7358635809,POINT (-87.735863580886 41.946269482831)
O1355444,NON-MOTOR VEHICLE,3ff695bfc40dfb30d0f1afb030414e4494f8632a1df099f51ff28083dfefd7692814276472a885d85803b1da86ee6ed0b7a8d61cee2faa8b822553e4e15f3419,06/10/2022 05:22:00 PM,F,25.0,HELMET NOT USED,WITH TRAFFIC,SHOULDER,TEST NOT OFFERED,,30,CLEAR,DAYLIGHT,OTHER OBJECT,DIVIDED - W/MEDIAN (NOT RAISED),STRAIGHT AND LEVEL,DRY,NO INJURY / DRIVE AWAY,CHICAGO AVE,41.8965733806,-87.6277821401,POINT (-87.627782140135 41.896573380603)
O1355433,BICYCLE,b2b7df74445bdaf3dd7534c41382d655cd0a70d9b3b48fd48bbe6d4651a2fa0562d1068b2a3e9459ea20aaed977ec00edd3165a2069ef5e4052f175f2c6cbdab,06/10/2022 05:06:00 PM,M,15.0,HELMET NOT USED,CROSSING - CONTROLS PRESENT (NOT AT INTERSECTION),IN ROADWAY,TEST NOT OFFERED,,30,CLEAR,DAYLIGHT,PEDALCYCLIST,FOUR WAY,STRAIGHT AND LEVEL,DRY,INJURY AND / OR TOW DUE TO CRASH,LOOMIS ST,41.8661106574,-87.661704515,POINT (-87.661704515025 41.866110657399)
O1355440,BICYCLE,4ad998d7cc4a879a1c1d622bb5bbade8aa2d304019ce0a46f06a503223e3cf4ac3c184b02703f55ee8f5a495eedb10ad8a9ceac1afb28b055f70cfd1a34bc361,06/10/2022 03:45:00 PM,F,22.0,BICYCLE HELMET (PEDACYCLIST INVOLVED ONLY),WITH TRAFFIC,IN ROADWAY,TEST NOT OFFERED,,30,CLEAR,DAYLIGHT,PEDALCYCLIST,NOT DIVIDED,STRAIGHT AND LEVEL,DRY,INJURY AND / OR TOW DUE TO CRASH,MILWAUKEE AVE,41.9961554537,-87.7865702012,POINT (-87.786570201215 41.996155453725)
O1355549,BICYCLE,51df0e41c220060d2745557bcb3d60f6af4877836bb8b44179d43662d7e2c40ea2ed2bf6e3b40d0bbfc77f7f749161e0631869bcfddaf33b69eebb3e966081e6,06/10/2022 03:45:00 PM,M,,HELMET NOT USED,NO ACTION,IN ROADWAY,TEST NOT OFFERED,,30,CLEAR,DAYLIGHT,PEDALCYCLIST,FOUR WAY,STRAIGHT AND LEVEL,UNKNOWN,INJURY AND / OR TOW DUE TO CRASH,HALSTED ST,41.8901384104,-87.6474605255,POINT (-87.647460525518 41.890138410356)
O1355574,BICYCLE,faf2c22fc6eac1d0fae438468b56e1de179f45b1fd69ecc85b544763e4e9427eece27c051c9733163760bee8cf0041248d5aa041ddc96949953d8e9d70f6b8df,06/10/2022 03:30:00 PM,M,60.0,HELMET NOT USED,CROSSING - NO CONTROLS (AT INTERSECTION),IN CROSSWALK,TEST NOT OFFERED,,30,UNKNOWN,UNKNOWN,PEDALCYCLIST,FOUR WAY,STRAIGHT AND LEVEL,UNKNOWN,INJURY AND / OR TOW DUE TO CRASH,STATE ST,41.7509181383,-87.6246901225,POINT (-87.624690122516 41.750918138315)
O1355486,BICYCLE,5bc2bf6c5c022bfea414fc85d81618d56982eb36c99db81a5927b379c281494dfd79310e7e82297512d80da0b49721097748eb4938d61e60eb763bd2d991fc71,06/10/2022 03:15:00 PM,M,16.0,HELMET NOT USED,CROSSING - NO CONTROLS (AT INTERSECTION),UNKNOWN/NA,TEST NOT OFFERED,,30,CLEAR,DAYLIGHT,PEDALCYCLIST,FOUR WAY,STRAIGHT AND LEVEL,DRY,INJURY AND / OR TOW DUE TO CRASH,WEST CIRCLE AVE,41.9865421246,-87.8055735416,POINT (-87.805573541587 41.986542124603)
O1355268,BICYCLE,3fb6765c42334c2e3326caff73153d3cde03d2c47cecfd4702b5a19df55c94419feffeda71f84e6fd81d224fd719589bce4fb37d7ba7f4da4db0ca679fb0af7f,06/10/2022 02:26:00 PM,F,76.0,BICYCLE HELMET (PEDACYCLIST INVOLVED ONLY),CROSSING - CONTROLS PRESENT (NOT AT INTERSECTION),IN CROSSWALK,TEST NOT OFFERED,,30,CLEAR,DAYLIGHT,PEDALCYCLIST,FOUR WAY,STRAIGHT AND LEVEL,DRY,INJURY AND / OR TOW DUE TO CRASH,HOLLYWOOD AVE,41.98487361,-87.6906533031,POINT (-87.690653303088 41.984873610014)
O1357961,BICYCLE,d4c417113261316d580c9f4c84c2959879d58b8c3ddf95cc8676f5c2d1d9f36a189fd321cd43c6a6fcd7f5060a56d98ce88d49d12ef5775ac68cf935592a9926,06/10/2022 02:15:00 PM,M,43.0,BICYCLE HELMET (PEDACYCLIST INVOLVED ONLY),WITH TRAFFIC,BIKE LANE,TEST NOT OFFERED,,30,CLEAR,DAYLIGHT,PEDALCYCLIST,NOT DIVIDED,STRAIGHT AND LEVEL,DRY,INJURY AND / OR TOW DUE TO CRASH,87TH ST,41.7362616994,-87.6290647164,POINT (-87.629064716425 41.736261699376)
O1354999,NON-MOTOR VEHICLE,dcead9e5c934ad7c661604b19fa51ebfd8f19a1cdf85a2ce8e12ddfa2fec2f84530e9fa4eac9d280ea038d457e022935a4cf5aec0c479c445c0ac335877db33b,06/10/2022 06:30:00 AM,M,27.0,NONE PRESENT,CROSSING - NO CONTROLS (NOT AT INTERSECTION),IN ROADWAY,TEST NOT OFFERED,,30,CLEAR,DAYLIGHT,OTHER OBJECT,ONE-WAY,STRAIGHT AND LEVEL,DRY,INJURY AND / OR TOW DUE TO CRASH,LOTUS AVE,41.9099657864,-87.7619371026,POINT (-87.761937102556 41.909965786379)
O1354656,BICYCLE,d4079beb6d1f192f1a491a8212f8c9598af01474d41a829e557de9428c22acc842bdd1e4b54bacef764d323534106ede4c1e9be2336a721e561f0c044d1756df,06/09/2022 04:15:00 PM,M,16.0,HELMET NOT USED,WITH TRAFFIC,IN ROADWAY,TEST NOT OFFERED,,35,CLEAR,DAYLIGHT,PEDALCYCLIST,NOT DIVIDED,STRAIGHT AND LEVEL,DRY,NO INJURY / DRIVE AWAY,CICERO AVE,41.9511811793,-87.7471070767,POINT (-87.747107076717 41.951181179277)
O1370061,BICYCLE,bd2a7754929d6ef98371a907741339bba3bbc23bb49856f8779c53dbcfc001949bc81564f7095a2f45d71820cbb9fa56dfc5f07b0813bcae6d85da9463bef9ae,06/09/2022 02:35:00 PM,F,20.0,HELMET NOT USED,NO ACTION,UNKNOWN/NA,TEST NOT OFFERED,,10,CLEAR,DAYLIGHT,PEDALCYCLIST,PARKING LOT,STRAIGHT AND LEVEL,DRY,INJURY AND / OR TOW DUE TO CRASH,CANNON DR,41.9220638,-87.6322330599,POINT (-87.632233059923 41.922063800028)
O1354642,NON-MOTOR VEHICLE,caf86797cdb827316009c310b3585f2decee8517ce7cd109ab8ad69a13df6b7941fde67d89ad4d7d764febf99ef3f6ad1e8a2c0feca5cd30626fe52bfb60ed6c,06/09/2022 01:22:00 PM,F,,,,,,,5,CLEAR,DAYLIGHT,FIXED OBJECT,PARKING LOT,STRAIGHT AND LEVEL,DRY,INJURY AND / OR TOW DUE TO CRASH,PEARSON ST,41.8976585605,-87.625609789,POINT (-87.625609788991 41.897658560458)
O1360201,BICYCLE,c1711eaa9078e952b0c1db05732c4dbc4d2b7cf2b03f3965ddc1642ac57ede45227efacf655187109f27a0c0c1fa3471913d26e00781d9b1bc0c3b753a58e189,06/09/2022 08:18:00 AM,F,44.0,BICYCLE HELMET (PEDACYCLIST INVOLVED ONLY),PARKED VEHICLE,BIKE LANE,TEST NOT OFFERED,,25,CLEAR,DAYLIGHT,PARKED MOTOR VEHICLE,FOUR WAY,STRAIGHT AND LEVEL,DRY,INJURY AND / OR TOW DUE TO CRASH,LELAND AVE,41.9671163741,-87.6575750998,POINT (-87.657575099815 41.967116374101)
O1360206,BICYCLE,c1711eaa9078e952b0c1db05732c4dbc4d2b7cf2b03f3965ddc1642ac57ede45227efacf655187109f27a0c0c1fa3471913d26e00781d9b1bc0c3b753a58e189,06/09/2022 08:18:00 AM,F,3.0,BICYCLE HELMET (PEDACYCLIST INVOLVED ONLY),UNKNOWN/NA,IN ROADWAY,TEST NOT OFFERED,,25,CLEAR,DAYLIGHT,PARKED MOTOR VEHICLE,FOUR WAY,STRAIGHT AND LEVEL,DRY,INJURY AND / OR TOW DUE TO CRASH,LELAND AVE,41.9671163741,-87.6575750998,POINT (-87.657575099815 41.967116374101)
O1354334,BICYCLE,d40078d11b0aa2a5c90ab06d328e0bb007940de2f2e0a7daf1ef7adbb8fc5aff73aa56705bc2d8d1d57600e2148da740d7241836206147768e960646e661a7ec,06/09/2022 07:32:00 AM,F,42.0,BICYCLE HELMET (PEDACYCLIST INVOLVED ONLY),WITH TRAFFIC,BIKE LANE,TEST NOT OFFERED,,30,CLEAR,DAYLIGHT,PEDALCYCLIST,ONE-WAY,STRAIGHT AND LEVEL,DRY,INJURY AND / OR TOW DUE TO CRASH,LAVERGNE AVE,41.9424609351,-87.7517523589,POINT (-87.751752358899 41.942460935053)
O1354331,BICYCLE,7c2e3e7bef3b70f6229154cc1d1ed75beac5b03eb8d430169b61ccb5a1fe0446fb890e38ffbbd4aac2c74a5713e54cb927040f15a41df488d5ae04cfcebf826d,06/09/2022 06:52:00 AM,M,37.0,BICYCLE HELMET (PEDACYCLIST INVOLVED ONLY),CROSSING - WITH SIGNAL,IN ROADWAY,TEST NOT OFFERED,,25,CLEAR,DAYLIGHT,PEDALCYCLIST,T-INTERSECTION,STRAIGHT AND LEVEL,DRY,INJURY AND / OR TOW DUE TO CRASH,TALMAN AVE,41.8825954541,-87.6923682803,POINT (-87.692368280316 41.882595454098)
O1354287,BICYCLE,9b7f8000d7bfbf72b0ca6256a8e7ff9b0028428d69819ca29817895bf2435663fdf5b6c4b2549ef1cf06b28a4fc513c6785fa25ceacbc0cf31a5ecb7dbe27253,06/09/2022 04:50:00 AM,M,36.0,HELMET NOT USED,CROSSING - WITH SIGNAL,IN ROADWAY,TEST NOT OFFERED,,30,CLEAR,DAWN,PEDALCYCLIST,DIVIDED - W/MEDIAN (NOT RAISED),STRAIGHT AND LEVEL,DRY,INJURY AND / OR TOW DUE TO CRASH,MONTROSE AVE,41.9610773954,-87.708186162,POINT (-87.708186161951 41.961077395405)
O1354254,BICYCLE,a7ceee3ac3f8d0b870bc97b4b2ec139c38ccd6c82ff9e72112084ffcdb65e63d6b4afb4f5e8e6374bd73814525f03cda01a94b2d62ff2521631b2d51991d81c3,06/08/2022 10:35:00 PM,M,28.0,HELMET NOT USED,NO ACTION,BIKEWAY,TEST NOT OFFERED,,25,CLEAR,DARKNESS,PEDALCYCLIST,NOT DIVIDED,STRAIGHT AND LEVEL,DRY,INJURY AND / OR TOW DUE TO CRASH,18TH ST,41.8579737211,-87.6620469023,POINT (-87.662046902308 41.857973721134)
O1354255,BICYCLE,382a064982d9b1365d87e8eee35838b8d16c1664726fd04260224dc07a265e36a138bc27b91829da1c0d5b4db6c6f0484b5b9a65c2d487efc8d9fc5d9ca6cbd1,06/08/2022 09:13:00 PM,M,26.0,BICYCLE HELMET (PEDACYCLIST INVOLVED ONLY),CROSSING - NO CONTROLS (AT INTERSECTION),BIKE LANE,TEST NOT OFFERED,,30,CLEAR,DARKNESS,PEDALCYCLIST,T-INTERSECTION,STRAIGHT AND LEVEL,UNKNOWN,INJURY AND / OR TOW DUE TO CRASH,RAVENSWOOD AVE,42.0053725324,-87.6750870016,POINT (-87.675087001623 42.005372532414)
O1354190,BICYCLE,407f7297d29ec077724e5ccebbe2f02ea778a2f1f046747aa5c2524ee03f0291aeedba4701e9dabfb8458ce9548a7cec8eb080f0f239b4a8eaf4309fc2c9be22,06/08/2022 06:10:00 PM,M,35.0,HELMET NOT USED,NO ACTION,IN ROADWAY,TEST NOT OFFERED,,35,RAIN,DAYLIGHT,PEDALCYCLIST,NOT DIVIDED,STRAIGHT AND LEVEL,WET,INJURY AND / OR TOW DUE TO CRASH,113TH ST,41.6892779084,-87.6084025367,POINT (-87.608402536725 41.689277908443)
O1354127,BICYCLE,ab77a9db7905105d0a7eb244f3a447da6339bcf219477aafbeebd3380e090fd750ef922ae0dddc5b391b094dae58376075deeca4fd1d8e6ba0bf1190fb166636,06/08/2022 05:06:00 PM,F,40.0,BICYCLE HELMET (PEDACYCLIST INVOLVED ONLY),WITH TRAFFIC,BIKEWAY,TEST NOT OFFERED,,30,CLEAR,DAYLIGHT,PEDALCYCLIST,NOT DIVIDED,STRAIGHT AND LEVEL,WET,INJURY AND / OR TOW DUE TO CRASH,MILWAUKEE AVE,41.9045477629,-87.6681098713,POINT (-87.668109871325 41.904547762926)
O1354082,BICYCLE,de37219cecf7e3140b0f1b902d72e95035fb5f11f95f64acb2b75fed4d9f8d77f6050d2000a2b992c087bfaacf1481c98249b4a1ca242376b7784ef419b1fc9d,06/08/2022 05:00:00 PM,M,26.0,HELMET NOT USED,WITH TRAFFIC,BIKE LANE,TEST NOT OFFERED,,30,CLEAR,DAYLIGHT,PEDALCYCLIST,DIVIDED - W/MEDIAN (NOT RAISED),STRAIGHT AND LEVEL,DRY,INJURY AND / OR TOW DUE TO CRASH,18TH ST,41.8580473298,-87.6574229513,POINT (-87.657422951325 41.858047329797)
O1354093,BICYCLE,3cfbb39fb8033f92b47c7d774577b63ee895726d315ef4d88572bc18871ed79763044211da9dc0514b3e39f7e579f75221344556bbc861c0c44be68cc11b4c4a,06/08/2022 04:30:00 PM,M,13.0,HELMET NOT USED,ENTER FROM DRIVE/ALLEY,NOT IN ROADWAY,TEST NOT OFFERED,,30,CLEAR,DAYLIGHT,PEDALCYCLIST,DIVIDED - W/MEDIAN (NOT RAISED),STRAIGHT AND LEVEL,WET,INJURY AND / OR TOW DUE TO CRASH,LUNT AVE,42.0085332269,-87.6907985302,POINT (-87.690798530233 42.008533226922)