PERSON_ID,PERSON_TYPE,CRASH_RECORD_ID,CRASH_DATE_x,SEX,AGE,SAFETY_EQUIPMENT,PEDPEDAL_ACTION,PEDPEDAL_LOCATION,BAC_RESULT,CRASH_DATE_EST_I,POSTED_SPEED_LIMIT,WEATHER_CONDITION,LIGHTING_CONDITION,FIRST_CRASH_TYPE,TRAFFICWAY_TYPE,ALIGNMENT,ROADWAY_SURFACE_COND,CRASH_TYPE,STREET_NAME,LATITUDE,LONGITUDE,LOCATION
O1353797,NON-MOTOR VEHICLE,722d7b47179f0d0902696423248875b890197392680c731d3db96e191f0879add3ff2d1f2568e0e560b34caed036d7749ef14c7f0a73521c5293dc63037d4b0c,06/08/2022 12:00:00 PM,M,,USAGE UNKNOWN,,,TEST NOT OFFERED,,15,RAIN,DAYLIGHT,FIXED OBJECT,PARKING LOT,STRAIGHT AND LEVEL,WET,NO INJURY / DRIVE AWAY,OHARE ST,,,
O1353642,BICYCLE,596b5d2ca70de1e6609e559f7dee47f9c56e391c2ac5a4d945a338667fe2fdc783c83811e7574a77e0f6f84556a380bbc8cd54a60fe69a74d995a211a4ab7cc8,06/08/2022 08:02:00 AM,M,55.0,BICYCLE HELMET (PEDACYCLIST INVOLVED ONLY),CROSSING - WITH SIGNAL,IN ROADWAY,TEST NOT OFFERED,,30,CLEAR,DAYLIGHT,PEDALCYCLIST,NOT DIVIDED,STRAIGHT AND LEVEL,DRY,INJURY AND / OR TOW DUE TO CRASH,MONROE DR,41.8807624227,-87.6208838703,POINT (-87.620883870254 41.880762422701)
O1353517,BICYCLE,3753f1207d312cfd6fe3b8758c4ecca56959271011443aec9b6923a5180b2722074b2f2a68d64e035636eb1270f3ebb2a97549ca90acd9913eeee4444c441e65,06/07/2022 09:11:00 PM,M,16.0,HELMET NOT USED,CROSSING - AGAINST SIGNAL,IN ROADWAY,TEST NOT OFFERED,,30,CLEAR,"DARKNESS, LIGHTED ROAD",PEDALCYCLIST,NOT DIVIDED,STRAIGHT AND LEVEL,DRY,INJURY AND / OR TOW DUE TO CRASH,DICKENS AVE,41.9180195829,-87.7755785454,POINT (-87.775578545371 41.918019582877)
O1353375,BICYCLE,ee3e886059b5e71c1cf64fe616d44a2eb3c7ebc0d40eebd49bc283d567541494c3f6bf16e0bc9715073aefa83569be735b39bdebd0a5eedf9cb332a3fadd6155,06/07/2022 04:32:00 PM,M,19.0,HELMET NOT USED,WITH TRAFFIC,IN ROADWAY,TEST NOT OFFERED,,30,CLEAR,DAYLIGHT,TURNING,T-INTERSECTION,STRAIGHT AND LEVEL,DRY,INJURY AND / OR TOW DUE TO CRASH,PETERSON AVE,41.9905394238,-87.7017666268,POINT (-87.701766626845 41.990539423809)
O1353388,BICYCLE,f60a158331b08d0299cfa6b7dd2e97942270d1197765d590207a7a8c05948082a5b0600364b516378577490fbe1888b361dc4c2bc39aafd27f26756ad4eda872,06/07/2022 04:30:00 PM,M,54.0,HELMET NOT USED,WITH TRAFFIC,IN ROADWAY,TEST NOT OFFERED,,30,CLEAR,DAYLIGHT,PEDALCYCLIST,NOT DIVIDED,STRAIGHT AND LEVEL,DRY,INJURY AND / OR TOW DUE TO CRASH,PERSHING RD,41.8225248189,-87.7021224243,POINT (-87.702122424322 41.822524818913)
O1352914,BICYCLE,b99e586b54fc9bae86fc1d4242ade58a1dd4cacd3aa10b807a263307d0a6cbf59594057ab835ffa71b7af1f40e966e66449ae4f2bde860774a2ab31d576a5a8f,06/06/2022 09:33:00 PM,F,19.0,HELMET NOT USED,CROSSING - NO CONTROLS (AT INTERSECTION),IN CROSSWALK,TEST NOT OFFERED,,30,RAIN,"DARKNESS, LIGHTED ROAD",PEDALCYCLIST,FOUR WAY,STRAIGHT AND LEVEL,WET,INJURY AND / OR TOW DUE TO CRASH,18TH ST,41.8576166871,-87.6709963307,POINT (-87.670996330709 41.857616687124)
O1353175,BICYCLE,fceed5d50bf056710b2a0433c8444ccf7712db8fd10baaf1631c87c1b81328a6702e7771ed743fa4560042d6a284699ce66384c22e43c2adf3f7f3f4b47b1da4,06/06/2022 04:30:00 PM,M,33.0,BICYCLE HELMET (PEDACYCLIST INVOLVED ONLY),WITH TRAFFIC,BIKEWAY,TEST NOT OFFERED,,30,CLEAR,DAYLIGHT,PEDALCYCLIST,DIVIDED - W/MEDIAN (NOT RAISED),STRAIGHT AND LEVEL,DRY,INJURY AND / OR TOW DUE TO CRASH,DAMEN AVE,41.8908572143,-87.6770568685,POINT (-87.677056868483 41.890857214287)
O1352882,BICYCLE,b2c679b87d82d01b24b0b2cf136c379ae8435c1b16e449ebea29a4c01b16ef3729ca8ecec9e04f721dbce3e125388cf0e9f5d52d7515f5d475c740a62d9402d1,06/06/2022 04:15:00 PM,M,16.0,BICYCLE HELMET (PEDACYCLIST INVOLVED ONLY),CROSSING - WITH SIGNAL,BIKE LANE,TEST NOT OFFERED,,30,CLEAR,DAYLIGHT,PEDALCYCLIST,FOUR WAY,STRAIGHT AND LEVEL,DRY,INJURY AND / OR TOW DUE TO CRASH,CAMPBELL AVE,41.9085605357,-87.6894853711,POINT (-87.689485371112 41.908560535721)
O1352529,BICYCLE,8adbabefe923b96e47e07bcae55c8814e3c64e90fe3282d2ef8e00247c3d102a38682f48e1f2ed1076c0d1b4bc43ec702136c90fb018dee5492d55c0cfdee4d7,06/06/2022 12:01:00 PM,M,65.0,HELMET NOT USED,UNKNOWN/NA,IN ROADWAY,TEST NOT OFFERED,,30,RAIN,DAYLIGHT,PEDALCYCLIST,ONE-WAY,STRAIGHT AND LEVEL,WET,INJURY AND / OR TOW DUE TO CRASH,MARSHFIELD AVE,41.7760227004,-87.6652480571,POINT (-87.665248057084 41.776022700358)
O1352620,BICYCLE,2f3e1291627bd959444bb24a3bcfb380b4c3ca9e4a598b78744383ea6c59b1e4fb6e13b052362bb51c16b66cc2c93fb9ea34934eb68f511456e8693a4e13fe9c,06/06/2022 12:00:00 PM,M,29.0,BICYCLE HELMET (PEDACYCLIST INVOLVED ONLY),WITH TRAFFIC,BIKEWAY,TEST NOT OFFERED,,30,RAIN,DAYLIGHT,PEDALCYCLIST,NOT DIVIDED,STRAIGHT AND LEVEL,WET,INJURY AND / OR TOW DUE TO CRASH,CANAL ST,41.8688897111,-87.6390989281,POINT (-87.639098928088 41.868889711112)
O1352370,BICYCLE,45cc7528ff9d4c44f4c54ce967e77aa0969831cc31bc44687ef960903ca03e6a0e83941f869eb1ee3b8e44f0485af6010a7634882641c6770899d5e3f94f761e,06/06/2022 08:25:00 AM,M,15.0,HELMET NOT USED,CROSSING - NO CONTROLS (AT INTERSECTION),IN CROSSWALK,TEST NOT OFFERED,,30,RAIN,DAYLIGHT,PEDALCYCLIST,T-INTERSECTION,STRAIGHT AND LEVEL,WET,INJURY AND / OR TOW DUE TO CRASH,BELMONT AVE,41.9389779582,-87.7439264445,POINT (-87.743926444547 41.938977958246)
O1352337,BICYCLE,8bd783d7d786e9835249225928f5b7dba2cb5cb42ab05598f1a2240b9a5d3fa2dc25b9db504c239841e6c64e798572f9a1e09676359e89b2b00119c2cc52c072,06/06/2022 07:45:00 AM,M,30.0,BICYCLE HELMET (PEDACYCLIST INVOLVED ONLY),UNKNOWN/NA,IN ROADWAY,TEST NOT OFFERED,,25,RAIN,DAYLIGHT,PEDALCYCLIST,NOT DIVIDED,STRAIGHT AND LEVEL,WET,INJURY AND / OR TOW DUE TO CRASH,LOOMIS ST,41.8542186439,-87.6613641868,POINT (-87.661364186835 41.854218643923)
O1352197,BICYCLE,afe8fcd0ef8f0edc9db416fd903c12e55ea4942afbc545198d912f762382f8e42148d14b0cb1dfc3391249399ecc059fa376b00e70b879820de9b460d968ee7a,06/05/2022 10:15:00 PM,M,63.0,HELMET NOT USED,OTHER ACTION,NOT IN ROADWAY,TEST NOT OFFERED,,30,CLEAR,"DARKNESS, LIGHTED ROAD",PEDALCYCLIST,NOT DIVIDED,STRAIGHT AND LEVEL,DRY,INJURY AND / OR TOW DUE TO CRASH,YALE AVE,41.7507525481,-87.6308083122,POINT (-87.630808312168 41.750752548132)
O1352127,BICYCLE,986c81548edf04200bce636b4ea6563b9472fa8ac9ca532755358b70869016aabd2305cf00866ff515e099af496508c32a83ac2177d720c841f405f7e9aea709,06/05/2022 08:44:00 PM,M,13.0,HELMET NOT USED,CROSSING - AGAINST SIGNAL,IN ROADWAY,TEST NOT OFFERED,,35,CLEAR,"DARKNESS, LIGHTED ROAD",PEDALCYCLIST,FOUR WAY,STRAIGHT AND LEVEL,DRY,NO INJURY / DRIVE AWAY,TALCOTT AVE,41.9859808444,-87.8069078699,POINT (-87.806907869923 41.985980844436)
O1361848,BICYCLE,a9ee73a92b86112286c1060400ee3521276a9e524387137378d1c3e68b38c6981b2af13949455da4be0da902aaea56b41f4cdab12dce3059a8fa9dee519f592b,06/05/2022 05:45:00 PM,F,37.0,HELMET NOT USED,WITH TRAFFIC,IN ROADWAY,,,30,CLEAR,DAYLIGHT,PEDALCYCLIST,NOT DIVIDED,STRAIGHT AND LEVEL,DRY,INJURY AND / OR TOW DUE TO CRASH,OGDEN AVE,41.8962725766,-87.6544413238,POINT (-87.654441323841 41.896272576583)
O1351917,BICYCLE,7c486ec98647fab733a68b9b95ddbe5235244d8a5bcf61d633996f7124902d3102022f3213353e87116ad6a357989aa3c509fbca31874f31fdc52c906513faac,06/05/2022 01:35:00 PM,M,32.0,BICYCLE HELMET (PEDACYCLIST INVOLVED ONLY),CROSSING - WITH SIGNAL,BIKEWAY,TEST NOT OFFERED,,30,CLEAR,DAYLIGHT,PEDALCYCLIST,OTHER,STRAIGHT AND LEVEL,DRY,INJURY AND / OR TOW DUE TO CRASH,DAMEN AVE,41.9132955525,-87.6776744963,POINT (-87.677674496275 41.913295552454)
O1352742,BICYCLE,feef553f8541893b1bce0d980ea23a51592a47946a1fc5efa1023ff54effc86fd592f9ff2eb09a1585567f8be2fa8695d5f50edc2447c4890202f41a91789002,06/05/2022 01:15:00 PM,F,39.0,BICYCLE HELMET (PEDACYCLIST INVOLVED ONLY),WITH TRAFFIC,BIKE LANE,TEST NOT OFFERED,,30,CLEAR,DAYLIGHT,PEDALCYCLIST,NOT DIVIDED,STRAIGHT AND LEVEL,DRY,INJURY AND / OR TOW DUE TO CRASH,WELLS ST,41.9089776784,-87.6347891216,POINT (-87.634789121649 41.908977678377)
O1351833,BICYCLE,b8b3546bc68e78ade09c05d3e600b3e3f616a7f22ade019727abb3d8badc236290396059721c93c6ea1d1a4ae26d88437de2c977911591b55c1724c9a1aa743e,06/05/2022 10:55:00 AM,M,57.0,HELMET NOT USED,WITH TRAFFIC,IN ROADWAY,TEST NOT OFFERED,,10,CLEAR,DAYLIGHT,PEDALCYCLIST,ONE-WAY,STRAIGHT AND LEVEL,DRY,INJURY AND / OR TOW DUE TO CRASH,ARTHUR AVE,41.9993673068,-87.7067924523,POINT (-87.706792452265 41.999367306797)
O1351569,BICYCLE,68eda8b2fbffe7fea0baae1c3a263b09e94f88f890c9de4cd1b32baa98f6d7ec5f7f9f35865ae09fdcfd9f9776db9a1a2aa74ef5ba9ce6663dba009d918118a2,06/04/2022 09:30:00 PM,M,34.0,BICYCLE HELMET (PEDACYCLIST INVOLVED ONLY),UNKNOWN/NA,BIKEWAY,TEST NOT OFFERED,,30,CLEAR,"DARKNESS, LIGHTED ROAD",PEDALCYCLIST,NOT DIVIDED,STRAIGHT AND LEVEL,DRY,NO INJURY / DRIVE AWAY,LINCOLN AVE,41.9199410323,-87.6412815563,POINT (-87.641281556274 41.919941032317)
O1351320,BICYCLE,8a2406b1ba9f804b74637ff143bfb7807ae30fa2ad895549b00119512f828f5140e25e2775ec00a94504f3122491c3ffc47f7a1744d004cc91bb559fa226b66f,06/04/2022 02:10:00 PM,M,26.0,BICYCLE HELMET (PEDACYCLIST INVOLVED ONLY),UNKNOWN/NA,IN ROADWAY,TEST NOT OFFERED,Y,25,CLEAR,DAYLIGHT,PEDALCYCLIST,DIVIDED - W/MEDIAN (NOT RAISED),STRAIGHT AND LEVEL,DRY,INJURY AND / OR TOW DUE TO CRASH,CLARK ST,41.934071851,-87.6460864951,POINT (-87.646086495116 41.934071850996)
O1351259,BICYCLE,6cfc2051289841e2cebc0fdf74ab99fd0966278519ec1a5fea60dc6e3b06233cd62e4e797cec88f4efe4ed89187975b463c56c070e14d4bb9fce3f2797a81fc6,06/04/2022 11:58:00 AM,M,74.0,HELMET NOT USED,WITH TRAFFIC,IN ROADWAY,TEST NOT OFFERED,,30,CLEAR,DAYLIGHT,PEDALCYCLIST,NOT DIVIDED,STRAIGHT AND LEVEL,DRY,NO INJURY / DRIVE AWAY,26TH ST,41.8444611955,-87.7171747455,POINT (-87.717174745518 41.844461195498)
O1351191,BICYCLE,74188bbc8ee53dad65d965a49bff25b9d07a7df0db749e9c07c660c55557a4af567a89f69dfbdf0a0a99e6092243b5175b6aeb2ea71830963e37b34486598802,06/04/2022 10:30:00 AM,M,50.0,BICYCLE HELMET (PEDACYCLIST INVOLVED ONLY),WITH TRAFFIC,BIKE LANE,TEST NOT OFFERED,,30,CLEAR,DAYLIGHT,PEDALCYCLIST,NOT DIVIDED,STRAIGHT AND LEVEL,DRY,NO INJURY / DRIVE AWAY,18TH ST,41.8577499735,-87.6623137865,POINT (-87.662313786452 41.857749973459)
O1351158,BICYCLE,dc8f9e755e8fd45319b54666fae444eeb8f128e954bd23e3afb0dc46c75019acfa80e40d229d1b50dee993fe8b3e8b2d7266e9037a18fdbcd5900529b77cdc60,06/04/2022 09:15:00 AM,M,43.0,HELMET NOT USED,CROSSING - WITH SIGNAL,IN CROSSWALK,TEST NOT OFFERED,,30,CLEAR,DAYLIGHT,PEDALCYCLIST,NOT DIVIDED,STRAIGHT AND LEVEL,DRY,NO INJURY / DRIVE AWAY,CERMAK RD,41.8516545452,-87.7053126941,POINT (-87.7053126941 41.851654545163)
O1350996,BICYCLE,3ce2c97535794d0477a6e81498c6ec0a71854cbd1ffc55d844d12f013bb88c2fbc8adeb2a572fea8456052f6a5626aa03c6fad4eab0d7a378ca1b77711565bb6,06/03/2022 09:45:00 PM,F,23.0,HELMET NOT USED,CROSSING - NO CONTROLS (AT INTERSECTION),IN CROSSWALK,TEST NOT OFFERED,,30,UNKNOWN,"DARKNESS, LIGHTED ROAD",PEDALCYCLIST,NOT DIVIDED,STRAIGHT AND LEVEL,UNKNOWN,NO INJURY / DRIVE AWAY,HALSTED ST,41.8566912447,-87.6467569448,POINT (-87.646756944767 41.856691244708)
O1350981,BICYCLE,4a10fd6b02382ac22b7d553b2bcc63e80349a27eba6ec1a3cd37a9ce1f34bd0348fa30866f3c8447d21fca2168b6867e8f285c4c177daea6cf80cb0ace9a6e49,06/03/2022 09:10:00 PM,M,24.0,BICYCLE HELMET (PEDACYCLIST INVOLVED ONLY),OTHER ACTION,IN ROADWAY,TEST NOT OFFERED,,30,CLEAR,DARKNESS,PEDALCYCLIST,DIVIDED - W/MEDIAN (NOT RAISED),STRAIGHT AND LEVEL,DRY,INJURY AND / OR TOW DUE TO CRASH,WESTERN AVE,41.9210466017,-87.6873754542,POINT (-87.687375454235 41.921046601748)
O1354725,BICYCLE,071d98f39a6fc513aca3e3e8debe6db690de09c28623be10ca66dec62862ecdec786e634a627f8b9a7f2b1fb87cdfab6dfa8affa02438271882bb2cc183de664,06/03/2022 04:30:00 PM,M,,HELMET NOT USED,UNKNOWN/NA,IN ROADWAY,TEST NOT OFFERED,,20,RAIN,DUSK,PEDALCYCLIST,NOT DIVIDED,STRAIGHT AND LEVEL,WET,NO INJURY / DRIVE AWAY,RACINE AVE,41.7831523533,-87.6547386934,POINT (-87.654738693373 41.783152353261)
O1350799,BICYCLE,40eeaac58aeeffde021974c2dc3ae1bc7f00a1943fe74db1283829855ee6fd999509b42914726fdafaa89f2dc343d8693155d059c2bccedbfc745489f9bd78d5,06/03/2022 04:30:00 PM,M,13.0,HELMET NOT USED,CROSSING - NO CONTROLS (NOT AT INTERSECTION),IN ROADWAY,TEST NOT OFFERED,,30,CLEAR,DAYLIGHT,PEDALCYCLIST,NOT DIVIDED,STRAIGHT AND LEVEL,DRY,INJURY AND / OR TOW DUE TO CRASH,101ST ST,41.7099056502,-87.6815089301,POINT (-87.68150893011 41.709905650181)
O1350637,BICYCLE,48daeed818d39928659abe65dd626ac79fdc0982e37ae5b0d3f72666595fdfc2db1edbd87cea4a24cea9312612786b9c33573fc1230f12c31c5a3fbf51c74a84,06/03/2022 03:20:00 PM,M,24.0,BICYCLE HELMET (PEDACYCLIST INVOLVED ONLY),WITH TRAFFIC,IN ROADWAY,TEST NOT OFFERED,,30,CLEAR,DAYLIGHT,PEDALCYCLIST,NOT DIVIDED,STRAIGHT AND LEVEL,UNKNOWN,NO INJURY / DRIVE AWAY,ELM ST,41.9032651368,-87.6298991229,POINT (-87.629899122869 41.903265136802)
O1350623,NON-MOTOR VEHICLE,0031bad5ccb500c5824a66ac86108abd08e573a33664acd4df24a5b6e983efea2eb9b4f20c9cfee7816daa721b0ca0674bcbde3883861d28a3c568e7f01adb46,06/03/2022 02:00:00 PM,M,54.0,USAGE UNKNOWN,,,TEST NOT OFFERED,,25,CLEAR,DAYLIGHT,OTHER NONCOLLISION,ONE-WAY,STRAIGHT AND LEVEL,DRY,NO INJURY / DRIVE AWAY,CARMEN AVE,41.9741165572,-87.6953194306,POINT (-87.695319430639 41.974116557183)
O1351361,NON-MOTOR VEHICLE,0031bad5ccb500c5824a66ac86108abd08e573a33664acd4df24a5b6e983efea2eb9b4f20c9cfee7816daa721b0ca0674bcbde3883861d28a3c568e7f01adb46,06/03/2022 02:00:00 PM,M,54.0,USAGE UNKNOWN,,,TEST NOT OFFERED,,25,CLEAR,DAYLIGHT,OTHER NONCOLLISION,ONE-WAY,STRAIGHT AND LEVEL,DRY,NO INJURY / DRIVE AWAY,CARMEN AVE,41.9741165572,-87.6953194306,POINT (-87.695319430639 41.974116557183)
O1351372,BICYCLE,0031bad5ccb500c5824a66ac86108abd08e573a33664acd4df24a5b6e983efea2eb9b4f20c9cfee7816daa721b0ca0674bcbde3883861d28a3c568e7f01adb46,06/03/2022 02:00:00 PM,,,,,,,,25,CLEAR,DAYLIGHT,OTHER NONCOLLISION,ONE-WAY,STRAIGHT AND LEVEL,DRY,NO INJURY / DRIVE AWAY,CARMEN AVE,41.9741165572,-87.6953194306,POINT (-87.695319430639 41.974116557183)
O1350550,BICYCLE,3fd5f7bb581819b7a69876996c24dfe811c098a33a385da3e1108d598be10196941d3de952a1368fb8c6becdbced701f9bf18fdc96b3703baf6a2cf415b6b32b,06/03/2022 01:33:00 PM,M,18.0,HELMET NOT USED,OTHER ACTION,DRIVEWAY ACCESS,TEST NOT OFFERED,,15,CLEAR,DAYLIGHT,PEDALCYCLIST,ALLEY,STRAIGHT AND LEVEL,DRY,NO INJURY / DRIVE AWAY,51ST ST,41.7999278893,-87.7647237863,POINT (-87.764723786336 41.799927889285)
O1350373,BICYCLE,44e2e2a6458e7509811a0bc876a0bd099603cef06c6c641f6b7997e369f602e859a3528a8183458899da442b0cb6f6788e9c5d8096e8eff5fe506d807cd20d0d,06/03/2022 09:14:00 AM,M,,HELMET NOT USED,CROSSING - WITH SIGNAL,IN CROSSWALK,TEST NOT OFFERED,,30,CLEAR,DAYLIGHT,PEDALCYCLIST,NOT DIVIDED,STRAIGHT AND LEVEL,DRY,INJURY AND / OR TOW DUE TO CRASH,47TH ST,41.809752145,-87.5967472765,POINT (-87.596747276481 41.809752144966)
O1350354,BICYCLE,d03859cca0aee151633240b374f19e9c56fb77838ed78fcc095eed1dac3310c5f19db617f0dd46e6b79accb8ad4cd241148c96c456f7e973d4229d81a8d214d6,06/03/2022 08:45:00 AM,F,25.0,BICYCLE HELMET (PEDACYCLIST INVOLVED ONLY),WITH TRAFFIC,IN ROADWAY,TEST NOT OFFERED,,30,CLEAR,DAYLIGHT,PEDALCYCLIST,DIVIDED - W/MEDIAN (NOT RAISED),STRAIGHT AND LEVEL,DRY,INJURY AND / OR TOW DUE TO CRASH,OAK ST,41.9006486081,-87.6329120451,POINT (-87.632912045116 41.90064860807)
O1350001,BICYCLE,06fc33abce910391e188612bcd8d166bc9e5070947b52111026ee00109fbe950089a8e88253a814b8b0099671cb02f25f2eb2f41a2f23f78f65c584c2aa2b07a,06/02/2022 04:30:00 PM,M,31.0,HELMET NOT USED,WITH TRAFFIC,IN ROADWAY,TEST NOT OFFERED,,30,CLEAR,DAYLIGHT,PEDALCYCLIST,FOUR WAY,STRAIGHT AND LEVEL,DRY,INJURY AND / OR TOW DUE TO CRASH,FULLERTON PKWY,41.9254721066,-87.6406591547,POINT (-87.640659154707 41.925472106632)
O1349921,BICYCLE,016fe57e1c15adafd5ed2aa2f859363c8f691f7f540a79e4efce02c62b5067742907574228d8c14132d243a3923a7dfa069f8f46a047d67679db1c44eb5aac18,06/02/2022 02:55:00 PM,F,49.0,HELMET NOT USED,CROSSING - CONTROLS PRESENT (NOT AT INTERSECTION),IN ROADWAY,TEST NOT OFFERED,,30,CLEAR,DAYLIGHT,PEDALCYCLIST,NOT DIVIDED,STRAIGHT AND LEVEL,DRY,INJURY AND / OR TOW DUE TO CRASH,MADISON ST,41.8804745495,-87.7378025079,POINT (-87.737802507879 41.880474549538)
O1349868,BICYCLE,63d36384d856c1b0e8fe0ee521c659f849af32535cf894943fa614f917c1db7e0f6119ea97832595eba9c08f474e96de8f4a4399ad7986d21468d1a538508d45,06/02/2022 01:20:00 PM,M,,HELMET NOT USED,TURNING LEFT,IN ROADWAY,TEST NOT OFFERED,,30,CLEAR,DAYLIGHT,PEDALCYCLIST,NOT DIVIDED,STRAIGHT AND LEVEL,DRY,NO INJURY / DRIVE AWAY,BELDEN AVE,41.9238949572,-87.6384954912,POINT (-87.638495491216 41.923894957243)
O1349854,BICYCLE,f6963816de83c4d909d938effef8833cd32efb47dfa299180629f4254bc7318c8dcebb6187e803073cccf18226f4fe76e8e1d9ab512efd58cd7b9fbaf93508de,06/02/2022 12:55:00 PM,M,54.0,HELMET NOT USED,WITH TRAFFIC,IN ROADWAY,TEST NOT OFFERED,,30,CLEAR,DAYLIGHT,PEDALCYCLIST,"FIVE POINT, OR MORE",STRAIGHT ON GRADE,DRY,INJURY AND / OR TOW DUE TO CRASH,ADDISON ST,41.9468176549,-87.6736580601,POINT (-87.673658060064 41.946817654947)
O1349752,BICYCLE,81b158c67e715e18170ddf26144d50c4bb76e8127ff94520b2c78fcaeb7a332a7158f57f2b3301be752cfe6ffaec862bc9098978a0a8fe6524a4c300fe0fda8c,06/02/2022 11:05:00 AM,M,58.0,BICYCLE HELMET (PEDACYCLIST INVOLVED ONLY),CROSSING - NO CONTROLS (AT INTERSECTION),BIKE LANE,TEST NOT OFFERED,,25,CLEAR,DAYLIGHT,PEDALCYCLIST,ONE-WAY,STRAIGHT AND LEVEL,DRY,NO INJURY / DRIVE AWAY,ARDMORE AVE,41.9874503767,-87.6562338974,POINT (-87.656233897377 41.987450376687)
O1349668,BICYCLE,b63db0ff21163d863b95f5ae0fd62b838335ece730ff062c8253308a1de11039829d5d6fdad78a1ef8f4277a64a3304161cad102b557ba4e8e1aaa904616c23c,06/02/2022 08:39:00 AM,M,29.0,BICYCLE HELMET (PEDACYCLIST INVOLVED ONLY),WITH TRAFFIC,IN ROADWAY,TEST NOT OFFERED,,30,CLEAR,DAYLIGHT,PEDALCYCLIST,NOT DIVIDED,STRAIGHT AND LEVEL,DRY,INJURY AND / OR TOW DUE TO CRASH,LAWRENCE AVE,41.9691874274,-87.6557336499,POINT (-87.655733649919 41.969187427387)
O1349876,BICYCLE,d62e2996644aae20298472f0bcf1a8b1feee7f9115526020854b7376ccf4415731232d384b521683f8c9975bfa0bbff84b672cc3d20904960dc4c6b5890f3ada,06/02/2022 07:35:00 AM,F,33.0,BICYCLE HELMET (PEDACYCLIST INVOLVED ONLY),WITH TRAFFIC,BIKEWAY,TEST NOT OFFERED,,30,CLEAR,DAYLIGHT,PEDALCYCLIST,DIVIDED - W/MEDIAN (NOT RAISED),STRAIGHT AND LEVEL,DRY,INJURY AND / OR TOW DUE TO CRASH,ELSTON AVE,41.9473499869,-87.7101222878,POINT (-87.710122287831 41.947349986872)
O1349742,BICYCLE,0d3d98dfffa3f96f150688ce3cad1b4c8e2bd66d6f4061236ec23beb9eeee5e13cd311d8a4ad242431bb4d661a1961bb902bf4945740f557ada212487149bc0b,06/02/2022 07:20:00 AM,F,42.0,BICYCLE HELMET (PEDACYCLIST INVOLVED ONLY),UNKNOWN/NA,IN ROADWAY,TEST NOT OFFERED,,20,CLEAR,DAYLIGHT,PEDALCYCLIST,ALLEY,STRAIGHT AND LEVEL,DRY,INJURY AND / OR TOW DUE TO CRASH,ARGYLE ST,41.9720630485,-87.7219572058,POINT (-87.721957205784 41.972063048462)
O1349539,BICYCLE,b2cf04a0d01c00f5de8e31b8213b3fb62e4bd2a71563a9fedf0c74f9578a0e0dd5a64712ec44a86c96e3efc16d24aa366bb665a060533e7a880eee94622564c6,06/01/2022 09:00:00 PM,M,26.0,HELMET NOT USED,UNKNOWN/NA,IN ROADWAY,TEST NOT OFFERED,,30,CLEAR,"DARKNESS, LIGHTED ROAD",PEDALCYCLIST,NOT DIVIDED,STRAIGHT AND LEVEL,DRY,INJURY AND / OR TOW DUE TO CRASH,NORTH AVE,41.9096504339,-87.7359557857,POINT (-87.735955785658 41.909650433948)
O1349450,BICYCLE,e9d4020852014cbf39acd155a0763c4644300f5e357c34ca5e5dc0a3cae89584fd0435a5d5cdf412304d648f6b31cad69d3e975dfd39946cc97e5330b3f5e4d5,06/01/2022 07:24:00 PM,F,41.0,BICYCLE HELMET (PEDACYCLIST INVOLVED ONLY),NO ACTION,IN ROADWAY,TEST NOT OFFERED,,30,CLEAR,DAYLIGHT,PEDALCYCLIST,ONE-WAY,STRAIGHT AND LEVEL,DRY,INJURY AND / OR TOW DUE TO CRASH,KEDZIE BLVD,41.9245321626,-87.707067304,POINT (-87.707067303961 41.924532162555)
O1353404,BICYCLE,0bf563fe27001adebd1e73aacf2f758fd0f2f7af5df862a4ebe35bcffedff9b3d5c0e4a8e9067b656ebbd657f99728c33dabf664ac9c0631e3056b0123b9cc82,06/01/2022 07:00:00 PM,M,28.0,BICYCLE HELMET (PEDACYCLIST INVOLVED ONLY),WITH TRAFFIC,BIKE LANE,TEST NOT OFFERED,,30,CLEAR,DAYLIGHT,PEDALCYCLIST,ONE-WAY,STRAIGHT AND LEVEL,DRY,INJURY AND / OR TOW DUE TO CRASH,CLINTON ST,41.8720462666,-87.6410247053,POINT (-87.641024705305 41.872046266583)
O1349601,BICYCLE,e4c145735a8f671714315837e1ada135553a2604db4e00fce31980ef888d7f5b3002294eed0e86373274c199827e9b5176b920b525baf10dc031558cd8d6968b,06/01/2022 05:42:00 PM,M,29.0,BICYCLE HELMET (PEDACYCLIST INVOLVED ONLY),CROSSING - NO CONTROLS (NOT AT INTERSECTION),BIKE LANE,TEST NOT OFFERED,,20,CLEAR,DAYLIGHT,PEDALCYCLIST,NOT DIVIDED,STRAIGHT AND LEVEL,DRY,INJURY AND / OR TOW DUE TO CRASH,DAMEN AVE,41.903723856,-87.6774201597,POINT (-87.677420159668 41.903723856043)