PERSON_ID,PERSON_TYPE,CRASH_RECORD_ID,CRASH_DATE_x,SEX,AGE,SAFETY_EQUIPMENT,PEDPEDAL_ACTION,PEDPEDAL_LOCATION,BAC_RESULT,CRASH_DATE_EST_I,POSTED_SPEED_LIMIT,WEATHER_CONDITION,LIGHTING_CONDITION,FIRST_CRASH_TYPE,TRAFFICWAY_TYPE,ALIGNMENT,ROADWAY_SURFACE_COND,CRASH_TYPE,STREET_NAME,LATITUDE,LONGITUDE,LOCATION
O1349418,BICYCLE,499577f0e6f5e741352e3f1d66f0d99f3ac7592e1a90dc0aed63b19b0a5a8988c7ac3e75cee58021e8155dce1d15e4cd50a477c9ccf630723be19a02ad02ba48,06/01/2022 02:45:00 PM,F,25.0,HELMET NOT USED,CROSSING - WITH SIGNAL,IN CROSSWALK,TEST NOT OFFERED,,30,CLEAR,DAYLIGHT,PEDALCYCLIST,NOT DIVIDED,STRAIGHT AND LEVEL,UNKNOWN,INJURY AND / OR TOW DUE TO CRASH,STOCKTON DR,41.9257946768,-87.6362702695,POINT (-87.636270269466 41.925794676811)
O1349848,BICYCLE,c89668bc027f6b05532b58643510610f13a49597531833e90776551cb136607b7af56bead26db22f689ddb726505a3ac76e2592da5ede82921e2e9e48f68dad6,06/01/2022 08:40:00 AM,M,29.0,HELMET NOT USED,WITH TRAFFIC,BIKE LANE,TEST NOT OFFERED,,30,CLEAR,DAYLIGHT,PEDALCYCLIST,NOT DIVIDED,STRAIGHT AND LEVEL,UNKNOWN,INJURY AND / OR TOW DUE TO CRASH,LINCOLN AVE,41.9400365221,-87.669076344,POINT (-87.669076344046 41.940036522147)
O1348878,NON-MOTOR VEHICLE,13006a835aafa295df2acbbd9eabdaa7109b348ab89801c8728037fdb5de77d7f8441ea1d09659ce40ae5e9d5b093b816f2c5644ab2001992eb6fad06efd674e,06/01/2022 02:20:00 AM,,,,,,TEST NOT OFFERED,Y,10,RAIN,DARKNESS,FIXED OBJECT,ONE-WAY,STRAIGHT AND LEVEL,WET,NO INJURY / DRIVE AWAY,CICERO AVE,41.8879595082,-87.7454056687,POINT (-87.745405668746 41.887959508176)
O1349522,BICYCLE,a7c80cac4c263c0835ad79b0a1c8220f19ee56f261aa241718aadf3ed0f961c36af0a76d01d7cd37368435675f4f7136eeb5ace128db85fc98df5756c22aa349,05/31/2022 09:43:00 PM,M,43.0,HELMET NOT USED,WITH TRAFFIC,IN ROADWAY,TEST NOT OFFERED,,30,CLEAR,DUSK,PEDALCYCLIST,ONE-WAY,STRAIGHT AND LEVEL,DRY,INJURY AND / OR TOW DUE TO CRASH,ILLINOIS ST,41.8912505437,-87.6116812259,POINT (-87.611681225862 41.891250543746)
O1348881,BICYCLE,4a6b1c776eee91a2a97a85c4af0f646152acb964247fd8d2d67a47c6a8ecebb305ce814b9d5646bf5636d55b2c4bfbf70525899fd8fb0463d89ce6d62b6352da,05/31/2022 09:10:00 PM,M,30.0,HELMET NOT USED,CROSSING - NO CONTROLS (AT INTERSECTION),IN ROADWAY,TEST NOT OFFERED,Y,30,CLEAR,"DARKNESS, LIGHTED ROAD",PEDALCYCLIST,FOUR WAY,STRAIGHT AND LEVEL,DRY,INJURY AND / OR TOW DUE TO CRASH,69TH ST,41.7690777442,-87.6232304297,POINT (-87.623230429746 41.769077744213)
O1348807,BICYCLE,ab8d6e06e0198acf5bacf3271197d84e2137e137a197c850f1834c9fe1684997767708b3a57607b10fcf16f2b5aad0097bf53833d42ab89ae05a5101b5623dde,05/31/2022 09:10:00 PM,F,,BICYCLE HELMET (PEDACYCLIST INVOLVED ONLY),WITH TRAFFIC,BIKEWAY,TEST NOT OFFERED,,30,CLEAR,"DARKNESS, LIGHTED ROAD",PEDALCYCLIST,NOT DIVIDED,STRAIGHT AND LEVEL,DRY,INJURY AND / OR TOW DUE TO CRASH,CLYBOURN AVE,41.9182451568,-87.6595176781,POINT (-87.659517678083 41.918245156751)
O1348675,BICYCLE,e8c79bb7e7a1ddd05e726c873ef7e292dc58ed652ced70c4b3ae967ae07cd81b3b10b922ec1b97957dda942fc32e6e01dad6395a7f4735495f64979c07adbb2d,05/31/2022 05:31:00 PM,M,36.0,HELMET NOT USED,CROSSING - WITH SIGNAL,IN CROSSWALK,TEST NOT OFFERED,,30,CLEAR,DAYLIGHT,PEDALCYCLIST,FOUR WAY,STRAIGHT AND LEVEL,DRY,INJURY AND / OR TOW DUE TO CRASH,LAKE ST,41.8873141867,-87.7553694428,POINT (-87.7553694428 41.887314186701)
O1348978,BICYCLE,6be0a7f63e6f72b66ba5c5833cbef194405415a11da24218f33f7e7183e3a85b20401c34e0510509ec3144edf4a8c09e2a018f2917d2a2382176c4dc21dab8af,05/31/2022 04:45:00 PM,F,33.0,BICYCLE HELMET (PEDACYCLIST INVOLVED ONLY),CROSSING - WITH SIGNAL,BIKEWAY,TEST NOT OFFERED,,30,CLEAR,DAYLIGHT,PEDALCYCLIST,ONE-WAY,STRAIGHT AND LEVEL,DRY,INJURY AND / OR TOW DUE TO CRASH,DEARBORN ST,41.8822156979,-87.6295562536,POINT (-87.629556253578 41.882215697948)
O1349158,BICYCLE,9079d5ca19c8f146eda96eab256a68e4eb0480186952abfa8854ab7a8041ec886f4e73e19b95301e2e93f54369b5fee15915258a6ba94ce34ade6f7ad0b50f4a,05/31/2022 04:00:00 PM,M,57.0,HELMET NOT USED,OTHER ACTION,IN ROADWAY,TEST NOT OFFERED,,30,CLEAR,DAYLIGHT,PEDALCYCLIST,NOT DIVIDED,STRAIGHT AND LEVEL,DRY,INJURY AND / OR TOW DUE TO CRASH,AUGUSTA BLVD,41.8988315273,-87.744647952,POINT (-87.744647952024 41.898831527325)
O1348544,BICYCLE,2408ab9920f3e54b138683977b91d49ebf6ac2035fe3e357e2444b7188a5fe577eba25b32916c6395ed207cfbd09943ff72122755b7e6add5b0d06493a7e2faf,05/31/2022 03:44:00 PM,M,62.0,HELMET NOT USED,AGAINST TRAFFIC,IN CROSSWALK,TEST NOT OFFERED,,35,CLEAR,DAYLIGHT,PEDALCYCLIST,T-INTERSECTION,STRAIGHT AND LEVEL,DRY,INJURY AND / OR TOW DUE TO CRASH,STATE ST,41.7605419656,-87.6246590645,POINT (-87.6246590645 41.760541965645)
O1348728,BICYCLE,bf05e90c0dfa72363f96de8920d3c9cd8e61f28e635266e3c6b6762a5e9ff5b6ed1b21db130a9468cd9a237f5f877a48bdf18299b6201b5196892833990dd703,05/31/2022 03:25:00 PM,M,,BICYCLE HELMET (PEDACYCLIST INVOLVED ONLY),TURNING LEFT,UNKNOWN/NA,TEST NOT OFFERED,,30,UNKNOWN,DAYLIGHT,PEDALCYCLIST,DIVIDED - W/MEDIAN (NOT RAISED),STRAIGHT AND LEVEL,UNKNOWN,INJURY AND / OR TOW DUE TO CRASH,KEDZIE AVE,42.011715808,-87.7089208265,POINT (-87.708920826503 42.011715807986)
O1348327,BICYCLE,3b9cc30260d0f0bf7ea3a71c270901293daa9f0635f3a89b45845ce89f8f3bf132b150feb4de31b4a6308fae1c51501579225c0eac267ec2f32f36d4972eb9d6,05/31/2022 11:07:00 AM,M,36.0,HELMET NOT USED,CROSSING - WITH SIGNAL,IN ROADWAY,TEST NOT OFFERED,,30,CLEAR,DAYLIGHT,PEDALCYCLIST,FOUR WAY,STRAIGHT AND LEVEL,DRY,INJURY AND / OR TOW DUE TO CRASH,MARQUETTE RD,41.7720832688,-87.6639568574,POINT (-87.663956857364 41.772083268831)
O1348218,BICYCLE,2e983e63b50a50e51353a59f1f02fba3ac01eec98ecaa4fc4e420014651443b0fd5f98a96e85027b92a53ce9f58dcea540ad3683d47e87a3995a3681655d83cc,05/31/2022 09:07:00 AM,M,56.0,BICYCLE HELMET (PEDACYCLIST INVOLVED ONLY),WITH TRAFFIC,BIKEWAY,TEST NOT OFFERED,,30,CLEAR,DAYLIGHT,PEDALCYCLIST,FOUR WAY,STRAIGHT AND LEVEL,DRY,INJURY AND / OR TOW DUE TO CRASH,ELSTON AVE,41.959589087,-87.7279701438,POINT (-87.727970143775 41.959589087021)
O1348740,BICYCLE,3c50fd81a140857636abf92852fb08ee413c240896300e54eac326b4e4f30584482695aa3970b252770e18ab5ad52fc9a5c4555dbf33400cc52759c68bb2d004,05/31/2022 08:00:00 AM,M,32.0,HELMET NOT USED,STANDING IN ROADWAY,IN ROADWAY,TEST NOT OFFERED,,30,CLEAR,DAYLIGHT,PEDALCYCLIST,ONE-WAY,STRAIGHT AND LEVEL,UNKNOWN,INJURY AND / OR TOW DUE TO CRASH,LEAMINGTON AVE,41.8919693681,-87.7541215996,POINT (-87.754121599637 41.89196936814)
O1348038,BICYCLE,fe52edde47f7f695aac8eeb34968de88ff80f3b902487613a0a2a1397537f76d6498c15c58f655afba07369b36cc8982ca77cc23bc0ab197412e91db8d469068,05/30/2022 10:25:00 PM,M,16.0,BICYCLE HELMET (PEDACYCLIST INVOLVED ONLY),CROSSING - AGAINST SIGNAL,IN ROADWAY,TEST NOT OFFERED,,30,CLEAR,"DARKNESS, LIGHTED ROAD",PEDALCYCLIST,DIVIDED - W/MEDIAN (NOT RAISED),STRAIGHT AND LEVEL,DRY,INJURY AND / OR TOW DUE TO CRASH,CICERO AVE,41.764292465,-87.7417526072,POINT (-87.741752607214 41.764292464973)
O1349493,BICYCLE,704d765c83dd57feb7cebdfba4a0e0fb2bfeabb2898166b4cdd7f1d56deedb49e26cc10deefb768da4741bb018b3a68568f279b41888673245830565d1122efb,05/30/2022 10:15:00 PM,M,,HELMET NOT USED,OTHER ACTION,IN ROADWAY,TEST NOT OFFERED,,30,CLEAR,"DARKNESS, LIGHTED ROAD",PEDALCYCLIST,NOT DIVIDED,STRAIGHT AND LEVEL,DRY,NO INJURY / DRIVE AWAY,NAGLE AVE,41.9916468311,-87.787719451,POINT (-87.787719451005 41.991646831067)
O1348025,BICYCLE,046c61c2a892087b99e316aa69a63bc0d06c2b98d23e0ef8a02552820e122f1d93780bdbaa98f7fa9092777eca48cde58cad4ae0049a08a99d306c6a4a6a50d1,05/30/2022 10:10:00 PM,F,39.0,BICYCLE HELMET (PEDACYCLIST INVOLVED ONLY),WITH TRAFFIC,BIKEWAY,TEST NOT OFFERED,,30,CLEAR,"DARKNESS, LIGHTED ROAD",PEDALCYCLIST,DIVIDED - W/MEDIAN (NOT RAISED),STRAIGHT AND LEVEL,DRY,INJURY AND / OR TOW DUE TO CRASH,HALSTED ST,41.9454116041,-87.6495750864,POINT (-87.649575086361 41.945411604149)
O1347986,BICYCLE,92b7654f16ad0a3d145a4e1308d5eaba3985a15e3e3cda1daf15672c6e87572097a1d5c1323c14c80a639ae6533982f20dd611106b0650253accc8ab121bf7b9,05/30/2022 09:00:00 PM,M,13.0,HELMET NOT USED,OTHER ACTION,NOT IN ROADWAY,TEST NOT OFFERED,,15,CLEAR,DUSK,PEDALCYCLIST,PARKING LOT,STRAIGHT AND LEVEL,DRY,INJURY AND / OR TOW DUE TO CRASH,DIVERSEY AVE,41.9311426146,-87.7681440463,POINT (-87.768144046313 41.931142614579)
O1347939,BICYCLE,95d4fbe95c1ee20f03da483d6d5136623b87a05bafc4264a210e6d13a736a5bca344d46ffc36db61ba108ec2bf2ddfdfbc2212b9d9d92ce37c8a2fa93ea8d053,05/30/2022 06:25:00 PM,F,49.0,HELMET NOT USED,WITH TRAFFIC,IN ROADWAY,TEST NOT OFFERED,,30,CLEAR,DAYLIGHT,PEDALCYCLIST,NOT DIVIDED,STRAIGHT AND LEVEL,DRY,INJURY AND / OR TOW DUE TO CRASH,87TH ST,41.7374605903,-87.553888951,POINT (-87.553888950952 41.737460590287)
O1347892,BICYCLE,31dcc3f126a4fac9489ce6b202fd202560f287805f95953fd8e5f25180e5d489132b4cb2e3839088cb0074e76548282e474a81c761b1e5484411d38559c0e12c,05/30/2022 06:20:00 PM,M,34.0,HELMET NOT USED,WITH TRAFFIC,UNKNOWN/NA,TEST NOT OFFERED,,20,CLEAR,DAYLIGHT,PEDALCYCLIST,FOUR WAY,STRAIGHT AND LEVEL,DRY,INJURY AND / OR TOW DUE TO CRASH,TRIPP AVE,41.9245573189,-87.7330416184,POINT (-87.733041618414 41.924557318936)
O1347835,BICYCLE,4b41bda9d4723f6e2ac736cd430e1b646370b71d828e1b716e9f232bce7fc2d06c4289aae75efd4993d81b40b2b168950264e32951b752465ee16502a546c6e7,05/30/2022 03:30:00 PM,M,56.0,HELMET NOT USED,INTOXICATED PED/PEDAL,IN ROADWAY,TEST NOT OFFERED,,30,CLEAR,DAYLIGHT,PEDALCYCLIST,DIVIDED - W/MEDIAN (NOT RAISED),STRAIGHT AND LEVEL,DRY,INJURY AND / OR TOW DUE TO CRASH,SHERIDAN RD,41.9618230715,-87.6548960832,POINT (-87.654896083223 41.961823071539)
O1347787,BICYCLE,81eb01dfd53853f85fa75880b0993c088b144bf6da342d605e8e7e5536b00d3299a087815af77039ff633fb1e6d02781cf08883378783af74076154546424db7,05/30/2022 01:50:00 PM,F,16.0,HELMET NOT USED,CROSSING - CONTROLS PRESENT (NOT AT INTERSECTION),IN CROSSWALK,TEST NOT OFFERED,,15,CLEAR,DAYLIGHT,PEDALCYCLIST,T-INTERSECTION,STRAIGHT AND LEVEL,DRY,NO INJURY / DRIVE AWAY,KOSTNER AVE,41.9091428747,-87.7364739875,POINT (-87.736473987458 41.909142874651)
O1347782,BICYCLE,3c9dab378681a85899a22899053b8fce8f9c1f69c94feb40271da3d6088ed7f7f592dc9fc008dce4c6c6efcccd8e64a1a85b93ffa1b3f5f94fb1c4dcbc130c69,05/30/2022 01:45:00 PM,M,62.0,BICYCLE HELMET (PEDACYCLIST INVOLVED ONLY),AGAINST TRAFFIC,IN ROADWAY,TEST NOT OFFERED,,30,CLEAR,DAYLIGHT,PEDALCYCLIST,CENTER TURN LANE,STRAIGHT AND LEVEL,DRY,NO INJURY / DRIVE AWAY,KEDZIE AVE,41.8138149703,-87.7040535316,POINT (-87.704053531577 41.813814970265)
O1347612,BICYCLE,f18e685d9717deb66e7a2b7ad7a4f5b1cbe74fbe791595652d1d39be8809a5548b808d04e9b28674dd0699b990eddca07195d715be3fcd361c596eb586570c18,05/30/2022 08:08:00 AM,F,25.0,HELMET NOT USED,WITH TRAFFIC,IN ROADWAY,TEST NOT OFFERED,,30,CLEAR,DAYLIGHT,PEDALCYCLIST,NOT DIVIDED,STRAIGHT AND LEVEL,DRY,INJURY AND / OR TOW DUE TO CRASH,MONTROSE AVE,41.9617156689,-87.6511207948,POINT (-87.651120794757 41.961715668908)
O1347497,BICYCLE,5ec14111ec6de15c576881c8796d8d2794e835144984c7ddeaa2a1644c7219b3f4ac28783200130468b523c218ed6ebfcd5675ccf3d6962b7c4f11b18d2f0752,05/29/2022 11:02:00 PM,M,24.0,HELMET NOT USED,CROSSING - WITH SIGNAL,IN CROSSWALK,TEST NOT OFFERED,,30,CLEAR,DARKNESS,PEDALCYCLIST,T-INTERSECTION,STRAIGHT AND LEVEL,DRY,INJURY AND / OR TOW DUE TO CRASH,MICHIGAN AVE,41.8481809552,-87.6238287721,POINT (-87.623828772097 41.848180955243)
O1349447,BICYCLE,9e1979d36df95eb33b88fb2e5d154503636ba02769f3354a342fc9b7ba84dbc81d9b470f13cab3d2d7a3073c11da5356dfa070862083038d8ac64eec90c8b084,05/29/2022 10:15:00 PM,M,14.0,HELMET NOT USED,OTHER ACTION,IN CROSSWALK,TEST NOT OFFERED,,30,CLEAR,"DARKNESS, LIGHTED ROAD",PEDALCYCLIST,ALLEY,STRAIGHT AND LEVEL,DRY,INJURY AND / OR TOW DUE TO CRASH,DEVON AVE,41.9971778334,-87.7482834887,POINT (-87.748283488725 41.997177833412)
O1347451,BICYCLE,9b9915ff97999d6074a514a8b4a089bc5a4034e38f583e21ad359cf26a9a04b6a94d20c560e742be149fdf59a1bdac55a2729138ca245d756dd13f7ac4a4c181,05/29/2022 08:46:00 PM,F,54.0,HELMET NOT USED,CROSSING - WITH SIGNAL,IN ROADWAY,TEST NOT OFFERED,,30,CLEAR,"DARKNESS, LIGHTED ROAD",PEDALCYCLIST,NOT DIVIDED,STRAIGHT AND LEVEL,DRY,INJURY AND / OR TOW DUE TO CRASH,59TH ST,41.786024401,-87.7106047774,POINT (-87.710604777438 41.786024401014)
O1347418,NON-MOTOR VEHICLE,d8d520c5becc87d8c0dc0c0e57e5cd9e6b24e672892b5d07e01c3e2e72409c184af0f33fb74ab36299a0f1294641cef98e63f8b94423e675d1674cfb3a3d6c3a,05/29/2022 08:35:00 PM,X,,,,,,,15,CLEAR,"DARKNESS, LIGHTED ROAD",FIXED OBJECT,TRAFFIC ROUTE,STRAIGHT AND LEVEL,DRY,NO INJURY / DRIVE AWAY,TERMINAL ST,,,
O1347433,BICYCLE,b0c188eb3662ba88f440e46e79549a0434b30bb69e17ba8cc63bb4554aaa7138a25ddb4646fdcec6f9dbc6af4b1909b6de94a7155da2bec7a9206157c0d2288a,05/29/2022 08:05:00 PM,M,31.0,HELMET NOT USED,CROSSING - NO CONTROLS (AT INTERSECTION),IN ROADWAY,TEST NOT OFFERED,,30,CLEAR,DUSK,PEDALCYCLIST,NOT DIVIDED,STRAIGHT AND LEVEL,DRY,NO INJURY / DRIVE AWAY,LAFLIN ST,41.8788724007,-87.6644964045,POINT (-87.664496404541 41.878872400708)
O1347427,BICYCLE,7a4106186fa74d40043e98a26e37377329f48a3e65208862572be3f795e5cf80726adca5baeccde24ad4832cbe8c6686161df3a3670a1fc94c7cc4770c0bdaef,05/29/2022 07:50:00 PM,M,17.0,HELMET NOT USED,WITH TRAFFIC,IN ROADWAY,TEST NOT OFFERED,,30,CLEAR,DUSK,PARKED MOTOR VEHICLE,NOT DIVIDED,STRAIGHT AND LEVEL,DRY,INJURY AND / OR TOW DUE TO CRASH,DAMEN AVE,42.0029157512,-87.6804456169,POINT (-87.680445616911 42.002915751187)
O1347576,BICYCLE,296a015917fea544c361777d8d8a2ad36497bd06e02cc651b7c5e41c7399e7e4ce06709324272aad1d50111a8c91c813c0179a39a83b44a8ad3c081a9379610b,05/29/2022 04:49:00 PM,M,,HELMET NOT USED,CROSSING - NO CONTROLS (NOT AT INTERSECTION),IN CROSSWALK,TEST NOT OFFERED,,30,CLEAR,DAYLIGHT,PEDALCYCLIST,NOT DIVIDED,STRAIGHT AND LEVEL,UNKNOWN,INJURY AND / OR TOW DUE TO CRASH,LAKE SHORE DR NB,41.9657184879,-87.6474766551,POINT (-87.647476655051 41.965718487888)
O1347135,NON-MOTOR VEHICLE,552169e27b1856e70a60aaba38f5e62477e820deaac23acc645f63741eda916be34cdf0926f4dd12d32e8ec7911460c86bc30930f55a0b617188a2310d03cec2,05/29/2022 12:30:00 PM,,,,,,,,30,CLEAR,DAYLIGHT,FIXED OBJECT,DIVIDED - W/MEDIAN BARRIER,STRAIGHT AND LEVEL,DRY,NO INJURY / DRIVE AWAY,EBERHART AVE,41.6944669865,-87.6111664911,POINT (-87.61116649106 41.694466986475)
O1347296,BICYCLE,c745ad4bff15319aa88a39e29a7dc24bc817c7028d56118a66a798661ee2ad01c53291a0fe7dcf985792af07e0b957f586b0d81ee28cb9b03fde4352fdac6b1b,05/29/2022 12:30:00 PM,M,61.0,HELMET NOT USED,WITH TRAFFIC,IN ROADWAY,TEST NOT OFFERED,,30,CLEAR,DAYLIGHT,PEDALCYCLIST,ONE-WAY,STRAIGHT AND LEVEL,DRY,INJURY AND / OR TOW DUE TO CRASH,BERWYN AVE,41.9781565056,-87.6664323272,POINT (-87.666432327218 41.978156505606)
O1346846,BICYCLE,ff654e09f1f2183648b62b87396f2fd415ef7ede1cf7da849106c5da12c8af3aa885d28226cba61a826332a2ddd18668fe92edc0c897dd75f3a0655f47224baa,05/28/2022 08:15:00 PM,M,22.0,HELMET NOT USED,TURNING LEFT,IN ROADWAY,TEST NOT OFFERED,,30,CLEAR,"DARKNESS, LIGHTED ROAD",PEDALCYCLIST,NOT DIVIDED,STRAIGHT AND LEVEL,DRY,NO INJURY / DRIVE AWAY,ROOSEVELT RD,41.8674829196,-87.630492795,POINT (-87.630492795017 41.86748291958)
O1365399,BICYCLE,55204db5fa62abdcf77acf56b32639838389bff14139e81297210490ed476e5960fee339e8d958db233bd6ccc4f4f6bc728c33a0b223141062545d72bedde857,05/28/2022 05:12:00 PM,M,28.0,HELMET NOT USED,UNKNOWN/NA,IN ROADWAY,TEST NOT OFFERED,,25,CLEAR,DAYLIGHT,PEDALCYCLIST,NOT DIVIDED,STRAIGHT AND LEVEL,DRY,INJURY AND / OR TOW DUE TO CRASH,WOOD ST,41.9040405553,-87.6722484217,POINT (-87.672248421723 41.904040555324)
O1346838,BICYCLE,a178064f5097cfc902d0120f92120d699d3fc3410fa09f7d566d99a9a168b52b8b7e64e767da8dcb21b5c6951e6accb569544ad0216fe613a02e9ec0e15165c0,05/28/2022 04:40:00 PM,F,26.0,HELMET NOT USED,WITH TRAFFIC,IN ROADWAY,TEST NOT OFFERED,,30,CLEAR,DAYLIGHT,PEDALCYCLIST,TRAFFIC ROUTE,STRAIGHT AND LEVEL,DRY,INJURY AND / OR TOW DUE TO CRASH,KINZIE ST,41.8889398261,-87.6427988876,POINT (-87.642798887632 41.88893982615)
O1346840,NON-MOTOR VEHICLE,a178064f5097cfc902d0120f92120d699d3fc3410fa09f7d566d99a9a168b52b8b7e64e767da8dcb21b5c6951e6accb569544ad0216fe613a02e9ec0e15165c0,05/28/2022 04:40:00 PM,M,25.0,USAGE UNKNOWN,WITH TRAFFIC,IN ROADWAY,TEST NOT OFFERED,,30,CLEAR,DAYLIGHT,PEDALCYCLIST,TRAFFIC ROUTE,STRAIGHT AND LEVEL,DRY,INJURY AND / OR TOW DUE TO CRASH,KINZIE ST,41.8889398261,-87.6427988876,POINT (-87.642798887632 41.88893982615)
O1346703,BICYCLE,f69e737b40f3acbc9eae4c4a6abd64224f9811879bd731d656d7cbad6ad3f4d573851641587f78808b75788790654ba4eb6ab6ae9223604821a9f525158e2d01,05/28/2022 04:08:00 PM,M,19.0,HELMET NOT USED,OTHER ACTION,BIKE LANE,TEST NOT OFFERED,,30,CLEAR,DAYLIGHT,PEDALCYCLIST,NOT DIVIDED,STRAIGHT AND LEVEL,DRY,INJURY AND / OR TOW DUE TO CRASH,HALSTED ST,41.9087055764,-87.648068015,POINT (-87.648068015035 41.908705576415)
O1346638,BICYCLE,1d3b8a12c39e6cef19880def42d69ec8a9cde3fb661e2df4a8993f362f80f71ef5b65daef20a07f49617f096890dbf472a5a0b73dd323d17208469f1420ff101,05/28/2022 02:32:00 PM,M,17.0,BICYCLE HELMET (PEDACYCLIST INVOLVED ONLY),CROSSING - WITH SIGNAL,IN ROADWAY,TEST NOT OFFERED,,30,CLEAR,DAYLIGHT,PEDALCYCLIST,DIVIDED - W/MEDIAN (NOT RAISED),STRAIGHT AND LEVEL,DRY,INJURY AND / OR TOW DUE TO CRASH,63RD ST,41.778961599,-87.7105289488,POINT (-87.710528948795 41.778961598969)
O1346521,BICYCLE,acedbb6d9dd91a2c2281e511152f53a6045da58060ddb17500b4ec6acf0461601e8a0d6954de206d8da518ef098e6405972694ca139393115c08d58b008877b7,05/28/2022 11:50:00 AM,M,20.0,HELMET NOT USED,NO ACTION,IN ROADWAY,TEST NOT OFFERED,,30,CLEAR,DAYLIGHT,PEDALCYCLIST,NOT DIVIDED,STRAIGHT AND LEVEL,DRY,INJURY AND / OR TOW DUE TO CRASH,RACINE AVE,41.9411625988,-87.6591529317,POINT (-87.659152931721 41.941162598845)
O1346506,BICYCLE,7069cd8b20a975e8af9ffd20a09b97ce4eeb428c54867d39b205f1453a8fb5314a7b8203312b047fb7ab075795fc47c78e65cd4661980c5c3e9ce97ae75dea61,05/28/2022 11:00:00 AM,F,21.0,HELMET NOT USED,WITH TRAFFIC,IN ROADWAY,TEST NOT OFFERED,,30,CLEAR,DAYLIGHT,PEDALCYCLIST,NOT DIVIDED,STRAIGHT AND LEVEL,DRY,INJURY AND / OR TOW DUE TO CRASH,SHEFFIELD AVE,41.9447727633,-87.6541078481,POINT (-87.654107848133 41.944772763281)
O1346468,BICYCLE,5a07f16e65f152857bb7db51e2f9d9d862ac04a3789bcfeca21cc4b1e1c1afcf2bcc1fce628dbdce9ed1f7e3362690ad06b7f7b272c79f2e8649712e66fb73b2,05/28/2022 09:45:00 AM,M,22.0,HELMET NOT USED,OTHER ACTION,IN CROSSWALK,TEST NOT OFFERED,,35,CLEAR,DAYLIGHT,PEDALCYCLIST,NOT DIVIDED,STRAIGHT AND LEVEL,DRY,INJURY AND / OR TOW DUE TO CRASH,FOSTER AVE,41.9745221801,-87.8121545508,POINT (-87.812154550762 41.974522180064)
O1346275,BICYCLE,a4f0a1acf9d585c1544912e7b77c3c39b5befddba81fe989857f710805600925fe02ca77f210717206dfac6b6683dcb2e58b0b926fee74a5f8b4ee51ac598df1,05/27/2022 11:35:00 PM,F,29.0,HELMET NOT USED,CROSSING - NO CONTROLS (AT INTERSECTION),IN ROADWAY,,,20,CLEAR,"DARKNESS, LIGHTED ROAD",PEDALCYCLIST,FOUR WAY,STRAIGHT AND LEVEL,DRY,INJURY AND / OR TOW DUE TO CRASH,MAPLEWOOD AVE,41.9067195183,-87.6909613034,POINT (-87.690961303389 41.906719518285)
O1346282,BICYCLE,cde691fcf3b048608d01c99ef08fe5180d2573d01e117ef5e31a8a9affedbfb702cf7caee32b48ee6d70d7d7d99ac7573ec5bd70f1b286417388a4c435a1958e,05/27/2022 10:23:00 PM,M,28.0,HELMET NOT USED,CROSSING - WITH SIGNAL,IN ROADWAY,TEST NOT OFFERED,,30,CLEAR,"DARKNESS, LIGHTED ROAD",PEDALCYCLIST,DIVIDED - W/MEDIAN (NOT RAISED),STRAIGHT AND LEVEL,DRY,INJURY AND / OR TOW DUE TO CRASH,COTTAGE GROVE AVE,41.743873821,-87.6051761606,POINT (-87.605176160557 41.743873821012)
O1346077,BICYCLE,09051733d2678c610a328a387f22bf8216ccc6459b42fb249716974607f4029bde1e43b6c979e1ff290edf1a7334690023b2970b5d7b3bc05e7112f91876ae7c,05/27/2022 04:53:00 PM,M,19.0,HELMET NOT USED,AGAINST TRAFFIC,IN ROADWAY,TEST NOT OFFERED,,25,CLEAR,DAYLIGHT,PEDALCYCLIST,FOUR WAY,STRAIGHT AND LEVEL,DRY,NO INJURY / DRIVE AWAY,PRATT BLVD,42.0050561187,-87.6950117996,POINT (-87.695011799634 42.005056118715)
O1346047,BICYCLE,4a1647aee0fad47073d846f5afb5211d32145858f631d7bbbaf2972f8e2ecedef594782e7766df8d0b4b449298e1163ed618b21b41999e08036ad1ecee42e0a6,05/27/2022 03:48:00 PM,M,13.0,HELMET NOT USED,CROSSING - NO CONTROLS (AT INTERSECTION),IN CROSSWALK,TEST NOT OFFERED,,15,CLEAR,DAYLIGHT,PEDALCYCLIST,ALLEY,STRAIGHT AND LEVEL,DRY,INJURY AND / OR TOW DUE TO CRASH,NASHVILLE AVE,41.7926871682,-87.7868512627,POINT (-87.786851262652 41.792687168234)
O1345873,BICYCLE,db95b25c4022cb0058a6fe38939d0a81c3a0bb586c940ce1e7286cf076102d76affafb21094250f8f711f1753b48afd73b2d5ef723e858ba5d49a7f37df3c2ea,05/27/2022 01:09:00 PM,M,53.0,HELMET NOT USED,WITH TRAFFIC,IN ROADWAY,TEST NOT OFFERED,,30,CLEAR,DAYLIGHT,PEDALCYCLIST,NOT DIVIDED,STRAIGHT AND LEVEL,DRY,INJURY AND / OR TOW DUE TO CRASH,COTTAGE GROVE AVE,41.773573805,-87.6056360247,POINT (-87.605636024732 41.773573804961)