PERSON_ID,PERSON_TYPE,CRASH_RECORD_ID,CRASH_DATE_x,SEX,AGE,SAFETY_EQUIPMENT,PEDPEDAL_ACTION,PEDPEDAL_LOCATION,BAC_RESULT,CRASH_DATE_EST_I,POSTED_SPEED_LIMIT,WEATHER_CONDITION,LIGHTING_CONDITION,FIRST_CRASH_TYPE,TRAFFICWAY_TYPE,ALIGNMENT,ROADWAY_SURFACE_COND,CRASH_TYPE,STREET_NAME,LATITUDE,LONGITUDE,LOCATION
O1345479,BICYCLE,77d76e175133c88f12dd82c5b0aa60c1af03d06c19f3e069e32ede112d99ceb4a9fad2764e3b2feadad0d715827e7566469e6d483708742841611341ec0a64c8,05/26/2022 06:50:00 PM,M,26.0,BICYCLE HELMET (PEDACYCLIST INVOLVED ONLY),WITH TRAFFIC,BIKE LANE,TEST NOT OFFERED,,30,CLEAR,DAYLIGHT,PEDALCYCLIST,DIVIDED - W/MEDIAN (NOT RAISED),STRAIGHT AND LEVEL,DRY,INJURY AND / OR TOW DUE TO CRASH,CLARENDON AVE,41.9564504113,-87.6496096235,POINT (-87.649609623455 41.956450411303)
O1345370,BICYCLE,ea12af4eb4afdb23ddb85b0f0afeb2268da2d1be87c9e1ceb8d4b8f74d097f592f3346b7593aa539659e10f4739bfea753ec907371e1a80711d48ed3dc87efbe,05/26/2022 03:46:00 PM,M,39.0,HELMET NOT USED,CROSSING - WITH SIGNAL,BIKE LANE,TEST NOT OFFERED,,30,CLEAR,DAYLIGHT,PEDALCYCLIST,NOT DIVIDED,STRAIGHT AND LEVEL,DRY,INJURY AND / OR TOW DUE TO CRASH,MILWAUKEE AVE,41.9057095693,-87.670390841,POINT (-87.670390840969 41.905709569258)
O1345222,BICYCLE,fb076ec9cf732ba3589744a3b7cc54082ef4a6098035cb1dd1fc3f6109dc566c19fae13a4a90567af7041383268d443263f70d3dbe6b761f2a50cda3d6c49ab2,05/26/2022 02:33:00 PM,M,,HELMET NOT USED,UNKNOWN/NA,BIKE LANE,TEST NOT OFFERED,,30,CLOUDY/OVERCAST,DAYLIGHT,PEDALCYCLIST,DIVIDED - W/MEDIAN (NOT RAISED),STRAIGHT AND LEVEL,DRY,INJURY AND / OR TOW DUE TO CRASH,LINCOLN AVE,41.9574510793,-87.6809010803,POINT (-87.680901080262 41.957451079265)
O1345121,BICYCLE,6ab9084137ec996acc4173b01fd0cb15482b7081a68a3c222cb95dd14d20265eb3e5bbe7bfbb424fe284c82a9e61458bce658d1df45c65d57c71427f800c95bf,05/26/2022 11:53:00 AM,M,26.0,HELMET NOT USED,WITH TRAFFIC,IN ROADWAY,TEST NOT OFFERED,,30,CLEAR,DAYLIGHT,PEDALCYCLIST,FOUR WAY,STRAIGHT AND LEVEL,DRY,INJURY AND / OR TOW DUE TO CRASH,DESPLAINES ST,41.8792237725,-87.6441875333,POINT (-87.64418753334 41.879223772458)
O1344804,BICYCLE,344edd5ddfe4a810d2f786e7f7915092023eaa105c5cd89cb82c4e6b18de6089f71403166057ff94ab7df954a99b46bb56473880deb41259ceb6f0e2bc614699,05/25/2022 09:44:00 PM,M,40.0,HELMET NOT USED,UNKNOWN/NA,UNKNOWN/NA,TEST NOT OFFERED,,30,CLEAR,"DARKNESS, LIGHTED ROAD",PEDALCYCLIST,NOT DIVIDED,STRAIGHT AND LEVEL,DRY,INJURY AND / OR TOW DUE TO CRASH,DIVERSEY AVE,41.9312084694,-87.7630932936,POINT (-87.763093293643 41.931208469421)
O1344485,BICYCLE,422e137324605d7487bdfcdb2628de6687ff7166346f48d05160df038bdf76a403aa71169519c1412f769871f6087c13930397f5ea3e3ab0a02052bf96cf0757,05/25/2022 03:00:00 PM,M,78.0,BICYCLE HELMET (PEDACYCLIST INVOLVED ONLY),CROSSING - NO CONTROLS (AT INTERSECTION),IN ROADWAY,TEST NOT OFFERED,,30,CLEAR,DAYLIGHT,PEDALCYCLIST,FOUR WAY,STRAIGHT AND LEVEL,DRY,INJURY AND / OR TOW DUE TO CRASH,BARRY AVE,41.9381244279,-87.6590247546,POINT (-87.659024754553 41.938124427936)
O1344484,BICYCLE,c3dccfd79dc395fc58c8f19c41aa15980e8c1847eb51f5ce106606074bf6ba775649e35a4b7c1e63e682ce3a9ae1e2beb3e4e4c40386d07ab9777fb3e2822fa1,05/25/2022 02:40:00 PM,M,38.0,BICYCLE HELMET (PEDACYCLIST INVOLVED ONLY),CROSSING - NO CONTROLS (AT INTERSECTION),IN ROADWAY,TEST NOT OFFERED,,30,RAIN,DAYLIGHT,PEDALCYCLIST,T-INTERSECTION,STRAIGHT AND LEVEL,WET,INJURY AND / OR TOW DUE TO CRASH,CLAREMONT AVE,41.968723257,-87.6878384885,POINT (-87.687838488515 41.968723257014)
O1344101,BICYCLE,3d1a5bb0d4c56b1671566a15ce7181e94da4ab874764fe39bd113d58f4d0a1592d290ef57916d1c02979aedcce013a08db670d24550a60639ee0ed232c6da4d5,05/24/2022 08:23:00 PM,M,44.0,HELMET NOT USED,CROSSING - NO CONTROLS (AT INTERSECTION),IN ROADWAY,TEST NOT OFFERED,,30,CLEAR,DUSK,PEDALCYCLIST,FOUR WAY,STRAIGHT AND LEVEL,DRY,INJURY AND / OR TOW DUE TO CRASH,IRVING PARK RD,41.9540449461,-87.7056363754,POINT (-87.705636375404 41.954044946135)
O1344035,BICYCLE,62f764c89279615b0340a8d6cc98f2f0a6067a81cdd33f8aa82a9514d08a383232fa8050c39f9b0b94ffa0b75b4ebc834081e212a3bbd81a7ae24477f84a41df,05/24/2022 06:45:00 PM,M,28.0,HELMET NOT USED,WITH TRAFFIC,BIKEWAY,TEST NOT OFFERED,,30,CLEAR,DAYLIGHT,PEDALCYCLIST,T-INTERSECTION,STRAIGHT AND LEVEL,DRY,INJURY AND / OR TOW DUE TO CRASH,ARMITAGE AVE,41.9181955627,-87.6398930697,POINT (-87.639893069688 41.918195562666)
O1344459,BICYCLE,76210e3ab5cf29a08f7e93e9c0cfc374af5de30ce62a10c4028ab4440b68261f2f6aa81e9499cd1dc057121c19439c61911f53be48943a59284f0222b59fb36f,05/24/2022 05:51:00 PM,M,27.0,HELMET NOT USED,WITH TRAFFIC,IN CROSSWALK,TEST NOT OFFERED,,30,CLEAR,DAYLIGHT,PEDALCYCLIST,FOUR WAY,STRAIGHT AND LEVEL,DRY,INJURY AND / OR TOW DUE TO CRASH,CLINTON ST,41.8672903314,-87.6405758667,POINT (-87.640575866664 41.867290331398)
O1344017,BICYCLE,958e4b0cfd8c6ab7fe7622bae31dda77d03430a0d1911d06e5af600b5b783bd831f5cb39502a593b1b6017813d034f67f2f86c46a9c3b58b4d8df589f6ecea2b,05/24/2022 05:24:00 PM,M,50.0,BICYCLE HELMET (PEDACYCLIST INVOLVED ONLY),WITH TRAFFIC,BIKE LANE,TEST NOT OFFERED,,30,CLEAR,DAYLIGHT,SIDESWIPE SAME DIRECTION,NOT DIVIDED,STRAIGHT AND LEVEL,DRY,INJURY AND / OR TOW DUE TO CRASH,LINCOLN AVE,41.9400635075,-87.6687641355,POINT (-87.668764135527 41.940063507485)
O1343988,BICYCLE,3e2c75cd64b2df4022a02fb96c08fe2d3ef84c2ecf7be19477f246a2dd21a0c5f68200a857c1362730b55117b0a884d599002264663e665fbdac6db565c22528,05/24/2022 05:15:00 PM,M,24.0,HELMET NOT USED,TURNING RIGHT,BIKE LANE,TEST NOT OFFERED,,30,CLEAR,DAYLIGHT,PEDALCYCLIST,DIVIDED - W/MEDIAN (NOT RAISED),STRAIGHT AND LEVEL,DRY,NO INJURY / DRIVE AWAY,WOLCOTT AVE,41.9014726779,-87.6749153236,POINT (-87.674915323575 41.901472677904)
O1343946,BICYCLE,6b90665c797742ece621b1c140a4ecce9c8dc22e3e9c221fb5c284bad7d7837795d7a2d4375d30dbc3d820a44d0caf6338158ac92314ec4e38138d1a6ac8dff0,05/24/2022 04:55:00 PM,M,38.0,BICYCLE HELMET (PEDACYCLIST INVOLVED ONLY),NO ACTION,IN ROADWAY,"TEST PERFORMED, RESULTS UNKNOWN",,30,CLEAR,DAYLIGHT,PEDALCYCLIST,OTHER,STRAIGHT AND LEVEL,UNKNOWN,INJURY AND / OR TOW DUE TO CRASH,WILSON AVE,41.964565885,-87.7131271304,POINT (-87.713127130357 41.964565885)
O1343926,BICYCLE,bdde3e7a10d953f28ee40512c58adb5efd141d60f26bcddfd3f8745234d9685966a0fef5e5b92b74a2765fe6c8741f4eb646a0cb6d208700fe586ef0f0ce72e7,05/24/2022 03:30:00 PM,M,37.0,BICYCLE HELMET (PEDACYCLIST INVOLVED ONLY),WITH TRAFFIC,BIKE LANE,TEST NOT OFFERED,,30,CLEAR,DAYLIGHT,PEDALCYCLIST,NOT DIVIDED,STRAIGHT AND LEVEL,DRY,INJURY AND / OR TOW DUE TO CRASH,HALSTED ST,41.880128783,-87.6471646008,POINT (-87.647164600769 41.880128783026)
O1343894,BICYCLE,be9523f3a3804885d7d481ea5247cfbfa4cb2a71771c3b34794fafc8d492a5a28b99a063c39710913bab2525730c64f370bd6114ffee911dd730043139fa78ce,05/24/2022 03:30:00 PM,M,18.0,HELMET NOT USED,WITH TRAFFIC,IN ROADWAY,TEST NOT OFFERED,,30,CLEAR,DAYLIGHT,PEDALCYCLIST,DIVIDED - W/MEDIAN (NOT RAISED),STRAIGHT AND LEVEL,DRY,INJURY AND / OR TOW DUE TO CRASH,MONTROSE AVE,41.9612396706,-87.713076618,POINT (-87.713076617995 41.961239670648)
O1343789,BICYCLE,035973010076c9a3b756ee3d0acd931bd9c648813be1aa09583c647d0de3bce899af88d6cd73a100d25fbf04bc6b054da7705eb1e031822890c1f5b278fcd8ff,05/24/2022 12:23:00 PM,M,53.0,BICYCLE HELMET (PEDACYCLIST INVOLVED ONLY),CROSSING - WITH SIGNAL,IN CROSSWALK,TEST NOT OFFERED,,30,CLEAR,DAYLIGHT,PEDALCYCLIST,FOUR WAY,STRAIGHT AND LEVEL,DRY,NO INJURY / DRIVE AWAY,MONROE DR,41.8810297169,-87.6172815664,POINT (-87.617281566405 41.881029716883)
O1343626,BICYCLE,1d4537543d507285df612f18ebf2be7729b54b04820ccced76cccf7e52ec28c9876ccf1980e681847f0df9a5269019473823b2628714617f520e50deee218308,05/24/2022 07:27:00 AM,M,22.0,HELMET NOT USED,WITH TRAFFIC,BIKE LANE,TEST NOT OFFERED,,30,CLEAR,DAYLIGHT,PEDALCYCLIST,ALLEY,STRAIGHT AND LEVEL,DRY,INJURY AND / OR TOW DUE TO CRASH,FULTON ST,41.8864849368,-87.6619873551,POINT (-87.661987355107 41.886484936789)
O1343490,BICYCLE,050d8589273eb325bf481c46847615073f7d2656e92c9d70a438c9937588108828caff7328f63440f3cb288fb76ac3e38e90219f607201a5f833e56b8c68f89c,05/23/2022 08:30:00 PM,M,62.0,BICYCLE HELMET (PEDACYCLIST INVOLVED ONLY),UNKNOWN/NA,IN ROADWAY,TEST NOT OFFERED,,35,CLEAR,DARKNESS,PEDALCYCLIST,DIVIDED - W/MEDIAN BARRIER,STRAIGHT AND LEVEL,DRY,INJURY AND / OR TOW DUE TO CRASH,ANTHONY AVE,41.7495738698,-87.5862356219,POINT (-87.586235621882 41.749573869773)
O1343408,BICYCLE,06297c6a43b493a4130518002fcca75742e54df7d332b54cd21dcd78900beb4ea94e85a1e32f410bb5c7cb4294bb5fa40e915deaf0a5fd5172474160abb79b3b,05/23/2022 05:45:00 PM,M,20.0,HELMET NOT USED,UNKNOWN/NA,UNKNOWN/NA,TEST NOT OFFERED,,30,CLEAR,DAYLIGHT,PEDALCYCLIST,NOT DIVIDED,STRAIGHT AND LEVEL,DRY,INJURY AND / OR TOW DUE TO CRASH,IRVING PARK RD,41.9537568745,-87.7276985131,POINT (-87.727698513129 41.953756874475)
O1343653,BICYCLE,a0004225dc024ccb8b278b99fe784decb4014399d78a03b98c2387ff11c109336728ef680c5ce79587634c6fa395be5f8f09d74c7d7ac64e086de6ce95ebd014,05/23/2022 04:05:00 PM,M,27.0,BICYCLE HELMET (PEDACYCLIST INVOLVED ONLY),WITH TRAFFIC,IN ROADWAY,TEST NOT OFFERED,,30,CLEAR,DAYLIGHT,PEDALCYCLIST,DIVIDED - W/MEDIAN BARRIER,STRAIGHT AND LEVEL,DRY,INJURY AND / OR TOW DUE TO CRASH,INDIANA AVE,41.8631401396,-87.6223051175,POINT (-87.622305117456 41.863140139618)
O1343367,BICYCLE,c04d70d679e3cd968e8dcc2c497f055092c3125d9f1095a66ac0133b35b688e6089bba91fe37664303b62edecdb75ca24c441cb542967d9e2bb6ed8989636bff,05/23/2022 02:49:00 PM,,,HELMET NOT USED,CROSSING - AGAINST SIGNAL,IN CROSSWALK,,,30,UNKNOWN,DAYLIGHT,PEDALCYCLIST,"FIVE POINT, OR MORE",STRAIGHT AND LEVEL,UNKNOWN,NO INJURY / DRIVE AWAY,GRAND AVE,41.8995311784,-87.7094034368,POINT (-87.70940343684 41.899531178407)
O1346450,BICYCLE,839bbe49b5f99f2d452c738552a9ee683b108f64562f92620ea7e30334bcd1cc2ece3cb6b2111ba47c9f5d2948cc2aba8b5d48d9a92d982578c2c7d73ad4c591,05/23/2022 12:38:00 PM,M,45.0,HELMET NOT USED,UNKNOWN/NA,IN ROADWAY,TEST NOT OFFERED,,30,CLEAR,DAYLIGHT,PEDALCYCLIST,NOT DIVIDED,STRAIGHT AND LEVEL,DRY,INJURY AND / OR TOW DUE TO CRASH,EWING AVE,41.6970918719,-87.5354292634,POINT (-87.535429263363 41.697091871889)
O1653055,BICYCLE,839bbe49b5f99f2d452c738552a9ee683b108f64562f92620ea7e30334bcd1cc2ece3cb6b2111ba47c9f5d2948cc2aba8b5d48d9a92d982578c2c7d73ad4c591,05/23/2022 12:38:00 PM,M,45.0,HELMET NOT USED,UNKNOWN/NA,IN ROADWAY,TEST NOT OFFERED,,30,CLEAR,DAYLIGHT,PEDALCYCLIST,NOT DIVIDED,STRAIGHT AND LEVEL,DRY,INJURY AND / OR TOW DUE TO CRASH,EWING AVE,41.6970918719,-87.5354292634,POINT (-87.535429263363 41.697091871889)
O1343032,BICYCLE,8d4f4dc49985007251f4c34d9aa68c4add579681a98f47f64606a5cab6c6bf87d6f2c75457c31d2a5056a5415bb7d333a25d23b68048ceaddfd48404d04c2024,05/23/2022 10:01:00 AM,M,67.0,HELMET NOT USED,TURNING LEFT,IN ROADWAY,TEST NOT OFFERED,,30,CLEAR,DAYLIGHT,PEDALCYCLIST,NOT DIVIDED,STRAIGHT AND LEVEL,DRY,INJURY AND / OR TOW DUE TO CRASH,CALIFORNIA AVE,41.9099569728,-87.6971934746,POINT (-87.697193474601 41.909956972775)
O1342819,BICYCLE,d1020789ef55d9b23c961164a54c118bf8c8c1f2c171e885770c1845cc4f67d89cea229283a25fe048f1e6f4593f56310966afe6b604bd1ebe1659ba3256e7a8,05/22/2022 07:50:00 PM,F,27.0,BICYCLE HELMET (PEDACYCLIST INVOLVED ONLY),WITH TRAFFIC,BIKEWAY,TEST NOT OFFERED,,30,CLEAR,DAYLIGHT,PEDALCYCLIST,DIVIDED - W/MEDIAN (NOT RAISED),STRAIGHT AND LEVEL,DRY,INJURY AND / OR TOW DUE TO CRASH,CALIFORNIA AVE,41.9038203738,-87.69704968,POINT (-87.697049680031 41.903820373808)
O1342754,BICYCLE,7b3258796b4f878315e078bd41ce83586bda2fe961b1da8574afc813558e30158f3ebccdcba7474b4144187a10a1c03d2750e85a2fb0bfdd35f3f38d5c73202a,05/22/2022 05:40:00 PM,M,34.0,BICYCLE HELMET (PEDACYCLIST INVOLVED ONLY),NO ACTION,BIKE LANE,TEST NOT OFFERED,,30,CLEAR,DAYLIGHT,PEDALCYCLIST,NOT DIVIDED,STRAIGHT AND LEVEL,DRY,INJURY AND / OR TOW DUE TO CRASH,MILWAUKEE AVE,41.9030050392,-87.6657065445,POINT (-87.665706544455 41.903005039235)
O1342590,BICYCLE,d9fe718fec263cf1672ec9ae0a60bfcaef63b85bfebb2c37885095fd846ba5adea21e5943f65a8089cf6ec5b0e8d74c64272302d0ef8d13e1685880e308fce0e,05/22/2022 12:26:00 PM,M,26.0,BICYCLE HELMET (PEDACYCLIST INVOLVED ONLY),WITH TRAFFIC,IN ROADWAY,TEST NOT OFFERED,,30,CLEAR,DAYLIGHT,PEDALCYCLIST,NOT DIVIDED,STRAIGHT AND LEVEL,DRY,INJURY AND / OR TOW DUE TO CRASH,FOSTER AVE,41.9763855389,-87.663027111,POINT (-87.663027110968 41.976385538936)
O1342588,BICYCLE,4f6b8f36abe8b035ffb3cb4fbdf6e83e2a3d86af402457fada7f317576ed8289c325c0032e37b287294df657f0aa16f72c8e67e6deeeb9bb07af67a4ca326f8c,05/22/2022 12:25:00 PM,M,35.0,HELMET NOT USED,WITH TRAFFIC,BIKEWAY,TEST NOT OFFERED,,20,CLEAR,DAYLIGHT,PEDALCYCLIST,DIVIDED - W/MEDIAN (NOT RAISED),STRAIGHT AND LEVEL,DRY,INJURY AND / OR TOW DUE TO CRASH,LINCOLN AVE,41.9317024919,-87.6572996049,POINT (-87.657299604878 41.931702491857)
O1342204,BICYCLE,1554427d42d15a0ec30f51c61a61ff95f82d17396093824f6ad6160bf09cd5b6b30b77b6c93a81a7c13a088b635ad18fbd5319154282a8ef8f29358b9388e25a,05/21/2022 05:10:00 PM,M,24.0,BICYCLE HELMET (PEDACYCLIST INVOLVED ONLY),WITH TRAFFIC,BIKE LANE,TEST NOT OFFERED,,30,CLOUDY/OVERCAST,DAYLIGHT,PEDALCYCLIST,NOT DIVIDED,STRAIGHT AND LEVEL,DRY,NO INJURY / DRIVE AWAY,HUMBOLDT DR,41.906618575,-87.7015014578,POINT (-87.701501457835 41.906618575041)
O1342207,BICYCLE,0bb24850259b37caf43763b9eb6fdec5ecda1325b4036db1549102f3bc31ea2b1678281d4071a796191f40e9662a5a0c4474f14f56ee3335c10b14b93236b8cb,05/21/2022 04:52:00 PM,F,23.0,HELMET NOT USED,CROSSING - WITH SIGNAL,BIKE LANE,TEST NOT OFFERED,,30,CLEAR,DAYLIGHT,PEDALCYCLIST,NOT DIVIDED,STRAIGHT AND LEVEL,WET,INJURY AND / OR TOW DUE TO CRASH,MILWAUKEE AVE,41.9072841152,-87.6724003152,POINT (-87.67240031524 41.907284115186)
O1342183,BICYCLE,5a09dd7c5d003e9b9796dd8e02894057635bc14719dbf66dc5446216e269f85f3a94421ef436c901a37152f35ffe730ad169498cbe9a4742f9f751ed05d8c18a,05/21/2022 01:42:00 PM,F,50.0,HELMET NOT USED,OTHER ACTION,IN ROADWAY,TEST NOT OFFERED,,25,RAIN,DAYLIGHT,PEDALCYCLIST,NOT DIVIDED,STRAIGHT AND LEVEL,WET,INJURY AND / OR TOW DUE TO CRASH,CALIFORNIA AVE,41.9958558754,-87.6997274624,POINT (-87.699727462423 41.995855875363)
O1342022,BICYCLE,3da3dfe28609d141fd2dfcd71d436427b735819cf3aa9c6650172a1cf8e9bf5c9a447d052307504cbc17f95e82fd92dcc30e60fe685f24a042066a5ecbe8ed27,05/21/2022 01:00:00 PM,M,27.0,BICYCLE HELMET (PEDACYCLIST INVOLVED ONLY),WITH TRAFFIC,IN ROADWAY,TEST NOT OFFERED,,35,RAIN,DAYLIGHT,PEDALCYCLIST,NOT DIVIDED,STRAIGHT AND LEVEL,DRY,NO INJURY / DRIVE AWAY,CERMAK RD,41.8517887524,-87.6957855852,POINT (-87.695785585154 41.851788752364)
O1341778,NON-MOTOR VEHICLE,c81cad860cdebe0a2ce93f0e72ad206b31e771d97ed2d3cc0002a720f027a166cefedc0c99a75551406ba5fddc9816bc6ae02e2a14a19e081164eb92fd4c50d6,05/21/2022 12:30:00 AM,,,,,,TEST NOT OFFERED,Y,15,RAIN,"DARKNESS, LIGHTED ROAD",FIXED OBJECT,OTHER,STRAIGHT AND LEVEL,WET,NO INJURY / DRIVE AWAY,CENTRAL AVE,41.7868216428,-87.7619264769,POINT (-87.761926476904 41.786821642828)
O1341273,BICYCLE,6afce881a1861867acfdf48cc276a8e3bb332ee350845dde9381cabe4e148b9d01e895fc5d7539402567b445bcdd86e94610adfe94e33be5303262672e125391,05/20/2022 12:41:00 PM,M,33.0,BICYCLE HELMET (PEDACYCLIST INVOLVED ONLY),NO ACTION,BIKEWAY,TEST NOT OFFERED,Y,30,CLEAR,DAYLIGHT,PEDALCYCLIST,DIVIDED - W/MEDIAN (NOT RAISED),STRAIGHT AND LEVEL,DRY,INJURY AND / OR TOW DUE TO CRASH,HALSTED ST,41.8900733006,-87.6474623508,POINT (-87.647462350782 41.890073300607)
O1341776,NON-MOTOR VEHICLE,2715271c7c6479a5f7ddc0205d9a76b298d60f771a9f1865ff7a2c3549c95d69375065d65657ef25fefcc8b543b4ff17a341f7e0439b864dcbd4d240e4fc4aba,05/20/2022 11:00:00 AM,,,,,,TEST NOT OFFERED,,25,SEVERE CROSS WIND GATE,DAWN,OTHER NONCOLLISION,DIVIDED - W/MEDIAN BARRIER,STRAIGHT ON GRADE,DRY,NO INJURY / DRIVE AWAY,TRUMBULL AVE,41.8116490909,-87.71029512,POINT (-87.710295119979 41.811649090896)
O1342042,BICYCLE,5c05ef2b160b9904afedb7b2b8090cd7952405f3c8de878c1078ec3f893b019425f43305b547a6053127fbe42a5225cfe84ce9655d6eeafedea374a1260e6a63,05/20/2022 10:40:00 AM,M,24.0,BICYCLE HELMET (PEDACYCLIST INVOLVED ONLY),OTHER ACTION,IN CROSSWALK,,,20,UNKNOWN,DAYLIGHT,PEDALCYCLIST,T-INTERSECTION,STRAIGHT AND LEVEL,UNKNOWN,INJURY AND / OR TOW DUE TO CRASH,BALMORAL AVE,41.9796335932,-87.6893592059,POINT (-87.689359205893 41.97963359316)
O1341283,BICYCLE,a5d8b5eadb905d42c08f60df5234669e316ea8bf2e64069e155b63edb4b5e4a656cbf39bd0a85aa37691521bac9970c20110d969d21fd5c81b5d8278f575a3f8,05/19/2022 10:30:00 PM,M,23.0,BICYCLE HELMET (PEDACYCLIST INVOLVED ONLY),CROSSING - NO CONTROLS (AT INTERSECTION),BIKEWAY,TEST NOT OFFERED,,30,CLEAR,"DARKNESS, LIGHTED ROAD",PEDALCYCLIST,RAMP,STRAIGHT AND LEVEL,DRY,INJURY AND / OR TOW DUE TO CRASH,LAKE SHORE DR SB,41.9262078575,-87.6315297075,POINT (-87.631529707465 41.926207857505)
O1340941,BICYCLE,85548f336afedd29dc84238d277475125daf49a6e1ab22ed13898a1dfefb67e3710b41227cd6e7b6eb553e753d13dc4506b0cca6c16aaf60be01153621b29df9,05/19/2022 09:00:00 PM,M,11.0,HELMET NOT USED,CROSSING - NO CONTROLS (NOT AT INTERSECTION),IN CROSSWALK,TEST NOT OFFERED,,20,CLEAR,"DARKNESS, LIGHTED ROAD",PEDALCYCLIST,ALLEY,STRAIGHT AND LEVEL,DRY,INJURY AND / OR TOW DUE TO CRASH,PARKSIDE AVE,41.9003942139,-87.7666575095,POINT (-87.766657509496 41.900394213913)
O1340887,BICYCLE,aa665b381b569f621b03f771eadee09f6c90c269dfbc369987e005b5fc8372f51394bda3b159eccdd2a7c7d273f1129ccbff9b85987c19a02f0941645716c69b,05/19/2022 06:45:00 PM,M,23.0,HELMET NOT USED,CROSSING - NO CONTROLS (AT INTERSECTION),IN CROSSWALK,TEST NOT OFFERED,,25,CLEAR,DAYLIGHT,PEDALCYCLIST,FOUR WAY,STRAIGHT AND LEVEL,DRY,INJURY AND / OR TOW DUE TO CRASH,CANNON DR,41.9258069317,-87.6338196492,POINT (-87.633819649202 41.925806931737)
O1345315,BICYCLE,f3de55abc3ac611ae138181626938038a53950aca8f831cb8b9bd27af47376f76835c59d216fe6b076426474de3e41d2800aaee5bbe1b4f6a137e056497be06a,05/19/2022 06:30:00 PM,M,29.0,BICYCLE HELMET (PEDACYCLIST INVOLVED ONLY),WITH TRAFFIC,BIKEWAY,TEST NOT OFFERED,,30,CLEAR,DAYLIGHT,PEDALCYCLIST,DIVIDED - W/MEDIAN (NOT RAISED),STRAIGHT AND LEVEL,DRY,INJURY AND / OR TOW DUE TO CRASH,MILWAUKEE AVE,41.9201828384,-87.6931390405,POINT (-87.693139040538 41.920182838435)
O1340857,BICYCLE,6b44ed66a0ce81bf5b029769dbfedbee1f299287d2fe9c7471e6fe6ea98ab3840341283b8466c14b4bedd269d667560104e211ac434e50a89acbdab3e5c09d3d,05/19/2022 05:03:00 PM,M,,HELMET NOT USED,AGAINST TRAFFIC,IN ROADWAY,TEST NOT OFFERED,,30,CLEAR,DAYLIGHT,PEDALCYCLIST,FOUR WAY,STRAIGHT AND LEVEL,DRY,INJURY AND / OR TOW DUE TO CRASH,GRAND AVE,41.8917154583,-87.6325118117,POINT (-87.632511811736 41.891715458283)
O1340401,BICYCLE,e3942126c19ed317519781fb4a09f0833fc92ef7673d25046f07f2f5c8a71e36b40c265fc5a9617107ec5bc82a941051953b4ed5c1357cd14345deba9c64523b,05/19/2022 09:13:00 AM,M,,BICYCLE HELMET (PEDACYCLIST INVOLVED ONLY),SCHOOL BUS (WITHIN 50 FT.),IN ROADWAY,TEST REFUSED,,30,CLEAR,DAYLIGHT,PEDALCYCLIST,FOUR WAY,STRAIGHT AND LEVEL,DRY,NO INJURY / DRIVE AWAY,WABASH AVE,41.8845256252,-87.626395831,POINT (-87.626395830991 41.88452562522)
O1340225,BICYCLE,7e310b8dc65be8aaaab90e779f5be9fa61576ae7120876f42fc13e9907988611713f0169361bc1f496215eb3e8663fd644c47069d9f27c30df61a379b3a2416d,05/18/2022 08:38:00 PM,M,34.0,HELMET NOT USED,CROSSING - NO CONTROLS (AT INTERSECTION),IN ROADWAY,TEST NOT OFFERED,,30,CLEAR,DARKNESS,PEDALCYCLIST,NOT DIVIDED,STRAIGHT AND LEVEL,DRY,INJURY AND / OR TOW DUE TO CRASH,DIVISION ST,41.9038573464,-87.6412256185,POINT (-87.64122561851 41.903857346356)
O1340096,BICYCLE,42e984b953b558f7863aad535f6f4bca1c2a8fddf98c01c3e5b6f923c5d05cbc21900ae0658d2400689654935f7b5ff4b2bdd5d7d92bb65882fac4983d8de020,05/18/2022 03:45:00 PM,M,32.0,HELMET NOT USED,NO ACTION,IN ROADWAY,TEST NOT OFFERED,,30,CLEAR,DAYLIGHT,PEDALCYCLIST,DIVIDED - W/MEDIAN (NOT RAISED),STRAIGHT AND LEVEL,DRY,NO INJURY / DRIVE AWAY,CALIFORNIA AVE,41.9339593425,-87.6978185321,POINT (-87.697818532109 41.9339593425)
O1339859,BICYCLE,5505d6b4feb5ec2a0d2278898d476d59ecdae682e3b7280046a7da939a74dc0a8b3182a600e4c1ab3b399283af8a3edff43f9b97520c78e48bcf6868a3159669,05/18/2022 10:45:00 AM,M,29.0,BICYCLE HELMET (PEDACYCLIST INVOLVED ONLY),WITH TRAFFIC,BIKE LANE,TEST NOT OFFERED,,20,RAIN,DAYLIGHT,PEDALCYCLIST,ONE-WAY,STRAIGHT AND LEVEL,WET,INJURY AND / OR TOW DUE TO CRASH,SPRINGFIELD AVE,41.9677266985,-87.7254283037,POINT (-87.725428303692 41.96772669855)
O1339797,BICYCLE,95e164757633f2471d6f5780edd76036ad343c97ca3918e7d51da3eb1460daf27d2a2afeeac26e40e80fb995247be4f7c1a5e4998cc6b1c0da823a19f7c6048e,05/18/2022 10:00:00 AM,M,59.0,HELMET NOT USED,CROSSING - CONTROLS PRESENT (NOT AT INTERSECTION),IN CROSSWALK,TEST NOT OFFERED,,25,RAIN,DAYLIGHT,PEDALCYCLIST,T-INTERSECTION,STRAIGHT AND LEVEL,WET,INJURY AND / OR TOW DUE TO CRASH,CENTRAL AVE,42.0062413657,-87.7618934796,POINT (-87.761893479637 42.006241365684)