PERSON_ID,PERSON_TYPE,CRASH_RECORD_ID,CRASH_DATE_x,SEX,AGE,SAFETY_EQUIPMENT,PEDPEDAL_ACTION,PEDPEDAL_LOCATION,BAC_RESULT,CRASH_DATE_EST_I,POSTED_SPEED_LIMIT,WEATHER_CONDITION,LIGHTING_CONDITION,FIRST_CRASH_TYPE,TRAFFICWAY_TYPE,ALIGNMENT,ROADWAY_SURFACE_COND,CRASH_TYPE,STREET_NAME,LATITUDE,LONGITUDE,LOCATION
O1340746,BICYCLE,fa1ce2c73bfef73c8580f9ddbdb7cd9d4c9307906dcb91314777fd4adaddbc716a1d3eaba81f44c0400d866f9059357ec13adf9d77bc01ccc10a83a041b6471a,05/17/2022 09:35:00 PM,M,23.0,BICYCLE HELMET (PEDACYCLIST INVOLVED ONLY),OTHER ACTION,BIKEWAY,TEST NOT OFFERED,,30,RAIN,"DARKNESS, LIGHTED ROAD",PEDALCYCLIST,NOT DIVIDED,STRAIGHT AND LEVEL,WET,NO INJURY / DRIVE AWAY,RANDOLPH ST,41.8843391833,-87.6391059063,POINT (-87.639105906329 41.884339183271)
O1339211,NON-MOTOR VEHICLE,f4665f747b5142713623f99c22a43ac6c79cfe6b34bd20d4cda1d378455424c9eee484c49eb017629abda79b890c24e6d2cbf052fe85c5cda695fe57adee5064,05/17/2022 10:30:00 AM,M,,,,,TEST NOT OFFERED,,30,CLEAR,DAYLIGHT,OTHER OBJECT,OTHER,STRAIGHT AND LEVEL,DRY,INJURY AND / OR TOW DUE TO CRASH,100TH ST,41.7133192235,-87.5596681552,POINT (-87.559668155169 41.713319223481)
O1339045,BICYCLE,8df2f632fb36b8c456aaeca648ed1c91960e7e3c0db1792480e7b92beb1242b4cb432f2704906801d0b84687224166ac292eef9a0e3768207e5c4916946875ec,05/16/2022 11:23:00 PM,M,34.0,HELMET NOT USED,WITH TRAFFIC,BIKE LANE,,,30,CLEAR,"DARKNESS, LIGHTED ROAD",PEDALCYCLIST,NOT DIVIDED,STRAIGHT AND LEVEL,DRY,INJURY AND / OR TOW DUE TO CRASH,CLARK ST,41.981633567,-87.6682778953,POINT (-87.668277895307 41.981633566992)
O1338988,BICYCLE,ababc75f02f549dea26ad9490b05fa98d4d427c7b614bc41d344baccc37962df95e631ee1892e729efb86f71d1b34b79eae22ef594a2d6d0f565d1053279d78b,05/16/2022 07:10:00 PM,F,22.0,HELMET NOT USED,CROSSING - WITH SIGNAL,IN CROSSWALK,TEST NOT OFFERED,,35,CLEAR,DAYLIGHT,PEDALCYCLIST,FOUR WAY,STRAIGHT AND LEVEL,DRY,INJURY AND / OR TOW DUE TO CRASH,KEDZIE AVE,41.8664543695,-87.7055236605,POINT (-87.705523660486 41.866454369471)
O1338898,BICYCLE,82ee94f63a29771367454565f4521cf1232c6925fc39d6054f3d8ec84be47fe17a848071f15ae845ebbd3aa2334a6b93afaa4842027f3d4af0d3b4c9bd64cf4d,05/16/2022 06:27:00 PM,M,37.0,HELMET NOT USED,WITH TRAFFIC,IN ROADWAY,,,30,CLEAR,DAYLIGHT,PEDALCYCLIST,NOT DIVIDED,STRAIGHT AND LEVEL,DRY,NO INJURY / DRIVE AWAY,47TH ST,41.8084417434,-87.6704339238,POINT (-87.670433923793 41.808441743382)
O1338996,BICYCLE,54a51478ba46c2bf76b4611adfe3926b31025b778cc28851476ad961951b3d2e4e4e2783b22753a141e73e478b9d787073383c8c02eafc125cfb7622432f7df7,05/16/2022 05:30:00 PM,M,34.0,BICYCLE HELMET (PEDACYCLIST INVOLVED ONLY),CROSSING - WITH SIGNAL,IN ROADWAY,TEST NOT OFFERED,,35,CLEAR,DAYLIGHT,PEDALCYCLIST,NOT DIVIDED,STRAIGHT AND LEVEL,DRY,INJURY AND / OR TOW DUE TO CRASH,WESTERN AVE,41.9941811771,-87.6899142192,POINT (-87.689914219179 41.994181177113)
O1338751,BICYCLE,2cf4e9e1c75eab1b2aeed75a725cef01fcf999e7dc85e3038fae463762dba7cf6f4994489f2b0859ca77c1468f0f0dca9a9986150184642b45692f00ebb5a10d,05/16/2022 04:00:00 PM,M,24.0,HELMET NOT USED,WITH TRAFFIC,BIKEWAY,TEST NOT OFFERED,,35,CLEAR,DAYLIGHT,PEDALCYCLIST,NOT DIVIDED,STRAIGHT AND LEVEL,DRY,INJURY AND / OR TOW DUE TO CRASH,DAMEN AVE,41.9126581471,-87.6776602876,POINT (-87.677660287575 41.912658147053)
O1339058,BICYCLE,b2c7df665524b8c707ae9e556423a054d8a5d476a63bc199ab15142c166ab7a14e57cf93f7f6bbf2774a0e31687cc62bd4ddd43f77fe225752742e7b8910d37c,05/16/2022 04:00:00 PM,F,,BICYCLE HELMET (PEDACYCLIST INVOLVED ONLY),WITH TRAFFIC,UNKNOWN/NA,TEST NOT OFFERED,,30,CLEAR,DAYLIGHT,PEDALCYCLIST,RAMP,STRAIGHT AND LEVEL,DRY,NO INJURY / DRIVE AWAY,DIVERSEY AVE,41.9322204765,-87.6949245144,POINT (-87.694924514411 41.932220476503)
O1338887,BICYCLE,26317cd8131774b65d15aaccf23eeb4cd3c65babf599cda215565b3a58f55019c8c95e77c1d5adf0e53a2ffc253929a8d4c6cb28a37d3aeba86f093a19d445ce,05/16/2022 03:00:00 PM,M,10.0,BICYCLE HELMET (PEDACYCLIST INVOLVED ONLY),OTHER ACTION,IN ROADWAY,,,15,CLEAR,DAYLIGHT,PEDALCYCLIST,ALLEY,STRAIGHT AND LEVEL,DRY,NO INJURY / DRIVE AWAY,WESTERN AVE,41.955623216,-87.6886613104,POINT (-87.688661310385 41.955623215977)
O1338541,BICYCLE,6c2020ac2ef11627baf29564d9ae270d8a49db392679597d1a69fef30975c4a32061b3da44fa2983a901bff72fee17a3b2b276a4c6aca587676b1ca5afee6037,05/16/2022 10:30:00 AM,M,32.0,BICYCLE HELMET (PEDACYCLIST INVOLVED ONLY),WITH TRAFFIC,IN ROADWAY,TEST NOT OFFERED,,30,CLEAR,DAYLIGHT,PEDALCYCLIST,DIVIDED - W/MEDIAN (NOT RAISED),STRAIGHT AND LEVEL,DRY,INJURY AND / OR TOW DUE TO CRASH,CLARK ST,41.9662196297,-87.6667870067,POINT (-87.666787006719 41.966219629742)
O1344498,BICYCLE,37c5ec328ce0754722a920ea2bab047e6953dc27ee6b35882b68eb59902720c52f6e375cc79f8df2a35b936f9e0761475cb49949a0cd72db32aa5a0ebbd9c30a,05/16/2022 09:00:00 AM,F,30.0,HELMET NOT USED,WITH TRAFFIC,BIKE LANE,TEST NOT OFFERED,,30,CLEAR,DAYLIGHT,PEDALCYCLIST,DIVIDED - W/MEDIAN (NOT RAISED),STRAIGHT AND LEVEL,DRY,INJURY AND / OR TOW DUE TO CRASH,HALSTED ST,41.879942323,-87.6474527438,POINT (-87.647452743828 41.879942323012)
O1340167,BICYCLE,3893e9c04b50c727ad43bd9a34ac8e77bf0c8fec96207b01a5660bf372ca93599901b585fc2a37f621c505e3702ae9446d853421534bdbf79562d6ec1e5d95c6,05/16/2022 06:00:00 AM,F,34.0,BICYCLE HELMET (PEDACYCLIST INVOLVED ONLY),OTHER ACTION,IN ROADWAY,TEST NOT OFFERED,,30,CLEAR,DAYLIGHT,PEDALCYCLIST,NOT DIVIDED,STRAIGHT AND LEVEL,DRY,NO INJURY / DRIVE AWAY,DAMEN AVE,41.875036267,-87.6766345774,POINT (-87.676634577414 41.875036266974)
O1338164,NON-MOTOR VEHICLE,5f752413edae0c23db96bfbcef8712f90858a56b30acb92557d793da9a43267cd16be9cc6844302cf293a72d630d510bb3de3207e40f2ce31428c2687f177090,05/15/2022 04:35:00 PM,M,47.0,NONE PRESENT,NO ACTION,BIKEWAY,TEST NOT OFFERED,,30,CLEAR,DAYLIGHT,SIDESWIPE SAME DIRECTION,NOT DIVIDED,STRAIGHT AND LEVEL,DRY,INJURY AND / OR TOW DUE TO CRASH,DAMEN AVE,41.9464994332,-87.6783967692,POINT (-87.678396769231 41.946499433168)
O1338200,BICYCLE,0ff03ea05a02fa874f7157e2a27697ed1b7f96bfc287ce998606cc14f44f3402acf0273afed2699f4ebd4fbaaf29c51dd4f604b931c38e5abf3fcb77ce0b16a9,05/15/2022 04:27:00 PM,M,13.0,HELMET NOT USED,CROSSING - NO CONTROLS (AT INTERSECTION),IN ROADWAY,TEST NOT OFFERED,,30,CLEAR,DAYLIGHT,PEDALCYCLIST,TRAFFIC ROUTE,STRAIGHT AND LEVEL,DRY,INJURY AND / OR TOW DUE TO CRASH,ADDISON ST,41.9462959878,-87.7248954152,POINT (-87.724895415248 41.946295987833)
O1339245,BICYCLE,2d7f4fd1012f68827c318bc8b7342beb6a5520241eed96b463530e240f96ab6a3dc906f082aed1e589226ff5652020ae6c3f42b531e323e24754e221bdc94eaf,05/15/2022 04:10:00 PM,M,24.0,HELMET NOT USED,WITH TRAFFIC,IN ROADWAY,TEST NOT OFFERED,,30,CLEAR,DAYLIGHT,PEDALCYCLIST,NOT DIVIDED,STRAIGHT AND LEVEL,DRY,INJURY AND / OR TOW DUE TO CRASH,ELSTON AVE,41.9186596842,-87.6680382356,POINT (-87.668038235625 41.918659684192)
O1338101,BICYCLE,041692bd5799bffa510e3acc198a7f47c467ef9531d3c4a12724d18ad12b6d88409bca7544f33396fddf8d8448e779fd82f6600ed30f8e39b57a1ea9178b6d8e,05/15/2022 03:37:00 PM,F,73.0,BICYCLE HELMET (PEDACYCLIST INVOLVED ONLY),TURNING LEFT,IN ROADWAY,TEST NOT OFFERED,,30,CLEAR,DAYLIGHT,PEDALCYCLIST,DIVIDED - W/MEDIAN (NOT RAISED),STRAIGHT AND LEVEL,DRY,INJURY AND / OR TOW DUE TO CRASH,WILSON AVE,41.9653641767,-87.6678795176,POINT (-87.667879517599 41.965364176671)
O1338141,BICYCLE,7f92afcae127ee2fb77bc760db2b0bb22e8226e68fa0f100b9c3025f43ec048067e1ac9fd47a6cad5589d5beede4d5e11c1f15663d370284168e5fddce0675ca,05/15/2022 03:16:00 PM,F,18.0,HELMET NOT USED,AGAINST TRAFFIC,IN ROADWAY,"TEST PERFORMED, RESULTS UNKNOWN",,25,CLEAR,DAYLIGHT,PEDALCYCLIST,ONE-WAY,STRAIGHT AND LEVEL,DRY,INJURY AND / OR TOW DUE TO CRASH,KAMERLING AVE,41.9054842958,-87.7265112534,POINT (-87.726511253437 41.905484295806)
O1337736,BICYCLE,70f5c701b87a928942ae8a06fa8493d31a7e62c4ee6fa4cb273bce9d6dacc8c92a522a6c76aab2b052492ca44ab44a8da305a9fde8e90169170bbb50a868571b,05/15/2022 02:49:00 AM,M,37.0,HELMET NOT USED,WITH TRAFFIC,IN ROADWAY,TEST NOT OFFERED,,30,CLEAR,"DARKNESS, LIGHTED ROAD",PEDALCYCLIST,NOT DIVIDED,STRAIGHT AND LEVEL,DRY,NO INJURY / DRIVE AWAY,DIVISION ST,41.903951814,-87.6353198029,POINT (-87.635319802879 41.903951813957)
O1337722,BICYCLE,0504d86f1e8bebf97e30e5616ff7c8f481e514e09902b47bde176589e9ac6103eb7bc38a5fa2840e11de72b23301cbddca46962747c7fc225dc3f8458a39f983,05/15/2022 02:04:00 AM,M,29.0,HELMET NOT USED,WITH TRAFFIC,IN ROADWAY,TEST NOT OFFERED,,20,CLEAR,"DARKNESS, LIGHTED ROAD",PEDALCYCLIST,DIVIDED - W/MEDIAN (NOT RAISED),STRAIGHT AND LEVEL,DRY,INJURY AND / OR TOW DUE TO CRASH,CORTLAND ST,41.9160934267,-87.6752148716,POINT (-87.675214871569 41.916093426679)
O1337678,BICYCLE,228e0e60cb0ac16abac506e596c4e796572a7226d04308d832b6241ab340f8f2794f93563f4943ba32f5b1a1de447930ce0e09fb34c3554315ca2696e938d15d,05/14/2022 10:55:00 PM,M,45.0,HELMET NOT USED,WITH TRAFFIC,SHOULDER,TEST NOT OFFERED,,30,CLEAR,"DARKNESS, LIGHTED ROAD",PEDALCYCLIST,DIVIDED - W/MEDIAN (NOT RAISED),STRAIGHT AND LEVEL,DRY,INJURY AND / OR TOW DUE TO CRASH,87TH ST,41.7365889052,-87.6162219912,POINT (-87.616221991176 41.736588905238)
O1353062,BICYCLE,e32d0463ffa13e93f72f6e1db9a46fc9788a713f793e0735eb8962532f424eef46c6c305d619ed816ef981adf5a4546eec3bad982cd1097580e03af69af28aa0,05/14/2022 10:19:00 PM,F,14.0,BICYCLE HELMET (PEDACYCLIST INVOLVED ONLY),OTHER ACTION,IN ROADWAY,TEST NOT OFFERED,,30,CLEAR,"DARKNESS, LIGHTED ROAD",PEDALCYCLIST,NOT DIVIDED,STRAIGHT AND LEVEL,DRY,INJURY AND / OR TOW DUE TO CRASH,HOMAN AVE,41.8596276994,-87.7104993729,POINT (-87.710499372937 41.859627699384)
O1337620,BICYCLE,133d07337d546bf80fcb780bb1580fc1ae336987e4de7f3a0e7d2ee496e8f0be879aa66bde2ad36a765e89a240e90a48ef70e611d2f61ea4e04965944a57bd2e,05/14/2022 08:10:00 PM,M,18.0,BICYCLE HELMET (PEDACYCLIST INVOLVED ONLY),TURNING LEFT,IN ROADWAY,TEST NOT OFFERED,,35,CLEAR,"DARKNESS, LIGHTED ROAD",PEDALCYCLIST,CENTER TURN LANE,STRAIGHT AND LEVEL,DRY,INJURY AND / OR TOW DUE TO CRASH,ARMITAGE AVE,41.917649426,-87.6775562835,POINT (-87.677556283487 41.917649426029)
O1337608,BICYCLE,cef8bc4cf36c252547d8d05fde913a0069b437df9eb2c4045ef161bc7164ff7aa5af34b71d97d76765dc57c11ac8cd1af15f7c55462481a14f33b3b9ab225f7f,05/14/2022 07:00:00 PM,M,,HELMET NOT USED,CROSSING - AGAINST SIGNAL,IN ROADWAY,,,30,CLEAR,DAYLIGHT,PEDALCYCLIST,NOT DIVIDED,STRAIGHT AND LEVEL,DRY,NO INJURY / DRIVE AWAY,LARAMIE AVE,41.9386577771,-87.7565408693,POINT (-87.756540869335 41.93865777707)
O1337537,BICYCLE,c2da2f7ac84bee54f3ede986a886f9ac348d2c4b72856b026c86cf0b893c47ccb878611d4170e9945754c8c42ff7a48503e2f1ceb925c7e3a1f1064b4e1b61f1,05/14/2022 06:20:00 PM,M,44.0,BICYCLE HELMET (PEDACYCLIST INVOLVED ONLY),CROSSING - NO CONTROLS (AT INTERSECTION),IN ROADWAY,TEST NOT OFFERED,,30,CLEAR,DAYLIGHT,PEDALCYCLIST,FOUR WAY,STRAIGHT AND LEVEL,DRY,INJURY AND / OR TOW DUE TO CRASH,CANALPORT AVE,41.8568521043,-87.6419351264,POINT (-87.641935126429 41.85685210434)
O1352528,BICYCLE,7af601c084fb622640c0fd7d099f3bed88394e390160ab75c91704ec05a2d48004e5db7d8cd9144d91615d70f187bf215ceeecee0e43f026accf5449c33b0644,05/14/2022 02:00:00 PM,M,25.0,BICYCLE HELMET (PEDACYCLIST INVOLVED ONLY),WITH TRAFFIC,IN ROADWAY,TEST NOT OFFERED,,30,CLEAR,DAYLIGHT,PEDALCYCLIST,NOT DIVIDED,STRAIGHT AND LEVEL,DRY,INJURY AND / OR TOW DUE TO CRASH,53RD ST,41.7995778336,-87.5954321093,POINT (-87.595432109341 41.79957783365)
O1337088,BICYCLE,285fa0d8bb87c852d474d385c96f15ab52218029a2ef1dcb46236692cf6688b7883251cb6615c97d9d34eb6c220da297ae4158d6fc31bd9907a5ea3ed403447d,05/14/2022 08:44:00 AM,M,59.0,HELMET NOT USED,CROSSING - AGAINST SIGNAL,IN ROADWAY,TEST NOT OFFERED,,30,CLEAR,DAYLIGHT,PEDALCYCLIST,FOUR WAY,STRAIGHT AND LEVEL,DRY,INJURY AND / OR TOW DUE TO CRASH,75TH ST,41.7588777413,-87.5856824409,POINT (-87.585682440932 41.758877741252)
O1337221,BICYCLE,f656939a8b3d085a3dba4f2bb8368f02e8e2bfb7212c288b06d852b9fff25cb4725442b00425782e6875efc94253358aa3ec2f37a0c495d099aa0b52c5cb08cd,05/14/2022 01:00:00 AM,M,40.0,BICYCLE HELMET (PEDACYCLIST INVOLVED ONLY),TURNING LEFT,IN ROADWAY,TEST NOT OFFERED,,30,CLEAR,"DARKNESS, LIGHTED ROAD",PEDALCYCLIST,NOT DIVIDED,STRAIGHT AND LEVEL,DRY,NO INJURY / DRIVE AWAY,DIVERSEY AVE,41.9318685231,-87.7123702667,POINT (-87.712370266716 41.931868523058)
O1336796,BICYCLE,db9ed865ea3b2b32f9e9190f4ffc6776599e9676dd7990c57daf98467c9743bd6e997fab73169402636e3c250a928adca70b8db17e2b04dbdf9c415781466a1e,05/13/2022 07:30:00 PM,M,22.0,HELMET NOT USED,WITH TRAFFIC,BIKEWAY,TEST NOT OFFERED,,25,CLEAR,DAYLIGHT,PEDALCYCLIST,FOUR WAY,STRAIGHT AND LEVEL,DRY,INJURY AND / OR TOW DUE TO CRASH,CLARK ST,41.9890746826,-87.6700748053,POINT (-87.670074805322 41.989074682634)
O1336646,BICYCLE,be717311f2df38a2a39c88e29c5b50fe7af4d498e306fa3bbba2275d820bcb2743af038382084023a8e363113c838281ac2f3ff01b49aa07bed3bd5dd74d1f56,05/13/2022 04:24:00 PM,M,15.0,HELMET NOT USED,UNKNOWN/NA,IN CROSSWALK,TEST NOT OFFERED,,30,CLEAR,DAYLIGHT,PEDALCYCLIST,NOT DIVIDED,STRAIGHT AND LEVEL,DRY,INJURY AND / OR TOW DUE TO CRASH,ARCHER AVE,41.8530297191,-87.6347447606,POINT (-87.634744760558 41.853029719113)
O1336404,BICYCLE,3dd6e3ec3a26598c02ce220fc554a85c86d02096d290e528572fcff6696a7c3aab681eca8fc59d3ceaafd151218a6b7cf89a50c68354b3eabbf44c1361755f4f,05/13/2022 01:00:00 PM,M,34.0,HELMET NOT USED,NO ACTION,BIKE LANE,TEST NOT OFFERED,,30,CLEAR,DAYLIGHT,PEDALCYCLIST,NOT DIVIDED,STRAIGHT AND LEVEL,DRY,NO INJURY / DRIVE AWAY,DAMEN AVE,41.9089269325,-87.677273998,POINT (-87.677273998008 41.908926932497)
O1336350,BICYCLE,07fd2dd99d6eb3c20cbe900dda29e3c6e1ffbcf163d09ee8947fb279dbf29382dacbce77e319f0217f44311468654c35c2db599f2fe78fdf03f598b0ede914b4,05/13/2022 11:13:00 AM,M,31.0,BICYCLE HELMET (PEDACYCLIST INVOLVED ONLY),WITH TRAFFIC,BIKE LANE,TEST NOT OFFERED,,30,CLEAR,DAYLIGHT,PEDALCYCLIST,NOT DIVIDED,STRAIGHT AND LEVEL,DRY,INJURY AND / OR TOW DUE TO CRASH,CLARK ST,41.9803590356,-87.6681712431,POINT (-87.668171243138 41.980359035573)
O1336070,BICYCLE,1ce6aa185829cbd8c1a7663751762905710a89dacd6bba15b0d19b160b8e7dfe20a62d468aec84f759a22ff3676b5cd72604113972eb9c364fad4a44f15e2c88,05/13/2022 12:59:00 AM,M,34.0,BICYCLE HELMET (PEDACYCLIST INVOLVED ONLY),WITH TRAFFIC,BIKE LANE,TEST NOT OFFERED,,35,CLEAR,"DARKNESS, LIGHTED ROAD",PEDALCYCLIST,NOT DIVIDED,STRAIGHT AND LEVEL,DRY,NO INJURY / DRIVE AWAY,MILWAUKEE AVE,41.9252370822,-87.7009227423,POINT (-87.7009227423 41.925237082233)
O1336065,BICYCLE,9d307f7402802aee002e6c3d580c2d584182bb72f8836b35a92902781a7d5548825ecb8b623ed2504ee87b2f942b1dea2bd352d2b2427ad55d082dee15219c68,05/12/2022 11:08:00 PM,F,24.0,HELMET NOT USED,CROSSING - AGAINST SIGNAL,IN CROSSWALK,TEST NOT OFFERED,,25,CLEAR,"DARKNESS, LIGHTED ROAD",PEDALCYCLIST,FOUR WAY,STRAIGHT AND LEVEL,DRY,INJURY AND / OR TOW DUE TO CRASH,MICHIGAN AVE,41.8844061291,-87.6245960444,POINT (-87.624596044441 41.884406129114)
O1336072,BICYCLE,d7c4767e50841fa06c8563657de86d9e3cbd76dc8fe7ee0644e9443754268b316fc7a37ac8d2c9d48bfb0725764c61958fb3fb6f86ea3c5222055ba32f602f50,05/12/2022 09:42:00 PM,M,44.0,HELMET NOT USED,WITH TRAFFIC,IN ROADWAY,TEST TAKEN,,30,CLEAR,"DARKNESS, LIGHTED ROAD",PEDALCYCLIST,NOT DIVIDED,STRAIGHT AND LEVEL,DRY,INJURY AND / OR TOW DUE TO CRASH,ASHLAND AVE,41.7612249326,-87.6638335374,POINT (-87.663833537443 41.761224932571)
O1336001,BICYCLE,f2602e16347116c5a78a0f13828140e8843026d711fc4c1b1c9241280398f40ee23ebba04ec8e6fa7a2ade962de623284beaeb88486c8d4bd1b9fdc844ef9cc5,05/12/2022 08:30:00 PM,M,86.0,HELMET NOT USED,WITH TRAFFIC,IN ROADWAY,TEST NOT OFFERED,,30,CLEAR,"DARKNESS, LIGHTED ROAD",PEDALCYCLIST,DIVIDED - W/MEDIAN BARRIER,STRAIGHT AND LEVEL,DRY,INJURY AND / OR TOW DUE TO CRASH,MICHIGAN AVE,41.8732231872,-87.6243487329,POINT (-87.624348732928 41.873223187237)
O1335961,BICYCLE,766a332b6b1c3df155b0e0c018c287d65fbc1521c6295dd46cad4f224030152819868c4599c26b0b182ad7cf1b79123900894232a038fd1a587ea8002e9b37ae,05/12/2022 07:20:00 PM,M,39.0,BICYCLE HELMET (PEDACYCLIST INVOLVED ONLY),WITH TRAFFIC,IN ROADWAY,TEST NOT OFFERED,,30,CLEAR,DAYLIGHT,PEDALCYCLIST,NOT DIVIDED,STRAIGHT AND LEVEL,DRY,INJURY AND / OR TOW DUE TO CRASH,63RD ST,41.7799333557,-87.640066904,POINT (-87.64006690396 41.779933355749)
O1336708,NON-MOTOR VEHICLE,13c72ce63e53ab809fc394195525397e7ff5d2fa06cdff5b5b4865e3c79ff60740182330aee8a72008f973c3f6b3e8d69ece55c690eb4d8e18700f9b1fe03cb0,05/12/2022 07:00:00 PM,F,60.0,,,,,,15,CLEAR,DAYLIGHT,FIXED OBJECT,ALLEY,STRAIGHT ON GRADE,DRY,NO INJURY / DRIVE AWAY,61ST PL,41.7814603971,-87.7119560624,POINT (-87.711956062352 41.78146039714)
O1336319,BICYCLE,133ac59184ffb63f82881dc9507d7ddf2ac1c13c85012646cc1a5c66e0eb9504b0c263924c7f8e2d43298ad580a5d8776f270b2342e99e82dbe154f41c369337,05/12/2022 06:45:00 PM,M,,HELMET NOT USED,WITH TRAFFIC,IN ROADWAY,TEST NOT OFFERED,,30,CLEAR,UNKNOWN,PEDALCYCLIST,DIVIDED - W/MEDIAN (NOT RAISED),STRAIGHT AND LEVEL,UNKNOWN,NO INJURY / DRIVE AWAY,CLARK ST,41.9249661791,-87.639926019,POINT (-87.639926018966 41.924966179088)
O1335924,BICYCLE,f89f0cac7314491b074ec7f9937e2029333e674ef5806f7744254caa5659700ea8e8f48ec4484a0b77d84ff0fac6bd00224b22d08f0b00369c0f5becfa59841f,05/12/2022 05:48:00 PM,M,43.0,BICYCLE HELMET (PEDACYCLIST INVOLVED ONLY),WITH TRAFFIC,BIKEWAY,TEST NOT OFFERED,,35,CLEAR,DAYLIGHT,PEDALCYCLIST,ONE-WAY,STRAIGHT AND LEVEL,UNKNOWN,INJURY AND / OR TOW DUE TO CRASH,ILLINOIS ST,41.8911859048,-87.6163165333,POINT (-87.616316533334 41.891185904809)
O1335970,BICYCLE,16f7770fc1af3ccc21b54d61c88ac26da33697d9dad5c7e622948663dd848bf14d798232d4f28bc0e78371eb93fd920a27155b8519f3f8525229977449fc194a,05/12/2022 05:30:00 PM,M,,HELMET NOT USED,OTHER ACTION,IN ROADWAY,TEST NOT OFFERED,,30,CLEAR,DAYLIGHT,PEDALCYCLIST,OTHER,STRAIGHT AND LEVEL,DRY,NO INJURY / DRIVE AWAY,LAWRENCE DR,41.9694947259,-87.6479472101,POINT (-87.647947210086 41.96949472586)
O1335925,BICYCLE,a1e4899959156aee6742a1923efdf68eb119dcff2dc97e23cfe332e49e0cb7935ba76868685117a35e6de1dc16d9c1796a2acc50e15b193948ad00ed3051f405,05/12/2022 05:00:00 PM,F,15.0,HELMET NOT USED,TURNING LEFT,IN ROADWAY,TEST NOT OFFERED,,30,CLEAR,DAYLIGHT,PEDALCYCLIST,NOT DIVIDED,STRAIGHT AND LEVEL,DRY,INJURY AND / OR TOW DUE TO CRASH,UNION AVE,41.6632463138,-87.6391512447,POINT (-87.639151244702 41.663246313783)
O1335732,BICYCLE,717a031c7d4b0f9c7bf4ba3ee28281d8c7f7cf0a7d7547b87c9b44db26bc96dbbea6ad9c9a698cfb4586ad66e7a50abc94093fa8ab364b5e5d9256e5c1634af8,05/12/2022 03:41:00 PM,M,31.0,HELMET NOT USED,WITH TRAFFIC,BIKE LANE,TEST NOT OFFERED,,30,CLEAR,DAYLIGHT,PEDALCYCLIST,ALLEY,STRAIGHT AND LEVEL,DRY,NO INJURY / DRIVE AWAY,LAWRENCE AVE,41.9687631749,-87.6701851412,POINT (-87.670185141227 41.968763174909)
O1335593,BICYCLE,003eda399909fedfcf344c0cc3f18822f9fcae86e7752d7727f99137c9df5e6b2902f5adb9e226baec57fbe75f7b867c831a04a9445ab4e3de84c937a8836fe2,05/12/2022 11:30:00 AM,M,63.0,BICYCLE HELMET (PEDACYCLIST INVOLVED ONLY),CROSSING - WITH SIGNAL,IN CROSSWALK,TEST NOT OFFERED,,30,CLEAR,DAYLIGHT,PEDALCYCLIST,"FIVE POINT, OR MORE",STRAIGHT AND LEVEL,DRY,INJURY AND / OR TOW DUE TO CRASH,CLYBOURN AVE,41.9314137597,-87.6769286224,POINT (-87.676928622422 41.931413759655)
O1335556,BICYCLE,29ffdb4d343ba63ff49bda62f300529ec43f610280c0f7bcce220878cc5d2375ce68e605c677d8e970549f8c2aace7ea5474da542ca3816d6d5fd1a21df6541b,05/12/2022 10:45:00 AM,F,30.0,BICYCLE HELMET (PEDACYCLIST INVOLVED ONLY),CROSSING - WITH SIGNAL,IN ROADWAY,TEST NOT OFFERED,,30,CLEAR,DAYLIGHT,PEDALCYCLIST,DIVIDED - W/MEDIAN (NOT RAISED),STRAIGHT AND LEVEL,DRY,INJURY AND / OR TOW DUE TO CRASH,LYNDALE ST,41.9227572969,-87.6851518463,POINT (-87.685151846252 41.922757296892)
O1335449,BICYCLE,d60dda09525aff0877a360cbe1d13f73413471e9ee95521de15f49e05bc0c032a3342ccbca1c398c6b1bcd31926cfc2c3dc06dcd629c20c76f89e0a5a7a847d2,05/12/2022 08:41:00 AM,M,26.0,BICYCLE HELMET (PEDACYCLIST INVOLVED ONLY),UNKNOWN/NA,BIKE LANE,TEST NOT OFFERED,,30,CLEAR,DAYLIGHT,PEDALCYCLIST,PARKING LOT,STRAIGHT AND LEVEL,DRY,NO INJURY / DRIVE AWAY,ELSTON AVE,41.9475821939,-87.7104604701,POINT (-87.710460470099 41.947582193898)
O1335945,BICYCLE,3f58bd37a46f2e59f6bf7a444362c62dc64c4b9d0b5ce8d37cb092f89c52bbdf8f3927829012c39155cc74d8821a60372cf1837ccf63681a4cc08a9b2b094faf,05/12/2022 08:00:00 AM,M,,HELMET NOT USED,WITH TRAFFIC,IN ROADWAY,,,25,CLEAR,DAYLIGHT,PEDALCYCLIST,ONE-WAY,STRAIGHT AND LEVEL,UNKNOWN,INJURY AND / OR TOW DUE TO CRASH,BYRON ST,41.9521607679,-87.7117715441,POINT (-87.71177154408 41.952160767873)
O1335390,BICYCLE,320806d95311eb66fc23ad8f6073decc0c8e5fb2b28ec40cab210bc66d2f8630eb0e4f5e687d8d00f4725ae8bd1fcff858381b4e2a36566c594a95ef7d844a06,05/12/2022 06:50:00 AM,F,32.0,HELMET NOT USED,NO ACTION,BIKE LANE,TEST NOT OFFERED,,30,CLEAR,DAYLIGHT,PEDALCYCLIST,NOT DIVIDED,STRAIGHT AND LEVEL,DRY,INJURY AND / OR TOW DUE TO CRASH,SOUTHPORT AVE,41.9217073212,-87.6633475587,POINT (-87.66334755872 41.921707321157)