PERSON_ID,PERSON_TYPE,CRASH_RECORD_ID,CRASH_DATE_x,SEX,AGE,SAFETY_EQUIPMENT,PEDPEDAL_ACTION,PEDPEDAL_LOCATION,BAC_RESULT,CRASH_DATE_EST_I,POSTED_SPEED_LIMIT,WEATHER_CONDITION,LIGHTING_CONDITION,FIRST_CRASH_TYPE,TRAFFICWAY_TYPE,ALIGNMENT,ROADWAY_SURFACE_COND,CRASH_TYPE,STREET_NAME,LATITUDE,LONGITUDE,LOCATION
O1335293,BICYCLE,b62bf369733ad457f0784954c0d3d2a76d9939546623e8e08502ea9a136ccd2b00b7fce9eca7e51755c54f6846d24b40a59027430c07a66c742d7597cf065cb5,05/11/2022 07:30:00 PM,M,44.0,BICYCLE HELMET (PEDACYCLIST INVOLVED ONLY),WITH TRAFFIC,IN ROADWAY,TEST NOT OFFERED,,30,CLEAR,DARKNESS,PEDALCYCLIST,DIVIDED - W/MEDIAN (NOT RAISED),STRAIGHT AND LEVEL,DRY,INJURY AND / OR TOW DUE TO CRASH,TOUHY AVE,42.0125284026,-87.6745195325,POINT (-87.674519532549 42.012528402618)
O1335246,BICYCLE,7589b9806affa9c3bfda3550b5061dd0ea307c93b6bad1710c4a6895d38a1fa6cf3d447cf3c4ed8aea9a83c67eafba9752135a6f5270cb894048734fde3246a0,05/11/2022 07:01:00 PM,M,44.0,HELMET NOT USED,OTHER ACTION,IN ROADWAY,TEST NOT OFFERED,,30,CLEAR,DAYLIGHT,PEDALCYCLIST,NOT DIVIDED,STRAIGHT AND LEVEL,UNKNOWN,INJURY AND / OR TOW DUE TO CRASH,PAULINA ST,42.0210860452,-87.6729319539,POINT (-87.672931953873 42.021086045205)
O1335289,BICYCLE,eade88a86be12774dc5a9fc734916a3b2dada12cbc9b4473d28b97b06bfc2122d9211425d282aba06d9d1488540b85eaae3eedf4756508852742d39c471c6e79,05/11/2022 06:20:00 PM,M,23.0,HELMET NOT USED,WITH TRAFFIC,IN ROADWAY,TEST NOT OFFERED,,30,CLEAR,DAYLIGHT,PEDALCYCLIST,FOUR WAY,STRAIGHT AND LEVEL,DRY,INJURY AND / OR TOW DUE TO CRASH,WESTERN AVE,41.9286697899,-87.6879222355,POINT (-87.687922235539 41.92866978991)
O1335058,BICYCLE,1fb4d18e6781e028ca3399b85ddf1d61b39362600f1f124c1ff39965dea4db988674e2a83823b129b3cd3a2a7969f1ad4f4e997f46beae9d2bf7b73e0ae820a2,05/11/2022 04:00:00 PM,F,22.0,HELMET NOT USED,TURNING LEFT,IN ROADWAY,TEST NOT OFFERED,,30,CLEAR,DAYLIGHT,PEDALCYCLIST,UNKNOWN INTERSECTION TYPE,STRAIGHT AND LEVEL,DRY,INJURY AND / OR TOW DUE TO CRASH,111TH ST,41.6917314921,-87.6962117206,POINT (-87.696211720636 41.691731492068)
O1336526,BICYCLE,4eb6b17eae6e48c8dc2d6cb1b4aa967436db9e87e93704c3cbe6ee5266972d51ff30554e2363708d219b0519775d1c3f4240e6a65d33151ea4fd175dbd060939,05/11/2022 02:00:00 PM,M,,HELMET NOT USED,OTHER ACTION,IN ROADWAY,TEST NOT OFFERED,,30,UNKNOWN,UNKNOWN,PEDALCYCLIST,NOT DIVIDED,STRAIGHT AND LEVEL,UNKNOWN,NO INJURY / DRIVE AWAY,SHERIDAN RD,41.9982179205,-87.6606952556,POINT (-87.660695255572 41.998217920532)
O1349480,BICYCLE,cf519f73c8acb0757bebde5c3d71b5f0364ea87e791b57465f9d55b7181969d44c64ca6ab04f599c20a745778066e77901a0698b746b863e92529ade449fcbc6,05/11/2022 12:58:00 PM,M,72.0,BICYCLE HELMET (PEDACYCLIST INVOLVED ONLY),UNKNOWN/NA,IN ROADWAY,TEST NOT OFFERED,,25,CLEAR,DAYLIGHT,PEDALCYCLIST,NOT DIVIDED,STRAIGHT AND LEVEL,DRY,INJURY AND / OR TOW DUE TO CRASH,SUNNYSIDE AVE,41.9619675626,-87.7819052293,POINT (-87.781905229269 41.96196756263)
O1334791,BICYCLE,19174b6beb2c491263fe2cba9837170996f88ab4e6bea874c78466c34e085b10325f97f143258d68ccb691e8cc89115f1173df978fb78d13f9d6f9342d4ccbaf,05/11/2022 09:50:00 AM,F,,BICYCLE HELMET (PEDACYCLIST INVOLVED ONLY),WITH TRAFFIC,IN ROADWAY,TEST NOT OFFERED,,30,CLEAR,DAYLIGHT,PEDALCYCLIST,NOT DIVIDED,STRAIGHT AND LEVEL,DRY,NO INJURY / DRIVE AWAY,BELL AVE,41.6994173999,-87.6779127503,POINT (-87.677912750346 41.699417399941)
O1334803,BICYCLE,2bb7ae12de0768e0f14a333e60c13dc4b2b1450b80e867204cdefe7635526864672f7211a555d27549719245f10f86cb7acfd122ee04d8b48531c113b1278eec,05/11/2022 09:50:00 AM,F,39.0,HELMET NOT USED,AGAINST TRAFFIC,IN ROADWAY,TEST NOT OFFERED,,25,CLEAR,DAYLIGHT,PEDALCYCLIST,FOUR WAY,STRAIGHT AND LEVEL,DRY,INJURY AND / OR TOW DUE TO CRASH,PULASKI RD,41.8569414554,-87.7250549142,POINT (-87.725054914159 41.856941455397)
O1335499,BICYCLE,375ccb193eede79ed0dfc5e15cf8debec171de8d0ff2694152a5b2b8cc50862be4e4fa53c59bcba2743d0e6f5c199b8398a06008f81fac29a37a17b9309524a0,05/11/2022 09:45:00 AM,F,23.0,HELMET NOT USED,WITH TRAFFIC,BIKEWAY,TEST NOT OFFERED,N,30,CLEAR,DAYLIGHT,PEDALCYCLIST,FOUR WAY,STRAIGHT AND LEVEL,DRY,INJURY AND / OR TOW DUE TO CRASH,PRATT BLVD,42.0053184893,-87.6800637638,POINT (-87.680063763825 42.005318489291)
O1334766,BICYCLE,d208a2f6c7695c849cf94a4c3951dee217535cf29877f37ae47b83265039b309d144276c78e3fddb2e91ab532de3abcc28c35ab3046b92d413bb89cbc7fde9ae,05/11/2022 08:15:00 AM,M,26.0,HELMET NOT USED,CROSSING - WITH SIGNAL,IN CROSSWALK,TEST NOT OFFERED,,30,CLEAR,DAYLIGHT,PEDALCYCLIST,ONE-WAY,STRAIGHT AND LEVEL,DRY,INJURY AND / OR TOW DUE TO CRASH,AVERS AVE,41.9319266239,-87.7234350232,POINT (-87.723435023233 41.931926623927)
O1334724,BICYCLE,9fce207114ea2475c8ca3dc9a9cdab35fe04929787d042f5378606c01825b904c415e4cc43fc8cfc6a4df13ebd37156fdc40a288af50faed117ac99eb70024ff,05/11/2022 08:00:00 AM,M,25.0,BICYCLE HELMET (PEDACYCLIST INVOLVED ONLY),WITH TRAFFIC,BIKEWAY,TEST NOT OFFERED,,30,CLEAR,DAYLIGHT,PEDALCYCLIST,NOT DIVIDED,STRAIGHT AND LEVEL,DRY,INJURY AND / OR TOW DUE TO CRASH,SACRAMENTO AVE,41.9315731747,-87.7023617905,POINT (-87.70236179052 41.931573174738)
O1334385,BICYCLE,b8b5acf9ecd3c5cb48ce60ff5904d2cb1a1b365b85023cb31e7df23ba8e8742c40111489dd2e99b0efea89f1919c3bf2da3cf4c4295576edd115c4a426b22cca,05/10/2022 05:01:00 PM,F,26.0,HELMET NOT USED,WITH TRAFFIC,BIKE LANE,TEST NOT OFFERED,,30,CLEAR,DAYLIGHT,PEDALCYCLIST,NOT DIVIDED,STRAIGHT AND LEVEL,DRY,INJURY AND / OR TOW DUE TO CRASH,DIVERSEY AVE,41.9313053726,-87.7553021727,POINT (-87.755302172719 41.931305372626)
O1334367,BICYCLE,d8fa9699371b365549babf4276ebceea059d5f9f403dc13418bb3a533337271f6814c9c5b99b949aabe4bc47ad6b53ca3cbbc14820e016ba51d234debed354dc,05/10/2022 03:45:00 PM,M,38.0,BICYCLE HELMET (PEDACYCLIST INVOLVED ONLY),UNKNOWN/NA,IN ROADWAY,TEST NOT OFFERED,,30,CLEAR,DAYLIGHT,PEDALCYCLIST,NOT DIVIDED,STRAIGHT AND LEVEL,DRY,INJURY AND / OR TOW DUE TO CRASH,ARCHER AVE,41.8186708075,-87.6970063812,POINT (-87.697006381179 41.818670807503)
O1334349,BICYCLE,49c4a3e147876869eebb0352d0aa38e388202ec9be8553318ede1e00629e6676154172a738b8a2c1eeb7b49b07b70e63b8c51a94084eedf81e3f992a60819c14,05/10/2022 03:16:00 PM,M,62.0,HELMET NOT USED,TURNING LEFT,IN ROADWAY,TEST NOT OFFERED,,30,CLEAR,DAYLIGHT,PEDALCYCLIST,FOUR WAY,STRAIGHT AND LEVEL,DRY,INJURY AND / OR TOW DUE TO CRASH,LINCOLN AVE,41.9648709914,-87.6859329953,POINT (-87.685932995295 41.964870991382)
O1337196,BICYCLE,8b39ee8cf98fd6cb33d1a2bd34af5aebf6f4a7b19e340704a572fd0981e2a93566387da06d66fb8612e2dec486d5078a02186f3e1c3c5368de80e7aedc5571d3,05/09/2022 09:30:00 PM,M,47.0,BICYCLE HELMET (PEDACYCLIST INVOLVED ONLY),TURNING LEFT,BIKEWAY,TEST NOT OFFERED,,35,CLEAR,"DARKNESS, LIGHTED ROAD",PEDALCYCLIST,NOT DIVIDED,STRAIGHT AND LEVEL,DRY,INJURY AND / OR TOW DUE TO CRASH,WESTERN AVE,41.9540567135,-87.688614472,POINT (-87.688614471985 41.954056713542)
O1333777,BICYCLE,171c4d7e2684c743b01addc86c88727576d72a38b5fc1ee423fd44b1c67d6aaea321eee90668fb0220236d2671e246755ea2cf6900ae39fa8a11ea6aa03db7e8,05/09/2022 07:44:00 PM,F,29.0,HELMET NOT USED,CROSSING - WITH SIGNAL,BIKEWAY,TEST NOT OFFERED,,30,CLEAR,DAYLIGHT,PEDALCYCLIST,FOUR WAY,STRAIGHT AND LEVEL,DRY,INJURY AND / OR TOW DUE TO CRASH,MILWAUKEE AVE,41.8957962445,-87.6549535956,POINT (-87.654953595644 41.895796244484)
O1333688,BICYCLE,19109e3385291ff05427450b7471a9d362d4e095bf61d6f9a232d79623f8aaf4c6e86769003310dffdad5d466f650fb91adf65646a010bd66af6c89f48ac3250,05/09/2022 05:25:00 PM,M,44.0,HELMET NOT USED,CROSSING - AGAINST SIGNAL,UNKNOWN/NA,TEST NOT OFFERED,,30,CLEAR,DAYLIGHT,PEDALCYCLIST,DIVIDED - W/MEDIAN (NOT RAISED),STRAIGHT AND LEVEL,DRY,INJURY AND / OR TOW DUE TO CRASH,COTTAGE GROVE AVE,41.7530131268,-87.6053930447,POINT (-87.605393044674 41.753013126846)
O1333911,BICYCLE,002c37e05bb61d79e0165b7d88472f3eba5cfec0ddf5298d59df0e11524f863a0646252d0c67acb8aad740afd6016a4782d7f880a0e9818a6c08c9d64cbad6f0,05/09/2022 01:40:00 PM,M,33.0,BICYCLE HELMET (PEDACYCLIST INVOLVED ONLY),WITH TRAFFIC,BIKEWAY,TEST NOT OFFERED,,30,CLEAR,DAYLIGHT,PEDALCYCLIST,NOT DIVIDED,STRAIGHT AND LEVEL,DRY,NO INJURY / DRIVE AWAY,PALMER BLVD,41.9205937843,-87.702180392,POINT (-87.702180392017 41.920593784349)
O1333081,NON-MOTOR VEHICLE,b825124282d56df9242108f97d238b3ccc4d5eba8c4fc6498b6a47910856510c807e584b3272694df55eb834c044999b943a550bcbe996eb9a9686ad74dec86d,05/08/2022 11:45:00 PM,X,,NONE PRESENT,,,,,15,CLEAR,DUSK,FIXED OBJECT,ONE-WAY,STRAIGHT AND LEVEL,DRY,NO INJURY / DRIVE AWAY,SACRAMENTO BLVD,41.8937972299,-87.702004213,POINT (-87.702004213035 41.893797229945)
O1333084,BICYCLE,487a30032c4b1899871a5ffcf3b05737d5293dad97de3b951218233b6eea50467c54345bd260cd1b8cd862e030d76a6720e6cb7b838e4b060d848e316ee7472e,05/08/2022 11:15:00 PM,M,26.0,HELMET NOT USED,AGAINST TRAFFIC,IN ROADWAY,TEST NOT OFFERED,,30,CLEAR,"DARKNESS, LIGHTED ROAD",PEDALCYCLIST,NOT DIVIDED,STRAIGHT AND LEVEL,DRY,INJURY AND / OR TOW DUE TO CRASH,WASHINGTON BLVD,41.8832549278,-87.6768151659,POINT (-87.676815165876 41.883254927762)
O1332898,BICYCLE,df30518d4e3e8202450aa90c95b1751e0ae39b6fe4b2cb2b71c974b8bdc3bf58504e319af1f1f5af14a92d7933d415ca12572113207f3c9c713d9e67138b480a,05/08/2022 03:12:00 PM,M,24.0,HELMET NOT USED,CROSSING - WITH SIGNAL,BIKE LANE,TEST NOT OFFERED,,30,CLEAR,DAYLIGHT,PEDALCYCLIST,NOT DIVIDED,STRAIGHT AND LEVEL,DRY,INJURY AND / OR TOW DUE TO CRASH,NORTH AVE,41.9102485012,-87.6847187938,POINT (-87.684718793795 41.910248501195)
O1332894,BICYCLE,292f4a08de1f57f6e305a0d5f3bf39d93c6b86dc2064aba76013170e80a578363cd4dc7b289fb489325c3b82c0ce61e6b8c8a61466e0f82b851430218c43a816,05/08/2022 11:45:00 AM,M,45.0,HELMET NOT USED,CROSSING - WITH SIGNAL,IN ROADWAY,TEST NOT OFFERED,,35,CLEAR,DAYLIGHT,PEDALCYCLIST,FOUR WAY,STRAIGHT AND LEVEL,DRY,INJURY AND / OR TOW DUE TO CRASH,DR MARTIN LUTHER KING JR DR,41.7802113218,-87.6157682918,POINT (-87.615768291828 41.780211321839)
O1332531,BICYCLE,f3a364f24597d8fbb743c8e1c18bf2c50a58105fbc2a28a7f56161565197e7249c21b9bd723e1e04fc948117f3e100bcfd79f57571c5a05511408d7101a185fa,05/08/2022 12:38:00 AM,M,44.0,HELMET NOT USED,NO ACTION,BIKEWAY,TEST NOT OFFERED,,30,CLEAR,"DARKNESS, LIGHTED ROAD",PEDALCYCLIST,NOT DIVIDED,STRAIGHT AND LEVEL,DRY,INJURY AND / OR TOW DUE TO CRASH,MILWAUKEE AVE,41.9089956151,-87.6755316565,POINT (-87.675531656472 41.90899561514)
O1335232,BICYCLE,90b89b72a2096da0e9cf03eb6c19e49606d9dd0dc2c1b63ecb92235c891b981428767246376553ad3dcbca07c7cf9a9051cfd2430585709589ebbb47f9fffc21,05/07/2022 06:55:00 PM,M,47.0,HELMET NOT USED,CROSSING - WITH SIGNAL,IN CROSSWALK,TEST NOT OFFERED,,25,CLEAR,DUSK,PEDALCYCLIST,FOUR WAY,STRAIGHT AND LEVEL,DRY,INJURY AND / OR TOW DUE TO CRASH,CHICAGO AVE,41.8958549211,-87.6867234008,POINT (-87.686723400822 41.895854921103)
O1332372,BICYCLE,ce6d1868ac2037836faacc48287d4ae38d86ba0e6a0fa32178273c305c9336a00e57fa6377e5d733c7c6d0d4fbb68e5203f55ef59dd3317b3e2defc85a930d5f,05/07/2022 06:50:00 PM,M,,BICYCLE HELMET (PEDACYCLIST INVOLVED ONLY),WITH TRAFFIC,IN ROADWAY,TEST NOT OFFERED,,30,CLEAR,DAWN,PEDALCYCLIST,NOT DIVIDED,STRAIGHT AND LEVEL,DRY,NO INJURY / DRIVE AWAY,CHICAGO AVE,41.8961057307,-87.6719477136,POINT (-87.671947713596 41.896105730698)
O1332774,BICYCLE,67f4afc3d2790826033b6afdef83801550d8dc09fe06a55a60ce975a686f5f30f0e9a51242a04882b87613bbaf4b982ed30f62945b4bbfb9916524450c1aff8e,05/07/2022 06:22:00 PM,M,44.0,BICYCLE HELMET (PEDACYCLIST INVOLVED ONLY),WITH TRAFFIC,BIKEWAY,TEST NOT OFFERED,,30,UNKNOWN,UNKNOWN,PEDALCYCLIST,NOT DIVIDED,STRAIGHT AND LEVEL,UNKNOWN,INJURY AND / OR TOW DUE TO CRASH,CHICAGO AVE,41.8961057307,-87.6719477136,POINT (-87.671947713596 41.896105730698)
O1332402,BICYCLE,a586d5d52cca5c329d3d4ada95eb34bbfa003edc499c8e6d2c50810a51e545ba156f2a7c01d8d012ceb4fb0017fdb6a01d67ec9e5318fd1e98fb79c4bb7f75b6,05/07/2022 06:20:00 PM,M,26.0,HELMET NOT USED,WITH TRAFFIC,IN ROADWAY,TEST NOT OFFERED,,30,CLEAR,DAYLIGHT,PEDALCYCLIST,NOT DIVIDED,STRAIGHT AND LEVEL,DRY,INJURY AND / OR TOW DUE TO CRASH,DIVISION ST,41.9039624962,-87.6345551206,POINT (-87.634555120597 41.90396249623)
O1332245,BICYCLE,884282abed9dae376f47e6a938224378bc91cf743c88a4d9d724d16c3680a1580db864ead1ae6412bd78c0dacd5b60408a6124925e4c2d37a9fe1cbeb1bf09f6,05/07/2022 02:22:00 PM,M,42.0,BICYCLE HELMET (PEDACYCLIST INVOLVED ONLY),NO ACTION,BIKE LANE,TEST NOT OFFERED,,30,CLEAR,DAYLIGHT,PEDALCYCLIST,DIVIDED - W/MEDIAN (NOT RAISED),STRAIGHT AND LEVEL,DRY,INJURY AND / OR TOW DUE TO CRASH,ELSTON AVE,41.9312664548,-87.6862720477,POINT (-87.6862720477 41.931266454777)
O1332144,BICYCLE,8b36056793bf1e9aa07124f66b6011162bace593270d4455643b88dd4ab80860d2a5647ac180fd08bd684b90fcabba68024efbabd403ec2874e4c46957345d0e,05/07/2022 01:30:00 PM,M,37.0,BICYCLE HELMET (PEDACYCLIST INVOLVED ONLY),WITH TRAFFIC,BIKEWAY,TEST NOT OFFERED,,30,CLEAR,DAYLIGHT,PEDALCYCLIST,NOT DIVIDED,STRAIGHT AND LEVEL,DRY,NO INJURY / DRIVE AWAY,MILWAUKEE AVE,41.9057525994,-87.6704594973,POINT (-87.670459497346 41.905752599364)
O1332034,BICYCLE,4ad01eaf9945a338d5f61162dcec5312aeb4098b8185015ea04f161834d8f3b905b1a4f3d82412c89a5ecd4b15be6a670e1c3e221c16cc393d17085eb1357be9,05/07/2022 01:10:00 PM,M,29.0,BICYCLE HELMET (PEDACYCLIST INVOLVED ONLY),CROSSING - WITH SIGNAL,IN CROSSWALK,TEST NOT OFFERED,,20,CLEAR,DAYLIGHT,PEDALCYCLIST,T-INTERSECTION,STRAIGHT AND LEVEL,DRY,NO INJURY / DRIVE AWAY,BROADWAY,41.9935210117,-87.6605229896,POINT (-87.660522989605 41.993521011741)
O1331955,BICYCLE,006736b788b0c08ab41f8d853dcb0ba26073e49710f4c1cc1bac2461859f9550867f4749297fc351e854dc69862016d51256316340ffe2b28e84bcffd3f7d89d,05/07/2022 10:10:00 AM,M,12.0,BICYCLE HELMET (PEDACYCLIST INVOLVED ONLY),CROSSING - WITH SIGNAL,UNKNOWN/NA,TEST NOT OFFERED,Y,30,CLEAR,DAYLIGHT,PEDALCYCLIST,FOUR WAY,STRAIGHT AND LEVEL,DRY,INJURY AND / OR TOW DUE TO CRASH,FOSTER AVE,41.9758569155,-87.7087436416,POINT (-87.708743641643 41.975856915535)
O1333809,BICYCLE,188f8cd2c821787ea0376e93cfd323018f7e92a7190354574012706edc09ffec9cbda4738733a355104b8b3816f1ef593c10a2883a9b573d39309b97d799891a,05/06/2022 08:15:00 PM,M,30.0,HELMET NOT USED,CROSSING - WITH SIGNAL,IN CROSSWALK,TEST NOT OFFERED,,30,CLEAR,"DARKNESS, LIGHTED ROAD",PEDALCYCLIST,FOUR WAY,STRAIGHT AND LEVEL,DRY,INJURY AND / OR TOW DUE TO CRASH,ROOSEVELT RD,41.8670455815,-87.6468275,POINT (-87.646827500037 41.867045581518)
O1331615,BICYCLE,cb5d3950a82470cf753b09c9b1272322186e7b563fe4e09bb6a48844d187292d7b3715edc3075e7d62b10d6aa216d7cd8a094477e485fe35a8c530c039dc9c83,05/06/2022 07:25:00 PM,M,44.0,HELMET NOT USED,WITH TRAFFIC,IN ROADWAY,TEST NOT OFFERED,,30,RAIN,DAYLIGHT,PEDALCYCLIST,DIVIDED - W/MEDIAN (NOT RAISED),STRAIGHT AND LEVEL,WET,INJURY AND / OR TOW DUE TO CRASH,CLARK ST,41.9306231082,-87.6440113349,POINT (-87.64401133488 41.93062310818)
O1332010,BICYCLE,b7b22832f00f646383374e4fa1632de8e8900fcfb0a6d0a7cf99bd0b54204b2c4607b7d47a3b0eaf0e65712f2edb5a1f7195c56ee388995d792d26638c1c952d,05/06/2022 03:40:00 PM,M,25.0,HELMET NOT USED,CROSSING - NO CONTROLS (AT INTERSECTION),IN ROADWAY,TEST NOT OFFERED,,30,UNKNOWN,UNKNOWN,PEDALCYCLIST,NOT DIVIDED,STRAIGHT AND LEVEL,UNKNOWN,INJURY AND / OR TOW DUE TO CRASH,61ST ST,41.7827553072,-87.7008718354,POINT (-87.700871835386 41.782755307182)
O1331087,BICYCLE,bc162ce0775f52710613fc6da86433ed21818accfee4dd845a2767dc167f1b38421f22db32fb0b159ccbbe0ab5d1a9d1000fd91ee18c90557a072d7fd7c98715,05/06/2022 09:30:00 AM,F,44.0,BICYCLE HELMET (PEDACYCLIST INVOLVED ONLY),OTHER ACTION,BIKE LANE,TEST NOT OFFERED,,30,RAIN,DAYLIGHT,PEDALCYCLIST,DIVIDED - W/MEDIAN (NOT RAISED),STRAIGHT AND LEVEL,WET,NO INJURY / DRIVE AWAY,MILWAUKEE AVE,41.9192297513,-87.6915705895,POINT (-87.691570589513 41.91922975128)
O1330679,BICYCLE,c2ad5a3306f4f42fd29ed601d32a183ac69302f68169af4d7cb27875888a81af8c4bc58444f99f36eb192df11251d2f64a40dc689a61dcebb3e4ccf66bb91498,05/05/2022 03:00:00 PM,M,20.0,BICYCLE HELMET (PEDACYCLIST INVOLVED ONLY),WITH TRAFFIC,BIKEWAY,TEST NOT OFFERED,,30,UNKNOWN,UNKNOWN,PEDALCYCLIST,NOT DIVIDED,STRAIGHT AND LEVEL,UNKNOWN,INJURY AND / OR TOW DUE TO CRASH,CLYBOURN AVE,41.9094325188,-87.6472428905,POINT (-87.647242890476 41.909432518766)
O1330400,BICYCLE,2b4d2edf2fb502a78d3b6c560d6bec31234c7a7c4b5c76101fb18b1b869f5f8a216290767a648bf7438ff317dcef885351d08e58a6c7015797293766a2839344,05/05/2022 01:45:00 PM,M,30.0,HELMET NOT USED,UNKNOWN/NA,IN ROADWAY,TEST NOT OFFERED,,30,RAIN,DAYLIGHT,PEDALCYCLIST,NOT DIVIDED,STRAIGHT AND LEVEL,WET,NO INJURY / DRIVE AWAY,CLARK ST,41.9741766284,-87.6683332086,POINT (-87.668333208618 41.974176628448)
O1330147,BICYCLE,d13af63d1050df54e76b6fc359ab99e3aae816067372bc3b36403b197da8497d2126697e18ecdf41aca9eda5dd74c6ae7fb33250dbc9399f59c09e755320ea8c,05/04/2022 09:20:00 PM,M,22.0,HELMET NOT USED,UNKNOWN/NA,BIKE LANE,TEST NOT OFFERED,,35,CLEAR,DUSK,PEDALCYCLIST,NOT DIVIDED,STRAIGHT AND LEVEL,DRY,INJURY AND / OR TOW DUE TO CRASH,MILWAUKEE AVE,41.9503956464,-87.7421513998,POINT (-87.742151399824 41.950395646394)
O1331331,BICYCLE,ae7ca966707d7354ea4a2a5b84e834985ce9144a36761eb0f15a495e5b88c1af93058b84932445c23822b0c2763119383c411933843e81c20eb876df31cd37df,05/04/2022 07:00:00 PM,M,29.0,HELMET NOT USED,NO ACTION,IN ROADWAY,TEST REFUSED,,25,CLEAR,DUSK,PEDALCYCLIST,NOT DIVIDED,STRAIGHT AND LEVEL,DRY,INJURY AND / OR TOW DUE TO CRASH,SHEFFIELD AVE,41.9441940039,-87.6540888852,POINT (-87.654088885215 41.944194003866)
O1330037,NON-MOTOR VEHICLE,b0b3ef14464c00670a42332dcb43aa47a25cb446d61850001a51b8dc528fd8dd5fb10fcfe413499fe8fdf7b62b775e772825f40393d66032b8141d107a08e251,05/04/2022 05:30:00 PM,M,34.0,NONE PRESENT,CROSSING - NO CONTROLS (NOT AT INTERSECTION),IN CROSSWALK,TEST NOT OFFERED,,30,CLEAR,DAYLIGHT,ANIMAL,NOT DIVIDED,STRAIGHT AND LEVEL,DRY,INJURY AND / OR TOW DUE TO CRASH,MONTROSE AVE,41.9613519637,-87.6996285654,POINT (-87.699628565371 41.96135196371)
O1331491,BICYCLE,da11845d12edf73b86a8c87524c3e2feb652d2933e486105c2b2da0ce3c866581c7f9ffbd0ee3c3207da5860e07c6e88335c70c61831e20b217a8ebe0bb3dbc9,05/04/2022 04:50:00 PM,M,31.0,BICYCLE HELMET (PEDACYCLIST INVOLVED ONLY),CROSSING - WITH SIGNAL,IN CROSSWALK,TEST NOT OFFERED,,30,UNKNOWN,DAYLIGHT,PEDALCYCLIST,FOUR WAY,STRAIGHT AND LEVEL,UNKNOWN,INJURY AND / OR TOW DUE TO CRASH,ASHLAND AVE,41.9733921425,-87.6694118885,POINT (-87.66941188854 41.973392142474)
O1329784,NON-MOTOR VEHICLE,d460a5cde852815187d52b6afa13b02ec12c364459fe57d76096fa861ae3328a08c7020cf577a01cfabeea3487489429ba2fa9f11acf4bce1c34e128e052c412,05/04/2022 12:59:00 PM,,,,,,,,30,CLEAR,DAYLIGHT,REAR TO FRONT,NOT DIVIDED,STRAIGHT AND LEVEL,DRY,INJURY AND / OR TOW DUE TO CRASH,MORGAN ST,41.779473099,-87.649490709,POINT (-87.649490709001 41.779473099003)
O1330484,BICYCLE,0bacdf67e4e6c97f143de43ee66d6412bc8e35407e365cfe75c51f839b208ebd4602f649f28e114f840c32b7919fe9273c17eb3256999fa4ffcf896a88a05553,05/04/2022 12:30:00 PM,M,55.0,BICYCLE HELMET (PEDACYCLIST INVOLVED ONLY),WITH TRAFFIC,BIKEWAY,TEST NOT OFFERED,Y,30,UNKNOWN,UNKNOWN,PEDALCYCLIST,NOT DIVIDED,STRAIGHT AND LEVEL,UNKNOWN,INJURY AND / OR TOW DUE TO CRASH,ELSTON AVE,41.9400215214,-87.6994529162,POINT (-87.699452916203 41.940021521379)
O1329511,BICYCLE,dbc9706512752d1a2058947e24c5d4aa407361523a7535abe13c4b49a8c017ace7d2da9f58c6e45bb1e24c45ebea1f22a65a1def93995e779fd3d80862e4f47a,05/04/2022 08:54:00 AM,M,58.0,BICYCLE HELMET (PEDACYCLIST INVOLVED ONLY),WITH TRAFFIC,IN ROADWAY,TEST NOT OFFERED,,30,CLEAR,DAYLIGHT,PEDALCYCLIST,NOT DIVIDED,STRAIGHT AND LEVEL,DRY,INJURY AND / OR TOW DUE TO CRASH,KIMBALL AVE,41.9507568785,-87.7129584561,POINT (-87.712958456053 41.950756878501)
O1329480,BICYCLE,1d79255ba3f3872517a86a9edd93dd5c8b4495260ed2b15c1e60a9f4e21dffa13ceabd5a0300103d224353bb0391b063f7804c9c96fde41b6a21b31a5c917805,05/04/2022 07:30:00 AM,M,23.0,BICYCLE HELMET (PEDACYCLIST INVOLVED ONLY),CROSSING - WITH SIGNAL,UNKNOWN/NA,TEST NOT OFFERED,,25,CLEAR,DAYLIGHT,PEDALCYCLIST,NOT DIVIDED,STRAIGHT AND LEVEL,DRY,INJURY AND / OR TOW DUE TO CRASH,WESTERN AVE,41.8846905665,-87.6863829345,POINT (-87.686382934508 41.884690566545)
O1329787,NON-MOTOR VEHICLE,f4b52c252abd162d5da0619a741198c008c86ac343ea31e737e40f83a08b184c63a106fa765eabdb503cc5aea3b6418f2d94ed7bf3b1111408b19d3d143f1b7b,05/04/2022 12:20:00 AM,X,,NONE PRESENT,,,TEST NOT OFFERED,,30,CLEAR,DARKNESS,FIXED OBJECT,NOT DIVIDED,STRAIGHT AND LEVEL,DRY,NO INJURY / DRIVE AWAY,OAK PARK AVE,41.928967931,-87.7955545121,POINT (-87.795554512122 41.928967930988)
O1329372,BICYCLE,1ec1af68bafc2ba36522e019fab34419fbc10c1c5fc29822b417101e37661f9d8cba7497a382219a487fc094f7f6e3a651cb256ffbe3ebd8f19d8a3d1d87f7b4,05/03/2022 05:28:00 PM,M,23.0,HELMET NOT USED,TURNING LEFT,IN ROADWAY,TEST NOT OFFERED,,30,RAIN,DAYLIGHT,PEDALCYCLIST,DIVIDED - W/MEDIAN (NOT RAISED),STRAIGHT AND LEVEL,WET,INJURY AND / OR TOW DUE TO CRASH,HENDERSON ST,41.9423582661,-87.6661919929,POINT (-87.666191992933 41.94235826607)