PERSON_ID,PERSON_TYPE,CRASH_RECORD_ID,CRASH_DATE_x,SEX,AGE,SAFETY_EQUIPMENT,PEDPEDAL_ACTION,PEDPEDAL_LOCATION,BAC_RESULT,CRASH_DATE_EST_I,POSTED_SPEED_LIMIT,WEATHER_CONDITION,LIGHTING_CONDITION,FIRST_CRASH_TYPE,TRAFFICWAY_TYPE,ALIGNMENT,ROADWAY_SURFACE_COND,CRASH_TYPE,STREET_NAME,LATITUDE,LONGITUDE,LOCATION
O1328983,BICYCLE,4a2e7d7456dc37ffca23383b376baabf16641bd15bdf04a8464fdd342aa891c6929587c401e5705a2d24112d3a04b097a2c612e13afdfe8defdd7218851ec184,05/03/2022 01:45:00 PM,M,29.0,BICYCLE HELMET (PEDACYCLIST INVOLVED ONLY),WITH TRAFFIC,IN ROADWAY,TEST NOT OFFERED,,20,RAIN,DAYLIGHT,PEDALCYCLIST,ONE-WAY,STRAIGHT AND LEVEL,WET,INJURY AND / OR TOW DUE TO CRASH,BARRY AVE,41.9378453571,-87.6628645365,POINT (-87.662864536493 41.937845357149)
O1328886,BICYCLE,235eef3c6a448f4e7e4ee1691749a7c4279ff6a063a88db7080dd02bbaa1032da1076e856b35e2d14e54454c65a8e93ed0653984bcf4891e40c8118a7b089909,05/03/2022 10:30:00 AM,M,,HELMET NOT USED,OTHER ACTION,IN ROADWAY,TEST NOT OFFERED,,15,RAIN,DAYLIGHT,PEDALCYCLIST,PARKING LOT,STRAIGHT AND LEVEL,WET,NO INJURY / DRIVE AWAY,DOTY AVE E,41.6962325277,-87.5958061971,POINT (-87.59580619714 41.696232527674)
O1329541,BICYCLE,ffdc1f1226a04425742c3e9d4fb1b3d583706124ccfbf558ae174d18ddc673f4723cbbfffee35c682acf504765737a148f31c022c3bb9bd71fb9fe6585892f89,05/02/2022 06:15:00 PM,M,,BICYCLE HELMET (PEDACYCLIST INVOLVED ONLY),WITH TRAFFIC,IN ROADWAY,TEST NOT OFFERED,,30,CLEAR,DAYLIGHT,PEDALCYCLIST,NOT DIVIDED,STRAIGHT AND LEVEL,DRY,NO INJURY / DRIVE AWAY,CLARK ST,41.9417472878,-87.6522986895,POINT (-87.652298689485 41.941747287815)
O1328534,BICYCLE,ca252f6a21262fc60dfa27bb2a43afecc1c794f0dea5bcd3dcc17dbe3e77754db8c67059e9c31d29a356b74775658840b29936e919672574592c5ff2655a45af,05/02/2022 05:55:00 PM,M,22.0,HELMET NOT USED,WITH TRAFFIC,BIKE LANE,TEST NOT OFFERED,,30,CLEAR,DAYLIGHT,PEDALCYCLIST,NOT DIVIDED,STRAIGHT AND LEVEL,DRY,INJURY AND / OR TOW DUE TO CRASH,MILWAUKEE AVE,41.9058847202,-87.6706650851,POINT (-87.670665085108 41.905884720172)
O1334203,BICYCLE,17b7a252e81f6e7199861a7875d4e51d1a1d74929fa6ef09b9e86aa04ea06d3ebabff0a86c11f19b5010da98eaa7664e361e6800e0e589d90078d1302b0d71ec,05/02/2022 12:30:00 PM,M,36.0,BICYCLE HELMET (PEDACYCLIST INVOLVED ONLY),WITH TRAFFIC,BIKEWAY,TEST NOT OFFERED,,30,CLEAR,DAYLIGHT,PEDALCYCLIST,NOT DIVIDED,STRAIGHT AND LEVEL,DRY,INJURY AND / OR TOW DUE TO CRASH,BROADWAY,41.9649462141,-87.657347068,POINT (-87.657347067992 41.964946214061)
O1328082,BICYCLE,810789625c81ae6f8fccc312f08ffe0549b9ffa53e867b1eabcdf2d388a21b4bd4325d172434be255b18eab0364dde365b4c27829f994986ec952024ad4ff336,05/02/2022 07:37:00 AM,F,9.0,BICYCLE HELMET (PEDACYCLIST INVOLVED ONLY),NOT AT INTERSECTION,NOT IN ROADWAY,TEST NOT OFFERED,,15,CLEAR,DAYLIGHT,PEDALCYCLIST,ALLEY,STRAIGHT AND LEVEL,DRY,INJURY AND / OR TOW DUE TO CRASH,ROSCOE ST,41.9424432527,-87.7419490704,POINT (-87.741949070445 41.942443252746)
O1328064,BICYCLE,fe5db18eaf093cec770ab44baac6d3b56571ef2a72cd27b733834672efba73a59202f5dd6395851d5c3daf36edecc828b802202db90c2672bd4565399692f074,05/01/2022 02:00:00 PM,M,27.0,HELMET NOT USED,TURNING LEFT,IN ROADWAY,TEST NOT OFFERED,,30,CLEAR,DAYLIGHT,PEDALCYCLIST,FOUR WAY,STRAIGHT AND LEVEL,DRY,INJURY AND / OR TOW DUE TO CRASH,PERSHING RD,41.8232567625,-87.6657086103,POINT (-87.665708610309 41.823256762476)
O1327843,BICYCLE,41c5239f0c272a281dffcd76dc94d4879b294db840c51955a08c3b7e3e5d509874083ce3cea0370b43c632f546f2285fdcbc626d5a49d334fa571ac6c4f5f4f0,05/01/2022 01:00:00 PM,M,0.0,HELMET NOT USED,OTHER ACTION,IN ROADWAY,TEST NOT OFFERED,,30,CLEAR,DAYLIGHT,PEDALCYCLIST,NOT DIVIDED,STRAIGHT AND LEVEL,DRY,INJURY AND / OR TOW DUE TO CRASH,ARCHER AVE,41.8398863496,-87.6613336327,POINT (-87.661333632681 41.839886349608)
O1335502,NON-MOTOR VEHICLE,bf712711d15935ec7ccb6f5b732f9bfab0695bbd8813b11881d447fe945a48af499ccb4036f8158bb3fc9f617e5c13da4c82ebf347ba578f839daef5e4e99c76,05/01/2022 03:45:00 AM,,,,,,TEST NOT OFFERED,,30,RAIN,"DARKNESS, LIGHTED ROAD",FIXED OBJECT,DIVIDED - W/MEDIAN BARRIER,STRAIGHT AND LEVEL,WET,NO INJURY / DRIVE AWAY,FOSTER AVE,41.9757906559,-87.7708270172,POINT (-87.770827017185 41.975790655901)
O1327263,BICYCLE,3a31c2061d885853c32320b1ffb1abdb72a927eabed840398b231d87a38f27d6ce8cb463210b3fa640e1313042e60db10d2906c51a6a084d25272920f5aa863a,04/30/2022 05:40:00 PM,M,55.0,HELMET NOT USED,WITH TRAFFIC,IN ROADWAY,TEST NOT OFFERED,,30,CLEAR,DAYLIGHT,PEDALCYCLIST,DIVIDED - W/MEDIAN (NOT RAISED),STRAIGHT AND LEVEL,WET,INJURY AND / OR TOW DUE TO CRASH,STATE ST,41.8844608314,-87.6277630752,POINT (-87.627763075207 41.884460831407)
O1327761,BICYCLE,e55ec26503f28cb93b8c5f5779295091daa686ecaaf3a1805de35123d9e1531a4309653188e5799c5fe82a8f4624e10a3c26f8fb616ecbab33240c0696bef874,04/30/2022 03:45:00 PM,M,35.0,BICYCLE HELMET (PEDACYCLIST INVOLVED ONLY),AGAINST TRAFFIC,IN ROADWAY,TEST NOT OFFERED,,30,UNKNOWN,UNKNOWN,PEDALCYCLIST,ONE-WAY,STRAIGHT AND LEVEL,UNKNOWN,NO INJURY / DRIVE AWAY,RASCHER AVE,41.9809183554,-87.6650543502,POINT (-87.665054350185 41.980918355362)
O1327083,BICYCLE,c622874aff7605ed9a7223b5b0742cb097af4414ad374a456e35b957497848fc439abce23a4b502e01a87a75c6d9412cdd94ebd41dd97881aec5d018e29541cf,04/30/2022 01:30:00 PM,F,33.0,BICYCLE HELMET (PEDACYCLIST INVOLVED ONLY),CROSSING - WITH SIGNAL,BIKE LANE,TEST NOT OFFERED,,30,CLOUDY/OVERCAST,DAYLIGHT,PEDALCYCLIST,FOUR WAY,STRAIGHT AND LEVEL,WET,INJURY AND / OR TOW DUE TO CRASH,DAMEN AVE,41.8995948314,-87.6773037365,POINT (-87.677303736498 41.899594831439)
O1326554,BICYCLE,d68021c5b14854f2f604d3d74677323a8e2c8a2fb86a72d02605557462e633df82f52244916ab72fb4945c3f695e20a54454e1023d4ce814b917b4cd9b41aa1d,04/29/2022 08:08:00 PM,M,35.0,BICYCLE HELMET (PEDACYCLIST INVOLVED ONLY),CROSSING - NO CONTROLS (NOT AT INTERSECTION),IN CROSSWALK,TEST NOT OFFERED,,35,RAIN,"DARKNESS, LIGHTED ROAD",PEDALCYCLIST,NOT DIVIDED,STRAIGHT AND LEVEL,WET,INJURY AND / OR TOW DUE TO CRASH,LAWRENCE AVE,41.9684712773,-87.7172528206,POINT (-87.717252820605 41.968471277255)
O1326521,NON-MOTOR VEHICLE,692daa3bba0a6b1603509276c7397bca4c6c8eb48b427bc9e02375f3b1f2f12f953c123c93bfc0f774df71e7b3183489b1da1a042562416b60f0926991811914,04/29/2022 07:05:00 PM,M,57.0,,,,TEST NOT OFFERED,,30,RAIN,DAYLIGHT,FIXED OBJECT,ONE-WAY,STRAIGHT ON GRADE,WET,NO INJURY / DRIVE AWAY,55TH ST,41.7938699482,-87.6900865451,POINT (-87.690086545116 41.793869948202)
O1326396,BICYCLE,6b860b129be424d97af8acdf6ad112670ef0fe4b1519305d69e37f943bed28078d646e8aa9b4a56c504664a96821797d450e6f4e2607eebc652dd8f909c26b15,04/29/2022 05:30:00 PM,M,53.0,HELMET NOT USED,OTHER ACTION,NOT IN ROADWAY,TEST NOT OFFERED,,10,CLEAR,DUSK,PEDALCYCLIST,OTHER,STRAIGHT AND LEVEL,DRY,NO INJURY / DRIVE AWAY,PULASKI RD,41.9682625951,-87.7281753158,POINT (-87.72817531576 41.968262595101)
O1326188,BICYCLE,5d0ac94b527154f48b28a49ca0a0bca6078b1345e9d8641494a7efab6284277f5f12fec5ef19aacd10b72b8d73a07cdda0c61b48f04f1625dd28e61e87195b80,04/29/2022 01:00:00 PM,F,31.0,HELMET NOT USED,WITH TRAFFIC,IN ROADWAY,TEST NOT OFFERED,,30,CLEAR,DAYLIGHT,PEDALCYCLIST,NOT DIVIDED,STRAIGHT AND LEVEL,DRY,NO INJURY / DRIVE AWAY,53RD ST,41.7996537838,-87.5890489526,POINT (-87.589048952605 41.79965378379)
O1325890,BICYCLE,b5050c53e92162d6df9a6de3783efdd7b907c500f1d85ee5539d82d51a4499b7586a6fcdfcf165f522c6a4aeb08f7866c1e81eb63160619ab91535f98acf898c,04/28/2022 10:30:00 PM,F,35.0,BICYCLE HELMET (PEDACYCLIST INVOLVED ONLY),WITH TRAFFIC,BIKE LANE,TEST NOT OFFERED,,30,CLEAR,DARKNESS,PEDALCYCLIST,NOT DIVIDED,STRAIGHT AND LEVEL,DRY,INJURY AND / OR TOW DUE TO CRASH,CLARK ST,41.9307787217,-87.6437819717,POINT (-87.64378197171 41.930778721657)
O1325851,BICYCLE,4db21ba22f0fcde8ae9adf582633383ef6c3caa756c204b5bb93180c1339ebc190fb3b8c49dd64749c731511eb08a291f55791efa519cde94c700775cabb34dc,04/28/2022 04:00:00 PM,M,34.0,BICYCLE HELMET (PEDACYCLIST INVOLVED ONLY),CROSSING - WITH SIGNAL,IN ROADWAY,TEST NOT OFFERED,,30,UNKNOWN,DAYLIGHT,PEDALCYCLIST,NOT DIVIDED,STRAIGHT AND LEVEL,DRY,INJURY AND / OR TOW DUE TO CRASH,CHICAGO AVE,41.8965092929,-87.6477558272,POINT (-87.647755827185 41.896509292938)
O1326565,BICYCLE,0ac6cde9083d373ce89a58ee88cb7d7fb6c1cfea151ad6f590d37f5976e2cd255a220bf09663d63bcc92b914b4faacc6f9aacb2dfbb77fe8675093817a9bee17,04/28/2022 03:20:00 PM,M,45.0,BICYCLE HELMET (PEDACYCLIST INVOLVED ONLY),WITH TRAFFIC,IN ROADWAY,TEST NOT OFFERED,,35,CLEAR,DAYLIGHT,PEDALCYCLIST,NOT DIVIDED,STRAIGHT AND LEVEL,DRY,INJURY AND / OR TOW DUE TO CRASH,PULASKI RD,41.876289423,-87.7256658326,POINT (-87.725665832622 41.876289422976)
O1325549,BICYCLE,2b0b85a44e8f2821338e7491d2965638ed6cfa962a980dfe790b7893edac5c877b1025470f99749b18b017fb95333e6caedb507a8d70b20df3b380cc9f73d341,04/28/2022 03:00:00 PM,M,26.0,HELMET NOT USED,TURNING LEFT,IN ROADWAY,TEST NOT OFFERED,,35,CLEAR,DAYLIGHT,TURNING,DIVIDED - W/MEDIAN (NOT RAISED),STRAIGHT AND LEVEL,DRY,NO INJURY / DRIVE AWAY,CLARK ST,41.8806628675,-87.6309992327,POINT (-87.630999232701 41.880662867542)
O1325404,BICYCLE,d58d1591dd7223212de16aa0f9f331e94ea8331cc113ca519bd74ac834a7cb48ba9e4694e2edf07cfcbf58da9a06bc3df6f3fd83ee139d2e7d5dd2ae61782177,04/28/2022 09:48:00 AM,M,70.0,HELMET NOT USED,CROSSING - WITH SIGNAL,IN ROADWAY,TEST NOT OFFERED,,30,CLEAR,DAYLIGHT,PEDALCYCLIST,NOT DIVIDED,STRAIGHT AND LEVEL,DRY,INJURY AND / OR TOW DUE TO CRASH,DIVISION ST,41.9030347681,-87.6969453431,POINT (-87.696945343144 41.903034768092)
O1325435,BICYCLE,daec06d26b78fac5be9962f489d819cde23f0ec7fd7c29f072c3c598be72dbcd07408e94361ae7deb30ec290425eaadf3133f9f44f2d8f94324ada4252be1eee,04/28/2022 07:30:00 AM,M,,BICYCLE HELMET (PEDACYCLIST INVOLVED ONLY),WITH TRAFFIC,NOT IN ROADWAY,TEST NOT OFFERED,,30,CLEAR,DAYLIGHT,PEDALCYCLIST,ALLEY,STRAIGHT AND LEVEL,DRY,INJURY AND / OR TOW DUE TO CRASH,WESTERN AVE,41.9983846246,-87.6897569998,POINT (-87.689756999764 41.998384624648)
O1326345,BICYCLE,9ff236c2989864cb3da778b9a5f98f4ee58d176b4710d00e8d7061beb587237d553239f7cdcf0f422812d15451eebc7bab0d2fb628bb6de31d14e70616fdd327,04/28/2022 07:25:00 AM,M,,BICYCLE HELMET (PEDACYCLIST INVOLVED ONLY),UNKNOWN/NA,IN ROADWAY,TEST NOT OFFERED,,30,UNKNOWN,UNKNOWN,PEDALCYCLIST,UNKNOWN,STRAIGHT AND LEVEL,UNKNOWN,NO INJURY / DRIVE AWAY,BROADWAY,41.9538235373,-87.6502185524,POINT (-87.650218552444 41.95382353729)
O1325231,BICYCLE,1c4a9a6b94c09345c8a5faee6176199d7b2d0aba8585a21f45b958f119229f101c11710a3fc46c23f637a5c082a21ea0aa2f2b5bab19755df1f3361072942ebc,04/27/2022 08:49:00 PM,F,31.0,HELMET NOT USED,CROSSING - WITH SIGNAL,IN CROSSWALK,,,30,CLEAR,"DARKNESS, LIGHTED ROAD",PEDALCYCLIST,FOUR WAY,STRAIGHT AND LEVEL,DRY,NO INJURY / DRIVE AWAY,CLARENDON AVE,41.9546185577,-87.6495546428,POINT (-87.649554642815 41.954618557684)
O1327541,BICYCLE,a3dae2ecc2ecf7d5d0e0f46e7bd7a958fd3bc63d7d4f5197ccb8a4a9802529914971900a4d9ba8efde5fed62a00a7fb0b55f61026885000b34c275928ce1dc85,04/27/2022 07:45:00 PM,M,,HELMET NOT USED,CROSSING - WITH SIGNAL,IN ROADWAY,TEST NOT OFFERED,,30,CLEAR,DUSK,PEDALCYCLIST,FOUR WAY,STRAIGHT AND LEVEL,DRY,INJURY AND / OR TOW DUE TO CRASH,HALSTED ST,41.8743694258,-87.6469812526,POINT (-87.64698125257 41.874369425754)
O1325225,BICYCLE,7f978bafa160e34ea2820ba8c8f3edca016ba2e76fb3902170f6b0c03e986ab9b88cf003cef4bf7feda5a93d52363ff0878b2929e4267ff547a59cac364ffbed,04/27/2022 07:32:00 PM,M,35.0,BICYCLE HELMET (PEDACYCLIST INVOLVED ONLY),CROSSING - WITH SIGNAL,IN CROSSWALK,TEST NOT OFFERED,,30,CLEAR,DAYLIGHT,PEDALCYCLIST,NOT DIVIDED,STRAIGHT AND LEVEL,DRY,INJURY AND / OR TOW DUE TO CRASH,FULLERTON PKWY,41.9257199272,-87.639189329,POINT (-87.639189328978 41.925719927241)
O1325163,NON-MOTOR VEHICLE,09098971163999f93064fc2bebafe1c932296c942c45ae6271ff6cd29524b2f90e9d3bfee962d241b0a4abf9296df908976ad6aea18e12eed8af27ee81d5c55c,04/27/2022 05:30:00 PM,M,,NONE PRESENT,,,TEST REFUSED,,30,CLEAR,DAYLIGHT,PARKED MOTOR VEHICLE,NOT DIVIDED,STRAIGHT AND LEVEL,DRY,NO INJURY / DRIVE AWAY,GRACE ST,41.9504778542,-87.6895093125,POINT (-87.689509312541 41.95047785424)
O1324709,BICYCLE,562787fb83510a833f7123f11fc5b588f20ae83c8cb0ed3f1f11b518f7eea81d84974fb8dd4c99962b24476be95c9192880e9766dc819bd89e7c782c6361868c,04/27/2022 07:20:00 AM,M,11.0,BICYCLE HELMET (PEDACYCLIST INVOLVED ONLY),CROSSING - NO CONTROLS (AT INTERSECTION),IN CROSSWALK,TEST NOT OFFERED,,30,CLEAR,DAYLIGHT,PEDALCYCLIST,T-INTERSECTION,STRAIGHT AND LEVEL,DRY,INJURY AND / OR TOW DUE TO CRASH,SACRAMENTO AVE,41.6988435164,-87.6965712358,POINT (-87.696571235843 41.698843516353)
O1324796,BICYCLE,09a0cd9f00bc356aa96792183dc2c5f3b8162958462e85e337dff5f288c26732345529e0c32c63a5dac7a1be81666b009cf7431718554f838977b9ee93576904,04/26/2022 07:50:00 PM,F,23.0,BICYCLE HELMET (PEDACYCLIST INVOLVED ONLY),OTHER ACTION,IN ROADWAY,TEST NOT OFFERED,,35,CLEAR,"DARKNESS, LIGHTED ROAD",PEDALCYCLIST,DIVIDED - W/MEDIAN (NOT RAISED),STRAIGHT AND LEVEL,DRY,INJURY AND / OR TOW DUE TO CRASH,53RD ST,41.797151452,-87.6982953137,POINT (-87.698295313659 41.797151451961)
O1324519,BICYCLE,5f96f303507feb25c890fd0499e52064314cd071e1707fec9080b05622cc5e115749a515576a37f32e1f08c19c7ba5375502bd5753c195ca8352c3ab23b5fd20,04/26/2022 07:00:00 PM,M,56.0,BICYCLE HELMET (PEDACYCLIST INVOLVED ONLY),WITH TRAFFIC,IN ROADWAY,TEST NOT OFFERED,,30,CLEAR,DAYLIGHT,PEDALCYCLIST,ONE-WAY,STRAIGHT AND LEVEL,DRY,INJURY AND / OR TOW DUE TO CRASH,SUPERIOR ST,41.8956898869,-87.6351833478,POINT (-87.635183347784 41.895689886917)
O1324193,BICYCLE,9d6a12bf32b5dae0d24e7ff28578312328ea9874d2db41e4e264e2271dbf56512517c3357c8cb17429ff385d42edbdc2599c0c21a6900e232efdeb32ebe2fc10,04/26/2022 11:00:00 AM,F,18.0,BICYCLE HELMET (PEDACYCLIST INVOLVED ONLY),NO ACTION,IN ROADWAY,TEST NOT OFFERED,,30,CLEAR,DAYLIGHT,PEDALCYCLIST,NOT DIVIDED,STRAIGHT AND LEVEL,UNKNOWN,INJURY AND / OR TOW DUE TO CRASH,GREENLEAF AVE,42.0103181244,-87.6737160698,POINT (-87.673716069801 42.010318124441)
O1324072,BICYCLE,ce943d58b37ec64edd0984ffa90110c39f0856915cc38617238a194f27b84b220117bc7b334a6135f0a617c1f6497d1e678a3d52bd20a4a9efe8247ff7cc2152,04/26/2022 08:50:00 AM,M,,BICYCLE HELMET (PEDACYCLIST INVOLVED ONLY),CROSSING - CONTROLS PRESENT (NOT AT INTERSECTION),IN ROADWAY,TEST NOT OFFERED,,30,CLEAR,DAYLIGHT,PEDALCYCLIST,NOT DIVIDED,STRAIGHT AND LEVEL,DRY,NO INJURY / DRIVE AWAY,FULLERTON AVE,41.9245470708,-87.7124792011,POINT (-87.712479201143 41.924547070774)
O1324147,BICYCLE,03002c71446275755314dcbf62eefeb5a4971d6330b71af1edfe78499526f642c0ab3e97211b04be29f3735e980812cd35549038845035174d3bc5a0e4212895,04/26/2022 08:30:00 AM,M,,HELMET NOT USED,CROSSING - NO CONTROLS (AT INTERSECTION),IN ROADWAY,TEST NOT OFFERED,,30,CLEAR,DAYLIGHT,PEDALCYCLIST,ROUNDABOUT,STRAIGHT AND LEVEL,DRY,NO INJURY / DRIVE AWAY,WOLCOTT AVE,41.9652279997,-87.6762571171,POINT (-87.676257117082 41.965227999681)
O1324532,BICYCLE,5f538307e2667d6c30341e18b7a2942c9a31406367e1fa403e3f7a81102f712f523db4ff581c51e98b6c54a32cffa4ee10674141327db4b07f7109f7391b630f,04/26/2022 08:30:00 AM,M,18.0,HELMET NOT USED,OTHER ACTION,IN CROSSWALK,TEST NOT OFFERED,Y,30,CLEAR,DAYLIGHT,PEDALCYCLIST,FOUR WAY,STRAIGHT AND LEVEL,DRY,INJURY AND / OR TOW DUE TO CRASH,WILSON AVE,41.9650292543,-87.6761800119,POINT (-87.676180011933 41.965029254255)
O1323599,BICYCLE,8a8dd4b4103a400222b3552b45e80c1ca6547e9421b2ac242d594084fc145cc149e73e0f0639ce119b0f7a1961ac27134118205914058fee06e404cc154b325c,04/25/2022 11:20:00 AM,F,43.0,BICYCLE HELMET (PEDACYCLIST INVOLVED ONLY),UNKNOWN/NA,IN ROADWAY,TEST NOT OFFERED,,30,CLEAR,DAYLIGHT,PEDALCYCLIST,NOT DIVIDED,STRAIGHT AND LEVEL,DRY,INJURY AND / OR TOW DUE TO CRASH,MICHIGAN AVE,41.8664932739,-87.6239856588,POINT (-87.623985658805 41.866493273868)
O1323077,BICYCLE,cd0641874cbdc458932333428c8d5b7c26988c933d364ad2a250493977dae0aebff177ddeb9040515d9178cfc5f053a558ed99804177f516e0c1a3ce6bb08850,04/24/2022 12:40:00 PM,M,61.0,HELMET NOT USED,WITH TRAFFIC,IN ROADWAY,TEST NOT OFFERED,,35,RAIN,DAYLIGHT,PEDALCYCLIST,DIVIDED - W/MEDIAN (NOT RAISED),STRAIGHT AND LEVEL,WET,INJURY AND / OR TOW DUE TO CRASH,ARCHER AVE,41.7956729452,-87.7633622371,POINT (-87.763362237051 41.795672945232)
O1322672,BICYCLE,d05750d97ee2dc3bd005755d5d1b12dbcbaf04b26ab2df28daa6d4d54e46608a74e99548ef0d96aee943c8525afc5e5d227d56be2391924fc67e916e44188f54,04/23/2022 11:17:00 PM,F,31.0,HELMET NOT USED,OTHER ACTION,IN CROSSWALK,TEST NOT OFFERED,,15,CLEAR,"DARKNESS, LIGHTED ROAD",PEDALCYCLIST,OTHER,STRAIGHT AND LEVEL,DRY,INJURY AND / OR TOW DUE TO CRASH,LYNN WHITE DR,41.866310063,-87.6102701545,POINT (-87.610270154497 41.86631006297)
O1322670,BICYCLE,4bbfb589e38a2a0392bd694d7a5931dcfd4d27789a2429a25ee4e6742a5c178d982ae8a911c1b316fe59097445b4cbde1bcbc6600b3eedffbc260879e3c66229,04/23/2022 11:00:00 PM,M,25.0,HELMET NOT USED,NO ACTION,IN ROADWAY,TEST NOT OFFERED,,30,UNKNOWN,UNKNOWN,PEDALCYCLIST,FOUR WAY,STRAIGHT AND LEVEL,UNKNOWN,NO INJURY / DRIVE AWAY,BROADWAY,41.9473566991,-87.6474391367,POINT (-87.647439136669 41.947356699083)
O1322621,BICYCLE,1480c5446bd704e06b8a20095bf6d43881ad93d32dd1ebc1196ef73df46e5af34ce071d65c9e0c7666d9c6d90756cf06244d51eefcc3f4fa05edb6258b6a381e,04/23/2022 08:35:00 PM,M,42.0,HELMET NOT USED,WITH TRAFFIC,IN ROADWAY,TEST NOT OFFERED,,30,CLEAR,"DARKNESS, LIGHTED ROAD",PEDALCYCLIST,DIVIDED - W/MEDIAN BARRIER,STRAIGHT AND LEVEL,DRY,INJURY AND / OR TOW DUE TO CRASH,HALSTED ST,41.8718503749,-87.6471664652,POINT (-87.647166465184 41.871850374852)
O1322584,BICYCLE,039c7da61499af7603ca759402a48def5bfbe459a4c769e430dfde0e65657bb2523825c00048801f3e720a47162b554d468f784735fdd75b74e4ba4154a3491a,04/23/2022 08:19:00 PM,M,19.0,HELMET NOT USED,OTHER ACTION,BIKE LANE,TEST NOT OFFERED,,30,CLEAR,"DARKNESS, LIGHTED ROAD",PEDALCYCLIST,NOT DIVIDED,STRAIGHT AND LEVEL,DRY,INJURY AND / OR TOW DUE TO CRASH,DIVERSEY AVE,41.9313013146,-87.7722616001,POINT (-87.772261600145 41.931301314592)
O1323163,BICYCLE,4e7180c87365274554b6f52bda3ad11b9991bad9529d4fa3065056c9b9e6efc59e751b3b22fa3e41a4450deaf6e3c2ebfae2fc50cf894f2e2347b4632a8fd5da,04/23/2022 03:30:00 PM,F,25.0,BICYCLE HELMET (PEDACYCLIST INVOLVED ONLY),NO ACTION,IN ROADWAY,TEST NOT OFFERED,,20,CLEAR,DAYLIGHT,PEDALCYCLIST,NOT DIVIDED,STRAIGHT AND LEVEL,DRY,INJURY AND / OR TOW DUE TO CRASH,HALSTED ST,41.8561013613,-87.6464462849,POINT (-87.646446284876 41.856101361325)
O1322354,BICYCLE,6cc97f7e496d48beadcca53a72d996760243acd93bb3b1070181a283a5c9603c97513143747e27763dfe8a7b20c5b59a868f61186c3e2bc154e2459bdfeabf73,04/23/2022 02:30:00 PM,M,31.0,BICYCLE HELMET (PEDACYCLIST INVOLVED ONLY),WITH TRAFFIC,BIKE LANE,TEST NOT OFFERED,,30,CLEAR,DAYLIGHT,PEDALCYCLIST,NOT DIVIDED,STRAIGHT AND LEVEL,DRY,INJURY AND / OR TOW DUE TO CRASH,WELLS ST,41.9114994191,-87.6345742721,POINT (-87.634574272098 41.911499419064)
O1323146,BICYCLE,1159a9163091ace3f98cc858257e10ea6b9917681f00dcf27b26bf4f98a65295a3eab49bd49eab247eb1f5d600313c61e90d50fb8117ecfa03b0c7414ef5b96c,04/23/2022 01:00:00 PM,M,20.0,BICYCLE HELMET (PEDACYCLIST INVOLVED ONLY),WITH TRAFFIC,IN ROADWAY,TEST NOT OFFERED,,30,CLEAR,DAYLIGHT,PEDALCYCLIST,T-INTERSECTION,STRAIGHT AND LEVEL,DRY,INJURY AND / OR TOW DUE TO CRASH,SEDGWICK ST,41.906935777,-87.6386100703,POINT (-87.638610070297 41.906935777038)
O1322290,BICYCLE,ce1962526789cccf66b02d3135124d3bb6c9c5acf66ee8fbf358e680155e5dbe69f80610eb3218aee973c4b27924620c66686bbd11d871c35f7874cc9844ad7f,04/23/2022 12:50:00 PM,,20.0,HELMET NOT USED,WITH TRAFFIC,IN ROADWAY,TEST NOT OFFERED,,30,CLEAR,DAYLIGHT,PEDALCYCLIST,NOT DIVIDED,STRAIGHT AND LEVEL,DRY,INJURY AND / OR TOW DUE TO CRASH,MONTROSE AVE,41.961516411,-87.6666475788,POINT (-87.666647578783 41.961516411039)
O1322277,BICYCLE,1eb700ad635b72cdc19e1e8914e7901f3af53ee8d70abc06c9e36f83874877f505ffa76b823e98ade69e92324acbc0679856bc6407be54121e9a46d127084863,04/23/2022 12:39:00 PM,M,12.0,HELMET NOT USED,OTHER ACTION,IN CROSSWALK,TEST NOT OFFERED,,25,CLEAR,DAYLIGHT,TURNING,FOUR WAY,STRAIGHT AND LEVEL,DRY,INJURY AND / OR TOW DUE TO CRASH,CENTRAL PARK AVE,41.688449588,-87.7106067212,POINT (-87.710606721172 41.688449588019)
O1322097,BICYCLE,bd860040a8273178506d6ed90e77f286e2bd7971a97ae3991d7bf8f31faed7c5850593ff5129b34ee30e03310690022e9edd7d66f6bec6135aa1fb065936bd53,04/23/2022 06:46:00 AM,M,16.0,HELMET NOT USED,ENTER FROM DRIVE/ALLEY,DRIVEWAY ACCESS,TEST NOT OFFERED,,25,CLEAR,DAYLIGHT,PEDALCYCLIST,NOT DIVIDED,STRAIGHT AND LEVEL,DRY,INJURY AND / OR TOW DUE TO CRASH,JACKSON BLVD,41.8769090759,-87.7452657724,POINT (-87.745265772443 41.876909075929)
O1321588,BICYCLE,1ff7abf7b467953b25fb7a358b63c2d8ab1d66e9916d7d5fa9e91110133e9f02a6d4e1f4274ae2f9349a88707297b62bb93c44bc8b2b992e5d04735985d6b7d3,04/22/2022 12:43:00 PM,M,52.0,HELMET NOT USED,WITH TRAFFIC,BIKEWAY,TEST NOT OFFERED,,30,RAIN,DAYLIGHT,PEDALCYCLIST,DIVIDED - W/MEDIAN (NOT RAISED),STRAIGHT AND LEVEL,WET,INJURY AND / OR TOW DUE TO CRASH,MILWAUKEE AVE,41.9319214237,-87.7118800138,POINT (-87.711880013814 41.931921423662)