PERSON_ID,PERSON_TYPE,CRASH_RECORD_ID,CRASH_DATE_x,SEX,AGE,SAFETY_EQUIPMENT,PEDPEDAL_ACTION,PEDPEDAL_LOCATION,BAC_RESULT,CRASH_DATE_EST_I,POSTED_SPEED_LIMIT,WEATHER_CONDITION,LIGHTING_CONDITION,FIRST_CRASH_TYPE,TRAFFICWAY_TYPE,ALIGNMENT,ROADWAY_SURFACE_COND,CRASH_TYPE,STREET_NAME,LATITUDE,LONGITUDE,LOCATION
O1321463,BICYCLE,c011baf8c169110dc89571a99e50990e3dee96634469eeb1a55b8a6c3ad1cc91d6e15a92951d94272e854006f5c1715530e8300228a846b1490ceb1692b460dc,04/21/2022 06:45:00 PM,F,22.0,HELMET NOT USED,WITH TRAFFIC,IN ROADWAY,TEST NOT OFFERED,,30,CLEAR,DAYLIGHT,PEDALCYCLIST,ONE-WAY,STRAIGHT AND LEVEL,DRY,NO INJURY / DRIVE AWAY,KINZIE ST,41.8893285936,-87.630547851,POINT (-87.630547850953 41.889328593567)
O1321141,BICYCLE,892fec7ca6812da98430b16f9d1fc5323424582d335d36a8df51544f361de101f039374343d21322bcddc2afb9a2c127f1e814e0e4f3a02d46b24a48c97ad6c5,04/21/2022 03:15:00 PM,M,31.0,BICYCLE HELMET (PEDACYCLIST INVOLVED ONLY),CROSSING - WITH SIGNAL,IN ROADWAY,TEST NOT OFFERED,,30,CLEAR,DAYLIGHT,PEDALCYCLIST,NOT DIVIDED,STRAIGHT AND LEVEL,DRY,INJURY AND / OR TOW DUE TO CRASH,HYDE PARK BLVD,41.7995420796,-87.5842010386,POINT (-87.584201038585 41.799542079576)
O1321065,BICYCLE,47868593375b02fd3ed8566765f66f2e6269c3acfb699be635e8f8ef806581cf6b6f773d379b0fca9bc36f1c78e81faaa0e4d71be1378478342afde6c72889f7,04/21/2022 01:50:00 PM,M,,BICYCLE HELMET (PEDACYCLIST INVOLVED ONLY),OTHER ACTION,IN ROADWAY,TEST NOT OFFERED,,30,CLEAR,DAYLIGHT,PEDALCYCLIST,NOT DIVIDED,STRAIGHT AND LEVEL,DRY,INJURY AND / OR TOW DUE TO CRASH,MILWAUKEE AVE,41.9100598435,-87.6771912342,POINT (-87.677191234211 41.91005984346)
O1320787,BICYCLE,8b71acb049a7c965581140994dbf50a85a6b3e9efd5e96a60ef83f167089b1f438c3daa27e41e4a0182a77501ff70df428e43e81732a05cd538df50c1ad1d771,04/21/2022 07:28:00 AM,M,72.0,HELMET NOT USED,WITH TRAFFIC,BIKEWAY,TEST NOT OFFERED,,20,CLEAR,DAYLIGHT,PEDALCYCLIST,NOT DIVIDED,STRAIGHT AND LEVEL,WET,NO INJURY / DRIVE AWAY,CLARENDON AVE,41.9565540227,-87.6496121018,POINT (-87.649612101753 41.956554022703)
O1320961,BICYCLE,9ab56ddc230bbb37dc86aae90c955d6007da98490ec6d7f5401c13052098644da5eb08dc9498a43bc32f11f7bc75de7f76e87e71d2b54831f65216376ff915e2,04/19/2022 11:05:00 PM,M,44.0,BICYCLE HELMET (PEDACYCLIST INVOLVED ONLY),STANDING IN ROADWAY,IN ROADWAY,TEST NOT OFFERED,Y,30,CLEAR,DARKNESS,PEDALCYCLIST,DIVIDED - W/MEDIAN (NOT RAISED),STRAIGHT AND LEVEL,DRY,INJURY AND / OR TOW DUE TO CRASH,DAMEN AVE,41.8995084785,-87.6770074112,POINT (-87.677007411235 41.899508478514)
O1320197,BICYCLE,08be6c94048cb84d1019a7e3d9db082b9b28c88649124ff3e6a234e76c71bc4b0b0f3788e6d71d3c794b7162f08ecfa43c59835ae0a42e5c8a4e7c425ba9a0cf,04/19/2022 09:08:00 PM,M,29.0,BICYCLE HELMET (PEDACYCLIST INVOLVED ONLY),TURNING LEFT,IN ROADWAY,TEST NOT OFFERED,,30,CLEAR,"DARKNESS, LIGHTED ROAD",PEDALCYCLIST,NOT DIVIDED,STRAIGHT AND LEVEL,DRY,NO INJURY / DRIVE AWAY,WALLACE ST,41.8240118369,-87.6409264731,POINT (-87.640926473128 41.824011836895)
O1320198,BICYCLE,ba2d67da29c2b49007a9ad909e5391974fc799f72e7828eed17d99711e92529cc88e8f700a0815c41e50fd08ef3671445c1cf913d6743e495a1a115f2da9ebf4,04/19/2022 09:00:00 PM,M,,HELMET NOT USED,UNKNOWN/NA,NOT IN ROADWAY,TEST NOT OFFERED,,15,CLEAR,DUSK,PEDALCYCLIST,PARKING LOT,STRAIGHT AND LEVEL,DRY,NO INJURY / DRIVE AWAY,LAWNDALE AVE,41.9146755752,-87.7192870977,POINT (-87.719287097714 41.914675575161)
O1320173,BICYCLE,117de7c34dca19806ca1ac4dcfbcd645ba1254296eeb8cebecc415341292a1eeaf0af6bf42f3c77ab700ac8c7c844531cadc3da13600b7263dbd1b5f172cd7a8,04/19/2022 08:26:00 PM,F,61.0,HELMET NOT USED,CROSSING - WITH SIGNAL,IN CROSSWALK,TEST NOT OFFERED,,30,CLEAR,"DARKNESS, LIGHTED ROAD",PEDALCYCLIST,NOT DIVIDED,STRAIGHT AND LEVEL,DRY,INJURY AND / OR TOW DUE TO CRASH,63RD ST,41.7798026867,-87.634793081,POINT (-87.634793081001 41.779802686696)
O1318683,BICYCLE,3393aa52624d5b0da7b2690f02e6956fc026f50f7038c400c4f47ced2058dcf7e7ca1f4c3419080516f3483c15e3cdd1937c24750feedb12773af813334c535c,04/16/2022 10:10:00 PM,M,42.0,HELMET NOT USED,WITH TRAFFIC,IN ROADWAY,TEST NOT OFFERED,,30,CLEAR,"DARKNESS, LIGHTED ROAD",PEDALCYCLIST,NOT DIVIDED,STRAIGHT AND LEVEL,DRY,INJURY AND / OR TOW DUE TO CRASH,MADISON ST,41.8818463861,-87.6497600192,POINT (-87.649760019183 41.881846386079)
O1318538,BICYCLE,c1ca0f45c6899b204d5004e4d9296b6a3faa8d4a9405ba77f726743e1a9a71605c890426ce933ece7cd231c4ea81ba2716b8a5880ea47854ad68a610fe1d3ca1,04/16/2022 03:53:00 PM,F,25.0,BICYCLE HELMET (PEDACYCLIST INVOLVED ONLY),CROSSING - WITH SIGNAL,IN ROADWAY,TEST NOT OFFERED,,30,CLEAR,DAYLIGHT,PEDALCYCLIST,DIVIDED - W/MEDIAN BARRIER,STRAIGHT AND LEVEL,UNKNOWN,NO INJURY / DRIVE AWAY,ROOSEVELT RD,41.8673561822,-87.6402266406,POINT (-87.640226640564 41.867356182227)
O1319329,BICYCLE,4fb9d77a824df31932c7f5565eb0be6bde30b37a1d7a725ccfd534e5c75b4bd0c318db06293c798ea2eddf5144db6b981fc3f59592ec80d5b52c7f12237855c2,04/16/2022 10:20:00 AM,M,16.0,HELMET NOT USED,CROSSING - NO CONTROLS (AT INTERSECTION),IN CROSSWALK,TEST NOT OFFERED,,35,CLEAR,DAYLIGHT,PEDALCYCLIST,FOUR WAY,STRAIGHT AND LEVEL,DRY,INJURY AND / OR TOW DUE TO CRASH,ROCKWELL ST,41.7918600885,-87.6890156105,POINT (-87.689015610456 41.791860088509)
O1319194,BICYCLE,bdf2b0c6d1c38f9e836a94467dae00dc51429e140fa10f5e6c641369556c01d4f07083d181a4bee162de1767da8542868d630a4519b1f8dfbd0612adc00c00e4,04/16/2022 09:20:00 AM,M,26.0,HELMET NOT USED,WITH TRAFFIC,IN ROADWAY,TEST NOT OFFERED,,30,OTHER,DAYLIGHT,PEDALCYCLIST,UNKNOWN,STRAIGHT AND LEVEL,UNKNOWN,INJURY AND / OR TOW DUE TO CRASH,DAMEN AVE,41.7865334538,-87.67424315,POINT (-87.674243150013 41.786533453836)
O1317987,BICYCLE,77a7dae5bad04b53a4d040ed28219ca9a4292af0e0c595beeed4f6322121e46dc78e438f4e2f39905ca90c8175982992d0204a2823b183a5ab4db6fd83dbc63c,04/15/2022 03:25:00 PM,F,62.0,HELMET NOT USED,AGAINST TRAFFIC,NOT IN ROADWAY,TEST NOT OFFERED,,30,RAIN,DAYLIGHT,PEDALCYCLIST,FOUR WAY,STRAIGHT AND LEVEL,WET,INJURY AND / OR TOW DUE TO CRASH,CENTRAL AVE,41.895312589,-87.7652638043,POINT (-87.765263804347 41.89531258899)
O1318102,BICYCLE,83b59896066694388aacc0c435d5533d0e06934e2a492362c3a948da3f07feb20ea316d1001e2fbb21df6e3908e9934ba7d34aa77283db2bfe04ff877ac3baf9,04/15/2022 01:27:00 PM,M,68.0,HELMET NOT USED,OTHER ACTION,IN CROSSWALK,TEST NOT OFFERED,,30,CLOUDY/OVERCAST,DAYLIGHT,PEDALCYCLIST,T-INTERSECTION,STRAIGHT AND LEVEL,WET,INJURY AND / OR TOW DUE TO CRASH,31ST ST,41.8380474865,-87.6543234679,POINT (-87.654323467916 41.838047486467)
O1317902,BICYCLE,2e69711305c6a3504d30beb2ccba212dcba43dfc393f1c850ba4b37c76f8a1d11cb4ca03a8cf1c2e43482e897c823fa4e81b85edb31c8da35022019b0f6422a1,04/15/2022 12:45:00 PM,M,23.0,BICYCLE HELMET (PEDACYCLIST INVOLVED ONLY),NO ACTION,BIKE LANE,TEST NOT OFFERED,,30,CLEAR,DAYLIGHT,PEDALCYCLIST,NOT DIVIDED,STRAIGHT AND LEVEL,DRY,INJURY AND / OR TOW DUE TO CRASH,DAMEN AVE,41.9119712308,-87.6773519357,POINT (-87.677351935704 41.911971230797)
O1317811,BICYCLE,e588b10d645325dfc8260c906d0499287364bf331fe73fcdef9d05ef7f9b95ac3fc350c7f6f5bd333d61944e0f304cc70dcbba5c5836969f8d2cda92880f17e6,04/15/2022 11:05:00 AM,M,24.0,HELMET NOT USED,WITH TRAFFIC,BIKE LANE,TEST NOT OFFERED,,30,CLEAR,DAYLIGHT,PEDALCYCLIST,NOT DIVIDED,STRAIGHT AND LEVEL,DRY,INJURY AND / OR TOW DUE TO CRASH,CLARK ST,41.9495336411,-87.6585612231,POINT (-87.658561223096 41.949533641108)
O1318287,BICYCLE,7cbce542b9e5cdc9f6fd3728f5b414f9fb7fceaa7b4860d79ea1e276cbc737ed81ddbafca3fe3918a69bf66b10ff3f5d6478a00b3e3a34bae145d9f4fbecc231,04/15/2022 11:00:00 AM,M,49.0,HELMET NOT USED,UNKNOWN/NA,IN ROADWAY,TEST NOT OFFERED,,30,CLEAR,DAYLIGHT,PEDALCYCLIST,T-INTERSECTION,STRAIGHT AND LEVEL,UNKNOWN,INJURY AND / OR TOW DUE TO CRASH,ELSTON AVE,41.9114768711,-87.6628875799,POINT (-87.662887579875 41.911476871147)
O1317602,BICYCLE,b4305c1d3181a9dc5913d4f5c00d5264faac75fcb3a127d4ca98542085bf94d7123105f0bcdb8ff26e74028604b6dff1c54268793848cb0d1d632d8e5002b9e6,04/14/2022 10:13:00 PM,F,25.0,HELMET NOT USED,TURNING RIGHT,IN ROADWAY,TEST NOT OFFERED,,25,CLEAR,"DARKNESS, LIGHTED ROAD",PEDALCYCLIST,FOUR WAY,STRAIGHT AND LEVEL,DRY,INJURY AND / OR TOW DUE TO CRASH,WESTERN AVE,41.917103631,-87.687248767,POINT (-87.687248767006 41.917103631009)
O1317593,BICYCLE,e9e0cef96b0a39fc64781e48b64889f2de0cb616828c9460e815d97f03996689492d4e1d925cc8ecd7e77af6b321228f3198dc45194e365191ac8ea1ea985591,04/14/2022 10:00:00 PM,F,24.0,HELMET NOT USED,OTHER ACTION,IN ROADWAY,,,30,CLEAR,"DARKNESS, LIGHTED ROAD",PEDALCYCLIST,NOT DIVIDED,STRAIGHT AND LEVEL,DRY,NO INJURY / DRIVE AWAY,CLYBOURN AVE,41.9223338837,-87.6651857846,POINT (-87.665185784559 41.922333883729)
O1317449,BICYCLE,be17e350bfa31436a8627f11cf2b527596ff2371a83842aacd731eb43a620fc5748f8a216a18bfedbb8fd68ebe342363212efd4d9d5ff8e51d8c9579b02996e7,04/14/2022 04:12:00 PM,M,27.0,BICYCLE HELMET (PEDACYCLIST INVOLVED ONLY),CROSSING - AGAINST SIGNAL,IN CROSSWALK,TEST NOT OFFERED,,30,CLEAR,DAYLIGHT,PEDALCYCLIST,FOUR WAY,STRAIGHT AND LEVEL,DRY,INJURY AND / OR TOW DUE TO CRASH,WABASH AVE,41.8866347195,-87.6264729652,POINT (-87.626472965242 41.886634719516)
O1317401,BICYCLE,81afaecda1d1304106734a7497b0f7ab965bd232cb87607fa2d88810b5d5109824c14d497622ca66284ea7dd3962f52ff5c3fc98e11b46620aa78634ba72ce22,04/14/2022 03:45:00 PM,M,54.0,BICYCLE HELMET (PEDACYCLIST INVOLVED ONLY),TURNING LEFT,IN ROADWAY,TEST NOT OFFERED,,30,CLEAR,DAYLIGHT,PEDALCYCLIST,NOT DIVIDED,STRAIGHT AND LEVEL,DRY,NO INJURY / DRIVE AWAY,SHERIDAN RD,41.9544452409,-87.6543964835,POINT (-87.6543964835 41.954445240919)
O1317361,BICYCLE,a494958b858dff236d5100de37d3f6ed593306e8d52adcb2f1097763264c74513f55edfd2d6dee1d6d9db196cf6e434d2c6d16f7cfda910c6452b8c28dc72775,04/14/2022 03:45:00 PM,M,,BICYCLE HELMET (PEDACYCLIST INVOLVED ONLY),WITH TRAFFIC,IN ROADWAY,,,30,CLEAR,DAYLIGHT,PEDALCYCLIST,T-INTERSECTION,STRAIGHT AND LEVEL,DRY,NO INJURY / DRIVE AWAY,PULASKI RD,41.940144386,-87.7273583205,POINT (-87.727358320469 41.940144386031)
O1317247,BICYCLE,45eec3af7c02d5863f34b115b231e02199766eecbeae8870c989ff6b4a44c84a30e20859099ba1733af8993179753d76e7d14500d8d583cbb3918b821e7cc271,04/14/2022 12:11:00 PM,M,,HELMET NOT USED,NOT AT INTERSECTION,IN ROADWAY,TEST NOT OFFERED,,25,CLEAR,DAYLIGHT,PEDALCYCLIST,ONE-WAY,STRAIGHT AND LEVEL,DRY,NO INJURY / DRIVE AWAY,59TH ST,41.7876702235,-87.5983948842,POINT (-87.598394884217 41.78767022355)
O1335644,BICYCLE,523f8a4fb3023c42b74dc5cd79e4f6dd8054c7f2a24167881bc83aed2f33315a86e5175ef7cef01fc048cfd95b4ebb0676d94951db05a4bdd2e9d0c2352f295f,04/13/2022 02:00:00 PM,M,61.0,HELMET NOT USED,WITH TRAFFIC,IN ROADWAY,TEST NOT OFFERED,,30,CLEAR,DAYLIGHT,PEDALCYCLIST,DIVIDED - W/MEDIAN (NOT RAISED),CURVE ON GRADE,DRY,INJURY AND / OR TOW DUE TO CRASH,ARCHER AVE,41.8376256582,-87.6656048517,POINT (-87.665604851749 41.837625658202)
O1316527,NON-MOTOR VEHICLE,5799923ac7a22faf6152d5f9cb306696d41bdccee7c2b0be89c5d5792d158983f40b270ec59746826806f9376405769a6a6bb7b370473fe74c005bde4b548132,04/13/2022 09:00:00 AM,X,,USAGE UNKNOWN,,,TEST NOT OFFERED,Y,30,CLEAR,DAYLIGHT,OTHER OBJECT,DRIVEWAY,STRAIGHT AND LEVEL,DRY,NO INJURY / DRIVE AWAY,111TH ST,41.6929438328,-87.6044124434,POINT (-87.60441244343 41.692943832819)
O1341834,BICYCLE,a678291b44f5f3867609bce29013e3c6217275a74ce662d1760273594d61058297e342dfadb377ceac602cdb7a7157e62fd7937250cc56a3c5e1da5ab3418c97,04/13/2022 07:30:00 AM,M,71.0,HELMET NOT USED,CROSSING - WITH SIGNAL,IN ROADWAY,TEST NOT OFFERED,,30,CLEAR,DAWN,PEDALCYCLIST,FOUR WAY,STRAIGHT AND LEVEL,DRY,INJURY AND / OR TOW DUE TO CRASH,SHIELDS AVE,41.8380956267,-87.6354628209,POINT (-87.63546282093 41.838095626749)
O1316421,BICYCLE,dab79ab7a06f50af4e152c7224fb5cbb499cb09f5b6bc10d016dcd7fc4ae296892a8f9b652c6889b23170d2350e8bc064966bb9ec54720a67ff0e085218e0008,04/12/2022 07:39:00 PM,M,31.0,BICYCLE HELMET (PEDACYCLIST INVOLVED ONLY),OTHER ACTION,IN ROADWAY,TEST NOT OFFERED,,30,RAIN,DARKNESS,PEDALCYCLIST,NOT DIVIDED,STRAIGHT AND LEVEL,WET,INJURY AND / OR TOW DUE TO CRASH,31ST ST,41.8382159984,-87.6414801026,POINT (-87.641480102592 41.838215998403)
O1316370,BICYCLE,7f9ca52526a890a64e6382a14527bc279fa0d8f6c44b395f6db4bcd93dfd9328d59a6f940e4fa527a8d87023d3fb349354b0b8d2ae23b3ce788561e0093069ed,04/12/2022 06:48:00 PM,M,37.0,BICYCLE HELMET (PEDACYCLIST INVOLVED ONLY),CROSSING - NO CONTROLS (AT INTERSECTION),IN ROADWAY,,,30,CLEAR,DUSK,PEDALCYCLIST,FOUR WAY,STRAIGHT AND LEVEL,DRY,NO INJURY / DRIVE AWAY,MILWAUKEE AVE,41.8975100919,-87.6576021228,POINT (-87.657602122759 41.897510091927)
O1316341,BICYCLE,837de402dd37eec7d5008c816cd4cc40d115fb3e8c35b78680fbe38a5c8a19b118ccfdecbd7fd61fd9bd23f8585005d4c3c3417fd2a5e3deae87e20d5bfa37f5,04/12/2022 05:45:00 PM,F,26.0,HELMET NOT USED,WITH TRAFFIC,IN ROADWAY,TEST NOT OFFERED,,30,CLEAR,DAYLIGHT,PEDALCYCLIST,DIVIDED - W/MEDIAN (NOT RAISED),STRAIGHT AND LEVEL,DRY,INJURY AND / OR TOW DUE TO CRASH,MILWAUKEE AVE,41.9120188186,-87.6797756326,POINT (-87.679775632606 41.912018818573)
O1316335,BICYCLE,268ffe2924b53ab909c6cb569623caec6aa2c9dfdc87c60f87ddd17f567c0bc9e911934d5834cd254728438eb24f4282a4522b115a5fc2412e6b91dc8bde1543,04/12/2022 04:30:00 PM,F,21.0,HELMET NOT USED,OTHER ACTION,DRIVEWAY ACCESS,TEST NOT OFFERED,,30,CLEAR,DAYLIGHT,PEDALCYCLIST,DRIVEWAY,STRAIGHT AND LEVEL,DRY,INJURY AND / OR TOW DUE TO CRASH,WESTERN AVE,41.9500572909,-87.6884969654,POINT (-87.688496965449 41.950057290929)
O1316061,BICYCLE,2a26aef0bcc85fa07de9cb1d5a6fe0ed9d1958a431220baa03cf5c121a8706fc826c663cd5f60a0f8d1d6b0a82f7306566735249278df0464c167f1d0fb5f03f,04/12/2022 10:45:00 AM,M,69.0,BICYCLE HELMET (PEDACYCLIST INVOLVED ONLY),TURNING LEFT,IN ROADWAY,TEST NOT OFFERED,,30,CLEAR,DAYLIGHT,PEDALCYCLIST,NOT DIVIDED,STRAIGHT AND LEVEL,DRY,INJURY AND / OR TOW DUE TO CRASH,DEVON AVE,41.997463981,-87.7876102434,POINT (-87.787610243414 41.997463981029)
O1315958,BICYCLE,0ae25f5348afdb9f62804c99be4083296067f971e443db1e157d11b703066f573416ab2af0deaa7a65a7d58e0d89b9d60d6eaa4f5f6033cd7c36b32f7d6c361c,04/12/2022 12:12:00 AM,M,61.0,HELMET NOT USED,UNKNOWN/NA,UNKNOWN/NA,TEST NOT OFFERED,Y,30,CLEAR,UNKNOWN,PEDALCYCLIST,UNKNOWN INTERSECTION TYPE,STRAIGHT AND LEVEL,DRY,INJURY AND / OR TOW DUE TO CRASH,COTTAGE GROVE AVE,41.7238602893,-87.6043647208,POINT (-87.604364720842 41.72386028931)
O1315949,BICYCLE,fe23bcfc3aea36dcdf0a7b96177420712331fa2e35898798456097fe5f64fceac557ae4592c87e60968e83e812aa28b635485310aeba96ecd3ced524f7ee7145,04/11/2022 11:55:00 PM,M,36.0,HELMET NOT USED,AGAINST TRAFFIC,IN ROADWAY,TEST NOT OFFERED,,30,CLEAR,"DARKNESS, LIGHTED ROAD",PEDALCYCLIST,ONE-WAY,STRAIGHT AND LEVEL,DRY,INJURY AND / OR TOW DUE TO CRASH,ONTARIO ST,41.8933377372,-87.6312444962,POINT (-87.631244496213 41.893337737184)
O1315929,BICYCLE,1162bb012825c08d27d7f5ed11868130a6aba73d73f347dfdfbe93d36b4f1786306b5c92c385330a2a433230ad88897e32987c294e3482a5bac644f4cba97e3a,04/11/2022 10:48:00 PM,M,21.0,HELMET NOT USED,STANDING IN ROADWAY,BIKE LANE,TEST NOT OFFERED,,30,CLEAR,"DARKNESS, LIGHTED ROAD",PEDALCYCLIST,DIVIDED - W/MEDIAN BARRIER,STRAIGHT AND LEVEL,DRY,INJURY AND / OR TOW DUE TO CRASH,OGDEN AVE,41.865086677,-87.6858108605,POINT (-87.685810860514 41.865086677009)
O1315691,BICYCLE,ddd7ac9218029bc7b626859c83809e38de9c06abfaa7638d415103be76f22211d1413f899f8033b0b61c66a422ec36c748282a33ad58677a79cbe025f51c4b01,04/11/2022 03:05:00 PM,M,16.0,HELMET NOT USED,CROSSING - WITH SIGNAL,IN CROSSWALK,TEST NOT OFFERED,,30,CLEAR,DAYLIGHT,PEDALCYCLIST,NOT DIVIDED,STRAIGHT AND LEVEL,DRY,INJURY AND / OR TOW DUE TO CRASH,AVENUE L,41.7026480061,-87.5366387351,POINT (-87.536638735138 41.702648006115)
O1315384,BICYCLE,30b4330c8ff16570d30082ee4ccbdb66a9253c3d398e9910364fcb6b438eb9b36637465076caf5f11d1264afae14bbcd10d6d9fa2db0a0ef8a0a5cf48876601c,04/10/2022 05:30:00 PM,M,,BICYCLE HELMET (PEDACYCLIST INVOLVED ONLY),WITH TRAFFIC,IN ROADWAY,"TEST PERFORMED, RESULTS UNKNOWN",,30,CLEAR,DAYLIGHT,PEDALCYCLIST,NOT DIVIDED,STRAIGHT AND LEVEL,DRY,INJURY AND / OR TOW DUE TO CRASH,CENTRAL PARK AVE,41.9614395607,-87.718200732,POINT (-87.718200731988 41.961439560732)
O1315154,BICYCLE,0149f41a13916d8464406625bd80e02506517565533fd79e05f4ad4eecc72006166e205547f4ca8d450ea08ffd640ec8190844d39469de85c4e155076f2383ab,04/10/2022 01:00:00 PM,F,16.0,HELMET NOT USED,CROSSING - WITH SIGNAL,IN ROADWAY,TEST NOT OFFERED,Y,30,CLEAR,DAYLIGHT,PEDALCYCLIST,NOT DIVIDED,STRAIGHT AND LEVEL,UNKNOWN,INJURY AND / OR TOW DUE TO CRASH,COMMERCIAL AVE,41.7372855719,-87.5515751443,POINT (-87.551575144327 41.73728557189)
O1314696,BICYCLE,34f4347cbb71d31b565d10a30ebff1d8d966aedfccc918879265824002d1227917239abf1cb1b7b648352cce3b44ef85d10abfd6bc1926ad8943dc168d6cb321,04/09/2022 05:00:00 PM,M,27.0,BICYCLE HELMET (PEDACYCLIST INVOLVED ONLY),CROSSING - NO CONTROLS (NOT AT INTERSECTION),BIKE LANE,TEST NOT OFFERED,,30,CLEAR,DAYLIGHT,PEDALCYCLIST,ONE-WAY,STRAIGHT AND LEVEL,DRY,NO INJURY / DRIVE AWAY,RANDOLPH ST,41.8846081309,-87.625351202,POINT (-87.625351202033 41.884608130894)
O1314591,BICYCLE,5ef7aa8ab938d0ea7e184d2345a280b6ee2417422d742aa9bdd68e833bfccfed24340cb661a77141b8a85c9c175d66cd7204263cc9f463854b4b2623c21f29cf,04/09/2022 02:00:00 PM,M,19.0,HELMET NOT USED,ENTER FROM DRIVE/ALLEY,UNKNOWN/NA,TEST NOT OFFERED,,30,CLEAR,DAYLIGHT,PEDALCYCLIST,NOT DIVIDED,STRAIGHT AND LEVEL,DRY,INJURY AND / OR TOW DUE TO CRASH,OAK PARK AVE,41.9240821974,-87.7954045001,POINT (-87.795404500099 41.924082197416)
O1314484,BICYCLE,fc2dbd3b81de1aaf3755b0de55a87c2daab7d6d63a8717c132b8d083a20c5a5f45dae09061aba06f2b85cfed99f464077630bf20998c3cc1d29ad3da0c28334f,04/09/2022 10:20:00 AM,M,19.0,HELMET NOT USED,OTHER ACTION,DRIVEWAY ACCESS,,,30,CLEAR,DAYLIGHT,PEDALCYCLIST,DRIVEWAY,STRAIGHT AND LEVEL,DRY,INJURY AND / OR TOW DUE TO CRASH,47TH ST,41.8075340261,-87.742814936,POINT (-87.742814935981 41.807534026094)
O1314266,BICYCLE,1a2b8811491c8c99d81192eaaa8206de4c1c45dcc2f26a652fbe3e525ac0e0f08c686e56c75ca6ed50c86edc8b8b08af123e7963a82fd58f7ff12299d89e845d,04/09/2022 01:44:00 AM,M,39.0,HELMET NOT USED,UNKNOWN/NA,IN CROSSWALK,TEST NOT OFFERED,,30,RAIN,"DARKNESS, LIGHTED ROAD",PEDALCYCLIST,FOUR WAY,STRAIGHT AND LEVEL,WET,INJURY AND / OR TOW DUE TO CRASH,WESTERN AVE,41.7991273897,-87.6843186734,POINT (-87.68431867338 41.799127389719)
O1314164,BICYCLE,b20bfae3ed7c3771c11d681e7b2ccc889a5f10eb3c7620b3c45d0425ba85174c32c4f573f0d1dc86d430f0e87e4f46718dbf9d7fc14b987c12d4c5e400695870,04/08/2022 08:20:00 PM,M,26.0,BICYCLE HELMET (PEDACYCLIST INVOLVED ONLY),TURNING RIGHT,IN ROADWAY,,,35,RAIN,"DARKNESS, LIGHTED ROAD",PEDALCYCLIST,FOUR WAY,STRAIGHT AND LEVEL,WET,NO INJURY / DRIVE AWAY,LINCOLN AVE,41.9341688171,-87.6611754225,POINT (-87.661175422464 41.934168817096)
O1313845,BICYCLE,09b1ea5aa26f1080d61698158f3f92cce849fdf74ac38b7b7ad6fd82d097845b3029709fd759a05c99c4c60b63ec199c1dd8e17fb36a2ed4daf5caa489745ed5,04/08/2022 02:10:00 PM,M,23.0,HELMET NOT USED,CROSSING - WITH SIGNAL,IN ROADWAY,TEST NOT OFFERED,,20,RAIN,DAYLIGHT,PEDALCYCLIST,NOT DIVIDED,STRAIGHT AND LEVEL,WET,INJURY AND / OR TOW DUE TO CRASH,ESTES AVE,42.0116359595,-87.6680990878,POINT (-87.668099087818 42.011635959539)
O1313802,BICYCLE,ea9059124af22877c0ccb5f57e7186d8e9b72ddc576ce4dc12f0649d6b7a727673ab1cbf05ca56ad24d4327bb44d45e4f64f3a4560123282e9c4119d9a74a429,04/08/2022 01:15:00 PM,M,28.0,HELMET NOT USED,OTHER ACTION,IN CROSSWALK,TEST NOT OFFERED,,30,CLEAR,DAYLIGHT,PEDALCYCLIST,FOUR WAY,STRAIGHT AND LEVEL,WET,INJURY AND / OR TOW DUE TO CRASH,LA SALLE DR,41.8900424297,-87.6326946813,POINT (-87.632694681299 41.890042429682)
O1313793,BICYCLE,70600a43aac5c586f1b11043b6744889c30ad196ebf1a48e29f1de93380fc77dbcaff08ae2f3a7864a86528217c7f57645d60ecc6a6267695b093eab6460a141,04/08/2022 12:25:00 PM,M,54.0,HELMET NOT USED,WITH TRAFFIC,IN ROADWAY,TEST NOT OFFERED,,30,RAIN,DAYLIGHT,PEDALCYCLIST,NOT DIVIDED,STRAIGHT AND LEVEL,WET,INJURY AND / OR TOW DUE TO CRASH,WOLCOTT AVE,41.9327319564,-87.6758492694,POINT (-87.675849269447 41.932731956407)
O1314018,BICYCLE,f923024d1e1c54b9ffd8b7d2545058de5e4f315f643746979aa64b3d1b43f21b1cf8c8708d1e0560cae0256d9ac5d7546d50b6b746476253e6fb1b29dae352f0,04/08/2022 05:40:00 AM,M,24.0,BICYCLE HELMET (PEDACYCLIST INVOLVED ONLY),CROSSING - WITH SIGNAL,IN ROADWAY,TEST NOT OFFERED,,30,CLOUDY/OVERCAST,"DARKNESS, LIGHTED ROAD",PEDALCYCLIST,NOT DIVIDED,STRAIGHT AND LEVEL,WET,INJURY AND / OR TOW DUE TO CRASH,HALSTED ST,41.884546961,-87.64758764,POINT (-87.647587639978 41.884546961039)