PERSON_ID,PERSON_TYPE,CRASH_RECORD_ID,CRASH_DATE_x,SEX,AGE,SAFETY_EQUIPMENT,PEDPEDAL_ACTION,PEDPEDAL_LOCATION,BAC_RESULT,CRASH_DATE_EST_I,POSTED_SPEED_LIMIT,WEATHER_CONDITION,LIGHTING_CONDITION,FIRST_CRASH_TYPE,TRAFFICWAY_TYPE,ALIGNMENT,ROADWAY_SURFACE_COND,CRASH_TYPE,STREET_NAME,LATITUDE,LONGITUDE,LOCATION
O1313593,BICYCLE,006362e68efdae1f962048f96a43ad9c2030ea973017de3f07909cc79c35de3e4b9e880d0e593d8531e02aca0675f2da4d4cf0f9bb26201845620b256545baca,04/08/2022 05:30:00 AM,M,,HELMET NOT USED,CROSSING - AGAINST SIGNAL,IN ROADWAY,TEST NOT OFFERED,,30,RAIN,"DARKNESS, LIGHTED ROAD",PEDALCYCLIST,FOUR WAY,STRAIGHT AND LEVEL,WET,NO INJURY / DRIVE AWAY,RANDOLPH ST,41.8845154584,-87.6474973003,POINT (-87.647497300321 41.884515458362)
O1313355,BICYCLE,66b18d6719d0fc73ca0b5ce6d7ae237a737cae6e8ecb505ce78b70a09d1bcbe69befbd526fafd397b3640b6d70af08d3fe799af0836d2073a71640f0a4451eb9,04/07/2022 06:19:00 PM,M,18.0,HELMET NOT USED,WITH TRAFFIC,BIKEWAY,TEST NOT OFFERED,,30,RAIN,DAYLIGHT,PEDALCYCLIST,NOT DIVIDED,STRAIGHT AND LEVEL,WET,INJURY AND / OR TOW DUE TO CRASH,HALSTED ST,41.8324713235,-87.6462910487,POINT (-87.646291048653 41.832471323546)
O1313607,BICYCLE,d2570c05a01be7d020413eab1036dc7d1b4c5cfcca349f44023254fbceb4bd10da1e873f441246bc4b3d73cd658d3176f260e8b46c9e87cff4da5d0aa131fdeb,04/07/2022 05:45:00 PM,M,,HELMET NOT USED,WITH TRAFFIC,BIKE LANE,TEST NOT OFFERED,,30,CLOUDY/OVERCAST,DAYLIGHT,PEDALCYCLIST,DIVIDED - W/MEDIAN (NOT RAISED),STRAIGHT AND LEVEL,DRY,NO INJURY / DRIVE AWAY,SOUTHPORT AVE,41.9426161054,-87.6637480784,POINT (-87.663748078351 41.942616105423)
O1312992,BICYCLE,02557090e6c8d28e27ad676d4c11a53572b39cd2686e2ef6eac1609db365da014bffba7bec8c02e98281ba151066a02e1dfe60a85f7dd03812174e2f8d937358,04/07/2022 08:25:00 AM,M,26.0,BICYCLE HELMET (PEDACYCLIST INVOLVED ONLY),WITH TRAFFIC,IN ROADWAY,TEST NOT OFFERED,,30,RAIN,DAYLIGHT,PEDALCYCLIST,DIVIDED - W/MEDIAN (NOT RAISED),STRAIGHT AND LEVEL,WET,INJURY AND / OR TOW DUE TO CRASH,ARCHER AVE,41.8241128537,-87.6881350359,POINT (-87.688135035871 41.824112853701)
O1313660,BICYCLE,dfadb3210079d7dfccb0c6990a172a29eaa0584efbe3ea59d7a1db898eefa016e3446f5b1016802a564296156189980f0b2d5a3fba3329e12f194bf816dcf752,04/06/2022 06:20:00 PM,F,39.0,BICYCLE HELMET (PEDACYCLIST INVOLVED ONLY),NO ACTION,IN ROADWAY,TEST NOT OFFERED,,30,CLEAR,"DARKNESS, LIGHTED ROAD",PEDALCYCLIST,ONE-WAY,STRAIGHT AND LEVEL,DRY,INJURY AND / OR TOW DUE TO CRASH,KINZIE ST,41.8891351093,-87.649051663,POINT (-87.649051662977 41.889135109268)
O1312750,BICYCLE,54ccea959ae83775f4e27e1788749eca642e09f73eec4d8355eb40b8be41b30225c3e85b379af6b3da5e7c9eb40a27f00f55f474a6fcfab4d2da14573742abee,04/06/2022 05:11:00 PM,M,81.0,HELMET NOT USED,CROSSING - AGAINST SIGNAL,IN CROSSWALK,TEST NOT OFFERED,,30,RAIN,DAYLIGHT,PEDALCYCLIST,NOT DIVIDED,STRAIGHT AND LEVEL,WET,INJURY AND / OR TOW DUE TO CRASH,LA SALLE ST,41.8382270062,-87.6301726407,POINT (-87.630172640708 41.838227006243)
O1312273,BICYCLE,7c510582ab10369a7ae9201d6512ca1f94a066cabfe99ae7af5c148ad7372e45d6ca91fa104d3e685ac23db6aabb65874b29529ce643922b2cb08e9599a3ad1f,04/05/2022 09:43:00 PM,M,27.0,BICYCLE HELMET (PEDACYCLIST INVOLVED ONLY),WITH TRAFFIC,BIKEWAY,TEST NOT OFFERED,,30,CLEAR,UNKNOWN,PEDALCYCLIST,UNKNOWN,STRAIGHT AND LEVEL,DRY,INJURY AND / OR TOW DUE TO CRASH,CLARENDON AVE,41.9626997557,-87.6500836909,POINT (-87.650083690873 41.962699755706)
O1313657,BICYCLE,35e5a41bfe5bf07dc6cbc2f54f8fe2b67782fa56712b3fec5fe834f3593368c1161eb68a5219d646e415b711c78de505d9922e7e37339a86304c9ac0653d1882,04/05/2022 09:30:00 PM,M,,BICYCLE HELMET (PEDACYCLIST INVOLVED ONLY),WITH TRAFFIC,IN ROADWAY,TEST NOT OFFERED,,30,CLEAR,"DARKNESS, LIGHTED ROAD",PEDALCYCLIST,FOUR WAY,STRAIGHT AND LEVEL,DRY,INJURY AND / OR TOW DUE TO CRASH,LEAVITT ST,41.8694899864,-87.6813662606,POINT (-87.681366260629 41.869489986364)
O1312692,BICYCLE,570845b50e8cfd6665aee7efa575476fc5a67254f612ce39b025e94b738db52fff4d2a80d381fa7bdc7ce8ea384ee5dccf86848bb6836f56bbad8d24911c9529,04/04/2022 08:15:00 PM,M,17.0,HELMET NOT USED,CROSSING - CONTROLS PRESENT (NOT AT INTERSECTION),IN ROADWAY,TEST NOT OFFERED,,30,CLEAR,"DARKNESS, LIGHTED ROAD",PEDALCYCLIST,NOT DIVIDED,STRAIGHT AND LEVEL,DRY,INJURY AND / OR TOW DUE TO CRASH,PULASKI RD,41.7676877323,-87.7226308451,POINT (-87.72263084508 41.767687732304)
O1311293,BICYCLE,e2927dfae447e09aaa06a686f301f76a97329607ee73cf9696a6657060ef87cd94e9eea445859b0668ea7198885c8a209b2b7931c6c4d8e2717556962f9572d1,04/04/2022 09:57:00 AM,M,26.0,BICYCLE HELMET (PEDACYCLIST INVOLVED ONLY),CROSSING - NO CONTROLS (AT INTERSECTION),IN CROSSWALK,TEST NOT OFFERED,,20,CLOUDY/OVERCAST,DAYLIGHT,PEDALCYCLIST,DIVIDED - W/MEDIAN (NOT RAISED),STRAIGHT AND LEVEL,DRY,INJURY AND / OR TOW DUE TO CRASH,LAWRENCE AVE,41.9684420536,-87.696303579,POINT (-87.696303578973 41.968442053562)
O1311148,BICYCLE,670175f84825975f0926a4b2048f97749d9c3e2e31acc87a20432cbd57023f375ed7fbe530efda84b880e7bb0ea55efe3fcc51498a426ae6c3b1a8b8850229d0,04/04/2022 07:35:00 AM,M,31.0,HELMET NOT USED,STANDING IN ROADWAY,IN CROSSWALK,TEST NOT OFFERED,,30,CLEAR,DAYLIGHT,PEDALCYCLIST,NOT DIVIDED,STRAIGHT AND LEVEL,WET,NO INJURY / DRIVE AWAY,63RD ST,41.7785478711,-87.7228193118,POINT (-87.722819311822 41.778547871129)
O1310998,BICYCLE,65c7d4d1300acc99e61e9790b92f7a8ae2d3eaa76bd6fd6a34466a2d4afdbf9dc0c38681a013a9a5df93ee29aa5cff209d0c311701f0ce06ba1d2211e92c65ae,04/03/2022 08:29:00 PM,M,53.0,HELMET NOT USED,NOT AT INTERSECTION,IN ROADWAY,TEST NOT OFFERED,,30,CLEAR,"DARKNESS, LIGHTED ROAD",PEDALCYCLIST,DIVIDED - W/MEDIAN BARRIER,STRAIGHT AND LEVEL,DRY,INJURY AND / OR TOW DUE TO CRASH,MADISON ST,41.8803545563,-87.7649481363,POINT (-87.764948136348 41.880354556326)
O1310859,BICYCLE,efc7e11b6927a73e0ec53c8e94a0b2f6e4b8e43d43eed22a9a31ba71e24990013f864bf3171f3ec4939472651fab8c73ac5fc8539aab3a7d28a964982b8b5780,04/03/2022 03:08:00 PM,M,27.0,HELMET NOT USED,UNKNOWN/NA,IN ROADWAY,TEST NOT OFFERED,,30,CLEAR,DAYLIGHT,PEDALCYCLIST,ONE-WAY,STRAIGHT AND LEVEL,DRY,NO INJURY / DRIVE AWAY,57TH ST,41.7906675879,-87.6525075446,POINT (-87.652507544593 41.790667587948)
O1310546,BICYCLE,95c55b32abd10db47fbef5a274bba38af10f54b27ee02f3de02cb30becb5ec03bba06d4ff3a65bb43a18426fd915b3a405a2736da39566310b852c95ca289e59,04/03/2022 03:30:00 AM,M,18.0,HELMET NOT USED,TURNING RIGHT,IN ROADWAY,TEST NOT OFFERED,,30,CLEAR,"DARKNESS, LIGHTED ROAD",PEDALCYCLIST,NOT DIVIDED,STRAIGHT AND LEVEL,WET,INJURY AND / OR TOW DUE TO CRASH,56TH ST,41.7919117579,-87.6847036733,POINT (-87.684703673311 41.791911757925)
O1310482,BICYCLE,d6313134e9eac8e2cf1b415ca16fb17b358a6e94241e182e27874a8f465e61f1cd1a11c426c4bf0b94964bb032fb1815f496739106de42cfa009f4fc88959abd,04/03/2022 12:30:00 AM,M,32.0,HELMET NOT USED,WITH TRAFFIC,IN ROADWAY,TEST NOT OFFERED,,30,CLEAR,"DARKNESS, LIGHTED ROAD",PEDALCYCLIST,FOUR WAY,STRAIGHT AND LEVEL,DRY,INJURY AND / OR TOW DUE TO CRASH,MADISON ST,41.8803897735,-87.745152736,POINT (-87.745152735985 41.880389773538)
O1309936,BICYCLE,783ca2408d97554127accc03f479b20a317419b7678de0b322b24376bc815d095480ca9d180f80262812d47f25a803aab2797c7e16f42548898c79f14480af58,04/02/2022 08:30:00 AM,M,26.0,BICYCLE HELMET (PEDACYCLIST INVOLVED ONLY),WITH TRAFFIC,BIKE LANE,TEST NOT OFFERED,,30,CLOUDY/OVERCAST,DAYLIGHT,PEDALCYCLIST,NOT DIVIDED,STRAIGHT AND LEVEL,DRY,INJURY AND / OR TOW DUE TO CRASH,HALSTED ST,41.914417032,-87.6485142025,POINT (-87.648514202518 41.914417032034)
O1309656,BICYCLE,1cf2050ed0f0704554f273f68d5b85c761c89fd858b98765e2c4717124f1ead3742c0dd82c742dcb8cdb1521c139998c3ad94bd096605252e405f9191432c97c,04/01/2022 06:20:00 PM,F,20.0,BICYCLE HELMET (PEDACYCLIST INVOLVED ONLY),WITH TRAFFIC,UNKNOWN/NA,TEST NOT OFFERED,,30,CLEAR,DAYLIGHT,PEDALCYCLIST,NOT DIVIDED,STRAIGHT AND LEVEL,DRY,INJURY AND / OR TOW DUE TO CRASH,PULASKI RD,41.806935601,-87.7234099319,POINT (-87.723409931895 41.806935601048)
O1309145,BICYCLE,c7bb8feeb4c477af47169435f6ccf13bbee758b3ec8eb48077f73b721fcae360cc82d25c63ed85a90885e1289d95318b9cac57a859e9c97ef8548856d349d884,04/01/2022 08:15:00 AM,M,25.0,BICYCLE HELMET (PEDACYCLIST INVOLVED ONLY),CROSSING - CONTROLS PRESENT (NOT AT INTERSECTION),IN CROSSWALK,TEST NOT OFFERED,,30,CLEAR,DAYLIGHT,PEDALCYCLIST,NOT DIVIDED,STRAIGHT AND LEVEL,DRY,INJURY AND / OR TOW DUE TO CRASH,BELMONT AVE,41.9388524408,-87.736980572,POINT (-87.736980571951 41.938852440777)
O1309158,BICYCLE,5a08bc4a78c5bdab8e2d3c2aefafd258e82548ce0bf361566b8851ff373ab77cc807802315b607cc97f17e04942356da1f4095103bce630f48389fef5939e0b4,04/01/2022 07:53:00 AM,M,63.0,BICYCLE HELMET (PEDACYCLIST INVOLVED ONLY),UNKNOWN/NA,IN ROADWAY,TEST NOT OFFERED,,30,CLEAR,DAYLIGHT,PEDALCYCLIST,NOT DIVIDED,STRAIGHT AND LEVEL,DRY,INJURY AND / OR TOW DUE TO CRASH,JARLATH ST,42.0130839079,-87.6997807234,POINT (-87.699780723421 42.01308390793)
O1309034,NON-MOTOR VEHICLE,1169bb39236c764b269dacdfa1ec0427340f9296c04c99e68df9fbe395ceee80bb20e594473613d3f2c4eaf3aec7fbdbb7114425ab050896dcfa30f8892ca62a,04/01/2022 12:10:00 AM,X,,NONE PRESENT,,,TEST NOT OFFERED,,30,RAIN,"DARKNESS, LIGHTED ROAD",FIXED OBJECT,DIVIDED - W/MEDIAN BARRIER,STRAIGHT AND LEVEL,WET,INJURY AND / OR TOW DUE TO CRASH,NORTH AVE,41.9098156466,-87.7397054944,POINT (-87.7397054944 41.909815646644)
O1308982,BICYCLE,cc4c7d281d79b412e13f6e55e0a49349bcc26cfa48d93a59eab1666ede9a4267a0277bc13f8cc92197ccdba0666123b3091c8c6a08ea2a264a515b99f88abd18,03/31/2022 10:01:00 PM,M,26.0,BICYCLE HELMET (PEDACYCLIST INVOLVED ONLY),CROSSING - WITH SIGNAL,IN ROADWAY,TEST NOT OFFERED,,30,SLEET/HAIL,DARKNESS,PEDALCYCLIST,FOUR WAY,STRAIGHT AND LEVEL,WET,INJURY AND / OR TOW DUE TO CRASH,HUBBARD ST,41.8900607228,-87.6364618331,POINT (-87.636461833108 41.890060722783)
O1308970,BICYCLE,8965f141d1170023575efba0a72cb1ff7d00a3558dfed444a67075417e149d22bb419bd98b95bed8e578e9fa2789c153997efc998f29630eabe048959e752aca,03/31/2022 07:38:00 PM,M,13.0,BICYCLE HELMET (PEDACYCLIST INVOLVED ONLY),CROSSING - NO CONTROLS (AT INTERSECTION),IN CROSSWALK,TEST NOT OFFERED,,30,SNOW,"DARKNESS, LIGHTED ROAD",PEDALCYCLIST,FOUR WAY,STRAIGHT AND LEVEL,WET,INJURY AND / OR TOW DUE TO CRASH,BRYN MAWR AVE,41.9830807157,-87.7163163353,POINT (-87.71631633526 41.983080715735)
O1308662,BICYCLE,5df72546896d0fdb617acfbc4f0c39b8ed28aa9baed603a800ed76a49f2194c3fa6b850f12c798189e098c94171bfcbe12d10977bada034e15a57f825a45a626,03/31/2022 02:00:00 PM,M,16.0,BICYCLE HELMET (PEDACYCLIST INVOLVED ONLY),UNKNOWN/NA,IN ROADWAY,TEST NOT OFFERED,,30,CLEAR,DAYLIGHT,PEDALCYCLIST,OTHER,STRAIGHT AND LEVEL,DRY,NO INJURY / DRIVE AWAY,NARRAGANSETT AVE,41.9535941705,-87.7867318085,POINT (-87.78673180848 41.953594170549)
O1308295,BICYCLE,d0bf973f71c525083573e9530204cf6d1f541c2429670110f789021f33f8ed303b3ad8994f848afd784153617b6131e35e1616120f0808254431adef69a43bbe,03/30/2022 07:02:00 PM,M,25.0,BICYCLE HELMET (PEDACYCLIST INVOLVED ONLY),OTHER ACTION,BIKE LANE,TEST NOT OFFERED,,30,RAIN,"DARKNESS, LIGHTED ROAD",PEDALCYCLIST,NOT DIVIDED,STRAIGHT AND LEVEL,WET,NO INJURY / DRIVE AWAY,HARRISON ST,41.8743010445,-87.6390821213,POINT (-87.639082121332 41.874301044496)
O1309266,BICYCLE,bf150067d6e61e8f6519dcb70d8b4fe5f4fa4e54d0ab1a6184a1a5f67831bf8aa81a68d61b9a6fd4854f77e443a37e7f2a13b783078ad4bf3f63afae24ba02d6,03/30/2022 03:30:00 PM,M,,BICYCLE HELMET (PEDACYCLIST INVOLVED ONLY),WITH TRAFFIC,BIKE LANE,TEST NOT OFFERED,,30,RAIN,DAYLIGHT,PEDALCYCLIST,NOT DIVIDED,STRAIGHT ON GRADE,DRY,INJURY AND / OR TOW DUE TO CRASH,LINCOLN AVE,41.9366921877,-87.6642861986,POINT (-87.664286198578 41.936692187726)
O1308108,BICYCLE,042bb73a5b0a4a1b6879e399d643144e0476d66e733946d62b534b1452d705e302bd7de5d44199c2b84a89b5c3fac6f345e38f30aa2656b431f17cf2aa6b617a,03/30/2022 02:59:00 PM,M,56.0,BICYCLE HELMET (PEDACYCLIST INVOLVED ONLY),STANDING IN ROADWAY,IN ROADWAY,TEST NOT OFFERED,,30,RAIN,DAYLIGHT,PEDALCYCLIST,DRIVEWAY,STRAIGHT AND LEVEL,WET,NO INJURY / DRIVE AWAY,MADISON ST,41.8817375162,-87.6418080251,POINT (-87.641808025103 41.881737516212)
O1308393,BICYCLE,d816ea5c7ce239427273671ad14d0a8ee3ee509340ed3dade1ad17d4e0bff9d48699e934578a994c1ae9343653edc1be94270693fe7f22b27cb1b92be601d5a4,03/30/2022 02:00:00 PM,M,25.0,HELMET NOT USED,CROSSING - NO CONTROLS (AT INTERSECTION),UNKNOWN/NA,TEST NOT OFFERED,,30,RAIN,DAYLIGHT,PEDALCYCLIST,FOUR WAY,STRAIGHT AND LEVEL,WET,INJURY AND / OR TOW DUE TO CRASH,PEORIA ST,41.8831600281,-87.649884217,POINT (-87.649884217 41.883160028063)
O1307867,BICYCLE,c6cf196bdf1dd78fbce7d8beecdcfa270161b602a7aa80ecd09955473704daa999c91da3d3011d521cc0d264dac4467fe43c3bba51b963306bd00c357be268a5,03/30/2022 09:02:00 AM,F,38.0,HELMET NOT USED,CROSSING - WITH SIGNAL,IN ROADWAY,TEST NOT OFFERED,,20,CLOUDY/OVERCAST,DAYLIGHT,PEDALCYCLIST,NOT DIVIDED,STRAIGHT AND LEVEL,DRY,INJURY AND / OR TOW DUE TO CRASH,MARQUETTE RD,41.7728224338,-87.6297282069,POINT (-87.629728206947 41.772822433806)
O1306657,NON-MOTOR VEHICLE,83a74e62da65f74568ffb22e1743371cb0fb691300c39029930d254761dcf1f25cd118952e60f7203958e4b055fa67606cdff1c631ce95c6c248149883399b29,03/28/2022 08:50:00 AM,X,,NONE PRESENT,NO ACTION,IN ROADWAY,TEST NOT OFFERED,,30,CLEAR,DAYLIGHT,FIXED OBJECT,NOT DIVIDED,STRAIGHT AND LEVEL,DRY,NO INJURY / DRIVE AWAY,LAKE ST,41.8854349861,-87.6670880553,POINT (-87.667088055261 41.885434986143)
O1306313,BICYCLE,f2d8edfbf230099407a5915727148f73c688071c88804ad35915cbd2b276982d51a30cc536ae7be93480dd41883c0d7f6a3e548d15e8818e41aa7ca5798f9ee0,03/27/2022 05:23:00 PM,M,45.0,HELMET NOT USED,CROSSING - NO CONTROLS (AT INTERSECTION),IN ROADWAY,TEST NOT OFFERED,,30,CLEAR,DAYLIGHT,PEDALCYCLIST,FOUR WAY,STRAIGHT AND LEVEL,DRY,INJURY AND / OR TOW DUE TO CRASH,RACINE AVE,41.9361477079,-87.6589842027,POINT (-87.658984202748 41.936147707863)
O1306253,BICYCLE,832c884f75bdcaf9cd112a212286654378a7221b5e5432e5a28a76bd82d61307ad55c5a888c348d6f67e551af7db87fd5e5cc11ea80c9934979bd17eb56bd0d6,03/27/2022 04:00:00 PM,M,17.0,HELMET NOT USED,UNKNOWN/NA,UNKNOWN/NA,TEST NOT OFFERED,,25,CLEAR,DAYLIGHT,PEDALCYCLIST,NOT DIVIDED,STRAIGHT AND LEVEL,UNKNOWN,INJURY AND / OR TOW DUE TO CRASH,HARLEM AVE,41.9477943067,-87.8069466466,POINT (-87.806946646553 41.947794306654)
O1306190,BICYCLE,b944b7cc48db7e5d29f61af0b2daf424a95796dfbf95cd9474049572ccb96544d49f50ec9391a802d25d0fd4ce7d674baf6f69480d04ecd086a4ed656984b05c,03/27/2022 01:00:00 PM,M,,HELMET NOT USED,UNKNOWN/NA,UNKNOWN/NA,TEST NOT OFFERED,,30,UNKNOWN,DAYLIGHT,PEDALCYCLIST,NOT DIVIDED,STRAIGHT AND LEVEL,UNKNOWN,NO INJURY / DRIVE AWAY,LINCOLN AVE,41.947114622,-87.674027476,POINT (-87.674027475988 41.947114621969)
O1305764,BICYCLE,c2bdef5c7f2ad957c70f012e5ec706d99ce21e6b86af28d9b21ffed2843d3b6e9b1b817d462b1b57ce7015adddf6d070b2e27c56a69ca2530320cab28fbda609,03/26/2022 03:08:00 PM,M,34.0,HELMET NOT USED,NOT AT INTERSECTION,NOT IN ROADWAY,TEST NOT OFFERED,,30,CLEAR,DAYLIGHT,PEDALCYCLIST,DIVIDED - W/MEDIAN (NOT RAISED),STRAIGHT AND LEVEL,DRY,INJURY AND / OR TOW DUE TO CRASH,ADDISON ST,41.9465219711,-87.70775808,POINT (-87.707758079983 41.946521971142)
O1305734,NON-MOTOR VEHICLE,2f17b7068b2381e9a53b92c015941e39d2179c2c95dcbbdf4fc53192a492c879683d66236f3bf64c3e0ba82c07400cbf9c21692fc11ca930d2558b19b94f7f1d,03/26/2022 02:57:00 PM,,,NONE PRESENT,,,TEST NOT OFFERED,,30,CLEAR,DAYLIGHT,ANGLE,FOUR WAY,STRAIGHT AND LEVEL,DRY,INJURY AND / OR TOW DUE TO CRASH,OGDEN AVE,41.8580532553,-87.705555636,POINT (-87.705555636014 41.858053255297)
O1305649,NON-MOTOR VEHICLE,7e8bdd51edb2db8f7d14d15d810e3638efd317c999903ed0cb0a2009e7b9739b20111f3051489c8d487ab13781da96581f727ab4eed38e090bc17f0763cf1ec1,03/25/2022 07:00:00 PM,X,,USAGE UNKNOWN,UNKNOWN/NA,UNKNOWN/NA,TEST NOT OFFERED,,30,UNKNOWN,DARKNESS,OTHER NONCOLLISION,NOT DIVIDED,STRAIGHT AND LEVEL,UNKNOWN,NO INJURY / DRIVE AWAY,CICERO AVE,41.9621565193,-87.7477319249,POINT (-87.747731924918 41.962156519303)
O1306899,BICYCLE,839411bc45c294ee67415ba0b80064859239709a4d0b7bae429a997e877ce0e3677d0634cb994a3caf5394591b1f2dc8d1a93de1fa538a1ef91d0316c00a8b59,03/25/2022 05:30:00 PM,F,25.0,HELMET NOT USED,WITH TRAFFIC,IN ROADWAY,TEST NOT OFFERED,,30,CLEAR,DAYLIGHT,PEDALCYCLIST,DIVIDED - W/MEDIAN (NOT RAISED),STRAIGHT AND LEVEL,DRY,INJURY AND / OR TOW DUE TO CRASH,DAMEN AVE,41.9449351723,-87.6786481567,POINT (-87.67864815669 41.944935172253)
O1305166,BICYCLE,f6530ba62b5c98c25065dae4779f0303b6a201c5735a9c0c9b99731c003071096f61d3b3098e923f696e6e4eff7e612bf9edfe466e83ad65f4b978ca35cd18c1,03/25/2022 03:22:00 PM,M,34.0,BICYCLE HELMET (PEDACYCLIST INVOLVED ONLY),OTHER ACTION,UNKNOWN/NA,TEST NOT OFFERED,,20,CLEAR,DAYLIGHT,PEDALCYCLIST,NOT DIVIDED,STRAIGHT AND LEVEL,DRY,INJURY AND / OR TOW DUE TO CRASH,GLENWOOD AVE,42.0029437078,-87.6658080075,POINT (-87.665808007454 42.002943707781)
O1305176,BICYCLE,af832f1ac5d658f789ec5aafbeaa9f8e85f77397f8e8b6825714186adb3e0e3963db636534e4cd83164dc8c4c5862bd79d7c6b18bac40961e1011aeb2b7d2e8f,03/25/2022 03:20:00 PM,M,34.0,HELMET NOT USED,NO ACTION,IN ROADWAY,TEST NOT OFFERED,,30,CLEAR,DAYLIGHT,PEDALCYCLIST,ONE-WAY,STRAIGHT AND LEVEL,DRY,INJURY AND / OR TOW DUE TO CRASH,GLENWOOD AVE,42.0029437078,-87.6658080075,POINT (-87.665808007454 42.002943707781)
O1304767,BICYCLE,4b5c612f6d569702803c355dbb21aaaa506f85612bddbd68010bd84ca7fd30aab340ec4a521a074f4d90df162ac45b9378bd633f25cfa471b1ef3cbaa9ce2dd3,03/24/2022 10:06:00 PM,M,55.0,HELMET NOT USED,OTHER ACTION,IN ROADWAY,TEST NOT OFFERED,,30,RAIN,DUSK,PEDALCYCLIST,FOUR WAY,STRAIGHT AND LEVEL,WET,INJURY AND / OR TOW DUE TO CRASH,SHERIDAN RD,42.0180751891,-87.6658392182,POINT (-87.665839218168 42.018075189137)
O1305129,BICYCLE,29becd15319733670c7bc830644272eeb84f93c16a3e84a9ab6476b19fc7a2544d36761b3f8e62e55d9bcd95b2dd08a7e25446ec26dbc2be39784ee8cd7bd9ba,03/24/2022 05:30:00 PM,M,,HELMET NOT USED,CROSSING - NO CONTROLS (NOT AT INTERSECTION),IN CROSSWALK,TEST NOT OFFERED,,30,CLEAR,DAYLIGHT,PEDALCYCLIST,DIVIDED - W/MEDIAN (NOT RAISED),STRAIGHT AND LEVEL,DRY,NO INJURY / DRIVE AWAY,PULASKI RD,41.9364575782,-87.7272565349,POINT (-87.727256534862 41.936457578192)
O1304385,BICYCLE,38099e0174a7cfc497128e8de23ee422e511ef7bf3a440ede2f1ccc49e2ff06556c1cabef52f5a4de595570ff162d02d52f45d6e0a802a48db2f2d227b17c6a8,03/24/2022 12:31:00 PM,M,39.0,HELMET NOT USED,WITH TRAFFIC,BIKE LANE,TEST NOT OFFERED,,30,RAIN,DAYLIGHT,PEDALCYCLIST,NOT DIVIDED,STRAIGHT AND LEVEL,WET,INJURY AND / OR TOW DUE TO CRASH,DAMEN AVE,41.8995948314,-87.6773037365,POINT (-87.677303736498 41.899594831439)
O1304267,BICYCLE,d4bcdfa54ab1ff1b8906687a158134fabee5e10d6ed066b2536e82f0c80ba3412d56c21b8ca65448b5412657990d083dcfdbc114c3bfbb2c072d5424b3221100,03/24/2022 09:15:00 AM,M,30.0,HELMET NOT USED,CROSSING - WITH SIGNAL,IN CROSSWALK,TEST NOT OFFERED,,30,RAIN,DAYLIGHT,PEDALCYCLIST,T-INTERSECTION,STRAIGHT AND LEVEL,WET,INJURY AND / OR TOW DUE TO CRASH,31ST ST,41.8381310822,-87.6480356387,POINT (-87.648035638684 41.838131082209)
O1304648,BICYCLE,aa4f5db1d1996def4e8d65b90493bd89506a2ea27f40319dbd6acb1516b9e1806110acd7577ca484151e0339b54c8d40407e57dc6f2ef8a9c7956c2cd3a0b5e0,03/24/2022 09:00:00 AM,F,23.0,BICYCLE HELMET (PEDACYCLIST INVOLVED ONLY),WITH TRAFFIC,BIKEWAY,TEST NOT OFFERED,Y,30,FOG/SMOKE/HAZE,DAYLIGHT,PEDALCYCLIST,NOT DIVIDED,STRAIGHT AND LEVEL,WET,INJURY AND / OR TOW DUE TO CRASH,FRANKLIN ST,41.8827015274,-87.6351809371,POINT (-87.635180937084 41.882701527408)
O1303947,BICYCLE,c6e09087e08d6f5a9d8c93d9c052d796c0607a404431b76cd966f86f679fe0f4a0c70ac15345dc071c78b3809d00f472535fd5f490ee7d3b5ed4aca813842a8d,03/23/2022 04:30:00 PM,M,31.0,BICYCLE HELMET (PEDACYCLIST INVOLVED ONLY),WITH TRAFFIC,IN ROADWAY,TEST NOT OFFERED,,30,RAIN,DAYLIGHT,PEDALCYCLIST,NOT DIVIDED,STRAIGHT AND LEVEL,WET,INJURY AND / OR TOW DUE TO CRASH,AINSLIE ST,41.9705899427,-87.6857210852,POINT (-87.685721085205 41.970589942686)
O1303967,BICYCLE,7e73e37165c064f86685815adc1f693bd431c3e4eadb8f96b43eb4dc862cf591dfec53fa24e57d43cc5e7efde75bee521d4dc5965e23e90de4905ffe5bb325c1,03/23/2022 03:40:00 PM,F,66.0,HELMET NOT USED,CROSSING - CONTROLS PRESENT (NOT AT INTERSECTION),IN CROSSWALK,,,30,RAIN,DAYLIGHT,PEDALCYCLIST,OTHER,STRAIGHT AND LEVEL,WET,NO INJURY / DRIVE AWAY,SPRINGFIELD AVE,41.7741845887,-87.7203388248,POINT (-87.720338824779 41.77418458867)
O1303528,BICYCLE,2d065845feadc8b34523aa9094f5e949ca7cf9589bc52cf4ed3eab09494282334153f8c84204dc2906e896d1755b0deef5a4f11e373cf3ae7fe43a38251005f7,03/22/2022 08:18:00 PM,M,13.0,HELMET NOT USED,WITH TRAFFIC,IN ROADWAY,TEST NOT OFFERED,,30,CLEAR,"DARKNESS, LIGHTED ROAD",PEDALCYCLIST,NOT DIVIDED,STRAIGHT AND LEVEL,DRY,INJURY AND / OR TOW DUE TO CRASH,51ST ST,41.8004075978,-87.7258855476,POINT (-87.725885547638 41.800407597773)