PERSON_ID,PERSON_TYPE,CRASH_RECORD_ID,CRASH_DATE_x,SEX,AGE,SAFETY_EQUIPMENT,PEDPEDAL_ACTION,PEDPEDAL_LOCATION,BAC_RESULT,CRASH_DATE_EST_I,POSTED_SPEED_LIMIT,WEATHER_CONDITION,LIGHTING_CONDITION,FIRST_CRASH_TYPE,TRAFFICWAY_TYPE,ALIGNMENT,ROADWAY_SURFACE_COND,CRASH_TYPE,STREET_NAME,LATITUDE,LONGITUDE,LOCATION
O1303386,BICYCLE,e3398032a276c83670ea6ebb51ccb8300332a2390a992376af3b9f98ae0211e47c13e7c736181768ce97279f6facffe3262535ec18c7d7a7d2ce94638eb747bd,03/22/2022 04:00:00 PM,M,65.0,HELMET NOT USED,WITH TRAFFIC,BIKEWAY,TEST NOT OFFERED,,30,CLEAR,DAYLIGHT,PEDALCYCLIST,UNKNOWN,STRAIGHT AND LEVEL,DRY,INJURY AND / OR TOW DUE TO CRASH,DR MARTIN LUTHER KING JR DR,41.7837914741,-87.6158576657,POINT (-87.615857665732 41.783791474078)
O1302677,BICYCLE,f3655fe083f989121a623673aafed6ca5aec5c2a1b468d200e7b1330ae7bb0eb8e1c8545de5eba1f44d11a6fffc6d161e03de7ac15fa1becbe2604af202b3009,03/21/2022 03:00:00 PM,M,,BICYCLE HELMET (PEDACYCLIST INVOLVED ONLY),UNKNOWN/NA,UNKNOWN/NA,TEST NOT OFFERED,,15,CLEAR,DAYLIGHT,PEDALCYCLIST,ALLEY,STRAIGHT AND LEVEL,UNKNOWN,NO INJURY / DRIVE AWAY,PITTSBURGH AVE,41.9428724838,-87.8324991581,POINT (-87.832499158058 41.94287248381)
O1301945,BICYCLE,88281fceb068c89968b7975a5e1d1db57ae2c38f00148208ecdbed1b0eadf5a1380d1942d89c897dc66853b895f25a21c5684d082f740cadad92e9ef2e2eaddb,03/20/2022 03:30:00 AM,M,28.0,HELMET NOT USED,WITH TRAFFIC,IN ROADWAY,TEST NOT OFFERED,,35,CLEAR,DARKNESS,PEDALCYCLIST,NOT DIVIDED,STRAIGHT AND LEVEL,WET,INJURY AND / OR TOW DUE TO CRASH,DIVISION ST,41.9029341881,-87.7075519827,POINT (-87.707551982693 41.902934188128)
O1301715,BICYCLE,0c62018300ae0169d3e1d0808a08240f53df8b7ac6a7006a883eae4257f52f2362fb82d9d9e217d50db235b2785342fde6f65555b14e40e561155f160162a312,03/19/2022 08:39:00 PM,M,44.0,HELMET NOT USED,INTOXICATED PED/PEDAL,DRIVEWAY ACCESS,TEST NOT OFFERED,,30,RAIN,"DARKNESS, LIGHTED ROAD",PEDALCYCLIST,PARKING LOT,STRAIGHT AND LEVEL,WET,INJURY AND / OR TOW DUE TO CRASH,ARCHER AVE,41.7920854002,-87.7895275162,POINT (-87.789527516182 41.792085400173)
O1301639,BICYCLE,9a7d95a4cdf28fc174686553a786625a03f99e9566a40e823df6224d99997813ba2711f28cc9f8ee0b87f952f08a3a3fa205dc344146d80cc4214ccde98d4b72,03/19/2022 05:48:00 PM,M,71.0,HELMET NOT USED,ENTER FROM DRIVE/ALLEY,NOT IN ROADWAY,,,15,RAIN,DAYLIGHT,PEDALCYCLIST,NOT DIVIDED,STRAIGHT AND LEVEL,WET,NO INJURY / DRIVE AWAY,WOLCOTT AVE,41.8034906199,-87.6719809319,POINT (-87.671980931945 41.803490619874)
O1301598,BICYCLE,841b7bb1a66f29e6caf6165ace6f0192d1d521869331acad6b970b5a6dd7a26e2d1d1cc05186e66c30b9bbdfe05319eae8c604163e70f110a2fd2fe06a0df0de,03/19/2022 04:18:00 PM,M,32.0,BICYCLE HELMET (PEDACYCLIST INVOLVED ONLY),NO ACTION,BIKE LANE,TEST NOT OFFERED,,30,RAIN,DAYLIGHT,PEDALCYCLIST,DIVIDED - W/MEDIAN (NOT RAISED),STRAIGHT AND LEVEL,WET,INJURY AND / OR TOW DUE TO CRASH,AUGUSTA BLVD,41.8994445757,-87.6913588428,POINT (-87.691358842845 41.899444575738)
O1301461,BICYCLE,db24dc03055e47bed1be25b8d0caa25926ab2cf9161f6797c2cd53d66b008405d9eeb56926c66dedcb04fba327372604e720a38a1b37f1b79fca9284b15e9812,03/19/2022 02:35:00 PM,M,24.0,BICYCLE HELMET (PEDACYCLIST INVOLVED ONLY),CROSSING - WITH SIGNAL,BIKEWAY,TEST NOT OFFERED,,30,RAIN,DAYLIGHT,PEDALCYCLIST,NOT DIVIDED,STRAIGHT AND LEVEL,WET,INJURY AND / OR TOW DUE TO CRASH,CHICAGO AVE,41.8967860509,-87.6282808746,POINT (-87.62828087456 41.896786050908)
O1300960,BICYCLE,ca48029d51f4d1d99f3b7f32893a7e7d98df16b6f03d3aeed335697516e08c595040cd43fa5926a49c16292ec800a528b57e797a608fb84a24937580e3054817,03/18/2022 06:10:00 PM,M,32.0,HELMET NOT USED,WITH TRAFFIC,BIKEWAY,TEST NOT OFFERED,,35,RAIN,DUSK,PEDALCYCLIST,NOT DIVIDED,STRAIGHT AND LEVEL,WET,NO INJURY / DRIVE AWAY,HALSTED ST,41.9317570701,-87.6491246882,POINT (-87.649124688182 41.931757070123)
O1300802,BICYCLE,9ddb835f813f6670bae433f05a2cf81d1daf55d7e201e4f1b989463e72bcbf82e0e8566e117febe8cfc81b76448d0815475505fc648ff6084131f6c2a083983d,03/18/2022 03:26:00 PM,M,27.0,BICYCLE HELMET (PEDACYCLIST INVOLVED ONLY),TURNING LEFT,IN ROADWAY,TEST NOT OFFERED,,30,RAIN,DAYLIGHT,PEDALCYCLIST,FOUR WAY,STRAIGHT AND LEVEL,WET,INJURY AND / OR TOW DUE TO CRASH,HARRISON ST,41.8744294356,-87.6292307132,POINT (-87.629230713193 41.874429435562)
O1300863,BICYCLE,38088a78a29ac7a19a456dbedc5a4297f5e077cfe483b9d7441e224cda6bb04636785f902a2a80fcc3ce12a4220f6d8584eeb21d27b0254e71ce686ce31dc674,03/18/2022 02:52:00 PM,M,54.0,HELMET NOT USED,UNKNOWN/NA,UNKNOWN/NA,TEST NOT OFFERED,,30,RAIN,DAYLIGHT,PEDALCYCLIST,DIVIDED - W/MEDIAN (NOT RAISED),STRAIGHT AND LEVEL,WET,INJURY AND / OR TOW DUE TO CRASH,19TH ST,41.8560145596,-87.6709552625,POINT (-87.670955262506 41.856014559572)
O1300107,BICYCLE,504e609f210283f80b608bf9dd584028941ec1f6925d1793e4094fc576916b1e0af4b419934d46255f71e08bcce4bbfeb6f85d0b62fd56a76c0ffa3aa8bcaed1,03/17/2022 03:48:00 PM,M,34.0,BICYCLE HELMET (PEDACYCLIST INVOLVED ONLY),TURNING LEFT,IN ROADWAY,TEST NOT OFFERED,,30,CLEAR,DAYLIGHT,PEDALCYCLIST,NOT DIVIDED,STRAIGHT AND LEVEL,UNKNOWN,INJURY AND / OR TOW DUE TO CRASH,CLARK ST,41.9039923328,-87.6315948953,POINT (-87.631594895269 41.903992332756)
O1300040,BICYCLE,f50464fe005e3cbe7e0fffb97780f27896eb2fc592e4b771bc6fdbcc28f84eb9a969fc4cdba7eb9d78e1b8106b04ed651f8bb873b4d3c47186f4a46d4751cef0,03/17/2022 03:05:00 PM,M,53.0,HELMET NOT USED,OTHER ACTION,IN ROADWAY,,,30,CLOUDY/OVERCAST,DAYLIGHT,PEDALCYCLIST,FOUR WAY,STRAIGHT AND LEVEL,DRY,INJURY AND / OR TOW DUE TO CRASH,RAVENSWOOD AVE,42.0052645815,-87.6750754797,POINT (-87.675075479707 42.005264581504)
O1300166,BICYCLE,9d1ed10ec98d0f6ccb9a5b915c9a7c50780d1c18ded16f3f66c292bd953eea6cb2b8b3a954961a8e5bd6acf077aeae9009e1590b05d632d6c30347f7cc83992b,03/17/2022 03:00:00 PM,M,19.0,HELMET NOT USED,UNKNOWN/NA,IN CROSSWALK,TEST NOT OFFERED,,30,CLEAR,DUSK,PEDALCYCLIST,NOT DIVIDED,STRAIGHT AND LEVEL,DRY,INJURY AND / OR TOW DUE TO CRASH,ELSTON AVE,41.9465491648,-87.708952626,POINT (-87.708952626035 41.946549164806)
O1299710,BICYCLE,35b96c0b43f4a0d6c55c7ab68a8a33b56a7de941a2b49380b356f4400859c9437ab851db0e71c37a08066595bbba38ac57dfc39da409ebb64797663b537155aa,03/17/2022 08:00:00 AM,M,61.0,BICYCLE HELMET (PEDACYCLIST INVOLVED ONLY),CROSSING - NO CONTROLS (AT INTERSECTION),IN ROADWAY,TEST NOT OFFERED,,30,CLEAR,DAYLIGHT,PEDALCYCLIST,NOT DIVIDED,STRAIGHT ON GRADE,DRY,INJURY AND / OR TOW DUE TO CRASH,LINCOLN AVE,41.9551370885,-87.6796082629,POINT (-87.679608262916 41.95513708846)
O1299685,BICYCLE,7062ca1f674413495439fa77e44fa4446cdf9e867b3d318c99d885cd10074375e52efcb2dae16afee78c54a103b2d33306829922f54aa6626c30eade0fdcf6a5,03/17/2022 07:18:00 AM,M,16.0,HELMET NOT USED,CROSSING - NO CONTROLS (AT INTERSECTION),IN CROSSWALK,TEST NOT OFFERED,,30,CLEAR,DAYLIGHT,PEDALCYCLIST,T-INTERSECTION,STRAIGHT AND LEVEL,DRY,INJURY AND / OR TOW DUE TO CRASH,ALBANY AVE,41.7934699228,-87.7009697777,POINT (-87.700969777741 41.793469922756)
O1299615,BICYCLE,97fb39ed29fd023dbfecbfe53610349a569c936554e4727f83e7000b9beb8b7769abbe2f36170c1d71e3c98c392e9aea96bbc472d6b10107049a4bf67a9a1f15,03/16/2022 11:19:00 PM,M,21.0,BICYCLE HELMET (PEDACYCLIST INVOLVED ONLY),TURNING LEFT,IN ROADWAY,TEST NOT OFFERED,,30,CLEAR,"DARKNESS, LIGHTED ROAD",PEDALCYCLIST,T-INTERSECTION,STRAIGHT AND LEVEL,DRY,INJURY AND / OR TOW DUE TO CRASH,ROOSEVELT RD,41.8669455494,-87.6531035561,POINT (-87.653103556102 41.866945549424)
O1299493,BICYCLE,d50cbb42f29c3f2e6501b2086bb760d2e9b2d7caeed9cc1ebd36ba69495e8e453c5a08802de2f70460f950afad4793c9ea77fa7ce1857c1129b179747b77cb1e,03/16/2022 04:59:00 PM,M,39.0,BICYCLE HELMET (PEDACYCLIST INVOLVED ONLY),WITH TRAFFIC,BIKEWAY,TEST NOT OFFERED,,30,CLEAR,DUSK,PEDALCYCLIST,NOT DIVIDED,STRAIGHT AND LEVEL,DRY,INJURY AND / OR TOW DUE TO CRASH,WILSON DR,41.9654785579,-87.6478547155,POINT (-87.647854715538 41.965478557872)
O1299309,BICYCLE,198b463abb29868a70a88088f3ada8a04ad0d545a6b5ef0078811241ca7875f5373d77b5c25fe0d99b7407afd711820c1b33aecee7dc14a4ecca23f758573ec0,03/16/2022 03:40:00 PM,M,,HELMET NOT USED,UNKNOWN/NA,IN CROSSWALK,TEST NOT OFFERED,,20,CLEAR,DAYLIGHT,PEDALCYCLIST,ALLEY,STRAIGHT AND LEVEL,DRY,NO INJURY / DRIVE AWAY,ASHLAND AVE,41.9580387737,-87.6693016743,POINT (-87.669301674261 41.958038773675)
O1298819,BICYCLE,4ead0bf55ba9fde011afcd50e36e2c7243e5071859b1de9a555fc9f928e76db02d7ca0b59d0de692c4737da7e06571bc0abdc278c394a06ad3ff844d826d5278,03/15/2022 05:00:00 PM,M,33.0,HELMET NOT USED,CROSSING - WITH SIGNAL,IN ROADWAY,TEST NOT OFFERED,,30,CLEAR,DAYLIGHT,PEDALCYCLIST,NOT DIVIDED,STRAIGHT AND LEVEL,DRY,INJURY AND / OR TOW DUE TO CRASH,WILSON AVE,41.9649756182,-87.6888580606,POINT (-87.688858060648 41.964975618235)
O1298833,BICYCLE,d25d976ee0e05990b868e5fd54dffcd150cfc2d46892025fb542a4559d28f744a77a947c9d86e9bc1b2016953a79de7759dc7d72649f2cc11d46438d53e4a0b0,03/15/2022 04:20:00 PM,M,,HELMET NOT USED,CROSSING - AGAINST SIGNAL,IN ROADWAY,TEST NOT OFFERED,,30,CLEAR,DAYLIGHT,PEDALCYCLIST,NOT DIVIDED,STRAIGHT AND LEVEL,DRY,INJURY AND / OR TOW DUE TO CRASH,ASHLAND AVE,41.7393432081,-87.6630079192,POINT (-87.663007919188 41.739343208088)
O1303863,BICYCLE,34fe06f6abf5f6c56695e5ba205cad7e80d391799bfccddbaaa26e89d27e15350f9edb466639a19547f18265d980d7cfdf00b711620f66946009e7f80ff450ad,03/15/2022 04:15:00 PM,M,,BICYCLE HELMET (PEDACYCLIST INVOLVED ONLY),WITH TRAFFIC,IN ROADWAY,TEST NOT OFFERED,,30,CLEAR,DAYLIGHT,PEDALCYCLIST,NOT DIVIDED,STRAIGHT AND LEVEL,DRY,NO INJURY / DRIVE AWAY,PULASKI RD,41.9279317269,-87.726723166,POINT (-87.726723165969 41.92793172692)
O1298656,BICYCLE,8e963a9b0512db6100e2b20cb47a8288afa53ca4322e24de90feeab06d325f4d1ab895970b5377aef1f71c91f1e59e9cddfbfda3707370e9f714b3b48246b9eb,03/15/2022 03:27:00 PM,M,14.0,HELMET NOT USED,CROSSING - WITH SIGNAL,IN CROSSWALK,TEST NOT OFFERED,,30,CLEAR,DAYLIGHT,PEDALCYCLIST,FOUR WAY,STRAIGHT AND LEVEL,DRY,INJURY AND / OR TOW DUE TO CRASH,ADDISON ST,41.9465125788,-87.7088883045,POINT (-87.708888304499 41.94651257878)
O1298769,BICYCLE,df17ffe8fb29eab50c2901faf25ffc2c4039e1fdd60f6246e9a809de554c4cc2fc945477c91e9acec2c77789243d7ea536f5dc36784859a93647fcb37bb87aee,03/15/2022 03:24:00 PM,M,83.0,HELMET NOT USED,UNKNOWN/NA,IN CROSSWALK,TEST NOT OFFERED,,30,CLEAR,DAYLIGHT,PEDALCYCLIST,ONE-WAY,STRAIGHT AND LEVEL,DRY,INJURY AND / OR TOW DUE TO CRASH,PARKSIDE AVE,41.9275176171,-87.7674778291,POINT (-87.767477829148 41.927517617116)
O1298907,BICYCLE,c283fcbdbae16fd1620500060c5915c3fe8efdb7580a5461571794e6b8542a18fd398957a315e2791717f3e6ed229d73ab1f4267d7ff742557bc030de7469d30,03/15/2022 01:42:00 PM,M,18.0,HELMET NOT USED,ENTER FROM DRIVE/ALLEY,IN ROADWAY,TEST NOT OFFERED,,30,CLEAR,DAYLIGHT,PEDALCYCLIST,ALLEY,STRAIGHT AND LEVEL,DRY,NO INJURY / DRIVE AWAY,MILDRED AVE,41.9345433604,-87.6513527649,POINT (-87.651352764851 41.934543360414)
O1298177,BICYCLE,802706c417775046fae83ffef30965bb5fcf1952ebe84b7b0b1a1e76516453bc9c5fe4469baa3a10c305f1f457f6832acc5c423cd9fb5e1bcc0637c138bac9f2,03/14/2022 03:40:00 PM,F,22.0,HELMET NOT USED,CROSSING - NO CONTROLS (NOT AT INTERSECTION),IN ROADWAY,TEST NOT OFFERED,,30,CLEAR,DAYLIGHT,PEDALCYCLIST,FOUR WAY,STRAIGHT AND LEVEL,DRY,INJURY AND / OR TOW DUE TO CRASH,ARCHER AVE,41.8244562296,-87.6875515067,POINT (-87.687551506694 41.824456229628)
O1298412,BICYCLE,6577bc7eb682275f3e089e5226cab77e91384f51e993788461e1de41d5c2271b8acd2aff8431d2b34d0915f8989e364bffe93bd73ff5b1e6996be0745d28c504,03/14/2022 12:44:00 PM,M,53.0,HELMET NOT USED,CROSSING - AGAINST SIGNAL,IN ROADWAY,TEST NOT OFFERED,,30,CLEAR,DAYLIGHT,PEDALCYCLIST,NOT DIVIDED,STRAIGHT ON GRADE,DRY,INJURY AND / OR TOW DUE TO CRASH,BRYN MAWR AVE,41.9827884713,-87.7876754423,POINT (-87.787675442273 41.98278847129)
O1298383,BICYCLE,93d87195f57995b0e1528e83e3855ef23ac90d43d7c8a45d2fcf34a0cb68dfa9b05aaa9bfe7fac9f44aa41343f87035d71d44d51f3989b632f305c548b1952f6,03/14/2022 11:30:00 AM,M,,BICYCLE HELMET (PEDACYCLIST INVOLVED ONLY),UNKNOWN/NA,IN ROADWAY,,,30,CLEAR,DAYLIGHT,PEDALCYCLIST,NOT DIVIDED,STRAIGHT AND LEVEL,DRY,NO INJURY / DRIVE AWAY,GREENVIEW AVE,41.95434914,-87.6676699694,POINT (-87.667669969424 41.954349140001)
O1297990,BICYCLE,2d610cdebe8a3b081c621a3b8239b5feb7c4a76d3d43ca379882a31e8ad9077f9645672476633da9142284c57453610836bdc14c76fa1c8cadd59a09b0877e21,03/14/2022 11:20:00 AM,M,29.0,HELMET NOT USED,AGAINST TRAFFIC,IN ROADWAY,TEST NOT OFFERED,,30,CLEAR,DAYLIGHT,PEDALCYCLIST,ONE-WAY,STRAIGHT AND LEVEL,DRY,INJURY AND / OR TOW DUE TO CRASH,IRVING PARK RD,41.9541994084,-87.6675933553,POINT (-87.667593355256 41.954199408398)
O1298006,NON-MOTOR VEHICLE,8c0fb04c175909bc183bcc02c569c7842ce5d91921df591b8c811cbfdb3bacf529b9fbe20a5a9796e78a6c6ce1df02ffd14c3baa83e14ef328aaa441b716be12,03/14/2022 09:00:00 AM,F,88.0,NONE PRESENT,,,TEST NOT OFFERED,,30,CLEAR,DAYLIGHT,FIXED OBJECT,OTHER,STRAIGHT AND LEVEL,DRY,INJURY AND / OR TOW DUE TO CRASH,RHODES AVE,41.7713681645,-87.6116264329,POINT (-87.611626432907 41.771368164486)
O1297756,BICYCLE,942831b8ed7255685402a9241514a97603d866596e2ceccaed98bcaa9475b44d7f471fb93a5c830019740da3db2ffb38aa7ab51cc96f46eb0519e868e8586dad,03/13/2022 08:42:00 PM,M,33.0,BICYCLE HELMET (PEDACYCLIST INVOLVED ONLY),CROSSING - WITH SIGNAL,IN ROADWAY,TEST NOT OFFERED,,35,CLEAR,"DARKNESS, LIGHTED ROAD",PEDALCYCLIST,FOUR WAY,STRAIGHT AND LEVEL,DRY,INJURY AND / OR TOW DUE TO CRASH,PETERSON AVE,41.9903138951,-87.7029051799,POINT (-87.702905179858 41.990313895098)
O1297525,BICYCLE,b131501aff003451d431adc5a246ac479b0bc465aaa991f85096b0e08747f2cf75b2df50885842c49a4d640b7540af1da7d65fc66dacf1e2c54531872d623889,03/13/2022 01:41:00 PM,M,,BICYCLE HELMET (PEDACYCLIST INVOLVED ONLY),WITH TRAFFIC,IN ROADWAY,TEST NOT OFFERED,,30,CLEAR,DAYLIGHT,PEDALCYCLIST,NOT DIVIDED,STRAIGHT AND LEVEL,DRY,NO INJURY / DRIVE AWAY,ARMITAGE AVE,41.9179812932,-87.6543408517,POINT (-87.654340851729 41.917981293152)
O1296909,BICYCLE,0d7b7078e6e715d4007928772e3931eadfcb20c856465534d5a1e45adda02913601ca11a6e63691815cc1b8131aea063d463cef428ce23f295f6b30def1ef1c7,03/12/2022 01:40:00 PM,M,28.0,BICYCLE HELMET (PEDACYCLIST INVOLVED ONLY),CROSSING - WITH SIGNAL,UNKNOWN/NA,TEST NOT OFFERED,,20,CLEAR,DAYLIGHT,PEDALCYCLIST,DIVIDED - W/MEDIAN (NOT RAISED),STRAIGHT AND LEVEL,UNKNOWN,INJURY AND / OR TOW DUE TO CRASH,CLYBOURN AVE,41.9216287364,-87.6646311011,POINT (-87.664631101058 41.921628736435)
O1298587,BICYCLE,8c181916db09c78b869e79ff52c558b4b24bdd3c688036403d9f440573c04af18c61a1ad6ebf6df6fbbef004b8b4c74dddbd0cde19129dbee4337db14373cb82,03/11/2022 08:00:00 PM,M,,HELMET NOT USED,UNKNOWN/NA,IN ROADWAY,TEST NOT OFFERED,,30,CLEAR,DUSK,PEDALCYCLIST,DIVIDED - W/MEDIAN (NOT RAISED),STRAIGHT AND LEVEL,DRY,NO INJURY / DRIVE AWAY,LAKE ST,41.8855776894,-87.6456730072,POINT (-87.645673007173 41.885577689414)
O1296393,BICYCLE,36e2cbf03a25feeddc3b98b2c73f18353fff1ba47f87b0df69efb7ffebc6409c22d3a23af6afbb2d2e4ed6c640db140b46d88cebd0f4ce8d2a6aacb5ad7577c3,03/11/2022 04:29:00 PM,M,19.0,HELMET NOT USED,AGAINST TRAFFIC,UNKNOWN/NA,TEST NOT OFFERED,,30,CLEAR,DAYLIGHT,PEDALCYCLIST,ALLEY,STRAIGHT AND LEVEL,DRY,INJURY AND / OR TOW DUE TO CRASH,DIVISION ST,41.9028985252,-87.6877765956,POINT (-87.687776595623 41.902898525207)
O1296082,BICYCLE,e828d2d594a71ef102f1ac48aa34ec439a9827bb717ca783ca11f8d36f9e399736d5e8b4c18a13f81ef15608385375345ad0e26cddf439130765bcb2cad9d515,03/11/2022 10:05:00 AM,M,,BICYCLE HELMET (PEDACYCLIST INVOLVED ONLY),CROSSING - AGAINST SIGNAL,UNKNOWN/NA,TEST NOT OFFERED,,30,CLEAR,DAYLIGHT,PEDALCYCLIST,FOUR WAY,STRAIGHT AND LEVEL,DRY,NO INJURY / DRIVE AWAY,WILSON DR,41.9659619761,-87.6458166752,POINT (-87.645816675225 41.965961976146)
O1295765,BICYCLE,14f4d3d9b776ebe0e31718a4cc4b1d18880b064e4c4d8551923cddd5e8ae454a2f58442e085bdd87108ce7e50200ed6bff9e27f83f5c615c704becbb516dd3b4,03/10/2022 05:45:00 PM,M,66.0,BICYCLE HELMET (PEDACYCLIST INVOLVED ONLY),ENTER FROM DRIVE/ALLEY,BIKE LANE,TEST NOT OFFERED,,35,CLEAR,"DARKNESS, LIGHTED ROAD",PEDALCYCLIST,ALLEY,STRAIGHT AND LEVEL,DRY,INJURY AND / OR TOW DUE TO CRASH,DEARBORN ST,41.8796760401,-87.6295022827,POINT (-87.629502282668 41.879676040117)
O1295547,BICYCLE,103ce2626b5f9d7f54d68a3e8860c48e4412187276805d444cfecd8543de8e12afc0848f81788b80e6bd405b198a5c6cd437d1870fdd1a780d0f7a15dcae815d,03/10/2022 11:30:00 AM,M,20.0,HELMET NOT USED,NO ACTION,DRIVEWAY ACCESS,TEST NOT OFFERED,Y,30,CLEAR,DAYLIGHT,PEDALCYCLIST,DRIVEWAY,STRAIGHT AND LEVEL,DRY,INJURY AND / OR TOW DUE TO CRASH,PULASKI RD,41.9675463302,-87.7281546653,POINT (-87.728154665296 41.967546330174)
O1295325,NON-MOTOR VEHICLE,da3f328f892cade90a29c2c52c171eeb8cf43a09d97f8e527e650df5b24339475f93b51a998061bc7a6f491199870afeabd7684ee05ced9cf4a15d0d1583cf23,03/09/2022 10:08:00 PM,M,24.0,NOT DOT COMPLIANT MOTORCYCLE HELMET,TURNING RIGHT,IN ROADWAY,TEST NOT OFFERED,,30,CLEAR,"DARKNESS, LIGHTED ROAD",OTHER OBJECT,NOT DIVIDED,STRAIGHT AND LEVEL,DRY,INJURY AND / OR TOW DUE TO CRASH,ROCKWELL ST,41.8228381283,-87.6898740055,POINT (-87.689874005475 41.822838128263)
O1295120,BICYCLE,475d3e12f4c13cb1337783550dddff19a18e84553e62741ec338fb81a38d72135c350807feb3334aec3ece69436ba7b6d8bde4a8424c738e8d2f4fce70732b3d,03/09/2022 03:52:00 PM,M,12.0,HELMET NOT USED,CROSSING - NO CONTROLS (NOT AT INTERSECTION),IN ROADWAY,TEST NOT OFFERED,,25,CLEAR,DAYLIGHT,PEDALCYCLIST,NOT DIVIDED,STRAIGHT AND LEVEL,DRY,INJURY AND / OR TOW DUE TO CRASH,CENTRAL AVE,41.9258928802,-87.7662048258,POINT (-87.766204825838 41.925892880213)
O1294728,BICYCLE,0d8b634022c744dce59023e5e72957e7ecd86280abdf708874275a83334386814e14c6ef5bd2249922266dffd38f7aed76576a529c72220dee69d5997750008a,03/08/2022 06:58:00 PM,M,50.0,HELMET NOT USED,WITH TRAFFIC,IN ROADWAY,TEST NOT OFFERED,,30,CLEAR,"DARKNESS, LIGHTED ROAD",PEDALCYCLIST,FOUR WAY,STRAIGHT AND LEVEL,DRY,INJURY AND / OR TOW DUE TO CRASH,HAMLIN AVE,41.966430317,-87.7229420335,POINT (-87.722942033539 41.966430317009)
O1294454,NON-MOTOR VEHICLE,ef6c861a3007b14e0d918c95f6ab9e49e7686d67c25d17a89dafb7c5887db85a2b626b26f66f5c4e80e995121478ef00149c4f73b3ab5178eb6359ef70d06974,03/08/2022 07:35:00 AM,,,,,,,,45,CLEAR,DAYLIGHT,FIXED OBJECT,NOT DIVIDED,STRAIGHT AND LEVEL,UNKNOWN,INJURY AND / OR TOW DUE TO CRASH,LAKE SHORE DR SB,41.9820354011,-87.6530463951,POINT (-87.653046395054 41.982035401108)
O1294111,BICYCLE,95961baf86bdb2918d378dffc6621c7bb21b3e826573e96f21ccaf03079f240436f6d5f874e33ee72586e10a169095916dc230101dd27a302c1c3223d2795682,03/07/2022 06:30:00 PM,M,,BICYCLE HELMET (PEDACYCLIST INVOLVED ONLY),WITH TRAFFIC,IN ROADWAY,TEST NOT OFFERED,,30,CLEAR,"DARKNESS, LIGHTED ROAD",PEDALCYCLIST,FOUR WAY,STRAIGHT AND LEVEL,DRY,NO INJURY / DRIVE AWAY,FRANKLIN ST,41.8945890248,-87.6355063665,POINT (-87.63550636652 41.894589024846)
O1293582,BICYCLE,03dedbbba249951503916676bb42be20472924d2cd54f7ef8e81ba3f9753baf38380ddf8121b8e26b7f74e585ad6021473539dcee038fc80b870ef236ee4760d,03/06/2022 08:40:00 PM,M,26.0,HELMET NOT USED,WITH TRAFFIC,BIKE LANE,TEST NOT OFFERED,,30,CLEAR,"DARKNESS, LIGHTED ROAD",PEDALCYCLIST,ONE-WAY,STRAIGHT AND LEVEL,DRY,INJURY AND / OR TOW DUE TO CRASH,ILLINOIS ST,41.8907289081,-87.6293856562,POINT (-87.629385656182 41.89072890813)
O1293161,BICYCLE,fbca866e9697680fe6705f5df7ec3274ccfeb203e1cd3a0cc74e552543b65a540a58f73f20e50badf34a29ad1a340a9d217b905abcdbdb8368008a34801c661f,03/05/2022 11:47:00 PM,M,30.0,HELMET NOT USED,NO ACTION,IN ROADWAY,TEST NOT OFFERED,,30,RAIN,"DARKNESS, LIGHTED ROAD",PEDALCYCLIST,NOT DIVIDED,STRAIGHT ON GRADE,WET,NO INJURY / DRIVE AWAY,NORTH AVE,41.9108166034,-87.66211403,POINT (-87.662114030018 41.910816603393)
O1297243,BICYCLE,c54802b61114692629399b2078f94bfe6d7686c9439e5c82da0c674bfb3065cac9ae5370bf6e7e1a3f98452ba3b4d70a5677a86c4a84e42a426aa9a2d0dd9264,03/05/2022 11:15:00 PM,M,41.0,HELMET NOT USED,WITH TRAFFIC,BIKE LANE,TEST NOT OFFERED,,30,UNKNOWN,"DARKNESS, LIGHTED ROAD",PEDALCYCLIST,DIVIDED - W/MEDIAN BARRIER,STRAIGHT AND LEVEL,UNKNOWN,INJURY AND / OR TOW DUE TO CRASH,ROOSEVELT RD,41.867185336,-87.6518951846,POINT (-87.651895184582 41.867185336027)
O1293080,BICYCLE,1071f25892e61cc5288f0362c2ef1a67d898369bc34c43d6c2fe36381ada202362af97fbca38b27bab56b609ab8ca9ed77b82339080861c70fe1fbd9fc228ff1,03/05/2022 06:50:00 PM,F,29.0,HELMET NOT USED,OTHER ACTION,IN CROSSWALK,TEST NOT OFFERED,Y,30,CLEAR,"DARKNESS, LIGHTED ROAD",PEDALCYCLIST,T-INTERSECTION,STRAIGHT AND LEVEL,DRY,INJURY AND / OR TOW DUE TO CRASH,MARQUETTE RD,41.7716700684,-87.7101198591,POINT (-87.710119859114 41.771670068353)
O1293045,BICYCLE,b296f221f309289e499d290f3223786e38f97730c79d71bb16dcb42f5ce4adec8d2535c3789698200efd37d59a8847f57dbe7271b5e30d730b4cce17efa00967,03/05/2022 06:50:00 PM,M,24.0,HELMET NOT USED,WITH TRAFFIC,IN ROADWAY,TEST NOT OFFERED,,30,CLEAR,"DARKNESS, LIGHTED ROAD",PEDALCYCLIST,ONE-WAY,STRAIGHT AND LEVEL,DRY,INJURY AND / OR TOW DUE TO CRASH,CLARK ST,41.8918268277,-87.6312792104,POINT (-87.631279210382 41.891826827681)