PERSON_ID,PERSON_TYPE,CRASH_RECORD_ID,CRASH_DATE_x,SEX,AGE,SAFETY_EQUIPMENT,PEDPEDAL_ACTION,PEDPEDAL_LOCATION,BAC_RESULT,CRASH_DATE_EST_I,POSTED_SPEED_LIMIT,WEATHER_CONDITION,LIGHTING_CONDITION,FIRST_CRASH_TYPE,TRAFFICWAY_TYPE,ALIGNMENT,ROADWAY_SURFACE_COND,CRASH_TYPE,STREET_NAME,LATITUDE,LONGITUDE,LOCATION
O1292906,BICYCLE,78bc22756a429d94b65f6bf2d8e97601f595ae69289022ef83f0d914c2431c9c928d01a3c468bbcbf0059cbb19f825658774ee044ffa5d49c3666f7a92060d57,03/05/2022 02:48:00 PM,M,35.0,HELMET NOT USED,OTHER ACTION,BIKE LANE,TEST NOT OFFERED,,35,CLOUDY/OVERCAST,DAYLIGHT,SIDESWIPE SAME DIRECTION,DIVIDED - W/MEDIAN (NOT RAISED),STRAIGHT AND LEVEL,DRY,NO INJURY / DRIVE AWAY,SOUTHPORT AVE,41.9467675778,-87.6638603059,POINT (-87.663860305946 41.946767577825)
O1292902,BICYCLE,f3fc9e87c88f13fa8fba818f2faeed9b2b43341abfc69c97e5933ead6052600e275c4600f3c27ab6cd679123a5e6a95234d78b96293078137dffa477045c9b97,03/05/2022 12:15:00 PM,M,,BICYCLE HELMET (PEDACYCLIST INVOLVED ONLY),CROSSING - NO CONTROLS (NOT AT INTERSECTION),IN ROADWAY,TEST NOT OFFERED,,30,CLEAR,DAYLIGHT,PEDALCYCLIST,NOT DIVIDED,STRAIGHT AND LEVEL,DRY,NO INJURY / DRIVE AWAY,DIVISION ST,41.9036734279,-87.6389319121,POINT (-87.638931912054 41.903673427884)
O1292542,BICYCLE,a03877f9a8e0edc213c8b6b7ce4b96d490ae8cc890e6ab20943f76af5bdf67e80c0db5666f98f88d0e43a79ccec9a634571c1cc592cb62b56a524ebf13a1f9ac,03/04/2022 11:18:00 PM,M,38.0,HELMET NOT USED,OTHER ACTION,IN ROADWAY,TEST NOT OFFERED,,30,CLEAR,"DARKNESS, LIGHTED ROAD",PEDALCYCLIST,FOUR WAY,STRAIGHT AND LEVEL,DRY,INJURY AND / OR TOW DUE TO CRASH,MAXWELL ST,41.8648917428,-87.6469035727,POINT (-87.646903572702 41.864891742773)
O1292550,BICYCLE,68274d39414523506db7e0f76416891a62360f72f4a92849e608b68284b93ea22b6e1a4da1663cb83a97d1d08b6f10fc4fb6566fe8837bd2534e32fd5bf5aefe,03/04/2022 07:30:00 PM,M,22.0,HELMET NOT USED,NO ACTION,BIKE LANE,,Y,30,CLEAR,UNKNOWN,PEDALCYCLIST,NOT DIVIDED,STRAIGHT AND LEVEL,UNKNOWN,INJURY AND / OR TOW DUE TO CRASH,MILWAUKEE AVE,41.9340270947,-87.7157666229,POINT (-87.715766622935 41.934027094683)
O1292039,BICYCLE,ba1ee4a7c8479825445ea23914334fd85cea7dec9694f46b709ec4d0aa4e645151726c422411d117e2fad1e6370b4622abeafee234d09c04636b0053e6bc49a6,03/04/2022 07:45:00 AM,F,10.0,HELMET NOT USED,UNKNOWN/NA,IN CROSSWALK,TEST NOT OFFERED,,30,CLEAR,DAYLIGHT,PEDALCYCLIST,FOUR WAY,STRAIGHT ON GRADE,DRY,INJURY AND / OR TOW DUE TO CRASH,99TH ST,41.7136003599,-87.6781467178,POINT (-87.678146717806 41.713600359935)
O1291760,BICYCLE,79b74070b2110ed8353385b17c81622ce84b51a6362432d49a7a8567e65aaf104df2119af741d99fafdda0932596f5c5c8543327641aecf56111aa90f198ac05,03/03/2022 03:40:00 PM,M,63.0,HELMET NOT USED,UNKNOWN/NA,IN ROADWAY,TEST NOT OFFERED,,30,CLEAR,DAYLIGHT,PEDALCYCLIST,NOT DIVIDED,STRAIGHT AND LEVEL,DRY,INJURY AND / OR TOW DUE TO CRASH,BELMONT AVE,41.9397832175,-87.6552581801,POINT (-87.655258180121 41.939783217512)
O1291166,BICYCLE,22da42f423904b8f756d70b1896195f6548e8ff91dd41ec8739c4e94e7f9ccf6f26c670c0a8714c2dcc2e2daa3276ab13e7e3cb53d81fa54b5e16aa16973a75e,03/02/2022 01:20:00 PM,M,20.0,HELMET NOT USED,OTHER ACTION,BIKE LANE,TEST NOT OFFERED,,30,CLEAR,DAYLIGHT,PEDALCYCLIST,DIVIDED - W/MEDIAN (NOT RAISED),STRAIGHT AND LEVEL,WET,INJURY AND / OR TOW DUE TO CRASH,DIVERSEY AVE,41.9311198798,-87.7696451853,POINT (-87.769645185269 41.931119879768)
O1291025,BICYCLE,e1f744c2a1944db194b3690c26e5afc2d0b68359401b798c9b11e1b20fc3aa4aff94db7292840a759ae7ddcf535dafd2be5306e47bde75ba9d44e4337fa420b1,03/02/2022 08:14:00 AM,M,53.0,BICYCLE HELMET (PEDACYCLIST INVOLVED ONLY),WITH TRAFFIC,BIKE LANE,TEST NOT OFFERED,,30,CLEAR,DAYLIGHT,PEDALCYCLIST,DIVIDED - W/MEDIAN (NOT RAISED),STRAIGHT AND LEVEL,DRY,INJURY AND / OR TOW DUE TO CRASH,HALSTED ST,41.9075862913,-87.6483359388,POINT (-87.648335938772 41.907586291261)
O1290221,BICYCLE,57813b4c6869c1714559847153e900ff89aae2f26b95e38184dfe0bcca5d04719c38aa019f379f8ab496b8b0b43a81659beac5937ba731b5e04985dce8d27c65,02/28/2022 05:57:00 PM,M,33.0,HELMET NOT USED,TURNING RIGHT,IN ROADWAY,,,30,CLEAR,DUSK,PEDALCYCLIST,NOT DIVIDED,STRAIGHT AND LEVEL,DRY,INJURY AND / OR TOW DUE TO CRASH,KIMBALL AVE,41.9246135377,-87.7122511956,POINT (-87.712251195589 41.924613537674)
O1290272,BICYCLE,ca11ecd2a34bf3ca3a23c0e85f8d92b264507e9d6df54b9d57e3deed012c1b95f97bfbc45fcef1d249df7cd0ceb741e4a61989224d8a2d63e42120a25a25a4c1,02/28/2022 05:17:00 PM,M,15.0,HELMET NOT USED,WITH TRAFFIC,IN ROADWAY,TEST NOT OFFERED,,35,CLEAR,DAYLIGHT,PEDALCYCLIST,NOT DIVIDED,STRAIGHT AND LEVEL,DRY,INJURY AND / OR TOW DUE TO CRASH,BELMONT AVE,41.939062336,-87.7377795068,POINT (-87.737779506801 41.939062335974)
O1290137,BICYCLE,d3c723f453b3319348065ff841f12ce994b136b1e8bcbeef2a4b9657e7e1adb28e4f4015c9efe8970adefa494a84b168e5c4469ac2ae47b48a2b1946d786a082,02/28/2022 04:40:00 PM,M,41.0,HELMET NOT USED,CROSSING - AGAINST SIGNAL,IN CROSSWALK,TEST NOT OFFERED,,40,CLEAR,DAYLIGHT,PEDALCYCLIST,T-INTERSECTION,STRAIGHT AND LEVEL,DRY,INJURY AND / OR TOW DUE TO CRASH,LAKE SHORE DR NB,41.873324106,-87.6169363726,POINT (-87.616936372647 41.873324106032)
O1290659,BICYCLE,d3c723f453b3319348065ff841f12ce994b136b1e8bcbeef2a4b9657e7e1adb28e4f4015c9efe8970adefa494a84b168e5c4469ac2ae47b48a2b1946d786a082,02/28/2022 04:40:00 PM,M,41.0,HELMET NOT USED,CROSSING - WITH SIGNAL,IN CROSSWALK,TEST NOT OFFERED,,40,CLEAR,DAYLIGHT,PEDALCYCLIST,T-INTERSECTION,STRAIGHT AND LEVEL,DRY,INJURY AND / OR TOW DUE TO CRASH,LAKE SHORE DR NB,41.873324106,-87.6169363726,POINT (-87.616936372647 41.873324106032)
O1290079,BICYCLE,ac8bd5dc16fe3c5dcaff79d09a633ba2dab0eb50fe31566f84fabb5a3f3b70bec90a1f05c65310c2a8284f875d9b506ebe9cec380fb40aa3bce6d35825a4ec22,02/28/2022 03:14:00 PM,,,HELMET NOT USED,CROSSING - AGAINST SIGNAL,IN CROSSWALK,TEST NOT OFFERED,,30,CLEAR,DAYLIGHT,PEDALCYCLIST,DIVIDED - W/MEDIAN (NOT RAISED),STRAIGHT AND LEVEL,DRY,INJURY AND / OR TOW DUE TO CRASH,KIMBALL AVE,41.9135254569,-87.7116486579,POINT (-87.71164865787 41.913525456866)
O1289923,BICYCLE,238e990c6eb0b63e3a2630c96703db6e54217d40da7a8197d52d52d8c306341893420011fc6b847b60dd9367c1b5853464bdd38003a1719c5cf7f1dc9455ed26,02/28/2022 12:00:00 PM,M,81.0,HELMET NOT USED,CROSSING - NO CONTROLS (AT INTERSECTION),UNKNOWN/NA,TEST NOT OFFERED,,30,CLEAR,DAYLIGHT,PEDALCYCLIST,T-INTERSECTION,STRAIGHT AND LEVEL,DRY,INJURY AND / OR TOW DUE TO CRASH,CLYBOURN AVE,41.9193016422,-87.6609812816,POINT (-87.660981281557 41.919301642249)
O1290048,BICYCLE,c3cdacc22cd533bb69660a0df50eb3ddce03972cf54edde54bdc4931fd295fea510504f89f01562a8f4f6be0b5a9e4445f44f04134c59f5d29b8c2c3161a3901,02/27/2022 05:55:00 PM,M,19.0,BICYCLE HELMET (PEDACYCLIST INVOLVED ONLY),WITH TRAFFIC,IN ROADWAY,TEST NOT OFFERED,,30,CLEAR,DAYLIGHT,PEDALCYCLIST,DIVIDED - W/MEDIAN (NOT RAISED),STRAIGHT AND LEVEL,DRY,INJURY AND / OR TOW DUE TO CRASH,LINCOLN AVE,41.9371903153,-87.6654098078,POINT (-87.665409807843 41.937190315262)
O1292959,BICYCLE,4b1fd099970caf26656422c823bc8d1512cc8b3e9d806c0c13fad975754f73bec4eb8661b3c95abaaa404585e295908faa0b0dd89b1e562219814502fad75864,02/27/2022 05:53:00 PM,M,28.0,HELMET NOT USED,UNKNOWN/NA,IN ROADWAY,TEST NOT OFFERED,,20,CLEAR,DAYLIGHT,PEDALCYCLIST,NOT DIVIDED,STRAIGHT AND LEVEL,DRY,INJURY AND / OR TOW DUE TO CRASH,CHICAGO AVE,41.8968314528,-87.624882805,POINT (-87.624882805023 41.896831452824)
O1289279,NON-MOTOR VEHICLE,46b73f95e72a29fe3b908919245230456f0c8378904e5b1d55e0bcee20bebd77c780fbcfcfba1d11bf9204fbf937e6a8e17df438310b87f83d38612de4c9b562,02/27/2022 07:58:00 AM,,,,,,,,20,CLEAR,DAYLIGHT,FIXED OBJECT,OTHER,STRAIGHT ON GRADE,DRY,NO INJURY / DRIVE AWAY,WABASH AVE,41.8892840135,-87.6265485479,POINT (-87.626548547941 41.889284013529)
O1290987,BICYCLE,e904021c03f8faee2e7e25e08641e2ac0ce14b8e03cd85eb0563f3b8278dd1d341af3cdfa35b40009eeaf45f300d77206fd3e3ccb9d278bc109afe5bae2bbf74,02/26/2022 05:30:00 PM,M,,BICYCLE HELMET (PEDACYCLIST INVOLVED ONLY),NO ACTION,BIKE LANE,TEST NOT OFFERED,,30,CLEAR,DUSK,PEDALCYCLIST,NOT DIVIDED,STRAIGHT AND LEVEL,DRY,NO INJURY / DRIVE AWAY,LINCOLN AVE,41.9564220088,-87.6805122967,POINT (-87.68051229674 41.956422008848)
O1288799,BICYCLE,98037115babbee42cba43d267d71836b1c2fa5d3f13e063623477b5e23d26156d6d6cb61061c4f5a23b2f584e794b2309fddf8209d8638ae8ffadd3f7d5ebc9e,02/26/2022 12:05:00 PM,M,55.0,BICYCLE HELMET (PEDACYCLIST INVOLVED ONLY),WITH TRAFFIC,IN ROADWAY,TEST NOT OFFERED,,30,CLEAR,DAYLIGHT,PEDALCYCLIST,NOT DIVIDED,STRAIGHT AND LEVEL,DRY,INJURY AND / OR TOW DUE TO CRASH,LAWRENCE AVE,41.9689761631,-87.6551408472,POINT (-87.655140847202 41.968976163056)
O1287443,BICYCLE,ea76d8aec94842e02b47878a19500b27c348566cdd6ffd117787ecc6312ec8a982c382b475efe3328086ad9836b977cbb6390b041ce3e571a69e7a4c29c3f19b,02/24/2022 11:20:00 AM,M,71.0,HELMET NOT USED,AGAINST TRAFFIC,IN ROADWAY,TEST NOT OFFERED,,30,CLEAR,DAYLIGHT,PEDALCYCLIST,DIVIDED - W/MEDIAN (NOT RAISED),STRAIGHT AND LEVEL,DRY,INJURY AND / OR TOW DUE TO CRASH,BRYN MAWR AVE,41.9828192384,-87.7708282502,POINT (-87.770828250155 41.98281923836)
O1290879,NON-MOTOR VEHICLE,6637bdbf1d937449c5516f31b0d1c49e0a748804642c57ebd3e117657eb5e8551e88489ce41a6d834be094beceab36f6c55887f1679f831f4428944a2ec0121b,02/24/2022 03:30:00 AM,,,NONE PRESENT,,,TEST NOT OFFERED,,15,CLEAR,"DARKNESS, LIGHTED ROAD",FIXED OBJECT,DIVIDED - W/MEDIAN BARRIER,STRAIGHT AND LEVEL,DRY,NO INJURY / DRIVE AWAY,LARAMIE AVE,41.7804973642,-87.752108367,POINT (-87.752108366997 41.78049736416)
O1288113,BICYCLE,cd58669ac1cea49450d1fc8be163ea16e80ab70c1d36930f2b0b0f9789a44be7769c86a89870ce7a292eccafb49e4cd0f99e238b5c04045b5b5743b73dceaedd,02/22/2022 05:00:00 PM,X,,HELMET NOT USED,UNKNOWN/NA,UNKNOWN/NA,TEST NOT OFFERED,,30,UNKNOWN,UNKNOWN,PEDALCYCLIST,DIVIDED - W/MEDIAN (NOT RAISED),STRAIGHT AND LEVEL,UNKNOWN,NO INJURY / DRIVE AWAY,WILSON AVE,41.9647999467,-87.6861302469,POINT (-87.686130246863 41.964799946654)
O1286491,BICYCLE,456db10276427099d2b8516ba11fd9fff9b5663b5f81592ec4bbbd87460d49e67a3a5b025b46113b93147b49f41a64d10f457e3053eb431d18cd0996cfbce93b,02/22/2022 03:24:00 PM,M,15.0,BICYCLE HELMET (PEDACYCLIST INVOLVED ONLY),OTHER ACTION,UNKNOWN/NA,TEST NOT OFFERED,,30,RAIN,DAYLIGHT,PEDALCYCLIST,NOT DIVIDED,STRAIGHT AND LEVEL,WET,NO INJURY / DRIVE AWAY,PULASKI RD,41.9884872855,-87.7287277737,POINT (-87.728727773664 41.988487285515)
O1286076,BICYCLE,b03c899142d100bde716a0347d6edbbf6e4a866c8ee313fc98ef0eab2b10edb38b0a7ef8029338b06239493c52e8eebf42f6e60b24558f0f9107858ad79eadb0,02/21/2022 06:38:00 PM,M,15.0,HELMET NOT USED,OTHER ACTION,IN ROADWAY,TEST NOT OFFERED,,30,CLEAR,"DARKNESS, LIGHTED ROAD",PEDALCYCLIST,NOT DIVIDED,STRAIGHT AND LEVEL,DRY,INJURY AND / OR TOW DUE TO CRASH,WASHTENAW AVE,41.8246130907,-87.6923550534,POINT (-87.69235505336 41.82461309074)
O1290024,BICYCLE,ccfdbf1298f777c36d253c5692b6144872c1113563fe42e3b1c08a407744707cd592cf44780c58f47d2119551b71298be6e8ab5ac59ad1101afd94d815d9cebc,02/21/2022 11:00:00 AM,M,,BICYCLE HELMET (PEDACYCLIST INVOLVED ONLY),UNKNOWN/NA,BIKE LANE,TEST NOT OFFERED,,30,CLEAR,DAYLIGHT,PEDALCYCLIST,NOT DIVIDED,STRAIGHT AND LEVEL,UNKNOWN,INJURY AND / OR TOW DUE TO CRASH,LINCOLN AVE,41.9521524776,-87.677525011,POINT (-87.67752501098 41.952152477603)
O1285337,BICYCLE,b021874097f76586d32bb80bc3bfab08c80629445c84582bbe455a7673636bd17aef2ddc2e7d021e5165a5a5f2c442147dff1653aef56fe6ecd8deda83340d03,02/20/2022 01:10:00 PM,M,,BICYCLE HELMET (PEDACYCLIST INVOLVED ONLY),CROSSING - NO CONTROLS (NOT AT INTERSECTION),IN ROADWAY,TEST NOT OFFERED,,30,CLEAR,DAYLIGHT,PEDALCYCLIST,ONE-WAY,STRAIGHT AND LEVEL,WET,NO INJURY / DRIVE AWAY,BERTEAU AVE,41.9576684387,-87.7064799806,POINT (-87.706479980629 41.95766843868)
O1284367,BICYCLE,892b53f3a1c0c2c9f2aec628337f38ab000a1f21e92afadf0de2f3552f2f044a5ebe04b3ec0e62f4b3178bf3fe6410184e641ef2f9b45777cf7626f820dd029b,02/18/2022 07:26:00 PM,M,50.0,HELMET NOT USED,OTHER ACTION,BIKEWAY,TEST NOT OFFERED,,30,SEVERE CROSS WIND GATE,"DARKNESS, LIGHTED ROAD",PEDALCYCLIST,NOT DIVIDED,STRAIGHT AND LEVEL,WET,INJURY AND / OR TOW DUE TO CRASH,MAGNOLIA AVE,41.9690642907,-87.6611942702,POINT (-87.661194270166 41.969064290678)
O1283453,NON-MOTOR VEHICLE,a4d2d4dcb853e22e823c59076316b15f5ae087f9dc0d88c4ad4fe1e7c21181b8c57b52e05e96ed8b985c770a8a64ed761d514dd4f202316bcbd49938bd2a98a7,02/17/2022 05:44:00 PM,,,,,,,,30,SNOW,"DARKNESS, LIGHTED ROAD",FIXED OBJECT,DIVIDED - W/MEDIAN BARRIER,STRAIGHT AND LEVEL,SNOW OR SLUSH,NO INJURY / DRIVE AWAY,ASHLAND AVE,41.7980447577,-87.6648371405,POINT (-87.664837140522 41.798044757654)
O1283440,NON-MOTOR VEHICLE,1424e5aa2661800c87a918ff60a6de7826e7957a61929e3e6f70f31f772d39d1334969d48170f7dc9cb2b5278cff5a8e1ded33cf2f4333c14475da85aeabc26f,02/17/2022 05:05:00 PM,,,NONE PRESENT,,,,,30,BLOWING SNOW,DUSK,FIXED OBJECT,NOT DIVIDED,STRAIGHT ON GRADE,SNOW OR SLUSH,NO INJURY / DRIVE AWAY,59TH ST,41.7871860933,-87.6420449041,POINT (-87.642044904112 41.787186093331)
O1282906,BICYCLE,59d117c15ce85977368d31c5fd4989fb73f7d41c56a36e6f7902f07ba060265c1b526375223607b6ba573ff60c4c0caaad71b1d026d7ab8f88a7a05e5946c585,02/16/2022 07:24:00 PM,M,14.0,BICYCLE HELMET (PEDACYCLIST INVOLVED ONLY),CROSSING - NO CONTROLS (AT INTERSECTION),BIKEWAY,TEST NOT OFFERED,,30,OTHER,DARKNESS,PEDALCYCLIST,DIVIDED - W/MEDIAN (NOT RAISED),STRAIGHT AND LEVEL,WET,INJURY AND / OR TOW DUE TO CRASH,DIVERSEY AVE,41.9309662797,-87.7804523061,POINT (-87.780452306093 41.930966279697)
O1281995,NON-MOTOR VEHICLE,55df2aeba007b8d9387e024dca7024d80cf201aae7586a893d1b899e92d477b2b42ea8b62b7fec1e3841482fa687d0a5b56d0c6f52ac43888ed1c7a34c067c3c,02/15/2022 10:15:00 AM,,,,,,,,10,CLEAR,DAYLIGHT,FIXED OBJECT,ALLEY,STRAIGHT AND LEVEL,ICE,INJURY AND / OR TOW DUE TO CRASH,68TH PL,41.768808556,-87.7190216123,POINT (-87.71902161226 41.768808556042)
O1282001,NON-MOTOR VEHICLE,55df2aeba007b8d9387e024dca7024d80cf201aae7586a893d1b899e92d477b2b42ea8b62b7fec1e3841482fa687d0a5b56d0c6f52ac43888ed1c7a34c067c3c,02/15/2022 10:15:00 AM,,,,,,,,10,CLEAR,DAYLIGHT,FIXED OBJECT,ALLEY,STRAIGHT AND LEVEL,ICE,INJURY AND / OR TOW DUE TO CRASH,68TH PL,41.768808556,-87.7190216123,POINT (-87.71902161226 41.768808556042)
O1281598,BICYCLE,eb2306ee6272ba63c375e8488457bf497c7cc3c8b51cacc3a60a9d33ec19ae07db313947fe70b4901edb44f353ab522b171f152c8d264e43113ef9244469bbd1,02/14/2022 04:24:00 PM,M,29.0,BICYCLE HELMET (PEDACYCLIST INVOLVED ONLY),WITH TRAFFIC,IN ROADWAY,TEST NOT OFFERED,,25,CLEAR,DAYLIGHT,PEDALCYCLIST,DIVIDED - W/MEDIAN (NOT RAISED),STRAIGHT AND LEVEL,ICE,NO INJURY / DRIVE AWAY,AINSLIE ST,41.9704268594,-87.6816987309,POINT (-87.681698730876 41.9704268594)
O1280715,BICYCLE,c0912ef4c8d6a14856d4c47cd530f5b901f9769bab9b863443b5471762f145e01019734d7ea70c012f2a3dccbf9068595ece49de4ed3232a5f1eb6d0b5bac0ad,02/12/2022 03:00:00 PM,M,19.0,BICYCLE HELMET (PEDACYCLIST INVOLVED ONLY),WITH TRAFFIC,BIKEWAY,TEST NOT OFFERED,,30,CLEAR,DAYLIGHT,PEDALCYCLIST,DIVIDED - W/MEDIAN (NOT RAISED),STRAIGHT AND LEVEL,UNKNOWN,INJURY AND / OR TOW DUE TO CRASH,MILWAUKEE AVE,41.9098798194,-87.6769137979,POINT (-87.676913797931 41.909879819378)
O1280912,NON-MOTOR VEHICLE,c37216ec729a3cd13a0fa8c18df59f199ca1060e253d1d9b1fad2bccfc3725f0b18c7818c01c12a3117aee762068ccc59bc6273be52c9b4a2970dac3c775bcaa,02/12/2022 12:01:00 AM,M,25.0,NONE PRESENT,OTHER ACTION,IN ROADWAY,TEST NOT OFFERED,,30,CLEAR,"DARKNESS, LIGHTED ROAD",OTHER OBJECT,FOUR WAY,STRAIGHT AND LEVEL,UNKNOWN,NO INJURY / DRIVE AWAY,LARAMIE AVE,41.9260123927,-87.7560691189,POINT (-87.756069118932 41.926012392718)
O1280602,BICYCLE,6f4c0463e7ebf011dd7a83283f21657af739e4cb4817f4e53e0b6994ab87292d9225c51cc01c045b9abca9b557e78898c24b22e836890b89ab0390cb2449519e,02/11/2022 05:00:00 PM,M,22.0,HELMET NOT USED,WITH TRAFFIC,IN ROADWAY,TEST NOT OFFERED,Y,30,CLOUDY/OVERCAST,DUSK,PEDALCYCLIST,NOT DIVIDED,STRAIGHT AND LEVEL,UNKNOWN,INJURY AND / OR TOW DUE TO CRASH,47TH ST,41.8082721637,-87.7016090536,POINT (-87.701609053589 41.808272163666)
O1279932,BICYCLE,5ee4a225c05a04386642dd8e7e41b0cb6bf0a71144afa290d1ae00e0fb458b41b7c5fad7991cc821458e6c546420ef22fd3211941a197b4ec5a5d345242cb08f,02/11/2022 02:20:00 PM,M,33.0,BICYCLE HELMET (PEDACYCLIST INVOLVED ONLY),WITH TRAFFIC,IN ROADWAY,TEST NOT OFFERED,,30,CLEAR,DAYLIGHT,PEDALCYCLIST,NOT DIVIDED,STRAIGHT ON GRADE,DRY,INJURY AND / OR TOW DUE TO CRASH,WABASH AVE,41.8916444421,-87.6268635406,POINT (-87.626863540571 41.891644442098)
O1279934,BICYCLE,9b31189e1686d75fd70d9327d489c116fe1eb67cbe791fc98bc3bda8490342d0ca61321b49818595659c5bfbcf381226e89ce75b7307287d95840a3aae8aa276,02/11/2022 02:16:00 PM,M,34.0,BICYCLE HELMET (PEDACYCLIST INVOLVED ONLY),WITH TRAFFIC,BIKE LANE,TEST NOT OFFERED,,25,CLEAR,DAYLIGHT,PEDALCYCLIST,FOUR WAY,STRAIGHT AND LEVEL,DRY,INJURY AND / OR TOW DUE TO CRASH,GLENWOOD AVE,41.9963841455,-87.6651913625,POINT (-87.665191362545 41.996384145519)
O1279870,BICYCLE,c0f8e03dc320becd925a2f0fbf173836288aefb6ea76da04c5c9413ca06dc8b24f096dd6719560a915793b6f45410528d2c1a7c00d2903ca28e30a90cdcf9e38,02/11/2022 01:30:00 PM,M,,BICYCLE HELMET (PEDACYCLIST INVOLVED ONLY),WITH TRAFFIC,IN ROADWAY,TEST NOT OFFERED,,30,CLEAR,DAYLIGHT,PEDALCYCLIST,NOT DIVIDED,STRAIGHT AND LEVEL,DRY,NO INJURY / DRIVE AWAY,STATE ST,41.8715072101,-87.6276638712,POINT (-87.627663871173 41.871507210056)
O1279525,BICYCLE,d0ca78f73c229f4b02ff725776c368c0a88cd194dd11741e9cc0bc61842450573d03b16f852770dd5f9fb5fec8f328176a344f39af4d2367a00d3ef91ac737f2,02/11/2022 05:39:00 AM,M,29.0,BICYCLE HELMET (PEDACYCLIST INVOLVED ONLY),TURNING LEFT,IN ROADWAY,TEST NOT OFFERED,,30,RAIN,"DARKNESS, LIGHTED ROAD",PEDALCYCLIST,FOUR WAY,STRAIGHT AND LEVEL,WET,NO INJURY / DRIVE AWAY,WARREN BLVD,41.8820774783,-87.6988936285,POINT (-87.698893628517 41.88207747828)
O1701927,NON-MOTOR VEHICLE,359eb2b5576aef724416f4aff1daefc6ab31791b71acfe15b6600e412a06f60413cace59e3febde5745a793ff00274bdda44d7aa40b3a1bbc2d80f4a4fe3d5bf,02/10/2022 02:27:00 PM,F,21.0,NONE PRESENT,AGAINST TRAFFIC,BIKE LANE,TEST NOT OFFERED,,30,CLEAR,DAYLIGHT,OTHER OBJECT,NOT DIVIDED,STRAIGHT AND LEVEL,DRY,INJURY AND / OR TOW DUE TO CRASH,TAYLOR ST,41.869499029,-87.6585465262,POINT (-87.658546526241 41.869499029016)
O1277941,BICYCLE,f4daf0b06eaf8e36e05f81df626ddeb34abaa300a46fa52e3f94c577ed86f41acb94680e3eddcc02949a8963fb86c5384b878b47073ee83e1626c80decb14db0,02/08/2022 12:38:00 PM,F,61.0,HELMET NOT USED,CROSSING - AGAINST SIGNAL,IN CROSSWALK,TEST NOT OFFERED,,30,CLEAR,DAYLIGHT,PEDALCYCLIST,FOUR WAY,STRAIGHT AND LEVEL,DRY,INJURY AND / OR TOW DUE TO CRASH,STATE ST,41.8577448535,-87.6273413783,POINT (-87.627341378293 41.857744853451)
O1277953,BICYCLE,2e88da1b442cfb0a3046702ec77b9e009eb1afb7e650196d4e763ab97a6668a46573afbd299e863056e2aa0ee6b1bfd149b46c383ba00be1f6bcc2511a314f0d,02/08/2022 10:30:00 AM,M,76.0,HELMET NOT USED,CROSSING - WITH SIGNAL,IN ROADWAY,TEST NOT OFFERED,,30,CLEAR,DAYLIGHT,PEDALCYCLIST,NOT DIVIDED,STRAIGHT AND LEVEL,DRY,INJURY AND / OR TOW DUE TO CRASH,AUSTIN AVE,41.9384911242,-87.7763631519,POINT (-87.776363151942 41.938491124151)
O1277423,BICYCLE,ad9f2faa0a76b35e44ccd3ad91e83fcaab6fdfb123967dbf6d7562c3f6c6f59a501cf1cee31b1bdf5b01d769f676bcaa631d828d603660b58c2e8b3c4ede7cdc,02/07/2022 03:48:00 PM,M,21.0,BICYCLE HELMET (PEDACYCLIST INVOLVED ONLY),WITH TRAFFIC,BIKE LANE,TEST NOT OFFERED,,30,CLEAR,DAYLIGHT,PEDALCYCLIST,ONE-WAY,STRAIGHT AND LEVEL,SNOW OR SLUSH,INJURY AND / OR TOW DUE TO CRASH,MADISON ST,41.8819943382,-87.6397586849,POINT (-87.639758684881 41.881994338205)
O1275630,BICYCLE,094600421378cc25fdc173b74f8f62072458b30bda5b90ab3bcc200669d89e86ce5661442dbed50563afb23a6056f377cbe43e069a40e1c3fc93c6682112587c,02/04/2022 05:10:00 PM,M,,HELMET NOT USED,AGAINST TRAFFIC,IN ROADWAY,TEST NOT OFFERED,,30,SNOW,DAYLIGHT,PEDALCYCLIST,DIVIDED - W/MEDIAN (NOT RAISED),STRAIGHT AND LEVEL,SNOW OR SLUSH,INJURY AND / OR TOW DUE TO CRASH,CLYBOURN AVE,41.9322970111,-87.6783610875,POINT (-87.678361087495 41.932297011088)
O1275812,BICYCLE,1e02470d2f1ce54f8c551a7644af4809813e31cbed2f3e841a110357eb3c989138f446e020cd892ce1ad5d330fcf90a8f05cdc3c88fdfb6818968326f9e879ef,02/04/2022 01:55:00 PM,M,55.0,HELMET NOT USED,CROSSING - NO CONTROLS (AT INTERSECTION),IN CROSSWALK,TEST NOT OFFERED,,30,CLEAR,DAYLIGHT,PEDALCYCLIST,NOT DIVIDED,STRAIGHT AND LEVEL,SNOW OR SLUSH,INJURY AND / OR TOW DUE TO CRASH,MAYPOLE AVE,41.8847864445,-87.7259303768,POINT (-87.72593037678 41.884786444484)
O1274567,NON-MOTOR VEHICLE,93e04652decb5ff5199e77b2d7cfb5177320ae35da4f3fa94fbf691b02d462ef3094d06803a6363a09dad8a6fb6d8d2a4fb09e87ddac485aad32acbb1ca8dd82,02/02/2022 03:30:00 PM,,,NONE PRESENT,,,TEST NOT OFFERED,,30,SNOW,DAYLIGHT,FIXED OBJECT,NOT DIVIDED,STRAIGHT AND LEVEL,SNOW OR SLUSH,INJURY AND / OR TOW DUE TO CRASH,ADDISON ST,41.9450485396,-87.8165655806,POINT (-87.816565580582 41.94504853955)