PERSON_ID,PERSON_TYPE,CRASH_RECORD_ID,CRASH_DATE_x,SEX,AGE,SAFETY_EQUIPMENT,PEDPEDAL_ACTION,PEDPEDAL_LOCATION,BAC_RESULT,CRASH_DATE_EST_I,POSTED_SPEED_LIMIT,WEATHER_CONDITION,LIGHTING_CONDITION,FIRST_CRASH_TYPE,TRAFFICWAY_TYPE,ALIGNMENT,ROADWAY_SURFACE_COND,CRASH_TYPE,STREET_NAME,LATITUDE,LONGITUDE,LOCATION
O1274291,NON-MOTOR VEHICLE,8614d581aee6cd5bc9fc4c777ad32650e31956b2cca9eef1218361acbee765cd3b46b8bf29bd7bcc91e5e631a93e38b89368a1b9e55e7941206fc4bd4deb5ef5,02/02/2022 01:20:00 PM,F,,,,,TEST NOT OFFERED,,30,SNOW,DAYLIGHT,FIXED OBJECT,NOT DIVIDED,STRAIGHT AND LEVEL,SNOW OR SLUSH,INJURY AND / OR TOW DUE TO CRASH,NORTH AVE,41.9092144478,-87.7698293719,POINT (-87.769829371918 41.909214447847)
O1274176,NON-MOTOR VEHICLE,d941607efcfe33d8ea936fd42fad2dc3a59ac58cf7e150cdc498506cc01ac31f7c45186cf0dfe8c0f5fc6d50401a96cd3854c925f59a06ef45491394667719b4,02/02/2022 10:02:00 AM,M,43.0,NONE PRESENT,NO ACTION,IN ROADWAY,TEST NOT OFFERED,,30,SNOW,DAYLIGHT,OTHER OBJECT,DIVIDED - W/MEDIAN (NOT RAISED),STRAIGHT AND LEVEL,SNOW OR SLUSH,NO INJURY / DRIVE AWAY,MICHIGAN AVE,41.8881401524,-87.6246957901,POINT (-87.624695790101 41.888140152412)
O1274038,NON-MOTOR VEHICLE,a7e838e24281e00ad11e9c3d6783e03ea7adabdee5b024d33f8a51106a3ef7aaa055390194e3539ef8d2316d6fccd546b51c789c69b6ba0058b09a471bec371a,02/02/2022 06:38:00 AM,,,NONE PRESENT,,,,,30,SNOW,DUSK,FIXED OBJECT,NOT DIVIDED,STRAIGHT AND LEVEL,SNOW OR SLUSH,INJURY AND / OR TOW DUE TO CRASH,MARQUETTE RD,41.7716287203,-87.7130980781,POINT (-87.713098078074 41.771628720264)
O1273860,BICYCLE,152244930e4b43b183cb4dcdca09cbc49b02bae2367f6c408ca7148e17dbbdad0f01a5fa0a5f25f94dc50354c043da45cc7d98bac38589e03dcbbe4dfaa6ed17,02/01/2022 05:16:00 PM,M,31.0,BICYCLE HELMET (PEDACYCLIST INVOLVED ONLY),OTHER ACTION,IN ROADWAY,TEST NOT OFFERED,,30,CLEAR,"DARKNESS, LIGHTED ROAD",PEDALCYCLIST,NOT DIVIDED,STRAIGHT AND LEVEL,WET,INJURY AND / OR TOW DUE TO CRASH,FOSTER AVE,41.9762272371,-87.6734380996,POINT (-87.673438099607 41.976227237114)
O1273538,BICYCLE,521a61efd19b1a760ad13fd2765bd8163811ec09cec97cd00483dc6727540bb3219e947b938daacdf4fb4cd0165ca3df8f4a76d260145af20160d83a490f13fb,02/01/2022 10:51:00 AM,F,32.0,HELMET NOT USED,WITH TRAFFIC,BIKE LANE,TEST NOT OFFERED,,30,CLEAR,DAYLIGHT,PEDALCYCLIST,ONE-WAY,STRAIGHT AND LEVEL,WET,NO INJURY / DRIVE AWAY,WELLS ST,41.8916244634,-87.6342167502,POINT (-87.634216750182 41.891624463429)
O1273078,BICYCLE,7d4ce77b4a3e0e47f37444da664a42d5f3d70e5f3d7cc5a72b6396fead9853436e8e5513ab7fea9f5eb14a80b02d9a1fb22412aa68537092208ff2344f689687,01/31/2022 03:38:00 PM,M,,HELMET NOT USED,CROSSING - NO CONTROLS (NOT AT INTERSECTION),IN ROADWAY,TEST NOT OFFERED,,30,CLEAR,DAYLIGHT,PEDALCYCLIST,DIVIDED - W/MEDIAN (NOT RAISED),STRAIGHT AND LEVEL,WET,NO INJURY / DRIVE AWAY,KIMBALL AVE,41.9543352579,-87.7127793583,POINT (-87.7127793583 41.954335257906)
O1273071,BICYCLE,0a2d9b8d5208fce2335f13d268c761c5d20b537257d84b89dcd0492d9d60b87ce9903abe624af5ecbd1e57aee357d350f4044599405ba756a06ef9285e0acf75,01/31/2022 03:29:00 PM,M,35.0,BICYCLE HELMET (PEDACYCLIST INVOLVED ONLY),WITH TRAFFIC,IN ROADWAY,TEST NOT OFFERED,,30,CLEAR,DAYLIGHT,PEDALCYCLIST,NOT DIVIDED,STRAIGHT AND LEVEL,DRY,INJURY AND / OR TOW DUE TO CRASH,WINCHESTER AVE,41.8959530278,-87.6759794935,POINT (-87.675979493454 41.895953027849)
O1272984,BICYCLE,84018a2d8f8b4e905f22f739a5205900686cb319287c0a65a91b306c97c7e401e47843aa586521275acbd53f9e3978219059935307dab61a5f82348aa893a0f6,01/31/2022 11:47:00 AM,M,62.0,HELMET NOT USED,OTHER ACTION,IN CROSSWALK,TEST NOT OFFERED,,30,CLEAR,DAYLIGHT,PEDALCYCLIST,ONE-WAY,STRAIGHT AND LEVEL,DRY,INJURY AND / OR TOW DUE TO CRASH,NARRAGANSETT AVE,41.9516736487,-87.7866505805,POINT (-87.786650580477 41.951673648707)
O1272875,BICYCLE,0674f763849af0f4643b7c49bc4a56f852e034421fabb2ad9031503eb8dba73370b0f71fe5affafbb25543a75180337857f6f9d87f6325ba7a4ff49c07d1e9db,01/31/2022 07:45:00 AM,F,51.0,BICYCLE HELMET (PEDACYCLIST INVOLVED ONLY),WITH TRAFFIC,IN ROADWAY,TEST NOT OFFERED,,30,CLEAR,DAYLIGHT,PEDALCYCLIST,NOT DIVIDED,STRAIGHT ON GRADE,WET,INJURY AND / OR TOW DUE TO CRASH,MONTROSE AVE,41.9613472993,-87.6790380679,POINT (-87.679038067864 41.961347299293)
O1272114,NON-MOTOR VEHICLE,b07b5129a98ebf0efd5bacc801b8575b190a3f9da4bcd19e85dda185b7b107b0d21ff5579825c08119a803f04b3d6a0911bc013be334d56dcb36990ba1dcdb92,01/29/2022 09:45:00 PM,,,NONE PRESENT,NO ACTION,UNKNOWN/NA,TEST NOT OFFERED,,35,OTHER,"DARKNESS, LIGHTED ROAD",OTHER OBJECT,NOT DIVIDED,STRAIGHT AND LEVEL,DRY,INJURY AND / OR TOW DUE TO CRASH,BRAINARD AVE,41.6534866468,-87.5526679628,POINT (-87.55266796284 41.653486646849)
O1271648,NON-MOTOR VEHICLE,389156bc106f7be0b3643e8d9601ea6f68485b753bb43dc2f0e2b5c2ce6d6c7e4cc67d24ba3bc22b220036bb291b6ab3c0367967e05d9736bb153070228c2fa9,01/29/2022 04:16:00 AM,,,,,,,Y,30,SNOW,"DARKNESS, LIGHTED ROAD",FIXED OBJECT,PARKING LOT,STRAIGHT AND LEVEL,SNOW OR SLUSH,INJURY AND / OR TOW DUE TO CRASH,DR MARTIN LUTHER KING JR DR,41.8316399037,-87.6168273569,POINT (-87.616827356867 41.831639903733)
O1271483,BICYCLE,3d682430c9ec712153d19a0d0e132827856fe86673458ee4f94fff67bd6635926f240fa47247d35fb5ba149b3defb448ca27ee5d6458698355fe8f9f0bdb7a7b,01/27/2022 11:30:00 PM,M,21.0,HELMET NOT USED,UNKNOWN/NA,IN ROADWAY,TEST NOT OFFERED,,30,CLEAR,DARKNESS,PEDALCYCLIST,FOUR WAY,STRAIGHT AND LEVEL,DRY,INJURY AND / OR TOW DUE TO CRASH,HALSTED ST,41.8672399733,-87.6470654964,POINT (-87.647065496446 41.86723997334)
O1270857,BICYCLE,2b8bde69c02a6daee4119a8f8835c354950f8cf21fa1d11f68c9274aff4522e19aff6f07a9b82f96ecf46a2071b2630203c14c7d66a3d7204f5b323b0bd5954e,01/27/2022 11:07:00 PM,M,29.0,BICYCLE HELMET (PEDACYCLIST INVOLVED ONLY),CROSSING - AGAINST SIGNAL,UNKNOWN/NA,TEST NOT OFFERED,,30,SNOW,"DARKNESS, LIGHTED ROAD",PEDALCYCLIST,NOT DIVIDED,STRAIGHT AND LEVEL,WET,INJURY AND / OR TOW DUE TO CRASH,STATE ST,41.8832483797,-87.6280171803,POINT (-87.628017180253 41.883248379666)
O1270163,NON-MOTOR VEHICLE,63091fbf4c57970e9353ea775cf5daa469ca820beb43211e2080e99cd4f458c8bb068f99173856bcca3b3ea0ce8ae26b223e7e073b8920e0c027c5ae579136ba,01/26/2022 05:11:00 PM,,,NONE PRESENT,,,TEST NOT OFFERED,,35,SNOW,DARKNESS,OTHER OBJECT,NOT DIVIDED,STRAIGHT AND LEVEL,SNOW OR SLUSH,NO INJURY / DRIVE AWAY,SOUTH CHICAGO AVE,41.7252608051,-87.5489024314,POINT (-87.548902431426 41.725260805055)
O1269554,BICYCLE,00c30eb1bed356a7e0df06e163f9c619f619c5bdce56881ebef5b8aa710c4d25e9f42b9be6957dd4fc598ae0f9d4d0afc2b266e649912881e9e11719ae55723d,01/25/2022 11:10:00 PM,M,30.0,HELMET NOT USED,CROSSING - WITH SIGNAL,IN CROSSWALK,TEST NOT OFFERED,,30,CLEAR,"DARKNESS, LIGHTED ROAD",PEDALCYCLIST,NOT DIVIDED,STRAIGHT AND LEVEL,SNOW OR SLUSH,INJURY AND / OR TOW DUE TO CRASH,WESTERN AVE,41.9431901418,-87.6880079956,POINT (-87.688007995585 41.943190141817)
O1268870,NON-MOTOR VEHICLE,18e3a37701dacaef559f140025767a0a72ebb1723ffc4e3f3d3acd8750c4eecd23320597577b0c304ba03f31219db7cd6992240b58781faca5bd4c5be9f53a79,01/24/2022 07:39:00 PM,X,,NONE PRESENT,UNKNOWN/NA,UNKNOWN/NA,TEST NOT OFFERED,,30,CLEAR,"DARKNESS, LIGHTED ROAD",FIXED OBJECT,DIVIDED - W/MEDIAN BARRIER,STRAIGHT AND LEVEL,WET,INJURY AND / OR TOW DUE TO CRASH,ASHLAND AVE,41.8076111032,-87.6648001498,POINT (-87.664800149841 41.807611103218)
O1268930,NON-MOTOR VEHICLE,e87c9604b3403992569d9ee4b06198744ebfb2971045f7e40a748be63984351b911318c21b30cb350dc8cb544bb3a97c97fa3a2046a56cf97c98c4f668d4f56c,01/24/2022 11:04:00 AM,X,,NONE PRESENT,,,TEST NOT OFFERED,,25,SNOW,DAYLIGHT,OTHER OBJECT,NOT DIVIDED,STRAIGHT AND LEVEL,SNOW OR SLUSH,NO INJURY / DRIVE AWAY,EWING AVE,41.7127712418,-87.5354221874,POINT (-87.535422187416 41.712771241793)
O1268515,BICYCLE,a814ff73e1f5595f7c611b17f66de4ae7404406e1a81e636af49b92b081215812f6b10b1739dc60ba41b5b743ab847d0668a81eca8b0ea06730a75e14a9bfdde,01/24/2022 09:13:00 AM,M,56.0,HELMET NOT USED,WITH TRAFFIC,IN ROADWAY,TEST NOT OFFERED,,30,SNOW,DAYLIGHT,PEDALCYCLIST,ONE-WAY,STRAIGHT AND LEVEL,SNOW OR SLUSH,INJURY AND / OR TOW DUE TO CRASH,DEARBORN ST,41.8828062266,-87.6292814957,POINT (-87.629281495683 41.882806226618)
O1267987,BICYCLE,6741ab9be554c534706627db0fd9a3561b9de6eca1d8e68906e1c3964a518cc8a2ab44d40ced6f36e3282845f09e3d41948b7ca00c1c8d25d46b97cb0d1bfa0e,01/23/2022 11:59:00 AM,M,67.0,HELMET NOT USED,UNKNOWN/NA,IN ROADWAY,TEST NOT OFFERED,,30,SNOW,DAYLIGHT,PEDALCYCLIST,NOT DIVIDED,STRAIGHT AND LEVEL,SNOW OR SLUSH,INJURY AND / OR TOW DUE TO CRASH,41ST ST,41.8202803618,-87.6214279459,POINT (-87.62142794593 41.820280361758)
O1267742,BICYCLE,0f18fdc253d55284d52020b64d712655551ebc187cbf6cb438e1b6bf12f7ede6c292c6c194f41d81af26fa966a06f352dd111e4f4e80079e10ccf1dcdf89dbac,01/22/2022 05:25:00 PM,M,31.0,BICYCLE HELMET (PEDACYCLIST INVOLVED ONLY),WITH TRAFFIC,IN ROADWAY,TEST NOT OFFERED,,30,CLEAR,DAYLIGHT,PEDALCYCLIST,DIVIDED - W/MEDIAN (NOT RAISED),STRAIGHT AND LEVEL,DRY,INJURY AND / OR TOW DUE TO CRASH,CALIFORNIA AVE,41.9321207191,-87.6977653004,POINT (-87.697765300365 41.932120719106)
O1267283,BICYCLE,7fcc2825c3b8420dabde5a27cdb99dd44586797b2dc849c25c308975ef3ac5751a2824e47dfefd554365db5e44c0199080d0e8052d395cca635128ce5baf5219,01/22/2022 07:15:00 AM,M,54.0,HELMET NOT USED,WITH TRAFFIC,IN ROADWAY,TEST NOT OFFERED,,30,CLEAR,DAYLIGHT,SIDESWIPE SAME DIRECTION,NOT DIVIDED,STRAIGHT AND LEVEL,DRY,NO INJURY / DRIVE AWAY,SHEFFIELD AVE,41.9356540822,-87.6541083811,POINT (-87.654108381113 41.935654082194)
O1266875,BICYCLE,5fb8a6691b9cc9e7b7e233dbdd032448534b1d636b9b1a82b7431e44f5408e39cb61396677e7302c93d42b2aae0115a9ca47527eca72248cd1852a622ab4a7c1,01/21/2022 02:05:00 PM,F,67.0,BICYCLE HELMET (PEDACYCLIST INVOLVED ONLY),UNKNOWN/NA,IN ROADWAY,TEST NOT OFFERED,,35,CLEAR,DAYLIGHT,PEDALCYCLIST,FOUR WAY,STRAIGHT AND LEVEL,DRY,INJURY AND / OR TOW DUE TO CRASH,DIVISION ST,41.9032474415,-87.6666095744,POINT (-87.666609574432 41.903247441534)
O1265042,BICYCLE,12b958df68e9ec8fd2d6655e7c7d7d075769378d995047eddbe6b1da1bb00e14777e6bdf2cbe7909d914a2f57743a4a839cdf6e333f1886195af4c50e5aa8b6c,01/18/2022 12:15:00 PM,M,26.0,BICYCLE HELMET (PEDACYCLIST INVOLVED ONLY),CROSSING - AGAINST SIGNAL,IN ROADWAY,TEST NOT OFFERED,,30,CLEAR,DAYLIGHT,PEDALCYCLIST,DIVIDED - W/MEDIAN (NOT RAISED),STRAIGHT AND LEVEL,DRY,NO INJURY / DRIVE AWAY,CHICAGO AVE,41.8965056469,-87.6476545792,POINT (-87.647654579153 41.896505646882)
O1264591,BICYCLE,9dea0ca69294f50bc7087293ef293035c8ce31bc32a71b84ab7e0af7c86d623b04614aea264900773664575e3b3e3a3ea969b4c4e8c7961a7747889d6e72f85b,01/17/2022 03:42:00 PM,M,74.0,HELMET NOT USED,CROSSING - WITH SIGNAL,IN CROSSWALK,TEST NOT OFFERED,,30,CLEAR,DAYLIGHT,PEDALCYCLIST,FOUR WAY,STRAIGHT AND LEVEL,ICE,INJURY AND / OR TOW DUE TO CRASH,26TH ST,41.8453271736,-87.6382950587,POINT (-87.638295058727 41.845327173578)
O1263739,BICYCLE,92847bdf3e5bef8a528cba36e643d7bb4d49c767d66f451a3978239f04cb929a01edfa8b940689b67becefb7543f4ed61fe03f4451f2a1b799ffeb3d572f3b27,01/15/2022 08:59:00 PM,M,67.0,BICYCLE HELMET (PEDACYCLIST INVOLVED ONLY),TURNING LEFT,IN ROADWAY,TEST NOT OFFERED,,35,CLEAR,"DARKNESS, LIGHTED ROAD",PEDALCYCLIST,NOT DIVIDED,STRAIGHT AND LEVEL,DRY,INJURY AND / OR TOW DUE TO CRASH,STATE ST,41.8456433432,-87.6271086591,POINT (-87.627108659061 41.845643343189)
O1262983,BICYCLE,28667448f9725ff473c859ea972f48eeb4fb70652b381160e8b789116df92bbe0ea08ea09787fded73441d1bc492f10f8acee4fc3e0f9501390cd427d6a55a68,01/14/2022 06:50:00 PM,M,31.0,HELMET NOT USED,WITH TRAFFIC,IN ROADWAY,TEST NOT OFFERED,,30,FREEZING RAIN/DRIZZLE,"DARKNESS, LIGHTED ROAD",PEDALCYCLIST,FOUR WAY,STRAIGHT AND LEVEL,WET,INJURY AND / OR TOW DUE TO CRASH,ARCHER AVE,41.8484116031,-87.6440503181,POINT (-87.644050318075 41.848411603059)
O1262976,BICYCLE,ceead937e2bb914dd381aae3bbf3d38c1a9d6a83672122f3e30c13b8d91b41b7c05d692a8a8df2bcb7d5933c95ace6700a25d6fb7f99fe14afad0f088f601083,01/14/2022 06:30:00 PM,M,,HELMET NOT USED,CROSSING - AGAINST SIGNAL,IN ROADWAY,TEST NOT OFFERED,,35,SNOW,"DARKNESS, LIGHTED ROAD",PEDALCYCLIST,NOT DIVIDED,STRAIGHT AND LEVEL,WET,NO INJURY / DRIVE AWAY,CONGRESS PKWY,41.8758025993,-87.6257344123,POINT (-87.625734412266 41.875802599285)
O1262857,BICYCLE,f43864b2ce8693ee196809a2d096edacf868276c380b7df251133867dbddcc5a70f621aad2dcb6b19b3ae8d35628ade218a314ab43d0860b7c366d9d282b5d78,01/14/2022 02:39:00 PM,M,30.0,HELMET NOT USED,CROSSING - NO CONTROLS (AT INTERSECTION),IN ROADWAY,TEST NOT OFFERED,,35,CLEAR,DUSK,PEDALCYCLIST,T-INTERSECTION,STRAIGHT AND LEVEL,DRY,INJURY AND / OR TOW DUE TO CRASH,CERMAK RD,41.8527216297,-87.6481743403,POINT (-87.648174340327 41.852721629683)
O1262651,NON-MOTOR VEHICLE,4d2c0218e227deb1e3586edad1b3571ed5e48b1471fb1208a4a41bc0328e2686c816766d8152326f1b9c454edfa04a6639df9fefe87d82d2fa8e0d72589d6439,01/14/2022 10:45:00 AM,,,,,,TEST NOT OFFERED,,5,CLEAR,DAYLIGHT,FIXED OBJECT,PARKING LOT,STRAIGHT AND LEVEL,WET,INJURY AND / OR TOW DUE TO CRASH,MADISON ST,41.8806045073,-87.7455398422,POINT (-87.74553984217 41.880604507281)
O1262997,BICYCLE,c426b251dfb5eefc3e687b09d320a64bfd2021b28f8ecee368e8f341da4dae95c3884a32451b020545afbb7d943477ace5b2e550c34a333ec7b91ae820377085,01/14/2022 10:40:00 AM,M,30.0,BICYCLE HELMET (PEDACYCLIST INVOLVED ONLY),OTHER ACTION,UNKNOWN/NA,TEST NOT OFFERED,,35,RAIN,DAYLIGHT,PEDALCYCLIST,NOT DIVIDED,STRAIGHT AND LEVEL,WET,INJURY AND / OR TOW DUE TO CRASH,WABASH AVE,41.893255983,-87.6266124637,POINT (-87.62661246369 41.893255982975)
O1262182,BICYCLE,ac1de588a5a3f01f0a74bb9fb4d87dfe477ab79627c89c26fc30c0db1f3aa18f5d595b1857915bc8165a6c627cff7b3c6ee7fe4b46cc9426d1b3a08bd458f3c2,01/13/2022 10:35:00 AM,M,,BICYCLE HELMET (PEDACYCLIST INVOLVED ONLY),WITH TRAFFIC,IN ROADWAY,TEST NOT OFFERED,,30,CLEAR,DAYLIGHT,PEDALCYCLIST,NOT DIVIDED,STRAIGHT AND LEVEL,DRY,NO INJURY / DRIVE AWAY,WABASH AVE,41.893255983,-87.6266124637,POINT (-87.62661246369 41.893255982975)
O1262074,NON-MOTOR VEHICLE,615eda6b84330999f49181c24fe77ac929db581e8cc3641876815aa8e868d5074df39b55a032db2b02a2acf8d01fb851e2a9e4e72e4f006ef1ebef1c4c937bbb,01/13/2022 09:45:00 AM,,,,,,,,15,CLEAR,DAYLIGHT,FIXED OBJECT,ALLEY,STRAIGHT AND LEVEL,SNOW OR SLUSH,NO INJURY / DRIVE AWAY,PULASKI RD,41.8431873822,-87.7246670572,POINT (-87.72466705721 41.84318738219)
O1264516,BICYCLE,ec26df6e4b0c1a5ea9a5d5b43d033d5be8246b725f5f2803082568b191857b6372e58fc2a4eefa44d3e22f87ae65f267d3f1fceee3f8367c36992b3d42013374,01/12/2022 08:30:00 PM,M,37.0,BICYCLE HELMET (PEDACYCLIST INVOLVED ONLY),NO ACTION,BIKE LANE,TEST NOT OFFERED,,25,CLEAR,"DARKNESS, LIGHTED ROAD",PEDALCYCLIST,NOT DIVIDED,STRAIGHT AND LEVEL,DRY,NO INJURY / DRIVE AWAY,MORGAN ST,41.7937956466,-87.6501544658,POINT (-87.650154465819 41.793795646576)
O1261453,BICYCLE,0d72483d5ff52ce2df5fab5431cc9e54661260c2fcf9754c8253881c5e92cf4ec356444dd01dd8d29d7bc187970f9d9ff0ba87e47c4c6a5bb38bdc55581f6664,01/12/2022 07:30:00 AM,M,17.0,HELMET NOT USED,TURNING LEFT,IN ROADWAY,TEST NOT OFFERED,,35,CLEAR,DAYLIGHT,PEDALCYCLIST,NOT DIVIDED,STRAIGHT AND LEVEL,DRY,INJURY AND / OR TOW DUE TO CRASH,GRAND AVE,41.9175937525,-87.7588774553,POINT (-87.758877455337 41.917593752451)
O1261112,BICYCLE,3e16f7862e03647bab3654f999bec8bc86733364f51894eebebca140b8d75ce736b947f2eb5759a89c396cf8427af482a1935eaa3924b95a90a5b84da38a8ad8,01/11/2022 01:20:00 PM,M,55.0,HELMET NOT USED,WITH TRAFFIC,IN ROADWAY,TEST NOT OFFERED,,30,CLEAR,DAYLIGHT,PEDALCYCLIST,NOT DIVIDED,STRAIGHT AND LEVEL,SNOW OR SLUSH,INJURY AND / OR TOW DUE TO CRASH,WESTERN AVE,41.9960050155,-87.6896794263,POINT (-87.689679426296 41.996005015496)
O1260985,BICYCLE,858cdf00c2988e47e51fb8f5b05a60ea5bcfa332455593792a4687512017886eb6e1421941c0738bf52958bbfa41f030455280e5e2f747fbceb984c0b5c1dbd4,01/11/2022 09:22:00 AM,M,,BICYCLE HELMET (PEDACYCLIST INVOLVED ONLY),ENTER FROM DRIVE/ALLEY,IN ROADWAY,TEST NOT OFFERED,,30,CLEAR,DAYLIGHT,PEDALCYCLIST,PARKING LOT,STRAIGHT AND LEVEL,DRY,INJURY AND / OR TOW DUE TO CRASH,HALSTED ST,41.932685682,-87.6491577406,POINT (-87.649157740609 41.932685681957)
O1260044,NON-MOTOR VEHICLE,0203f279435360b1a0f5010f6cf8260ef9cb9442c4d01d3a142a5bcf5f807889bf8e7d1f427070f3f56a1031f50514dd0fce1c2c881eb41399cf28f2d8745ef0,01/09/2022 12:15:00 PM,X,,NONE PRESENT,UNKNOWN/NA,NOT IN ROADWAY,TEST NOT OFFERED,Y,5,CLEAR,DAYLIGHT,FIXED OBJECT,PARKING LOT,STRAIGHT AND LEVEL,ICE,NO INJURY / DRIVE AWAY,LAWRENCE AVE,41.9687157506,-87.6897554849,POINT (-87.689755484936 41.968715750591)
O1260032,BICYCLE,a4d21af5e5c81b5be9f76eec982ef8adae2c42a8a06ad204399e2a5488533a105d5838ebb522edb5abcc181412d72b6250a4df2efaa5ed32ff62dae74296087f,01/09/2022 11:49:00 AM,M,23.0,BICYCLE HELMET (PEDACYCLIST INVOLVED ONLY),WITH TRAFFIC,IN ROADWAY,TEST NOT OFFERED,,30,CLEAR,DAYLIGHT,PEDALCYCLIST,NOT DIVIDED,STRAIGHT AND LEVEL,WET,INJURY AND / OR TOW DUE TO CRASH,BUENA AVE,41.958604911,-87.6490996908,POINT (-87.649099690775 41.958604911036)
O1260317,NON-MOTOR VEHICLE,99d58e0942c8ae32b8f540dab9cc3359e648e152a342c0eab43276f745734e59ff79f1e4a87e9c3ef3086fb24511c04a7babe612d3dcd3a3c822c9bb0402f466,01/09/2022 12:59:00 AM,,,,,,,,15,FREEZING RAIN/DRIZZLE,"DARKNESS, LIGHTED ROAD",FIXED OBJECT,PARKING LOT,STRAIGHT AND LEVEL,ICE,NO INJURY / DRIVE AWAY,KILPATRICK AVE,41.7929561077,-87.7404617428,POINT (-87.740461742821 41.792956107689)
O1259755,NON-MOTOR VEHICLE,6ed5816b5384bf472548fe16e123a1b80eff4e22d9cc0637670732db9e6c1dcda915be9eec281496510c68a987bb76bdddf8528307c908f3af17679dcfe2a24e,01/08/2022 09:03:00 PM,,,,,,TEST NOT OFFERED,,35,RAIN,"DARKNESS, LIGHTED ROAD",FIXED OBJECT,DIVIDED - W/MEDIAN BARRIER,"CURVE, LEVEL",WET,INJURY AND / OR TOW DUE TO CRASH,LAKE SHORE DR SB,41.9009589191,-87.6199281737,POINT (-87.619928173678 41.900958919109)
O1259928,BICYCLE,964b01f6a5472b193f9ba58a320e4f7a76501d8ed339aa25f0f86e9cf8655b0935bf095fea5b3cf1d617edba0da3a62ddb4b901c1f1c8c3976d0d8fab4833d51,01/08/2022 12:12:00 PM,M,37.0,BICYCLE HELMET (PEDACYCLIST INVOLVED ONLY),UNKNOWN/NA,IN ROADWAY,TEST NOT OFFERED,,30,UNKNOWN,UNKNOWN,PEDALCYCLIST,NOT DIVIDED,STRAIGHT AND LEVEL,ICE,NO INJURY / DRIVE AWAY,AUGUSTA BLVD,41.8993927148,-87.6967285945,POINT (-87.696728594523 41.899392714805)
O1259005,NON-MOTOR VEHICLE,60538b964cef735176d274e309c5aa4caad8a8c220b05b58914c9e798dd6ea3d89cc5bf69b7f5693543f6fb82785ae37a230d4d0476fb74e5b79252fa79e44d5,01/07/2022 02:41:00 PM,,,NONE PRESENT,,,,,30,CLEAR,DAYLIGHT,FIXED OBJECT,NOT DIVIDED,STRAIGHT AND LEVEL,DRY,NO INJURY / DRIVE AWAY,RACINE AVE,41.8068193307,-87.6553424579,POINT (-87.655342457875 41.806819330714)
O1258825,BICYCLE,b9bcb08fc822afd9bc315b015e1ee3379b2b4a9b6ef784c3002b446f0b50ba398f2040e4f6547bc40782648fe03340fbe7adc40dec876f3d8ea543873f263187,01/07/2022 08:10:00 AM,M,28.0,HELMET NOT USED,WITH TRAFFIC,BIKE LANE,TEST NOT OFFERED,,30,CLEAR,DAYLIGHT,PEDALCYCLIST,DIVIDED - W/MEDIAN (NOT RAISED),STRAIGHT AND LEVEL,DRY,INJURY AND / OR TOW DUE TO CRASH,DAMEN AVE,41.8926512164,-87.6771065876,POINT (-87.677106587578 41.892651216444)
O1258618,NON-MOTOR VEHICLE,5afe61b667b95e90e60949583e63de62a4e7935a3879e61283db5221ec23579f71000c3c2ccb7a755a5598dd4193d78844b8701515c8f062926c2ee8a851d51f,01/06/2022 01:00:00 AM,M,54.0,,,,,Y,15,CLEAR,DARKNESS,FIXED OBJECT,ALLEY,STRAIGHT AND LEVEL,ICE,NO INJURY / DRIVE AWAY,NELSON ST,41.9370451803,-87.6705701499,POINT (-87.67057014988 41.937045180321)
O1256689,NON-MOTOR VEHICLE,97ceead52b4941c16066be426ebdb832c8a9cd2d043fce1687df453edb69bf8875276e627db4142400be9c6aff6495c83886c24ee26626cb2cfdd45dcda34122,01/03/2022 08:50:00 AM,M,,,,,,,35,CLEAR,DAYLIGHT,HEAD ON,OTHER,STRAIGHT AND LEVEL,SNOW OR SLUSH,NO INJURY / DRIVE AWAY,GRAND AVE,41.9109810547,-87.7388824226,POINT (-87.738882422621 41.910981054662)
O1256926,BICYCLE,8585c16a4c6a0a604a861e3b1851e2910eceb11ee67c3a7fdfc7e0182b97fa27113d128d7329f632371de32b837c69e96867b2b23367c021c43faa0e16b4bd6c,01/02/2022 03:45:00 PM,M,,HELMET NOT USED,UNKNOWN/NA,IN ROADWAY,TEST NOT OFFERED,,20,CLEAR,DAYLIGHT,PEDALCYCLIST,FOUR WAY,STRAIGHT AND LEVEL,DRY,NO INJURY / DRIVE AWAY,THROOP ST,41.7139512492,-87.6553135642,POINT (-87.655313564169 41.713951249155)
O1256015,BICYCLE,643b568d916695a76cd7dd325d61c1443fc41de45ca4e915794a2bdda72521f3ffa9423bcef50fe046d63cbd11368ae9fc0afbe6850b8bd52c3baaea517a117f,01/01/2022 03:33:00 PM,M,48.0,BICYCLE HELMET (PEDACYCLIST INVOLVED ONLY),WITH TRAFFIC,IN ROADWAY,TEST NOT OFFERED,,30,SNOW,DAYLIGHT,PEDALCYCLIST,NOT DIVIDED,STRAIGHT AND LEVEL,SNOW OR SLUSH,INJURY AND / OR TOW DUE TO CRASH,BROADWAY,41.9463846516,-87.6465248633,POINT (-87.646524863347 41.946384651554)